# t_ns	Wlong_V/pC	Wx_dip_V/pCmm	Wy_dip_V/pCmm
0.000000000000e+00	2.110806900650e+02	2.109276724299e-02	2.023053780272e-02
1.334523285450e-04	2.191562517516e+02	2.382970476071e-02	2.285568691009e-02
2.669046570899e-04	2.258396997449e+02	2.677235301321e-02	2.567817460535e-02
4.003569856349e-04	2.313189753344e+02	2.991686795436e-02	2.869432271042e-02
5.338093141799e-04	2.353867780100e+02	3.325736807395e-02	3.189850010696e-02
6.672616427248e-04	2.378019460545e+02	3.678608633193e-02	3.528326850723e-02
8.007139712698e-04	2.385785874985e+02	4.049357217903e-02	3.883957624751e-02
9.341662998148e-04	2.372251504007e+02	4.436893412001e-02	4.255699094952e-02
1.067618628360e-03	2.342241047598e+02	4.840011168840e-02	4.642396037302e-02
1.201070956905e-03	2.292169839929e+02	5.257416482771e-02	5.042808994539e-02
1.334523285450e-03	2.221474538303e+02	5.687756853803e-02	5.455642532377e-02
1.467975613995e-03	2.131421126752e+02	6.129650121497e-02	5.879572889137e-02
1.601427942540e-03	2.024872581461e+02	6.581711629538e-02	6.313274022811e-02
1.734880271085e-03	1.902732827708e+02	7.042578850408e-02	6.755441220806e-02
1.868332599630e-03	1.765389191846e+02	7.510932801642e-02	7.204811631407e-02
2.001784928175e-03	1.618144470145e+02	7.985515804668e-02	7.660181286545e-02
2.135237256720e-03	1.459887096092e+02	8.465145358125e-02	8.120418397357e-02
2.268689585264e-03	1.297265494734e+02	8.948724105315e-02	8.584472903275e-02
2.402141913809e-03	1.131332281144e+02	9.435246058148e-02	9.051382430594e-02
2.535594242354e-03	9.646132499538e+01	9.923799389206e-02	9.520274959603e-02
2.669046570899e-03	8.034812787325e+01	1.041356621427e-01	9.990368605563e-02
2.802498899444e-03	6.485606668579e+01	1.090381985865e-01	1.046096898680e-01
2.935951227989e-03	5.015241100535e+01	1.139392013328e-01	1.093146468457e-01
3.069403556534e-03	3.674112489220e+01	1.188330714558e-01	1.140132129821e-01
3.202855885079e-03	2.472810034138e+01	1.237149414050e-01	1.187007457084e-01
3.336308213624e-03	1.406354734169e+01	1.285805981707e-01	1.233732301276e-01
3.469760542169e-03	5.093472386385e+00	1.334264050099e-01	1.280272038749e-01
3.603212870714e-03	-2.302607954941e+00	1.382492248242e-01	1.326596835690e-01
3.736665199259e-03	-8.206315837594e+00	1.430463475468e-01	1.372680951160e-01
3.870117527804e-03	-1.255739581711e+01	1.478154232015e-01	1.418502094581e-01
4.003569856349e-03	-1.570583776700e+01	1.525544016672e-01	1.464040847605e-01
4.137022184894e-03	-1.776203993864e+01	1.572614796469e-01	1.509280155116e-01
4.270474513439e-03	-1.887371748857e+01	1.619350549049e-01	1.554204885993e-01
4.403926841984e-03	-1.934278879952e+01	1.665736875087e-01	1.598801461088e-01
4.537379170529e-03	-1.942960741710e+01	1.711760675769e-01	1.643057543634e-01
4.670831499074e-03	-1.930635639785e+01	1.757409888915e-01	1.686961785924e-01
4.804283827619e-03	-1.917463251099e+01	1.802673276572e-01	1.730503625379e-01
4.937736156164e-03	-1.929169049704e+01	1.847540256733e-01	1.773673122948e-01
5.071188484709e-03	-1.970143981484e+01	1.892000772099e-01	1.816460837062e-01
5.204640813254e-03	-2.052849730415e+01	1.936045189320e-01	1.858857726822e-01
5.338093141799e-03	-2.178212264706e+01	1.979664222868e-01	1.900855078820e-01
5.471545470344e-03	-2.347133637554e+01	2.022848878450e-01	1.942444452716e-01
5.604997798889e-03	-2.561054417359e+01	2.065590411687e-01	1.983617641466e-01
5.738450127434e-03	-2.801167422709e+01	2.107880298525e-01	2.024366642786e-01
5.871902455979e-03	-3.058704179334e+01	2.149710214503e-01	2.064683639142e-01
6.005354784524e-03	-3.327608569157e+01	2.191072020627e-01	2.104560984062e-01
6.138807113069e-03	-3.590602148186e+01	2.231957754088e-01	2.143991193104e-01
6.272259441614e-03	-3.833225389009e+01	2.272359622476e-01	2.182966938178e-01
6.405711770159e-03	-4.050330998509e+01	2.312270000472e-01	2.221481044250e-01
6.539164098704e-03	-4.232854526637e+01	2.351681428289e-01	2.259526487720e-01
6.672616427248e-03	-4.374446880200e+01	2.390586611288e-01	2.297096395937e-01
6.806068755793e-03	-4.468092340655e+01	2.428978420406e-01	2.334184047493e-01
6.939521084338e-03	-4.520005003267e+01	2.466849893099e-01	2.370782873010e-01
7.072973412883e-03	-4.535338108898e+01	2.504194234620e-01	2.406886456251e-01
7.206425741428e-03	-4.507243662759e+01	2.541004819482e-01	2.442488535421e-01
7.339878069973e-03	-4.453050899808e+01	2.577275193039e-01	2.477583004567e-01
7.473330398518e-03	-4.377646637709e+01	2.612999073102e-01	2.512163915033e-01
7.606782727063e-03	-4.282401906961e+01	2.648170351563e-01	2.546225476904e-01
7.740235055608e-03	-4.179046738196e+01	2.682783095996e-01	2.579762060452e-01
7.873687384153e-03	-4.071385886428e+01	2.716831551214e-01	2.612768197530e-01
8.007139712698e-03	-3.962035494158e+01	2.750310140785e-01	2.645238582927e-01
8.140592041243e-03	-3.852086933002e+01	2.783213468475e-01	2.677168075671e-01
8.274044369788e-03	-3.746718895013e+01	2.815536319645e-01	2.708551700269e-01
8.407496698333e-03	-3.639328229285e+01	2.847273662565e-01	2.739384647894e-01
8.540949026878e-03	-3.532634972179e+01	2.878420649674e-01	2.769662277504e-01
8.674401355423e-03	-3.428660787751e+01	2.908972618765e-01	2.799380116899e-01
8.807853683968e-03	-3.318124451923e+01	2.938925094099e-01	2.828533863717e-01
8.941306012513e-03	-3.204178472974e+01	2.968273787448e-01	2.857119386363e-01
9.074758341058e-03	-3.088424474834e+01	2.997014599073e-01	2.885132724870e-01
9.208210669603e-03	-2.971295193621e+01	3.025143618621e-01	2.912570091701e-01
9.341662998148e-03	-2.851351581102e+01	3.052657125957e-01	2.939427872480e-01
9.475115326693e-03	-2.734680087988e+01	3.079551591923e-01	2.965702626660e-01
9.608567655238e-03	-2.624957230517e+01	3.105823679019e-01	2.991391088121e-01
9.742019983783e-03	-2.521702800678e+01	3.131470242019e-01	3.016490165710e-01
9.875472312328e-03	-2.431933668115e+01	3.156488328510e-01	3.040996943704e-01
1.000892464087e-02	-2.358254411210e+01	3.180875179356e-01	3.064908682213e-01
1.014237696942e-02	-2.299867699367e+01	3.204628229098e-01	3.088222817520e-01
1.027582929796e-02	-2.258447505072e+01	3.227745106269e-01	3.110936962346e-01
1.040928162651e-02	-2.239392780904e+01	3.250223633644e-01	3.133048906053e-01
1.054273395505e-02	-2.234869643048e+01	3.272061828416e-01	3.154556614785e-01
1.067618628360e-02	-2.246233750192e+01	3.293257902298e-01	3.175458231535e-01
1.080963861214e-02	-2.274348331045e+01	3.313810261549e-01	3.195752076151e-01
1.094309094069e-02	-2.307223319932e+01	3.333717506937e-01	3.215436645274e-01
1.107654326923e-02	-2.350594845019e+01	3.352978433613e-01	3.234510612214e-01
1.120999559778e-02	-2.400953457420e+01	3.371592030934e-01	3.252972826754e-01
1.134344792632e-02	-2.450088398106e+01	3.389557482190e-01	3.270822314894e-01
1.147690025487e-02	-2.500194146308e+01	3.406874164282e-01	3.288058278530e-01
1.161035258341e-02	-2.550105272448e+01	3.423541647310e-01	3.304680095066e-01
1.174380491196e-02	-2.595035671585e+01	3.439559694098e-01	3.320687316961e-01
1.187725724050e-02	-2.635738659968e+01	3.454928259650e-01	3.336079671214e-01
1.201070956905e-02	-2.673977188605e+01	3.469647490528e-01	3.350857058786e-01
1.214416189759e-02	-2.704192099367e+01	3.483717724163e-01	3.365019553957e-01
1.227761422614e-02	-2.728763943869e+01	3.497139488101e-01	3.378567403620e-01
1.241106655468e-02	-2.747075209389e+01	3.509913499169e-01	3.391501026515e-01
1.254451888323e-02	-2.757258241686e+01	3.522040662580e-01	3.403821012396e-01
1.267797121177e-02	-2.760726524496e+01	3.533522070966e-01	3.415528121144e-01
1.281142354032e-02	-2.753327755980e+01	3.544359003344e-01	3.426623281814e-01
1.294487586886e-02	-2.737314858694e+01	3.554552924014e-01	3.437107591621e-01
1.307832819741e-02	-2.711920543412e+01	3.564105481388e-01	3.446982314870e-01
1.321178052595e-02	-2.675019873402e+01	3.573018506757e-01	3.456248881825e-01
1.334523285450e-02	-2.629472686733e+01	3.581294012986e-01	3.464908887519e-01
1.347868518304e-02	-2.572835506016e+01	3.588934193152e-01	3.472964090506e-01
1.361213751159e-02	-2.506770400188e+01	3.595941419107e-01	3.480416411560e-01
1.374558984013e-02	-2.433044726108e+01	3.602318239987e-01	3.487267932309e-01
1.387904216868e-02	-2.350302139957e+01	3.608067380652e-01	3.493520893821e-01
1.401249449722e-02	-2.261409299452e+01	3.613191740064e-01	3.499177695135e-01
1.414594682577e-02	-2.167708477619e+01	3.617694389610e-01	3.504240891728e-01
1.427939915431e-02	-2.069534018465e+01	3.621578571351e-01	3.508713193945e-01
1.441285148286e-02	-1.966567814667e+01	3.624847696228e-01	3.512597465359e-01
1.454630381140e-02	-1.861280571006e+01	3.627505342191e-01	3.515896721091e-01
1.467975613995e-02	-1.756317047370e+01	3.629555252285e-01	3.518614126076e-01
1.481320846849e-02	-1.649896262997e+01	3.631001332669e-01	3.520752993276e-01
1.494666079704e-02	-1.543625355528e+01	3.631847650586e-01	3.522316781848e-01
1.508011312558e-02	-1.439268072604e+01	3.632098432266e-01	3.523309095261e-01
1.521356545413e-02	-1.335742125758e+01	3.631758060791e-01	3.523733679365e-01
1.534701778267e-02	-1.237308412493e+01	3.630831073887e-01	3.523594420419e-01
1.548047011122e-02	-1.143969313103e+01	3.629322161685e-01	3.522895343065e-01
1.561392243976e-02	-1.053126887089e+01	3.627236164410e-01	3.521640608267e-01
1.574737476831e-02	-9.726284918483e+00	3.624578070033e-01	3.519834511196e-01
1.588082709685e-02	-9.007832538099e+00	3.621353011869e-01	3.517481479084e-01
1.601427942540e-02	-8.343002612984e+00	3.617566266125e-01	3.514586069027e-01
1.614773175394e-02	-7.792813823236e+00	3.613223249405e-01	3.511152965754e-01
1.628118408249e-02	-7.362318660957e+00	3.608329516166e-01	3.507186979351e-01
1.641463641103e-02	-7.023268144725e+00	3.602890756129e-01	3.502693042955e-01
1.654808873958e-02	-6.786381676350e+00	3.596912791646e-01	3.497676210399e-01
1.668154106812e-02	-6.687295657809e+00	3.590401575027e-01	3.492141653834e-01
1.681499339667e-02	-6.688291192550e+00	3.583363185821e-01	3.486094661309e-01
1.694844572521e-02	-6.795853654479e+00	3.575803828060e-01	3.479540634312e-01
1.708189805376e-02	-7.022872374272e+00	3.567729827466e-01	3.472485085291e-01
1.721535038230e-02	-7.336954829573e+00	3.559147628612e-01	3.464933635137e-01
1.734880271085e-02	-7.765344414003e+00	3.550063792056e-01	3.456892010628e-01
1.748225503939e-02	-8.268947866175e+00	3.540484991433e-01	3.448366041865e-01
1.761570736794e-02	-8.838803840283e+00	3.530418010514e-01	3.439361659654e-01
1.774915969648e-02	-9.490254666552e+00	3.519869740236e-01	3.429884892884e-01
1.788261202503e-02	-1.018582078875e+01	3.508847175697e-01	3.419941865865e-01
1.801606435357e-02	-1.092490823307e+01	3.497357413118e-01	3.409538795648e-01
1.814951668212e-02	-1.167672046370e+01	3.485407646784e-01	3.398681989318e-01
1.828296901066e-02	-1.242654436147e+01	3.473005165949e-01	3.387377841269e-01
1.841642133921e-02	-1.318592295186e+01	3.460157351724e-01	3.375632830454e-01
1.854987366775e-02	-1.390993952184e+01	3.446871673926e-01	3.363453517620e-01
1.868332599630e-02	-1.459559814244e+01	3.433155687919e-01	3.350846542516e-01
1.881677832484e-02	-1.525676284222e+01	3.419017031423e-01	3.337818621100e-01
1.895023065339e-02	-1.584556163580e+01	3.404463421304e-01	3.324376542709e-01
1.908368298193e-02	-1.637157218771e+01	3.389502650346e-01	3.310527167232e-01
1.921713531048e-02	-1.684281488903e+01	3.374142584004e-01	3.296277422261e-01
1.935058763902e-02	-1.723333102992e+01	3.358391157141e-01	3.281634300231e-01
1.948403996757e-02	-1.756464102445e+01	3.342256370744e-01	3.266604855550e-01
1.961749229611e-02	-1.782135115111e+01	3.325746288637e-01	3.251196201717e-01
1.975094462466e-02	-1.800595550416e+01	3.308869034169e-01	3.235415508436e-01
1.988439695320e-02	-1.815170558200e+01	3.291632786901e-01	3.219269998720e-01
2.001784928175e-02	-1.824767136319e+01	3.274045779278e-01	3.202766945986e-01
2.015130161029e-02	-1.827853812680e+01	3.256116293287e-01	3.185913671150e-01
2.028475393884e-02	-1.827704253238e+01	3.237852657125e-01	3.168717539718e-01
2.041820626738e-02	-1.826843543202e+01	3.219263241840e-01	3.151185958871e-01
2.055165859593e-02	-1.821974696160e+01	3.200356457983e-01	3.133326374551e-01
2.068511092447e-02	-1.815873651516e+01	3.181140752251e-01	3.115146268552e-01
2.081856325302e-02	-1.810640820703e+01	3.161624604130e-01	3.096653155601e-01
2.095201558156e-02	-1.805188664700e+01	3.141816522533e-01	3.077854580451e-01
2.108546791011e-02	-1.801462284493e+01	3.121725042450e-01	3.058758114979e-01
2.121892023865e-02	-1.799018946922e+01	3.101358721589e-01	3.039371355278e-01
2.135237256720e-02	-1.799350512092e+01	3.080726137027e-01	3.019701918766e-01
2.148582489574e-02	-1.803448119091e+01	3.059835881864e-01	2.999757441300e-01
2.161927722429e-02	-1.810158162307e+01	3.038696561888e-01	2.979545574292e-01
2.175272955283e-02	-1.820584019615e+01	3.017316792241e-01	2.959073981844e-01
2.188618188138e-02	-1.835632036349e+01	2.995705194100e-01	2.938350337889e-01
2.201963420992e-02	-1.854184554534e+01	2.973870391365e-01	2.917382323342e-01
2.215308653846e-02	-1.877439654533e+01	2.951821007364e-01	2.896177623269e-01
2.228653886701e-02	-1.904813077354e+01	2.929565661567e-01	2.874743924065e-01
2.241999119555e-02	-1.935897246832e+01	2.907112966311e-01	2.853088910655e-01
2.255344352410e-02	-1.972593569919e+01	2.884471523556e-01	2.831220263703e-01
2.268689585264e-02	-2.011285281611e+01	2.861649921637e-01	2.809145656843e-01
2.282034818119e-02	-2.053072150844e+01	2.838656732054e-01	2.786872753930e-01
2.295380050973e-02	-2.098799075317e+01	2.815500506269e-01	2.764409206305e-01
2.308725283828e-02	-2.145644948389e+01	2.792189772532e-01	2.741762650088e-01
2.322070516682e-02	-2.194383593858e+01	2.768733032723e-01	2.718940703490e-01
2.335415749537e-02	-2.244126293451e+01	2.745138759222e-01	2.695950964142e-01
2.348760982391e-02	-2.293675826382e+01	2.721415391804e-01	2.672801006461e-01
2.362106215246e-02	-2.343492921913e+01	2.697571334556e-01	2.649498379025e-01
2.375451448100e-02	-2.392690280940e+01	2.673614952826e-01	2.626050601987e-01
2.388796680955e-02	-2.437993136061e+01	2.649554570197e-01	2.602465164513e-01
2.402141913809e-02	-2.482333704907e+01	2.625398465495e-01	2.578749522237e-01
2.415487146664e-02	-2.525099275628e+01	2.601154869820e-01	2.554911094763e-01
2.428832379518e-02	-2.562613860581e+01	2.576831963616e-01	2.530957263180e-01
2.442177612373e-02	-2.598171171651e+01	2.552437873775e-01	2.506895367617e-01
2.455522845227e-02	-2.630124750615e+01	2.527980670765e-01	2.482732704830e-01
2.468868078082e-02	-2.658160483150e+01	2.503468365807e-01	2.458476525812e-01
2.482213310936e-02	-2.682669397689e+01	2.478908908077e-01	2.434134033449e-01
2.495558543791e-02	-2.703534947481e+01	2.454310181953e-01	2.409712380197e-01
2.508903776645e-02	-2.721613413248e+01	2.429680004295e-01	2.385218665806e-01
2.522249009500e-02	-2.735950580966e+01	2.405026121766e-01	2.360659935072e-01
2.535594242354e-02	-2.747659257743e+01	2.380356208200e-01	2.336043175622e-01
2.548939475209e-02	-2.757479253080e+01	2.355677861997e-01	2.311375315751e-01
2.562284708063e-02	-2.766243984184e+01	2.330998603575e-01	2.286663222280e-01
2.575629940918e-02	-2.772465117676e+01	2.306325872857e-01	2.261913698459e-01
2.588975173772e-02	-2.778552884469e+01	2.281667026806e-01	2.237133481916e-01
2.602320406627e-02	-2.784192632512e+01	2.257029337002e-01	2.212329242635e-01
2.615665639481e-02	-2.788954037404e+01	2.232419987266e-01	2.187507580980e-01
2.629010872336e-02	-2.795909903328e+01	2.207846071335e-01	2.162675025760e-01
2.642356105190e-02	-2.802169393126e+01	2.183314590577e-01	2.137838032336e-01
2.655701338045e-02	-2.811018607304e+01	2.158832451761e-01	2.113002980771e-01
2.669046570899e-02	-2.821142202630e+01	2.134406464871e-01	2.088176174017e-01
2.682391803754e-02	-2.832257757555e+01	2.110043340979e-01	2.063363836156e-01
2.695737036608e-02	-2.846915877524e+01	2.085749690155e-01	2.038572110675e-01
2.709082269463e-02	-2.862989230811e+01	2.061532019442e-01	2.013807058791e-01
2.722427502317e-02	-2.882281323530e+01	2.037396730876e-01	1.989074657821e-01
2.735772735172e-02	-2.903507423744e+01	2.013350119555e-01	1.964380799595e-01
2.749117968026e-02	-2.927657956392e+01	1.989398371777e-01	1.939731288916e-01
2.762463200881e-02	-2.954619629730e+01	1.965547563212e-01	1.915131842066e-01
2.775808433735e-02	-2.984328223539e+01	1.941803657143e-01	1.890588085359e-01
2.789153666590e-02	-3.016160320863e+01	1.918172502758e-01	1.866105553744e-01
2.802498899444e-02	-3.050427012278e+01	1.894659833496e-01	1.841689689447e-01
2.815844132299e-02	-3.088086656240e+01	1.871271265452e-01	1.817345840670e-01
2.829189365153e-02	-3.127014080594e+01	1.848012295838e-01	1.793079260335e-01
2.842534598008e-02	-3.169167814406e+01	1.824888301498e-01	1.768895104869e-01
2.855879830862e-02	-3.212169261964e+01	1.801904537490e-01	1.744798433052e-01
2.869225063717e-02	-3.258149803802e+01	1.779066135713e-01	1.720794204901e-01
2.882570296571e-02	-3.305874879306e+01	1.756378103605e-01	1.696887280605e-01
2.895915529426e-02	-3.353137209307e+01	1.733845322890e-01	1.673082419519e-01
2.909260762280e-02	-3.403707528870e+01	1.711472548393e-01	1.649384279192e-01
2.922605995135e-02	-3.454402204857e+01	1.689264406906e-01	1.625797414457e-01
2.935951227989e-02	-3.504953104533e+01	1.667225396123e-01	1.602326276566e-01
2.949296460844e-02	-3.556088042148e+01	1.645359883624e-01	1.578975212371e-01
2.962641693698e-02	-3.606739859635e+01	1.623672105931e-01	1.555748463559e-01
2.975986926553e-02	-3.655315210781e+01	1.602166167616e-01	1.532650165939e-01
2.989332159407e-02	-3.704129245691e+01	1.580846040476e-01	1.509684348772e-01
3.002677392262e-02	-3.750593620502e+01	1.559715562760e-01	1.486854934154e-01
3.016022625116e-02	-3.792164902387e+01	1.538778438470e-01	1.464165736451e-01
3.029367857971e-02	-3.833105828857e+01	1.518038236709e-01	1.441620461782e-01
3.042713090825e-02	-3.868896563988e+01	1.497498391102e-01	1.419222707547e-01
3.056058323680e-02	-3.899702548666e+01	1.477162199271e-01	1.396975962013e-01
3.069403556534e-02	-3.926197659092e+01	1.457032822374e-01	1.374883603943e-01
3.082748789389e-02	-3.946920386233e+01	1.437113284704e-01	1.352948902278e-01
3.096094022243e-02	-3.961762681362e+01	1.417406473351e-01	1.331175015864e-01
3.109439255098e-02	-3.969739608365e+01	1.397915137925e-01	1.309564993232e-01
3.122784487952e-02	-3.971958516242e+01	1.378641890337e-01	1.288121772424e-01
3.136129720807e-02	-3.966545354749e+01	1.359589204643e-01	1.266848180869e-01
3.149474953661e-02	-3.953883209667e+01	1.340759416953e-01	1.245746935309e-01
3.162820186516e-02	-3.934620422076e+01	1.322154725392e-01	1.224820641768e-01
3.176165419370e-02	-3.908772270867e+01	1.303777190130e-01	1.204071795572e-01
3.189510652225e-02	-3.874595402153e+01	1.285628733466e-01	1.183502781418e-01
3.202855885079e-02	-3.834150994409e+01	1.267711139974e-01	1.163115873487e-01
3.216201117934e-02	-3.788257747136e+01	1.250026056713e-01	1.142913235604e-01
3.229546350788e-02	-3.733846762112e+01	1.232574993489e-01	1.122896921449e-01
3.242891583643e-02	-3.674923187125e+01	1.215359323181e-01	1.103068874807e-01
3.256236816497e-02	-3.609358683494e+01	1.198380282128e-01	1.083430929869e-01
3.269582049352e-02	-3.537807558407e+01	1.181638970566e-01	1.063984811576e-01
3.282927282206e-02	-3.462867898601e+01	1.165136353132e-01	1.044732136009e-01
3.296272515061e-02	-3.382058078179e+01	1.148873259422e-01	1.025674410822e-01
3.309617747915e-02	-3.296385540105e+01	1.132850384604e-01	1.006813035723e-01
3.322962980770e-02	-3.207419407536e+01	1.117068290094e-01	9.881493029883e-02
3.336308213624e-02	-3.115280241134e+01	1.101527404281e-01	9.696843980340e-02
3.349653446479e-02	-3.018187826394e+01	1.086228023314e-01	9.514194000184e-02
3.362998679333e-02	-2.919607663175e+01	1.071170311939e-01	9.333552824921e-02
3.376343912188e-02	-2.818722368218e+01	1.056354304397e-01	9.154929140876e-02
3.389689145042e-02	-2.714669558882e+01	1.041779905369e-01	8.978330592500e-02
3.403034377897e-02	-2.610151553633e+01	1.027446890981e-01	8.803763790082e-02
3.416379610751e-02	-2.503273015294e+01	1.013354909856e-01	8.631234317858e-02
3.429724843606e-02	-2.395852346886e+01	9.995034842278e-02	8.460746742502e-02
3.443070076460e-02	-2.288363583847e+01	9.858920110920e-02	8.292304622016e-02
3.456415309315e-02	-2.180191933070e+01	9.725197634231e-02	8.125910514984e-02
3.469760542169e-02	-2.072049009096e+01	9.593858914317e-02	7.961565990207e-02
3.483105775024e-02	-1.964780249206e+01	9.464894238762e-02	7.799271636698e-02
3.496451007878e-02	-1.858339564568e+01	9.338292694214e-02	7.639027074040e-02
3.509796240733e-02	-1.753255547413e+01	9.214042180462e-02	7.480830963092e-02
3.523141473587e-02	-1.648999547002e+01	9.092129424982e-02	7.324681017039e-02
3.536486706442e-02	-1.546167389160e+01	8.972539997949e-02	7.170574012784e-02
3.549831939296e-02	-1.446246973342e+01	8.855258327713e-02	7.018505802669e-02
3.563177172151e-02	-1.346501131346e+01	8.740267716712e-02	6.868471326516e-02
3.576522405005e-02	-1.249635548747e+01	8.627550357844e-02	6.720464623988e-02
3.589867637860e-02	-1.154898322977e+01	8.517087351250e-02	6.574478847258e-02
3.603212870714e-02	-1.061211127252e+01	8.408858721545e-02	6.430506273977e-02
3.616558103569e-02	-9.701362768440e+00	8.302843435441e-02	6.288538320538e-02
3.629903336423e-02	-8.807860989938e+00	8.199019419794e-02	6.148565555626e-02
3.643248569278e-02	-7.930686494928e+00	8.097363580036e-02	6.010577714042e-02
3.656593802132e-02	-7.070158927931e+00	7.997851819003e-02	5.874563710799e-02
3.669939034987e-02	-6.234254604141e+00	7.900459056134e-02	5.740511655488e-02
3.683284267841e-02	-5.402610068669e+00	7.805159247042e-02	5.608408866883e-02
3.696629500696e-02	-4.600125443588e+00	7.711925403445e-02	5.478241887807e-02
3.709974733550e-02	-3.811565899495e+00	7.620729613442e-02	5.349996500228e-02
3.723319966405e-02	-3.040124081479e+00	7.531543062132e-02	5.223657740584e-02
3.736665199259e-02	-2.301271896584e+00	7.444336052558e-02	5.099209915340e-02
3.750010432114e-02	-1.572422605566e+00	7.359078026972e-02	4.976636616742e-02
3.763355664968e-02	-8.831584313579e-01	7.275737588408e-02	4.855920738794e-02
3.776700897823e-02	-2.115174520382e-01	7.194282522551e-02	4.737044493419e-02
3.790046130677e-02	4.168122206530e-01	7.114679819897e-02	4.619989426813e-02
3.803391363532e-02	1.011120985014e+00	7.036895698183e-02	4.504736435981e-02
3.816736596386e-02	1.570494372540e+00	6.960895625092e-02	4.391265785442e-02
3.830081829241e-02	2.071482896483e+00	6.886644341204e-02	4.279557124099e-02
3.843427062095e-02	2.539470171349e+00	6.814105883201e-02	4.169589502261e-02
3.856772294950e-02	2.946826963817e+00	6.743243607293e-02	4.061341388816e-02
3.870117527804e-02	3.310165821358e+00	6.674020212880e-02	3.954790688541e-02
3.883462760659e-02	3.609477039894e+00	6.606397766415e-02	3.849914759533e-02
3.896807993513e-02	3.851383165961e+00	6.540337725472e-02	3.746690430777e-02
3.910153226368e-02	4.039297607687e+00	6.475800963000e-02	3.645094019808e-02
3.923498459222e-02	4.166745971983e+00	6.412747791759e-02	3.545101350494e-02
3.936843692077e-02	4.243465899601e+00	6.351137988919e-02	3.446687770902e-02
3.950188924931e-02	4.247009283075e+00	6.290930820813e-02	3.349828171259e-02
3.963534157786e-02	4.207195685428e+00	6.232085067840e-02	3.254497001985e-02
3.976879390640e-02	4.110569090451e+00	6.174559049490e-02	3.160668291803e-02
3.990224623495e-02	3.966308456195e+00	6.118310649502e-02	3.068315665906e-02
4.003569856349e-02	3.770808016358e+00	6.063297341122e-02	2.977412364176e-02
4.016915089204e-02	3.535213067474e+00	6.009476212464e-02	2.887931259460e-02
4.030260322058e-02	3.268675144581e+00	5.956803991956e-02	2.799844875863e-02
4.043605554913e-02	2.954858759069e+00	5.905237073860e-02	2.713125407088e-02
4.056950787767e-02	2.624015652390e+00	5.854731543859e-02	2.627744734788e-02
4.070296020622e-02	2.261480806410e+00	5.805243204694e-02	2.543674446929e-02
4.083641253476e-02	1.891177091041e+00	5.756727601841e-02	2.460885856160e-02
4.096986486331e-02	1.500748593194e+00	5.709140049219e-02	2.379350018180e-02
4.110331719185e-02	1.101395932122e+00	5.662435654916e-02	2.299037750093e-02
4.123676952040e-02	7.116823787076e-01	5.616569346919e-02	2.219919648736e-02
4.137022184894e-02	3.109450932168e-01	5.571495898845e-02	2.141966108991e-02
4.150367417749e-02	-7.648835393907e-02	5.527169955646e-02	2.065147342055e-02
4.163712650603e-02	-4.565108963827e-01	5.483546059301e-02	1.989433393663e-02
4.177057883458e-02	-8.190673915972e-01	5.440578674450e-02	1.914794162270e-02
4.190403116312e-02	-1.167220454033e+00	5.398222214001e-02	1.841199417163e-02
4.203748349167e-02	-1.493469526452e+00	5.356431064655e-02	1.768618816520e-02
4.217093582021e-02	-1.809464178183e+00	5.315159612372e-02	1.697021925382e-02
4.230438814876e-02	-2.098236282756e+00	5.274362267750e-02	1.626378233554e-02
4.243784047730e-02	-2.356142768256e+00	5.233993491306e-02	1.556657173415e-02
4.257129280585e-02	-2.612881251937e+00	5.194007818664e-02	1.487828137629e-02
4.270474513439e-02	-2.829347899001e+00	5.154359885609e-02	1.419860496762e-02
4.283819746294e-02	-3.035165144469e+00	5.115004453034e-02	1.352723616781e-02
4.297164979148e-02	-3.229077467241e+00	5.075896431734e-02	1.286386876442e-02
4.310510212003e-02	-3.401563977272e+00	5.036990907061e-02	1.220819684552e-02
4.323855444857e-02	-3.564327221225e+00	4.998243163419e-02	1.155991497108e-02
4.337200677712e-02	-3.715353394312e+00	4.959608708591e-02	1.091871834287e-02
4.350545910566e-02	-3.863058393040e+00	4.921043297883e-02	1.028430297308e-02
4.363891143421e-02	-3.998998840569e+00	4.882502958085e-02	9.656365851336e-03
4.377236376275e-02	-4.143099205361e+00	4.843944011231e-02	9.034605110235e-03
4.390581609130e-02	-4.282158158727e+00	4.805323098146e-02	8.418720189209e-03
4.403926841984e-02	-4.430913301893e+00	4.766597201781e-02	7.808411996757e-03
4.417272074839e-02	-4.589314821297e+00	4.727723670312e-02	7.203383070920e-03
4.430617307693e-02	-4.747127816128e+00	4.688660240010e-02	6.603337737968e-03
4.443962540547e-02	-4.925218484239e+00	4.649365057853e-02	6.007982269241e-03
4.457307773402e-02	-5.114812760166e+00	4.609796703890e-02	5.417025036080e-03
4.470653006256e-02	-5.318071045589e+00	4.569914213334e-02	4.830176662800e-03
4.483998239111e-02	-5.532454475001e+00	4.529677098379e-02	4.247150177651e-03
4.497343471965e-02	-5.768627297004e+00	4.489045369742e-02	3.667661161712e-03
4.510688704820e-02	-6.018645237520e+00	4.447979557895e-02	3.091427895673e-03
4.524033937674e-02	-6.285483211053e+00	4.406440734016e-02	2.518171504446e-03
4.537379170529e-02	-6.565077677133e+00	4.364390530613e-02	1.947616099571e-03
4.550724403383e-02	-6.856748757026e+00	4.321791161840e-02	1.379488919354e-03
4.564069636238e-02	-7.168080959850e+00	4.278605443484e-02	8.135204667043e-04
4.577414869092e-02	-7.477193315949e+00	4.234796812613e-02	2.494446446182e-04
4.590760101947e-02	-7.799795235770e+00	4.190329346891e-02	-3.130011107255e-04
4.604105334801e-02	-8.122473597424e+00	4.145167783536e-02	-8.740756993087e-04
4.617450567656e-02	-8.450862525159e+00	4.099277537920e-02	-1.434034229090e-03
4.630795800510e-02	-8.780431573093e+00	4.052624721813e-02	-1.993127890337e-03
4.644141033365e-02	-9.095387279152e+00	4.005176161244e-02	-2.551603832502e-03
4.657486266219e-02	-9.405735154127e+00	3.956899413991e-02	-3.109705043700e-03
4.670831499074e-02	-9.706838959849e+00	3.907762786682e-02	-3.667670232794e-03
4.684176731928e-02	-9.997583738531e+00	3.857735351506e-02	-4.225733714142e-03
4.697521964783e-02	-1.025514931560e+01	3.806786962523e-02	-4.784125295040e-03
4.710867197637e-02	-1.050285495537e+01	3.754888271572e-02	-5.343070165871e-03
4.724212430492e-02	-1.072929546902e+01	3.702010743763e-02	-5.902788793011e-03
4.737557663346e-02	-1.092805519707e+01	3.648126672560e-02	-6.463496814508e-03
4.750902896201e-02	-1.111161940524e+01	3.593209194436e-02	-7.025404938568e-03
4.764248129055e-02	-1.125725024138e+01	3.537232303099e-02	-7.588718844869e-03
4.777593361910e-02	-1.137995571557e+01	3.480170863291e-02	-8.153639088720e-03
4.790938594764e-02	-1.147658487534e+01	3.422000624142e-02	-8.720361008110e-03
4.804283827619e-02	-1.155245773146e+01	3.362698232085e-02	-9.289074633639e-03
4.817629060473e-02	-1.159723396606e+01	3.302241243323e-02	-9.859964601376e-03
4.830974293328e-02	-1.162620640137e+01	3.240608135842e-02	-1.043321006865e-02
4.844319526182e-02	-1.163222912961e+01	3.177778320967e-02	-1.100898463279e-02
4.857664759037e-02	-1.160570394519e+01	3.113732154460e-02	-1.158745625283e-02
4.871009991891e-02	-1.158239268836e+01	3.048450947152e-02	-1.216878717422e-02
4.884355224746e-02	-1.153693110613e+01	2.981916975107e-02	-1.275313385650e-02
4.897700457600e-02	-1.147831935403e+01	2.914113489311e-02	-1.334064690400e-02
4.911045690455e-02	-1.140870314282e+01	2.845024724893e-02	-1.393147099956e-02
4.924390923309e-02	-1.133366062881e+01	2.774635909864e-02	-1.452574484128e-02
4.937736156164e-02	-1.126124432997e+01	2.702933273372e-02	-1.512360108232e-02
4.951081389018e-02	-1.118391308240e+01	2.629904053481e-02	-1.572516627366e-02
4.964426621873e-02	-1.111733976649e+01	2.555536504459e-02	-1.633056081004e-02
4.977771854727e-02	-1.105301924465e+01	2.479819903575e-02	-1.693989887887e-02
4.991117087582e-02	-1.099815896934e+01	2.402744557419e-02	-1.755328841219e-02
5.004462320436e-02	-1.095448859909e+01	2.324301807712e-02	-1.817083104171e-02
5.017807553291e-02	-1.093431093973e+01	2.244484036638e-02	-1.879262205695e-02
5.031152786145e-02	-1.092860729197e+01	2.163284671674e-02	-1.941875036632e-02
5.044498019000e-02	-1.094272319803e+01	2.080698189923e-02	-2.004929846140e-02
5.057843251854e-02	-1.098686103626e+01	1.996720121954e-02	-2.068434238414e-02
5.071188484709e-02	-1.104504388495e+01	1.911347055146e-02	-2.132395169721e-02
5.084533717563e-02	-1.114379383936e+01	1.824576636525e-02	-2.196818945732e-02
5.097878950418e-02	-1.126314491956e+01	1.736407575113e-02	-2.261711219161e-02
5.111224183272e-02	-1.140375991179e+01	1.646839643772e-02	-2.327076987707e-02
5.124569416127e-02	-1.158166872909e+01	1.555873680553e-02	-2.392920592296e-02
5.137914648981e-02	-1.178582057597e+01	1.463511589544e-02	-2.459245715623e-02
5.151259881836e-02	-1.200923229261e+01	1.369756341224e-02	-2.526055381000e-02
5.164605114690e-02	-1.225610058178e+01	1.274611972315e-02	-2.593351951492e-02
5.177950347545e-02	-1.253485457662e+01	1.178083585148e-02	-2.661137129360e-02
5.191295580399e-02	-1.282405053485e+01	1.080177346520e-02	-2.729411955792e-02
5.204640813254e-02	-1.313416023683e+01	9.809004860705e-03	-2.798176810936e-02
5.217986046108e-02	-1.345388982279e+01	8.802612941594e-03	-2.867431414217e-02
5.231331278963e-02	-1.378286063457e+01	7.782691192569e-03	-2.937174824953e-02
5.244676511817e-02	-1.412216791459e+01	6.749343648451e-03	-3.007405443252e-02
5.258021744672e-02	-1.446235169854e+01	5.702684858332e-03	-3.078121011200e-02
5.271366977526e-02	-1.480731454721e+01	4.642839844898e-03	-3.149318614338e-02
5.284712210381e-02	-1.514243198248e+01	3.569944058933e-03	-3.220994683411e-02
5.298057443235e-02	-1.547929853324e+01	2.484143329049e-03	-3.293144996412e-02
5.311402676090e-02	-1.580108355567e+01	1.385593806656e-03	-3.365764680887e-02
5.324747908944e-02	-1.611602452273e+01	2.744619062094e-04	-3.438848216534e-02
5.338093141799e-02	-1.642032382227e+01	-8.490757592301e-04	-3.512389438060e-02
5.351438374653e-02	-1.670654964119e+01	-1.984832447092e-03	-3.586381538320e-02
5.364783607508e-02	-1.698120901277e+01	-3.132611359010e-03	-3.660817071718e-02
5.378128840362e-02	-1.723439390561e+01	-4.292205719114e-03	-3.735687957873e-02
5.391474073217e-02	-1.747920117003e+01	-5.463398856865e-03	-3.810985485554e-02
5.404819306071e-02	-1.769779159082e+01	-6.645964294378e-03	-3.886700316868e-02
5.418164538926e-02	-1.791019077992e+01	-7.839665838209e-03	-3.962822491707e-02
5.431509771780e-02	-1.810128282865e+01	-9.044257675541e-03	-4.039341432451e-02
5.444855004635e-02	-1.827040051754e+01	-1.025948447473e-02	-4.116245948919e-02
5.458200237489e-02	-1.843630819583e+01	-1.148508149017e-02	-4.193524243567e-02
5.471545470344e-02	-1.857816557105e+01	-1.272077467139e-02	-4.271163916936e-02
5.484890703198e-02	-1.871945122016e+01	-1.396628077641e-02	-4.349151973332e-02
5.498235936053e-02	-1.884455305232e+01	-1.522130748920e-02	-4.427474826752e-02
5.511581168907e-02	-1.895813012900e+01	-1.648555354126e-02	-4.506118307040e-02
5.524926401762e-02	-1.906783325641e+01	-1.775870883723e-02	-4.585067666273e-02
5.538271634616e-02	-1.917194465849e+01	-1.904045458448e-02	-4.664307585380e-02
5.551616867471e-02	-1.927194047449e+01	-2.033046342667e-02	-4.743822180974e-02
5.564962100325e-02	-1.936842599607e+01	-2.162839958107e-02	-4.823595012417e-02
5.578307333180e-02	-1.946979983578e+01	-2.293391897977e-02	-4.903609089092e-02
5.591652566034e-02	-1.956400783535e+01	-2.424666941460e-02	-4.983846877890e-02
5.604997798889e-02	-1.966582134135e+01	-2.556629068564e-02	-5.064290310910e-02
5.618343031743e-02	-1.976329628697e+01	-2.689241475346e-02	-5.144920793355e-02
5.631688264598e-02	-1.987143623057e+01	-2.822466589479e-02	-5.225719211639e-02
5.645033497452e-02	-1.998412351716e+01	-2.956266086166e-02	-5.306665941686e-02
5.658378730307e-02	-2.008705924219e+01	-3.090600904401e-02	-5.387740857422e-02
5.671723963161e-02	-2.020305885065e+01	-3.225431263546e-02	-5.468923339459e-02
5.685069196016e-02	-2.031493916450e+01	-3.360716680251e-02	-5.550192283961e-02
5.698414428870e-02	-2.042968534155e+01	-3.496415985676e-02	-5.631526111696e-02
5.711759661725e-02	-2.054165325527e+01	-3.632487343030e-02	-5.712902777257e-02
5.725104894579e-02	-2.065279644045e+01	-3.768888265406e-02	-5.794299778468e-02
5.738450127434e-02	-2.075262755102e+01	-3.905575633918e-02	-5.875694165948e-02
5.751795360288e-02	-2.084280257400e+01	-4.042505716112e-02	-5.957062552841e-02
5.765140593143e-02	-2.092634010637e+01	-4.179634184666e-02	-6.038381124719e-02
5.778485825997e-02	-2.098726918533e+01	-4.316916136353e-02	-6.119625649620e-02
5.791831058852e-02	-2.104407903158e+01	-4.454306111267e-02	-6.200771488260e-02
5.805176291706e-02	-2.106801931080e+01	-4.591758112301e-02	-6.281793604375e-02
5.818521524561e-02	-2.107298565862e+01	-4.729225624873e-02	-6.362666575219e-02
5.831866757415e-02	-2.105508074083e+01	-4.866661636885e-02	-6.443364602194e-02
5.845211990270e-02	-2.100159681571e+01	-5.004018658911e-02	-6.523861521621e-02
5.858557223124e-02	-2.092720131866e+01	-5.141248744602e-02	-6.604130815631e-02
5.871902455979e-02	-2.081201050007e+01	-5.278303511307e-02	-6.684145623197e-02
5.885247688833e-02	-2.067293389954e+01	-5.415134160888e-02	-6.763878751278e-02
5.898592921688e-02	-2.049703108047e+01	-5.551691500734e-02	-6.843302686079e-02
5.911938154542e-02	-2.028384023880e+01	-5.687925964956e-02	-6.922389604435e-02
5.925283387397e-02	-2.004116211058e+01	-5.823787635756e-02	-7.001111385292e-02
5.938628620251e-02	-1.976590349710e+01	-5.959226264966e-02	-7.079439621301e-02
5.951973853106e-02	-1.946016307479e+01	-6.094191295739e-02	-7.157345630507e-02
5.965319085960e-02	-1.912489614599e+01	-6.228631884392e-02	-7.234800468137e-02
5.978664318815e-02	-1.876447332127e+01	-6.362496922385e-02	-7.311774938480e-02
5.992009551669e-02	-1.837385406406e+01	-6.495735058432e-02	-7.388239606848e-02
6.005354784524e-02	-1.797032014161e+01	-6.628294720727e-02	-7.464164811629e-02
6.018700017378e-02	-1.753999694664e+01	-6.760124139291e-02	-7.539520676411e-02
6.032045250233e-02	-1.709407442752e+01	-6.891171368409e-02	-7.614277122184e-02
6.045390483087e-02	-1.664297643747e+01	-7.021384309169e-02	-7.688403879611e-02
6.058735715942e-02	-1.617354052108e+01	-7.150710732078e-02	-7.761870501361e-02
6.072080948796e-02	-1.569986999466e+01	-7.279098299759e-02	-7.834646374510e-02
6.085426181651e-02	-1.522112064534e+01	-7.406494589700e-02	-7.906700732993e-02
6.098771414505e-02	-1.473789323976e+01	-7.532847117076e-02	-7.978002670109e-02
6.112116647360e-02	-1.425446113680e+01	-7.658103357601e-02	-8.048521151077e-02
6.125461880214e-02	-1.377310242523e+01	-7.782210770422e-02	-8.118225025635e-02
6.138807113069e-02	-1.329118697251e+01	-7.905116821048e-02	-8.187083040677e-02
6.152152345923e-02	-1.281949644384e+01	-8.026769004280e-02	-8.255063852925e-02
6.165497578778e-02	-1.234861417048e+01	-8.147114867167e-02	-8.322136041636e-02
6.178842811632e-02	-1.187868275989e+01	-8.266102031951e-02	-8.388268121333e-02
6.192188044487e-02	-1.142156104413e+01	-8.383678219004e-02	-8.453428554561e-02
6.205533277341e-02	-1.096593225184e+01	-8.499791269744e-02	-8.517585764653e-02
6.218878510196e-02	-1.051829410312e+01	-8.614389169530e-02	-8.580708148529e-02
6.232223743050e-02	-1.007316934058e+01	-8.727420070506e-02	-8.642764089483e-02
6.245568975905e-02	-9.638404652658e+00	-8.838832314411e-02	-8.703721969994e-02
6.258914208759e-02	-9.212806976414e+00	-8.948574455324e-02	-8.763550184529e-02
6.272259441614e-02	-8.784854054039e+00	-9.056595282349e-02	-8.822217152350e-02
6.285604674468e-02	-8.360850973078e+00	-9.162843842218e-02	-8.879691330309e-02
6.298949907323e-02	-7.949666870590e+00	-9.267269461821e-02	-8.935941225639e-02
6.312295140177e-02	-7.541027557197e+00	-9.369821770636e-02	-8.990935408729e-02
6.325640373032e-02	-7.130993629902e+00	-9.470450723056e-02	-9.044642525879e-02
6.338985605886e-02	-6.737915494476e+00	-9.569106620615e-02	-9.097031312038e-02
6.352330838741e-02	-6.339827146278e+00	-9.665740134083e-02	-9.148070603507e-02
6.365676071595e-02	-5.950392399831e+00	-9.760302325442e-02	-9.197729350627e-02
6.379021304450e-02	-5.567288272415e+00	-9.852744669720e-02	-9.245976630420e-02
6.392366537304e-02	-5.180663811609e+00	-9.943019076681e-02	-9.292781659200e-02
6.405711770159e-02	-4.811985964265e+00	-1.003107791236e-01	-9.338113805138e-02
6.419057003013e-02	-4.443825304567e+00	-1.011687402046e-01	-9.381942600792e-02
6.432402235868e-02	-4.081359133873e+00	-1.020036074349e-01	-9.424237755574e-02
6.445747468722e-02	-3.724992184375e+00	-1.028149194388e-01	-9.464969168180e-02
6.459092701577e-02	-3.375074267637e+00	-1.036022202474e-01	-9.504106938952e-02
6.472437934431e-02	-3.029119952238e+00	-1.043650595054e-01	-9.541621382185e-02
6.485783167286e-02	-2.692939525427e+00	-1.051029926754e-01	-9.577483038377e-02
6.499128400140e-02	-2.366137571530e+00	-1.058155812401e-01	-9.611662686401e-02
6.512473632995e-02	-2.040411748820e+00	-1.065023929024e-01	-9.644131355616e-02
6.525818865849e-02	-1.727424854286e+00	-1.071630017829e-01	-9.674860337899e-02
6.539164098704e-02	-1.411365069594e+00	-1.077969886159e-01	-9.703821199604e-02
6.552509331558e-02	-1.110088946493e+00	-1.084039409419e-01	-9.730985793436e-02
6.565854564413e-02	-8.164713893468e-01	-1.089834532983e-01	-9.756326270248e-02
6.579199797267e-02	-5.204848036969e-01	-1.095351274071e-01	-9.779815090740e-02
6.592545030122e-02	-2.370855937867e-01	-1.100585723605e-01	-9.801425037079e-02
6.605890262976e-02	4.462399243652e-02	-1.105534048031e-01	-9.821129224420e-02
6.619235495831e-02	3.191911719946e-01	-1.110192491120e-01	-9.838901112324e-02
6.632580728685e-02	5.917284252917e-01	-1.114557375733e-01	-9.854714516089e-02
6.645925961539e-02	8.612387186132e-01	-1.118625105562e-01	-9.868543617965e-02
6.659271194394e-02	1.128806782098e+00	-1.122392166842e-01	-9.880362978269e-02
6.672616427248e-02	1.388229186907e+00	-1.125855130025e-01	-9.890147546389e-02
6.685961660103e-02	1.651588653083e+00	-1.129010651433e-01	-9.897872671673e-02
6.699306892957e-02	1.915048494891e+00	-1.131855474869e-01	-9.903514114209e-02
6.712652125812e-02	2.168165798038e+00	-1.134386433203e-01	-9.907048055473e-02
6.725997358666e-02	2.433094885361e+00	-1.136600449920e-01	-9.908451108871e-02
6.739342591521e-02	2.687596477226e+00	-1.138494540639e-01	-9.907700330144e-02
6.752687824375e-02	2.947191739228e+00	-1.140065814592e-01	-9.904773227654e-02
6.766033057230e-02	3.207951940188e+00	-1.141311476073e-01	-9.899647772531e-02
6.779378290084e-02	3.454692514016e+00	-1.142228825849e-01	-9.892302408695e-02
6.792723522939e-02	3.713864194144e+00	-1.142815262536e-01	-9.882716062735e-02
6.806068755793e-02	3.967677796548e+00	-1.143068283935e-01	-9.870868153658e-02
6.819413988648e-02	4.211991921328e+00	-1.142985488341e-01	-9.856738602486e-02
6.832759221502e-02	4.458974378955e+00	-1.142564575801e-01	-9.840307841715e-02
6.846104454357e-02	4.703018149070e+00	-1.141803349344e-01	-9.821556824629e-02
6.859449687211e-02	4.936510382980e+00	-1.140699716167e-01	-9.800467034459e-02
6.872794920066e-02	5.171847232158e+00	-1.139251688788e-01	-9.777020493394e-02
6.886140152920e-02	5.394878598189e+00	-1.137457386152e-01	-9.751199771440e-02
6.899485385775e-02	5.611097446877e+00	-1.135315034703e-01	-9.722987995112e-02
6.912830618629e-02	5.836409364885e+00	-1.132822969415e-01	-9.692368855980e-02
6.926175851484e-02	6.037839952497e+00	-1.129979634778e-01	-9.659326619046e-02
6.939521084338e-02	6.244436533885e+00	-1.126783585754e-01	-9.623846130956e-02
6.952866317193e-02	6.450660547483e+00	-1.123233488673e-01	-9.585912828047e-02
6.966211550047e-02	6.639216716095e+00	-1.119328122112e-01	-9.545512744232e-02
6.979556782902e-02	6.837102386147e+00	-1.115066377706e-01	-9.502632518700e-02
6.992902015756e-02	7.030242608600e+00	-1.110447260939e-01	-9.457259403458e-02
7.006247248611e-02	7.221715852007e+00	-1.105469891880e-01	-9.409381270689e-02
7.019592481465e-02	7.418751736512e+00	-1.100133505876e-01	-9.358986619934e-02
7.032937714320e-02	7.615693586384e+00	-1.094437454210e-01	-9.306064585096e-02
7.046282947174e-02	7.811217107934e+00	-1.088381204708e-01	-9.250604941263e-02
7.059628180029e-02	8.021683862586e+00	-1.081964342307e-01	-9.192598111345e-02
7.072973412883e-02	8.230877134354e+00	-1.075186569576e-01	-9.132035172529e-02
7.086318645738e-02	8.445283270581e+00	-1.068047707193e-01	-9.068907862544e-02
7.099663878592e-02	8.684424752467e+00	-1.060547694384e-01	-9.003208585737e-02
7.113009111447e-02	8.915130530635e+00	-1.052686589310e-01	-8.934930418961e-02
7.126354344301e-02	9.162427182997e+00	-1.044464569413e-01	-8.864067117266e-02
7.139699577156e-02	9.424764292536e+00	-1.035881931717e-01	-8.790613119398e-02
7.153044810010e-02	9.688140506622e+00	-1.026939093085e-01	-8.714563553100e-02
7.166390042865e-02	9.973656402671e+00	-1.017636590432e-01	-8.635914240218e-02
7.179735275719e-02	1.026599807979e+01	-1.007975080886e-01	-8.554661701605e-02
7.193080508574e-02	1.056256075884e+01	-9.979553419201e-02	-8.470803161822e-02
7.206425741428e-02	1.087877392208e+01	-9.875782714189e-02	-8.384336553640e-02
7.219770974283e-02	1.120258849502e+01	-9.768448877171e-02	-8.295260522336e-02
7.233116207137e-02	1.152433807096e+01	-9.657563295841e-02	-8.203574429783e-02
7.246461439992e-02	1.186563795983e+01	-9.543138561663e-02	-8.109278358334e-02
7.259806672846e-02	1.220739769114e+01	-9.425188468841e-02	-8.012373114493e-02
7.273151905701e-02	1.254891034460e+01	-9.303728012839e-02	-7.912860232385e-02
7.286497138555e-02	1.290224556760e+01	-9.178773388454e-02	-7.810741977004e-02
7.299842371410e-02	1.325087570184e+01	-9.050341987438e-02	-7.706021347255e-02
7.313187604264e-02	1.360369413974e+01	-8.918452395675e-02	-7.598702078783e-02
7.326532837119e-02	1.395340163649e+01	-8.783124389912e-02	-7.488788646582e-02
7.339878069973e-02	1.430094306952e+01	-8.644378934042e-02	-7.376286267393e-02
7.353223302828e-02	1.464991450811e+01	-8.502238174948e-02	-7.261200901880e-02
7.366568535682e-02	1.499477113078e+01	-8.356725437898e-02	-7.143539256594e-02
7.379913768537e-02	1.533727281007e+01	-8.207865221511e-02	-7.023308785711e-02
7.393259001391e-02	1.567881696401e+01	-8.055683192268e-02	-6.900517692556e-02
7.406604234246e-02	1.601488178467e+01	-7.900206178601e-02	-6.775174930899e-02
7.419949467100e-02	1.635015894104e+01	-7.741462164543e-02	-6.647290206035e-02
7.433294699955e-02	1.669183878072e+01	-7.579480282940e-02	-6.516873975642e-02
7.446639932809e-02	1.702499148162e+01	-7.414290808241e-02	-6.383937450407e-02
7.459985165664e-02	1.736337204208e+01	-7.245925148858e-02	-6.248492594437e-02
7.473330398518e-02	1.770508892621e+01	-7.074415839099e-02	-6.110552125441e-02
7.486675631373e-02	1.804421210074e+01	-6.899796530686e-02	-5.970129514687e-02
7.500020864227e-02	1.839296958439e+01	-6.722101983846e-02	-5.827238986729e-02
7.513366097082e-02	1.874735852323e+01	-6.541368057994e-02	-5.681895518916e-02
7.526711329936e-02	1.910688026727e+01	-6.357631702003e-02	-5.534114840665e-02
7.540056562791e-02	1.946958774711e+01	-6.170930944062e-02	-5.383913432510e-02
7.553401795645e-02	1.984482639279e+01	-5.981304881131e-02	-5.231308524926e-02
7.566747028500e-02	2.022476331331e+01	-5.788793668001e-02	-5.076318096917e-02
7.580092261354e-02	2.061512700875e+01	-5.593438505946e-02	-4.918960874384e-02
7.593437494209e-02	2.101572113768e+01	-5.395281630993e-02	-4.759256328254e-02
7.606782727063e-02	2.142092670656e+01	-5.194366301795e-02	-4.597224672394e-02
7.620127959918e-02	2.184054031925e+01	-4.990736787129e-02	-4.432886861279e-02
7.633473192772e-02	2.226148386541e+01	-4.784438353002e-02	-4.266264587443e-02
7.646818425627e-02	2.269548868048e+01	-4.575517249394e-02	-4.097380278698e-02
7.660163658481e-02	2.313657930548e+01	-4.364020696625e-02	-3.926257095118e-02
7.673508891336e-02	2.358326677257e+01	-4.149996871354e-02	-3.752918925803e-02
7.686854124190e-02	2.403637109110e+01	-3.933494892226e-02	-3.577390385403e-02
7.700199357045e-02	2.448900777428e+01	-3.714564805153e-02	-3.399696810424e-02
7.713544589899e-02	2.495156330820e+01	-3.493257568254e-02	-3.219864255296e-02
7.726889822754e-02	2.541212160291e+01	-3.269625036445e-02	-3.037919488219e-02
7.740235055608e-02	2.587286528645e+01	-3.043719945694e-02	-2.853889986777e-02
7.753580288463e-02	2.633102477613e+01	-2.815595896939e-02	-2.667803933327e-02
7.766925521317e-02	2.678607125652e+01	-2.585307339681e-02	-2.479690210156e-02
7.780270754172e-02	2.723200846640e+01	-2.352909555251e-02	-2.289578394418e-02
7.793615987026e-02	2.767219205415e+01	-2.118458639767e-02	-2.097498752841e-02
7.806961219881e-02	2.810796615803e+01	-1.882011486777e-02	-1.903482236207e-02
7.820306452735e-02	2.852478436118e+01	-1.643625769603e-02	-1.707560473609e-02
7.833651685590e-02	2.893247704634e+01	-1.403359923376e-02	-1.509765766485e-02
7.846996918444e-02	2.932041062366e+01	-1.161273126799e-02	-1.310131082427e-02
7.860342151299e-02	2.969494091524e+01	-9.174252836071e-03	-1.108690048768e-02
7.873687384153e-02	3.005513748081e+01	-6.718770037623e-03	-9.054769459481e-03
7.887032617008e-02	3.039458679985e+01	-4.246895843705e-03	-7.005267006566e-03
7.900377849862e-02	3.071736743610e+01	-1.759249903374e-03	-4.938748787609e-03
7.913723082717e-02	3.101706420167e+01	7.435416523458e-04	-2.855576780120e-03
7.927068315571e-02	3.130134895034e+01	3.260846408989e-03	-7.561192053418e-04
7.940413548426e-02	3.156702034487e+01	5.792025869617e-03	1.359249549007e-03
7.953758781280e-02	3.181555672934e+01	8.336435658146e-03	3.490149008142e-03
7.967104014135e-02	3.204647177628e+01	1.089342572496e-02	5.636192691754e-03
7.980449246989e-02	3.226568958728e+01	1.346234055477e-02	7.796988197668e-03
7.993794479844e-02	3.246988264456e+01	1.604251937655e-02	9.972137287610e-03
8.007139712698e-02	3.265798701676e+01	1.863329637563e-02	1.216123597506e-02
8.020484945553e-02	3.284023823810e+01	2.123400090773e-02	1.436387461516e-02
8.033830178407e-02	3.301439790686e+01	2.384395771492e-02	1.657963799673e-02
8.047175411262e-02	3.318409723294e+01	2.646248714342e-02	1.880810543625e-02
8.060520644116e-02	3.334630673104e+01	2.908890536318e-02	2.104885087392e-02
8.073865876971e-02	3.350702282345e+01	3.172252458915e-02	2.330144297169e-02
8.087211109825e-02	3.366801394246e+01	3.436265330413e-02	2.556544521328e-02
8.100556342680e-02	3.383152630784e+01	3.700859648319e-02	2.784041600618e-02
8.113901575534e-02	3.399527026544e+01	3.965965581950e-02	3.012590878554e-02
8.127246808389e-02	3.416644743525e+01	4.231512995156e-02	3.242147212004e-02
8.140592041243e-02	3.434827663674e+01	4.497431469175e-02	3.472664981963e-02
8.153937274098e-02	3.452450050619e+01	4.763650325598e-02	3.704098104512e-02
8.167282506952e-02	3.471795520703e+01	5.030098649462e-02	3.936400041968e-02
8.180627739807e-02	3.492085128771e+01	5.296705312436e-02	4.169523814210e-02
8.193972972661e-02	3.512821347091e+01	5.563398996110e-02	4.403422010191e-02
8.207318205516e-02	3.534795095941e+01	5.830108215366e-02	4.638046799622e-02
8.220663438370e-02	3.557324680403e+01	6.096761341842e-02	4.873349944839e-02
8.234008671225e-02	3.581451391367e+01	6.363286627449e-02	5.109282812833e-02
8.247353904079e-02	3.605814448156e+01	6.629612227970e-02	5.345796387457e-02
8.260699136934e-02	3.630953855958e+01	6.895666226704e-02	5.582841281794e-02
8.274044369788e-02	3.657374564484e+01	7.161376658156e-02	5.820367750697e-02
8.287389602643e-02	3.683809024673e+01	7.426671531774e-02	6.058325703481e-02
8.300734835497e-02	3.710717194924e+01	7.691478855705e-02	6.296664716776e-02
8.314080068352e-02	3.738096427089e+01	7.955726660588e-02	6.535334047542e-02
8.327425301206e-02	3.765477874800e+01	8.219343023339e-02	6.774282646222e-02
8.340770534061e-02	3.792914914419e+01	8.482256090967e-02	7.013459170057e-02
8.354115766915e-02	3.820111414713e+01	8.744394104361e-02	7.252811996536e-02
8.367460999770e-02	3.846430298996e+01	9.005685422089e-02	7.492289236996e-02
8.380806232624e-02	3.872700455059e+01	9.266058544155e-02	7.731838750356e-02
8.394151465479e-02	3.897953225865e+01	9.525442135748e-02	7.971408156985e-02
8.407496698333e-02	3.921868198271e+01	9.783765050936e-02	8.210944852707e-02
8.420841931188e-02	3.945139081729e+01	1.004095635633e-01	8.450396022924e-02
8.434187164042e-02	3.966835117804e+01	1.029694535469e-01	8.689708656878e-02
8.447532396897e-02	3.987074507758e+01	1.055166160845e-01	8.928829562019e-02
8.460877629751e-02	4.005839752499e+01	1.080503496321e-01	9.167705378497e-02
8.474222862606e-02	4.022713436078e+01	1.105699557114e-01	9.406282593766e-02
8.487568095460e-02	4.037937417847e+01	1.130747391425e-01	9.644507557297e-02
8.500913328315e-02	4.051520459708e+01	1.155640082762e-01	9.882326495396e-02
8.514258561169e-02	4.062683495385e+01	1.180370752254e-01	1.011968552612e-01
8.527603794024e-02	4.072268555866e+01	1.204932560947e-01	1.035653067430e-01
8.540949026878e-02	4.079742229153e+01	1.229318712093e-01	1.059280788662e-01
8.554294259733e-02	4.084939858795e+01	1.253522453426e-01	1.082846304688e-01
8.567639492587e-02	4.088687729717e+01	1.277537079423e-01	1.106344199118e-01
8.580984725442e-02	4.089500095150e+01	1.301355933554e-01	1.129769052338e-01
8.594329958296e-02	4.088809077218e+01	1.324972410510e-01	1.153115443046e-01
8.607675191151e-02	4.085923586345e+01	1.348379958423e-01	1.176377949807e-01
8.621020424005e-02	4.080284757255e+01	1.371572081063e-01	1.199551152607e-01
8.634365656860e-02	4.073372852248e+01	1.394542340026e-01	1.222629634422e-01
8.647710889714e-02	4.063752304631e+01	1.417284356890e-01	1.245607982781e-01
8.661056122569e-02	4.051950952937e+01	1.439791815366e-01	1.268480791344e-01
8.674401355423e-02	4.038306029819e+01	1.462058463422e-01	1.291242661481e-01
8.687746588278e-02	4.021976178872e+01	1.484078115388e-01	1.313888203857e-01
8.701091821132e-02	4.003659305999e+01	1.505844654039e-01	1.336412040015e-01
8.714437053987e-02	3.983443012262e+01	1.527352032658e-01	1.358808803973e-01
8.727782286841e-02	3.960425717493e+01	1.548594277073e-01	1.381073143813e-01
8.741127519696e-02	3.935745072307e+01	1.569565487677e-01	1.403199723281e-01
8.754472752550e-02	3.908855023276e+01	1.590259841415e-01	1.425183223381e-01
8.767817985405e-02	3.879321365980e+01	1.610671593752e-01	1.447018343979e-01
8.781163218259e-02	3.848401597031e+01	1.630795080616e-01	1.468699805400e-01
8.794508451114e-02	3.814816877465e+01	1.650624720312e-01	1.490222350031e-01
8.807853683968e-02	3.779296714572e+01	1.670155015411e-01	1.511580743919e-01
8.821198916823e-02	3.742039445947e+01	1.689380554607e-01	1.532769778374e-01
8.834544149677e-02	3.702509204620e+01	1.708296014555e-01	1.553784271568e-01
8.847889382531e-02	3.660962836046e+01	1.726896161671e-01	1.574619070128e-01
8.861234615386e-02	3.617800793195e+01	1.745175853906e-01	1.595269050737e-01
8.874579848240e-02	3.572807477666e+01	1.763130042494e-01	1.615729121720e-01
8.887925081095e-02	3.525729508113e+01	1.780753773657e-01	1.635994224639e-01
8.901270313949e-02	3.477753678535e+01	1.798042190298e-01	1.656059335874e-01
8.914615546804e-02	3.427242238067e+01	1.814990533641e-01	1.675919468205e-01
8.927960779658e-02	3.375578669818e+01	1.831594144854e-01	1.695569672389e-01
8.941306012513e-02	3.322962884272e+01	1.847848466632e-01	1.715005038731e-01
8.954651245367e-02	3.268161163157e+01	1.863749044747e-01	1.734220698645e-01
8.967996478222e-02	3.213111558826e+01	1.879291529565e-01	1.753211826218e-01
8.981341711076e-02	3.156352416294e+01	1.894471677529e-01	1.771973639755e-01
8.994686943931e-02	3.098469261796e+01	1.909285352603e-01	1.790501403329e-01
9.008032176785e-02	3.040034722543e+01	1.923728527683e-01	1.808790428310e-01
9.021377409640e-02	2.980290568796e+01	1.937797285973e-01	1.826836074897e-01
9.034722642494e-02	2.920112122495e+01	1.951487822321e-01	1.844633753633e-01
9.048067875349e-02	2.859357144654e+01	1.964796444520e-01	1.862178926914e-01
9.061413108203e-02	2.797542230002e+01	1.977719574571e-01	1.879467110486e-01
9.074758341058e-02	2.734953808407e+01	1.990253749905e-01	1.896493874931e-01
9.088103573912e-02	2.671950761306e+01	2.002395624570e-01	1.913254847144e-01
9.101448806767e-02	2.608001278629e+01	2.014141970379e-01	1.929745711796e-01
9.114794039621e-02	2.543767534031e+01	2.025489678014e-01	1.945962212784e-01
9.128139272476e-02	2.478301415473e+01	2.036435758097e-01	1.961900154669e-01
9.141484505330e-02	2.411769461550e+01	2.046977342213e-01	1.977555404101e-01
9.154829738185e-02	2.344852057441e+01	2.057111683900e-01	1.992923891231e-01
9.168174971039e-02	2.276123553744e+01	2.066836159590e-01	2.008001611101e-01
9.181520203894e-02	2.206378991863e+01	2.076148269518e-01	2.022784625031e-01
9.194865436748e-02	2.135504095956e+01	2.085045638581e-01	2.037269061978e-01
9.208210669603e-02	2.062940464037e+01	2.093526017159e-01	2.051451119889e-01
9.221555902457e-02	1.988372558056e+01	2.101587281894e-01	2.065327067029e-01
9.234901135312e-02	1.911913636907e+01	2.109227436423e-01	2.078893243298e-01
9.248246368166e-02	1.833772586603e+01	2.116444612074e-01	2.092146061526e-01
9.261591601021e-02	1.753297244190e+01	2.123237068513e-01	2.105082008751e-01
9.274936833875e-02	1.670376676184e+01	2.129603194353e-01	2.117697647478e-01
9.288282066730e-02	1.584720178166e+01	2.135541507712e-01	2.129989616920e-01
9.301627299584e-02	1.496802815229e+01	2.141050656737e-01	2.141954634217e-01
9.314972532439e-02	1.405940244960e+01	2.146129420075e-01	2.153589495635e-01
9.328317765293e-02	1.312012881930e+01	2.150776707307e-01	2.164891077746e-01
9.341662998148e-02	1.215266744829e+01	2.154991559331e-01	2.175856338583e-01
9.355008231002e-02	1.115257951113e+01	2.158773148706e-01	2.186482318779e-01
9.368353463857e-02	1.012367755162e+01	2.162120779950e-01	2.196766142673e-01
9.381698696711e-02	9.059325976036e+00	2.165033889792e-01	2.206705019407e-01
9.395043929566e-02	7.963619126531e+00	2.167512047378e-01	2.216296243990e-01
9.408389162420e-02	6.841672273460e+00	2.169554954437e-01	2.225537198338e-01
9.421734395275e-02	5.685939418127e+00	2.171162445395e-01	2.234425352297e-01
9.435079628129e-02	4.500358307745e+00	2.172334487453e-01	2.242958264634e-01
9.448424860984e-02	3.290879678744e+00	2.173071180609e-01	2.251133584004e-01
9.461770093838e-02	2.057153992109e+00	2.173372757646e-01	2.258949049898e-01
9.475115326693e-02	8.059576850981e-01	2.173239584065e-01	2.266402493555e-01
9.488460559547e-02	-4.630066059440e-01	2.172672157982e-01	2.273491838852e-01
9.501805792402e-02	-1.742084367992e+00	2.171671109971e-01	2.280215103172e-01
9.515151025256e-02	-3.023447002965e+00	2.170237202867e-01	2.286570398235e-01
9.528496258111e-02	-4.307824636559e+00	2.168371331528e-01	2.292555930908e-01
9.541841490965e-02	-5.578620551790e+00	2.166074522540e-01	2.298170003987e-01
9.555186723820e-02	-6.835970182908e+00	2.163347933890e-01	2.303411016943e-01
9.568531956674e-02	-8.069879907533e+00	2.160192854587e-01	2.308277466652e-01
9.581877189529e-02	-9.269794154860e+00	2.156610704238e-01	2.312767948082e-01
9.595222422383e-02	-1.043574408794e+01	2.152603032588e-01	2.316881154957e-01
9.608567655238e-02	-1.154904449174e+01	2.148171519000e-01	2.320615880396e-01
9.621912888092e-02	-1.261169509533e+01	2.143317971908e-01	2.323971017508e-01
9.635258120947e-02	-1.361348185591e+01	2.138044328213e-01	2.326945559973e-01
9.648603353801e-02	-1.454642824654e+01	2.132352652646e-01	2.329538602574e-01
9.661948586656e-02	-1.540994005659e+01	2.126245137074e-01	2.331749341715e-01
9.675293819510e-02	-1.619416661575e+01	2.119724099777e-01	2.333577075896e-01
9.688639052365e-02	-1.690042217676e+01	2.112791984671e-01	2.335021206159e-01
9.701984285219e-02	-1.752311205704e+01	2.105451360495e-01	2.336081236501e-01
9.715329518074e-02	-1.806605714386e+01	2.097704919950e-01	2.336756774261e-01
9.728674750928e-02	-1.852571742509e+01	2.089555478801e-01	2.337047530460e-01
9.742019983783e-02	-1.890392429816e+01	2.081005974935e-01	2.336953320126e-01
9.755365216637e-02	-1.920514440989e+01	2.072059467371e-01	2.336474062570e-01
9.768710449492e-02	-1.942981507191e+01	2.062719135241e-01	2.335609781638e-01
9.782055682346e-02	-1.958986351410e+01	2.052988276722e-01	2.334360605925e-01
9.795400915201e-02	-1.968339905466e+01	2.042870307923e-01	2.332726768957e-01
9.808746148055e-02	-1.972240455862e+01	2.032368761746e-01	2.330708609339e-01
9.822091380910e-02	-1.971339903121e+01	2.021487286691e-01	2.328306570865e-01
9.835436613764e-02	-1.966142400727e+01	2.010229645635e-01	2.325521202600e-01
9.848781846619e-02	-1.958136519787e+01	1.998599714561e-01	2.322353158923e-01
9.862127079473e-02	-1.947750789953e+01	1.986601481255e-01	2.318803199534e-01
9.875472312328e-02	-1.936197366433e+01	1.974239043967e-01	2.314872189430e-01
9.888817545182e-02	-1.924281064084e+01	1.961516610024e-01	2.310561098843e-01
9.902162778037e-02	-1.913253608463e+01	1.948438494417e-01	2.305871003148e-01
9.915508010891e-02	-1.903994046363e+01	1.935009118344e-01	2.300803082724e-01
9.928853243746e-02	-1.897345951379e+01	1.921233007720e-01	2.295358622797e-01
9.942198476600e-02	-1.894739413656e+01	1.907114791650e-01	2.289539013231e-01
9.955543709455e-02	-1.896601921086e+01	1.892659200870e-01	2.283345748292e-01
9.968888942309e-02	-1.903892439664e+01	1.877871066145e-01	2.276780426381e-01
9.982234175164e-02	-1.917806977276e+01	1.862755316645e-01	2.269844749719e-01
9.995579408018e-02	-1.938988926561e+01	1.847316978276e-01	2.262540524006e-01
1.000892464087e-01	-1.968060567411e+01	1.831561171985e-01	2.254869658043e-01
1.002226987373e-01	-2.005810186930e+01	1.815493112030e-01	2.246834163317e-01
1.003561510658e-01	-2.052026349823e+01	1.799118104220e-01	2.238436153550e-01
1.004896033944e-01	-2.107661929815e+01	1.782441544121e-01	2.229677844217e-01
1.006230557229e-01	-2.173134272217e+01	1.765468915236e-01	2.220561552020e-01
1.007565080515e-01	-2.248014538415e+01	1.748205787147e-01	2.211089694339e-01
1.008899603800e-01	-2.332613928256e+01	1.730657813640e-01	2.201264788634e-01
1.010234127085e-01	-2.426138463560e+01	1.712830730786e-01	2.191089451827e-01
1.011568650371e-01	-2.528558780922e+01	1.694730355012e-01	2.180566399634e-01
1.012903173656e-01	-2.638903751864e+01	1.676362581128e-01	2.169698445873e-01
1.014237696942e-01	-2.756683338766e+01	1.657733380337e-01	2.158488501733e-01
1.015572220227e-01	-2.881441200713e+01	1.638848798217e-01	2.146939575010e-01
1.016906743513e-01	-3.011340065732e+01	1.619714952679e-01	2.135054769307e-01
1.018241266798e-01	-3.145316514336e+01	1.600338031896e-01	2.122837283202e-01
1.019575790084e-01	-3.282200229477e+01	1.580724292217e-01	2.110290409378e-01
1.020910313369e-01	-3.420905940121e+01	1.560880056046e-01	2.097417533727e-01
1.022244836654e-01	-3.559589840550e+01	1.540811709711e-01	2.084222134412e-01
1.023579359940e-01	-3.697360684509e+01	1.520525701302e-01	2.070707780901e-01
1.024913883225e-01	-3.832369483686e+01	1.500028538497e-01	2.056878132968e-01
1.026248406511e-01	-3.963009788071e+01	1.479326786358e-01	2.042736939657e-01
1.027582929796e-01	-4.088479234101e+01	1.458427065119e-01	2.028288038218e-01
1.028917453082e-01	-4.207315072019e+01	1.437336047943e-01	2.013535353012e-01
1.030251976367e-01	-4.318755381933e+01	1.416060458676e-01	1.998482894378e-01
1.031586499653e-01	-4.421016145682e+01	1.394607069572e-01	1.983134757474e-01
1.032921022938e-01	-4.513759458561e+01	1.372982699008e-01	1.967495121084e-01
1.034255546224e-01	-4.596307232018e+01	1.351194209181e-01	1.951568246401e-01
1.035590069509e-01	-4.667899245830e+01	1.329248503796e-01	1.935358475765e-01
1.036924592794e-01	-4.728448869741e+01	1.307152525733e-01	1.918870231389e-01
1.038259116080e-01	-4.777377941484e+01	1.284913254708e-01	1.902108014042e-01
1.039593639365e-01	-4.814583795895e+01	1.262537704916e-01	1.885076401707e-01
1.040928162651e-01	-4.840267767352e+01	1.240032922671e-01	1.867780048215e-01
1.042262685936e-01	-4.854862801747e+01	1.217405984026e-01	1.850223681841e-01
1.043597209222e-01	-4.857785323275e+01	1.194663992393e-01	1.832412103885e-01
1.044931732507e-01	-4.850148935309e+01	1.171814076150e-01	1.814350187210e-01
1.046266255793e-01	-4.832340573403e+01	1.148863386237e-01	1.796042874769e-01
1.047600779078e-01	-4.804282053815e+01	1.125819093755e-01	1.777495178091e-01
1.048935302363e-01	-4.766873366245e+01	1.102688387549e-01	1.758712175757e-01
1.050269825649e-01	-4.720429459137e+01	1.079478471794e-01	1.739699011832e-01
1.051604348934e-01	-4.666018992750e+01	1.056196563569e-01	1.720460894290e-01
1.052938872220e-01	-4.603758555343e+01	1.032849890434e-01	1.701003093404e-01
1.054273395505e-01	-4.534228794418e+01	1.009445688006e-01	1.681330940113e-01
1.055607918791e-01	-4.458015914223e+01	9.859911975249e-02	1.661449824369e-01
1.056942442076e-01	-4.375931454447e+01	9.624936634260e-02	1.641365193464e-01
1.058276965362e-01	-4.288592379209e+01	9.389603309118e-02	1.621082550325e-01
1.059611488647e-01	-4.196219429814e+01	9.153984435234e-02	1.600607451798e-01
1.060946011933e-01	-4.099545430342e+01	8.918152407138e-02	1.579945506905e-01
1.062280535218e-01	-3.999184891459e+01	8.682179554253e-02	1.559102375082e-01
1.063615058503e-01	-3.895998584275e+01	8.446138116699e-02	1.538083764403e-01
1.064949581789e-01	-3.790096059056e+01	8.210100221144e-02	1.516895429774e-01
1.066284105074e-01	-3.682629196559e+01	7.974137856713e-02	1.495543171117e-01
1.067618628360e-01	-3.573992519217e+01	7.738322850959e-02	1.474032831536e-01
1.068953151645e-01	-3.464248294257e+01	7.502726845903e-02	1.452370295464e-01
1.070287674931e-01	-3.354712801204e+01	7.267421274163e-02	1.430561486791e-01
1.071622198216e-01	-3.245637440682e+01	7.032477335164e-02	1.408612366982e-01
1.072956721502e-01	-3.137643991169e+01	6.797965971455e-02	1.386528933177e-01
1.074291244787e-01	-3.031312634136e+01	6.563957845124e-02	1.364317216277e-01
1.075625768072e-01	-2.926794249190e+01	6.330523314339e-02	1.341983279018e-01
1.076960291358e-01	-2.824149995458e+01	6.097732410003e-02	1.319533214027e-01
1.078294814643e-01	-2.724427750797e+01	5.865654812547e-02	1.296973141874e-01
1.079629337929e-01	-2.627734669250e+01	5.634359828865e-02	1.274309209107e-01
1.080963861214e-01	-2.533832143259e+01	5.403916369397e-02	1.251547586276e-01
1.082298384500e-01	-2.443556528525e+01	5.174392925368e-02	1.228694465952e-01
1.083632907785e-01	-2.356198540979e+01	4.945857546193e-02	1.205756060732e-01
1.084967431071e-01	-2.272066834988e+01	4.718377817063e-02	1.182738601237e-01
1.086301954356e-01	-2.191405254576e+01	4.492020836705e-02	1.159648334103e-01
1.087636477642e-01	-2.114269829769e+01	4.266853195336e-02	1.136491519967e-01
1.088971000927e-01	-2.040675209570e+01	4.042940952819e-02	1.113274431440e-01
1.090305524212e-01	-1.970181224296e+01	3.820349617019e-02	1.090003351087e-01
1.091640047498e-01	-1.902984846295e+01	3.599144122380e-02	1.066684569386e-01
1.092974570783e-01	-1.839291788124e+01	3.379388808720e-02	1.043324382698e-01
1.094309094069e-01	-1.779325317987e+01	3.161147400257e-02	1.019929091228e-01
1.095643617354e-01	-1.722604628109e+01	2.944482984877e-02	9.965049969813e-02
1.096978140640e-01	-1.670004078228e+01	2.729457993640e-02	9.730584017220e-02
1.098312663925e-01	-1.620820791231e+01	2.516134180546e-02	9.495956049308e-02
1.099647187211e-01	-1.574955712653e+01	2.304572602557e-02	9.261229017614e-02
1.100981710496e-01	-1.533650312923e+01	2.094833599886e-02	9.026465809984e-02
1.102316233781e-01	-1.495902748800e+01	1.886976776567e-02	8.791729230170e-02
1.103650757067e-01	-1.462142644175e+01	1.681060981300e-02	8.557081977459e-02
1.104985280352e-01	-1.431943336707e+01	1.477144288587e-02	8.322586626323e-02
1.106319803638e-01	-1.405114810333e+01	1.275283980169e-02	8.088305606119e-02
1.107654326923e-01	-1.381746446530e+01	1.075536526754e-02	7.854301180838e-02
1.108988850209e-01	-1.361415540772e+01	8.779575700716e-03	7.620635428906e-02
1.110323373494e-01	-1.343433940169e+01	6.826019052241e-03	7.387370223059e-02
1.111657896780e-01	-1.327298251916e+01	4.895234633767e-03	7.154567210279e-02
1.112992420065e-01	-1.313089095962e+01	2.987752947668e-03	6.922287791827e-02
1.114326943350e-01	-1.299125632778e+01	1.104095520520e-03	6.690593103347e-02
1.115661466636e-01	-1.285597684115e+01	-7.552252600208e-04	6.459543995082e-02
1.116995989921e-01	-1.271725070967e+01	-2.589706304855e-03	6.229201012188e-02
1.118330513207e-01	-1.256980280212e+01	-4.398853979558e-03	5.999624375157e-02
1.119665036492e-01	-1.240616850587e+01	-6.182184256910e-03	5.770873960371e-02
1.120999559778e-01	-1.221410725815e+01	-7.939222865775e-03	5.543009280773e-02
1.122334083063e-01	-1.200532727202e+01	-9.669505436291e-03	5.316089466679e-02
1.123668606349e-01	-1.176518760041e+01	-1.137257764130e-02	5.090173246734e-02
1.125003129634e-01	-1.149218619244e+01	-1.304799533400e-02	4.865318929016e-02
1.126337652920e-01	-1.118896584077e+01	-1.469532468169e-02	4.641584382301e-02
1.127672176205e-01	-1.085143235347e+01	-1.631414229569e-02	4.419027017494e-02
1.129006699490e-01	-1.048218042646e+01	-1.790403535724e-02	4.197703769231e-02
1.130341222776e-01	-1.008339275191e+01	-1.946460173945e-02	3.977671077664e-02
1.131675746061e-01	-9.658994003340e+00	-2.099545012517e-02	3.758984870433e-02
1.133010269347e-01	-9.208107506541e+00	-2.249620012086e-02	3.541700544836e-02
1.134344792632e-01	-8.742083514194e+00	-2.396648236620e-02	3.325872950195e-02
1.135679315918e-01	-8.256804717644e+00	-2.540593863968e-02	3.111556370442e-02
1.137013839203e-01	-7.762653919389e+00	-2.681422195988e-02	2.898804506908e-02
1.138348362489e-01	-7.269011239308e+00	-2.819099668259e-02	2.687670461350e-02
1.139682885774e-01	-6.772016376011e+00	-2.953593859358e-02	2.478206719195e-02
1.141017409059e-01	-6.283102696672e+00	-3.084873499713e-02	2.270465133032e-02
1.142351932345e-01	-5.803757694472e+00	-3.212908480020e-02	2.064496906340e-02
1.143686455630e-01	-5.343895030393e+00	-3.337669859218e-02	1.860352577469e-02
1.145020978916e-01	-4.902431171431e+00	-3.459129872035e-02	1.658082003880e-02
1.146355502201e-01	-4.487469745085e+00	-3.577261936080e-02	1.457734346641e-02
1.147690025487e-01	-4.103814008595e+00	-3.692040658499e-02	1.259358055202e-02
1.149024548772e-01	-3.746312642524e+00	-3.803441842177e-02	1.063000852437e-02
1.150359072058e-01	-3.425813704073e+00	-3.911442491496e-02	8.687097199691e-03
1.151693595343e-01	-3.140074015345e+00	-4.016020817637e-02	6.765308837887e-03
1.153028118629e-01	-2.892547694904e+00	-4.117156243432e-02	4.865098001552e-03
1.154362641914e-01	-2.679810202120e+00	-4.214829407760e-02	2.986911418050e-03
1.155697165199e-01	-2.504492159448e+00	-4.309022169487e-02	1.131187844593e-03
1.157031688485e-01	-2.364321536074e+00	-4.399717610947e-02	-7.016420635576e-04
1.158366211770e-01	-2.254146327562e+00	-4.486900040962e-02	-2.511155881766e-03
1.159700735056e-01	-2.179797101802e+00	-4.570554997411e-02	-4.296939541481e-03
1.161035258341e-01	-2.129578212276e+00	-4.650669249330e-02	-6.058587452449e-03
1.162369781627e-01	-2.105463324337e+00	-4.727230798551e-02	-7.795702621631e-03
1.163704304912e-01	-2.100253702724e+00	-4.800228880888e-02	-9.507896768780e-03
1.165038828198e-01	-2.110888128941e+00	-4.869653966849e-02	-1.119479043861e-02
1.166373351483e-01	-2.134063067047e+00	-4.935497761896e-02	-1.285601310955e-02
1.167707874768e-01	-2.161828097628e+00	-4.997753206240e-02	-1.449120329900e-02
1.169042398054e-01	-2.195847284989e+00	-5.056414474174e-02	-1.610000866509e-02
1.170376921339e-01	-2.223887838363e+00	-5.111476972943e-02	-1.768208610485e-02
1.171711444625e-01	-2.247418689025e+00	-5.162937341163e-02	-1.923710184882e-02
1.173045967910e-01	-2.258862157599e+00	-5.210793446768e-02	-2.076473155198e-02
1.174380491196e-01	-2.253684015384e+00	-5.255044384507e-02	-2.226466038105e-02
1.175715014481e-01	-2.232894040689e+00	-5.295690472983e-02	-2.373658309805e-02
1.177049537767e-01	-2.188218997511e+00	-5.332733251235e-02	-2.518020414018e-02
1.178384061052e-01	-2.118928169772e+00	-5.366175474864e-02	-2.659523769584e-02
1.179718584338e-01	-2.021899841631e+00	-5.396021111711e-02	-2.798140777697e-02
1.181053107623e-01	-1.898977871764e+00	-5.422275337082e-02	-2.933844828747e-02
1.182387630908e-01	-1.744004765730e+00	-5.444944528524e-02	-3.066610308784e-02
1.183722154194e-01	-1.558303103677e+00	-5.464036260156e-02	-3.196412605588e-02
1.185056677479e-01	-1.343754190511e+00	-5.479559296560e-02	-3.323228114359e-02
1.186391200765e-01	-1.099208462280e+00	-5.491523586221e-02	-3.447034243005e-02
1.187725724050e-01	-8.272976967922e-01	-5.499940254542e-02	-3.567809417046e-02
1.189060247336e-01	-5.297488484190e-01	-5.504821596413e-02	-3.685533084116e-02
1.190394770621e-01	-2.116917959719e-01	-5.506181068353e-02	-3.800185718074e-02
1.191729293907e-01	1.274295739381e-01	-5.504033280225e-02	-3.911748822712e-02
1.193063817192e-01	4.794727047041e-01	-5.498393986522e-02	-4.020204935068e-02
1.194398340477e-01	8.429319030997e-01	-5.489280077232e-02	-4.125537628337e-02
1.195732863763e-01	1.209454297945e+00	-5.476709568288e-02	-4.227731514384e-02
1.197067387048e-01	1.572047119965e+00	-5.460701591602e-02	-4.326772245848e-02
1.198401910334e-01	1.931490467183e+00	-5.441276384692e-02	-4.422646517856e-02
1.199736433619e-01	2.274943003811e+00	-5.418455279900e-02	-4.515342069321e-02
1.201070956905e-01	2.597084955032e+00	-5.392260693214e-02	-4.604847683849e-02
1.202405480190e-01	2.894465646781e+00	-5.362716112689e-02	-4.691153190239e-02
1.203740003476e-01	3.161451169162e+00	-5.329846086481e-02	-4.774249462579e-02
1.205074526761e-01	3.386015491089e+00	-5.293676210495e-02	-4.854128419944e-02
1.206409050047e-01	3.569278233968e+00	-5.254233115648e-02	-4.930783025692e-02
1.207743573332e-01	3.709129410354e+00	-5.211544454759e-02	-5.004207286357e-02
1.209078096617e-01	3.793358411014e+00	-5.165638889069e-02	-5.074396250147e-02
1.210412619903e-01	3.826688111777e+00	-5.116546074395e-02	-5.141346005040e-02
1.211747143188e-01	3.804922426300e+00	-5.064296646925e-02	-5.205053676485e-02
1.213081666474e-01	3.726562273103e+00	-5.008922208662e-02	-5.265517424710e-02
1.214416189759e-01	3.595197690093e+00	-4.950455312518e-02	-5.322736441627e-02
1.215750713045e-01	3.411887521164e+00	-4.888929447066e-02	-5.376710947359e-02
1.217085236330e-01	3.177192007010e+00	-4.824379020964e-02	-5.427442186364e-02
1.218419759616e-01	2.896688616720e+00	-4.756839347046e-02	-5.474932423181e-02
1.219754282901e-01	2.578876029354e+00	-4.686346626084e-02	-5.519184937782e-02
1.221088806186e-01	2.226649014020e+00	-4.612937930255e-02	-5.560204020549e-02
1.222423329472e-01	1.846759623879e+00	-4.536651186276e-02	-5.597994966865e-02
1.223757852757e-01	1.446304121025e+00	-4.457525158255e-02	-5.632564071331e-02
1.225092376043e-01	1.036655118138e+00	-4.375599430244e-02	-5.663918621608e-02
1.226426899328e-01	6.218287148308e-01	-4.290914388497e-02	-5.692066891884e-02
1.227761422614e-01	2.107275601966e-01	-4.203511203458e-02	-5.717018135981e-02
1.229095945899e-01	-1.832368110262e-01	-4.113431811474e-02	-5.738782580091e-02
1.230430469185e-01	-5.605518289063e-01	-4.020718896241e-02	-5.757371415151e-02
1.231764992470e-01	-9.121233447582e-01	-3.925415869996e-02	-5.772796788868e-02
1.233099515756e-01	-1.228058003693e+00	-3.827566854454e-02	-5.785071797385e-02
1.234434039041e-01	-1.508168612252e+00	-3.727216661514e-02	-5.794210476599e-02
1.235768562326e-01	-1.744210067995e+00	-3.624410773721e-02	-5.800227793137e-02
1.237103085612e-01	-1.929275861285e+00	-3.519195324505e-02	-5.803139634991e-02
1.238437608897e-01	-2.071844336576e+00	-3.411617078209e-02	-5.802962801815e-02
1.239772132183e-01	-2.164902536848e+00	-3.301723409901e-02	-5.799714994896e-02
1.241106655468e-01	-2.204572618199e+00	-3.189562284986e-02	-5.793414806800e-02
1.242441178754e-01	-2.200754973392e+00	-3.075182238630e-02	-5.784081710685e-02
1.243775702039e-01	-2.146974171158e+00	-2.958632354992e-02	-5.771736049318e-02
1.245110225325e-01	-2.047303590160e+00	-2.839962246292e-02	-5.756399023765e-02
1.246444748610e-01	-1.910362894443e+00	-2.719222031701e-02	-5.738092681786e-02
1.247779271895e-01	-1.739838702799e+00	-2.596462316078e-02	-5.716839905924e-02
1.249113795181e-01	-1.537751707834e+00	-2.471734168558e-02	-5.692664401309e-02
1.250448318466e-01	-1.309333033390e+00	-2.345089101002e-02	-5.665590683162e-02
1.251782841752e-01	-1.062704626338e+00	-2.216579046307e-02	-5.635644064031e-02
1.253117365037e-01	-8.011771912099e-01	-2.086256336598e-02	-5.602850640742e-02
1.254451888323e-01	-5.319772305895e-01	-1.954173681313e-02	-5.567237281081e-02
1.255786411608e-01	-2.589044205304e-01	-1.820384145169e-02	-5.528831610220e-02
1.257120934894e-01	1.002315011164e-02	-1.684941126046e-02	-5.487661996873e-02
1.258455458179e-01	2.738525251583e-01	-1.547898332774e-02	-5.443757539219e-02
1.259789981465e-01	5.312498481984e-01	-1.409309762852e-02	-5.397148050563e-02
1.261124504750e-01	7.721395062481e-01	-1.269229680088e-02	-5.347864044776e-02
1.262459028035e-01	1.000862576390e+00	-1.127712592190e-02	-5.295936721495e-02
1.263793551321e-01	1.214496849861e+00	-9.848132283006e-03	-5.241397951099e-02
1.265128074606e-01	1.409510121712e+00	-8.405865164950e-03	-5.184280259479e-02
1.266462597892e-01	1.592568520958e+00	-6.950875612447e-03	-5.124616812588e-02
1.267797121177e-01	1.762323747594e+00	-5.483716208607e-03	-5.062441400793e-02
1.269131644463e-01	1.917613761777e+00	-4.004940849235e-03	-4.997788423035e-02
1.270466167748e-01	2.066648923804e+00	-2.515104517098e-03	-4.930692870796e-02
1.271800691034e-01	2.211371151494e+00	-1.014763056252e-03	-4.861190311892e-02
1.273135214319e-01	2.351406998723e+00	4.955270534901e-04	-4.789316874088e-02
1.274469737604e-01	2.496559665412e+00	2.015208921834e-03	-4.715109228553e-02
1.275804260890e-01	2.647732201411e+00	3.543725472952e-03	-4.638604573156e-02
1.277138784175e-01	2.806010321685e+00	5.080519669996e-03	-4.559840615608e-02
1.278473307461e-01	2.981386097893e+00	6.625034739098e-03	-4.478855556469e-02
1.279807830746e-01	3.172804442242e+00	8.176714392747e-03	-4.395688072020e-02
1.281142354032e-01	3.382430232755e+00	9.735003052464e-03	-4.310377297001e-02
1.282476877317e-01	3.616455395190e+00	1.129934607069e-02	-4.222962807240e-02
1.283811400603e-01	3.871767610933e+00	1.286918995176e-02	-4.133484602166e-02
1.285145923888e-01	4.150910050527e+00	1.444398257195e-02	-4.041983087222e-02
1.286480447174e-01	4.457549989768e+00	1.602317339836e-02	-3.948499056182e-02
1.287814970459e-01	4.787118378132e+00	1.760621370677e-02	-3.853073673382e-02
1.289149493744e-01	5.137712628446e+00	1.919255679813e-02	-3.755748455874e-02
1.290484017030e-01	5.510170204434e+00	2.078165821374e-02	-3.656565255503e-02
1.291818540315e-01	5.903816739255e+00	2.237297594908e-02	-3.555566240932e-02
1.293153063601e-01	6.311296286254e+00	2.396597066602e-02	-3.452793879605e-02
1.294487586886e-01	6.729870648438e+00	2.556010590350e-02	-3.348290919664e-02
1.295822110172e-01	7.162283549438e+00	2.715484828647e-02	-3.242100371834e-02
1.297156633457e-01	7.597178284677e+00	2.874966773313e-02	-3.134265491269e-02
1.298491156743e-01	8.030615028235e+00	3.034403766021e-02	-3.024829759386e-02
1.299825680028e-01	8.466298635962e+00	3.193743518642e-02	-2.913836865675e-02
1.301160203313e-01	8.893246103072e+00	3.352934133379e-02	-2.801330689511e-02
1.302494726599e-01	9.307109046765e+00	3.511924122694e-02	-2.687355281965e-02
1.303829249884e-01	9.708842710622e+00	3.670662429013e-02	-2.571954847628e-02
1.305163773170e-01	1.008995311059e+01	3.829098444209e-02	-2.455173726447e-02
1.306498296455e-01	1.044771444236e+01	3.987182028849e-02	-2.337056375595e-02
1.307832819741e-01	1.078137228446e+01	4.144863531187e-02	-2.217647351370e-02
1.309167343026e-01	1.108498986448e+01	4.302093805929e-02	-2.096991291141e-02
1.310501866312e-01	1.135686002928e+01	4.458824232713e-02	-1.975132895338e-02
1.311836389597e-01	1.159483567814e+01	4.615006734348e-02	-1.852116909507e-02
1.313170912883e-01	1.179572574020e+01	4.770593794760e-02	-1.727988106424e-02
1.314505436168e-01	1.195875020710e+01	4.925538476671e-02	-1.602791268289e-02
1.315839959453e-01	1.208551296485e+01	5.079794438981e-02	-1.476571168996e-02
1.317174482739e-01	1.217304292909e+01	5.233315953864e-02	-1.349372556496e-02
1.318509006024e-01	1.222104530980e+01	5.386057923553e-02	-1.221240135253e-02
1.319843529310e-01	1.223336346658e+01	5.537975896824e-02	-1.092218548808e-02
1.321178052595e-01	1.220798124029e+01	5.689026085158e-02	-9.623523624491e-03
1.322512575881e-01	1.215086066024e+01	5.839165378590e-02	-8.316860460079e-03
1.323847099166e-01	1.206384899790e+01	5.988351361222e-02	-7.002639567756e-03
1.325181622452e-01	1.194831120353e+01	6.136542326403e-02	-5.681303225557e-03
1.326516145737e-01	1.181041623440e+01	6.283697291573e-02	-4.353292248566e-03
1.327850669022e-01	1.165261460399e+01	6.429776012755e-02	-3.019045822323e-03
1.329185192308e-01	1.148052362635e+01	6.574738998697e-02	-1.679001337774e-03
1.330519715593e-01	1.129916685444e+01	6.718547524658e-02	-3.335942278397e-04
1.331854238879e-01	1.111491703844e+01	6.861163645826e-02	1.016742194334e-03
1.333188762164e-01	1.093175690560e+01	7.002550210371e-02	2.371576895374e-03
1.334523285450e-01	1.075409510843e+01	7.142670872121e-02	3.730481279859e-03
1.335857808735e-01	1.058647528292e+01	7.281490102863e-02	5.093029346618e-03
1.337192332021e-01	1.043631847066e+01	7.418973204256e-02	6.458797843084e-03
1.338526855306e-01	1.030699119220e+01	7.555086319355e-02	7.827366417637e-03
1.339861378591e-01	1.020102527067e+01	7.689796443746e-02	9.198317769881e-03
1.341195901877e-01	1.012664985539e+01	7.823071436282e-02	1.057123779878e-02
1.342530425162e-01	1.008190270207e+01	7.954880029413e-02	1.194571574862e-02
1.343864948448e-01	1.007005540745e+01	8.085191839114e-02	1.332134435270e-02
1.345199471733e-01	1.009518057105e+01	8.213977374406e-02	1.469771997474e-02
1.346533995019e-01	1.015728287483e+01	8.341208046456e-02	1.607444274792e-02
1.347868518304e-01	1.025769065852e+01	8.466856177270e-02	1.745111671149e-02
1.349203041590e-01	1.039505393751e+01	8.590895007954e-02	1.882734994495e-02
1.350537564875e-01	1.056851041200e+01	8.713298706565e-02	2.020275469964e-02
1.351872088161e-01	1.077691179856e+01	8.834042375527e-02	2.157694752785e-02
1.353206611446e-01	1.101895125744e+01	8.953102058619e-02	2.294954940923e-02
1.354541134731e-01	1.129121382705e+01	9.070454747533e-02	2.432018587458e-02
1.355875658017e-01	1.159057126200e+01	9.186078388001e-02	2.568848712692e-02
1.357210181302e-01	1.191408542847e+01	9.299951885482e-02	2.705408815975e-02
1.358544704588e-01	1.225724498875e+01	9.412055110409e-02	2.841662887262e-02
1.359879227873e-01	1.261796673477e+01	9.522368903006e-02	2.977575418374e-02
1.361213751159e-01	1.299124224934e+01	9.630875077649e-02	3.113111413978e-02
1.362548274444e-01	1.337319144685e+01	9.737556426798e-02	3.248236402269e-02
1.363882797730e-01	1.376147985888e+01	9.842396724476e-02	3.382916445363e-02
1.365217321015e-01	1.414813364360e+01	9.945380729308e-02	3.517118149385e-02
1.366551844300e-01	1.453527247979e+01	1.004649418711e-01	3.650808674255e-02
1.367886367586e-01	1.491997394607e+01	1.014572383303e-01	3.783955743170e-02
1.369220890871e-01	1.529353694269e+01	1.024305739325e-01	3.916527651773e-02
1.370555414157e-01	1.565981834266e+01	1.033848358625e-01	4.048493277014e-02
1.371889937442e-01	1.601353522925e+01	1.043199212357e-01	4.179822085691e-02
1.373224460728e-01	1.635240068518e+01	1.052357371020e-01	4.310484142677e-02
1.374558984013e-01	1.667865086678e+01	1.061322004448e-01	4.440450118826e-02
1.375893507299e-01	1.698779865471e+01	1.070092381757e-01	4.569691298554e-02
1.377228030584e-01	1.727941339838e+01	1.078667871243e-01	4.698179587101e-02
1.378562553870e-01	1.755536276954e+01	1.087047940245e-01	4.825887517458e-02
1.379897077155e-01	1.781195536171e+01	1.095232154951e-01	4.952788256972e-02
1.381231600440e-01	1.804659052924e+01	1.103220180173e-01	5.078855613622e-02
1.382566123726e-01	1.826902657804e+01	1.111011779067e-01	5.204064041954e-02
1.383900647011e-01	1.847083491285e+01	1.118606812815e-01	5.328388648695e-02
1.385235170297e-01	1.865053052573e+01	1.126005240262e-01	5.451805198026e-02
1.386569693582e-01	1.881646146499e+01	1.133207117508e-01	5.574290116517e-02
1.387904216868e-01	1.896058624456e+01	1.140212597461e-01	5.695820497737e-02
1.389238740153e-01	1.908898552326e+01	1.147021929340e-01	5.816374106515e-02
1.390573263439e-01	1.920000611608e+01	1.153635458143e-01	5.935929382873e-02
1.391907786724e-01	1.929226142694e+01	1.160053624063e-01	6.054465445615e-02
1.393242310009e-01	1.936989875924e+01	1.166276961875e-01	6.171962095586e-02
1.394576833295e-01	1.943050096588e+01	1.172306100266e-01	6.288399818584e-02
1.395911356580e-01	1.947614076786e+01	1.178141761138e-01	6.403759787943e-02
1.397245879866e-01	1.950440858780e+01	1.183784758857e-01	6.518023866776e-02
1.398580403151e-01	1.952146249609e+01	1.189235999470e-01	6.631174609878e-02
1.399914926437e-01	1.952369482795e+01	1.194496479876e-01	6.743195265297e-02
1.401249449722e-01	1.950966801050e+01	1.199567286965e-01	6.854069775571e-02
1.402583973008e-01	1.948478594068e+01	1.204449596705e-01	6.963782778626e-02
1.403918496293e-01	1.944440931594e+01	1.209144673201e-01	7.072319608344e-02
1.405253019579e-01	1.939198319408e+01	1.213653867711e-01	7.179666294803e-02
1.406587542864e-01	1.932400581115e+01	1.217978617623e-01	7.285809564177e-02
1.407922066149e-01	1.924256772671e+01	1.222120445394e-01	7.390736838315e-02
1.409256589435e-01	1.914733644884e+01	1.226080957456e-01	7.494436233995e-02
1.410591112720e-01	1.903679921400e+01	1.229861843081e-01	7.596896561844e-02
1.411925636006e-01	1.891106294923e+01	1.233464873209e-01	7.698107324942e-02
1.413260159291e-01	1.876663135344e+01	1.236891899246e-01	7.798058717105e-02
1.414594682577e-01	1.860845709517e+01	1.240144851823e-01	7.896741620846e-02
1.415929205862e-01	1.843049992230e+01	1.243225739520e-01	7.994147605024e-02
1.417263729148e-01	1.823571551834e+01	1.246136647559e-01	8.090268922178e-02
1.418598252433e-01	1.802200503915e+01	1.248879736461e-01	8.185098505550e-02
1.419932775718e-01	1.778832001077e+01	1.251457240672e-01	8.278629965803e-02
1.421267299004e-01	1.753819352317e+01	1.253871467160e-01	8.370857587429e-02
1.422601822289e-01	1.726434857846e+01	1.256124793972e-01	8.461776324865e-02
1.423936345575e-01	1.697421413290e+01	1.258219668773e-01	8.551381798304e-02
1.425270868860e-01	1.666432651036e+01	1.260158607341e-01	8.639670289213e-02
1.426605392146e-01	1.633430318041e+01	1.261944192048e-01	8.726638735562e-02
1.427939915431e-01	1.598638730386e+01	1.263579070299e-01	8.812284726765e-02
1.429274438717e-01	1.562062404293e+01	1.265065952950e-01	8.896606498338e-02
1.430608962002e-01	1.523805036878e+01	1.266407612702e-01	8.979602926277e-02
1.431943485288e-01	1.483548860787e+01	1.267606882460e-01	9.061273521166e-02
1.433278008573e-01	1.442002489443e+01	1.268666653675e-01	9.141618422004e-02
1.434612531858e-01	1.398735261885e+01	1.269589874655e-01	9.220638389779e-02
1.435947055144e-01	1.354109294714e+01	1.270379548859e-01	9.298334800769e-02
1.437281578429e-01	1.308081293282e+01	1.271038733160e-01	9.374709639588e-02
1.438616101715e-01	1.260599812701e+01	1.271570536091e-01	9.449765491987e-02
1.439950625000e-01	1.212240078009e+01	1.271978116068e-01	9.523505537398e-02
1.441285148286e-01	1.162342581758e+01	1.272264679594e-01	9.595933541236e-02
1.442619671571e-01	1.111446436635e+01	1.272433479440e-01	9.667053846970e-02
1.443954194857e-01	1.059747423404e+01	1.272487812810e-01	9.736871367955e-02
1.445288718142e-01	1.007146528751e+01	1.272431019485e-01	9.805391579036e-02
1.446623241427e-01	9.535496827118e+00	1.272266479952e-01	9.872620507935e-02
1.447957764713e-01	8.990742821691e+00	1.271997613518e-01	9.938564726414e-02
1.449292287998e-01	8.439734356680e+00	1.271627876406e-01	1.000323134123e-01
1.450626811284e-01	7.884042722154e+00	1.271160759832e-01	1.006662798489e-01
1.451961334569e-01	7.323168846871e+00	1.270599788080e-01	1.012876280620e-01
1.453295857855e-01	6.752677246191e+00	1.269948516556e-01	1.018964446058e-01
1.454630381140e-01	6.183569604304e+00	1.269210529826e-01	1.024928210032e-01
1.455964904426e-01	5.609935955997e+00	1.268389439654e-01	1.030768536445e-01
1.457299427711e-01	5.029585160066e+00	1.267488883023e-01	1.036486436862e-01
1.458633950997e-01	4.452086807997e+00	1.266512520145e-01	1.042082969471e-01
1.459968474282e-01	3.873018264583e+00	1.265464032471e-01	1.047559238030e-01
1.461302997567e-01	3.292677220920e+00	1.264347120682e-01	1.052916390797e-01
1.462637520853e-01	2.711937795856e+00	1.263165502685e-01	1.058155619447e-01
1.463972044138e-01	2.133398771949e+00	1.261922911593e-01	1.063278157969e-01
1.465306567424e-01	1.558231423943e+00	1.260623093711e-01	1.068285281561e-01
1.466641090709e-01	9.860982067639e-01	1.259269806509e-01	1.073178305492e-01
1.467975613995e-01	4.146326099624e-01	1.257866816597e-01	1.077958583973e-01
1.469310137280e-01	-1.494601803819e-01	1.256417897699e-01	1.082627508998e-01
1.470644660566e-01	-7.069029212281e-01	1.254926828621e-01	1.087186509183e-01
1.471979183851e-01	-1.262615640985e+00	1.253397391224e-01	1.091637048596e-01
1.473313707136e-01	-1.807008788792e+00	1.251833368396e-01	1.095980625564e-01
1.474648230422e-01	-2.345890084483e+00	1.250238542027e-01	1.100218771485e-01
1.475982753707e-01	-2.875950851135e+00	1.248616690985e-01	1.104353049626e-01
1.477317276993e-01	-3.395970406711e+00	1.246971589095e-01	1.108385053907e-01
1.478651800278e-01	-3.909706007275e+00	1.245307003128e-01	1.112316407683e-01
1.479986323564e-01	-4.408850732827e+00	1.243626690789e-01	1.116148762521e-01
1.481320846849e-01	-4.896086516587e+00	1.241934398713e-01	1.119883796965e-01
1.482655370135e-01	-5.376213231026e+00	1.240233860473e-01	1.123523215297e-01
1.483989893420e-01	-5.843167835641e+00	1.238528794593e-01	1.127068746296e-01
1.485324416706e-01	-6.293590239174e+00	1.236822902565e-01	1.130522141988e-01
1.486658939991e-01	-6.733252537984e+00	1.235119866889e-01	1.133885176397e-01
1.487993463276e-01	-7.156176763396e+00	1.233423349108e-01	1.137159644287e-01
1.489327986562e-01	-7.565983282081e+00	1.231736987872e-01	1.140347359908e-01
1.490662509847e-01	-7.961249130338e+00	1.230064396997e-01	1.143450155734e-01
1.491997033133e-01	-8.335029305431e+00	1.228409163555e-01	1.146469881205e-01
1.493331556418e-01	-8.696174168862e+00	1.226774845963e-01	1.149408401467e-01
1.494666079704e-01	-9.037147910806e+00	1.225164972100e-01	1.152267596106e-01
1.496000602989e-01	-9.356506981879e+00	1.223583037433e-01	1.155049357894e-01
1.497335126275e-01	-9.659100672646e+00	1.222032503159e-01	1.157755591528e-01
1.498669649560e-01	-9.941929186656e+00	1.220516794376e-01	1.160388212371e-01
1.500004172845e-01	-1.020181515860e+01	1.219039298253e-01	1.162949145202e-01
1.501338696131e-01	-1.043989281531e+01	1.217603362244e-01	1.165440322960e-01
1.502673219416e-01	-1.065512435710e+01	1.216212292299e-01	1.167863685502e-01
1.504007742702e-01	-1.084805928154e+01	1.214869351115e-01	1.170221178355e-01
1.505342265987e-01	-1.102356053843e+01	1.213577756396e-01	1.172514751484e-01
1.506676789273e-01	-1.117170551775e+01	1.212340679143e-01	1.174746358053e-01
1.508011312558e-01	-1.130036310990e+01	1.211161241968e-01	1.176917953204e-01
1.509345835844e-01	-1.141122019785e+01	1.210042517423e-01	1.179031492838e-01
1.510680359129e-01	-1.149733845471e+01	1.208987526368e-01	1.181088932398e-01
1.512014882415e-01	-1.156985301669e+01	1.207999236356e-01	1.183092225672e-01
1.513349405700e-01	-1.162455496290e+01	1.207080560042e-01	1.185043323592e-01
1.514683928985e-01	-1.166373568573e+01	1.206234353631e-01	1.186944173049e-01
1.516018452271e-01	-1.169173967150e+01	1.205463415341e-01	1.188796715719e-01
1.517352975556e-01	-1.170573511571e+01	1.204770483905e-01	1.190602886894e-01
1.518687498842e-01	-1.171123587855e+01	1.204158237093e-01	1.192364614326e-01
1.520022022127e-01	-1.171281874360e+01	1.203629290273e-01	1.194083817081e-01
1.521356545413e-01	-1.170617124978e+01	1.203186194997e-01	1.195762404412e-01
1.522691068698e-01	-1.169404322769e+01	1.202831437620e-01	1.197402274629e-01
1.524025591984e-01	-1.168536061485e+01	1.202567437950e-01	1.199005313999e-01
1.525360115269e-01	-1.167114121810e+01	1.202396547934e-01	1.200573395649e-01
1.526694638554e-01	-1.165830106647e+01	1.202321050373e-01	1.202108378482e-01
1.528029161840e-01	-1.164934480603e+01	1.202343157670e-01	1.203612106114e-01
1.529363685125e-01	-1.163828054314e+01	1.202465010619e-01	1.205086405818e-01
1.530698208411e-01	-1.163230140555e+01	1.202688677223e-01	1.206533087491e-01
1.532032731696e-01	-1.162428424958e+01	1.203016151547e-01	1.207953942631e-01
1.533367254982e-01	-1.161755662075e+01	1.203449352609e-01	1.209350743327e-01
1.534701778267e-01	-1.161462958322e+01	1.203990123310e-01	1.210725241278e-01
1.536036301553e-01	-1.160651545534e+01	1.204640229393e-01	1.212079166813e-01
1.537370824838e-01	-1.159638210547e+01	1.205401358451e-01	1.213414227942e-01
1.538705348124e-01	-1.158395203138e+01	1.206275118958e-01	1.214732109412e-01
1.540039871409e-01	-1.156259884536e+01	1.207263039351e-01	1.216034471792e-01
1.541374394694e-01	-1.153571119858e+01	1.208366567147e-01	1.217322950573e-01
1.542708917980e-01	-1.149927218992e+01	1.209587068091e-01	1.218599155280e-01
1.544043441265e-01	-1.144836115360e+01	1.210925825359e-01	1.219864668611e-01
1.545377964551e-01	-1.138963397357e+01	1.212384038784e-01	1.221121045596e-01
1.546712487836e-01	-1.131142490847e+01	1.213962824133e-01	1.222369812768e-01
1.548047011122e-01	-1.121470887051e+01	1.215663212423e-01	1.223612467360e-01
1.549381534407e-01	-1.110788100019e+01	1.217486149271e-01	1.224850476521e-01
1.550716057693e-01	-1.097873186083e+01	1.219432494296e-01	1.226085276556e-01
1.552050580978e-01	-1.082834286636e+01	1.221503020548e-01	1.227318272174e-01
1.553385104263e-01	-1.066107153572e+01	1.223698413996e-01	1.228550835778e-01
1.554719627549e-01	-1.047190858374e+01	1.226019273038e-01	1.229784306756e-01
1.556054150834e-01	-1.026377062490e+01	1.228466108071e-01	1.231019990806e-01
1.557388674120e-01	-1.003776567178e+01	1.231039341091e-01	1.232259159279e-01
1.558723197405e-01	-9.790033312646e+00	1.233739305341e-01	1.233503048544e-01
1.560057720691e-01	-9.525490791098e+00	1.236566244997e-01	1.234752859376e-01
1.561392243976e-01	-9.243119307902e+00	1.239520314903e-01	1.236009756365e-01
1.562726767262e-01	-8.941902921962e+00	1.242601580341e-01	1.237274867350e-01
1.564061290547e-01	-8.627648674723e+00	1.245810016851e-01	1.238549282871e-01
1.565395813832e-01	-8.297582368565e+00	1.249145510088e-01	1.239834055652e-01
1.566730337118e-01	-7.951974688207e+00	1.252607855723e-01	1.241130200099e-01
1.568064860403e-01	-7.594179767031e+00	1.256196759392e-01	1.242438691825e-01
1.569399383689e-01	-7.221308661664e+00	1.259911836682e-01	1.243760467197e-01
1.570733906974e-01	-6.836399091676e+00	1.263752613157e-01	1.245096422911e-01
1.572068430260e-01	-6.442144112163e+00	1.267718524442e-01	1.246447415581e-01
1.573402953545e-01	-6.031325852148e+00	1.271808916327e-01	1.247814261361e-01
1.574737476831e-01	-5.609879155260e+00	1.276023044937e-01	1.249197735585e-01
1.576072000116e-01	-5.178984193642e+00	1.280360076927e-01	1.250598572432e-01
1.577406523402e-01	-4.731728076592e+00	1.284819089727e-01	1.252017464618e-01
1.578741046687e-01	-4.275125038479e+00	1.289399071834e-01	1.253455063103e-01
1.580075569972e-01	-3.806123361277e+00	1.294098923132e-01	1.254911976836e-01
1.581410093258e-01	-3.323790269779e+00	1.298917455271e-01	1.256388772505e-01
1.582744616543e-01	-2.831457606437e+00	1.303853392077e-01	1.257885974329e-01
1.584079139829e-01	-2.325916088793e+00	1.308905370005e-01	1.259404063862e-01
1.585413663114e-01	-1.809298706074e+00	1.314071938637e-01	1.260943479825e-01
1.586748186400e-01	-1.283318510561e+00	1.319351561222e-01	1.262504617960e-01
1.588082709685e-01	-7.470582124337e-01	1.324742615248e-01	1.264087830910e-01
1.589417232971e-01	-2.010406074052e-01	1.330243393067e-01	1.265693428117e-01
1.590751756256e-01	3.508505595461e-01	1.335852102554e-01	1.267321675753e-01
1.592086279541e-01	9.107007013929e-01	1.341566867801e-01	1.268972796664e-01
1.593420802827e-01	1.475729645166e+00	1.347385729866e-01	1.270646970341e-01
1.594755326112e-01	2.042633253243e+00	1.353306647544e-01	1.272344332920e-01
1.596089849398e-01	2.613543009446e+00	1.359327498189e-01	1.274064977193e-01
1.597424372683e-01	3.183157342597e+00	1.365446078568e-01	1.275808952652e-01
1.598758895969e-01	3.751668650250e+00	1.371660105761e-01	1.277576265553e-01
1.600093419254e-01	4.318234521889e+00	1.377967218088e-01	1.279366878998e-01
1.601427942540e-01	4.877766283879e+00	1.384364976084e-01	1.281180713045e-01
1.602762465825e-01	5.432454118004e+00	1.390850863504e-01	1.283017644838e-01
1.604096989111e-01	5.979501330901e+00	1.397422288366e-01	1.284877508757e-01
1.605431512396e-01	6.511494161853e+00	1.404076584035e-01	1.286760096594e-01
1.606766035681e-01	7.035395862348e+00	1.410811010333e-01	1.288665157746e-01
1.608100558967e-01	7.547308715966e+00	1.417622754694e-01	1.290592399432e-01
1.609435082252e-01	8.039678105070e+00	1.424508933348e-01	1.292541486930e-01
1.610769605538e-01	8.519561079445e+00	1.431466592536e-01	1.294512043836e-01
1.612104128823e-01	8.977128909092e+00	1.438492709767e-01	1.296503652342e-01
1.613438652109e-01	9.415369626140e+00	1.445584195102e-01	1.298515853535e-01
1.614773175394e-01	9.837380764461e+00	1.452737892470e-01	1.300548147717e-01
1.616107698680e-01	1.023209254186e+01	1.459950581016e-01	1.302599994740e-01
1.617442221965e-01	1.060523892776e+01	1.467218976483e-01	1.304670814371e-01
1.618776745250e-01	1.095666425422e+01	1.474539732623e-01	1.306759986664e-01
1.620111268536e-01	1.128172314624e+01	1.481909442632e-01	1.308866852358e-01
1.621445791821e-01	1.158205220604e+01	1.489324640624e-01	1.310990713290e-01
1.622780315107e-01	1.185934972673e+01	1.496781803125e-01	1.313130832834e-01
1.624114838392e-01	1.211119360056e+01	1.504277350598e-01	1.315286436344e-01
1.625449361678e-01	1.233950184534e+01	1.511807648999e-01	1.317456711629e-01
1.626783884963e-01	1.254451066682e+01	1.519369011348e-01	1.319640809436e-01
1.628118408249e-01	1.272449258517e+01	1.526957699340e-01	1.321837843951e-01
1.629452931534e-01	1.288609394319e+01	1.534569924966e-01	1.324046893325e-01
1.630787454820e-01	1.302523629250e+01	1.542201852172e-01	1.326267000202e-01
1.632121978105e-01	1.314528729261e+01	1.549849598531e-01	1.328497172274e-01
1.633456501390e-01	1.324912487487e+01	1.557509236942e-01	1.330736382849e-01
1.634791024676e-01	1.333278898750e+01	1.565176797353e-01	1.332983571430e-01
1.636125547961e-01	1.340327935492e+01	1.572848268496e-01	1.335237644315e-01
1.637460071247e-01	1.345987003919e+01	1.580519599654e-01	1.337497475206e-01
1.638794594532e-01	1.350330126886e+01	1.588186702439e-01	1.339761905833e-01
1.640129117818e-01	1.353739947121e+01	1.595845452592e-01	1.342029746595e-01
1.641463641103e-01	1.356054743808e+01	1.603491691798e-01	1.344299777212e-01
1.642798164389e-01	1.357258182404e+01	1.611121229523e-01	1.346570747387e-01
1.644132687674e-01	1.358034947297e+01	1.618729844864e-01	1.348841377484e-01
1.645467210959e-01	1.358162023011e+01	1.626313288410e-01	1.351110359217e-01
1.646801734245e-01	1.357574456927e+01	1.633867284126e-01	1.353376356353e-01
1.648136257530e-01	1.356804543822e+01	1.641387531246e-01	1.355638005416e-01
1.649470780816e-01	1.355455136736e+01	1.648869706178e-01	1.357893916420e-01
1.650805304101e-01	1.353965856129e+01	1.656309464420e-01	1.360142673590e-01
1.652139827387e-01	1.352391961312e+01	1.663702442492e-01	1.362382836115e-01
1.653474350672e-01	1.350777872282e+01	1.671044259875e-01	1.364612938891e-01
1.654808873958e-01	1.349171423072e+01	1.678330520956e-01	1.366831493288e-01
1.656143397243e-01	1.347554548150e+01	1.685556816989e-01	1.369036987915e-01
1.657477920529e-01	1.346151375311e+01	1.692718728054e-01	1.371227889403e-01
1.658812443814e-01	1.344787900238e+01	1.699811825034e-01	1.373402643184e-01
1.660146967099e-01	1.343944334705e+01	1.706831671586e-01	1.375559674287e-01
1.661481490385e-01	1.343229844285e+01	1.713773826125e-01	1.377697388139e-01
1.662816013670e-01	1.342759188716e+01	1.720633843807e-01	1.379814171368e-01
1.664150536956e-01	1.342539409654e+01	1.727407278520e-01	1.381908392615e-01
1.665485060241e-01	1.342511696630e+01	1.734089684875e-01	1.383978403354e-01
1.666819583527e-01	1.342594712150e+01	1.740676620192e-01	1.386022538713e-01
1.668154106812e-01	1.342809751664e+01	1.747163646500e-01	1.388039118302e-01
1.669488630098e-01	1.343289945022e+01	1.753546332523e-01	1.390026447045e-01
1.670823153383e-01	1.343226755012e+01	1.759820255670e-01	1.391982816013e-01
1.672157676668e-01	1.343180569953e+01	1.765981004027e-01	1.393906503267e-01
1.673492199954e-01	1.342677102435e+01	1.772024178340e-01	1.395795774697e-01
1.674826723239e-01	1.341797771669e+01	1.777945393992e-01	1.397648884870e-01
1.676161246525e-01	1.340331835246e+01	1.783740282984e-01	1.399464077871e-01
1.677495769810e-01	1.337918909989e+01	1.789404495903e-01	1.401239588157e-01
1.678830293096e-01	1.334925054271e+01	1.794933703883e-01	1.402973641407e-01
1.680164816381e-01	1.330566264940e+01	1.800323600563e-01	1.404664455366e-01
1.681499339667e-01	1.325394355971e+01	1.805569904035e-01	1.406310240706e-01
1.682833862952e-01	1.318885138647e+01	1.810668358779e-01	1.407909201870e-01
1.684168386238e-01	1.311259289657e+01	1.815614737593e-01	1.409459537925e-01
1.685502909523e-01	1.302330388452e+01	1.820404843508e-01	1.410959443415e-01
1.686837432808e-01	1.291844768293e+01	1.825034511695e-01	1.412407109208e-01
1.688171956094e-01	1.280195705863e+01	1.829499611355e-01	1.413800723342e-01
1.689506479379e-01	1.266925218284e+01	1.833796047600e-01	1.415138471875e-01
1.690841002665e-01	1.252694681580e+01	1.837919763315e-01	1.416418539728e-01
1.692175525950e-01	1.236817769187e+01	1.841866741007e-01	1.417639111521e-01
1.693510049236e-01	1.219706967549e+01	1.845633004640e-01	1.418798372417e-01
1.694844572521e-01	1.201432142419e+01	1.849214621452e-01	1.419894508954e-01
1.696179095807e-01	1.181821830366e+01	1.852607703750e-01	1.420925709876e-01
1.697513619092e-01	1.161232651009e+01	1.855808410693e-01	1.421890166958e-01
1.698848142377e-01	1.139392478239e+01	1.858812950053e-01	1.422786075831e-01
1.700182665663e-01	1.116828672274e+01	1.861617579956e-01	1.423611636798e-01
1.701517188948e-01	1.093182990825e+01	1.864218610600e-01	1.424365055646e-01
1.702851712234e-01	1.068797435045e+01	1.866612405961e-01	1.425044544452e-01
1.704186235519e-01	1.043454606255e+01	1.868795385462e-01	1.425648322383e-01
1.705520758805e-01	1.017670698866e+01	1.870764025631e-01	1.426174616495e-01
1.706855282090e-01	9.914305113168e+00	1.872514861732e-01	1.426621662513e-01
1.708189805376e-01	9.642473392104e+00	1.874044489369e-01	1.426987705621e-01
1.709524328661e-01	9.369795005636e+00	1.875349566068e-01	1.427271001230e-01
1.710858851947e-01	9.090989137229e+00	1.876426812832e-01	1.427469815744e-01
1.712193375232e-01	8.809338174023e+00	1.877273015671e-01	1.427582427323e-01
1.713527898517e-01	8.523551624599e+00	1.877885027102e-01	1.427607126631e-01
1.714862421803e-01	8.235006143201e+00	1.878259767626e-01	1.427542217579e-01
1.716196945088e-01	7.945132910266e+00	1.878394227171e-01	1.427386018057e-01
1.717531468374e-01	7.649510736161e+00	1.878285466509e-01	1.427136860661e-01
1.718865991659e-01	7.350721135815e+00	1.877930618646e-01	1.426793093408e-01
1.720200514945e-01	7.048662611648e+00	1.877326890179e-01	1.426353080441e-01
1.721535038230e-01	6.744181917494e+00	1.876471562618e-01	1.425815202728e-01
1.722869561516e-01	6.432155856622e+00	1.875361993688e-01	1.425177858745e-01
1.724204084801e-01	6.118333446466e+00	1.873995618587e-01	1.424439465157e-01
1.725538608086e-01	5.798556917776e+00	1.872369951221e-01	1.423598457479e-01
1.726873131372e-01	5.471646702696e+00	1.870482585398e-01	1.422653290738e-01
1.728207654657e-01	5.141216040662e+00	1.868331195997e-01	1.421602440110e-01
1.729542177943e-01	4.802257767648e+00	1.865913540098e-01	1.420444401560e-01
1.730876701228e-01	4.461107705149e+00	1.863227458075e-01	1.419177692462e-01
1.732211224514e-01	4.112409283269e+00	1.860270874665e-01	1.417800852208e-01
1.733545747799e-01	3.755973108211e+00	1.857041799987e-01	1.416312442812e-01
1.734880271085e-01	3.395262429426e+00	1.853538330537e-01	1.414711049494e-01
1.736214794370e-01	3.031581662961e+00	1.849758650144e-01	1.412995281256e-01
1.737549317656e-01	2.662634642928e+00	1.845701030884e-01	1.411163771449e-01
1.738883840941e-01	2.288532002567e+00	1.841363833966e-01	1.409215178320e-01
1.740218364226e-01	1.912718159813e+00	1.836745510574e-01	1.407148185552e-01
1.741552887512e-01	1.531484338722e+00	1.831844602676e-01	1.404961502793e-01
1.742887410797e-01	1.150823818619e+00	1.826659743788e-01	1.402653866167e-01
1.744221934083e-01	7.677765187258e-01	1.821189659713e-01	1.400224038775e-01
1.745556457368e-01	3.834217889222e-01	1.815433169225e-01	1.397670811186e-01
1.746890980654e-01	-1.786877628194e-03	1.809389184727e-01	1.394993001907e-01
1.748225503939e-01	-3.888708893053e-01	1.803056712867e-01	1.392189457849e-01
1.749560027225e-01	-7.753624882363e-01	1.796434855111e-01	1.389259054773e-01
1.750894550510e-01	-1.164256613274e+00	1.789522808278e-01	1.386200697728e-01
1.752229073795e-01	-1.552511104990e+00	1.782319865040e-01	1.383013321470e-01
1.753563597081e-01	-1.942562603950e+00	1.774825414375e-01	1.379695890872e-01
1.754898120366e-01	-2.334854061010e+00	1.767038941988e-01	1.376247401318e-01
1.756232643652e-01	-2.731622024778e+00	1.758960030683e-01	1.372666879087e-01
1.757567166937e-01	-3.129764563912e+00	1.750588360701e-01	1.368953381716e-01
1.758901690223e-01	-3.532015955721e+00	1.741923710016e-01	1.365105998360e-01
1.760236213508e-01	-3.940711320336e+00	1.732965954592e-01	1.361123850125e-01
1.761570736794e-01	-4.352458024054e+00	1.723715068594e-01	1.357006090402e-01
1.762905260079e-01	-4.774307761990e+00	1.714171124568e-01	1.352751905175e-01
1.764239783365e-01	-5.202410962302e+00	1.704334293568e-01	1.348360513323e-01
1.765574306650e-01	-5.639515071359e+00	1.694204845255e-01	1.343831166902e-01
1.766908829935e-01	-6.084751718279e+00	1.683783147945e-01	1.339163151421e-01
1.768243353221e-01	-6.539483386061e+00	1.673069668623e-01	1.334355786095e-01
1.769577876506e-01	-7.005364981424e+00	1.662064972915e-01	1.329408424092e-01
1.770912399792e-01	-7.480613897728e+00	1.650769725016e-01	1.324320452765e-01
1.772246923077e-01	-7.969605496075e+00	1.639184687583e-01	1.319091293864e-01
1.773581446363e-01	-8.465332917811e+00	1.627310721581e-01	1.313720403742e-01
1.774915969648e-01	-8.974221986986e+00	1.615148786097e-01	1.308207273544e-01
1.776250492934e-01	-9.492864536575e+00	1.602699938106e-01	1.302551429383e-01
1.777585016219e-01	-1.002021719878e+01	1.589965332202e-01	1.296752432499e-01
1.778919539504e-01	-1.055902210157e+01	1.576946220285e-01	1.290809879415e-01
1.780254062790e-01	-1.110467800020e+01	1.563643951214e-01	1.284723402065e-01
1.781588586075e-01	-1.165966007608e+01	1.550059970415e-01	1.278492667919e-01
1.782923109361e-01	-1.221925312485e+01	1.536195819453e-01	1.272117380093e-01
1.784257632646e-01	-1.278593580877e+01	1.522053135563e-01	1.265597277443e-01
1.785592155932e-01	-1.335544191704e+01	1.507633651144e-01	1.258932134647e-01
1.786926679217e-01	-1.392886214363e+01	1.492939193213e-01	1.252121762277e-01
1.788261202503e-01	-1.450545147987e+01	1.477971682819e-01	1.245166006852e-01
1.789595725788e-01	-1.508092163030e+01	1.462733134428e-01	1.238064750887e-01
1.790930249073e-01	-1.565662513284e+01	1.447225655253e-01	1.230817912918e-01
1.792264772359e-01	-1.622993722511e+01	1.431451444569e-01	1.223425447527e-01
1.793599295644e-01	-1.680141315066e+01	1.415412792970e-01	1.215887345342e-01
1.794933818930e-01	-1.736788070039e+01	1.399112081601e-01	1.208203633035e-01
1.796268342215e-01	-1.793058469201e+01	1.382551781355e-01	1.200374373302e-01
1.797602865501e-01	-1.848376061341e+01	1.365734452026e-01	1.192399664834e-01
1.798937388786e-01	-1.903048625643e+01	1.348662741431e-01	1.184279642271e-01
1.800271912072e-01	-1.956928716122e+01	1.331339384501e-01	1.176014476153e-01
1.801606435357e-01	-2.009662563381e+01	1.313767202327e-01	1.167604372850e-01
1.802940958643e-01	-2.061515941351e+01	1.295949101184e-01	1.159049574486e-01
1.804275481928e-01	-2.111660096629e+01	1.277888071511e-01	1.150350358849e-01
1.805610005213e-01	-2.160690186112e+01	1.259587186864e-01	1.141507039295e-01
1.806944528499e-01	-2.208067570548e+01	1.241049602834e-01	1.132519964632e-01
1.808279051784e-01	-2.253854962375e+01	1.222278555931e-01	1.123389519002e-01
1.809613575070e-01	-2.297887912721e+01	1.203277362442e-01	1.114116121745e-01
1.810948098355e-01	-2.339694839623e+01	1.184049417250e-01	1.104700227259e-01
1.812282621641e-01	-2.379832278898e+01	1.164598192630e-01	1.095142324845e-01
1.813617144926e-01	-2.417434723569e+01	1.144927237009e-01	1.085442938542e-01
1.814951668212e-01	-2.452992667772e+01	1.125040173699e-01	1.075602626955e-01
1.816286191497e-01	-2.486322573459e+01	1.104940699601e-01	1.065621983071e-01
1.817620714782e-01	-2.517132692565e+01	1.084632583880e-01	1.055501634065e-01
1.818955238068e-01	-2.545602413364e+01	1.064119666613e-01	1.045242241097e-01
1.820289761353e-01	-2.571712684028e+01	1.043405857411e-01	1.034844499102e-01
1.821624284639e-01	-2.595680359727e+01	1.022495134008e-01	1.024309136563e-01
1.822958807924e-01	-2.617404723491e+01	1.001391540834e-01	1.013636915289e-01
1.824293331210e-01	-2.637197078417e+01	9.800991875567e-02	1.002828630167e-01
1.825627854495e-01	-2.654850958910e+01	9.586222475976e-02	9.918851089218e-02
1.826962377781e-01	-2.671036452789e+01	9.369649566278e-02	9.808072118559e-02
1.828296901066e-01	-2.685630550346e+01	9.151316110384e-02	9.695958315859e-02
1.829631424352e-01	-2.698984259799e+01	8.931265663893e-02	9.582518927708e-02
1.830965947637e-01	-2.711726585075e+01	8.709542358350e-02	9.467763518313e-02
1.832300470922e-01	-2.723302055919e+01	8.486190885305e-02	9.351701966630e-02
1.833634994208e-01	-2.734420859448e+01	8.261256480155e-02	9.234344463406e-02
1.834969517493e-01	-2.745354646134e+01	8.034784905799e-02	9.115701508156e-02
1.836304040779e-01	-2.756303843572e+01	7.806822436094e-02	8.995783906073e-02
1.837638564064e-01	-2.767384097860e+01	7.577415839133e-02	8.874602764865e-02
1.838973087350e-01	-2.778697487588e+01	7.346612360346e-02	8.752169491525e-02
1.840307610635e-01	-2.790202415077e+01	7.114459705431e-02	8.628495789040e-02
1.841642133921e-01	-2.802122646385e+01	6.881006023124e-02	8.503593653034e-02
1.842976657206e-01	-2.814742103325e+01	6.646299887819e-02	8.377475368356e-02
1.844311180491e-01	-2.827523176282e+01	6.410390282039e-02	8.250153505602e-02
1.845645703777e-01	-2.840648930043e+01	6.173326578769e-02	8.121640917585e-02
1.846980227062e-01	-2.853905697605e+01	5.935158523659e-02	7.991950735751e-02
1.848314750348e-01	-2.867154624000e+01	5.695936217106e-02	7.861096366540e-02
1.849649273633e-01	-2.880100255158e+01	5.455710096215e-02	7.729091487693e-02
1.850983796919e-01	-2.892765158545e+01	5.214530916662e-02	7.595950044521e-02
1.852318320204e-01	-2.904659367032e+01	4.972449734448e-02	7.461686246112e-02
1.853652843490e-01	-2.915401545796e+01	4.729517887568e-02	7.326314561507e-02
1.854987366775e-01	-2.925149291037e+01	4.485786977592e-02	7.189849715822e-02
1.856321890061e-01	-2.932962316728e+01	4.241308851174e-02	7.052306686334e-02
1.857656413346e-01	-2.939179000262e+01	3.996135581489e-02	6.913700698527e-02
1.858990936631e-01	-2.943210144530e+01	3.750319449613e-02	6.774047222097e-02
1.860325459917e-01	-2.944838534553e+01	3.503912925849e-02	6.633361966926e-02
1.861659983202e-01	-2.943984911137e+01	3.256968651008e-02	6.491660879018e-02
1.862994506488e-01	-2.940038401134e+01	3.009539417659e-02	6.348960136402e-02
1.864329029773e-01	-2.933411944841e+01	2.761678151341e-02	6.205276145010e-02
1.865663553059e-01	-2.923525598867e+01	2.513437891765e-02	6.060625534518e-02
1.866998076344e-01	-2.910551306733e+01	2.264871773995e-02	5.915025154166e-02
1.868332599630e-01	-2.894173021175e+01	2.016033009630e-02	5.768492068550e-02
1.869667122915e-01	-2.874655415599e+01	1.766974867986e-02	5.621043553390e-02
1.871001646200e-01	-2.851943755736e+01	1.517750657290e-02	5.472697091275e-02
1.872336169486e-01	-2.825929007337e+01	1.268413705893e-02	5.323470367392e-02
1.873670692771e-01	-2.796974959824e+01	1.019017343510e-02	5.173381265228e-02
1.875005216057e-01	-2.764764746339e+01	7.696148824930e-03	5.022447862264e-02
1.876339739342e-01	-2.730183729385e+01	5.202595991492e-03	4.870688425642e-02
1.877674262628e-01	-2.692586986396e+01	2.710047151049e-03	4.718121407829e-02
1.879008785913e-01	-2.652559317707e+01	2.190337873076e-04	4.564765442260e-02
1.880343309199e-01	-2.610471202436e+01	-2.269913533693e-03	4.410639338972e-02
1.881677832484e-01	-2.566027575634e+01	-4.756265347964e-03	4.255762080230e-02
1.883012355770e-01	-2.520027206968e+01	-7.239493477145e-03	4.100152816141e-02
1.884346879055e-01	-2.472115950515e+01	-9.719071211205e-03	3.943830860263e-02
1.885681402340e-01	-2.422837643615e+01	-1.219447349019e-02	3.786815685207e-02
1.887015925626e-01	-2.372230633355e+01	-1.466517708493e-02	3.629126918236e-02
1.888350448911e-01	-2.320660592072e+01	-1.713066077670e-02	3.470784336857e-02
1.889684972197e-01	-2.268025717917e+01	-1.959040553562e-02	3.311807864416e-02
1.891019495482e-01	-2.214598864039e+01	-2.204389469791e-02	3.152217565687e-02
1.892354018768e-01	-2.160755124132e+01	-2.449061414176e-02	2.992033642468e-02
1.893688542053e-01	-2.106117511338e+01	-2.693005246185e-02	2.831276429170e-02
1.895023065339e-01	-2.051612666266e+01	-2.936170114238e-02	2.669966388416e-02
1.896357588624e-01	-1.996680156496e+01	-3.178505472867e-02	2.508124106641e-02
1.897692111909e-01	-1.941710118160e+01	-3.419961099705e-02	2.345770289694e-02
1.899026635195e-01	-1.887139019119e+01	-3.660487112317e-02	2.182925758454e-02
1.900361158480e-01	-1.832800109907e+01	-3.900033984855e-02	2.019611444441e-02
1.901695681766e-01	-1.779039886611e+01	-4.138552564542e-02	1.855848385448e-02
1.903030205051e-01	-1.725969004472e+01	-4.375994087957e-02	1.691657721170e-02
1.904364728337e-01	-1.674046401101e+01	-4.612310197143e-02	1.527060688853e-02
1.905699251622e-01	-1.623135709087e+01	-4.847452955506e-02	1.362078618945e-02
1.907033774908e-01	-1.573790367579e+01	-5.081374863519e-02	1.196732930763e-02
1.908368298193e-01	-1.526085103197e+01	-5.314028874211e-02	1.031045128174e-02
1.909702821479e-01	-1.480419013218e+01	-5.545368408441e-02	8.650367952839e-03
1.911037344764e-01	-1.436888417303e+01	-5.775347369950e-02	6.987295921449e-03
1.912371868049e-01	-1.395627332558e+01	-6.003920160191e-02	5.321452504746e-03
1.913706391335e-01	-1.357288527671e+01	-6.231041692918e-02	3.653055693926e-03
1.915040914620e-01	-1.321537645487e+01	-6.456667408546e-02	1.982324111716e-03
1.916375437906e-01	-1.288864170810e+01	-6.680753288258e-02	3.094769700576e-04
1.917709961191e-01	-1.259088772375e+01	-6.903255867871e-02	-1.365265972038e-03
1.919044484477e-01	-1.232506442379e+01	-7.124132251444e-02	-3.041684450456e-03
1.920379007762e-01	-1.209082555065e+01	-7.343340124628e-02	-4.719557737758e-03
1.921713531048e-01	-1.188594096263e+01	-7.560837767758e-02	-6.398664684774e-03
1.923048054333e-01	-1.171227508487e+01	-7.776584068664e-02	-8.078783762006e-03
1.924382577618e-01	-1.156637732361e+01	-7.990538535223e-02	-9.759693100818e-03
1.925717100904e-01	-1.144969419680e+01	-8.202661307626e-02	-1.144117053444e-02
1.927051624189e-01	-1.135514253528e+01	-8.412913170362e-02	-1.312299363873e-02
1.928386147475e-01	-1.128564782414e+01	-8.621255563926e-02	-1.480493977279e-02
1.929720670760e-01	-1.123688112643e+01	-8.827650596222e-02	-1.648678611929e-02
1.931055194046e-01	-1.120450602087e+01	-9.032061053690e-02	-1.816830972462e-02
1.932389717331e-01	-1.118974102928e+01	-9.234450412116e-02	-1.984928753880e-02
1.933724240617e-01	-1.118657223074e+01	-9.434782847162e-02	-2.152949645518e-02
1.935058763902e-01	-1.119546033404e+01	-9.633023244571e-02	-2.320871334989e-02
1.936393287188e-01	-1.121156623888e+01	-9.829137210080e-02	-2.488671512108e-02
1.937727810473e-01	-1.123807357883e+01	-1.002309107901e-01	-2.656327872793e-02
1.939062333758e-01	-1.126883804984e+01	-1.021485192556e-01	-2.823818122938e-02
1.940396857044e-01	-1.130446472223e+01	-1.040438757174e-01	-2.991119982269e-02
1.941731380329e-01	-1.134467449750e+01	-1.059166659606e-01	-3.158211188171e-02
1.943065903615e-01	-1.138528131546e+01	-1.077665834181e-01	-3.325069499492e-02
1.944400426900e-01	-1.143527273691e+01	-1.095933292510e-01	-3.491672700324e-02
1.945734950186e-01	-1.148786560499e+01	-1.113966124246e-01	-3.657998603761e-02
1.947069473471e-01	-1.154392370152e+01	-1.131761497827e-01	-3.824025055627e-02
1.948403996757e-01	-1.160436903827e+01	-1.149316661170e-01	-3.989729938187e-02
1.949738520042e-01	-1.167104004535e+01	-1.166628942341e-01	-4.155091173827e-02
1.951073043327e-01	-1.174617601775e+01	-1.183695750188e-01	-4.320086728713e-02
1.952407566613e-01	-1.182757253323e+01	-1.200514574943e-01	-4.484694616426e-02
1.953742089898e-01	-1.191704034030e+01	-1.217082988788e-01	-4.648892901566e-02
1.955076613184e-01	-1.201324978177e+01	-1.233398646386e-01	-4.812659703344e-02
1.956411136469e-01	-1.211791154956e+01	-1.249459285380e-01	-4.975973199134e-02
1.957745659755e-01	-1.222975589578e+01	-1.265262726860e-01	-5.138811628012e-02
1.959080183040e-01	-1.235200631013e+01	-1.280806875789e-01	-5.301153294266e-02
1.960414706326e-01	-1.247876696781e+01	-1.296089721404e-01	-5.462976570880e-02
1.961749229611e-01	-1.260822775367e+01	-1.311109337570e-01	-5.624259902997e-02
1.963083752897e-01	-1.274287554757e+01	-1.325863883114e-01	-5.784981811355e-02
1.964418276182e-01	-1.287831535482e+01	-1.340351602117e-01	-5.945120895699e-02
1.965752799467e-01	-1.301419166582e+01	-1.354570824166e-01	-6.104655838170e-02
1.967087322753e-01	-1.314533763840e+01	-1.368519964587e-01	-6.263565406668e-02
1.968421846038e-01	-1.327077500153e+01	-1.382197524625e-01	-6.421828458192e-02
1.969756369324e-01	-1.338634044947e+01	-1.395602091609e-01	-6.579423942155e-02
1.971090892609e-01	-1.349109322714e+01	-1.408732339062e-01	-6.736330903677e-02
1.972425415895e-01	-1.358171314845e+01	-1.421587026799e-01	-6.892528486851e-02
1.973759939180e-01	-1.365555093669e+01	-1.434165000968e-01	-7.047995937988e-02
1.975094462466e-01	-1.371157043248e+01	-1.446465194079e-01	-7.202712608837e-02
1.976428985751e-01	-1.374325915657e+01	-1.458486624981e-01	-7.356657959782e-02
1.977763509036e-01	-1.375427118465e+01	-1.470228398814e-01	-7.509811563014e-02
1.979098032322e-01	-1.374094368219e+01	-1.481689706930e-01	-7.662153105682e-02
1.980432555607e-01	-1.370386883433e+01	-1.492869826769e-01	-7.813662393019e-02
1.981767078893e-01	-1.364259026791e+01	-1.503768121719e-01	-7.964319351448e-02
1.983101602178e-01	-1.355335584993e+01	-1.514384040921e-01	-8.114104031658e-02
1.984436125464e-01	-1.344146248587e+01	-1.524717119064e-01	-8.262996611664e-02
1.985770648749e-01	-1.330717195405e+01	-1.534766976128e-01	-8.410977399841e-02
1.987105172035e-01	-1.315155417907e+01	-1.544533317106e-01	-8.558026837938e-02
1.988439695320e-01	-1.297619010209e+01	-1.554015931692e-01	-8.704125504063e-02
1.989774218605e-01	-1.278338870708e+01	-1.563214693929e-01	-8.849254115654e-02
1.991108741891e-01	-1.257323166629e+01	-1.572129561837e-01	-8.993393532420e-02
1.992443265176e-01	-1.235100978953e+01	-1.580760577002e-01	-9.136524759264e-02
1.993777788462e-01	-1.211873485074e+01	-1.589107864134e-01	-9.278628949181e-02
1.995112311747e-01	-1.187699965258e+01	-1.597171630598e-01	-9.419687406138e-02
1.996446835033e-01	-1.163127393969e+01	-1.604952165910e-01	-9.559681587925e-02
1.997781358318e-01	-1.137698317446e+01	-1.612449841202e-01	-9.698593108990e-02
1.999115881604e-01	-1.112151926771e+01	-1.619665108667e-01	-9.836403743248e-02
2.000450404889e-01	-1.086708276835e+01	-1.626598500960e-01	-9.973095426870e-02
2.001784928175e-01	-1.061150765014e+01	-1.633250630578e-01	-1.010865026105e-01
2.003119451460e-01	-1.035927956078e+01	-1.639622189211e-01	-1.024305051474e-01
2.004453974745e-01	-1.010762231503e+01	-1.645713947063e-01	-1.037627862740e-01
2.005788498031e-01	-9.858899108525e+00	-1.651526752145e-01	-1.050831721164e-01
2.007123021316e-01	-9.614362701426e+00	-1.657061529537e-01	-1.063914905597e-01
2.008457544602e-01	-9.374058212031e+00	-1.662319280631e-01	-1.076875712740e-01
2.009792067887e-01	-9.136116264756e+00	-1.667301082338e-01	-1.089712457410e-01
2.011126591173e-01	-8.903504837927e+00	-1.672008086275e-01	-1.102423472800e-01
2.012461114458e-01	-8.674395357560e+00	-1.676441517921e-01	-1.115007110737e-01
2.013795637744e-01	-8.446211984397e+00	-1.680602675751e-01	-1.127461741940e-01
2.015130161029e-01	-8.224040914617e+00	-1.684492930345e-01	-1.139785756276e-01
2.016464684314e-01	-8.003466849059e+00	-1.688113723469e-01	-1.151977563006e-01
2.017799207600e-01	-7.787609517339e+00	-1.691466567135e-01	-1.164035591042e-01
2.019133730885e-01	-7.573126120142e+00	-1.694553042635e-01	-1.175958289188e-01
2.020468254171e-01	-7.359129951061e+00	-1.697374799555e-01	-1.187744126390e-01
2.021802777456e-01	-7.151346184085e+00	-1.699933554763e-01	-1.199391591977e-01
2.023137300742e-01	-6.945309871320e+00	-1.702231091376e-01	-1.210899195899e-01
2.024471824027e-01	-6.742093062020e+00	-1.704269257707e-01	-1.222265468968e-01
2.025806347313e-01	-6.543025070174e+00	-1.706049966187e-01	-1.233488963095e-01
2.027140870598e-01	-6.346961726271e+00	-1.707575192271e-01	-1.244568251516e-01
2.028475393884e-01	-6.154463346061e+00	-1.708846973321e-01	-1.255501929033e-01
2.029809917169e-01	-5.968466702393e+00	-1.709867407470e-01	-1.266288612233e-01
2.031144440454e-01	-5.786017488320e+00	-1.710638652467e-01	-1.276926939720e-01
2.032478963740e-01	-5.609064997928e+00	-1.711162924505e-01	-1.287415572333e-01
2.033813487025e-01	-5.439391020119e+00	-1.711442497031e-01	-1.297753193372e-01
2.035148010311e-01	-5.272845010222e+00	-1.711479699533e-01	-1.307938508813e-01
2.036482533596e-01	-5.116248558292e+00	-1.711276916324e-01	-1.317970247523e-01
2.037817056882e-01	-4.966308144634e+00	-1.710836585291e-01	-1.327847161473e-01
2.039151580167e-01	-4.819587019219e+00	-1.710161196648e-01	-1.337568025951e-01
2.040486103453e-01	-4.682073037454e+00	-1.709253291657e-01	-1.347131639765e-01
2.041820626738e-01	-4.551227537909e+00	-1.708115461348e-01	-1.356536825450e-01
2.043155150023e-01	-4.425461512055e+00	-1.706750345217e-01	-1.365782429468e-01
2.044489673309e-01	-4.305182408659e+00	-1.705160629917e-01	-1.374867322409e-01
2.045824196594e-01	-4.187502289969e+00	-1.703349047926e-01	-1.383790399185e-01
2.047158719880e-01	-4.073543625161e+00	-1.701318376219e-01	-1.392550579224e-01
2.048493243165e-01	-3.963026255670e+00	-1.699071434915e-01	-1.401146806659e-01
2.049827766451e-01	-3.851399680021e+00	-1.696611085920e-01	-1.409578050516e-01
2.051162289736e-01	-3.739014309918e+00	-1.693940231555e-01	-1.417843304895e-01
2.052496813022e-01	-3.623275846765e+00	-1.691061813184e-01	-1.425941589156e-01
2.053831336307e-01	-3.503986790232e+00	-1.687978809822e-01	-1.433871948089e-01
2.055165859593e-01	-3.378939269379e+00	-1.684694236744e-01	-1.441633452095e-01
2.056500382878e-01	-3.244716168966e+00	-1.681211144078e-01	-1.449225197352e-01
2.057834906163e-01	-3.102321037494e+00	-1.677532615398e-01	-1.456646305984e-01
2.059169429449e-01	-2.948308215822e+00	-1.673661766309e-01	-1.463895926227e-01
2.060503952734e-01	-2.783016670043e+00	-1.669601743024e-01	-1.470973232584e-01
2.061838476020e-01	-2.603688536253e+00	-1.665355720938e-01	-1.477877425989e-01
2.063172999305e-01	-2.410751550318e+00	-1.660926903196e-01	-1.484607733954e-01
2.064507522591e-01	-2.200695169862e+00	-1.656318519260e-01	-1.491163410722e-01
2.065842045876e-01	-1.970626527043e+00	-1.651533823470e-01	-1.497543737412e-01
2.067176569162e-01	-1.728247690253e+00	-1.646576093602e-01	-1.503748022161e-01
2.068511092447e-01	-1.466758075548e+00	-1.641448629428e-01	-1.509775600263e-01
2.069845615732e-01	-1.185286951388e+00	-1.636154751273e-01	-1.515625834301e-01
2.071180139018e-01	-8.868784645219e-01	-1.630697798566e-01	-1.521298114281e-01
2.072514662303e-01	-5.684410103569e-01	-1.625081128400e-01	-1.526791857752e-01
2.073849185589e-01	-2.331063547672e-01	-1.619308114083e-01	-1.532106509937e-01
2.075183708874e-01	1.174651508441e-01	-1.613382143702e-01	-1.537241543842e-01
2.076518232160e-01	4.824482562253e-01	-1.607306618676e-01	-1.542196460376e-01
2.077852755445e-01	8.626967258267e-01	-1.601084952318e-01	-1.546970788456e-01
2.079187278731e-01	1.254615618389e+00	-1.594720568400e-01	-1.551564085114e-01
2.080521802016e-01	1.655477733335e+00	-1.588216899723e-01	-1.555975935599e-01
2.081856325302e-01	2.061196402114e+00	-1.581577386684e-01	-1.560205953470e-01
2.083190848587e-01	2.464878742138e+00	-1.574805475855e-01	-1.564253780686e-01
2.084525371872e-01	2.869087556321e+00	-1.567904618564e-01	-1.568119087699e-01
2.085859895158e-01	3.268901574195e+00	-1.560878269486e-01	-1.571801573528e-01
2.087194418443e-01	3.657680918645e+00	-1.553729885229e-01	-1.575300965844e-01
2.088528941729e-01	4.030641001709e+00	-1.546462922946e-01	-1.578617021033e-01
2.089863465014e-01	4.381600922836e+00	-1.539080838934e-01	-1.581749524274e-01
2.091197988300e-01	4.710439976455e+00	-1.531587087255e-01	-1.584698289592e-01
2.092532511585e-01	5.011543195586e+00	-1.523985118363e-01	-1.587463159920e-01
2.093867034871e-01	5.280131951290e+00	-1.516278377736e-01	-1.590044007149e-01
2.095201558156e-01	5.514460494354e+00	-1.508470304522e-01	-1.592440732177e-01
2.096536081441e-01	5.706947079054e+00	-1.500564330193e-01	-1.594653264950e-01
2.097870604727e-01	5.857106705230e+00	-1.492563877211e-01	-1.596681564494e-01
2.099205128012e-01	5.965391802273e+00	-1.484472357706e-01	-1.598525618954e-01
2.100539651298e-01	6.027006790721e+00	-1.476293172164e-01	-1.600185445612e-01
2.101874174583e-01	6.043042813773e+00	-1.468029708128e-01	-1.601661090908e-01
2.103208697869e-01	6.013597428602e+00	-1.459685338914e-01	-1.602952630460e-01
2.104543221154e-01	5.936602599989e+00	-1.451263422336e-01	-1.604060169065e-01
2.105877744440e-01	5.815612941030e+00	-1.442767299449e-01	-1.604983840707e-01
2.107212267725e-01	5.653581349449e+00	-1.434200293305e-01	-1.605723808550e-01
2.108546791011e-01	5.451093480701e+00	-1.425565707723e-01	-1.606280264933e-01
2.109881314296e-01	5.212803423370e+00	-1.416866826076e-01	-1.606653431355e-01
2.111215837581e-01	4.941691123673e+00	-1.408106910090e-01	-1.606843558452e-01
2.112550360867e-01	4.638896451929e+00	-1.399289198665e-01	-1.606850925972e-01
2.113884884152e-01	4.309436449268e+00	-1.390416906705e-01	-1.606675842743e-01
2.115219407438e-01	3.959039323070e+00	-1.381493223974e-01	-1.606318646631e-01
2.116553930723e-01	3.591267635740e+00	-1.372521313962e-01	-1.605779704501e-01
2.117888454009e-01	3.207892238457e+00	-1.363504312772e-01	-1.605059412162e-01
2.119222977294e-01	2.812520343557e+00	-1.354445328025e-01	-1.604158194308e-01
2.120557500580e-01	2.409503840367e+00	-1.345347437782e-01	-1.603076504461e-01
2.121892023865e-01	2.006126631149e+00	-1.336213689488e-01	-1.601814824894e-01
2.123226547150e-01	1.602612271464e+00	-1.327047098935e-01	-1.600373666558e-01
2.124561070436e-01	1.200922403073e+00	-1.317850649240e-01	-1.598753569003e-01
2.125895593721e-01	8.087784020676e-01	-1.308627289848e-01	-1.596955100280e-01
2.127230117007e-01	4.246482496478e-01	-1.299379935554e-01	-1.594978856856e-01
2.128564640292e-01	5.440442592223e-02	-1.290111465546e-01	-1.592825463504e-01
2.129899163578e-01	-2.992503054650e-01	-1.280824722468e-01	-1.590495573198e-01
2.131233686863e-01	-6.357161406639e-01	-1.271522511506e-01	-1.587989866999e-01
2.132568210149e-01	-9.507005266081e-01	-1.262207599493e-01	-1.585309053929e-01
2.133902733434e-01	-1.244543667551e+00	-1.252882714037e-01	-1.582453870849e-01
2.135237256720e-01	-1.512693046451e+00	-1.243550542677e-01	-1.579425082319e-01
2.136571780005e-01	-1.754953483836e+00	-1.234213732048e-01	-1.576223480459e-01
2.137906303290e-01	-1.969931494516e+00	-1.224874887084e-01	-1.572849884801e-01
2.139240826576e-01	-2.157782828334e+00	-1.215536570234e-01	-1.569305142135e-01
2.140575349861e-01	-2.316705393250e+00	-1.206201300703e-01	-1.565590126343e-01
2.141909873147e-01	-2.446734440583e+00	-1.196871553721e-01	-1.561705738239e-01
2.143244396432e-01	-2.549320710094e+00	-1.187549759829e-01	-1.557652905386e-01
2.144578919718e-01	-2.621623552284e+00	-1.178238304192e-01	-1.553432581921e-01
2.145913443003e-01	-2.670170531009e+00	-1.168939525940e-01	-1.549045748364e-01
2.147247966289e-01	-2.692501086088e+00	-1.159655717523e-01	-1.544493411424e-01
2.148582489574e-01	-2.690695088138e+00	-1.150389124103e-01	-1.539776603798e-01
2.149917012859e-01	-2.667650032430e+00	-1.141141942958e-01	-1.534896383963e-01
2.151251536145e-01	-2.622515898310e+00	-1.131916322924e-01	-1.529853835959e-01
2.152586059430e-01	-2.559340598216e+00	-1.122714363845e-01	-1.524650069174e-01
2.153920582716e-01	-2.480943178770e+00	-1.113538116068e-01	-1.519286218109e-01
2.155255106001e-01	-2.390398625026e+00	-1.104389579944e-01	-1.513763442150e-01
2.156589629287e-01	-2.283308301647e+00	-1.095270705367e-01	-1.508082925322e-01
2.157924152572e-01	-2.167573968799e+00	-1.086183391332e-01	-1.502245876047e-01
2.159258675858e-01	-2.044451163855e+00	-1.077129485523e-01	-1.496253526884e-01
2.160593199143e-01	-1.913491743205e+00	-1.068110783918e-01	-1.490107134276e-01
2.161927722429e-01	-1.779275158106e+00	-1.059129030432e-01	-1.483807978277e-01
2.163262245714e-01	-1.636346294638e+00	-1.050185916571e-01	-1.477357362284e-01
2.164596768999e-01	-1.492219117526e+00	-1.041283081124e-01	-1.470756612752e-01
2.165931292285e-01	-1.345459886122e+00	-1.032422109874e-01	-1.464007078918e-01
2.167265815570e-01	-1.197528760953e+00	-1.023604535336e-01	-1.457110132499e-01
2.168600338856e-01	-1.049806178389e+00	-1.014831836517e-01	-1.450067167402e-01
2.169934862141e-01	-8.995416814986e-01	-1.006105438711e-01	-1.442879599414e-01
2.171269385427e-01	-7.502747518854e-01	-9.974267133079e-02	-1.435548865899e-01
2.172603908712e-01	-5.999099295510e-01	-9.887969776366e-02	-1.428076425475e-01
2.173938431998e-01	-4.521105412901e-01	-9.802174948285e-02	-1.420463757698e-01
2.175272955283e-01	-3.057361492951e-01	-9.716894737085e-02	-1.412712362734e-01
2.176607478568e-01	-1.593693283662e-01	-9.632140687111e-02	-1.404823761020e-01
2.177942001854e-01	-1.124374132791e-02	-9.547923798212e-02	-1.396799492932e-01
2.179276525139e-01	1.355743197583e-01	-9.464254525404e-02	-1.388641118438e-01
2.180611048425e-01	2.797732459668e-01	-9.381142778778e-02	-1.380350216749e-01
2.181945571710e-01	4.259829024570e-01	-9.298597923668e-02	-1.371928385960e-01
2.183280094996e-01	5.710295258678e-01	-9.216628781055e-02	-1.363377242694e-01
2.184614618281e-01	7.194670267688e-01	-9.135243628224e-02	-1.354698421735e-01
2.185949141567e-01	8.684502519474e-01	-9.054450199669e-02	-1.345893575656e-01
2.187283664852e-01	1.017172202101e+00	-8.974255688233e-02	-1.336964374442e-01
2.188618188138e-01	1.170854631473e+00	-8.894666746500e-02	-1.327912505112e-01
2.189952711423e-01	1.326731298480e+00	-8.815689488423e-02	-1.318739671333e-01
2.191287234708e-01	1.485647429947e+00	-8.737329491191e-02	-1.309447593028e-01
2.192621757994e-01	1.651804213138e+00	-8.659591797333e-02	-1.300038005981e-01
2.193956281279e-01	1.822468300144e+00	-8.582480917061e-02	-1.290512661439e-01
2.195290804565e-01	1.995721483151e+00	-8.506000830841e-02	-1.280873325708e-01
2.196625327850e-01	2.178015587650e+00	-8.430154992197e-02	-1.271121779744e-01
2.197959851136e-01	2.366049336434e+00	-8.354946330745e-02	-1.261259818743e-01
2.199294374421e-01	2.561063363342e+00	-8.280377255455e-02	-1.251289251723e-01
2.200628897707e-01	2.765004397941e+00	-8.206449658130e-02	-1.241211901103e-01
2.201963420992e-01	2.974158877404e+00	-8.133164917115e-02	-1.231029602285e-01
2.203297944277e-01	3.193257034340e+00	-8.060523901222e-02	-1.220744203220e-01
2.204632467563e-01	3.422136532913e+00	-7.988526973870e-02	-1.210357563981e-01
2.205966990848e-01	3.657355431279e+00	-7.917173997440e-02	-1.199871556328e-01
2.207301514134e-01	3.900470749286e+00	-7.846464337841e-02	-1.189288063272e-01
2.208636037419e-01	4.154073283033e+00	-7.776396869288e-02	-1.178608978635e-01
2.209970560705e-01	4.414497007282e+00	-7.706969979272e-02	-1.167836206604e-01
2.211305083990e-01	4.685262146796e+00	-7.638181573754e-02	-1.156971661289e-01
2.212639607276e-01	4.965692449369e+00	-7.570029082534e-02	-1.146017266272e-01
2.213974130561e-01	5.250210606135e+00	-7.502509464836e-02	-1.134974954158e-01
2.215308653846e-01	5.546081264937e+00	-7.435619215070e-02	-1.123846666122e-01
2.216643177132e-01	5.847005114739e+00	-7.369354368799e-02	-1.112634351450e-01
2.217977700417e-01	6.154865293504e+00	-7.303710508872e-02	-1.101339967090e-01
2.219312223703e-01	6.473416303480e+00	-7.238682771764e-02	-1.089965477182e-01
2.220646746988e-01	6.792809366609e+00	-7.174265854069e-02	-1.078512852609e-01
2.221981270274e-01	7.115424861410e+00	-7.110454019192e-02	-1.066984070526e-01
2.223315793559e-01	7.443051209970e+00	-7.047241104195e-02	-1.055381113901e-01
2.224650316845e-01	7.771981090540e+00	-6.984620526822e-02	-1.043705971048e-01
2.225984840130e-01	8.100961810342e+00	-6.922585292685e-02	-1.031960635166e-01
2.227319363416e-01	8.428604975059e+00	-6.861128002608e-02	-1.020147103868e-01
2.228653886701e-01	8.749640444466e+00	-6.800240860132e-02	-1.008267378713e-01
2.229988409986e-01	9.067385286272e+00	-6.739915679170e-02	-9.963234647449e-02
2.231322933272e-01	9.380214898661e+00	-6.680143891814e-02	-9.843173700188e-02
2.232657456557e-01	9.681355217117e+00	-6.620916556284e-02	-9.722511051354e-02
2.233991979843e-01	9.974077287719e+00	-6.562224365019e-02	-9.601266827725e-02
2.235326503128e-01	1.025281943896e+01	-6.504057652904e-02	-9.479461172176e-02
2.236661026414e-01	1.051770535566e+01	-6.446406405633e-02	-9.357114239002e-02
2.237995549699e-01	1.076868437888e+01	-6.389260268195e-02	-9.234246189254e-02
2.239330072985e-01	1.100235603461e+01	-6.332608553491e-02	-9.110877186071e-02
2.240664596270e-01	1.122016293254e+01	-6.276440251067e-02	-8.987027390036e-02
2.241999119555e-01	1.141860862917e+01	-6.220744035962e-02	-8.862716954527e-02
2.243333642841e-01	1.159901939308e+01	-6.165508277672e-02	-8.737966021092e-02
2.244668166126e-01	1.176272766827e+01	-6.110721049216e-02	-8.612794714833e-02
2.246002689412e-01	1.190783776317e+01	-6.056370136310e-02	-8.487223139807e-02
2.247337212697e-01	1.203319166536e+01	-6.002443046636e-02	-8.361271374444e-02
2.248671735983e-01	1.214251928230e+01	-5.948927019207e-02	-8.234959466984e-02
2.250006259268e-01	1.223501286540e+01	-5.895809033822e-02	-8.108307430937e-02
2.251340782554e-01	1.230971978950e+01	-5.843075820602e-02	-7.981335240564e-02
2.252675305839e-01	1.236999411395e+01	-5.790713869616e-02	-7.854062826385e-02
2.254009829125e-01	1.241319517141e+01	-5.738709440572e-02	-7.726510070706e-02
2.255344352410e-01	1.244450544017e+01	-5.687048572589e-02	-7.598696803185e-02
2.256678875695e-01	1.246270831182e+01	-5.635717094032e-02	-7.470642796420e-02
2.258013398981e-01	1.246619197556e+01	-5.584700632413e-02	-7.342367761569e-02
2.259347922266e-01	1.245968321996e+01	-5.533984624343e-02	-7.213891344005e-02
2.260682445552e-01	1.244279519880e+01	-5.483554325548e-02	-7.085233119003e-02
2.262016968837e-01	1.241601750291e+01	-5.433394820927e-02	-6.956412587468e-02
2.263351492123e-01	1.237935593691e+01	-5.383491034656e-02	-6.827449171697e-02
2.264686015408e-01	1.233398837339e+01	-5.333827740337e-02	-6.698362211180e-02
2.266020538694e-01	1.228090135526e+01	-5.284389571174e-02	-6.569170958443e-02
2.267355061979e-01	1.222278096071e+01	-5.235161030188e-02	-6.439894574939e-02
2.268689585264e-01	1.215674084369e+01	-5.186126500454e-02	-6.310552126971e-02
2.270024108550e-01	1.208571641422e+01	-5.137270255362e-02	-6.181162581675e-02
2.271358631835e-01	1.201079443046e+01	-5.088576468895e-02	-6.051744803042e-02
2.272693155121e-01	1.193015108598e+01	-5.040029225921e-02	-5.922317547988e-02
2.274027678406e-01	1.185066845954e+01	-4.991612532490e-02	-5.792899462479e-02
2.275362201692e-01	1.176821208771e+01	-4.943310326139e-02	-5.663509077706e-02
2.276696724977e-01	1.168465865045e+01	-4.895106486197e-02	-5.534164806313e-02
2.278031248263e-01	1.160150152952e+01	-4.846984844080e-02	-5.404884938678e-02
2.279365771548e-01	1.151838965507e+01	-4.798929193580e-02	-5.275687639253e-02
2.280700294834e-01	1.143971244372e+01	-4.750923301143e-02	-5.146590942962e-02
2.282034818119e-01	1.136604523668e+01	-4.702950916124e-02	-5.017612751651e-02
2.283369341404e-01	1.129521939125e+01	-4.654995781020e-02	-4.888770830608e-02
2.284703864690e-01	1.122567308031e+01	-4.607041641680e-02	-4.760082805138e-02
2.286038387975e-01	1.116552286137e+01	-4.559072257482e-02	-4.631566157200e-02
2.287372911261e-01	1.111067938683e+01	-4.511071411468e-02	-4.503238222113e-02
2.288707434546e-01	1.106353734550e+01	-4.463022920454e-02	-4.375116185320e-02
2.290041957832e-01	1.102634989564e+01	-4.414910645079e-02	-4.247217079228e-02
2.291376481117e-01	1.099331427377e+01	-4.366718499819e-02	-4.119557780103e-02
2.292711004403e-01	1.097148259180e+01	-4.318430462940e-02	-3.992155005043e-02
2.294045527688e-01	1.095671902794e+01	-4.270030586404e-02	-3.865025309021e-02
2.295380050973e-01	1.095116949044e+01	-4.221503005699e-02	-3.738185081987e-02
2.296714574259e-01	1.095721125156e+01	-4.172831949625e-02	-3.611650546057e-02
2.298049097544e-01	1.096963026364e+01	-4.124001749990e-02	-3.485437752762e-02
2.299383620830e-01	1.098970440987e+01	-4.074996851252e-02	-3.359562580379e-02
2.300718144115e-01	1.101979258321e+01	-4.025801820072e-02	-3.234040731331e-02
2.302052667401e-01	1.106078237040e+01	-3.976401354791e-02	-3.108887729664e-02
2.303387190686e-01	1.110868763705e+01	-3.926780294824e-02	-2.984118918601e-02
2.304721713972e-01	1.116607008230e+01	-3.876923629962e-02	-2.859749458170e-02
2.306056237257e-01	1.122845927013e+01	-3.826816509590e-02	-2.735794322914e-02
2.307390760543e-01	1.129741979290e+01	-3.776444251798e-02	-2.612268299673e-02
2.308725283828e-01	1.137626679196e+01	-3.725792352404e-02	-2.489185985453e-02
2.310059807113e-01	1.145906104961e+01	-3.674846493868e-02	-2.366561785364e-02
2.311394330399e-01	1.155032619556e+01	-3.623592554100e-02	-2.244409910651e-02
2.312728853684e-01	1.164412786606e+01	-3.572016615165e-02	-2.122744376791e-02
2.314063376970e-01	1.173975874159e+01	-3.520104971861e-02	-2.001579001687e-02
2.315397900255e-01	1.184232264852e+01	-3.467844140198e-02	-1.880927403926e-02
2.316732423541e-01	1.194814838998e+01	-3.415220865743e-02	-1.760803001139e-02
2.318066946826e-01	1.205735707028e+01	-3.362222131849e-02	-1.641219008422e-02
2.319401470112e-01	1.216651462638e+01	-3.308835167757e-02	-1.522188436861e-02
2.320735993397e-01	1.227448756149e+01	-3.255047456566e-02	-1.403724092120e-02
2.322070516682e-01	1.238456478873e+01	-3.200846743076e-02	-1.285838573128e-02
2.323405039968e-01	1.249929110485e+01	-3.146221041487e-02	-1.168544270843e-02
2.324739563253e-01	1.261236437387e+01	-3.091158642969e-02	-1.051853367096e-02
2.326074086539e-01	1.272250405044e+01	-3.035648123085e-02	-9.357778335276e-03
2.327408609824e-01	1.283322756112e+01	-2.979678349072e-02	-8.203294305996e-03
2.328743133110e-01	1.294254510242e+01	-2.923238486973e-02	-7.055197066978e-03
2.330077656395e-01	1.305494385384e+01	-2.866318008626e-02	-5.913599973137e-03
2.331412179681e-01	1.316808025326e+01	-2.808906698490e-02	-4.778614243123e-03
2.332746702966e-01	1.327882686704e+01	-2.750994660327e-02	-3.650348952831e-03
2.334081226252e-01	1.338907447409e+01	-2.692572323724e-02	-2.528911029754e-03
2.335415749537e-01	1.350113967869e+01	-2.633630450448e-02	-1.414405248159e-03
2.336750272822e-01	1.361677321647e+01	-2.574160140653e-02	-3.069342251040e-04
2.338084796108e-01	1.373345104164e+01	-2.514152838911e-02	7.934015827112e-04
2.339419319393e-01	1.385029024948e+01	-2.453600340084e-02	1.886503881282e-03
2.340753842679e-01	1.396729910204e+01	-2.392494795022e-02	2.972276540795e-03
2.342088365964e-01	1.408840289191e+01	-2.330828716097e-02	4.050625596316e-03
2.343422889250e-01	1.421397639714e+01	-2.268594982558e-02	5.121459247661e-03
2.344757412535e-01	1.434215136373e+01	-2.205786845719e-02	6.184687858448e-03
2.346091935821e-01	1.446908003982e+01	-2.142397933965e-02	7.240223954354e-03
2.347426459106e-01	1.459333350535e+01	-2.078422257584e-02	8.287982220563e-03
2.348760982391e-01	1.472139069001e+01	-2.013854213415e-02	9.327879498428e-03
2.350095505677e-01	1.485139263235e+01	-1.948688589322e-02	1.035983478133e-02
2.351430028962e-01	1.497917332910e+01	-1.882920568480e-02	1.138376920979e-02
2.352764552248e-01	1.510183425806e+01	-1.816545733478e-02	1.239960606573e-02
2.354099075533e-01	1.521867744784e+01	-1.749560070239e-02	1.340727076608e-02
2.355433598819e-01	1.533141576013e+01	-1.681959971750e-02	1.440669085554e-02
2.356768122104e-01	1.543836000042e+01	-1.613742241608e-02	1.539779599858e-02
2.358102645390e-01	1.553724943816e+01	-1.544904097373e-02	1.638051797080e-02
2.359437168675e-01	1.562515165542e+01	-1.475443173736e-02	1.735479064943e-02
2.360771691961e-01	1.570003813684e+01	-1.405357525490e-02	1.832055000320e-02
2.362106215246e-01	1.576284762777e+01	-1.334645630316e-02	1.927773408143e-02
2.363440738531e-01	1.581666693092e+01	-1.263306391370e-02	2.022628300250e-02
2.364775261817e-01	1.585672002785e+01	-1.191339139680e-02	2.116613894149e-02
2.366109785102e-01	1.587909754281e+01	-1.118743636348e-02	2.209724611729e-02
2.367444308388e-01	1.588549159150e+01	-1.045520074562e-02	2.301955077893e-02
2.368778831673e-01	1.588054028729e+01	-9.716690814014e-03	2.393300119130e-02
2.370113354959e-01	1.586701806689e+01	-8.971917194594e-03	2.483754762016e-02
2.371447878244e-01	1.583772821171e+01	-8.220894882623e-03	2.573314231663e-02
2.372782401530e-01	1.579416666378e+01	-7.463643254946e-03	2.661973950091e-02
2.374116924815e-01	1.574063558052e+01	-6.700186080278e-03	2.749729534550e-02
2.375451448100e-01	1.568029092911e+01	-5.930551527519e-03	2.836576795776e-02
2.376785971386e-01	1.561556050916e+01	-5.154772172115e-03	2.922511736190e-02
2.378120494671e-01	1.554272422187e+01	-4.372885000444e-03	3.007530548040e-02
2.379455017957e-01	1.546365650446e+01	-3.584931412242e-03	3.091629611485e-02
2.380789541242e-01	1.538333387389e+01	-2.790957221066e-03	3.174805492630e-02
2.382124064528e-01	1.530549032236e+01	-1.991012652797e-03	3.257054941499e-02
2.383458587813e-01	1.522878921721e+01	-1.185152342191e-03	3.338374889963e-02
2.384793111099e-01	1.515298971863e+01	-3.734353274662e-04	3.418762449617e-02
2.386127634384e-01	1.507746991078e+01	4.440749570408e-04	3.498214909602e-02
2.387462157670e-01	1.500492371988e+01	1.267310690176e-03	3.576729734390e-02
2.388796680955e-01	1.494173038155e+01	2.096199675197e-03	3.654304561516e-02
2.390131204240e-01	1.488136967611e+01	2.930665352927e-03	3.730937199263e-02
2.391465727526e-01	1.482251785743e+01	3.770626816839e-03	3.806625624313e-02
2.392800250811e-01	1.476556145921e+01	4.615998830046e-03	3.881367979352e-02
2.394134774097e-01	1.471015571214e+01	5.466691844190e-03	3.955162570633e-02
2.395469297382e-01	1.466025862245e+01	6.322612020238e-03	4.028007865506e-02
2.396803820668e-01	1.460983236821e+01	7.183661251147e-03	4.099902489909e-02
2.398138343953e-01	1.455353925073e+01	8.049737186402e-03	4.170845225823e-02
2.399472867239e-01	1.449224101478e+01	8.920733258423e-03	4.240835008697e-02
2.400807390524e-01	1.442742095074e+01	9.796538710803e-03	4.309870924839e-02
2.402141913809e-01	1.435618783578e+01	1.067703862840e-02	4.377952208780e-02
2.403476437095e-01	1.427414918217e+01	1.156211396921e-02	4.445078240604e-02
2.404810960380e-01	1.417654076445e+01	1.245164159810e-02	4.511248543260e-02
2.406145483666e-01	1.406488512272e+01	1.334549432229e-02	4.576462779844e-02
2.407480006951e-01	1.394096089827e+01	1.424354092860e-02	4.640720750855e-02
2.408814530237e-01	1.379643833529e+01	1.514564622249e-02	4.704022391438e-02
2.410149053522e-01	1.363283042523e+01	1.605167106880e-02	4.766367768599e-02
2.411483576808e-01	1.344803897182e+01	1.696147243427e-02	4.827757078409e-02
2.412818100093e-01	1.323821886327e+01	1.787490343167e-02	4.888190643184e-02
2.414152623379e-01	1.301021464569e+01	1.879181336569e-02	4.947668908661e-02
2.415487146664e-01	1.276025200588e+01	1.971204778049e-02	5.006192441146e-02
2.416821669949e-01	1.248389765154e+01	2.063544850884e-02	5.063761924669e-02
2.418156193235e-01	1.218567744818e+01	2.156185372292e-02	5.120378158114e-02
2.419490716520e-01	1.186785105095e+01	2.249109798673e-02	5.176042052348e-02
2.420825239806e-01	1.153107507051e+01	2.342301231006e-02	5.230754627346e-02
2.422159763091e-01	1.117686543198e+01	2.435742420400e-02	5.284517009306e-02
2.423494286377e-01	1.080399604290e+01	2.529415773805e-02	5.337330427765e-02
2.424828809662e-01	1.041745352610e+01	2.623303359863e-02	5.389196212712e-02
2.426163332948e-01	1.002374029268e+01	2.717386914918e-02	5.440115791706e-02
2.427497856233e-01	9.622205301913e+00	2.811647849167e-02	5.490090686985e-02
2.428832379518e-01	9.214025076275e+00	2.906067252954e-02	5.539122512596e-02
2.430166902804e-01	8.802708931660e+00	3.000625903207e-02	5.587212971513e-02
2.431501426089e-01	8.395182601990e+00	3.095304270013e-02	5.634363852776e-02
2.432835949375e-01	7.993966748347e+00	3.190082523326e-02	5.680577028626e-02
2.434170472660e-01	7.598554606710e+00	3.284940539813e-02	5.725854451665e-02
2.435504995946e-01	7.212532304119e+00	3.379857909823e-02	5.770198152013e-02
2.436839519231e-01	6.840051742981e+00	3.474813944492e-02	5.813610234488e-02
2.438174042517e-01	6.483834358494e+00	3.569787682966e-02	5.856092875798e-02
2.439508565802e-01	6.144607840898e+00	3.664757899746e-02	5.897648321752e-02
2.440843089087e-01	5.824260148036e+00	3.759703112154e-02	5.938278884479e-02
2.442177612373e-01	5.523656076962e+00	3.854601587916e-02	5.977986939683e-02
2.443512135658e-01	5.245129479414e+00	3.949431352854e-02	6.016774923903e-02
2.444846658944e-01	4.989209943811e+00	4.044170198688e-02	6.054645331807e-02
2.446181182229e-01	4.753808132276e+00	4.138795690948e-02	6.091600713498e-02
2.447515705515e-01	4.540329464964e+00	4.233285176985e-02	6.127643671860e-02
2.448850228800e-01	4.347244773617e+00	4.327615794088e-02	6.162776859918e-02
2.450184752086e-01	4.172954789274e+00	4.421764477689e-02	6.197002978228e-02
2.451519275371e-01	4.017003229632e+00	4.515707969674e-02	6.230324772303e-02
2.452853798657e-01	3.876175095300e+00	4.609422826773e-02	6.262745030063e-02
2.454188321942e-01	3.746754802843e+00	4.702885429045e-02	6.294266579315e-02
2.455522845227e-01	3.627187653562e+00	4.796071988443e-02	6.324892285274e-02
2.456857368513e-01	3.514965424304e+00	4.888958557462e-02	6.354625048111e-02
2.458191891798e-01	3.404378760830e+00	4.981521037864e-02	6.383467800539e-02
2.459526415084e-01	3.291608443343e+00	5.073735189476e-02	6.411423505434e-02
2.460860938369e-01	3.174180981968e+00	5.165576639059e-02	6.438495153497e-02
2.462195461655e-01	3.049497665555e+00	5.257020889244e-02	6.464685760948e-02
2.463529984940e-01	2.913067494315e+00	5.348043327532e-02	6.489998367270e-02
2.464864508226e-01	2.758317443674e+00	5.438619235356e-02	6.514436032980e-02
2.466199031511e-01	2.583891933941e+00	5.528723797194e-02	6.538001837456e-02
2.467533554796e-01	2.390057951216e+00	5.618332109743e-02	6.560698876797e-02
2.468868078082e-01	2.172414682047e+00	5.707419191137e-02	6.582530261727e-02
2.470202601367e-01	1.930296526032e+00	5.795959990214e-02	6.603499115551e-02
2.471537124653e-01	1.661604831770e+00	5.883929395824e-02	6.623608572146e-02
2.472871647938e-01	1.366400881072e+00	5.971302246176e-02	6.642861774007e-02
2.474206171224e-01	1.047262440140e+00	6.058053338222e-02	6.661261870335e-02
2.475540694509e-01	7.023112575184e-01	6.144157437075e-02	6.678812015172e-02
2.476875217795e-01	3.388355698606e-01	6.229589285448e-02	6.695515365589e-02
2.478209741080e-01	-4.233931419409e-02	6.314323613126e-02	6.711375079916e-02
2.479544264366e-01	-4.429822384515e-01	6.398335146453e-02	6.726394316031e-02
2.480878787651e-01	-8.531383595280e-01	6.481598617841e-02	6.740576229690e-02
2.482213310936e-01	-1.268501444277e+00	6.564088775293e-02	6.753923972913e-02
2.483547834222e-01	-1.684788890351e+00	6.645780391928e-02	6.766440692422e-02
2.484882357507e-01	-2.097953737456e+00	6.726648275526e-02	6.778129528125e-02
2.486216880793e-01	-2.505732871830e+00	6.806667278067e-02	6.788993611659e-02
2.487551404078e-01	-2.902394948203e+00	6.885812305270e-02	6.799036064984e-02
2.488885927364e-01	-3.278248311540e+00	6.964058326135e-02	6.808259999025e-02
2.490220450649e-01	-3.628815202714e+00	7.041380382466e-02	6.816668512377e-02
2.491554973935e-01	-3.956905924869e+00	7.117753598393e-02	6.824264690051e-02
2.492889497220e-01	-4.257786631112e+00	7.193153189875e-02	6.831051602290e-02
2.494224020505e-01	-4.528161925479e+00	7.267554474184e-02	6.837032303422e-02
2.495558543791e-01	-4.761517736995e+00	7.340932879368e-02	6.842209830781e-02
2.496893067076e-01	-4.954481430038e+00	7.413263953688e-02	6.846587203673e-02
2.498227590362e-01	-5.113604655250e+00	7.484523375027e-02	6.850167422405e-02
2.499562113647e-01	-5.238261639734e+00	7.554686960264e-02	6.852953467363e-02
2.500896636933e-01	-5.328258357091e+00	7.623730674617e-02	6.854948298146e-02
2.502231160218e-01	-5.378468570483e+00	7.691630640938e-02	6.856154852753e-02
2.503565683504e-01	-5.389562654250e+00	7.758363148976e-02	6.856576046830e-02
2.504900206789e-01	-5.371974383284e+00	7.823904664580e-02	6.856214772969e-02
2.506234730075e-01	-5.325748610335e+00	7.888231838865e-02	6.855073900055e-02
2.507569253360e-01	-5.249781501241e+00	7.951321517317e-02	6.853156272680e-02
2.508903776645e-01	-5.146212467801e+00	8.013150748841e-02	6.850464710602e-02
2.510238299931e-01	-5.018307022171e+00	8.073696794753e-02	6.847002008256e-02
2.511572823216e-01	-4.870635567477e+00	8.132937137707e-02	6.842770934331e-02
2.512907346502e-01	-4.708244362307e+00	8.190849490548e-02	6.837774231387e-02
2.514241869787e-01	-4.528781058057e+00	8.247411805110e-02	6.832014615531e-02
2.515576393073e-01	-4.333491947450e+00	8.302602280922e-02	6.825494776146e-02
2.516910916358e-01	-4.129105687879e+00	8.356399373854e-02	6.818217375674e-02
2.518245439644e-01	-3.915492179820e+00	8.408781804672e-02	6.810185049442e-02
2.519579962929e-01	-3.696454899744e+00	8.459728567510e-02	6.801400405553e-02
2.520914486214e-01	-3.469835982968e+00	8.509218938267e-02	6.791866024816e-02
2.522249009500e-01	-3.234317468377e+00	8.557232482898e-02	6.781584460734e-02
2.523583532785e-01	-2.995993530562e+00	8.603749065626e-02	6.770558239537e-02
2.524918056071e-01	-2.754521272682e+00	8.648748857048e-02	6.758789860266e-02
2.526252579356e-01	-2.511010022720e+00	8.692212342154e-02	6.746281794910e-02
2.527587102642e-01	-2.261861077438e+00	8.734120328230e-02	6.733036488579e-02
2.528921625927e-01	-2.004261532601e+00	8.774453952670e-02	6.719056359742e-02
2.530256149213e-01	-1.744242178401e+00	8.813194690668e-02	6.704343800493e-02
2.531590672498e-01	-1.484409006038e+00	8.850324362812e-02	6.688901176877e-02
2.532925195784e-01	-1.219810994048e+00	8.885825142552e-02	6.672730829254e-02
2.534259719069e-01	-9.476213050660e-01	8.919679563564e-02	6.655835072708e-02
2.535594242354e-01	-6.697480364513e-01	8.951870526985e-02	6.638216197503e-02
2.536928765640e-01	-3.891226034807e-01	8.982381308530e-02	6.619876469576e-02
2.538263288925e-01	-1.082150309594e-01	9.011195565490e-02	6.600818131077e-02
2.539597812211e-01	1.780479434258e-01	9.038297343595e-02	6.581043400947e-02
2.540932335496e-01	4.697442328134e-01	9.063671083749e-02	6.560554475539e-02
2.542266858782e-01	7.635505177832e-01	9.087301628639e-02	6.539353529270e-02
2.543601382067e-01	1.060200218526e+00	9.109174229204e-02	6.517442715325e-02
2.544935905353e-01	1.357330043216e+00	9.129274550966e-02	6.494824166382e-02
2.546270428638e-01	1.654625776515e+00	9.147588680227e-02	6.471499995386e-02
2.547604951923e-01	1.953982536116e+00	9.164103130120e-02	6.447472296352e-02
2.548939475209e-01	2.256370942679e+00	9.178804846517e-02	6.422743145204e-02
2.550273998494e-01	2.556566720786e+00	9.191681213791e-02	6.397314600641e-02
2.551608521780e-01	2.854659849172e+00	9.202720060432e-02	6.371188705050e-02
2.552943045065e-01	3.152610035831e+00	9.211909664507e-02	6.344367485430e-02
2.554277568351e-01	3.449287822715e+00	9.219238758972e-02	6.316852954361e-02
2.555612091636e-01	3.745212849889e+00	9.224696536829e-02	6.288647110996e-02
2.556946614922e-01	4.036307220212e+00	9.228272656122e-02	6.259751942080e-02
2.558281138207e-01	4.323820576407e+00	9.229957244782e-02	6.230169422995e-02
2.559615661493e-01	4.607535041513e+00	9.229740905304e-02	6.199901518835e-02
2.560950184778e-01	4.885239059423e+00	9.227614719269e-02	6.168950185496e-02
2.562284708063e-01	5.158164724878e+00	9.223570251694e-02	6.137317370799e-02
2.563619231349e-01	5.422458895188e+00	9.217599555223e-02	6.105005015631e-02
2.564953754634e-01	5.678695189982e+00	9.209695174148e-02	6.072015055098e-02
2.566288277920e-01	5.925545621831e+00	9.199850148262e-02	6.038349419713e-02
2.567622801205e-01	6.159763406642e+00	9.188058016541e-02	6.004010036592e-02
2.568957324491e-01	6.383980911195e+00	9.174312820657e-02	5.968998830665e-02
2.570291847776e-01	6.596741471889e+00	9.158609108310e-02	5.933317725912e-02
2.571626371062e-01	6.793692223986e+00	9.140941936396e-02	5.896968646602e-02
2.572960894347e-01	6.976855622788e+00	9.121306873993e-02	5.859953518559e-02
2.574295417632e-01	7.145908619089e+00	9.099700005170e-02	5.822274270426e-02
2.575629940918e-01	7.297640534383e+00	9.076117931621e-02	5.783932834950e-02
2.576964464203e-01	7.435394289444e+00	9.050557775118e-02	5.744931150270e-02
2.578298987489e-01	7.557497757447e+00	9.023017179783e-02	5.705271161220e-02
2.579633510774e-01	7.663838018674e+00	8.993494314179e-02	5.664954820632e-02
2.580968034060e-01	7.756130591388e+00	8.961987873224e-02	5.623984090651e-02
2.582302557345e-01	7.830767107940e+00	8.928497079915e-02	5.582360944052e-02
2.583637080631e-01	7.891421164065e+00	8.893021686872e-02	5.540087365559e-02
2.584971603916e-01	7.940334581575e+00	8.855561977697e-02	5.497165353171e-02
2.586306127202e-01	7.975202192861e+00	8.816118768151e-02	5.453596919486e-02
2.587640650487e-01	7.995910460006e+00	8.774693407141e-02	5.409384093023e-02
2.588975173772e-01	8.003147540821e+00	8.731287777524e-02	5.364528919549e-02
2.590309697058e-01	7.998381691965e+00	8.685904296722e-02	5.319033463400e-02
2.591644220343e-01	7.982184405104e+00	8.638545917157e-02	5.272899808794e-02
2.592978743629e-01	7.952894467173e+00	8.589216126491e-02	5.226130061149e-02
2.594313266914e-01	7.910226002999e+00	8.537918947680e-02	5.178726348391e-02
2.595647790200e-01	7.854964704921e+00	8.484658938848e-02	5.130690822249e-02
2.596982313485e-01	7.784892117469e+00	8.429441192966e-02	5.082025659553e-02
2.598316836771e-01	7.703174762280e+00	8.372271337344e-02	5.032733063515e-02
2.599651360056e-01	7.607369429793e+00	8.313155532941e-02	4.982815265002e-02
2.600985883341e-01	7.494185607857e+00	8.252100473482e-02	4.932274523801e-02
2.602320406627e-01	7.364481198830e+00	8.189113384389e-02	4.881113129866e-02
2.603654929912e-01	7.220280135864e+00	8.124202021530e-02	4.829333404555e-02
2.604989453198e-01	7.063384254569e+00	8.057374669775e-02	4.776937701855e-02
2.606323976483e-01	6.887279755781e+00	7.988640141368e-02	4.723928409587e-02
2.607658499769e-01	6.691831690632e+00	7.918007774116e-02	4.670307950597e-02
2.608993023054e-01	6.479074450188e+00	7.845487429386e-02	4.616078783932e-02
2.610327546340e-01	6.254326605486e+00	7.771089489929e-02	4.561243405991e-02
2.611662069625e-01	6.016222000429e+00	7.694824857506e-02	4.505804351669e-02
2.612996592911e-01	5.756797385225e+00	7.616704950341e-02	4.449764195466e-02
2.614331116196e-01	5.480964718875e+00	7.536741700388e-02	4.393125552589e-02
2.615665639481e-01	5.193234894605e+00	7.454947550415e-02	4.335891080021e-02
2.617000162767e-01	4.895154980073e+00	7.371335450909e-02	4.278063477579e-02
2.618334686052e-01	4.581696638856e+00	7.285918856803e-02	4.219645488937e-02
2.619669209338e-01	4.252310116504e+00	7.198711724018e-02	4.160639902633e-02
2.621003732623e-01	3.911039772342e+00	7.109728505834e-02	4.101049553049e-02
2.622338255909e-01	3.559605888104e+00	7.018984149083e-02	4.040877321367e-02
2.623672779194e-01	3.197949753898e+00	6.926494090164e-02	3.980126136490e-02
2.625007302480e-01	2.820510646496e+00	6.832274250885e-02	3.918798975953e-02
2.626341825765e-01	2.430993673154e+00	6.736341034137e-02	3.856898866789e-02
2.627676349050e-01	2.031304595039e+00	6.638711319389e-02	3.794428886377e-02
2.629010872336e-01	1.619462675131e+00	6.539402458019e-02	3.731392163260e-02
2.630345395621e-01	1.195417219781e+00	6.438432268477e-02	3.667791877931e-02
2.631679918907e-01	7.588699157008e-01	6.335819031278e-02	3.603631263589e-02
2.633014442192e-01	3.104653568341e-01	6.231581483831e-02	3.538913606870e-02
2.634348965478e-01	-1.492697255764e-01	6.125738815111e-02	3.473642248539e-02
2.635683488763e-01	-6.189121200928e-01	6.018310660157e-02	3.407820584159e-02
2.637018012049e-01	-1.097971138577e+00	5.909317094427e-02	3.341452064719e-02
2.638352535334e-01	-1.585322136682e+00	5.798778627980e-02	3.274540197240e-02
2.639687058620e-01	-2.082099552139e+00	5.686716199510e-02	3.207088545342e-02
2.641021581905e-01	-2.583598398458e+00	5.573151170232e-02	3.139100729778e-02
2.642356105190e-01	-3.086506208721e+00	5.458105317601e-02	3.070580428937e-02
2.643690628476e-01	-3.592620129824e+00	5.341600828898e-02	3.001531379316e-02
2.645025151761e-01	-4.100436554753e+00	5.223660294659e-02	2.931957375950e-02
2.646359675047e-01	-4.607918553071e+00	5.104306701962e-02	2.861862272819e-02
2.647694198332e-01	-5.110618469075e+00	4.983563427574e-02	2.791249983209e-02
2.649028721618e-01	-5.607575537241e+00	4.861454230950e-02	2.720124480053e-02
2.650363244903e-01	-6.099323258455e+00	4.738003247108e-02	2.648489796221e-02
2.651697768189e-01	-6.585161563068e+00	4.613234979352e-02	2.576350024790e-02
2.653032291474e-01	-7.063003454839e+00	4.487174291875e-02	2.503709319271e-02
2.654366814759e-01	-7.532134694436e+00	4.359846402227e-02	2.430571893803e-02
2.655701338045e-01	-7.991418094745e+00	4.231276873654e-02	2.356942023317e-02
2.657035861330e-01	-8.439283050408e+00	4.101491607320e-02	2.282824043654e-02
2.658370384616e-01	-8.879478204880e+00	3.970516834390e-02	2.208222351665e-02
2.659704907901e-01	-9.311166279531e+00	3.838379108015e-02	2.133141405260e-02
2.661039431187e-01	-9.731867057946e+00	3.705105295185e-02	2.057585723432e-02
2.662373954472e-01	-1.014153749367e+01	3.570722568471e-02	1.981559886247e-02
2.663708477758e-01	-1.054095661654e+01	3.435258397663e-02	1.905068534793e-02
2.665043001043e-01	-1.093173013397e+01	3.298740541292e-02	1.828116371101e-02
2.666377524328e-01	-1.131443531179e+01	3.161197038050e-02	1.750708158034e-02
2.667712047614e-01	-1.168630621363e+01	3.022656198112e-02	1.672848719131e-02
2.669046570899e-01	-1.204642263028e+01	2.883146594351e-02	1.594542938434e-02
2.670381094185e-01	-1.239942995419e+01	2.742697053464e-02	1.515795760268e-02
2.671715617470e-01	-1.274269563981e+01	2.601336647005e-02	1.436612188998e-02
2.673050140756e-01	-1.307689163890e+01	2.459094682323e-02	1.356997288745e-02
2.674384664041e-01	-1.340412880523e+01	2.316000693420e-02	1.276956183079e-02
2.675719187327e-01	-1.372361291801e+01	2.172084431725e-02	1.196494054674e-02
2.677053710612e-01	-1.403615739070e+01	2.027375856783e-02	1.115616144933e-02
2.678388233898e-01	-1.434114954957e+01	1.881905126876e-02	1.034327753584e-02
2.679722757183e-01	-1.464378287699e+01	1.735702589564e-02	9.526342382478e-03
2.681057280468e-01	-1.494310777830e+01	1.588798772160e-02	8.705410139672e-03
2.682391803754e-01	-1.523932138367e+01	1.441224372138e-02	7.880535527173e-03
2.683726327039e-01	-1.553535959748e+01	1.293010247479e-02	7.051773828808e-03
2.685060850325e-01	-1.583143858684e+01	1.144187406953e-02	6.219180886975e-03
2.686395373610e-01	-1.612867195959e+01	9.947870003554e-03	5.382813096847e-03
2.687729896896e-01	-1.642734781056e+01	8.448403086785e-03	4.542727400320e-03
2.689064420181e-01	-1.672781676566e+01	6.943787342446e-03	3.698981279691e-03
2.690398943467e-01	-1.703032546509e+01	5.434337907879e-03	2.851632751072e-03
2.691733466752e-01	-1.733546128005e+01	3.920370934969e-03	2.000740357563e-03
2.693067990037e-01	-1.763952582581e+01	2.402203490190e-03	1.146363162174e-03
2.694402513323e-01	-1.794347356443e+01	8.801534542943e-04	2.885607405088e-04
2.695737036608e-01	-1.824545284145e+01	-6.454605782923e-04	-5.726068267782e-04
2.697071559894e-01	-1.854103328077e+01	-2.174319400356e-03	-1.437078961754e-03
2.698406083179e-01	-1.883077970548e+01	-3.706103293010e-03	-2.304794597193e-03
2.699740606465e-01	-1.911063615874e+01	-5.240492127016e-03	-3.175692184767e-03
2.701075129750e-01	-1.937904279214e+01	-6.777165464248e-03	-4.049709703450e-03
2.702409653036e-01	-1.962945105086e+01	-8.315802659306e-03	-4.926784668101e-03
2.703744176321e-01	-1.986177991535e+01	-9.856082961199e-03	-5.806854138247e-03
2.705078699607e-01	-2.007692893941e+01	-1.139768561508e-02	-6.689854727029e-03
2.706413222892e-01	-2.026939030897e+01	-1.294028996398e-02	-7.575722610335e-03
2.707747746177e-01	-2.043767284146e+01	-1.448357555060e-02	-8.464393536082e-03
2.709082269463e-01	-2.057814413756e+01	-1.602722221887e-02	-9.355802833653e-03
2.710416792748e-01	-2.069358476225e+01	-1.757091021562e-02	-1.024988542349e-02
2.711751316034e-01	-2.078410701183e+01	-1.911432029192e-02	-1.114657582680e-02
2.713085839319e-01	-2.084894731077e+01	-2.065713380442e-02	-1.204580817542e-02
2.714420362605e-01	-2.088652266355e+01	-2.219903281631e-02	-1.294751622179e-02
2.715754885890e-01	-2.089817179265e+01	-2.373970019819e-02	-1.385163334902e-02
2.717089409176e-01	-2.088909808462e+01	-2.527881972855e-02	-1.475809258108e-02
2.718423932461e-01	-2.085660790688e+01	-2.681607619395e-02	-1.566682659308e-02
2.719758455746e-01	-2.080468046705e+01	-2.835115548885e-02	-1.657776772163e-02
2.721092979032e-01	-2.073397675590e+01	-2.988374471510e-02	-1.749084797528e-02
2.722427502317e-01	-2.064563259012e+01	-3.141353228085e-02	-1.840599904503e-02
2.723762025603e-01	-2.054356542537e+01	-3.294020799916e-02	-1.932315231490e-02
2.725096548888e-01	-2.042845311161e+01	-3.446346318599e-02	-2.024223887254e-02
2.726431072174e-01	-2.030233708372e+01	-3.598299075768e-02	-2.116318951988e-02
2.727765595459e-01	-2.016397906520e+01	-3.749848532789e-02	-2.208593478387e-02
2.729100118745e-01	-2.001552937284e+01	-3.900964330381e-02	-2.301040492711e-02
2.730434642030e-01	-1.985908682692e+01	-4.051616298191e-02	-2.393652995866e-02
2.731769165316e-01	-1.969772874045e+01	-4.201774464279e-02	-2.486423964477e-02
2.733103688601e-01	-1.952769042882e+01	-4.351409064548e-02	-2.579346351956e-02
2.734438211886e-01	-1.934707452185e+01	-4.500490552085e-02	-2.672413089582e-02
2.735772735172e-01	-1.916087645852e+01	-4.648989606436e-02	-2.765617087567e-02
2.737107258457e-01	-1.896933167497e+01	-4.796877142786e-02	-2.858951236126e-02
2.738441781743e-01	-1.877210746539e+01	-4.944124321059e-02	-2.952408406544e-02
2.739776305028e-01	-1.856564625467e+01	-5.090702554930e-02	-3.045981452231e-02
2.741110828314e-01	-1.835061437826e+01	-5.236583520740e-02	-3.139663209783e-02
2.742445351599e-01	-1.812948820376e+01	-5.381739166316e-02	-3.233446500030e-02
2.743779874885e-01	-1.790246789805e+01	-5.526141719692e-02	-3.327324129077e-02
2.745114398170e-01	-1.766770747911e+01	-5.669763697728e-02	-3.421288889340e-02
2.746448921455e-01	-1.742467816963e+01	-5.812577914620e-02	-3.515333560574e-02
2.747783444741e-01	-1.717491011303e+01	-5.954557490303e-02	-3.609450910892e-02
2.749117968026e-01	-1.691666021990e+01	-6.095675858740e-02	-3.703633697770e-02
2.750452491312e-01	-1.665365299560e+01	-6.235906776099e-02	-3.797874669048e-02
2.751787014597e-01	-1.638323879047e+01	-6.375224328803e-02	-3.892166563917e-02
2.753121537883e-01	-1.610487288468e+01	-6.513602941468e-02	-3.986502113891e-02
2.754456061168e-01	-1.582237939819e+01	-6.651017384709e-02	-4.080874043773e-02
2.755790584454e-01	-1.553263494594e+01	-6.787442782821e-02	-4.175275072601e-02
2.757125107739e-01	-1.523850155002e+01	-6.922854621329e-02	-4.269697914587e-02
2.758459631025e-01	-1.493883190389e+01	-7.057228754405e-02	-4.364135280035e-02
2.759794154310e-01	-1.463431548807e+01	-7.190541412148e-02	-4.458579876248e-02
2.761128677595e-01	-1.432722957130e+01	-7.322769207720e-02	-4.553024408420e-02
2.762463200881e-01	-1.401647147719e+01	-7.453889144351e-02	-4.647461580509e-02
2.763797724166e-01	-1.370254923302e+01	-7.583878622189e-02	-4.741884096093e-02
2.765132247452e-01	-1.338498217907e+01	-7.712715445007e-02	-4.836284659213e-02
2.766466770737e-01	-1.306815719902e+01	-7.840377826760e-02	-4.930655975195e-02
2.767801294023e-01	-1.275196382365e+01	-7.966844397990e-02	-5.024990751452e-02
2.769135817308e-01	-1.243372220800e+01	-8.092094212073e-02	-5.119281698272e-02
2.770470340594e-01	-1.211495454730e+01	-8.216106751314e-02	-5.213521529584e-02
2.771804863879e-01	-1.179898998488e+01	-8.338861932879e-02	-5.307702963706e-02
2.773139387164e-01	-1.148734511335e+01	-8.460340114564e-02	-5.401818724068e-02
2.774473910450e-01	-1.117680427601e+01	-8.580522100403e-02	-5.495861539924e-02
2.775808433735e-01	-1.086827018872e+01	-8.699389146109e-02	-5.589824147034e-02
2.777142957021e-01	-1.056428409483e+01	-8.816922964343e-02	-5.683699288332e-02
2.778477480306e-01	-1.026543997775e+01	-8.933105729820e-02	-5.777479714567e-02
2.779812003592e-01	-9.972043020855e+00	-9.047920084234e-02	-5.871158184931e-02
2.781146526877e-01	-9.682056660301e+00	-9.161349141014e-02	-5.964727467651e-02
2.782481050163e-01	-9.396145006575e+00	-9.273376489904e-02	-6.058180340575e-02
2.783815573448e-01	-9.117026953854e+00	-9.383986201364e-02	-6.151509591726e-02
2.785150096734e-01	-8.842415766175e+00	-9.493162830787e-02	-6.244708019836e-02
2.786484620019e-01	-8.572281377403e+00	-9.600891422543e-02	-6.337768434856e-02
2.787819143304e-01	-8.306714416313e+00	-9.707157513834e-02	-6.430683658449e-02
2.789153666590e-01	-8.043322566812e+00	-9.811947138367e-02	-6.523446524453e-02
2.790488189875e-01	-7.784758523173e+00	-9.915246829840e-02	-6.616049879327e-02
2.791822713161e-01	-7.531888866862e+00	-1.001704362524e-01	-6.708486582570e-02
2.793157236446e-01	-7.281115733573e+00	-1.011732506797e-01	-6.800749507120e-02
2.794491759732e-01	-7.032633416557e+00	-1.021607921072e-01	-6.892831539729e-02
2.795826283017e-01	-6.787876667688e+00	-1.031329461828e-01	-6.984725581318e-02
2.797160806303e-01	-6.547391879313e+00	-1.040896037000e-01	-7.076424547300e-02
2.798495329588e-01	-6.312970174437e+00	-1.050306606218e-01	-7.167921367898e-02
2.799829852873e-01	-6.081169806438e+00	-1.059560181019e-01	-7.259208988420e-02
2.801164376159e-01	-5.853545105763e+00	-1.068655825049e-01	-7.350280369528e-02
2.802498899444e-01	-5.636825535586e+00	-1.077592654229e-01	-7.441128487474e-02
2.803833422730e-01	-5.428402934523e+00	-1.086369836923e-01	-7.531746334323e-02
2.805167946015e-01	-5.227948739143e+00	-1.094986594064e-01	-7.622126918148e-02
2.806502469301e-01	-5.037896325051e+00	-1.103442199279e-01	-7.712263263204e-02
2.807836992586e-01	-4.862289936925e+00	-1.111735978984e-01	-7.802148410085e-02
2.809171515872e-01	-4.704607476413e+00	-1.119867312460e-01	-7.891775415855e-02
2.810506039157e-01	-4.561711282056e+00	-1.127835631911e-01	-7.981137354164e-02
2.811840562443e-01	-4.434659681799e+00	-1.135640422505e-01	-8.070227315338e-02
2.813175085728e-01	-4.329669694661e+00	-1.143281222387e-01	-8.159038406453e-02
2.814509609013e-01	-4.247468070369e+00	-1.150757622680e-01	-8.247563751389e-02
2.815844132299e-01	-4.185982896314e+00	-1.158069267464e-01	-8.335796490864e-02
2.817178655584e-01	-4.147388640229e+00	-1.165215853731e-01	-8.423729782452e-02
2.818513178870e-01	-4.131602160388e+00	-1.172197131325e-01	-8.511356800579e-02
2.819847702155e-01	-4.140898739973e+00	-1.179012902861e-01	-8.598670736504e-02
2.821182225441e-01	-4.175758467942e+00	-1.185663023624e-01	-8.685664798284e-02
2.822516748726e-01	-4.230498727442e+00	-1.192147401447e-01	-8.772332210718e-02
2.823851272012e-01	-4.308416284829e+00	-1.198465996568e-01	-8.858666215285e-02
2.825185795297e-01	-4.411567288768e+00	-1.204618821475e-01	-8.944660070049e-02
2.826520318582e-01	-4.536106444016e+00	-1.210605940719e-01	-9.030307049571e-02
2.827854841868e-01	-4.680358816355e+00	-1.216427470722e-01	-9.115600444791e-02
2.829189365153e-01	-4.842535930562e+00	-1.222083579549e-01	-9.200533562899e-02
2.830523888439e-01	-5.024151346781e+00	-1.227574486678e-01	-9.285099727203e-02
2.831858411724e-01	-5.228332309633e+00	-1.232900462737e-01	-9.369292276970e-02
2.833192935010e-01	-5.448731745460e+00	-1.238061829229e-01	-9.453104567268e-02
2.834527458295e-01	-5.682913149287e+00	-1.243058958235e-01	-9.536529968794e-02
2.835861981581e-01	-5.933327676450e+00	-1.247892272099e-01	-9.619561867684e-02
2.837196504866e-01	-6.201161730302e+00	-1.252562243096e-01	-9.702193665327e-02
2.838531028152e-01	-6.487935773884e+00	-1.257069393077e-01	-9.784418778161e-02
2.839865551437e-01	-6.787022836601e+00	-1.261414293100e-01	-9.866230637465e-02
2.841200074722e-01	-7.099199722845e+00	-1.265597563040e-01	-9.947622689143e-02
2.842534598008e-01	-7.428283809289e+00	-1.269619871180e-01	-1.002858839350e-01
2.843869121293e-01	-7.772866663732e+00	-1.273481933786e-01	-1.010912122503e-01
2.845203644579e-01	-8.130801333151e+00	-1.277184514666e-01	-1.018921467216e-01
2.846538167864e-01	-8.500812086424e+00	-1.280728424705e-01	-1.026886223702e-01
2.847872691150e-01	-8.886379204965e+00	-1.284114521388e-01	-1.034805743525e-01
2.849207214435e-01	-9.284996068041e+00	-1.287343708302e-01	-1.042679379567e-01
2.850541737721e-01	-9.694444209807e+00	-1.290416934624e-01	-1.050506486015e-01
2.851876261006e-01	-1.011196666146e+01	-1.293335194594e-01	-1.058286418327e-01
2.853210784291e-01	-1.054212190088e+01	-1.296099526959e-01	-1.066018533215e-01
2.854545307577e-01	-1.098550035461e+01	-1.298711014420e-01	-1.073702188618e-01
2.855879830862e-01	-1.143296913929e+01	-1.301170783045e-01	-1.081336743678e-01
2.857214354148e-01	-1.188430067234e+01	-1.303480001675e-01	-1.088921558720e-01
2.858548877433e-01	-1.233925227073e+01	-1.305639881314e-01	-1.096455995225e-01
2.859883400719e-01	-1.280249971490e+01	-1.307651674499e-01	-1.103939415813e-01
2.861217924004e-01	-1.326792969395e+01	-1.309516674663e-01	-1.111371184215e-01
2.862552447290e-01	-1.372869630555e+01	-1.311236215469e-01	-1.118750665258e-01
2.863886970575e-01	-1.418606390622e+01	-1.312811670146e-01	-1.126077224842e-01
2.865221493861e-01	-1.463937203110e+01	-1.314244450798e-01	-1.133350229922e-01
2.866556017146e-01	-1.508762908154e+01	-1.315536007704e-01	-1.140569048489e-01
2.867890540431e-01	-1.552355158883e+01	-1.316687828604e-01	-1.147733049554e-01
2.869225063717e-01	-1.594853476668e+01	-1.317701437969e-01	-1.154841603129e-01
2.870559587002e-01	-1.635833345427e+01	-1.318578396261e-01	-1.161894080220e-01
2.871894110288e-01	-1.675090451608e+01	-1.319320299177e-01	-1.168889852803e-01
2.873228633573e-01	-1.712310189271e+01	-1.319928776882e-01	-1.175828293824e-01
2.874563156859e-01	-1.747046131050e+01	-1.320405493232e-01	-1.182708777177e-01
2.875897680144e-01	-1.779774777681e+01	-1.320752144977e-01	-1.189530677705e-01
2.877232203430e-01	-1.809758408536e+01	-1.320970460959e-01	-1.196293371189e-01
2.878566726715e-01	-1.836858921716e+01	-1.321062201303e-01	-1.202996234342e-01
2.879901250000e-01	-1.860826517303e+01	-1.321029156580e-01	-1.209638644809e-01
2.881235773286e-01	-1.881778128485e+01	-1.320873146980e-01	-1.216219981164e-01
2.882570296571e-01	-1.899831835629e+01	-1.320596021461e-01	-1.222739622909e-01
2.883904819857e-01	-1.914728574206e+01	-1.320199656891e-01	-1.229196950482e-01
2.885239343142e-01	-1.926790357172e+01	-1.319685957183e-01	-1.235591345259e-01
2.886573866428e-01	-1.935560317094e+01	-1.319056852417e-01	-1.241922189559e-01
2.887908389713e-01	-1.941540854514e+01	-1.318314297957e-01	-1.248188866662e-01
2.889242912999e-01	-1.945036770723e+01	-1.317460273556e-01	-1.254390760814e-01
2.890577436284e-01	-1.946110744999e+01	-1.316496782455e-01	-1.260527257246e-01
2.891911959569e-01	-1.945118826336e+01	-1.315425850472e-01	-1.266597742189e-01
2.893246482855e-01	-1.941988730523e+01	-1.314249525086e-01	-1.272601602899e-01
2.894581006140e-01	-1.937082172186e+01	-1.312969874512e-01	-1.278538227676e-01
2.895915529426e-01	-1.930648664680e+01	-1.311588986773e-01	-1.284407005889e-01
2.897250052711e-01	-1.923076821146e+01	-1.310108968757e-01	-1.290207328012e-01
2.898584575997e-01	-1.914429433418e+01	-1.308531945280e-01	-1.295938585648e-01
2.899919099282e-01	-1.904873591805e+01	-1.306860058133e-01	-1.301600171569e-01
2.901253622568e-01	-1.894422113696e+01	-1.305095465132e-01	-1.307191479753e-01
2.902588145853e-01	-1.883135965361e+01	-1.303240339157e-01	-1.312711905422e-01
2.903922669139e-01	-1.871193357454e+01	-1.301296867189e-01	-1.318160845094e-01
2.905257192424e-01	-1.858598875742e+01	-1.299267249345e-01	-1.323537696623e-01
2.906591715709e-01	-1.845615821926e+01	-1.297153697908e-01	-1.328841859256e-01
2.907926238995e-01	-1.831554369779e+01	-1.294958436353e-01	-1.334072733683e-01
2.909260762280e-01	-1.816464385007e+01	-1.292683698371e-01	-1.339229722098e-01
2.910595285566e-01	-1.800533160558e+01	-1.290331726892e-01	-1.344312228261e-01
2.911929808851e-01	-1.783656053273e+01	-1.287904773103e-01	-1.349319657560e-01
2.913264332137e-01	-1.765770460291e+01	-1.285405095468e-01	-1.354251417083e-01
2.914598855422e-01	-1.746385136657e+01	-1.282834958747e-01	-1.359106915688e-01
2.915933378708e-01	-1.725495550497e+01	-1.280196633009e-01	-1.363885564078e-01
2.917267901993e-01	-1.703100265483e+01	-1.277492392653e-01	-1.368586774886e-01
2.918602425278e-01	-1.679470842699e+01	-1.274724515421e-01	-1.373209962750e-01
2.919936948564e-01	-1.654194891989e+01	-1.271895281421e-01	-1.377754544407e-01
2.921271471849e-01	-1.627129216007e+01	-1.269006972139e-01	-1.382219938781e-01
2.922605995135e-01	-1.598509571773e+01	-1.266061869464e-01	-1.386605567076e-01
2.923940518420e-01	-1.568256948722e+01	-1.263062254708e-01	-1.390910852878e-01
2.925275041706e-01	-1.536528077609e+01	-1.260010407632e-01	-1.395135222253e-01
2.926609564991e-01	-1.503192883744e+01	-1.256908605470e-01	-1.399278103858e-01
2.927944088277e-01	-1.468566636798e+01	-1.253759121963e-01	-1.403338929044e-01
2.929278611562e-01	-1.432521731729e+01	-1.250564226388e-01	-1.407317131978e-01
2.930613134848e-01	-1.395226247674e+01	-1.247326182601e-01	-1.411212149751e-01
2.931947658133e-01	-1.356865791183e+01	-1.244047248076e-01	-1.415023422508e-01
2.933282181418e-01	-1.317515152165e+01	-1.240729672952e-01	-1.418750393567e-01
2.934616704704e-01	-1.277437423531e+01	-1.237375699084e-01	-1.422392509551e-01
2.935951227989e-01	-1.236544290148e+01	-1.233987559103e-01	-1.425949220520e-01
2.937285751275e-01	-1.195161804175e+01	-1.230567475478e-01	-1.429419980109e-01
2.938620274560e-01	-1.153304035995e+01	-1.227117659587e-01	-1.432804245662e-01
2.939954797846e-01	-1.111622697333e+01	-1.223640310792e-01	-1.436101478387e-01
2.941289321131e-01	-1.069808158420e+01	-1.220137615526e-01	-1.439311143493e-01
2.942623844417e-01	-1.027741389307e+01	-1.216611746378e-01	-1.442432710349e-01
2.943958367702e-01	-9.863008357553e+00	-1.213064861203e-01	-1.445465652633e-01
2.945292890987e-01	-9.453367952115e+00	-1.209499102218e-01	-1.448409448498e-01
2.946627414273e-01	-9.051373538407e+00	-1.205916595127e-01	-1.451263580727e-01
2.947961937558e-01	-8.654082061187e+00	-1.202319448246e-01	-1.454027536905e-01
2.949296460844e-01	-8.264368132866e+00	-1.198709751631e-01	-1.456700809584e-01
2.950630984129e-01	-7.884868766804e+00	-1.195089576233e-01	-1.459282896459e-01
2.951965507415e-01	-7.515790816222e+00	-1.191460973045e-01	-1.461773300542e-01
2.953300030700e-01	-7.158092382083e+00	-1.187825972272e-01	-1.464171530344e-01
2.954634553986e-01	-6.807473084258e+00	-1.184186582509e-01	-1.466477100056e-01
2.955969077271e-01	-6.467686842339e+00	-1.180544789925e-01	-1.468689529736e-01
2.957303600557e-01	-6.137181467559e+00	-1.176902557465e-01	-1.470808345498e-01
2.958638123842e-01	-5.815877068584e+00	-1.173261824062e-01	-1.472833079706e-01
2.959972647127e-01	-5.501792456151e+00	-1.169624503861e-01	-1.474763271167e-01
2.961307170413e-01	-5.193685039921e+00	-1.165992485456e-01	-1.476598465331e-01
2.962641693698e-01	-4.891715556096e+00	-1.162367631138e-01	-1.478338214494e-01
2.963976216984e-01	-4.591508821402e+00	-1.158751776161e-01	-1.479982077998e-01
2.965310740269e-01	-4.295862035167e+00	-1.155146728018e-01	-1.481529622441e-01
2.966645263555e-01	-4.001180057521e+00	-1.151554265728e-01	-1.482980421886e-01
2.967979786840e-01	-3.705819151247e+00	-1.147976139149e-01	-1.484334058072e-01
2.969314310126e-01	-3.409403306870e+00	-1.144414068289e-01	-1.485590120630e-01
2.970648833411e-01	-3.111209718671e+00	-1.140869742645e-01	-1.486748207298e-01
2.971983356696e-01	-2.810005964302e+00	-1.137344820556e-01	-1.487807924141e-01
2.973317879982e-01	-2.505774282688e+00	-1.133840928560e-01	-1.488768885772e-01
2.974652403267e-01	-2.198819902105e+00	-1.130359660781e-01	-1.489630715577e-01
2.975986926553e-01	-1.885713625333e+00	-1.126902578325e-01	-1.490393045938e-01
2.977321449838e-01	-1.571699593970e+00	-1.123471208691e-01	-1.491055518458e-01
2.978655973124e-01	-1.253369985294e+00	-1.120067045202e-01	-1.491617784195e-01
2.979990496409e-01	-9.306226733069e-01	-1.116691546453e-01	-1.492079503890e-01
2.981325019695e-01	-6.076542176683e-01	-1.113346135772e-01	-1.492440348195e-01
2.982659542980e-01	-2.824715554235e-01	-1.110032200700e-01	-1.492699997913e-01
2.983994066266e-01	4.419172765577e-02	-1.106751092492e-01	-1.492858144228e-01
2.985328589551e-01	3.717284845140e-01	-1.103504125633e-01	-1.492914488938e-01
2.986663112836e-01	6.979984100651e-01	-1.100292577368e-01	-1.492868744700e-01
2.987997636122e-01	1.023368169950e+00	-1.097117687256e-01	-1.492720635258e-01
2.989332159407e-01	1.347279698593e+00	-1.093980656742e-01	-1.492469895687e-01
2.990666682693e-01	1.671235819096e+00	-1.090882648743e-01	-1.492116272629e-01
2.992001205978e-01	1.991472897774e+00	-1.087824787254e-01	-1.491659524532e-01
2.993335729264e-01	2.306980287549e+00	-1.084808156979e-01	-1.491099421893e-01
2.994670252549e-01	2.621610057745e+00	-1.081833802973e-01	-1.490435747491e-01
2.996004775835e-01	2.934484601036e+00	-1.078902730305e-01	-1.489668296633e-01
2.997339299120e-01	3.245293618433e+00	-1.076015903744e-01	-1.488796877390e-01
2.998673822405e-01	3.548420015636e+00	-1.073174247462e-01	-1.487821310836e-01
3.000008345691e-01	3.847693689489e+00	-1.070378644754e-01	-1.486741431289e-01
3.001342868976e-01	4.147707412998e+00	-1.067629937784e-01	-1.485557086549e-01
3.002677392262e-01	4.445032824936e+00	-1.064928927344e-01	-1.484268138132e-01
3.004011915547e-01	4.734529195072e+00	-1.062276372638e-01	-1.482874461512e-01
3.005346438833e-01	5.018633813727e+00	-1.059672991082e-01	-1.481375946353e-01
3.006680962118e-01	5.301022784646e+00	-1.057119458130e-01	-1.479772496747e-01
3.008015485404e-01	5.577305265549e+00	-1.054616407110e-01	-1.478064031443e-01
3.009350008689e-01	5.848827283012e+00	-1.052164429094e-01	-1.476250484082e-01
3.010684531975e-01	6.111145021981e+00	-1.049764072774e-01	-1.474331803427e-01
3.012019055260e-01	6.368359364067e+00	-1.047415844370e-01	-1.472307953592e-01
3.013353578545e-01	6.620702498618e+00	-1.045120207553e-01	-1.470178914264e-01
3.014688101831e-01	6.859895027784e+00	-1.042877583384e-01	-1.467944680936e-01
3.016022625116e-01	7.091375419320e+00	-1.040688350288e-01	-1.465605265123e-01
3.017357148402e-01	7.317356900125e+00	-1.038552844027e-01	-1.463160694582e-01
3.018691671687e-01	7.533900104863e+00	-1.036471357717e-01	-1.460611013534e-01
3.020026194973e-01	7.736854453766e+00	-1.034444141847e-01	-1.457956282874e-01
3.021360718258e-01	7.929357364413e+00	-1.032471404325e-01	-1.455196580386e-01
3.022695241544e-01	8.113544896254e+00	-1.030553310549e-01	-1.452332000952e-01
3.024029764829e-01	8.291150493528e+00	-1.028689983491e-01	-1.449362656753e-01
3.025364288114e-01	8.454173235760e+00	-1.026881503806e-01	-1.446288677479e-01
3.026698811400e-01	8.602351506777e+00	-1.025127909959e-01	-1.443110210523e-01
3.028033334685e-01	8.746245965768e+00	-1.023429198374e-01	-1.439827421178e-01
3.029367857971e-01	8.878376225341e+00	-1.021785323599e-01	-1.436440492829e-01
3.030702381256e-01	8.998926728425e+00	-1.020196198501e-01	-1.432949627138e-01
3.032036904542e-01	9.106879048984e+00	-1.018661694467e-01	-1.429355044232e-01
3.033371427827e-01	9.204242830622e+00	-1.017181641638e-01	-1.425656982881e-01
3.034705951113e-01	9.294146306573e+00	-1.015755829154e-01	-1.421855700670e-01
3.036040474398e-01	9.370994913202e+00	-1.014384005424e-01	-1.417951474175e-01
3.037374997684e-01	9.435048079584e+00	-1.013065878410e-01	-1.413944599125e-01
3.038709520969e-01	9.490529037942e+00	-1.011801115939e-01	-1.409835390563e-01
3.040044044254e-01	9.539925185455e+00	-1.010589346024e-01	-1.405624183006e-01
3.041378567540e-01	9.575329135184e+00	-1.009430157213e-01	-1.401311330592e-01
3.042713090825e-01	9.603100519973e+00	-1.008323098953e-01	-1.396897207228e-01
3.044047614111e-01	9.624516868077e+00	-1.007267681970e-01	-1.392382206730e-01
3.045382137396e-01	9.639081320587e+00	-1.006263378678e-01	-1.387766742960e-01
3.046716660682e-01	9.651865573046e+00	-1.005309623589e-01	-1.383051249951e-01
3.048051183967e-01	9.655896550700e+00	-1.004405813763e-01	-1.378236182034e-01
3.049385707253e-01	9.659271061470e+00	-1.003551309256e-01	-1.373322013957e-01
3.050720230538e-01	9.664410888425e+00	-1.002745433600e-01	-1.368309240991e-01
3.052054753823e-01	9.668365750899e+00	-1.001987474292e-01	-1.363198379044e-01
3.053389277109e-01	9.674209435974e+00	-1.001276683306e-01	-1.357989964753e-01
3.054723800394e-01	9.683774980715e+00	-1.000612277620e-01	-1.352684555578e-01
3.056058323680e-01	9.698449612072e+00	-9.999934397573e-02	-1.347282729895e-01
3.057392846965e-01	9.717031790318e+00	-9.994193183514e-02	-1.341785087066e-01
3.058727370251e-01	9.740840603378e+00	-9.988890287199e-02	-1.336192247520e-01
3.060061893536e-01	9.771123881067e+00	-9.984016534589e-02	-1.330504852814e-01
3.061396416822e-01	9.811060550391e+00	-9.979562430528e-02	-1.324723565697e-01
3.062730940107e-01	9.853019347943e+00	-9.975518164985e-02	-1.318849070159e-01
3.064065463393e-01	9.898692230395e+00	-9.971873619461e-02	-1.312882071476e-01
3.065399986678e-01	9.952978572072e+00	-9.968618373543e-02	-1.306823296248e-01
3.066734509963e-01	1.001048417677e+01	-9.965741711605e-02	-1.300673492434e-01
3.068069033249e-01	1.007232154354e+01	-9.963232629653e-02	-1.294433429367e-01
3.069403556534e-01	1.013326057927e+01	-9.961079842314e-02	-1.288103897778e-01
3.070738079820e-01	1.019532746801e+01	-9.959271789961e-02	-1.281685709796e-01
3.072072603105e-01	1.026030484419e+01	-9.957796645974e-02	-1.275179698956e-01
3.073407126391e-01	1.032244562940e+01	-9.956642324134e-02	-1.268586720186e-01
3.074741649676e-01	1.037961992042e+01	-9.955796486140e-02	-1.261907649794e-01
3.076076172962e-01	1.043423331430e+01	-9.955246549257e-02	-1.255143385445e-01
3.077410696247e-01	1.048589314270e+01	-9.954979694081e-02	-1.248294846130e-01
3.078745219532e-01	1.052985620183e+01	-9.954982872426e-02	-1.241362972124e-01
3.080079742818e-01	1.056662412407e+01	-9.955242815316e-02	-1.234348724945e-01
3.081414266103e-01	1.059294504185e+01	-9.955746041101e-02	-1.227253087293e-01
3.082748789389e-01	1.061393125165e+01	-9.956478863667e-02	-1.220077062989e-01
3.084083312674e-01	1.062696017195e+01	-9.957427400752e-02	-1.212821676904e-01
3.085417835960e-01	1.062574674129e+01	-9.958577582368e-02	-1.205487974876e-01
3.086752359245e-01	1.061619709490e+01	-9.959915159309e-02	-1.198077023626e-01
3.088086882531e-01	1.059634117372e+01	-9.961425711750e-02	-1.190589910661e-01
3.089421405816e-01	1.056754460615e+01	-9.963094657946e-02	-1.183027744165e-01
3.090755929102e-01	1.052925262613e+01	-9.964907262993e-02	-1.175391652889e-01
3.092090452387e-01	1.048142804877e+01	-9.966848647686e-02	-1.167682786033e-01
3.093424975672e-01	1.042594861633e+01	-9.968903797446e-02	-1.159902313106e-01
3.094759498958e-01	1.036387711845e+01	-9.971057571310e-02	-1.152051423801e-01
3.096094022243e-01	1.029629396994e+01	-9.973294711002e-02	-1.144131327835e-01
3.097428545529e-01	1.022644549866e+01	-9.975599850051e-02	-1.136143254804e-01
3.098763068814e-01	1.015551079329e+01	-9.977957522979e-02	-1.128088454014e-01
3.100097592100e-01	1.008064437346e+01	-9.980352174536e-02	-1.119968194312e-01
3.101432115385e-01	1.001146511620e+01	-9.982768168986e-02	-1.111783763903e-01
3.102766638671e-01	9.945074019334e+00	-9.985189799439e-02	-1.103536470162e-01
3.104101161956e-01	9.881346077826e+00	-9.987601297222e-02	-1.095227639441e-01
3.105435685241e-01	9.827489667146e+00	-9.989986841284e-02	-1.086858616855e-01
3.106770208527e-01	9.780777593552e+00	-9.992330567642e-02	-1.078430766079e-01
3.108104731812e-01	9.744299051168e+00	-9.994616578843e-02	-1.069945469118e-01
3.109439255098e-01	9.717210479678e+00	-9.996828953455e-02	-1.061404126079e-01
3.110773778383e-01	9.700063316030e+00	-9.998951755577e-02	-1.052808154937e-01
3.112108301669e-01	9.695871105841e+00	-1.000096904436e-01	-1.044158991280e-01
3.113442824954e-01	9.706408111108e+00	-1.000286488353e-01	-1.035458088064e-01
3.114777348240e-01	9.725052222788e+00	-1.000462335095e-01	-1.026706915345e-01
3.116111871525e-01	9.753158196170e+00	-1.000622854814e-01	-1.017906960009e-01
3.117446394810e-01	9.797211141392e+00	-1.000766460979e-01	-1.009059725495e-01
3.118780918096e-01	9.850921283977e+00	-1.000891571332e-01	-1.000166731510e-01
3.120115441381e-01	9.915202807213e+00	-1.000996608838e-01	-9.912295137313e-02
3.121449964667e-01	9.985578607210e+00	-1.001080002635e-01	-9.822496235095e-02
3.122784487952e-01	1.006454831284e+01	-1.001140188978e-01	-9.732286275569e-02
3.124119011238e-01	1.015532771968e+01	-1.001175612187e-01	-9.641681076316e-02
3.125453534523e-01	1.024939119870e+01	-1.001184725588e-01	-9.550696602140e-02
3.126788057809e-01	1.034825307370e+01	-1.001165992450e-01	-9.459348961751e-02
3.128122581094e-01	1.045338343436e+01	-1.001117886919e-01	-9.367654404385e-02
3.129457104380e-01	1.056313415211e+01	-1.001038894946e-01	-9.275629316350e-02
3.130791627665e-01	1.067375645737e+01	-1.000927515216e-01	-9.183290217499e-02
3.132126150950e-01	1.078491668355e+01	-1.000782260063e-01	-9.090653757641e-02
3.133460674236e-01	1.089852732197e+01	-1.000601656383e-01	-8.997736712879e-02
3.134795197521e-01	1.101581306743e+01	-1.000384246546e-01	-8.904555981884e-02
3.136129720807e-01	1.112996505879e+01	-1.000128589291e-01	-8.811128582102e-02
3.137464244092e-01	1.123805952039e+01	-9.998332606232e-02	-8.717471645903e-02
3.138798767378e-01	1.134961406557e+01	-9.994968546992e-02	-8.623602416661e-02
3.140133290663e-01	1.145942512126e+01	-9.991179847038e-02	-8.529538244774e-02
3.141467813949e-01	1.156286156846e+01	-9.986952837208e-02	-8.435296583631e-02
3.142802337234e-01	1.166106653370e+01	-9.982274055934e-02	-8.340894985509e-02
3.144136860519e-01	1.175563672386e+01	-9.977130257764e-02	-8.246351097427e-02
3.145471383805e-01	1.184660623799e+01	-9.971508421777e-02	-8.151682656931e-02
3.146805907090e-01	1.192879333556e+01	-9.965395759906e-02	-8.056907487838e-02
3.148140430376e-01	1.200044584308e+01	-9.958779725155e-02	-7.962043495917e-02
3.149474953661e-01	1.206662995004e+01	-9.951648019703e-02	-7.867108664527e-02
3.150809476947e-01	1.212801779194e+01	-9.943988602906e-02	-7.772121050202e-02
3.152144000232e-01	1.217300220285e+01	-9.935789699169e-02	-7.677098778191e-02
3.153478523518e-01	1.220482687371e+01	-9.927039805709e-02	-7.582060037951e-02
3.154813046803e-01	1.222876316831e+01	-9.917727700191e-02	-7.487023078594e-02
3.156147570089e-01	1.224241436307e+01	-9.907842448232e-02	-7.392006204299e-02
3.157482093374e-01	1.224010346027e+01	-9.897373410783e-02	-7.297027769674e-02
3.158816616659e-01	1.221755774602e+01	-9.886310251363e-02	-7.202106175086e-02
3.160151139945e-01	1.218570918813e+01	-9.874642943167e-02	-7.107259861953e-02
3.161485663230e-01	1.214194880784e+01	-9.862361776024e-02	-7.012507307998e-02
3.162820186516e-01	1.207862530882e+01	-9.849457363212e-02	-6.917867022476e-02
3.164154709801e-01	1.199876010260e+01	-9.835920648125e-02	-6.823357541360e-02
3.165489233087e-01	1.190633593013e+01	-9.821742910783e-02	-6.728997422508e-02
3.166823756372e-01	1.180109868875e+01	-9.806915774194e-02	-6.634805240797e-02
3.168158279658e-01	1.168023030729e+01	-9.791431210549e-02	-6.540799583229e-02
3.169492802943e-01	1.154527178947e+01	-9.775281547258e-02	-6.446999044021e-02
3.170827326228e-01	1.139917986826e+01	-9.758459472826e-02	-6.353422219666e-02
3.172161849514e-01	1.124535139319e+01	-9.740958042551e-02	-6.260087703981e-02
3.173496372799e-01	1.107790098886e+01	-9.722770684060e-02	-6.167014083126e-02
3.174830896085e-01	1.090084613855e+01	-9.703891202664e-02	-6.074219930625e-02
3.176165419370e-01	1.072160615134e+01	-9.684313786543e-02	-5.981723802355e-02
3.177499942656e-01	1.053538326642e+01	-9.664033011745e-02	-5.889544231535e-02
3.178834465941e-01	1.034257338786e+01	-9.643043847007e-02	-5.797699723703e-02
3.180168989227e-01	1.014453835399e+01	-9.621341658391e-02	-5.706208751682e-02
3.181503512512e-01	9.947232929929e+00	-9.598922213732e-02	-5.615089750543e-02
3.182838035798e-01	9.750700021928e+00	-9.575781686898e-02	-5.524361112567e-02
3.184172559083e-01	9.549470915521e+00	-9.551916661855e-02	-5.434041182200e-02
3.185507082368e-01	9.347553585580e+00	-9.527324136542e-02	-5.344148251013e-02
3.186841605654e-01	9.148865919876e+00	-9.502001526548e-02	-5.254700552663e-02
3.188176128939e-01	8.952149226622e+00	-9.475946668589e-02	-5.165716257859e-02
3.189510652225e-01	8.753802789003e+00	-9.449157823793e-02	-5.077213469336e-02
3.190845175510e-01	8.555739851221e+00	-9.421633680770e-02	-4.989210216835e-02
3.192179698796e-01	8.361839718582e+00	-9.393373358490e-02	-4.901724452095e-02
3.193514222081e-01	8.170347471275e+00	-9.364376408950e-02	-4.814774043864e-02
3.194848745367e-01	7.975311050482e+00	-9.334642819634e-02	-4.728376772911e-02
3.196183268652e-01	7.779488522747e+00	-9.304173015769e-02	-4.642550327075e-02
3.197517791937e-01	7.588589916648e+00	-9.272967862363e-02	-4.557312296312e-02
3.198852315223e-01	7.396095968118e+00	-9.241028666044e-02	-4.472680167779e-02
3.200186838508e-01	7.199011260606e+00	-9.208357176670e-02	-4.388671320934e-02
3.201521361794e-01	7.000295376973e+00	-9.174955588743e-02	-4.305303022663e-02
3.202855885079e-01	6.800952717171e+00	-9.140826542599e-02	-4.222592422434e-02
3.204190408365e-01	6.598933117970e+00	-9.105973125379e-02	-4.140556547480e-02
3.205524931650e-01	6.391716323210e+00	-9.070398871793e-02	-4.059212298014e-02
3.206859454936e-01	6.179036938001e+00	-9.034107764666e-02	-3.978576442475e-02
3.208193978221e-01	5.965107245237e+00	-8.997104235253e-02	-3.898665612814e-02
3.209528501507e-01	5.746124590107e+00	-8.959393163358e-02	-3.819496299810e-02
3.210863024792e-01	5.518593394417e+00	-8.920979877214e-02	-3.741084848432e-02
3.212197548077e-01	5.290509447654e+00	-8.881870153154e-02	-3.663447453236e-02
3.213532071363e-01	5.060212710072e+00	-8.842070215065e-02	-3.586600153808e-02
3.214866594648e-01	4.823884378548e+00	-8.801586733616e-02	-3.510558830253e-02
3.216201117934e-01	4.582414951358e+00	-8.760426825270e-02	-3.435339198724e-02
3.217535641219e-01	4.340408811379e+00	-8.718598051077e-02	-3.360956807010e-02
3.218870164505e-01	4.101978788953e+00	-8.676108415245e-02	-3.287427030161e-02
3.220204687790e-01	3.862275291295e+00	-8.632966363499e-02	-3.214765066173e-02
3.221539211076e-01	3.620498646301e+00	-8.589180781215e-02	-3.142985931729e-02
3.222873734361e-01	3.384243685753e+00	-8.544760991333e-02	-3.072104457984e-02
3.224208257646e-01	3.155820894660e+00	-8.499716752067e-02	-3.002135286422e-02
3.225542780932e-01	2.930007245156e+00	-8.454058254380e-02	-2.933092864755e-02
3.226877304217e-01	2.712407598061e+00	-8.407796119255e-02	-2.864991442897e-02
3.228211827503e-01	2.505049111016e+00	-8.360941394748e-02	-2.797845068991e-02
3.229546350788e-01	2.307349207584e+00	-8.313505552826e-02	-2.731667585499e-02
3.230880874074e-01	2.121155652123e+00	-8.265500485989e-02	-2.666472625366e-02
3.232215397359e-01	1.943847966963e+00	-8.216938503687e-02	-2.602273608237e-02
3.233549920645e-01	1.781811022861e+00	-8.167832328518e-02	-2.539083736753e-02
3.234884443930e-01	1.633621966079e+00	-8.118195092223e-02	-2.476915992909e-02
3.236218967216e-01	1.494723892867e+00	-8.068040331471e-02	-2.415783134489e-02
3.237553490501e-01	1.368595988720e+00	-8.017381983436e-02	-2.355697691565e-02
3.238888013786e-01	1.255694922343e+00	-7.966234381168e-02	-2.296671963076e-02
3.240222537072e-01	1.153016434601e+00	-7.914612248768e-02	-2.238718013483e-02
3.241557060357e-01	1.060042954991e+00	-7.862530696354e-02	-2.181847669487e-02
3.242891583643e-01	9.770958868328e-01	-7.810005214828e-02	-2.126072516843e-02
3.244226106928e-01	9.019276592402e-01	-7.757051670453e-02	-2.071403897236e-02
3.245560630214e-01	8.346386625807e-01	-7.703686299227e-02	-2.017852905245e-02
3.246895153499e-01	7.703305013071e-01	-7.649925701067e-02	-1.965430385386e-02
3.248229676785e-01	7.119378665991e-01	-7.595786833801e-02	-1.914146929235e-02
3.249564200070e-01	6.615222274037e-01	-7.541287006973e-02	-1.864012872631e-02
3.250898723355e-01	6.113169715748e-01	-7.486443875465e-02	-1.815038292973e-02
3.252233246641e-01	5.639983764667e-01	-7.431275432925e-02	-1.767233006584e-02
3.253567769926e-01	5.194661287487e-01	-7.375800005026e-02	-1.720606566181e-02
3.254902293212e-01	4.781297155453e-01	-7.320036242542e-02	-1.675168258412e-02
3.256236816497e-01	4.408346344888e-01	-7.264003114246e-02	-1.630927101492e-02
3.257571339783e-01	4.045421643204e-01	-7.207719899643e-02	-1.587891842922e-02
3.258905863068e-01	3.707078819574e-01	-7.151206181521e-02	-1.546070957299e-02
3.260240386354e-01	3.426686198628e-01	-7.094481838353e-02	-1.505472644210e-02
3.261574909639e-01	3.173731700934e-01	-7.037567036519e-02	-1.466104826222e-02
3.262909432925e-01	2.938258161042e-01	-6.980482222378e-02	-1.427975146958e-02
3.264243956210e-01	2.780884827643e-01	-6.923248114179e-02	-1.391090969265e-02
3.265578479495e-01	2.647010489258e-01	-6.865885693820e-02	-1.355459373474e-02
3.266913002781e-01	2.544732606521e-01	-6.808416198457e-02	-1.321087155748e-02
3.268247526066e-01	2.493620074810e-01	-6.750861111966e-02	-1.287980826531e-02
3.269582049352e-01	2.446755898720e-01	-6.693242156261e-02	-1.256146609076e-02
3.270916572637e-01	2.457421066778e-01	-6.635581282473e-02	-1.225590438080e-02
3.272251095923e-01	2.493896577749e-01	-6.577900661995e-02	-1.196317958400e-02
3.273585619208e-01	2.520024384212e-01	-6.520222677394e-02	-1.168334523872e-02
3.274920142494e-01	2.564871208053e-01	-6.462569913195e-02	-1.141645196214e-02
3.276254665779e-01	2.618020403054e-01	-6.404965146536e-02	-1.116254744033e-02
3.277589189064e-01	2.666325425705e-01	-6.347431337715e-02	-1.092167641914e-02
3.278923712350e-01	2.734850050470e-01	-6.289991620605e-02	-1.069388069615e-02
3.280258235635e-01	2.794000232105e-01	-6.232669292969e-02	-1.047919911344e-02
3.281592758921e-01	2.842637756463e-01	-6.175487806661e-02	-1.027766755138e-02
3.282927282206e-01	2.938859665267e-01	-6.118470757725e-02	-1.008931892330e-02
3.284261805492e-01	3.036639135111e-01	-6.061641876394e-02	-9.914183171148e-03
3.285596328777e-01	3.166932184191e-01	-6.005025016992e-02	-9.752287262032e-03
3.286930852063e-01	3.358887278387e-01	-5.948644147747e-02	-9.603655185703e-03
3.288265375348e-01	3.600027030200e-01	-5.892523340516e-02	-9.468307952979e-03
3.289599898634e-01	3.924311181434e-01	-5.836686760428e-02	-9.346263595082e-03
3.290934421919e-01	4.322216060778e-01	-5.781158655450e-02	-9.237537163896e-03
3.292268945204e-01	4.819266586802e-01	-5.725963345875e-02	-9.142140733141e-03
3.293603468490e-01	5.440550584599e-01	-5.671125213750e-02	-9.060083400458e-03
3.294937991775e-01	6.165585880511e-01	-5.616668692230e-02	-8.991371290402e-03
3.296272515061e-01	6.974239090288e-01	-5.562618254879e-02	-8.936007558336e-03
3.297607038346e-01	7.909617364516e-01	-5.508998404911e-02	-8.893992395219e-03
3.298941561632e-01	8.963745506602e-01	-5.455833664384e-02	-8.865323033285e-03
3.300276084917e-01	1.009490888790e+00	-5.403148563349e-02	-8.849993752604e-03
3.301610608203e-01	1.129959090911e+00	-5.350967628954e-02	-8.847995888522e-03
3.302945131488e-01	1.255132401419e+00	-5.299315374514e-02	-8.859317839966e-03
3.304279654773e-01	1.386586285141e+00	-5.248216288547e-02	-8.883945078615e-03
3.305614178059e-01	1.520252186344e+00	-5.197694823791e-02	-8.921860158916e-03
3.306948701344e-01	1.651735372495e+00	-5.147775386188e-02	-8.973042728958e-03
3.308283224630e-01	1.782848644423e+00	-5.098482323859e-02	-9.037469542170e-03
3.309617747915e-01	1.911375439771e+00	-5.049839916060e-02	-9.115114469856e-03
3.310952271201e-01	2.033540869292e+00	-5.001872362140e-02	-9.205948514536e-03
3.312286794486e-01	2.148769920014e+00	-4.954603770487e-02	-9.309939824110e-03
3.313621317772e-01	2.258317454568e+00	-4.908058147478e-02	-9.427053706808e-03
3.314955841057e-01	2.360348382404e+00	-4.862259386441e-02	-9.557252646933e-03
3.316290364342e-01	2.454708115164e+00	-4.817231256624e-02	-9.700496321379e-03
3.317624887628e-01	2.539726785714e+00	-4.772997392184e-02	-9.856741616919e-03
3.318959410913e-01	2.616344165042e+00	-4.729581281190e-02	-1.002594264824e-02
3.320293934199e-01	2.686721808059e+00	-4.687006254667e-02	-1.020805077672e-02
3.321628457484e-01	2.748693252456e+00	-4.645295475656e-02	-1.040301462997e-02
3.322962980770e-01	2.803372818398e+00	-4.604471928318e-02	-1.061078012201e-02
3.324297504055e-01	2.850775825052e+00	-4.564558407077e-02	-1.083129047426e-02
3.325632027341e-01	2.889989423872e+00	-4.525577505814e-02	-1.106448623716e-02
3.326966550626e-01	2.921514952033e+00	-4.487551607100e-02	-1.131030531247e-02
3.328301073912e-01	2.944610298387e+00	-4.450502871496e-02	-1.156868297623e-02
3.329635597197e-01	2.960289987708e+00	-4.414453226904e-02	-1.183955190246e-02
3.330970120482e-01	2.967717024844e+00	-4.379424357993e-02	-1.212284218737e-02
3.332304643768e-01	2.963416159946e+00	-4.345437695682e-02	-1.241848137429e-02
3.333639167053e-01	2.948918428674e+00	-4.312514406710e-02	-1.272639447917e-02
3.334973690339e-01	2.926277986058e+00	-4.280675383274e-02	-1.304650401672e-02
3.336308213624e-01	2.893808130308e+00	-4.249941232758e-02	-1.337873002707e-02
3.337642736910e-01	2.851041571293e+00	-4.220332267547e-02	-1.372299010306e-02
3.338977260195e-01	2.797882196278e+00	-4.191868494932e-02	-1.407919941806e-02
3.340311783481e-01	2.736480400464e+00	-4.164569607120e-02	-1.444727075429e-02
3.341646306766e-01	2.669555730598e+00	-4.138454971333e-02	-1.482711453178e-02
3.342980830051e-01	2.596028891473e+00	-4.113543620027e-02	-1.521863883768e-02
3.344315353337e-01	2.517395891513e+00	-4.089854241211e-02	-1.562174945619e-02
3.345649876622e-01	2.436716051013e+00	-4.067405168887e-02	-1.603634989895e-02
3.346984399908e-01	2.354192790039e+00	-4.046214373606e-02	-1.646234143580e-02
3.348318923193e-01	2.270893209836e+00	-4.026299453151e-02	-1.689962312612e-02
3.349653446479e-01	2.189960144663e+00	-4.007677623345e-02	-1.734809185050e-02
3.350987969764e-01	2.111534921590e+00	-3.990365708992e-02	-1.780764234289e-02
3.352322493050e-01	2.035858159725e+00	-3.974380134954e-02	-1.827816722310e-02
3.353657016335e-01	1.962510273953e+00	-3.959736917370e-02	-1.875955702972e-02
3.354991539621e-01	1.890962353566e+00	-3.946451655013e-02	-1.925170025339e-02
3.356326062906e-01	1.824132188149e+00	-3.934539520807e-02	-1.975448337043e-02
3.357660586191e-01	1.759416627637e+00	-3.924015253484e-02	-2.026779087683e-02
3.358995109477e-01	1.695446301949e+00	-3.914893149403e-02	-2.079150532248e-02
3.360329632762e-01	1.632770687996e+00	-3.907187054527e-02	-2.132550734582e-02
3.361664156048e-01	1.567673355587e+00	-3.900910356568e-02	-2.186967570866e-02
3.362998679333e-01	1.502530838796e+00	-3.896075977290e-02	-2.242388733137e-02
3.364333202619e-01	1.436461082230e+00	-3.892696364990e-02	-2.298801732829e-02
3.365667725904e-01	1.366691067194e+00	-3.890783487153e-02	-2.356193904333e-02
3.367002249190e-01	1.294228870126e+00	-3.890348823280e-02	-2.414552408588e-02
3.368336772475e-01	1.217693037369e+00	-3.891403357900e-02	-2.473864236690e-02
3.369671295760e-01	1.136510715126e+00	-3.893957573766e-02	-2.534116213514e-02
3.371005819046e-01	1.053154913503e+00	-3.898021445238e-02	-2.595295001364e-02
3.372340342331e-01	9.673017288463e-01	-3.903604431859e-02	-2.657387103632e-02
3.373674865617e-01	8.773035986061e-01	-3.910715472117e-02	-2.720378868473e-02
3.375009388902e-01	7.850787106766e-01	-3.919362977414e-02	-2.784256492495e-02
3.376343912188e-01	6.895083011698e-01	-3.929554826227e-02	-2.849006024460e-02
3.377678435473e-01	5.928157567783e-01	-3.941298358475e-02	-2.914613368992e-02
3.379012958759e-01	4.976973690069e-01	-3.954600370088e-02	-2.981064290298e-02
3.380347482044e-01	4.005864876252e-01	-3.969467107784e-02	-3.048344415893e-02
3.381682005330e-01	3.033339581813e-01	-3.985904264061e-02	-3.116439240332e-02
3.383016528615e-01	2.084142573319e-01	-4.003916972396e-02	-3.185334128944e-02
3.384351051900e-01	1.161468769072e-01	-4.023509802661e-02	-3.255014321573e-02
3.385685575186e-01	2.732766314906e-02	-4.044686756755e-02	-3.325464936314e-02
3.387020098471e-01	-5.823694865114e-02	-4.067451264461e-02	-3.396670973256e-02
3.388354621757e-01	-1.392590099372e-01	-4.091806179514e-02	-3.468617318217e-02
3.389689145042e-01	-2.139382532525e-01	-4.117753775904e-02	-3.541288746478e-02
3.391023668328e-01	-2.822521044920e-01	-4.145295744398e-02	-3.614669926517e-02
3.392358191613e-01	-3.457302752391e-01	-4.174433189287e-02	-3.688745423731e-02
3.393692714899e-01	-4.025633126416e-01	-4.205166625374e-02	-3.763499704154e-02
3.395027238184e-01	-4.511709484070e-01	-4.237495975174e-02	-3.838917138169e-02
3.396361761469e-01	-4.951135724037e-01	-4.271420566365e-02	-3.914982004203e-02
3.397696284755e-01	-5.353739296330e-01	-4.306939129459e-02	-3.991678492423e-02
3.399030808040e-01	-5.724507306406e-01	-4.344049795717e-02	-4.068990708408e-02
3.400365331326e-01	-6.061420897314e-01	-4.382750095291e-02	-4.146902676816e-02
3.401699854611e-01	-6.383628807220e-01	-4.423036955615e-02	-4.225398345034e-02
3.403034377897e-01	-6.753619082473e-01	-4.464906700023e-02	-4.304461586810e-02
3.404368901182e-01	-7.155969285408e-01	-4.508355046612e-02	-4.384076205876e-02
3.405703424468e-01	-7.587127419203e-01	-4.553377107347e-02	-4.464225939541e-02
3.407037947753e-01	-8.111505205161e-01	-4.599967387402e-02	-4.544894462280e-02
3.408372471039e-01	-8.735098212758e-01	-4.648119784745e-02	-4.626065389290e-02
3.409706994324e-01	-9.453922495416e-01	-4.697827589964e-02	-4.707722280034e-02
3.411041517609e-01	-1.029358596666e+00	-4.749083486339e-02	-4.789848641760e-02
3.412376040895e-01	-1.126091299503e+00	-4.801879550151e-02	-4.872427932995e-02
3.413710564180e-01	-1.236897024324e+00	-4.856207251239e-02	-4.955443567021e-02
3.415045087466e-01	-1.360812196401e+00	-4.912057453795e-02	-5.038878915322e-02
3.416379610751e-01	-1.496678740654e+00	-4.969420417411e-02	-5.122717311008e-02
3.417714134037e-01	-1.648132568101e+00	-5.028285798358e-02	-5.206942052208e-02
3.419048657322e-01	-1.813974188348e+00	-5.088642651114e-02	-5.291536405444e-02
3.420383180608e-01	-1.988901056960e+00	-5.150479430137e-02	-5.376483608971e-02
3.421717703893e-01	-2.174093781282e+00	-5.213783991874e-02	-5.461766876090e-02
3.423052227178e-01	-2.372736587034e+00	-5.278543597016e-02	-5.547369398433e-02
3.424386750464e-01	-2.581036179133e+00	-5.344744912993e-02	-5.633274349217e-02
3.425721273749e-01	-2.794388303009e+00	-5.412374016708e-02	-5.719464886466e-02
3.427055797035e-01	-3.013820449587e+00	-5.481416397514e-02	-5.805924156205e-02
3.428390320320e-01	-3.240507802637e+00	-5.551856960424e-02	-5.892635295619e-02
3.429724843606e-01	-3.470561191568e+00	-5.623680029569e-02	-5.979581436184e-02
3.431059366891e-01	-3.699055943791e+00	-5.696869351877e-02	-6.066745706758e-02
3.432393890177e-01	-3.927560727911e+00	-5.771408101006e-02	-6.154111236647e-02
3.433728413462e-01	-4.156819808380e+00	-5.847278881493e-02	-6.241661158630e-02
3.435062936748e-01	-4.381708398710e+00	-5.924463733151e-02	-6.329378611954e-02
3.436397460033e-01	-4.598484669091e+00	-6.002944135687e-02	-6.417246745296e-02
3.437731983318e-01	-4.809333685711e+00	-6.082701013554e-02	-6.505248719679e-02
3.439066506604e-01	-5.016387439572e+00	-6.163714741029e-02	-6.593367711369e-02
3.440401029889e-01	-5.213595433916e+00	-6.245965147524e-02	-6.681586914726e-02
3.441735553175e-01	-5.399859537594e+00	-6.329431523106e-02	-6.769889545017e-02
3.443070076460e-01	-5.579357505006e+00	-6.414092624258e-02	-6.858258841201e-02
3.444404599746e-01	-5.752188814130e+00	-6.499926679846e-02	-6.946678068671e-02
3.445739123031e-01	-5.916236390283e+00	-6.586911397313e-02	-7.035130521966e-02
3.447073646317e-01	-6.071790148610e+00	-6.675023969083e-02	-7.123599527435e-02
3.448408169602e-01	-6.223923833966e+00	-6.764241079179e-02	-7.212068445876e-02
3.449742692887e-01	-6.372810461221e+00	-6.854538910059e-02	-7.300520675134e-02
3.451077216173e-01	-6.515161017901e+00	-6.945893149650e-02	-7.388939652656e-02
3.452411739458e-01	-6.654068561861e+00	-7.038278998598e-02	-7.477308858020e-02
3.453746262744e-01	-6.794858127682e+00	-7.131671177713e-02	-7.565611815416e-02
3.455080786029e-01	-6.936009530703e+00	-7.226043935618e-02	-7.653832096097e-02
3.456415309315e-01	-7.074816782899e+00	-7.321371056601e-02	-7.741953320791e-02
3.457749832600e-01	-7.212288105776e+00	-7.417625868649e-02	-7.829959162073e-02
3.459084355886e-01	-7.352655399918e+00	-7.514781251686e-02	-7.917833346706e-02
3.460418879171e-01	-7.498743492480e+00	-7.612809645991e-02	-8.005559657941e-02
3.461753402457e-01	-7.642536387593e+00	-7.711683060807e-02	-8.093121937780e-02
3.463087925742e-01	-7.784489917772e+00	-7.811373083132e-02	-8.180504089206e-02
3.464422449027e-01	-7.932730158536e+00	-7.911850886680e-02	-8.267690078373e-02
3.465756972313e-01	-8.082695486485e+00	-8.013087241030e-02	-8.354663936762e-02
3.467091495598e-01	-8.230452110155e+00	-8.115052520937e-02	-8.441409763301e-02
3.468426018884e-01	-8.378204933625e+00	-8.217716715817e-02	-8.527911726450e-02
3.469760542169e-01	-8.528588173945e+00	-8.321049439393e-02	-8.614154066249e-02
3.471095065455e-01	-8.678953727746e+00	-8.425019939505e-02	-8.700121096333e-02
3.472429588740e-01	-8.824687695407e+00	-8.529597108073e-02	-8.785797205910e-02
3.473764112026e-01	-8.967149590533e+00	-8.634749491218e-02	-8.871166861708e-02
3.475098635311e-01	-9.108197762956e+00	-8.740445299530e-02	-8.956214609886e-02
3.476433158596e-01	-9.245787751736e+00	-8.846652418478e-02	-9.040925077911e-02
3.477767681882e-01	-9.374847095891e+00	-8.953338418972e-02	-9.125282976406e-02
3.479102205167e-01	-9.495875473063e+00	-9.060470568049e-02	-9.209273100955e-02
3.480436728453e-01	-9.610872820148e+00	-9.168015839701e-02	-9.292880333893e-02
3.481771251738e-01	-9.716348548015e+00	-9.275940925829e-02	-9.376089646046e-02
3.483105775024e-01	-9.807846030461e+00	-9.384212247324e-02	-9.458886098452e-02
3.484440298309e-01	-9.888943425189e+00	-9.492795965263e-02	-9.541254844044e-02
3.485774821595e-01	-9.961897594221e+00	-9.601657992229e-02	-9.623181129313e-02
3.487109344880e-01	-1.001794179692e+01	-9.710764003734e-02	-9.704650295924e-02
3.488443868166e-01	-1.005742448703e+01	-9.820079449759e-02	-9.785647782321e-02
3.489778391451e-01	-1.008528914955e+01	-9.929569566387e-02	-9.866159125292e-02
3.491112914736e-01	-1.010164057488e+01	-1.003919938754e-01	-9.946169961510e-02
3.492447438022e-01	-1.010173917497e+01	-1.014893375680e-01	-1.002566602904e-01
3.493781961307e-01	-1.008174908617e+01	-1.025873733936e-01	-1.010463316885e-01
3.495116484593e-01	-1.004897142444e+01	-1.036857463398e-01	-1.018305732621e-01
3.496451007878e-01	-1.000299393969e+01	-1.047840998509e-01	-1.026092455220e-01
3.497785531164e-01	-9.938988357389e+00	-1.058820759497e-01	-1.033822100507e-01
3.499120054449e-01	-9.857577407962e+00	-1.069793153594e-01	-1.041493295164e-01
3.500454577735e-01	-9.762433298895e+00	-1.080754576267e-01	-1.049104676865e-01
3.501789101020e-01	-9.652367486148e+00	-1.091701412455e-01	-1.056654894410e-01
3.503123624305e-01	-9.523612537414e+00	-1.102630037807e-01	-1.064142607856e-01
3.504458147591e-01	-9.379219092934e+00	-1.113536819928e-01	-1.071566488649e-01
3.505792670876e-01	-9.223364570626e+00	-1.124418119635e-01	-1.078925219746e-01
3.507127194162e-01	-9.055143397946e+00	-1.135270292205e-01	-1.086217495743e-01
3.508461717447e-01	-8.867944377202e+00	-1.146089688636e-01	-1.093442022996e-01
3.509796240733e-01	-8.667397992459e+00	-1.156872656910e-01	-1.100597519744e-01
3.511130764018e-01	-8.460785273841e+00	-1.167615543256e-01	-1.107682716228e-01
3.512465287304e-01	-8.242415700076e+00	-1.178314693417e-01	-1.114696354804e-01
3.513799810589e-01	-8.011313850992e+00	-1.188966453916e-01	-1.121637190063e-01
3.515134333875e-01	-7.772535272895e+00	-1.199567173328e-01	-1.128503988942e-01
3.516468857160e-01	-7.528348571858e+00	-1.210113203547e-01	-1.135295530838e-01
3.517803380445e-01	-7.277086318984e+00	-1.220600901060e-01	-1.142010607714e-01
3.519137903731e-01	-7.019747157929e+00	-1.231026628210e-01	-1.148648024213e-01
3.520472427016e-01	-6.759481196639e+00	-1.241386754474e-01	-1.155206597762e-01
3.521806950302e-01	-6.499277502924e+00	-1.251677657722e-01	-1.161685158679e-01
3.523141473587e-01	-6.235201069987e+00	-1.261895725487e-01	-1.168082550276e-01
3.524475996873e-01	-5.968561078559e+00	-1.272037356230e-01	-1.174397628966e-01
3.525810520158e-01	-5.706637312790e+00	-1.282098960596e-01	-1.180629264359e-01
3.527145043444e-01	-5.446698904005e+00	-1.292076962673e-01	-1.186776339367e-01
3.528479566729e-01	-5.187810266306e+00	-1.301967801249e-01	-1.192837750304e-01
3.529814090014e-01	-4.930232692920e+00	-1.311767931056e-01	-1.198812406981e-01
3.531148613300e-01	-4.678372621239e+00	-1.321473824018e-01	-1.204699232806e-01
3.532483136585e-01	-4.432121764232e+00	-1.331081970489e-01	-1.210497164879e-01
3.533817659871e-01	-4.187763802293e+00	-1.340588880486e-01	-1.216205154089e-01
3.535152183156e-01	-3.948350729915e+00	-1.349991084919e-01	-1.221822165209e-01
3.536486706442e-01	-3.714281332456e+00	-1.359285136808e-01	-1.227347176985e-01
3.537821229727e-01	-3.486548066148e+00	-1.368467612498e-01	-1.232779182235e-01
3.539155753013e-01	-3.261810604128e+00	-1.377535112864e-01	-1.238117187938e-01
3.540490276298e-01	-3.042206625682e+00	-1.386484264513e-01	-1.243360215326e-01
3.541824799583e-01	-2.830748967461e+00	-1.395311720965e-01	-1.248507299974e-01
3.543159322869e-01	-2.624839510249e+00	-1.404014163842e-01	-1.253557491892e-01
3.544493846154e-01	-2.425029463167e+00	-1.412588304032e-01	-1.258509855613e-01
3.545828369440e-01	-2.231014419549e+00	-1.421030882852e-01	-1.263363470281e-01
3.547162892725e-01	-2.046734310488e+00	-1.429338673199e-01	-1.268117429743e-01
3.548497416011e-01	-1.871440958580e+00	-1.437508480689e-01	-1.272770842631e-01
3.549831939296e-01	-1.703941138575e+00	-1.445537144784e-01	-1.277322832457e-01
3.551166462582e-01	-1.545762207177e+00	-1.453421539910e-01	-1.281772537693e-01
3.552500985867e-01	-1.398591015273e+00	-1.461158576560e-01	-1.286119111860e-01
3.553835509153e-01	-1.261244597431e+00	-1.468745202388e-01	-1.290361723618e-01
3.555170032438e-01	-1.133093919728e+00	-1.476178403283e-01	-1.294499556843e-01
3.556504555723e-01	-1.018623238869e+00	-1.483455204439e-01	-1.298531810721e-01
3.557839079009e-01	-9.141179942463e-01	-1.490572671404e-01	-1.302457699829e-01
3.559173602294e-01	-8.192359446504e-01	-1.497527911120e-01	-1.306276454219e-01
3.560508125580e-01	-7.349023705240e-01	-1.504318072941e-01	-1.309987319503e-01
3.561842648865e-01	-6.617797338192e-01	-1.510940349644e-01	-1.313589556940e-01
3.563177172151e-01	-5.996854616006e-01	-1.517391978420e-01	-1.317082443513e-01
3.564511695436e-01	-5.460021225412e-01	-1.523670241852e-01	-1.320465272020e-01
3.565846218722e-01	-5.011263235918e-01	-1.529772468873e-01	-1.323737351152e-01
3.567180742007e-01	-4.639565442363e-01	-1.535696035710e-01	-1.326898005577e-01
3.568515265292e-01	-4.376353177701e-01	-1.541438366812e-01	-1.329946576023e-01
3.569849788578e-01	-4.175144446468e-01	-1.546996935760e-01	-1.332882419358e-01
3.571184311863e-01	-4.023121396828e-01	-1.552369266157e-01	-1.335704908678e-01
3.572518835149e-01	-3.954114489134e-01	-1.557552932502e-01	-1.338413433379e-01
3.573853358434e-01	-3.952180050232e-01	-1.562545561050e-01	-1.341007399246e-01
3.575187881720e-01	-3.995180414128e-01	-1.567344830644e-01	-1.343486228531e-01
3.576522405005e-01	-4.075602596990e-01	-1.571948473534e-01	-1.345849360033e-01
3.577856928291e-01	-4.242779750355e-01	-1.576354276182e-01	-1.348096249178e-01
3.579191451576e-01	-4.450216434045e-01	-1.580560080034e-01	-1.350226368100e-01
3.580525974862e-01	-4.695126813782e-01	-1.584563782282e-01	-1.352239205718e-01
3.581860498147e-01	-4.993937774464e-01	-1.588363336609e-01	-1.354134267817e-01
3.583195021432e-01	-5.327913746044e-01	-1.591956753901e-01	-1.355911077126e-01
3.584529544718e-01	-5.740210877474e-01	-1.595342102950e-01	-1.357569173392e-01
3.585864068003e-01	-6.181431863541e-01	-1.598517511131e-01	-1.359108113464e-01
3.587198591289e-01	-6.649083499209e-01	-1.601481165057e-01	-1.360527471363e-01
3.588533114574e-01	-7.157078772885e-01	-1.604231311218e-01	-1.361826838362e-01
3.589867637860e-01	-7.684897514810e-01	-1.606766256592e-01	-1.363005823058e-01
3.591202161145e-01	-8.231438961984e-01	-1.609084369237e-01	-1.364064051453e-01
3.592536684431e-01	-8.793910632701e-01	-1.611184078862e-01	-1.365001167017e-01
3.593871207716e-01	-9.336814999464e-01	-1.613063877373e-01	-1.365816830774e-01
3.595205731001e-01	-9.826091347478e-01	-1.614722319401e-01	-1.366510721363e-01
3.596540254287e-01	-1.030451300871e+00	-1.616158022800e-01	-1.367082535116e-01
3.597874777572e-01	-1.073630812062e+00	-1.617369669131e-01	-1.367531986127e-01
3.599209300858e-01	-1.109544823057e+00	-1.618356004115e-01	-1.367858806320e-01
3.600543824143e-01	-1.134830372831e+00	-1.619115838071e-01	-1.368062745517e-01
3.601878347429e-01	-1.149580142141e+00	-1.619648046320e-01	-1.368143571509e-01
3.603212870714e-01	-1.157864998628e+00	-1.619951569577e-01	-1.368101070117e-01
3.604547394000e-01	-1.152375621577e+00	-1.620025414312e-01	-1.367935045261e-01
3.605881917285e-01	-1.133473200971e+00	-1.619868653087e-01	-1.367645319021e-01
3.607216440571e-01	-1.103258726690e+00	-1.619480424877e-01	-1.367231731700e-01
3.608550963856e-01	-1.062474982194e+00	-1.618859935358e-01	-1.366694141886e-01
3.609885487141e-01	-1.009578526109e+00	-1.618006457172e-01	-1.366032426508e-01
3.611220010427e-01	-9.435164471668e-01	-1.616919330176e-01	-1.365246480897e-01
3.612554533712e-01	-8.696652644940e-01	-1.615597961660e-01	-1.364336218841e-01
3.613889056998e-01	-7.911073505400e-01	-1.614041826536e-01	-1.363301572640e-01
3.615223580283e-01	-7.059326893017e-01	-1.612250467517e-01	-1.362142493155e-01
3.616558103569e-01	-6.105945687894e-01	-1.610223495258e-01	-1.360858949865e-01
3.617892626854e-01	-5.173077103353e-01	-1.607960588480e-01	-1.359450930910e-01
3.619227150140e-01	-4.286373773711e-01	-1.605461494066e-01	-1.357918443141e-01
3.620561673425e-01	-3.369765701793e-01	-1.602726027135e-01	-1.356261512164e-01
3.621896196710e-01	-2.462065989714e-01	-1.599754071089e-01	-1.354480182385e-01
3.623230719996e-01	-1.633616698599e-01	-1.596545577640e-01	-1.352574517043e-01
3.624565243281e-01	-9.056972551338e-02	-1.593100566807e-01	-1.350544598257e-01
3.625899766567e-01	-2.041015704506e-02	-1.589419126893e-01	-1.348390527057e-01
3.627234289852e-01	4.565650427565e-02	-1.585501414432e-01	-1.346112423417e-01
3.628568813138e-01	1.011839685074e-01	-1.581347654121e-01	-1.343710426286e-01
3.629903336423e-01	1.473753502066e-01	-1.576958138718e-01	-1.341184693617e-01
3.631237859709e-01	1.902602860843e-01	-1.572333228921e-01	-1.338535402393e-01
3.632572382994e-01	2.316629299281e-01	-1.567473353222e-01	-1.335762748647e-01
3.633906906280e-01	2.667983628467e-01	-1.562379007737e-01	-1.332866947480e-01
3.635241429565e-01	2.989510090440e-01	-1.557050756008e-01	-1.329848233084e-01
3.636575952850e-01	3.329258471361e-01	-1.551489228792e-01	-1.326706858750e-01
3.637910476136e-01	3.710673292334e-01	-1.545695123810e-01	-1.323443096878e-01
3.639244999421e-01	4.091346243069e-01	-1.539669205488e-01	-1.320057238990e-01
3.640579522707e-01	4.528182803258e-01	-1.533412304664e-01	-1.316549595726e-01
3.641914045992e-01	5.083938686716e-01	-1.526925318275e-01	-1.312920496851e-01
3.643248569278e-01	5.685194244493e-01	-1.520209209024e-01	-1.309170291246e-01
3.644583092563e-01	6.358877613577e-01	-1.513265005016e-01	-1.305299346907e-01
3.645917615849e-01	7.160644490022e-01	-1.506093799380e-01	-1.301308050932e-01
3.647252139134e-01	8.091067085587e-01	-1.498696749860e-01	-1.297196809505e-01
3.648586662419e-01	9.097961817109e-01	-1.491075078392e-01	-1.292966047882e-01
3.649921185705e-01	1.018210416933e+00	-1.483230070647e-01	-1.288616210368e-01
3.651255708990e-01	1.139030085557e+00	-1.475163075565e-01	-1.284147760290e-01
3.652590232276e-01	1.271593540514e+00	-1.466875504857e-01	-1.279561179968e-01
3.653924755561e-01	1.409825822739e+00	-1.458368832489e-01	-1.274856970681e-01
3.655259278847e-01	1.551482509128e+00	-1.449644594146e-01	-1.270035652631e-01
3.656593802132e-01	1.703783459053e+00	-1.440704386668e-01	-1.265097764897e-01
3.657928325418e-01	1.862045506779e+00	-1.431549867476e-01	-1.260043865393e-01
3.659262848703e-01	2.021512296615e+00	-1.422182753964e-01	-1.254874530811e-01
3.660597371989e-01	2.184129528455e+00	-1.412604822881e-01	-1.249590356572e-01
3.661931895274e-01	2.351372242005e+00	-1.402817909687e-01	-1.244191956760e-01
3.663266418559e-01	2.522979695413e+00	-1.392823907892e-01	-1.238679964062e-01
3.664600941845e-01	2.692746248022e+00	-1.382624768370e-01	-1.233055029696e-01
3.665935465130e-01	2.865440285873e+00	-1.372222498662e-01	-1.227317823338e-01
3.667269988416e-01	3.043775992180e+00	-1.361619162250e-01	-1.221469033042e-01
3.668604511701e-01	3.223834363920e+00	-1.350816877819e-01	-1.215509365157e-01
3.669939034987e-01	3.403383905111e+00	-1.339817818499e-01	-1.209439544237e-01
3.671273558272e-01	3.588004812208e+00	-1.328624211084e-01	-1.203260312951e-01
3.672608081558e-01	3.779680943430e+00	-1.317238335243e-01	-1.196972431980e-01
3.673942604843e-01	3.971394745136e+00	-1.305662522699e-01	-1.190576679916e-01
3.675277128128e-01	4.165009228577e+00	-1.293899156407e-01	-1.184073853149e-01
3.676611651414e-01	4.364267990185e+00	-1.281950669699e-01	-1.177464765761e-01
3.677946174699e-01	4.570358624498e+00	-1.269819545425e-01	-1.170750249396e-01
3.679280697985e-01	4.775594457350e+00	-1.257508315071e-01	-1.163931153145e-01
3.680615221270e-01	4.977921593673e+00	-1.245019557861e-01	-1.157008343411e-01
3.681949744556e-01	5.186421341812e+00	-1.232355899849e-01	-1.149982703775e-01
3.683284267841e-01	5.398951961427e+00	-1.219520012986e-01	-1.142855134856e-01
3.684618791127e-01	5.606361691167e+00	-1.206514614183e-01	-1.135626554162e-01
3.685953314412e-01	5.808527147445e+00	-1.193342464352e-01	-1.128297895945e-01
3.687287837698e-01	6.013806222200e+00	-1.180006367435e-01	-1.120870111037e-01
3.688622360983e-01	6.217574035239e+00	-1.166509169421e-01	-1.113344166694e-01
3.689956884268e-01	6.414005443755e+00	-1.152853757346e-01	-1.105721046424e-01
3.691291407554e-01	6.607222427389e+00	-1.139043058284e-01	-1.098001749815e-01
3.692625930839e-01	6.801183033121e+00	-1.125080038324e-01	-1.090187292358e-01
3.693960454125e-01	6.991988797908e+00	-1.110967701533e-01	-1.082278705260e-01
3.695294977410e-01	7.174988599482e+00	-1.096709088909e-01	-1.074277035257e-01
3.696629500696e-01	7.357715638386e+00	-1.082307277326e-01	-1.066183344417e-01
3.697964023981e-01	7.543204948439e+00	-1.067765378460e-01	-1.057998709940e-01
3.699298547267e-01	7.725909957193e+00	-1.053086537711e-01	-1.049724223952e-01
3.700633070552e-01	7.902486292605e+00	-1.038273933117e-01	-1.041360993292e-01
3.701967593837e-01	8.080024162403e+00	-1.023330774248e-01	-1.032910139298e-01
3.703302117123e-01	8.260608291154e+00	-1.008260301103e-01	-1.024372797581e-01
3.704636640408e-01	8.436816649319e+00	-9.930657829915e-02	-1.015750117798e-01
3.705971163694e-01	8.606967254979e+00	-9.777505174059e-02	-1.007043263420e-01
3.707305686979e-01	8.775422257543e+00	-9.623178288913e-02	-9.982534114903e-02
3.708640210265e-01	8.943733664887e+00	-9.467710679032e-02	-9.893817523848e-02
3.709974733550e-01	9.099612520632e+00	-9.311136096602e-02	-9.804294895580e-02
3.711309256836e-01	9.245160224193e+00	-9.153488529902e-02	-9.713978392910e-02
3.712643780121e-01	9.387115093353e+00	-8.994802191700e-02	-9.622880304305e-02
3.713978303407e-01	9.518093240278e+00	-8.835111507598e-02	-9.531013041240e-02
3.715312826692e-01	9.632409103641e+00	-8.674451104323e-02	-9.438389135496e-02
3.716647349977e-01	9.730881122287e+00	-8.512855797973e-02	-9.345021236404e-02
3.717981873263e-01	9.820575534307e+00	-8.350360582217e-02	-9.250922108046e-02
3.719316396548e-01	9.896125878929e+00	-8.187000616464e-02	-9.156104626398e-02
3.720650919834e-01	9.951919674461e+00	-8.022811213992e-02	-9.060581776431e-02
3.721985443119e-01	9.992844360030e+00	-7.857827830051e-02	-8.964366649161e-02
3.723319966405e-01	1.002514305461e+01	-7.692086049944e-02	-8.867472438649e-02
3.724654489690e-01	1.004476022854e+01	-7.525621577088e-02	-8.769912438963e-02
3.725989012976e-01	1.004656242064e+01	-7.358470221058e-02	-8.671700041082e-02
3.727323536261e-01	1.004029833438e+01	-7.190667885622e-02	-8.572848729766e-02
3.728658059546e-01	1.002934590710e+01	-7.022250556769e-02	-8.473372080376e-02
3.729992582832e-01	1.001011319313e+01	-6.853254290745e-02	-8.373283755653e-02
3.731327106117e-01	9.978866747639e+00	-6.683715202074e-02	-8.272597502451e-02
3.732661629403e-01	9.944363309047e+00	-6.513669451609e-02	-8.171327148439e-02
3.733996152688e-01	9.911818990079e+00	-6.343153234579e-02	-8.069486598747e-02
3.735330675974e-01	9.871371156287e+00	-6.172202768660e-02	-7.967089832590e-02
3.736665199259e-01	9.824448919291e+00	-6.000854282070e-02	-7.864150899841e-02
3.737999722545e-01	9.778644281783e+00	-5.829144001685e-02	-7.760683917575e-02
3.739334245830e-01	9.733992095831e+00	-5.657108141189e-02	-7.656703066571e-02
3.740668769116e-01	9.683587017472e+00	-5.484782889256e-02	-7.552222587789e-02
3.742003292401e-01	9.631125804690e+00	-5.312204397781e-02	-7.447256778801e-02
3.743337815686e-01	9.580464051565e+00	-5.139408770139e-02	-7.341819990203e-02
3.744672338972e-01	9.529726661669e+00	-4.966432049509e-02	-7.235926621989e-02
3.746006862257e-01	9.478082272634e+00	-4.793310207241e-02	-7.129591119896e-02
3.747341385543e-01	9.425118473431e+00	-4.620079131283e-02	-7.022827971724e-02
3.748675908828e-01	9.377696878548e+00	-4.446774614671e-02	-6.915651703629e-02
3.750010432114e-01	9.332899641004e+00	-4.273432344080e-02	-6.808076876388e-02
3.751344955399e-01	9.287531348046e+00	-4.100087888455e-02	-6.700118081645e-02
3.752679478685e-01	9.245544777316e+00	-3.926776687702e-02	-6.591789938133e-02
3.754014001970e-01	9.212304008337e+00	-3.753534041471e-02	-6.483107087872e-02
3.755348525255e-01	9.183199078212e+00	-3.580395098016e-02	-6.374084192358e-02
3.756683048541e-01	9.151550486904e+00	-3.407394843139e-02	-6.264735928719e-02
3.758017571826e-01	9.127456298841e+00	-3.234568089229e-02	-6.155076985875e-02
3.759352095112e-01	9.109534081351e+00	-3.061949464398e-02	-6.045122060664e-02
3.760686618397e-01	9.091430743438e+00	-2.889573401706e-02	-5.934885853971e-02
3.762021141683e-01	9.072810844959e+00	-2.717474128502e-02	-5.824383066837e-02
3.763355664968e-01	9.054518280189e+00	-2.545685655860e-02	-5.713628396565e-02
3.764690188254e-01	9.037384787661e+00	-2.374241768134e-02	-5.602636532812e-02
3.766024711539e-01	9.015496747567e+00	-2.203176012623e-02	-5.491422153684e-02
3.767359234824e-01	8.988103625042e+00	-2.032521689352e-02	-5.379999921818e-02
3.768693758110e-01	8.957647835933e+00	-1.862311840981e-02	-5.268384480470e-02
3.770028281395e-01	8.923217296723e+00	-1.692579242835e-02	-5.156590449597e-02
3.771362804681e-01	8.879453143582e+00	-1.523356393063e-02	-5.044632421945e-02
3.772697327966e-01	8.827906256507e+00	-1.354675502930e-02	-4.932524959135e-02
3.774031851252e-01	8.773289406287e+00	-1.186568487246e-02	-4.820282587764e-02
3.775366374537e-01	8.712397087386e+00	-1.019066954934e-02	-4.707919795498e-02
3.776700897823e-01	8.643539055800e+00	-8.522021997379e-03	-4.595451027191e-02
3.778035421108e-01	8.569011329619e+00	-6.860051910800e-03	-4.482890681003e-02
3.779369944394e-01	8.493375025014e+00	-5.205065650650e-03	-4.370253104534e-02
3.780704467679e-01	8.413616255733e+00	-3.557366156375e-03	-4.257552590976e-02
3.782038990964e-01	8.328741157615e+00	-1.917252858944e-03	-4.144803375278e-02
3.783373514250e-01	8.244309705510e+00	-2.850215955595e-04	-4.032019630327e-02
3.784708037535e-01	8.159694242079e+00	1.339035474028e-03	-3.919215463161e-02
3.786042560821e-01	8.074664933203e+00	2.954629949551e-03	-3.806404911190e-02
3.787377084106e-01	7.989785174127e+00	4.561477270599e-03	-3.693601938448e-02
3.788711607392e-01	7.906613652830e+00	6.159296795291e-03	-3.580820431877e-02
3.790046130677e-01	7.827425254639e+00	7.747811877216e-03	-3.468074197627e-02
3.791380653963e-01	7.751872433833e+00	9.326749940643e-03	-3.355376957397e-02
3.792715177248e-01	7.678380995398e+00	1.089584255394e-02	-3.242742344800e-02
3.794049700533e-01	7.610439889076e+00	1.245482550118e-02	-3.130183901771e-02
3.795384223819e-01	7.550190178400e+00	1.400343885200e-02	-3.017715075001e-02
3.796718747104e-01	7.494026145745e+00	1.554142702950e-02	-2.905349212415e-02
3.798053270390e-01	7.444723086813e+00	1.706853887635e-02	-2.793099559690e-02
3.799387793675e-01	7.404455655933e+00	1.858452771901e-02	-2.680979256812e-02
3.800722316961e-01	7.371600373899e+00	2.008915143000e-02	-2.569001334679e-02
3.802056840246e-01	7.345180917569e+00	2.158217248828e-02	-2.457178711746e-02
3.803391363532e-01	7.325322092144e+00	2.306335803763e-02	-2.345524190723e-02
3.804725886817e-01	7.314038152166e+00	2.453247994316e-02	-2.234050455315e-02
3.806060410103e-01	7.309311154107e+00	2.598931484570e-02	-2.122770067022e-02
3.807394933388e-01	7.308463191659e+00	2.743364421433e-02	-2.011695461983e-02
3.808729456673e-01	7.311619389007e+00	2.886525439679e-02	-1.900838947878e-02
3.810063979959e-01	7.318922050090e+00	3.028393666788e-02	-1.790212700893e-02
3.811398503244e-01	7.327964074294e+00	3.168948727591e-02	-1.679828762731e-02
3.812733026530e-01	7.338459976956e+00	3.308170748691e-02	-1.569699037693e-02
3.814067549815e-01	7.349847434183e+00	3.446040362696e-02	-1.459835289819e-02
3.815402073101e-01	7.359731396618e+00	3.582538712232e-02	-1.350249140084e-02
3.816736596386e-01	7.369858408238e+00	3.717647453747e-02	-1.240952063676e-02
3.818071119672e-01	7.377831095902e+00	3.851348761113e-02	-1.131955387322e-02
3.819405642957e-01	7.383964313156e+00	3.983625329008e-02	-1.023270286696e-02
3.820740166242e-01	7.392487047252e+00	4.114460376092e-02	-9.149077838920e-03
3.822074689528e-01	7.397628652885e+00	4.243837647964e-02	-8.068787449680e-03
3.823409212813e-01	7.398812602033e+00	4.371741419915e-02	-6.991938775649e-03
3.824743736099e-01	7.402486080510e+00	4.498156499457e-02	-5.918637285995e-03
3.826078259384e-01	7.404568957130e+00	4.623068228644e-02	-4.848986820334e-03
3.827412782670e-01	7.402522379448e+00	4.746462486179e-02	-3.783089567199e-03
3.828747305955e-01	7.400597915886e+00	4.868325689301e-02	-2.721046043298e-03
3.830081829241e-01	7.397052434045e+00	4.988644795457e-02	-1.662955073574e-03
3.831416352526e-01	7.390207263374e+00	5.107407303767e-02	-6.089137720865e-04
3.832750875812e-01	7.378882339117e+00	5.224601256264e-02	4.409824762838e-04
3.834085399097e-01	7.362646799887e+00	5.340215238923e-02	1.486640033279e-03
3.835419922382e-01	7.343992753755e+00	5.454238382473e-02	2.527967023861e-03
3.836754445668e-01	7.320318955453e+00	5.566660362997e-02	3.564873351938e-03
3.838088968953e-01	7.288757125844e+00	5.677471402314e-02	4.597270715211e-03
3.839423492239e-01	7.251101863753e+00	5.786662268149e-02	5.625072619141e-03
3.840758015524e-01	7.209236280586e+00	5.894224274087e-02	6.648194390004e-03
3.842092538810e-01	7.161189964306e+00	6.000149279316e-02	7.666553187050e-03
3.843427062095e-01	7.105393900011e+00	6.104429688157e-02	8.680068013734e-03
3.844761585381e-01	7.043327106374e+00	6.207058449379e-02	9.688659728027e-03
3.846096108666e-01	6.977516730763e+00	6.308029055310e-02	1.069225105178e-02
3.847430631951e-01	6.907142710913e+00	6.407335540726e-02	1.169076657918e-02
3.848765155237e-01	6.829989722463e+00	6.504972481545e-02	1.268413278416e-02
3.850099678522e-01	6.749832227580e+00	6.600934993302e-02	1.367227802702e-02
3.851434201808e-01	6.666203864430e+00	6.695218729421e-02	1.465513255989e-02
3.852768725093e-01	6.577359634546e+00	6.787819879283e-02	1.563262853135e-02
3.854103248379e-01	6.487143264525e+00	6.878735166085e-02	1.660469999004e-02
3.855437771664e-01	6.395588822535e+00	6.967961844498e-02	1.757128288728e-02
3.856772294950e-01	6.299780745265e+00	7.055497698127e-02	1.853231507874e-02
3.858106818235e-01	6.203466893413e+00	7.141341036763e-02	1.948773632503e-02
3.859441341521e-01	6.106869540127e+00	7.225490693446e-02	2.043748829141e-02
3.860775864806e-01	6.008088238977e+00	7.307946021319e-02	2.138151454647e-02
3.862110388091e-01	5.912275417457e+00	7.388706890303e-02	2.231976055975e-02
3.863444911377e-01	5.815669152657e+00	7.467773683562e-02	2.325217369843e-02
3.864779434662e-01	5.718484325961e+00	7.545147293787e-02	2.417870322302e-02
3.866113957948e-01	5.625979886575e+00	7.620829119290e-02	2.509930028203e-02
3.867448481233e-01	5.536105591289e+00	7.694821059907e-02	2.601391790561e-02
3.868783004519e-01	5.447504166175e+00	7.767125512718e-02	2.692251099827e-02
3.870117527804e-01	5.361782908775e+00	7.837745367582e-02	2.782503633052e-02
3.871452051090e-01	5.282023298219e+00	7.906684002498e-02	2.872145252958e-02
3.872786574375e-01	5.206055027402e+00	7.973945278776e-02	2.961172006905e-02
3.874121097660e-01	5.134056215583e+00	8.039533536045e-02	3.049580125763e-02
3.875455620946e-01	5.067718421053e+00	8.103453587079e-02	3.137366022682e-02
3.876790144231e-01	5.008482115670e+00	8.165710712451e-02	3.224526291767e-02
3.878124667517e-01	4.956031917807e+00	8.226310655028e-02	3.311057706652e-02
3.879459190802e-01	4.908730798759e+00	8.285259614293e-02	3.396957218981e-02
3.880793714088e-01	4.871024321159e+00	8.342564240502e-02	3.482221956789e-02
3.882128237373e-01	4.843110879274e+00	8.398231628688e-02	3.566849222791e-02
3.883462760659e-01	4.825095394112e+00	8.452269312504e-02	3.650836492569e-02
3.884797283944e-01	4.815451572528e+00	8.504685257912e-02	3.734181412677e-02
3.886131807230e-01	4.815912200140e+00	8.555487856718e-02	3.816881798637e-02
3.887466330515e-01	4.831193925251e+00	8.604685919966e-02	3.898935632858e-02
3.888800853800e-01	4.857816457617e+00	8.652288671176e-02	3.980341062452e-02
3.890135377086e-01	4.893896364194e+00	8.698305739453e-02	4.061096396968e-02
3.891469900371e-01	4.942262981485e+00	8.742747152442e-02	4.141200106027e-02
3.892804423657e-01	5.004370300163e+00	8.785623329161e-02	4.220650816882e-02
3.894138946942e-01	5.076798658216e+00	8.826945072694e-02	4.299447311879e-02
3.895473470228e-01	5.159425502421e+00	8.866723562754e-02	4.377588525839e-02
3.896807993513e-01	5.252714326793e+00	8.904970348129e-02	4.455073543353e-02
3.898142516799e-01	5.356126422256e+00	8.941697338993e-02	4.531901595998e-02
3.899477040084e-01	5.469235148534e+00	8.976916799108e-02	4.608072059462e-02
3.900811563369e-01	5.587603451288e+00	9.010641337906e-02	4.683584450606e-02
3.902146086655e-01	5.715345748955e+00	9.042883902463e-02	4.758438424427e-02
3.903480609940e-01	5.850937101515e+00	9.073657769361e-02	4.832633770960e-02
3.904815133226e-01	5.989417487653e+00	9.102976536447e-02	4.906170412101e-02
3.906149656511e-01	6.133601896563e+00	9.130854114489e-02	4.979048398347e-02
3.907484179797e-01	6.282414325066e+00	9.157304718741e-02	5.051267905482e-02
3.908818703082e-01	6.433798910031e+00	9.182342860409e-02	5.122829231179e-02
3.910153226368e-01	6.587569990087e+00	9.205983338025e-02	5.193732791535e-02
3.911487749653e-01	6.743197216318e+00	9.228241228746e-02	5.263979117550e-02
3.912822272939e-01	6.900490233903e+00	9.249131879558e-02	5.333568851533e-02
3.914156796224e-01	7.058761355133e+00	9.268670898409e-02	5.402502743445e-02
3.915491319509e-01	7.214605196351e+00	9.286874145268e-02	5.470781647190e-02
3.916825842795e-01	7.373028948779e+00	9.303757723113e-02	5.538406516842e-02
3.918160366080e-01	7.532375777642e+00	9.319337968846e-02	5.605378402815e-02
3.919494889366e-01	7.686505116346e+00	9.333631444158e-02	5.671698447988e-02
3.920829412651e-01	7.843661783221e+00	9.346654926325e-02	5.737367883766e-02
3.922163935937e-01	8.001290288216e+00	9.358425398951e-02	5.802388026103e-02
3.923498459222e-01	8.156447697473e+00	9.368960042667e-02	5.866760271476e-02
3.924832982508e-01	8.312260476325e+00	9.378276225775e-02	5.930486092807e-02
3.926167505793e-01	8.467071177934e+00	9.386391494857e-02	5.993567035352e-02
3.927502029078e-01	8.623002661284e+00	9.393323565338e-02	6.056004712550e-02
3.928836552364e-01	8.779684025111e+00	9.399090312021e-02	6.117800801828e-02
3.930171075649e-01	8.932278920280e+00	9.403709759590e-02	6.178957040376e-02
3.931505598935e-01	9.083728132122e+00	9.407200073083e-02	6.239475220893e-02
3.932840122220e-01	9.238333770499e+00	9.409579548348e-02	6.299357187299e-02
3.934174645506e-01	9.388618225572e+00	9.410866602479e-02	6.358604830418e-02
3.935509168791e-01	9.533382686031e+00	9.411079764236e-02	6.417220083645e-02
3.936843692077e-01	9.675788006018e+00	9.410237664457e-02	6.475204918584e-02
3.938178215362e-01	9.814662500083e+00	9.408359026467e-02	6.532561340672e-02
3.939512738648e-01	9.948481361754e+00	9.405462656476e-02	6.589291384780e-02
3.940847261933e-01	1.007299875948e+01	9.401567433991e-02	6.645397110809e-02
3.942181785218e-01	1.019080972923e+01	9.396692302226e-02	6.700880599272e-02
3.943516308504e-01	1.030171706990e+01	9.390856258526e-02	6.755743946864e-02
3.944850831789e-01	1.040146948962e+01	9.384078344804e-02	6.809989262031e-02
3.946185355075e-01	1.049055868440e+01	9.376377637998e-02	6.863618660538e-02
3.947519878360e-01	1.056953205930e+01	9.367773240548e-02	6.916634261032e-02
3.948854401646e-01	1.063588615222e+01	9.358284270903e-02	6.969038180614e-02
3.950188924931e-01	1.068981262625e+01	9.347929854056e-02	7.020832530413e-02
3.951523448217e-01	1.073145524548e+01	9.336729112114e-02	7.072019411172e-02
3.952857971502e-01	1.075767892783e+01	9.324701154906e-02	7.122600908840e-02
3.954192494787e-01	1.077303516682e+01	9.311865070637e-02	7.172579090189e-02
3.955527018073e-01	1.077471975836e+01	9.298239916581e-02	7.221955998436e-02
3.956861541358e-01	1.076060815146e+01	9.283844709834e-02	7.270733648895e-02
3.958196064644e-01	1.073780415066e+01	9.268698418110e-02	7.318914024650e-02
3.959530587929e-01	1.070097694232e+01	9.252819950606e-02	7.366499072248e-02
3.960865111215e-01	1.065023251672e+01	9.236228148920e-02	7.413490697430e-02
3.962199634500e-01	1.059166242283e+01	9.218941778040e-02	7.459890760890e-02
3.963534157786e-01	1.052257111925e+01	9.200979517399e-02	7.505701074064e-02
3.964868681071e-01	1.044212138233e+01	9.182359952005e-02	7.550923394964e-02
3.966203204357e-01	1.035327637828e+01	9.163101563647e-02	7.595559424048e-02
3.967537727642e-01	1.025537467236e+01	9.143222722183e-02	7.639610800136e-02
3.968872250927e-01	1.015037195980e+01	9.122741676907e-02	7.683079096367e-02
3.970206774213e-01	1.003816264370e+01	9.101676548009e-02	7.725965816211e-02
3.971541297498e-01	9.916733242391e+00	9.080045318127e-02	7.768272389525e-02
3.972875820784e-01	9.790256868560e+00	9.057865823983e-02	7.810000168675e-02
3.974210344069e-01	9.656387532776e+00	9.035155748133e-02	7.851150424701e-02
3.975544867355e-01	9.514959823311e+00	9.011932610805e-02	7.891724343551e-02
3.976879390640e-01	9.369028521801e+00	8.988213761851e-02	7.931723022377e-02
3.978213913926e-01	9.216309113930e+00	8.964016372798e-02	7.971147465891e-02
3.979548437211e-01	9.058633698664e+00	8.939357429020e-02	8.009998582794e-02
3.980882960496e-01	8.894995222363e+00	8.914253722020e-02	8.048277182272e-02
3.982217483782e-01	8.724406606242e+00	8.888721841826e-02	8.085983970568e-02
3.983552007067e-01	8.550799118709e+00	8.862778169518e-02	8.123119547627e-02
3.984886530353e-01	8.373989871317e+00	8.836438869870e-02	8.159684403819e-02
3.986221053638e-01	8.191557553771e+00	8.809719884119e-02	8.195678916745e-02
3.987555576924e-01	8.006764313559e+00	8.782636922875e-02	8.231103348124e-02
3.988890100209e-01	7.818650910838e+00	8.755205459148e-02	8.265957840767e-02
3.990224623495e-01	7.627986622755e+00	8.727440721525e-02	8.300242415634e-02
3.991559146780e-01	7.438702014334e+00	8.699357687475e-02	8.333956968990e-02
3.992893670065e-01	7.247134685571e+00	8.670971076802e-02	8.367101269643e-02
3.994228193351e-01	7.055656631537e+00	8.642295345239e-02	8.399674956286e-02
3.995562716636e-01	6.865913552817e+00	8.613344678189e-02	8.431677534931e-02
3.996897239922e-01	6.676330681827e+00	8.584132984616e-02	8.463108376438e-02
3.998231763207e-01	6.489938474409e+00	8.554673891087e-02	8.493966714158e-02
3.999566286493e-01	6.305873642615e+00	8.524980735967e-02	8.524251641663e-02
4.000900809778e-01	6.121823956091e+00	8.495066563771e-02	8.553962110592e-02
4.002235333064e-01	5.940708995210e+00	8.464944119677e-02	8.583096928604e-02
4.003569856349e-01	5.763050961448e+00	8.434625844197e-02	8.611654757430e-02
4.004904379635e-01	5.585672616729e+00	8.404123868011e-02	8.639634111052e-02
4.006238902920e-01	5.409024755114e+00	8.373450006967e-02	8.667033353975e-02
4.007573426205e-01	5.232526132332e+00	8.342615757252e-02	8.693850699631e-02
4.008907949491e-01	5.056336250755e+00	8.311632290724e-02	8.720084208889e-02
4.010242472776e-01	4.878727740920e+00	8.280510450419e-02	8.745731788685e-02
4.011576996062e-01	4.697485351207e+00	8.249260746237e-02	8.770791190771e-02
4.012911519347e-01	4.515298005426e+00	8.217893350789e-02	8.795260010583e-02
4.014246042633e-01	4.329424408684e+00	8.186418095434e-02	8.819135686236e-02
4.015580565918e-01	4.137885106251e+00	8.154844466486e-02	8.842415497634e-02
4.016915089204e-01	3.941221711659e+00	8.123181601598e-02	8.865096565712e-02
4.018249612489e-01	3.738193033189e+00	8.091438286336e-02	8.887175851803e-02
4.019584135774e-01	3.530390769566e+00	8.059622950927e-02	8.908650157121e-02
4.020918659060e-01	3.317973509443e+00	8.027743667194e-02	8.929516122392e-02
4.022253182345e-01	3.095565292472e+00	7.995808145673e-02	8.949770227592e-02
4.023587705631e-01	2.864873950792e+00	7.963823732919e-02	8.969408791833e-02
4.024922228916e-01	2.632136915302e+00	7.931797408998e-02	8.988427973365e-02
4.026256752202e-01	2.392915614941e+00	7.899735785162e-02	9.006823769721e-02
4.027591275487e-01	2.147417531010e+00	7.867645101720e-02	9.024592017988e-02
4.028925798773e-01	1.897654518178e+00	7.835531226095e-02	9.041728395212e-02
4.030260322058e-01	1.643263667090e+00	7.803399651068e-02	9.058228418932e-02
4.031594845344e-01	1.389301924294e+00	7.771255493218e-02	9.074087447859e-02
4.032929368629e-01	1.133745452629e+00	7.739103491554e-02	9.089300682677e-02
4.034263891914e-01	8.769410379988e-01	7.706948006330e-02	9.103863166985e-02
4.035598415200e-01	6.253745786027e-01	7.674793018067e-02	9.117769788372e-02
4.036932938485e-01	3.762066556732e-01	7.642642126752e-02	9.131015279626e-02
4.038267461771e-01	1.302589152020e-01	7.610498551241e-02	9.143594220079e-02
4.039601985056e-01	-1.073302321346e-01	7.578365128853e-02	9.155501037088e-02
4.040936508342e-01	-3.374851918521e-01	7.546244315153e-02	9.166730007649e-02
4.042271031627e-01	-5.578720799515e-01	7.514138183934e-02	9.177275260142e-02
4.043605554913e-01	-7.701413894955e-01	7.482048427388e-02	9.187130776222e-02
4.044940078198e-01	-9.729389854726e-01	7.449976356472e-02	9.196290392830e-02
4.046274601483e-01	-1.160187890982e+00	7.417922901467e-02	9.204747804346e-02
4.047609124769e-01	-1.337853106908e+00	7.385888612729e-02	9.212496564877e-02
4.048943648054e-01	-1.505886376802e+00	7.353873661633e-02	9.219530090669e-02
4.050278171340e-01	-1.659903767396e+00	7.321877841707e-02	9.225841662658e-02
4.051612694625e-01	-1.802482034198e+00	7.289900569961e-02	9.231424429150e-02
4.052947217911e-01	-1.934847991957e+00	7.257940888403e-02	9.236271408634e-02
4.054281741196e-01	-2.056676779207e+00	7.225997465746e-02	9.240375492719e-02
4.055616264482e-01	-2.169839852448e+00	7.194068599303e-02	9.243729449206e-02
4.056950787767e-01	-2.273593104296e+00	7.162152217077e-02	9.246325925281e-02
4.058285311053e-01	-2.368803281233e+00	7.130245880027e-02	9.248157450841e-02
4.059619834338e-01	-2.461522803053e+00	7.098346784530e-02	9.249216441943e-02
4.060954357623e-01	-2.547311087566e+00	7.066451765027e-02	9.249495204371e-02
4.062288880909e-01	-2.627719854364e+00	7.034557296845e-02	9.248985937337e-02
4.063623404194e-01	-2.708388940338e+00	7.002659499215e-02	9.247680737293e-02
4.064957927480e-01	-2.786592942360e+00	6.970754138462e-02	9.245571601868e-02
4.066292450765e-01	-2.864450396079e+00	6.938836631378e-02	9.242650433924e-02
4.067626974051e-01	-2.944015373243e+00	6.906902048772e-02	9.238909045719e-02
4.068961497336e-01	-3.026350099913e+00	6.874945119206e-02	9.234339163202e-02
4.070296020622e-01	-3.111614005584e+00	6.842960232891e-02	9.228932430400e-02
4.071630543907e-01	-3.200044075003e+00	6.810941445773e-02	9.222680413936e-02
4.072965067192e-01	-3.293176679492e+00	6.778882483782e-02	9.215574607640e-02
4.074299590478e-01	-3.394348223011e+00	6.746776747253e-02	9.207606437277e-02
4.075634113763e-01	-3.500147475971e+00	6.714617315516e-02	9.198767265374e-02
4.076968637049e-01	-3.610340417109e+00	6.682396951654e-02	9.189048396156e-02
4.078303160334e-01	-3.730807783009e+00	6.650108107424e-02	9.178441080572e-02
4.079637683620e-01	-3.856167886789e+00	6.617742928341e-02	9.166936521434e-02
4.080972206905e-01	-3.988191592949e+00	6.585293258920e-02	9.154525878636e-02
4.082306730191e-01	-4.127950689686e+00	6.552750648082e-02	9.141200274477e-02
4.083641253476e-01	-4.273544171645e+00	6.520106354707e-02	9.126950799072e-02
4.084975776762e-01	-4.426208212394e+00	6.487351353351e-02	9.111768515850e-02
4.086310300047e-01	-4.582903597102e+00	6.454476340101e-02	9.095644467135e-02
4.087644823332e-01	-4.745487322192e+00	6.421471738593e-02	9.078569679821e-02
4.088979346618e-01	-4.915022242259e+00	6.388327706161e-02	9.060535171110e-02
4.090313869903e-01	-5.088040155505e+00	6.355034140144e-02	9.041531954343e-02
4.091648393189e-01	-5.261871354990e+00	6.321580684322e-02	9.021551044897e-02
4.092982916474e-01	-5.441469291401e+00	6.287956735493e-02	9.000583466154e-02
4.094317439760e-01	-5.624640263363e+00	6.254151450190e-02	8.978620255542e-02
4.095651963045e-01	-5.806589936852e+00	6.220153751524e-02	8.955652470638e-02
4.096986486331e-01	-5.990417675774e+00	6.185952336158e-02	8.931671195337e-02
4.098321009616e-01	-6.175884393621e+00	6.151535681411e-02	8.906667546075e-02
4.099655532901e-01	-6.361658182153e+00	6.116892052480e-02	8.880632678113e-02
4.100990056187e-01	-6.541957708306e+00	6.082009509782e-02	8.853557791873e-02
4.102324579472e-01	-6.722143324151e+00	6.046875916422e-02	8.825434139319e-02
4.103659102758e-01	-6.904689425718e+00	6.011478945763e-02	8.796253030392e-02
4.104993626043e-01	-7.080244531404e+00	5.975806089115e-02	8.766005839480e-02
4.106328149329e-01	-7.250329201822e+00	5.939844663528e-02	8.734684011936e-02
4.107662672614e-01	-7.418478606866e+00	5.903581819688e-02	8.702279070621e-02
4.108997195900e-01	-7.583842468118e+00	5.867004549918e-02	8.668782622491e-02
4.110331719185e-01	-7.742177166591e+00	5.830099696276e-02	8.634186365204e-02
4.111666242471e-01	-7.894887161144e+00	5.792853958739e-02	8.598482093762e-02
4.113000765756e-01	-8.043617244481e+00	5.755253903486e-02	8.561661707163e-02
4.114335289041e-01	-8.187330810677e+00	5.717285971268e-02	8.523717215081e-02
4.115669812327e-01	-8.323878354198e+00	5.678936485855e-02	8.484640744559e-02
4.117004335612e-01	-8.453696972007e+00	5.640191662567e-02	8.444424546709e-02
4.118338858898e-01	-8.582050391521e+00	5.601037616882e-02	8.403061003423e-02
4.119673382183e-01	-8.704667192691e+00	5.561460373111e-02	8.360542634088e-02
4.121007905469e-01	-8.820239571561e+00	5.521445873152e-02	8.316862102299e-02
4.122342428754e-01	-8.932316119048e+00	5.480979985295e-02	8.272012222571e-02
4.123676952040e-01	-9.042199535207e+00	5.440048513100e-02	8.225985967037e-02
4.125011475325e-01	-9.148476098634e+00	5.398637204329e-02	8.178776472148e-02
4.126345998610e-01	-9.251198828792e+00	5.356731759928e-02	8.130377045342e-02
4.127680521896e-01	-9.351914858541e+00	5.314317843061e-02	8.080781171706e-02
4.129015045181e-01	-9.451157426921e+00	5.271381088195e-02	8.029982520614e-02
4.130349568467e-01	-9.550048551238e+00	5.227907110217e-02	7.977974952330e-02
4.131684091752e-01	-9.646854425743e+00	5.183881513597e-02	7.924752524595e-02
4.133018615038e-01	-9.744286403918e+00	5.139289901582e-02	7.870309499167e-02
4.134353138323e-01	-9.842008590881e+00	5.094117885421e-02	7.814640348333e-02
4.135687661609e-01	-9.940123161024e+00	5.048351093618e-02	7.757739761373e-02
4.137022184894e-01	-1.003908923095e+01	5.001975181199e-02	7.699602650987e-02
4.138356708180e-01	-1.013818797042e+01	4.954975839010e-02	7.640224159660e-02
4.139691231465e-01	-1.024173564546e+01	4.907338803021e-02	7.579599665990e-02
4.141025754750e-01	-1.034624139190e+01	4.859049863640e-02	7.517724790947e-02
4.142360278036e-01	-1.045099253735e+01	4.810094875035e-02	7.454595404082e-02
4.143694801321e-01	-1.055940701690e+01	4.760459764463e-02	7.390207629662e-02
4.145029324607e-01	-1.067234331240e+01	4.710130541586e-02	7.324557852748e-02
4.146363847892e-01	-1.078746650518e+01	4.659093307792e-02	7.257642725191e-02
4.147698371178e-01	-1.090472308606e+01	4.607334265499e-02	7.189459171568e-02
4.149032894463e-01	-1.102719187612e+01	4.554839727452e-02	7.120004395021e-02
4.150367417749e-01	-1.115325721190e+01	4.501596125990e-02	7.049275883032e-02
4.151701941034e-01	-1.128406977059e+01	4.447590022306e-02	6.977271413102e-02
4.153036464319e-01	-1.141683879515e+01	4.392808115670e-02	6.903989058340e-02
4.154370987605e-01	-1.155530762440e+01	4.337237252624e-02	6.829427192970e-02
4.155705510890e-01	-1.169985842375e+01	4.280864436147e-02	6.753584497731e-02
4.157040034176e-01	-1.184445963810e+01	4.223676834778e-02	6.676459965183e-02
4.158374557461e-01	-1.199300327752e+01	4.165661791699e-02	6.598052904910e-02
4.159709080747e-01	-1.214598243069e+01	4.106806833766e-02	6.518362948617e-02
4.161043604032e-01	-1.230211205947e+01	4.047099680501e-02	6.437390055114e-02
4.162378127318e-01	-1.245797195272e+01	3.986528253019e-02	6.355134515197e-02
4.163712650603e-01	-1.261540632561e+01	3.925080682904e-02	6.271596956401e-02
4.165047173889e-01	-1.277541908655e+01	3.862745321020e-02	6.186778347642e-02
4.166381697174e-01	-1.293553750506e+01	3.799510746254e-02	6.100680003738e-02
4.167716220459e-01	-1.309480061208e+01	3.735365774199e-02	6.013303589797e-02
4.169050743745e-01	-1.325310163238e+01	3.670299465748e-02	5.924651125488e-02
4.170385267030e-01	-1.341367021130e+01	3.604301135625e-02	5.834724989172e-02
4.171719790316e-01	-1.357173673108e+01	3.537360360827e-02	5.743527921904e-02
4.173054313601e-01	-1.372943578896e+01	3.469466988982e-02	5.651063031297e-02
4.174388836887e-01	-1.388756666819e+01	3.400611146621e-02	5.557333795247e-02
4.175723360172e-01	-1.404378072253e+01	3.330783247355e-02	5.462344065515e-02
4.177057883458e-01	-1.420017763015e+01	3.259973999955e-02	5.366098071166e-02
4.178392406743e-01	-1.435552936575e+01	3.188174416337e-02	5.268600421864e-02
4.179726930028e-01	-1.451169771651e+01	3.115375819439e-02	5.169856111004e-02
4.181061453314e-01	-1.466729298996e+01	3.041569850990e-02	5.069870518714e-02
4.182395976599e-01	-1.482181206614e+01	2.966748479176e-02	4.968649414681e-02
4.183730499885e-01	-1.497490213994e+01	2.890904006181e-02	4.866198960832e-02
4.185065023170e-01	-1.512896944246e+01	2.814029075623e-02	4.762525713856e-02
4.186399546456e-01	-1.528307271008e+01	2.736116679857e-02	4.657636627562e-02
4.187734069741e-01	-1.543399249733e+01	2.657160167162e-02	4.551539055072e-02
4.189068593027e-01	-1.558305555208e+01	2.577153248799e-02	4.444240750858e-02
4.190403116312e-01	-1.573091783827e+01	2.496090005933e-02	4.335749872599e-02
4.191737639598e-01	-1.587901432164e+01	2.413964896430e-02	4.226074982883e-02
4.193072162883e-01	-1.602171350700e+01	2.330772761506e-02	4.115225050727e-02
4.194406686168e-01	-1.616083572525e+01	2.246508832246e-02	4.003209452936e-02
4.195741209454e-01	-1.629799291435e+01	2.161168735972e-02	3.890037975276e-02
4.197075732739e-01	-1.643038333615e+01	2.074748502468e-02	3.775720813485e-02
4.198410256025e-01	-1.655719749210e+01	1.987244570054e-02	3.660268574097e-02
4.199744779310e-01	-1.667793292556e+01	1.898653791510e-02	3.543692275096e-02
4.201079302596e-01	-1.679508317168e+01	1.808973439841e-02	3.426003346385e-02
4.202413825881e-01	-1.690416094240e+01	1.718201213888e-02	3.307213630082e-02
4.203748349167e-01	-1.700625414883e+01	1.626335243774e-02	3.187335380623e-02
4.205082872452e-01	-1.710105929732e+01	1.533374096191e-02	3.066381264702e-02
4.206417395737e-01	-1.718896842825e+01	1.439316779517e-02	2.944364361008e-02
4.207751919023e-01	-1.726934339893e+01	1.344162748766e-02	2.821298159791e-02
4.209086442308e-01	-1.733990047891e+01	1.247911910369e-02	2.697196562241e-02
4.210420965594e-01	-1.740402766411e+01	1.150564626777e-02	2.572073879682e-02
4.211755488879e-01	-1.745789826159e+01	1.052121720890e-02	2.445944832575e-02
4.213090012165e-01	-1.750316471298e+01	9.525844803091e-03	2.318824549350e-02
4.214424535450e-01	-1.753936268505e+01	8.519546614090e-03	2.190728565033e-02
4.215759058736e-01	-1.756678421719e+01	7.502344932223e-03	2.061672819704e-02
4.217093582021e-01	-1.758453078804e+01	6.474266811449e-03	1.931673656757e-02
4.218428105306e-01	-1.759052836932e+01	5.435344104524e-03	1.800747820980e-02
4.219762628592e-01	-1.758919458492e+01	4.385613496275e-03	1.668912456444e-02
4.221097151877e-01	-1.757967847452e+01	3.325116534975e-03	1.536185104215e-02
4.222431675163e-01	-1.755990514448e+01	2.253899661795e-03	1.402583699867e-02
4.223766198448e-01	-1.752745458108e+01	1.172014238304e-03	1.268126570822e-02
4.225100721734e-01	-1.748880206034e+01	7.951657203300e-05	1.132832433496e-02
4.226435245019e-01	-1.744260809730e+01	-1.023532059960e-03	9.967203902692e-03
4.227769768305e-01	-1.738555428574e+01	-2.137065389496e-03	8.598099262640e-03
4.229104291590e-01	-1.732020951047e+01	-3.261012137683e-03	7.221209059462e-03
4.230438814876e-01	-1.724506504483e+01	-4.395295997357e-03	5.836735695413e-03
4.231773338161e-01	-1.716488814869e+01	-5.539835617530e-03	4.444885292704e-03
4.233107861446e-01	-1.707529531520e+01	-6.694544589890e-03	3.045867654067e-03
4.234442384732e-01	-1.697596615754e+01	-7.859331437360e-03	1.639896221513e-03
4.235776908017e-01	-1.687059413999e+01	-9.034099604701e-03	2.271880333316e-04
4.237111431303e-01	-1.675827157055e+01	-1.021874745120e-02	-1.192036320683e-03
4.238445954588e-01	-1.663753156178e+01	-1.141316824545e-02	-2.617552745760e-03
4.239780477874e-01	-1.650707966625e+01	-1.261725016216e-02	-4.049133690407e-03
4.241115001159e-01	-1.637161516631e+01	-1.383087628116e-02	-5.486548196388e-03
4.242449524445e-01	-1.622950620102e+01	-1.505392458843e-02	-6.929561950407e-03
4.243784047730e-01	-1.607883537342e+01	-1.628626797922e-02	-8.377937337473e-03
4.245118571015e-01	-1.591885854724e+01	-1.752777426340e-02	-9.831433495929e-03
4.246453094301e-01	-1.575374477618e+01	-1.877830617275e-02	-1.128980637414e-02
4.247787617586e-01	-1.558223536265e+01	-2.003772137056e-02	-1.275280878879e-02
4.249122140872e-01	-1.540137676787e+01	-2.130587246317e-02	-1.422019048481e-02
4.250456664157e-01	-1.521558521022e+01	-2.258260701380e-02	-1.569169819686e-02
4.251791187443e-01	-1.502250387733e+01	-2.386776755833e-02	-1.716707571238e-02
4.253125710728e-01	-1.482430294363e+01	-2.516119162337e-02	-1.864606393623e-02
4.254460234014e-01	-1.461925861281e+01	-2.646271174634e-02	-2.012840095672e-02
4.255794757299e-01	-1.440911433508e+01	-2.777215549770e-02	-2.161382211331e-02
4.257129280585e-01	-1.419635089947e+01	-2.908934550530e-02	-2.310206006556e-02
4.258463803870e-01	-1.397717470696e+01	-3.041409948085e-02	-2.459284486372e-02
4.259798327155e-01	-1.375378268445e+01	-3.174623024848e-02	-2.608590402055e-02
4.261132850441e-01	-1.352749597724e+01	-3.308554577544e-02	-2.758096258468e-02
4.262467373726e-01	-1.330015201378e+01	-3.443184920480e-02	-2.907774321516e-02
4.263801897012e-01	-1.306737368384e+01	-3.578493889039e-02	-3.057596625748e-02
4.265136420297e-01	-1.283060258873e+01	-3.714460843368e-02	-3.207534982079e-02
4.266470943583e-01	-1.259336715774e+01	-3.851064672282e-02	-3.357560985637e-02
4.267805466868e-01	-1.235407283143e+01	-3.988283797370e-02	-3.507646023741e-02
4.269139990154e-01	-1.211130384091e+01	-4.126096177308e-02	-3.657761283992e-02
4.270474513439e-01	-1.186385822740e+01	-4.264479312376e-02	-3.807877762476e-02
4.271809036724e-01	-1.161683208104e+01	-4.403410249179e-02	-3.957966272096e-02
4.273143560010e-01	-1.136759951840e+01	-4.542865585564e-02	-4.107997450992e-02
4.274478083295e-01	-1.111453521634e+01	-4.682821475750e-02	-4.257941771085e-02
4.275812606581e-01	-1.085948131705e+01	-4.823253635638e-02	-4.407769546713e-02
4.277147129866e-01	-1.060487899520e+01	-4.964137348338e-02	-4.557450943369e-02
4.278481653152e-01	-1.035008115176e+01	-5.105447469879e-02	-4.706955986533e-02
4.279816176437e-01	-1.008977228266e+01	-5.247158435113e-02	-4.856254570601e-02
4.281150699723e-01	-9.830410707962e+00	-5.389244263823e-02	-5.005316467888e-02
4.282485223008e-01	-9.575491660100e+00	-5.531678567006e-02	-5.154111337732e-02
4.283819746294e-01	-9.320506629735e+00	-5.674434553355e-02	-5.302608735667e-02
4.285154269579e-01	-9.063866553581e+00	-5.817485035925e-02	-5.450778122673e-02
4.286488792864e-01	-8.810893413654e+00	-5.960802438979e-02	-5.598588874501e-02
4.287823316150e-01	-8.563194847036e+00	-6.104358805025e-02	-5.746010291064e-02
4.289157839435e-01	-8.316450169489e+00	-6.248125802024e-02	-5.893011605898e-02
4.290492362721e-01	-8.071997934735e+00	-6.392074730782e-02	-6.039561995671e-02
4.291826886006e-01	-7.832829690938e+00	-6.536176532515e-02	-6.185630589761e-02
4.293161409292e-01	-7.599898569140e+00	-6.680401796585e-02	-6.331186479877e-02
4.294495932577e-01	-7.367064874754e+00	-6.824720768412e-02	-6.476198729733e-02
4.295830455863e-01	-7.136437921096e+00	-6.969103357545e-02	-6.620636384763e-02
4.297164979148e-01	-6.913920298890e+00	-7.113519145911e-02	-6.764468481875e-02
4.298499502433e-01	-6.694721420729e+00	-7.257937396211e-02	-6.907664059243e-02
4.299834025719e-01	-6.475832390174e+00	-7.402327060489e-02	-7.050192166127e-02
4.301168549004e-01	-6.258658377351e+00	-7.546656788851e-02	-7.192021872720e-02
4.302503072290e-01	-6.047415367879e+00	-7.690894938337e-02	-7.333122280022e-02
4.303837595575e-01	-5.838289692633e+00	-7.835009581949e-02	-7.473462529723e-02
4.305172118861e-01	-5.627900800079e+00	-7.978968517823e-02	-7.613011814111e-02
4.306506642146e-01	-5.419369817892e+00	-8.122739278546e-02	-7.751739385977e-02
4.307841165432e-01	-5.215263513258e+00	-8.266289140615e-02	-7.889614568541e-02
4.309175688717e-01	-5.011460068905e+00	-8.409585134035e-02	-8.026606765359e-02
4.310510212003e-01	-4.805265042838e+00	-8.552594052051e-02	-8.162685470249e-02
4.311844735288e-01	-4.603388432819e+00	-8.695282461011e-02	-8.297820277187e-02
4.313179258573e-01	-4.404163229598e+00	-8.837616710361e-02	-8.431980890211e-02
4.314513781859e-01	-4.204800610903e+00	-8.979562942759e-02	-8.565137133292e-02
4.315848305144e-01	-4.005297151184e+00	-9.121087104313e-02	-8.697258960195e-02
4.317182828430e-01	-3.809190375244e+00	-9.262154954940e-02	-8.828316464310e-02
4.318517351715e-01	-3.617958301427e+00	-9.402732078831e-02	-8.958279888460e-02
4.319851875001e-01	-3.426331916657e+00	-9.542783895034e-02	-9.087119634662e-02
4.321186398286e-01	-3.236357313071e+00	-9.682275668142e-02	-9.214806273865e-02
4.322520921572e-01	-3.051209663694e+00	-9.821172519078e-02	-9.341310555641e-02
4.323855444857e-01	-2.869797112944e+00	-9.959439435987e-02	-9.466603417821e-02
4.325189968142e-01	-2.689169027380e+00	-1.009704128522e-01	-9.590655996095e-02
4.326524491428e-01	-2.512515189138e+00	-1.023394282240e-01	-9.713439633546e-02
4.327859014713e-01	-2.340918310576e+00	-1.037010870360e-01	-9.834925890132e-02
4.329193537999e-01	-2.172274150863e+00	-1.050550349657e-01	-9.955086552098e-02
4.330528061284e-01	-2.006732601263e+00	-1.064009169209e-01	-1.007389364133e-01
4.331862584570e-01	-1.843383332922e+00	-1.077383771532e-01	-1.019131942463e-01
4.333197107855e-01	-1.687533082125e+00	-1.090670593733e-01	-1.030733642291e-01
4.334531631141e-01	-1.535892293434e+00	-1.103866068659e-01	-1.042191742034e-01
4.335866154426e-01	-1.384620829788e+00	-1.116966626060e-01	-1.053503547337e-01
4.337200677712e-01	-1.237817404766e+00	-1.129968693754e-01	-1.064666391966e-01
4.338535200997e-01	-1.098700511320e+00	-1.142868698796e-01	-1.075677638700e-01
4.339869724282e-01	-9.643554952039e-01	-1.155663068659e-01	-1.086534680202e-01
4.341204247568e-01	-8.299415496882e-01	-1.168348232412e-01	-1.097234939889e-01
4.342538770853e-01	-7.023251097127e-01	-1.180920621903e-01	-1.107775872790e-01
4.343873294139e-01	-5.815999758308e-01	-1.193376672954e-01	-1.118154966386e-01
4.345207817424e-01	-4.641108853952e-01	-1.205712826547e-01	-1.128369741451e-01
4.346542340710e-01	-3.489676117722e-01	-1.217925530021e-01	-1.138417752873e-01
4.347876863995e-01	-2.387535366805e-01	-1.230011238269e-01	-1.148296590468e-01
4.349211387281e-01	-1.376020939811e-01	-1.241966414940e-01	-1.158003879777e-01
4.350545910566e-01	-3.716611971942e-02	-1.253787533634e-01	-1.167537282855e-01
4.351880433851e-01	6.224847827346e-02	-1.265471079110e-01	-1.176894499048e-01
4.353214957137e-01	1.536874036444e-01	-1.277013548485e-01	-1.186073265750e-01
4.354549480422e-01	2.397585913145e-01	-1.288411452435e-01	-1.195071359156e-01
4.355884003708e-01	3.260028303802e-01	-1.299661316403e-01	-1.203886594997e-01
4.357218526993e-01	4.112192812721e-01	-1.310759681794e-01	-1.212516829256e-01
4.358553050279e-01	4.898903771477e-01	-1.321703107182e-01	-1.220959958880e-01
4.359887573564e-01	5.648158792944e-01	-1.332488169502e-01	-1.229213922467e-01
4.361222096850e-01	6.415431660116e-01	-1.343111465253e-01	-1.237276700948e-01
4.362556620135e-01	7.185474492595e-01	-1.353569611689e-01	-1.245146318245e-01
4.363891143421e-01	7.895847513115e-01	-1.363859248009e-01	-1.252820841921e-01
4.365225666706e-01	8.603921743629e-01	-1.373977036550e-01	-1.260298383807e-01
4.366560189991e-01	9.364888409207e-01	-1.383919663966e-01	-1.267577100619e-01
4.367894713277e-01	1.010777223798e+00	-1.393683842410e-01	-1.274655194556e-01
4.369229236562e-01	1.082800657936e+00	-1.403266310709e-01	-1.281530913884e-01
4.370563759848e-01	1.157803444611e+00	-1.412663835532e-01	-1.288202553497e-01
4.371898283133e-01	1.238119610572e+00	-1.421873212559e-01	-1.294668455472e-01
4.373232806419e-01	1.319896947888e+00	-1.430891267633e-01	-1.300927009593e-01
4.374567329704e-01	1.400444727463e+00	-1.439714857916e-01	-1.306976653872e-01
4.375901852990e-01	1.485275944703e+00	-1.448340873030e-01	-1.312815875041e-01
4.377236376275e-01	1.578417422067e+00	-1.456766236200e-01	-1.318443209032e-01
4.378570899560e-01	1.674875128748e+00	-1.464987905376e-01	-1.323857241438e-01
4.379905422846e-01	1.769092827004e+00	-1.473002874361e-01	-1.329056607956e-01
4.381239946131e-01	1.869088177832e+00	-1.480808173918e-01	-1.334039994812e-01
4.382574469417e-01	1.979063095017e+00	-1.488400872878e-01	-1.338806139163e-01
4.383908992702e-01	2.089349943293e+00	-1.495778079230e-01	-1.343353829493e-01
4.385243515988e-01	2.197844058174e+00	-1.502936941208e-01	-1.347681905970e-01
4.386578039273e-01	2.312808329255e+00	-1.509874648361e-01	-1.351789260806e-01
4.387912562559e-01	2.434124145519e+00	-1.516588432620e-01	-1.355674838584e-01
4.389247085844e-01	2.552991629476e+00	-1.523075569347e-01	-1.359337636568e-01
4.390581609130e-01	2.668569752811e+00	-1.529333378372e-01	-1.362776704997e-01
4.391916132415e-01	2.788678225025e+00	-1.535359225028e-01	-1.365991147360e-01
4.393250655700e-01	2.912707835720e+00	-1.541150521160e-01	-1.368980120648e-01
4.394585178986e-01	3.031155204188e+00	-1.546704726130e-01	-1.371742835587e-01
4.395919702271e-01	3.143162874979e+00	-1.552019347809e-01	-1.374278556857e-01
4.397254225557e-01	3.256954315437e+00	-1.557091943545e-01	-1.376586603282e-01
4.398588748842e-01	3.373415331691e+00	-1.561920121136e-01	-1.378666348011e-01
4.399923272128e-01	3.481472406101e+00	-1.566501539768e-01	-1.380517218670e-01
4.401257795413e-01	3.582311258068e+00	-1.570833910952e-01	-1.382138697498e-01
4.402592318699e-01	3.686574010292e+00	-1.574914999440e-01	-1.383530321468e-01
4.403926841984e-01	3.788694633880e+00	-1.578742624130e-01	-1.384691682378e-01
4.405261365269e-01	3.882914558503e+00	-1.582314658949e-01	-1.385622426932e-01
4.406595888555e-01	3.975005598071e+00	-1.585629033725e-01	-1.386322256794e-01
4.407930411840e-01	4.068124862220e+00	-1.588683735041e-01	-1.386790928629e-01
4.409264935126e-01	4.161196129621e+00	-1.591476807069e-01	-1.387028254119e-01
4.410599458411e-01	4.250992731754e+00	-1.594006352395e-01	-1.387034099958e-01
4.411933981697e-01	4.338838170673e+00	-1.596270532815e-01	-1.386808387837e-01
4.413268504982e-01	4.432572371839e+00	-1.598267570122e-01	-1.386351094397e-01
4.414603028268e-01	4.529618194738e+00	-1.599995746874e-01	-1.385662251171e-01
4.415937551553e-01	4.624498454497e+00	-1.601453407138e-01	-1.384741944502e-01
4.417272074839e-01	4.723745836815e+00	-1.602638957221e-01	-1.383590315446e-01
4.418606598124e-01	4.830851955055e+00	-1.603550866378e-01	-1.382207559652e-01
4.419941121409e-01	4.941937522753e+00	-1.604187667504e-01	-1.380593927222e-01
4.421275644695e-01	5.056495505839e+00	-1.604547957805e-01	-1.378749722557e-01
4.422610167980e-01	5.179002230059e+00	-1.604630399446e-01	-1.376675304177e-01
4.423944691266e-01	5.310680169269e+00	-1.604433720185e-01	-1.374371084532e-01
4.425279214551e-01	5.448895591955e+00	-1.603956713979e-01	-1.371837529781e-01
4.426613737837e-01	5.592150364611e+00	-1.603198241577e-01	-1.369075159564e-01
4.427948261122e-01	5.744849541663e+00	-1.602157231087e-01	-1.366084546751e-01
4.429282784408e-01	5.909885230593e+00	-1.600832678522e-01	-1.362866317171e-01
4.430617307693e-01	6.080179538666e+00	-1.599223648329e-01	-1.359421149325e-01
4.431951830978e-01	6.256479812540e+00	-1.597329273887e-01	-1.355749774085e-01
4.433286354264e-01	6.445076246173e+00	-1.595148757996e-01	-1.351852974363e-01
4.434620877549e-01	6.642014311661e+00	-1.592681373331e-01	-1.347731584778e-01
4.435955400835e-01	6.844466292910e+00	-1.589926462885e-01	-1.343386491292e-01
4.437289924120e-01	7.054700032583e+00	-1.586883440380e-01	-1.338818630839e-01
4.438624447406e-01	7.273898792823e+00	-1.583551790662e-01	-1.334028990931e-01
4.439958970691e-01	7.501099698022e+00	-1.579931070067e-01	-1.329018609247e-01
4.441293493977e-01	7.732064614761e+00	-1.576020906775e-01	-1.323788573213e-01
4.442628017262e-01	7.966843720045e+00	-1.571821001125e-01	-1.318340019551e-01
4.443962540547e-01	8.211127293314e+00	-1.567331125920e-01	-1.312674133832e-01
4.445297063833e-01	8.461720059617e+00	-1.562551126701e-01	-1.306792149990e-01
4.446631587118e-01	8.710920112862e+00	-1.557480922004e-01	-1.300695349843e-01
4.447966110404e-01	8.963431633590e+00	-1.552120503584e-01	-1.294385062580e-01
4.449300633689e-01	9.223155946490e+00	-1.546469936624e-01	-1.287862664249e-01
4.450635156975e-01	9.483566448929e+00	-1.540529359913e-01	-1.281129577211e-01
4.451969680260e-01	9.744170459376e+00	-1.534298986009e-01	-1.274187269604e-01
4.453304203546e-01	1.000569825072e+01	-1.527779101364e-01	-1.267037254766e-01
4.454638726831e-01	1.026847747886e+01	-1.520970066440e-01	-1.259681090668e-01
4.455973250117e-01	1.053239941520e+01	-1.513872315789e-01	-1.252120379314e-01
4.457307773402e-01	1.079419330215e+01	-1.506486358117e-01	-1.244356766145e-01
4.458642296687e-01	1.105520451833e+01	-1.498812776315e-01	-1.236391939412e-01
4.459976819973e-01	1.131532490435e+01	-1.490852227472e-01	-1.228227629551e-01
4.461311343258e-01	1.157353835050e+01	-1.482605442864e-01	-1.219865608539e-01
4.462645866544e-01	1.182882427571e+01	-1.474073227912e-01	-1.211307689235e-01
4.463980389829e-01	1.208013813033e+01	-1.465256462123e-01	-1.202555724717e-01
4.465314913115e-01	1.232924206772e+01	-1.456156099000e-01	-1.193611607603e-01
4.466649436400e-01	1.257408363759e+01	-1.446773165932e-01	-1.184477269356e-01
4.467983959686e-01	1.281431453626e+01	-1.437108764057e-01	-1.175154679589e-01
4.469318482971e-01	1.304950382235e+01	-1.427164068099e-01	-1.165645845349e-01
4.470653006256e-01	1.327778282487e+01	-1.416940326188e-01	-1.155952810399e-01
4.471987529542e-01	1.350127360025e+01	-1.406438859643e-01	-1.146077654483e-01
4.473322052827e-01	1.371875256682e+01	-1.395661062744e-01	-1.136022492587e-01
4.474656576113e-01	1.392752814132e+01	-1.384608402466e-01	-1.125789474189e-01
4.475991099398e-01	1.412973799262e+01	-1.373282418202e-01	-1.115380782497e-01
4.477325622684e-01	1.432433790530e+01	-1.361684721454e-01	-1.104798633685e-01
4.478660145969e-01	1.450920273925e+01	-1.349816995497e-01	-1.094045276116e-01
4.479994669255e-01	1.468761740185e+01	-1.337680995029e-01	-1.083122989556e-01
4.481329192540e-01	1.485800658709e+01	-1.325278545786e-01	-1.072034084388e-01
4.482663715826e-01	1.501740046023e+01	-1.312611544141e-01	-1.060780900808e-01
4.483998239111e-01	1.516915582781e+01	-1.299681956676e-01	-1.049365808028e-01
4.485332762396e-01	1.531329188036e+01	-1.286491819729e-01	-1.037791203457e-01
4.486667285682e-01	1.544710832636e+01	-1.273043238921e-01	-1.026059511890e-01
4.488001808967e-01	1.557094756507e+01	-1.259338388655e-01	-1.014173184682e-01
4.489336332253e-01	1.568838910368e+01	-1.245379511599e-01	-1.002134698922e-01
4.490670855538e-01	1.579920630184e+01	-1.231168918136e-01	-9.899465566008e-02
4.492005378824e-01	1.589774885998e+01	-1.216708985799e-01	-9.776112837715e-02
4.493339902109e-01	1.598666262426e+01	-1.202002158680e-01	-9.651314297111e-02
4.494674425395e-01	1.607148462151e+01	-1.187050946819e-01	-9.525095660740e-02
4.496008948680e-01	1.614897529647e+01	-1.171857925565e-01	-9.397482860439e-02
4.497343471965e-01	1.621447242424e+01	-1.156425734921e-01	-9.268502034824e-02
4.498677995251e-01	1.627240830781e+01	-1.140757078864e-01	-9.138179520750e-02
4.500012518536e-01	1.632560883337e+01	-1.124854724643e-01	-9.006541844748e-02
4.501347041822e-01	1.637006652970e+01	-1.108721502058e-01	-8.873615714442e-02
4.502681565107e-01	1.640642945214e+01	-1.092360302712e-01	-8.739428009950e-02
4.504016088393e-01	1.643420510181e+01	-1.075774079252e-01	-8.604005775273e-02
4.505350611678e-01	1.645335803877e+01	-1.058965844578e-01	-8.467376209678e-02
4.506685134964e-01	1.646760132998e+01	-1.041938671038e-01	-8.329566659073e-02
4.508019658249e-01	1.647394947546e+01	-1.024695689601e-01	-8.190604607382e-02
4.509354181535e-01	1.646856675224e+01	-1.007240089014e-01	-8.050517667923e-02
4.510688704820e-01	1.645514472651e+01	-9.895751149275e-02	-7.909333574790e-02
4.512023228105e-01	1.643611650818e+01	-9.717040690185e-02	-7.767080174245e-02
4.513357751391e-01	1.640803852479e+01	-9.536303080798e-02	-7.623785416125e-02
4.514692274676e-01	1.636868236335e+01	-9.353572430983e-02	-7.479477345262e-02
4.516026797962e-01	1.632000737942e+01	-9.168883383120e-02	-7.334184092925e-02
4.517361321247e-01	1.626407920017e+01	-8.982271102501e-02	-7.187933868280e-02
4.518695844533e-01	1.619842390894e+01	-8.793771267538e-02	-7.040754949889e-02
4.520030367818e-01	1.612113916131e+01	-8.603420059811e-02	-6.892675677222e-02
4.521364891104e-01	1.603517590962e+01	-8.411254153929e-02	-6.743724442213e-02
4.522699414389e-01	1.594125601123e+01	-8.217310707235e-02	-6.593929680850e-02
4.524033937674e-01	1.583673897186e+01	-8.021627349338e-02	-6.443319864807e-02
4.525368460960e-01	1.572118494016e+01	-7.824242171485e-02	-6.291923493110e-02
4.526702984245e-01	1.559760680651e+01	-7.625193715776e-02	-6.139769083858e-02
4.528037507531e-01	1.546663377892e+01	-7.424520964225e-02	-5.986885165991e-02
4.529372030816e-01	1.532635385148e+01	-7.222263327669e-02	-5.833300271104e-02
4.530706554102e-01	1.517717766497e+01	-7.018460634533e-02	-5.679042925327e-02
4.532041077387e-01	1.502097128269e+01	-6.813153119446e-02	-5.524141641251e-02
4.533375600673e-01	1.485897937478e+01	-6.606381411725e-02	-5.368624909923e-02
4.534710123958e-01	1.469153012692e+01	-6.398186523719e-02	-5.212521192904e-02
4.536044647244e-01	1.451636287307e+01	-6.188609839027e-02	-5.055858914388e-02
4.537379170529e-01	1.433432454769e+01	-5.977693100582e-02	-4.898666453397e-02
4.538713693814e-01	1.414971978036e+01	-5.765478398618e-02	-4.740972136047e-02
4.540048217100e-01	1.396074724021e+01	-5.552008158514e-02	-4.582804227883e-02
4.541382740385e-01	1.376526650706e+01	-5.337325128530e-02	-4.424190926298e-02
4.542717263671e-01	1.356670775404e+01	-5.121472367423e-02	-4.265160353029e-02
4.544051786956e-01	1.336475353877e+01	-4.904493231967e-02	-4.105740546736e-02
4.545386310242e-01	1.315810547883e+01	-4.686431364360e-02	-3.945959455668e-02
4.546720833527e-01	1.294815097162e+01	-4.467330679550e-02	-3.785844930409e-02
4.548055356813e-01	1.273563569245e+01	-4.247235352447e-02	-3.625424716722e-02
4.549389880098e-01	1.251775849047e+01	-4.026189805068e-02	-3.464726448482e-02
4.550724403383e-01	1.229487524727e+01	-3.804238693580e-02	-3.303777640700e-02
4.552058926669e-01	1.207134886019e+01	-3.581426895275e-02	-3.142605682649e-02
4.553393449954e-01	1.184481625319e+01	-3.357799495465e-02	-2.981237831082e-02
4.554727973240e-01	1.161163350440e+01	-3.133401774308e-02	-2.819701203554e-02
4.556062496525e-01	1.137548537235e+01	-2.908279193568e-02	-2.658022771847e-02
4.557397019811e-01	1.113963652378e+01	-2.682477383312e-02	-2.496229355496e-02
4.558731543096e-01	1.090117119767e+01	-2.456042128554e-02	-2.334347615425e-02
4.560066066382e-01	1.065911553083e+01	-2.229019355841e-02	-2.172404047685e-02
4.561400589667e-01	1.041618217274e+01	-2.001455119803e-02	-2.010424977309e-02
4.562735112953e-01	1.017420555319e+01	-1.773395589643e-02	-1.848436552271e-02
4.564069636238e-01	9.934170783697e+00	-1.544887035609e-02	-1.686464737564e-02
4.565404159523e-01	9.696385763690e+00	-1.315975815413e-02	-1.524535309385e-02
4.566738682809e-01	9.460142895249e+00	-1.086708360639e-02	-1.362673849441e-02
4.568073206094e-01	9.225740947599e+00	-8.571311631180e-03	-1.200905739373e-02
4.569407729380e-01	8.999367488346e+00	-6.272907612819e-03	-1.039256155293e-02
4.570742252665e-01	8.779758972051e+00	-3.972337265107e-03	-8.777500624440e-03
4.572076775951e-01	8.564348917942e+00	-1.670066494656e-03	-7.164122099814e-03
4.573411299236e-01	8.357789898676e+00	6.334387358230e-04	-5.552671258728e-03
4.574745822522e-01	8.159937631991e+00	2.937712544221e-03	-3.943391119237e-03
4.576080345807e-01	7.970622782957e+00	5.242289265687e-03	-2.336522389266e-03
4.577414869092e-01	7.789978611310e+00	7.546703589188e-03	-7.323034193284e-04
4.578749392378e-01	7.618345681758e+00	9.850490693930e-03	8.690298434782e-04
4.580083915663e-01	7.455286829838e+00	1.215318638557e-02	2.467243900223e-03
4.581418438949e-01	7.300833602393e+00	1.445432723223e-02	4.062107743627e-03
4.582752962234e-01	7.155366266411e+00	1.675345070015e-02	5.653392900265e-03
4.584087485520e-01	7.014463236319e+00	1.905009528909e-02	7.240873471484e-03
4.585422008805e-01	6.879287707209e+00	2.134380066730e-02	8.824326173047e-03
4.586756532091e-01	6.751879965836e+00	2.363410780608e-02	1.040353037347e-02
4.588091055376e-01	6.626824683495e+00	2.592055911384e-02	1.197826813109e-02
4.589425578662e-01	6.501946446235e+00	2.820269856967e-02	1.354832422979e-02
4.590760101947e-01	6.378935383309e+00	3.048007185636e-02	1.511348621347e-02
4.592094625232e-01	6.255825569451e+00	3.275222649271e-02	1.667354441920e-02
4.593429148518e-01	6.130671769252e+00	3.501871196529e-02	1.822829200907e-02
4.594763671803e-01	6.002353032681e+00	3.727907985943e-02	1.977752500072e-02
4.596098195089e-01	5.870589249008e+00	3.953288398948e-02	2.132104229660e-02
4.597432718374e-01	5.732049016808e+00	4.177968052827e-02	2.285864571191e-02
4.598767241660e-01	5.586145658664e+00	4.401902813571e-02	2.439014000123e-02
4.600101764945e-01	5.438258708881e+00	4.625048808651e-02	2.591533288387e-02
4.601436288231e-01	5.283089228721e+00	4.847362439700e-02	2.743403506794e-02
4.602770811516e-01	5.117924919365e+00	5.068800395095e-02	2.894606027306e-02
4.604105334801e-01	4.948424930754e+00	5.289319662433e-02	3.045122525187e-02
4.605439858087e-01	4.775294327958e+00	5.508877540910e-02	3.194934981017e-02
4.606774381372e-01	4.597268571104e+00	5.727431653580e-02	3.344025682590e-02
4.608108904658e-01	4.412989908165e+00	5.944939959505e-02	3.492377226666e-02
4.609443427943e-01	4.226544347889e+00	6.161360765785e-02	3.639972520620e-02
4.610777951229e-01	4.041677516302e+00	6.376652739465e-02	3.786794783944e-02
4.612112474514e-01	3.857127569275e+00	6.590774919313e-02	3.932827549633e-02
4.613446997800e-01	3.673355078173e+00	6.803686727465e-02	4.078054665451e-02
4.614781521085e-01	3.494011362733e+00	7.015347980945e-02	4.222460295063e-02
4.616116044371e-01	3.322330245838e+00	7.225718903030e-02	4.366028919053e-02
4.617450567656e-01	3.158514202838e+00	7.434760134488e-02	4.508745335814e-02
4.618785090941e-01	3.002418637539e+00	7.642432744655e-02	4.650594662321e-02
4.620119614227e-01	2.855730072739e+00	7.848698242370e-02	4.791562334783e-02
4.621454137512e-01	2.723743125073e+00	8.053518586753e-02	4.931634109178e-02
4.622788660798e-01	2.605197564708e+00	8.256856197823e-02	5.070796061667e-02
4.624123184083e-01	2.497631557502e+00	8.458673966960e-02	5.209034588893e-02
4.625457707369e-01	2.407231103301e+00	8.658935267191e-02	5.346336408167e-02
4.626792230654e-01	2.334263361776e+00	8.857603963319e-02	5.482688557539e-02
4.628126753940e-01	2.273607646479e+00	9.054644421873e-02	5.618078395754e-02
4.629461277225e-01	2.226769472606e+00	9.250021520879e-02	5.752493602098e-02
4.630795800510e-01	2.198572952701e+00	9.443700659465e-02	5.885922176141e-02
4.632130323796e-01	2.184772411621e+00	9.635647767266e-02	6.018352437356e-02
4.633464847081e-01	2.183914425641e+00	9.825829313659e-02	6.149773024650e-02
4.634799370367e-01	2.196982674601e+00	1.001421231680e-01	6.280172895774e-02
4.636133893652e-01	2.222254664681e+00	1.020076435248e-01	6.409541326637e-02
4.637468416938e-01	2.260860052022e+00	1.038545356277e-01	6.537867910517e-02
4.638802940223e-01	2.308627190027e+00	1.056824866447e-01	6.665142557169e-02
4.640137463509e-01	2.364252553965e+00	1.074911895741e-01	6.791355491836e-02
4.641471986794e-01	2.430114203670e+00	1.092803433242e-01	6.916497254161e-02
4.642806510080e-01	2.504872682129e+00	1.110496527929e-01	7.040558697005e-02
4.644141033365e-01	2.585282293564e+00	1.127988289429e-01	7.163530985169e-02
4.645475556650e-01	2.669352963176e+00	1.145275888771e-01	7.285405594026e-02
4.646810079936e-01	2.760529954432e+00	1.162356559099e-01	7.406174308060e-02
4.648144603221e-01	2.857808416859e+00	1.179227596378e-01	7.525829219319e-02
4.649479126507e-01	2.955935313559e+00	1.195886360068e-01	7.644362725777e-02
4.650813649792e-01	3.055212779879e+00	1.212330273784e-01	7.761767529619e-02
4.652148173078e-01	3.159914082418e+00	1.228556825928e-01	7.878036635430e-02
4.653482696363e-01	3.267516489140e+00	1.244563570301e-01	7.993163348318e-02
4.654817219649e-01	3.374420985513e+00	1.260348126693e-01	8.107141271945e-02
4.656151742934e-01	3.483958906730e+00	1.275908181448e-01	8.219964306485e-02
4.657486266219e-01	3.596191085529e+00	1.291241488009e-01	8.331626646510e-02
4.658820789505e-01	3.708852912228e+00	1.306345867439e-01	8.442122778796e-02
4.660155312790e-01	3.822061571486e+00	1.321219208913e-01	8.551447480062e-02
4.661489836076e-01	3.936572814922e+00	1.335859470198e-01	8.659595814637e-02
4.662824359361e-01	4.052845609015e+00	1.350264678101e-01	8.766563132060e-02
4.664158882647e-01	4.171073034051e+00	1.364432928894e-01	8.872345064613e-02
4.665493405932e-01	4.289362362673e+00	1.378362388716e-01	8.976937524793e-02
4.666827929218e-01	4.409522835626e+00	1.392051293954e-01	9.080336702718e-02
4.668162452503e-01	4.532603394084e+00	1.405497951597e-01	9.182539063479e-02
4.669496975788e-01	4.653833742235e+00	1.418700739565e-01	9.283541344427e-02
4.670831499074e-01	4.776534250320e+00	1.431658107018e-01	9.383340552408e-02
4.672166022359e-01	4.902160092081e+00	1.444368574632e-01	9.481933960949e-02
4.673500545645e-01	5.029290136480e+00	1.456830734865e-01	9.579319107378e-02
4.674835068930e-01	5.156389420176e+00	1.469043252182e-01	9.675493789912e-02
4.676169592216e-01	5.280471472791e+00	1.481004863269e-01	9.770456064683e-02
4.677504115501e-01	5.407117992945e+00	1.492714377215e-01	9.864204242725e-02
4.678838638787e-01	5.534578162736e+00	1.504170675671e-01	9.956736886915e-02
4.680173162072e-01	5.656996391362e+00	1.515372712986e-01	1.004805280887e-01
4.681507685358e-01	5.777989263271e+00	1.526319516315e-01	1.013815106582e-01
4.682842208643e-01	5.897602515213e+00	1.537010185709e-01	1.022703095741e-01
4.684176731928e-01	6.012294503899e+00	1.547443894171e-01	1.031469202249e-01
4.685511255214e-01	6.123450299743e+00	1.557619887697e-01	1.040113403588e-01
4.686845778499e-01	6.229051334544e+00	1.567537485284e-01	1.048635700507e-01
4.688180301785e-01	6.327630473213e+00	1.577196078919e-01	1.057036116693e-01
4.689514825070e-01	6.421465308465e+00	1.586595133543e-01	1.065314698434e-01
4.690849348356e-01	6.506273087232e+00	1.595734186988e-01	1.073471514287e-01
4.692183871641e-01	6.583974579555e+00	1.604612849889e-01	1.081506654734e-01
4.693518394927e-01	6.656459487887e+00	1.613230805578e-01	1.089420231844e-01
4.694852918212e-01	6.720653291206e+00	1.621587809946e-01	1.097212378927e-01
4.696187441497e-01	6.777724766638e+00	1.629683691284e-01	1.104883250192e-01
4.697521964783e-01	6.827423050751e+00	1.637518350103e-01	1.112433020395e-01
4.698856488068e-01	6.871981142233e+00	1.645091758924e-01	1.119861884496e-01
4.700191011354e-01	6.910986398365e+00	1.652403962049e-01	1.127170057306e-01
4.701525534639e-01	6.942920822193e+00	1.659455075305e-01	1.134357773134e-01
4.702860057925e-01	6.973073818874e+00	1.666245285766e-01	1.141425285438e-01
4.704194581210e-01	7.003820325729e+00	1.672774851455e-01	1.148372866471e-01
4.705529104496e-01	7.029491137755e+00	1.679044101013e-01	1.155200806925e-01
4.706863627781e-01	7.052193446100e+00	1.685053433354e-01	1.161909415580e-01
4.708198151067e-01	7.077658357867e+00	1.690803317295e-01	1.168499018946e-01
4.709532674352e-01	7.102974955242e+00	1.696294291157e-01	1.174969960911e-01
4.710867197637e-01	7.131174790361e+00	1.701526962354e-01	1.181322602384e-01
4.712201720923e-01	7.161232549004e+00	1.706502006952e-01	1.187557320940e-01
4.713536244208e-01	7.191906744307e+00	1.711220169204e-01	1.193674510465e-01
4.714870767494e-01	7.227496787848e+00	1.715682261069e-01	1.199674580805e-01
4.716205290779e-01	7.265974565588e+00	1.719889161708e-01	1.205557957408e-01
4.717539814065e-01	7.307811899813e+00	1.723841816953e-01	1.211325080971e-01
4.718874337350e-01	7.353984299862e+00	1.727541238762e-01	1.216976407093e-01
4.720208860636e-01	7.400512481062e+00	1.730988504645e-01	1.222512405917e-01
4.721543383921e-01	7.449446995707e+00	1.734184757077e-01	1.227933561784e-01
4.722877907206e-01	7.505893858464e+00	1.737131202885e-01	1.233240372881e-01
4.724212430492e-01	7.562739565797e+00	1.739829112614e-01	1.238433350898e-01
4.725546953777e-01	7.618783657456e+00	1.742279819879e-01	1.243513020674e-01
4.726881477063e-01	7.678115050093e+00	1.744484720686e-01	1.248479919861e-01
4.728216000348e-01	7.738028064875e+00	1.746445272749e-01	1.253334598576e-01
4.729550523634e-01	7.799607639071e+00	1.748162994772e-01	1.258077619060e-01
4.730885046919e-01	7.859855807992e+00	1.749639465720e-01	1.262709555339e-01
4.732219570205e-01	7.918973821645e+00	1.750876324072e-01	1.267230992890e-01
4.733554093490e-01	7.979512074502e+00	1.751875267053e-01	1.271642528300e-01
4.734888616776e-01	8.038010792716e+00	1.752638049847e-01	1.275944768940e-01
4.736223140061e-01	8.093098596184e+00	1.753166484793e-01	1.280138332629e-01
4.737557663346e-01	8.145785346647e+00	1.753462440568e-01	1.284223847307e-01
4.738892186632e-01	8.195840829473e+00	1.753527841343e-01	1.288201950713e-01
4.740226709917e-01	8.243785275128e+00	1.753364665932e-01	1.292073290059e-01
4.741561233203e-01	8.289248592700e+00	1.752974946921e-01	1.295838521708e-01
4.742895756488e-01	8.327017795315e+00	1.752360769777e-01	1.299498310861e-01
4.744230279774e-01	8.362121903761e+00	1.751524271947e-01	1.303053331239e-01
4.745564803059e-01	8.393699619819e+00	1.750467641938e-01	1.306504264774e-01
4.746899326345e-01	8.417247360627e+00	1.749193118384e-01	1.309851801297e-01
4.748233849630e-01	8.438937933139e+00	1.747702989097e-01	1.313096638234e-01
4.749568372915e-01	8.454607390090e+00	1.745999590102e-01	1.316239480305e-01
4.750902896201e-01	8.463360087233e+00	1.744085304665e-01	1.319281039222e-01
4.752237419486e-01	8.467436966034e+00	1.741962562295e-01	1.322222033394e-01
4.753571942772e-01	8.465886610915e+00	1.739633837748e-01	1.325063187635e-01
4.754906466057e-01	8.459334033335e+00	1.737101650006e-01	1.327805232873e-01
4.756240989343e-01	8.446189301077e+00	1.734368561249e-01	1.330448905865e-01
4.757575512628e-01	8.426053076319e+00	1.731437175813e-01	1.332994948914e-01
4.758910035914e-01	8.400825469251e+00	1.728310139142e-01	1.335444109589e-01
4.760244559199e-01	8.372299846392e+00	1.724990136718e-01	1.337797140453e-01
4.761579082485e-01	8.335685740141e+00	1.721479892993e-01	1.340054798783e-01
4.762913605770e-01	8.292479924301e+00	1.717782170298e-01	1.342217846313e-01
4.764248129055e-01	8.245537188848e+00	1.713899767755e-01	1.344287048957e-01
4.765582652341e-01	8.192723018402e+00	1.709835520165e-01	1.346263176557e-01
4.766917175626e-01	8.132515568519e+00	1.705592296905e-01	1.348147002620e-01
4.768251698912e-01	8.064763784587e+00	1.701173000795e-01	1.349939304068e-01
4.769586222197e-01	7.995489979226e+00	1.696580566977e-01	1.351640860985e-01
4.770920745483e-01	7.920165769376e+00	1.691817961771e-01	1.353252456370e-01
4.772255268768e-01	7.834714965662e+00	1.686888181535e-01	1.354774875897e-01
4.773589792054e-01	7.745297469378e+00	1.681794251507e-01	1.356208907676e-01
4.774924315339e-01	7.650848495874e+00	1.676539224653e-01	1.357555342014e-01
4.776258838624e-01	7.548693735488e+00	1.671126180497e-01	1.358814971187e-01
4.777593361910e-01	7.441112068544e+00	1.665558223954e-01	1.359988589213e-01
4.778927885195e-01	7.327369659894e+00	1.659838484152e-01	1.361076991624e-01
4.780262408481e-01	7.206277056813e+00	1.653970113255e-01	1.362080975249e-01
4.781596931766e-01	7.080726601807e+00	1.647956285277e-01	1.363001337998e-01
4.782931455052e-01	6.947203598192e+00	1.641800194896e-01	1.363838878648e-01
4.784265978337e-01	6.807545340313e+00	1.635505056257e-01	1.364594396632e-01
4.785600501623e-01	6.664393626377e+00	1.629074101785e-01	1.365268691838e-01
4.786935024908e-01	6.512051384092e+00	1.622510580983e-01	1.365862564407e-01
4.788269548194e-01	6.353629646913e+00	1.615817759236e-01	1.366376814530e-01
4.789604071479e-01	6.191927585576e+00	1.608998916610e-01	1.366812242260e-01
4.790938594764e-01	6.025019099836e+00	1.602057346650e-01	1.367169647321e-01
4.792273118050e-01	5.850288184016e+00	1.594996355177e-01	1.367449828915e-01
4.793607641335e-01	5.671160274782e+00	1.587819259089e-01	1.367653585548e-01
4.794942164621e-01	5.489361360603e+00	1.580529385156e-01	1.367781714842e-01
4.796276687906e-01	5.301557400594e+00	1.573130068818e-01	1.367835013367e-01
4.797611211192e-01	5.109360187314e+00	1.565624652990e-01	1.367814276460e-01
4.798945734477e-01	4.915349630877e+00	1.558016486856e-01	1.367720298063e-01
4.800280257763e-01	4.718808899243e+00	1.550308924678e-01	1.367553870556e-01
4.801614781048e-01	4.516400589237e+00	1.542505324599e-01	1.367315784591e-01
4.802949304333e-01	4.312328268934e+00	1.534609047454e-01	1.367006828941e-01
4.804283827619e-01	4.108224640188e+00	1.526623455580e-01	1.366627790336e-01
4.805618350904e-01	3.902028557985e+00	1.518551911630e-01	1.366179453319e-01
4.806952874190e-01	3.694009190424e+00	1.510397777401e-01	1.365662600093e-01
4.808287397475e-01	3.483203310194e+00	1.502164412648e-01	1.365078010379e-01
4.809621920761e-01	3.274533353564e+00	1.493855173923e-01	1.364426461270e-01
4.810956444046e-01	3.065898098794e+00	1.485473413404e-01	1.363708727097e-01
4.812290967332e-01	2.854270810970e+00	1.477022477739e-01	1.362925579289e-01
4.813625490617e-01	2.643734155707e+00	1.468505706896e-01	1.362077786246e-01
4.814960013903e-01	2.435868271905e+00	1.459926433011e-01	1.361166113204e-01
4.816294537188e-01	2.227908973968e+00	1.451287979254e-01	1.360191322113e-01
4.817629060473e-01	2.019125800112e+00	1.442593658698e-01	1.359154171513e-01
4.818963583759e-01	1.813490417893e+00	1.433846773196e-01	1.358055416412e-01
4.820298107044e-01	1.610066895013e+00	1.425050612264e-01	1.356895808172e-01
4.821632630330e-01	1.408668544079e+00	1.416208451977e-01	1.355676094391e-01
4.822967153615e-01	1.207249577725e+00	1.407323553875e-01	1.354397018796e-01
4.824301676901e-01	1.009227861158e+00	1.398399163870e-01	1.353059321129e-01
4.825636200186e-01	8.174580774319e-01	1.389438511177e-01	1.351663737047e-01
4.826970723472e-01	6.264856599516e-01	1.380444807239e-01	1.350210998013e-01
4.828305246757e-01	4.381607341837e-01	1.371421244678e-01	1.348701831200e-01
4.829639770042e-01	2.541817810170e-01	1.362370996247e-01	1.347136959394e-01
4.830974293328e-01	7.498228709414e-02	1.353297213797e-01	1.345517100892e-01
4.832308816613e-01	-9.977080378075e-02	1.344203027256e-01	1.343842969419e-01
4.833643339899e-01	-2.700302083643e-01	1.335091543619e-01	1.342115274030e-01
4.834977863184e-01	-4.369593161163e-01	1.325965845954e-01	1.340334719027e-01
4.836312386470e-01	-5.975991777753e-01	1.316828992415e-01	1.338502003873e-01
4.837646909755e-01	-7.517846064546e-01	1.307684015272e-01	1.336617823108e-01
4.838981433041e-01	-9.044614645099e-01	1.298533919955e-01	1.334682866270e-01
4.840315956326e-01	-1.049331571521e+00	1.289381684113e-01	1.332697817817e-01
4.841650479612e-01	-1.188842760288e+00	1.280230256680e-01	1.330663357052e-01
4.842985002897e-01	-1.323117376579e+00	1.271082556966e-01	1.328580158047e-01
4.844319526182e-01	-1.451324478598e+00	1.261941473754e-01	1.326448889574e-01
4.845654049468e-01	-1.576305388506e+00	1.252809864418e-01	1.324270215039e-01
4.846988572753e-01	-1.692777256953e+00	1.243690554052e-01	1.322044792408e-01
4.848323096039e-01	-1.804174089976e+00	1.234586334621e-01	1.319773274150e-01
4.849657619324e-01	-1.910957639899e+00	1.225499964118e-01	1.317456307167e-01
4.850992142610e-01	-2.011154951861e+00	1.216434165751e-01	1.315094532742e-01
4.852326665895e-01	-2.105333905177e+00	1.207391627130e-01	1.312688586473e-01
4.853661189181e-01	-2.193468895462e+00	1.198374999489e-01	1.310239098221e-01
4.854995712466e-01	-2.275126430696e+00	1.189386896910e-01	1.307746692055e-01
4.856330235751e-01	-2.350790351311e+00	1.180429895570e-01	1.305211986197e-01
4.857664759037e-01	-2.420460812959e+00	1.171506533013e-01	1.302635592975e-01
4.858999282322e-01	-2.482784497974e+00	1.162619307422e-01	1.300018118774e-01
4.860333805608e-01	-2.540942388830e+00	1.153770676931e-01	1.297360163985e-01
4.861668328893e-01	-2.590069962892e+00	1.144963058935e-01	1.294662322965e-01
4.863002852179e-01	-2.631867656622e+00	1.136198829435e-01	1.291925183994e-01
4.864337375464e-01	-2.670480384584e+00	1.127480322389e-01	1.289149329227e-01
4.865671898750e-01	-2.701297348304e+00	1.118809829090e-01	1.286335334666e-01
4.867006422035e-01	-2.725213006099e+00	1.110189597562e-01	1.283483770111e-01
4.868340945320e-01	-2.744377735846e+00	1.101621831971e-01	1.280595199132e-01
4.869675468606e-01	-2.758022867662e+00	1.093108692059e-01	1.277670179030e-01
4.871009991891e-01	-2.764099781296e+00	1.084652292599e-01	1.274709260809e-01
4.872344515177e-01	-2.767592684905e+00	1.076254702866e-01	1.271712989142e-01
4.873679038462e-01	-2.766441071926e+00	1.067917946130e-01	1.268681902342e-01
4.875013561748e-01	-2.759902153408e+00	1.059643999168e-01	1.265616532339e-01
4.876348085033e-01	-2.751545808802e+00	1.051434791801e-01	1.262517404649e-01
4.877682608319e-01	-2.738745137164e+00	1.043292206443e-01	1.259385038353e-01
4.879017131604e-01	-2.725178006539e+00	1.035218077678e-01	1.256219946077e-01
4.880351654890e-01	-2.708855274618e+00	1.027214191853e-01	1.253022633965e-01
4.881686178175e-01	-2.691085486006e+00	1.019282286694e-01	1.249793601669e-01
4.883020701460e-01	-2.673583940229e+00	1.011424050944e-01	1.246533342324e-01
4.884355224746e-01	-2.655037912561e+00	1.003641124017e-01	1.243242342539e-01
4.885689748031e-01	-2.638315336149e+00	9.959350956767e-02	1.239921082376e-01
4.887024271317e-01	-2.621735459151e+00	9.883075057391e-02	1.236570035347e-01
4.888358794602e-01	-2.607404092584e+00	9.807598437883e-02	1.233189668397e-01
4.889693317888e-01	-2.594284693634e+00	9.732935489203e-02	1.229780441895e-01
4.891027841173e-01	-2.582310028980e+00	9.659100095052e-02	1.226342809635e-01
4.892362364459e-01	-2.573943702434e+00	9.586105629713e-02	1.222877218818e-01
4.893696887744e-01	-2.568321201966e+00	9.513964956098e-02	1.219384110062e-01
4.895031411029e-01	-2.565162180722e+00	9.442690424018e-02	1.215863917391e-01
4.896365934315e-01	-2.563777485077e+00	9.372293868659e-02	1.212317068236e-01
4.897700457600e-01	-2.565043595851e+00	9.302786609271e-02	1.208743983441e-01
4.899034980886e-01	-2.568570012300e+00	9.234179448078e-02	1.205145077263e-01
4.900369504171e-01	-2.575016949908e+00	9.166482669388e-02	1.201520757379e-01
4.901704027457e-01	-2.582819752326e+00	9.099706038932e-02	1.197871424888e-01
4.903038550742e-01	-2.591285593591e+00	9.033858803399e-02	1.194197474329e-01
4.904373074028e-01	-2.602422235787e+00	8.968949690195e-02	1.190499293682e-01
4.905707597313e-01	-2.614939333402e+00	8.904986907407e-02	1.186777264388e-01
4.907042120599e-01	-2.626629719393e+00	8.841978143983e-02	1.183031761357e-01
4.908376643884e-01	-2.638725105077e+00	8.779930570122e-02	1.179263152988e-01
4.909711167169e-01	-2.654225218354e+00	8.718850837866e-02	1.175471801188e-01
4.911045690455e-01	-2.667637069032e+00	8.658745081912e-02	1.171658061387e-01
4.912380213740e-01	-2.679179844398e+00	8.599618920627e-02	1.167822282564e-01
4.913714737026e-01	-2.693568213170e+00	8.541477457266e-02	1.163964807271e-01
4.915049260311e-01	-2.709016008913e+00	8.484325281407e-02	1.160085971655e-01
4.916383783597e-01	-2.723249573811e+00	8.428166470581e-02	1.156186105491e-01
4.917718306882e-01	-2.736024967044e+00	8.373004592110e-02	1.152265532205e-01
4.919052830168e-01	-2.751211173153e+00	8.318842705147e-02	1.148324568913e-01
4.920387353453e-01	-2.767908678782e+00	8.265683362919e-02	1.144363526450e-01
4.921721876738e-01	-2.784352575466e+00	8.213528615168e-02	1.140382709408e-01
4.923056400024e-01	-2.800755708125e+00	8.162380010788e-02	1.136382416174e-01
4.924390923309e-01	-2.819792737979e+00	8.112238600669e-02	1.132362938968e-01
4.925725446595e-01	-2.842159289771e+00	8.063104940719e-02	1.128324563890e-01
4.927059969880e-01	-2.862998715377e+00	8.014979095097e-02	1.124267570959e-01
4.928394493166e-01	-2.885437481561e+00	7.967860639628e-02	1.120192234164e-01
4.929729016451e-01	-2.912128042500e+00	7.921748665407e-02	1.116098821510e-01
4.931063539737e-01	-2.940877290699e+00	7.876641782598e-02	1.111987595072e-01
4.932398063022e-01	-2.968324448872e+00	7.832538124412e-02	1.107858811045e-01
4.933732586308e-01	-2.997579423580e+00	7.789435351272e-02	1.103712719804e-01
4.935067109593e-01	-3.031299896692e+00	7.747330655157e-02	1.099549565958e-01
4.936401632878e-01	-3.064534793563e+00	7.706220764132e-02	1.095369588415e-01
4.937736156164e-01	-3.098594568128e+00	7.666101947047e-02	1.091173020440e-01
4.939070679449e-01	-3.132554137839e+00	7.626970018415e-02	1.086960089721e-01
4.940405202735e-01	-3.166859833633e+00	7.588820343462e-02	1.082731018443e-01
4.941739726020e-01	-3.204049041105e+00	7.551647843347e-02	1.078486023348e-01
4.943074249306e-01	-3.239700845903e+00	7.515447000551e-02	1.074225315815e-01
4.944408772591e-01	-3.271669982472e+00	7.480211864424e-02	1.069949101933e-01
4.945743295877e-01	-3.305311464364e+00	7.445936056903e-02	1.065657582576e-01
4.947077819162e-01	-3.340423008630e+00	7.412612778386e-02	1.061350953487e-01
4.948412342447e-01	-3.370855527496e+00	7.380234813759e-02	1.057029405358e-01
4.949746865733e-01	-3.399282801862e+00	7.348794538580e-02	1.052693123914e-01
4.951081389018e-01	-3.428337803954e+00	7.318283925419e-02	1.048342290004e-01
4.952415912304e-01	-3.457830035172e+00	7.288694550332e-02	1.043977079689e-01
4.953750435589e-01	-3.483817228129e+00	7.260017599497e-02	1.039597664334e-01
4.955084958875e-01	-3.505781972676e+00	7.232243875977e-02	1.035204210705e-01
4.956419482160e-01	-3.530608284523e+00	7.205363806634e-02	1.030796881065e-01
4.957754005446e-01	-3.555521100507e+00	7.179367449167e-02	1.026375833278e-01
4.959088528731e-01	-3.577231547885e+00	7.154244499293e-02	1.021941220909e-01
4.960423052017e-01	-3.600469438040e+00	7.129984298051e-02	1.017493193330e-01
4.961757575302e-01	-3.627927251927e+00	7.106575839230e-02	1.013031895829e-01
4.963092098587e-01	-3.654165368251e+00	7.084007776929e-02	1.008557469722e-01
4.964426621873e-01	-3.680672515468e+00	7.062268433226e-02	1.004070052465e-01
4.965761145158e-01	-3.714083026548e+00	7.041345805967e-02	9.995697777716e-02
4.967095668444e-01	-3.752451684633e+00	7.021227576666e-02	9.950567757311e-02
4.968430191729e-01	-3.793690589616e+00	7.001901118517e-02	9.905311729303e-02
4.969764715015e-01	-3.839152653157e+00	6.983353504509e-02	9.859930925776e-02
4.971099238300e-01	-3.894311143675e+00	6.965571515638e-02	9.814426546298e-02
4.972433761586e-01	-3.956216600616e+00	6.948541649227e-02	9.768799759215e-02
4.973768284871e-01	-4.022533634254e+00	6.932250127329e-02	9.723051702968e-02
4.975102808156e-01	-4.097771335668e+00	6.916682905233e-02	9.677183487444e-02
4.976437331442e-01	-4.183352979354e+00	6.901825680043e-02	9.631196195341e-02
4.977771854727e-01	-4.275028552391e+00	6.887663899352e-02	9.585090883565e-02
4.979106378013e-01	-4.372190126347e+00	6.874182769989e-02	9.538868584655e-02
4.980440901298e-01	-4.481672236807e+00	6.861367266847e-02	9.492530308227e-02
4.981775424584e-01	-4.597358080444e+00	6.849202141771e-02	9.446077042445e-02
4.983109947869e-01	-4.714731907644e+00	6.837671932532e-02	9.399509755516e-02
4.984444471155e-01	-4.839755407399e+00	6.826760971847e-02	9.352829397214e-02
4.985778994440e-01	-4.974583095960e+00	6.816453396474e-02	9.306036900419e-02
4.987113517726e-01	-5.110124830276e+00	6.806733156351e-02	9.259133182687e-02
4.988448041011e-01	-5.245063422950e+00	6.797584023797e-02	9.212119147839e-02
4.989782564296e-01	-5.387057341496e+00	6.788989602757e-02	9.164995687577e-02
4.991117087582e-01	-5.528833220872e+00	6.780933338089e-02	9.117763683118e-02
4.992451610867e-01	-5.669476539685e+00	6.773398524900e-02	9.070424006852e-02
4.993786134153e-01	-5.810753208727e+00	6.766368317907e-02	9.022977524023e-02
4.995120657438e-01	-5.951388203522e+00	6.759825740841e-02	8.975425094426e-02
4.996455180724e-01	-6.089080274344e+00	6.753753695874e-02	8.927767574132e-02
4.997789704009e-01	-6.222115706554e+00	6.748134973072e-02	8.880005817229e-02
4.999124227295e-01	-6.354270697989e+00	6.742952259867e-02	8.832140677580e-02
5.000458750580e-01	-6.482893469993e+00	6.738188150551e-02	8.784173010605e-02
5.001793273865e-01	-6.605430010806e+00	6.733825155772e-02	8.736103675079e-02
5.003127797151e-01	-6.722736268821e+00	6.729845712054e-02	8.687933534946e-02
5.004462320436e-01	-6.839176556146e+00	6.726232191306e-02	8.639663461154e-02
5.005796843722e-01	-6.948809602490e+00	6.722966910340e-02	8.591294333505e-02
5.007131367007e-01	-7.049727860500e+00	6.720032140386e-02	8.542827042515e-02
5.008465890293e-01	-7.148884928616e+00	6.717410116597e-02	8.494262491302e-02
5.009800413578e-01	-7.241487036526e+00	6.715083047543e-02	8.445601597473e-02
5.011134936864e-01	-7.327891011056e+00	6.713033124691e-02	8.396845295036e-02
5.012469460149e-01	-7.408966268842e+00	6.711242531862e-02	8.347994536320e-02
5.013803983435e-01	-7.483104931267e+00	6.709693454673e-02	8.299050293905e-02
5.015138506720e-01	-7.549834191356e+00	6.708368089942e-02	8.250013562571e-02
5.016473030005e-01	-7.610151052086e+00	6.707248655067e-02	8.200885361243e-02
5.017807553291e-01	-7.663842092710e+00	6.706317397373e-02	8.151666734963e-02
5.019142076576e-01	-7.710353376350e+00	6.705556603415e-02	8.102358756855e-02
5.020476599862e-01	-7.749429243258e+00	6.704948608237e-02	8.052962530106e-02
5.021811123147e-01	-7.777993063411e+00	6.704475804594e-02	8.003479189954e-02
5.023145646433e-01	-7.800421252461e+00	6.704120652112e-02	7.953909905670e-02
5.024480169718e-01	-7.816117602937e+00	6.703865686404e-02	7.904255882566e-02
5.025814693004e-01	-7.821313323500e+00	6.703693528121e-02	7.854518363981e-02
5.027149216289e-01	-7.816084708494e+00	6.703586891942e-02	7.804698633291e-02
5.028483739574e-01	-7.804474920993e+00	6.703528595507e-02	7.754798015909e-02
5.029818262860e-01	-7.786132087447e+00	6.703501568271e-02	7.704817881285e-02
5.031152786145e-01	-7.755130883569e+00	6.703488860287e-02	7.654759644911e-02
5.032487309431e-01	-7.718628175696e+00	6.703473650924e-02	7.604624770321e-02
5.033821832716e-01	-7.675136269197e+00	6.703439257486e-02	7.554414771086e-02
5.035156356002e-01	-7.619498108794e+00	6.703369143766e-02	7.504131212810e-02
5.036490879287e-01	-7.558183834854e+00	6.703246928506e-02	7.453775715111e-02
5.037825402573e-01	-7.495426630135e+00	6.703056393759e-02	7.403349953610e-02
5.039159925858e-01	-7.424372899395e+00	6.702781493174e-02	7.352855661896e-02
5.040494449144e-01	-7.342892306291e+00	6.702406360171e-02	7.302294633494e-02
5.041828972429e-01	-7.261420609162e+00	6.701915316019e-02	7.251668723817e-02
5.043163495714e-01	-7.176656259068e+00	6.701292877814e-02	7.200979852110e-02
5.044498019000e-01	-7.088586932836e+00	6.700523766345e-02	7.150230003373e-02
5.045832542285e-01	-6.998800681139e+00	6.699592913854e-02	7.099421230282e-02
5.047167065571e-01	-6.905123753920e+00	6.698485471683e-02	7.048555655086e-02
5.048501588856e-01	-6.814129466612e+00	6.697186817798e-02	6.997635471486e-02
5.049836112142e-01	-6.723434643847e+00	6.695682564207e-02	6.946662946506e-02
5.051170635427e-01	-6.631710898427e+00	6.693958564239e-02	6.895640422331e-02
5.052505158713e-01	-6.543417482141e+00	6.692000919713e-02	6.844570318137e-02
5.053839681998e-01	-6.458173313556e+00	6.689795987971e-02	6.793455131889e-02
5.055174205283e-01	-6.371686645305e+00	6.687330388781e-02	6.742297442120e-02
5.056508728569e-01	-6.290296825538e+00	6.684591011107e-02	6.691099909688e-02
5.057843251854e-01	-6.214268879051e+00	6.681565019741e-02	6.639865279497e-02
5.059177775140e-01	-6.136385586036e+00	6.678239861803e-02	6.588596382203e-02
5.060512298425e-01	-6.062992802598e+00	6.674603273087e-02	6.537296135881e-02
5.061846821711e-01	-5.992477847772e+00	6.670643284275e-02	6.485967547666e-02
5.063181344996e-01	-5.923438446315e+00	6.666348226998e-02	6.434613715362e-02
5.064515868282e-01	-5.858630749030e+00	6.661706739746e-02	6.383237829018e-02
5.065850391567e-01	-5.792598638522e+00	6.656707773634e-02	6.331843172466e-02
5.067184914853e-01	-5.725211807584e+00	6.651340598007e-02	6.280433124828e-02
5.068519438138e-01	-5.660684173966e+00	6.645594805893e-02	6.229011161982e-02
5.069853961423e-01	-5.595965317627e+00	6.639460319296e-02	6.177580857993e-02
5.071188484709e-01	-5.528941865634e+00	6.632927394332e-02	6.126145886497e-02
5.072523007994e-01	-5.462596077288e+00	6.625986626196e-02	6.074710022050e-02
5.073857531280e-01	-5.389522665345e+00	6.618628953975e-02	6.023277141435e-02
5.075192054565e-01	-5.312542584594e+00	6.610845665283e-02	5.971851224916e-02
5.076526577851e-01	-5.239215447705e+00	6.602628400740e-02	5.920436357454e-02
5.077861101136e-01	-5.160663319244e+00	6.593969158271e-02	5.869036729875e-02
5.079195624422e-01	-5.073743856311e+00	6.584860297241e-02	5.817656639987e-02
5.080530147707e-01	-4.986605797251e+00	6.575294542411e-02	5.766300493649e-02
5.081864670992e-01	-4.897597626162e+00	6.565264987727e-02	5.714972805790e-02
5.083199194278e-01	-4.798573636016e+00	6.554765099927e-02	5.663678201369e-02
5.084533717563e-01	-4.700591331156e+00	6.543788721969e-02	5.612421416294e-02
5.085868240849e-01	-4.603405518956e+00	6.532330076289e-02	5.561207298272e-02
5.087202764134e-01	-4.496552368131e+00	6.520383767872e-02	5.510040807612e-02
5.088537287420e-01	-4.388640123701e+00	6.507944787139e-02	5.458927017969e-02
5.089871810705e-01	-4.281986181147e+00	6.495008512664e-02	5.407871117023e-02
5.091206333991e-01	-4.174985599821e+00	6.481570713694e-02	5.356878407109e-02
5.092540857276e-01	-4.066259635283e+00	6.467627552494e-02	5.305954305773e-02
5.093875380561e-01	-3.953457756916e+00	6.453175586502e-02	5.255104346279e-02
5.095209903847e-01	-3.843582549884e+00	6.438211770301e-02	5.204334178041e-02
5.096544427132e-01	-3.740506506829e+00	6.422733457402e-02	5.153649566995e-02
5.097878950418e-01	-3.633057722388e+00	6.406738401844e-02	5.103056395908e-02
5.099213473703e-01	-3.524571324128e+00	6.390224759598e-02	5.052560664615e-02
5.100547996989e-01	-3.426799222398e+00	6.373191089793e-02	5.002168490190e-02
5.101882520274e-01	-3.325200172820e+00	6.355636355744e-02	4.951886107048e-02
5.103217043560e-01	-3.220283803659e+00	6.337559925797e-02	4.901719866980e-02
5.104551566845e-01	-3.127871911131e+00	6.318961573982e-02	4.851676239109e-02
5.105886090131e-01	-3.038190545799e+00	6.299841480476e-02	4.801761809784e-02
5.107220613416e-01	-2.940032010623e+00	6.280200231880e-02	4.751983282391e-02
5.108555136701e-01	-2.846242886753e+00	6.260038821301e-02	4.702347477102e-02
5.109889659987e-01	-2.761382812962e+00	6.239358648245e-02	4.652861330535e-02
5.111224183272e-01	-2.670475247165e+00	6.218161518329e-02	4.603531895351e-02
5.112558706558e-01	-2.581129916598e+00	6.196449642789e-02	4.554366339768e-02
5.113893229843e-01	-2.498184830436e+00	6.174225637813e-02	4.505371946999e-02
5.115227753129e-01	-2.410448441585e+00	6.151492523676e-02	4.456556114615e-02
5.116562276414e-01	-2.322979803822e+00	6.128253723690e-02	4.407926353826e-02
5.117896799700e-01	-2.239639519356e+00	6.104513062966e-02	4.359490288681e-02
5.119231322985e-01	-2.155059775867e+00	6.080274766990e-02	4.311255655197e-02
5.120565846270e-01	-2.071039495826e+00	6.055543460009e-02	4.263230300400e-02
5.121900369556e-01	-1.990487253644e+00	6.030324163237e-02	4.215422181283e-02
5.123234892841e-01	-1.908252779079e+00	6.004622292867e-02	4.167839363694e-02
5.124569416127e-01	-1.826931863306e+00	5.978443657906e-02	4.120490021128e-02
5.125903939412e-01	-1.750335511369e+00	5.951794457829e-02	4.073382433448e-02
5.127238462698e-01	-1.674153077437e+00	5.924681280039e-02	4.026524985519e-02
5.128572985983e-01	-1.600273623957e+00	5.897111097160e-02	3.979926165755e-02
5.129907509269e-01	-1.529034456042e+00	5.869091264140e-02	3.933594564591e-02
5.131242032554e-01	-1.458808364655e+00	5.840629515178e-02	3.887538872869e-02
5.132576555840e-01	-1.393011404611e+00	5.811733960479e-02	3.841767880132e-02
5.133911079125e-01	-1.331206676495e+00	5.782413082823e-02	3.796290472847e-02
5.135245602410e-01	-1.268425350409e+00	5.752675733969e-02	3.751115632538e-02
5.136580125696e-01	-1.208360520975e+00	5.722531130879e-02	3.706252433831e-02
5.137914648981e-01	-1.153934681947e+00	5.691988851776e-02	3.661710042424e-02
5.139249172267e-01	-1.098489603378e+00	5.661058832028e-02	3.617497712965e-02
5.140583695552e-01	-1.043382644072e+00	5.629751359867e-02	3.573624786853e-02
5.141918218838e-01	-9.918262697181e-01	5.598077071937e-02	3.530100689950e-02
5.143252742123e-01	-9.397143739392e-01	5.566046948687e-02	3.486934930211e-02
5.144587265409e-01	-8.866618844433e-01	5.533672309592e-02	3.444137095235e-02
5.145921788694e-01	-8.337884252764e-01	5.500964808219e-02	3.401716849726e-02
5.147256311979e-01	-7.788295843782e-01	5.467936427129e-02	3.359683932874e-02
5.148590835265e-01	-7.240455563144e-01	5.434599472634e-02	3.318048155663e-02
5.149925358550e-01	-6.680895565821e-01	5.400966569388e-02	3.276819398078e-02
5.151259881836e-01	-6.066290901589e-01	5.367050654832e-02	3.236007606252e-02
5.152594405121e-01	-5.449203383467e-01	5.332864973488e-02	3.195622789515e-02
5.153928928407e-01	-4.829356158769e-01	5.298423071109e-02	3.155675017377e-02
5.155263451692e-01	-4.160232918753e-01	5.263738788680e-02	3.116174416418e-02
5.156597974978e-01	-3.481232921323e-01	5.228826256280e-02	3.077131167114e-02
5.157932498263e-01	-2.795657637491e-01	5.193699886803e-02	3.038555500572e-02
5.159267021549e-01	-2.059740046620e-01	5.158374369541e-02	3.000457695195e-02
5.160601544834e-01	-1.326021732697e-01	5.122864663636e-02	2.962848073271e-02
5.161936068119e-01	-6.109696960377e-02	5.087185991396e-02	2.925736997484e-02
5.163270591405e-01	1.424161650425e-02	5.051353831490e-02	2.889134867349e-02
5.164605114690e-01	8.920198480738e-02	5.015383912003e-02	2.853052115582e-02
5.165939637976e-01	1.642311060747e-01	4.979292203385e-02	2.817499204388e-02
5.167274161261e-01	2.405829653229e-01	4.943094911265e-02	2.782486621682e-02
5.168608684547e-01	3.118914256808e-01	4.906808469158e-02	2.748024877243e-02
5.169943207832e-01	3.851680746620e-01	4.870449531049e-02	2.714124498796e-02
5.171277731118e-01	4.597269826622e-01	4.834034963879e-02	2.680796028026e-02
5.172612254403e-01	5.268935341560e-01	4.797581839903e-02	2.648050016527e-02
5.173946777688e-01	5.969134401098e-01	4.761107428965e-02	2.615897021687e-02
5.175281300974e-01	6.675746824991e-01	4.724629190656e-02	2.584347602513e-02
5.176615824259e-01	7.279209694732e-01	4.688164766378e-02	2.553412315383e-02
5.177950347545e-01	7.896638321246e-01	4.651731971314e-02	2.523101709753e-02
5.179284870830e-01	8.542211676291e-01	4.615348786307e-02	2.493426323795e-02
5.180619394116e-01	9.111161309677e-01	4.579033349646e-02	2.464396679977e-02
5.181953917401e-01	9.648486033342e-01	4.542803948771e-02	2.436023280600e-02
5.183288440687e-01	1.016643895199e+00	4.506679011897e-02	2.408316603264e-02
5.184622963972e-01	1.065007075334e+00	4.470677099552e-02	2.381287096300e-02
5.185957487258e-01	1.113058276327e+00	4.434816896052e-02	2.354945174134e-02
5.187292010543e-01	1.154961312542e+00	4.399117200894e-02	2.329301212621e-02
5.188626533828e-01	1.191435161638e+00	4.363596920089e-02	2.304365544319e-02
5.189961057114e-01	1.229497851580e+00	4.328275057426e-02	2.280148453725e-02
5.191295580399e-01	1.262324447556e+00	4.293170705676e-02	2.256660172466e-02
5.192630103685e-01	1.288363478419e+00	4.258303037745e-02	2.233910874456e-02
5.193964626970e-01	1.316524978478e+00	4.223691297763e-02	2.211910671006e-02
5.195299150256e-01	1.339904144488e+00	4.189354792133e-02	2.190669605904e-02
5.196633673541e-01	1.355229806671e+00	4.155312880530e-02	2.170197650458e-02
5.197968196827e-01	1.373090750082e+00	4.121584966856e-02	2.150504698514e-02
5.199302720112e-01	1.387407571630e+00	4.088190490164e-02	2.131600561433e-02
5.200637243397e-01	1.395404910171e+00	4.055148915536e-02	2.113494963052e-02
5.201971766683e-01	1.404013786817e+00	4.022479724941e-02	2.096197534614e-02
5.203306289968e-01	1.407096449395e+00	3.990202408057e-02	2.079717809680e-02
5.204640813254e-01	1.406502160665e+00	3.958336453078e-02	2.064065219015e-02
5.205975336539e-01	1.408974213015e+00	3.926901337494e-02	2.049249085462e-02
5.207309859825e-01	1.404635861799e+00	3.895916518859e-02	2.035278618797e-02
5.208644383110e-01	1.392888552134e+00	3.865401425546e-02	2.022162910575e-02
5.209978906396e-01	1.385530760316e+00	3.835375447494e-02	2.009910928965e-02
5.211313429681e-01	1.376044129456e+00	3.805857926955e-02	1.998531513572e-02
5.212647952967e-01	1.358415009987e+00	3.776868149228e-02	1.988033370261e-02
5.213982476252e-01	1.341480998133e+00	3.748425333415e-02	1.978425065977e-02
5.215316999537e-01	1.324920071592e+00	3.720548623163e-02	1.969715023561e-02
5.216651522823e-01	1.303914701377e+00	3.693257077439e-02	1.961911516574e-02
5.217986046108e-01	1.281350136772e+00	3.666569661301e-02	1.955022664124e-02
5.219320569394e-01	1.260044350145e+00	3.640505236696e-02	1.949056425700e-02
5.220655092679e-01	1.238733804031e+00	3.615082553286e-02	1.944020596020e-02
5.221989615965e-01	1.217168975138e+00	3.590320239287e-02	1.939922799889e-02
5.223324139250e-01	1.195541346886e+00	3.566236792349e-02	1.936770487076e-02
5.224658662536e-01	1.176731105525e+00	3.542850570467e-02	1.934570927210e-02
5.225993185821e-01	1.162526532842e+00	3.520179782926e-02	1.933331204696e-02
5.227327709106e-01	1.149686333622e+00	3.498242481293e-02	1.933058213656e-02
5.228662232392e-01	1.140094751850e+00	3.477056550449e-02	1.933758652899e-02
5.229996755677e-01	1.135670405314e+00	3.456639699675e-02	1.935439020920e-02
5.231331278963e-01	1.137721981277e+00	3.437009453786e-02	1.938105610931e-02
5.232665802248e-01	1.146509030889e+00	3.418183144325e-02	1.941764505929e-02
5.234000325534e-01	1.158576618406e+00	3.400177900813e-02	1.946421573804e-02
5.235334848819e-01	1.178197448752e+00	3.383010642068e-02	1.952082462485e-02
5.236669372105e-01	1.206971491173e+00	3.366698067586e-02	1.958752595133e-02
5.238003895390e-01	1.241488363406e+00	3.351256648996e-02	1.966437165380e-02
5.239338418676e-01	1.282939166465e+00	3.336702621591e-02	1.975141132615e-02
5.240672941961e-01	1.333142796261e+00	3.323051975929e-02	1.984869217332e-02
5.242007465246e-01	1.390264995206e+00	3.310320449528e-02	1.995625896521e-02
5.243341988532e-01	1.453400767326e+00	3.298523518635e-02	2.007415399125e-02
5.244676511817e-01	1.524716796056e+00	3.287676390090e-02	2.020241701558e-02
5.246011035103e-01	1.602664304881e+00	3.277793993280e-02	2.034108523282e-02
5.247345558388e-01	1.688209121561e+00	3.268890972185e-02	2.049019322458e-02
5.248680081674e-01	1.778695338017e+00	3.260981677532e-02	2.064977291658e-02
5.250014604959e-01	1.870483868997e+00	3.254080159040e-02	2.081985353655e-02
5.251349128245e-01	1.971794211768e+00	3.248200157776e-02	2.100046157285e-02
5.252683651530e-01	2.080911058981e+00	3.243355098621e-02	2.119162073390e-02
5.254018174815e-01	2.188003859597e+00	3.239558082845e-02	2.139335190836e-02
5.255352698101e-01	2.297693113927e+00	3.236821880798e-02	2.160567312617e-02
5.256687221386e-01	2.414623129332e+00	3.235158924715e-02	2.182859952047e-02
5.258021744672e-01	2.530986330333e+00	3.234581301653e-02	2.206214329031e-02
5.259356267957e-01	2.649543993614e+00	3.235100746538e-02	2.230631366441e-02
5.260690791243e-01	2.772011899381e+00	3.236728635350e-02	2.256111686571e-02
5.262025314528e-01	2.890243809748e+00	3.239475978435e-02	2.282655607695e-02
5.263359837814e-01	3.010919082711e+00	3.243353413946e-02	2.310263140725e-02
5.264694361099e-01	3.132753939017e+00	3.248371201425e-02	2.338933985965e-02
5.266028884385e-01	3.249608297447e+00	3.254539215522e-02	2.368667529972e-02
5.267363407670e-01	3.370582409509e+00	3.261866939855e-02	2.399462842518e-02
5.268697930955e-01	3.490157191690e+00	3.270363461012e-02	2.431318673667e-02
5.270032454241e-01	3.599965080472e+00	3.280037462704e-02	2.464233450953e-02
5.271366977526e-01	3.712161597571e+00	3.290897220065e-02	2.498205276682e-02
5.272701500812e-01	3.826723308426e+00	3.302950594100e-02	2.533231925339e-02
5.274036024097e-01	3.931021874814e+00	3.316205026294e-02	2.569310841114e-02
5.275370547383e-01	4.032265604852e+00	3.330667533375e-02	2.606439135554e-02
5.276705070668e-01	4.134619339685e+00	3.346344702230e-02	2.644613585327e-02
5.278039593954e-01	4.229359864901e+00	3.363242684994e-02	2.683830630115e-02
5.279374117239e-01	4.316718651123e+00	3.381367194289e-02	2.724086370630e-02
5.280708640524e-01	4.402897063243e+00	3.400723498641e-02	2.765376566761e-02
5.282043163810e-01	4.486994944294e+00	3.421316418054e-02	2.807696635842e-02
5.283377687095e-01	4.560667062282e+00	3.443150319762e-02	2.851041651062e-02
5.284712210381e-01	4.625736374278e+00	3.466229114146e-02	2.895406339999e-02
5.286046733666e-01	4.691307426470e+00	3.490556250830e-02	2.940785083292e-02
5.287381256952e-01	4.751323693468e+00	3.516134714947e-02	2.987171913452e-02
5.288715780237e-01	4.797278800364e+00	3.542967023588e-02	3.034560513804e-02
5.290050303523e-01	4.843614443547e+00	3.571055222422e-02	3.082944217576e-02
5.291384826808e-01	4.887493205012e+00	3.600400882507e-02	3.132316007124e-02
5.292719350094e-01	4.913801715898e+00	3.631005097271e-02	3.182668513300e-02
5.294053873379e-01	4.939996513817e+00	3.662868479686e-02	3.233994014967e-02
5.295388396664e-01	4.965392594998e+00	3.695991159621e-02	3.286284438656e-02
5.296722919950e-01	4.977963501214e+00	3.730372781384e-02	3.339531358371e-02
5.298057443235e-01	4.989985783348e+00	3.766012501451e-02	3.393725995538e-02
5.299391966521e-01	4.997135204138e+00	3.802908986384e-02	3.448859219110e-02
5.300726489806e-01	4.993750717824e+00	3.841060410935e-02	3.504921545813e-02
5.302061013092e-01	4.994086893676e+00	3.880464456346e-02	3.561903140550e-02
5.303395536377e-01	4.991235936482e+00	3.921118308841e-02	3.619793816952e-02
5.304730059663e-01	4.977655134862e+00	3.963018658302e-02	3.678583038084e-02
5.306064582948e-01	4.968327425294e+00	4.006161697152e-02	3.738259917302e-02
5.307399106233e-01	4.954701891271e+00	4.050543119420e-02	3.798813219265e-02
5.308733629519e-01	4.935718254042e+00	4.096158120010e-02	3.860231361105e-02
5.310068152804e-01	4.923131673950e+00	4.143001394157e-02	3.922502413742e-02
5.311402676090e-01	4.902415807726e+00	4.191067137088e-02	3.985614103369e-02
5.312737199375e-01	4.878107934947e+00	4.240349043874e-02	4.049553813078e-02
5.314071722661e-01	4.860207997911e+00	4.290840309480e-02	4.114308584656e-02
5.315406245946e-01	4.836216806469e+00	4.342533629012e-02	4.179865120522e-02
5.316740769232e-01	4.808921408325e+00	4.395421198164e-02	4.246209785840e-02
5.318075292517e-01	4.783932831548e+00	4.449494713860e-02	4.313328610770e-02
5.319409815802e-01	4.753436726298e+00	4.504745375090e-02	4.381207292887e-02
5.320744339088e-01	4.721748043144e+00	4.561163883956e-02	4.449831199751e-02
5.322078862373e-01	4.688677023216e+00	4.618740446901e-02	4.519185371640e-02
5.323413385659e-01	4.647276069788e+00	4.677464776146e-02	4.589254524433e-02
5.324747908944e-01	4.607765091922e+00	4.737326091317e-02	4.660023052648e-02
5.326082432230e-01	4.564305395194e+00	4.798313121276e-02	4.731475032645e-02
5.327416955515e-01	4.511213240720e+00	4.860414106140e-02	4.803594225971e-02
5.328751478801e-01	4.459058001255e+00	4.923616799507e-02	4.876364082870e-02
5.330086002086e-01	4.401895770632e+00	4.987908470867e-02	4.949767745943e-02
5.331420525372e-01	4.337952496033e+00	5.053275908211e-02	5.023788053959e-02
5.332755048657e-01	4.272380264442e+00	5.119705420842e-02	5.098407545820e-02
5.334089571942e-01	4.200330787409e+00	5.187182842365e-02	5.173608464684e-02
5.335424095228e-01	4.123199438936e+00	5.255693533883e-02	5.249372762222e-02
5.336758618513e-01	4.045669651574e+00	5.325222387379e-02	5.325682103046e-02
5.338093141799e-01	3.961476917214e+00	5.395753829286e-02	5.402517869266e-02
5.339427665084e-01	3.873299009370e+00	5.467271824252e-02	5.479861165205e-02
5.340762188370e-01	3.783334802996e+00	5.539759879091e-02	5.557692822259e-02
5.342096711655e-01	3.685695120240e+00	5.613201046921e-02	5.635993403897e-02
5.343431234941e-01	3.589750619420e+00	5.687577931488e-02	5.714743210808e-02
5.344765758226e-01	3.491992890076e+00	5.762872691678e-02	5.793922286191e-02
5.346100281511e-01	3.384845503923e+00	5.839067046206e-02	5.873510421176e-02
5.347434804797e-01	3.280910640580e+00	5.916142278489e-02	5.953487160394e-02
5.348769328082e-01	3.176261124483e+00	5.994079241707e-02	6.033831807681e-02
5.350103851368e-01	3.063881660275e+00	6.072858364028e-02	6.114523431909e-02
5.351438374653e-01	2.955679390655e+00	6.152459654023e-02	6.195540872961e-02
5.352772897939e-01	2.849234946105e+00	6.232862706247e-02	6.276862747827e-02
5.354107421224e-01	2.735557813110e+00	6.314046706999e-02	6.358467456838e-02
5.355441944510e-01	2.622385033672e+00	6.395990440250e-02	6.440333190018e-02
5.356776467795e-01	2.513330926499e+00	6.478672293740e-02	6.522437933563e-02
5.358110991081e-01	2.403213998596e+00	6.562070265245e-02	6.604759476451e-02
5.359445514366e-01	2.290297995747e+00	6.646161969008e-02	6.687275417156e-02
5.360780037651e-01	2.177393650088e+00	6.730924642331e-02	6.769963170490e-02
5.362114560937e-01	2.067243389361e+00	6.816335152326e-02	6.852799974560e-02
5.363449084222e-01	1.954956394032e+00	6.902370002834e-02	6.935762897832e-02
5.364783607508e-01	1.840531499808e+00	6.989005341487e-02	7.018828846311e-02
5.366118130793e-01	1.730816072244e+00	7.076216966932e-02	7.101974570820e-02
5.367452654079e-01	1.620920744683e+00	7.163980336203e-02	7.185176674392e-02
5.368787177364e-01	1.503637237281e+00	7.252270572242e-02	7.268411619758e-02
5.370121700650e-01	1.390747267079e+00	7.341062471567e-02	7.351655736934e-02
5.371456223935e-01	1.283923080272e+00	7.430330512079e-02	7.434885230907e-02
5.372790747220e-01	1.170089979568e+00	7.520048861015e-02	7.518076189409e-02
5.374125270506e-01	1.056641337893e+00	7.610191383035e-02	7.601204590786e-02
5.375459793791e-01	9.469444504310e-01	7.700731648443e-02	7.684246311945e-02
5.376794317077e-01	8.360985859944e-01	7.791642941543e-02	7.767177136396e-02
5.378128840362e-01	7.275587453465e-01	7.882898269122e-02	7.849972762365e-02
5.379463363648e-01	6.188973371063e-01	7.974470369060e-02	7.932608810985e-02
5.380797886933e-01	5.107331329503e-01	8.066331719059e-02	8.015060834565e-02
5.382132410219e-01	4.071338938602e-01	8.158454545497e-02	8.097304324922e-02
5.383466933504e-01	3.028149560225e-01	8.250810832395e-02	8.179314721791e-02
5.384801456790e-01	2.022865211811e-01	8.343372330501e-02	8.261067421280e-02
5.386135980075e-01	1.129607694104e-01	8.436110566478e-02	8.342537784405e-02
5.387470503360e-01	1.922277275995e-02	8.528996852205e-02	8.423701145668e-02
5.388805026646e-01	-7.288772984038e-02	8.622002294176e-02	8.504532821690e-02
5.390139549931e-01	-1.484236219702e-01	8.715097803006e-02	8.585008119892e-02
5.391474073217e-01	-2.237284379624e-01	8.808254103027e-02	8.665102347229e-02
5.392808596502e-01	-2.969830550349e-01	8.901441741978e-02	8.744790818951e-02
5.394143119788e-01	-3.602488450397e-01	8.994631100791e-02	8.824048867417e-02
5.395477643073e-01	-4.211913325745e-01	9.087792403455e-02	8.902851850930e-02
5.396812166359e-01	-4.767563194088e-01	9.180895726967e-02	8.981175162610e-02
5.398146689644e-01	-5.270074671567e-01	9.273911011361e-02	9.058994239288e-02
5.399481212929e-01	-5.763901234565e-01	9.366808069813e-02	9.136284570429e-02
5.400815736215e-01	-6.185381574239e-01	9.459556598818e-02	9.213021707063e-02
5.402150259500e-01	-6.608623181886e-01	9.552126188431e-02	9.289181270743e-02
5.403484782786e-01	-7.060944275495e-01	9.644486332576e-02	9.364738962500e-02
5.404819306071e-01	-7.429610151163e-01	9.736606439418e-02	9.439670571814e-02
5.406153829357e-01	-7.827012386973e-01	9.828455841783e-02	9.513951985585e-02
5.407488352642e-01	-8.260374388863e-01	9.920003807642e-02	9.587559197103e-02
5.408822875928e-01	-8.670264682789e-01	1.001121955063e-01	9.660468315006e-02
5.410157399213e-01	-9.154639565828e-01	1.010207224063e-01	9.732655572240e-02
5.411491922499e-01	-9.660710977414e-01	1.019253101437e-01	9.804097334991e-02
5.412826445784e-01	-1.017191761228e+00	1.028256498610e-01	9.874770111617e-02
5.414160969069e-01	-1.077532083199e+00	1.037214325823e-01	9.944650561538e-02
5.415495492355e-01	-1.140904007442e+00	1.046123493210e-01	1.001371550412e-01
5.416830015640e-01	-1.209247198184e+00	1.054980911868e-01	1.008194192751e-01
5.418164538926e-01	-1.286890705773e+00	1.063783494936e-01	1.014930699744e-01
5.419499062211e-01	-1.363818039714e+00	1.072528158668e-01	1.021578806604e-01
5.420833585497e-01	-1.448062508954e+00	1.081211823517e-01	1.028136268051e-01
5.422168108782e-01	-1.541730759580e+00	1.089831415215e-01	1.034600859183e-01
5.423502632068e-01	-1.636035723726e+00	1.098383865851e-01	1.040970376342e-01
5.424837155353e-01	-1.739414411788e+00	1.106866114951e-01	1.047242637966e-01
5.426171678638e-01	-1.846620828618e+00	1.115275110565e-01	1.053415485447e-01
5.427506201924e-01	-1.956681011166e+00	1.123607810339e-01	1.059486783974e-01
5.428840725209e-01	-2.079823789180e+00	1.131861182600e-01	1.065454423371e-01
5.430175248495e-01	-2.202586475905e+00	1.140032207431e-01	1.071316318932e-01
5.431509771780e-01	-2.327550269602e+00	1.148117877746e-01	1.077070412245e-01
5.432844295066e-01	-2.468663228668e+00	1.156115200365e-01	1.082714672005e-01
5.434178818351e-01	-2.608669289782e+00	1.164021197084e-01	1.088247094831e-01
5.435513341637e-01	-2.747247448990e+00	1.171832905744e-01	1.093665706058e-01
5.436847864922e-01	-2.898220870906e+00	1.179547381292e-01	1.098968560531e-01
5.438182388208e-01	-3.051280065643e+00	1.187161696846e-01	1.104153743391e-01
5.439516911493e-01	-3.207629857839e+00	1.194672944748e-01	1.109219370840e-01
5.440851434778e-01	-3.368444614373e+00	1.202078237615e-01	1.114163590907e-01
5.442185958064e-01	-3.528784678435e+00	1.209374709388e-01	1.118984584200e-01
5.443520481349e-01	-3.696733524448e+00	1.216559516374e-01	1.123680564644e-01
5.444855004635e-01	-3.866116279034e+00	1.223629838277e-01	1.128249780212e-01
5.446189527920e-01	-4.034149129569e+00	1.230582879229e-01	1.132690513645e-01
5.447524051206e-01	-4.209748369303e+00	1.237415868816e-01	1.137001083154e-01
5.448858574491e-01	-4.384117222075e+00	1.244126063087e-01	1.141179843114e-01
5.450193097777e-01	-4.556181765405e+00	1.250710745569e-01	1.145225184750e-01
5.451527621062e-01	-4.734304481288e+00	1.257167228261e-01	1.149135536799e-01
5.452862144347e-01	-4.909915035619e+00	1.263492852631e-01	1.152909366170e-01
5.454196667633e-01	-5.089065486081e+00	1.269684990600e-01	1.156545178579e-01
5.455531190918e-01	-5.272259042623e+00	1.275741045511e-01	1.160041519185e-01
5.456865714204e-01	-5.447975370239e+00	1.281658453102e-01	1.163396973195e-01
5.458200237489e-01	-5.630761270387e+00	1.287434682460e-01	1.166610166467e-01
5.459534760775e-01	-5.817144311983e+00	1.293067236962e-01	1.169679766092e-01
5.460869284060e-01	-6.000340123399e+00	1.298553655219e-01	1.172604480964e-01
5.462203807346e-01	-6.191315305453e+00	1.303891511995e-01	1.175383062330e-01
5.463538330631e-01	-6.378581777618e+00	1.309078419125e-01	1.178014304332e-01
5.464872853917e-01	-6.561847848092e+00	1.314112026413e-01	1.180497044525e-01
5.466207377202e-01	-6.756672030817e+00	1.318990022531e-01	1.182830164381e-01
5.467541900487e-01	-6.948192290365e+00	1.323710135887e-01	1.185012589783e-01
5.468876423773e-01	-7.132454638091e+00	1.328270135503e-01	1.187043291491e-01
5.470210947058e-01	-7.325946550252e+00	1.332667831859e-01	1.188921285599e-01
5.471545470344e-01	-7.513928445752e+00	1.336901077742e-01	1.190645633972e-01
5.472879993629e-01	-7.696070951517e+00	1.340967769066e-01	1.192215444668e-01
5.474214516915e-01	-7.881656001550e+00	1.344865845692e-01	1.193629872337e-01
5.475549040200e-01	-8.060029109424e+00	1.348593292223e-01	1.194888118607e-01
5.476883563486e-01	-8.236645914416e+00	1.352148138793e-01	1.195989432450e-01
5.478218086771e-01	-8.403992432037e+00	1.355528461834e-01	1.196933110530e-01
5.479552610056e-01	-8.559858346670e+00	1.358732384836e-01	1.197718497531e-01
5.480887133342e-01	-8.720554813977e+00	1.361758079083e-01	1.198344986467e-01
5.482221656627e-01	-8.869058996133e+00	1.364603764382e-01	1.198812018977e-01
5.483556179913e-01	-8.999634239880e+00	1.367267709770e-01	1.199119085594e-01
5.484890703198e-01	-9.131800630518e+00	1.369748234210e-01	1.199265725997e-01
5.486225226484e-01	-9.254389266257e+00	1.372043707264e-01	1.199251529250e-01
5.487559749769e-01	-9.361107085517e+00	1.374152549756e-01	1.199076134013e-01
5.488894273055e-01	-9.463416398107e+00	1.376073234414e-01	1.198739228735e-01
5.490228796340e-01	-9.552681953282e+00	1.377804286500e-01	1.198240551832e-01
5.491563319626e-01	-9.632167330711e+00	1.379344284414e-01	1.197579891841e-01
5.492897842911e-01	-9.703016463168e+00	1.380691860288e-01	1.196757087554e-01
5.494232366196e-01	-9.757783732960e+00	1.381845700561e-01	1.195772028135e-01
5.495566889482e-01	-9.810443640757e+00	1.382804546532e-01	1.194624653211e-01
5.496901412767e-01	-9.853458645626e+00	1.383567194898e-01	1.193314952952e-01
5.498235936053e-01	-9.878065236562e+00	1.384132498276e-01	1.191842968119e-01
5.499570459338e-01	-9.904248432944e+00	1.384499365697e-01	1.190208790104e-01
5.500904982624e-01	-9.923175724138e+00	1.384666763095e-01	1.188412560937e-01
5.502239505909e-01	-9.926611962171e+00	1.384633713762e-01	1.186454473285e-01
5.503574029195e-01	-9.931871630681e+00	1.384399298795e-01	1.184334770421e-01
5.504908552480e-01	-9.928162220570e+00	1.383962657520e-01	1.182053746178e-01
5.506243075765e-01	-9.914368732141e+00	1.383322987894e-01	1.179611744877e-01
5.507577599051e-01	-9.901626639646e+00	1.382479546890e-01	1.177009161243e-01
5.508912122336e-01	-9.879838323857e+00	1.381431650860e-01	1.174246440293e-01
5.510246645622e-01	-9.854801810893e+00	1.380178675883e-01	1.171324077205e-01
5.511581168907e-01	-9.828916341742e+00	1.378720058082e-01	1.168242617170e-01
5.512915692193e-01	-9.795545547289e+00	1.377055293937e-01	1.165002655221e-01
5.514250215478e-01	-9.763100984603e+00	1.375183940559e-01	1.161604836040e-01
5.515584738764e-01	-9.728996583557e+00	1.373105615958e-01	1.158049853749e-01
5.516919262049e-01	-9.687361027683e+00	1.370819999283e-01	1.154338451680e-01
5.518253785335e-01	-9.649249003071e+00	1.368326831042e-01	1.150471422118e-01
5.519588308620e-01	-9.608286768940e+00	1.365625913305e-01	1.146449606035e-01
5.520922831905e-01	-9.559007094424e+00	1.362717109880e-01	1.142273892795e-01
5.522257355191e-01	-9.516450668387e+00	1.359600346471e-01	1.137945219847e-01
5.523591878476e-01	-9.467588164561e+00	1.356275610818e-01	1.133464572388e-01
5.524926401762e-01	-9.413994342178e+00	1.352742952808e-01	1.128832983018e-01
5.526260925047e-01	-9.367929574794e+00	1.349002484573e-01	1.124051531366e-01
5.527595448333e-01	-9.312188982771e+00	1.345054380561e-01	1.119121343705e-01
5.528929971618e-01	-9.254990536191e+00	1.340898877587e-01	1.114043592540e-01
5.530264494904e-01	-9.201522865270e+00	1.336536274865e-01	1.108819496183e-01
5.531599018189e-01	-9.140140814245e+00	1.331966934013e-01	1.103450318306e-01
5.532933541474e-01	-9.078561641586e+00	1.327191279046e-01	1.097937367476e-01
5.534268064760e-01	-9.017367303496e+00	1.322209796336e-01	1.092281996674e-01
5.535602588045e-01	-8.952028608627e+00	1.317023034559e-01	1.086485602792e-01
5.536937111331e-01	-8.888860167539e+00	1.311631604617e-01	1.080549626116e-01
5.538271634616e-01	-8.822259298405e+00	1.306036179539e-01	1.074475549786e-01
5.539606157902e-01	-8.752968053213e+00	1.300237494362e-01	1.068264899243e-01
5.540940681187e-01	-8.691901960756e+00	1.294236345989e-01	1.061919241661e-01
5.542275204473e-01	-8.624336727704e+00	1.288033593023e-01	1.055440185350e-01
5.543609727758e-01	-8.553950997193e+00	1.281630155588e-01	1.048829379162e-01
5.544944251043e-01	-8.490339791528e+00	1.275027015119e-01	1.042088511856e-01
5.546278774329e-01	-8.418837246338e+00	1.268225214137e-01	1.035219311472e-01
5.547613297614e-01	-8.348076510135e+00	1.261225856001e-01	1.028223544668e-01
5.548947820900e-01	-8.282982449956e+00	1.254030104639e-01	1.021103016054e-01
5.550282344185e-01	-8.212037335089e+00	1.246639184258e-01	1.013859567508e-01
5.551616867471e-01	-8.140602575656e+00	1.239054379031e-01	1.006495077470e-01
5.552951390756e-01	-8.071866641220e+00	1.231277032767e-01	9.990114602358e-02
5.554285914042e-01	-8.001505451142e+00	1.223308548562e-01	9.914106652181e-02
5.555620437327e-01	-7.931604094272e+00	1.215150388418e-01	9.836946762094e-02
5.556954960613e-01	-7.857767744662e+00	1.206804072856e-01	9.758655106214e-02
5.558289483898e-01	-7.781307050734e+00	1.198271180500e-01	9.679252187152e-02
5.559624007183e-01	-7.706034282059e+00	1.189553347644e-01	9.598758828167e-02
5.560958530469e-01	-7.624777407792e+00	1.180652267795e-01	9.517196165200e-02
5.562293053754e-01	-7.544483501698e+00	1.171569691202e-01	9.434585638783e-02
5.563627577040e-01	-7.461975133694e+00	1.162307424362e-01	9.350948985820e-02
5.564962100325e-01	-7.371501506681e+00	1.152867329506e-01	9.266308231265e-02
5.566296623611e-01	-7.284104710693e+00	1.143251324066e-01	9.180685679673e-02
5.567631146896e-01	-7.193898458196e+00	1.133461380123e-01	9.094103906649e-02
5.568965670182e-01	-7.095545293357e+00	1.123499523840e-01	9.006585750193e-02
5.570300193467e-01	-6.995373947389e+00	1.113367834864e-01	8.918154301937e-02
5.571634716752e-01	-6.894113299043e+00	1.103068445728e-01	8.828832898291e-02
5.572969240038e-01	-6.789088683813e+00	1.092603541215e-01	8.738645111491e-02
5.574303763323e-01	-6.678184087483e+00	1.081975357719e-01	8.647614740561e-02
5.575638286609e-01	-6.562738474011e+00	1.071186182581e-01	8.555765802183e-02
5.576972809894e-01	-6.448396233776e+00	1.060238353404e-01	8.463122521496e-02
5.578307333180e-01	-6.330435025104e+00	1.049134257363e-01	8.369709322808e-02
5.579641856465e-01	-6.202884859842e+00	1.037876330482e-01	8.275550820241e-02
5.580976379751e-01	-6.076197268218e+00	1.026467056905e-01	8.180671808305e-02
5.582310903036e-01	-5.948827057282e+00	1.014908968147e-01	8.085097252408e-02
5.583645426322e-01	-5.812191255811e+00	1.003204642327e-01	7.988852279305e-02
5.584979949607e-01	-5.671609009352e+00	9.913567033879e-02	7.891962167491e-02
5.586314472892e-01	-5.532178540859e+00	9.793678202959e-02	7.794452337548e-02
5.587648996178e-01	-5.391693694888e+00	9.672407062297e-02	7.696348342435e-02
5.588983519463e-01	-5.245203620103e+00	9.549781177501e-02	7.597675857744e-02
5.590318042749e-01	-5.094183257185e+00	9.425828539562e-02	7.498460671914e-02
5.591652566034e-01	-4.943782407127e+00	9.300577556268e-02	7.398728676408e-02
5.592987089320e-01	-4.792096249521e+00	9.174057043472e-02	7.298505855872e-02
5.594321612605e-01	-4.635156363418e+00	9.046296216211e-02	7.197818278253e-02
5.595656135891e-01	-4.474643273772e+00	8.917324679698e-02	7.096692084911e-02
5.596990659176e-01	-4.312077957127e+00	8.787172420173e-02	6.995153480704e-02
5.598325182461e-01	-4.149060942987e+00	8.655869795615e-02	6.893228724072e-02
5.599659705747e-01	-3.983934077417e+00	8.523447526339e-02	6.790944117103e-02
5.600994229032e-01	-3.815444974383e+00	8.389936685455e-02	6.688325995608e-02
5.602328752318e-01	-3.650205335253e+00	8.255368689210e-02	6.585400719187e-02
5.603663275603e-01	-3.483905018607e+00	8.119775287213e-02	6.482194661310e-02
5.604997798889e-01	-3.312396519883e+00	7.983188552537e-02	6.378734199404e-02
5.606332322174e-01	-3.142312805601e+00	7.845640871720e-02	6.275045704958e-02
5.607666845460e-01	-2.975037257167e+00	7.707164934648e-02	6.171155533650e-02
5.609001368745e-01	-2.807200181264e+00	7.567793724337e-02	6.067090015491e-02
5.610335892031e-01	-2.637790060067e+00	7.427560506614e-02	5.962875445004e-02
5.611670415316e-01	-2.470116203800e+00	7.286498819704e-02	5.858538071440e-02
5.613004938601e-01	-2.305760214824e+00	7.144642463713e-02	5.754104089020e-02
5.614339461887e-01	-2.143854862878e+00	7.002025490031e-02	5.649599627229e-02
5.615673985172e-01	-1.980339623408e+00	6.858682190648e-02	5.545050741154e-02
5.617008508458e-01	-1.817916632504e+00	6.714647087378e-02	5.440483401873e-02
5.618343031743e-01	-1.655948749866e+00	6.569954921019e-02	5.335923486896e-02
5.619677555029e-01	-1.487432900464e+00	6.424640640421e-02	5.231396770668e-02
5.621012078314e-01	-1.318763218091e+00	6.278739391502e-02	5.126928915140e-02
5.622346601600e-01	-1.149616809213e+00	6.132286506181e-02	5.022545460398e-02
5.623681124885e-01	-9.727612417357e-01	5.985317491256e-02	4.918271815374e-02
5.625015648170e-01	-7.909206536929e-01	5.837868017224e-02	4.814133248627e-02
5.626350171456e-01	-6.046092193439e-01	5.689973907038e-02	4.710154879206e-02
5.627684694741e-01	-4.123952298013e-01	5.541671124823e-02	4.606361667600e-02
5.629019218027e-01	-2.201232522026e-01	5.392995764538e-02	4.502778406771e-02
5.630353741312e-01	-2.090059875700e-02	5.243984038595e-02	4.399429713289e-02
5.631688264598e-01	1.850500980780e-01	5.094672266445e-02	4.296340018549e-02
5.633022787883e-01	3.824934089543e-01	4.945096863124e-02	4.193533560102e-02
5.634357311169e-01	5.804061050652e-01	4.795294327766e-02	4.091034373082e-02
5.635691834454e-01	7.761412626312e-01	4.645301232096e-02	3.988866281748e-02
5.637026357740e-01	9.618132982130e-01	4.495154208895e-02	3.887052891124e-02
5.638360881025e-01	1.142713336097e+00	4.344889940451e-02	3.785617578771e-02
5.639695404310e-01	1.312089516079e+00	4.194545146986e-02	3.684583486668e-02
5.641029927596e-01	1.473860850574e+00	4.044156575090e-02	3.583973513216e-02
5.642364450881e-01	1.629571889572e+00	3.893760986127e-02	3.483810305368e-02
5.643698974167e-01	1.774356550421e+00	3.743395144659e-02	3.384116250894e-02
5.645033497452e-01	1.915428927963e+00	3.593095806857e-02	3.284913470769e-02
5.646368020738e-01	2.055373193236e+00	3.442899708928e-02	3.186223811704e-02
5.647702544023e-01	2.192453567231e+00	3.292843555546e-02	3.088068838815e-02
5.649037067309e-01	2.328485944918e+00	3.142964008304e-02	2.990469828431e-02
5.650371590594e-01	2.466221149834e+00	2.993297674174e-02	2.893447761050e-02
5.651706113879e-01	2.610245562243e+00	2.843881094000e-02	2.797023314445e-02
5.653040637165e-01	2.757526998191e+00	2.694750731014e-02	2.701216856913e-02
5.654375160450e-01	2.901257226245e+00	2.545942959380e-02	2.606048440692e-02
5.655709683736e-01	3.046875058664e+00	2.397494052775e-02	2.511537795518e-02
5.657044207021e-01	3.189192898856e+00	2.249440173010e-02	2.417704322356e-02
5.658378730307e-01	3.320945728026e+00	2.101817358692e-02	2.324567087285e-02
5.659713253592e-01	3.445462867934e+00	1.954661513932e-02	2.232144815549e-02
5.661047776878e-01	3.555305267947e+00	1.808008397110e-02	2.140455885779e-02
5.662382300163e-01	3.653414363899e+00	1.661893609682e-02	2.049518324374e-02
5.663716823449e-01	3.740859413967e+00	1.516352585061e-02	1.959349800068e-02
5.665051346734e-01	3.812961427104e+00	1.371420577551e-02	1.869967618659e-02
5.666385870019e-01	3.884617851694e+00	1.227132651347e-02	1.781388717919e-02
5.667720393305e-01	3.951179631402e+00	1.083523669614e-02	1.693629662681e-02
5.669054916590e-01	4.007317694075e+00	9.406282836310e-03	1.606706640107e-02
5.670389439876e-01	4.073748663901e+00	7.984809220176e-03	1.520635455135e-02
5.671723963161e-01	4.146437669476e+00	6.571157800424e-03	1.435431526111e-02
5.673058486447e-01	4.220620192145e+00	5.165668090164e-03	1.351109880606e-02
5.674393009732e-01	4.304517354286e+00	3.768677057754e-03	1.267685151419e-02
5.675727533018e-01	4.389889444668e+00	2.380519022564e-03	1.185171572768e-02
5.677062056303e-01	4.477681755653e+00	1.001525551703e-03	1.103582976669e-02
5.678396579588e-01	4.564827629214e+00	-3.679746422550e-04	1.022932789511e-02
5.679731102874e-01	4.639779016960e+00	-1.727655802495e-03	9.432340288156e-03
5.681065626159e-01	4.705448516864e+00	-3.077195228120e-03	8.644993001915e-03
5.682400149445e-01	4.754454170578e+00	-4.416273373202e-03	7.867407944869e-03
5.683734672730e-01	4.784637303641e+00	-5.744573944677e-03	7.099702851319e-03
5.685069196016e-01	4.806543250561e+00	-7.061783999073e-03	6.341991256777e-03
5.686403719301e-01	4.815106900565e+00	-8.367594038024e-03	5.594382475328e-03
5.687738242587e-01	4.817129266862e+00	-9.661698102536e-03	4.856981578951e-03
5.689072765872e-01	4.822982456069e+00	-1.094379386598e-02	4.129889378813e-03
5.690407289158e-01	4.826784543949e+00	-1.221358272577e-02	3.413202408539e-03
5.691741812443e-01	4.841141972104e+00	-1.347076989371e-02	2.707012909465e-03
5.693076335728e-01	4.868930893090e+00	-1.471506448496e-02	2.011408817871e-03
5.694410859014e-01	4.897408743537e+00	-1.594617960558e-02	1.326473754186e-03
5.695745382299e-01	4.934919211794e+00	-1.716383243871e-02	6.522870141922e-04
5.697079905585e-01	4.977202268780e+00	-1.836774432918e-02	-1.107643780139e-05
5.698414428870e-01	5.012444234191e+00	-1.955764086675e-02	-6.635459738069e-04
5.699748952156e-01	5.041800004305e+00	-2.073325196771e-02	-1.305055305019e-03
5.701083475441e-01	5.058374223224e+00	-2.189431195503e-02	-1.935542482712e-03
5.702417998727e-01	5.062391292116e+00	-2.304055963688e-02	-2.554949897173e-03
5.703752522012e-01	5.058155320790e+00	-2.417173838356e-02	-3.163224274659e-03
5.705087045297e-01	5.039127048425e+00	-2.528759620284e-02	-3.760316672409e-03
5.706421568583e-01	5.016913006219e+00	-2.638788581356e-02	-4.346182471713e-03
5.707756091868e-01	5.004541857240e+00	-2.747236471766e-02	-4.920781369023e-03
5.709090615154e-01	4.994802221190e+00	-2.854079527040e-02	-5.484077365159e-03
5.710425138439e-01	4.997045587957e+00	-2.959294474898e-02	-6.036038752575e-03
5.711759661725e-01	5.018145145945e+00	-3.062858541926e-02	-6.576638100731e-03
5.713094185010e-01	5.046258010467e+00	-3.164749460087e-02	-7.105852239559e-03
5.714428708296e-01	5.082480620057e+00	-3.264945473039e-02	-7.623662241060e-03
5.715763231581e-01	5.122993778769e+00	-3.363425342283e-02	-8.130053399017e-03
5.717097754867e-01	5.156431108351e+00	-3.460168353116e-02	-8.625015206870e-03
5.718432278152e-01	5.182375595636e+00	-3.555154320414e-02	-9.108541333741e-03
5.719766801437e-01	5.194679320343e+00	-3.648363594211e-02	-9.580629598650e-03
5.721101324723e-01	5.191405750578e+00	-3.739777065104e-02	-1.004128194292e-02
5.722435848008e-01	5.182350084432e+00	-3.829376169456e-02	-1.049050440080e-02
5.723770371294e-01	5.165028705454e+00	-3.917142894415e-02	-1.092830706832e-02
5.725104894579e-01	5.145917076826e+00	-4.003059782736e-02	-1.135470407041e-02
5.726439417865e-01	5.139007690688e+00	-4.087109937406e-02	-1.176971352630e-02
5.727773941150e-01	5.139726848452e+00	-4.169277026074e-02	-1.217335751320e-02
5.729108464436e-01	5.153040859457e+00	-4.249545285285e-02	-1.256566202827e-02
5.730442987721e-01	5.183397938416e+00	-4.327899524509e-02	-1.294665694904e-02
5.731777511006e-01	5.220125401955e+00	-4.404325129978e-02	-1.331637599210e-02
5.733112034292e-01	5.257763951298e+00	-4.478808068309e-02	-1.367485667018e-02
5.734446557577e-01	5.288369462721e+00	-4.551334889938e-02	-1.402214024775e-02
5.735781080863e-01	5.305599902234e+00	-4.621892732342e-02	-1.435827169493e-02
5.737115604148e-01	5.311713443294e+00	-4.690469323053e-02	-1.468329963998e-02
5.738450127434e-01	5.302183937404e+00	-4.757052982479e-02	-1.499727632024e-02
5.739784650719e-01	5.277213249217e+00	-4.821632626507e-02	-1.530025753160e-02
5.741119174005e-01	5.250080949200e+00	-4.884197768902e-02	-1.559230257651e-02
5.742453697290e-01	5.225925113229e+00	-4.944738523503e-02	-1.587347421068e-02
5.743788220576e-01	5.210156356431e+00	-5.003245606206e-02	-1.614383858821e-02
5.745122743861e-01	5.204609147565e+00	-5.059710336742e-02	-1.640346520556e-02
5.746457267146e-01	5.204985773820e+00	-5.114124640241e-02	-1.665242684409e-02
5.747791790432e-01	5.215796434039e+00	-5.166481048593e-02	-1.689079951132e-02
5.749126313717e-01	5.227859457264e+00	-5.216772701598e-02	-1.711866238098e-02
5.750460837003e-01	5.230589889026e+00	-5.264993347900e-02	-1.733609773180e-02
5.751795360288e-01	5.223009050802e+00	-5.311137345726e-02	-1.754319088513e-02
5.753129883574e-01	5.199522522964e+00	-5.355199663397e-02	-1.774003014138e-02
5.754464406859e-01	5.160582747080e+00	-5.397175879648e-02	-1.792670671539e-02
5.755798930145e-01	5.110416708152e+00	-5.437062183721e-02	-1.810331467069e-02
5.757133453430e-01	5.048833602932e+00	-5.474855375268e-02	-1.826995085268e-02
5.758467976715e-01	4.987786500581e+00	-5.510552864026e-02	-1.842671482084e-02
5.759802500001e-01	4.938068664168e+00	-5.544152669301e-02	-1.857370877998e-02
5.761137023286e-01	4.891636689745e+00	-5.575653419232e-02	-1.871103751050e-02
5.762471546572e-01	4.855540068765e+00	-5.605054349854e-02	-1.883880829778e-02
5.763806069857e-01	4.833435517314e+00	-5.632355303954e-02	-1.895713086070e-02
5.765140593143e-01	4.808276496124e+00	-5.657556729719e-02	-1.906611727937e-02
5.766475116428e-01	4.775373396769e+00	-5.680659679183e-02	-1.916588192199e-02
5.767809639714e-01	4.733803979008e+00	-5.701665806465e-02	-1.925654137107e-02
5.769144162999e-01	4.676889510811e+00	-5.720577365805e-02	-1.933821434884e-02
5.770478686284e-01	4.601894212016e+00	-5.737397209404e-02	-1.941102164208e-02
5.771813209570e-01	4.516631343361e+00	-5.752128785056e-02	-1.947508602623e-02
5.773147732855e-01	4.431782014994e+00	-5.764776133579e-02	-1.953053218900e-02
5.774482256141e-01	4.350694713263e+00	-5.775343886059e-02	-1.957748665336e-02
5.775816779426e-01	4.273502119359e+00	-5.783837260879e-02	-1.961607770006e-02
5.777151302712e-01	4.209048808402e+00	-5.790262060571e-02	-1.964643528966e-02
5.778485825997e-01	4.160724241585e+00	-5.794624668457e-02	-1.966869098416e-02
5.779820349283e-01	4.109325950232e+00	-5.796932045110e-02	-1.968297786817e-02
5.781154872568e-01	4.051349726726e+00	-5.797191724614e-02	-1.968943046982e-02
5.782489395854e-01	3.989205225327e+00	-5.795411810644e-02	-1.968818468130e-02
5.783823919139e-01	3.912658425388e+00	-5.791600972347e-02	-1.967937767919e-02
5.785158442424e-01	3.821147138119e+00	-5.785768440047e-02	-1.966314784445e-02
5.786492965710e-01	3.714591502455e+00	-5.777924000761e-02	-1.963963468239e-02
5.787827488995e-01	3.606199082479e+00	-5.768077993530e-02	-1.960897874234e-02
5.789162012281e-01	3.506313002442e+00	-5.756241304581e-02	-1.957132153732e-02
5.790496535566e-01	3.406227566125e+00	-5.742425362293e-02	-1.952680546358e-02
5.791831058852e-01	3.318390951455e+00	-5.726642132006e-02	-1.947557372015e-02
5.793165582137e-01	3.249833154315e+00	-5.708904110642e-02	-1.941777022841e-02
5.794500105423e-01	3.182667368508e+00	-5.689224321162e-02	-1.935353955168e-02
5.795834628708e-01	3.116749115958e+00	-5.667616306850e-02	-1.928302681498e-02
5.797169151993e-01	3.046239820962e+00	-5.644094125434e-02	-1.920637762483e-02
5.798503675279e-01	2.962488331789e+00	-5.618672343037e-02	-1.912373798931e-02
5.799838198564e-01	2.872674884129e+00	-5.591366027971e-02	-1.903525423826e-02
5.801172721850e-01	2.767939043351e+00	-5.562190744372e-02	-1.894107294387e-02
5.802507245135e-01	2.660693958859e+00	-5.531162545671e-02	-1.884134084136e-02
5.803841768421e-01	2.567433722064e+00	-5.498297967921e-02	-1.873620475020e-02
5.805176291706e-01	2.477386441564e+00	-5.463614022966e-02	-1.862581149557e-02
5.806510814992e-01	2.398533887947e+00	-5.427128191463e-02	-1.851030783029e-02
5.807845338277e-01	2.336274268751e+00	-5.388858415756e-02	-1.838984035715e-02
5.809179861563e-01	2.278864784084e+00	-5.348823092616e-02	-1.826455545182e-02
5.810514384848e-01	2.219232754699e+00	-5.307041065825e-02	-1.813459918616e-02
5.811848908133e-01	2.149488574261e+00	-5.263531618643e-02	-1.800011725218e-02
5.813183431419e-01	2.068652470698e+00	-5.218314466120e-02	-1.786125488658e-02
5.814517954704e-01	1.981470931268e+00	-5.171409747297e-02	-1.771815679593e-02
5.815852477990e-01	1.881534583569e+00	-5.122838017262e-02	-1.757096708245e-02
5.817187001275e-01	1.778878493960e+00	-5.072620239093e-02	-1.741982917061e-02
5.818521524561e-01	1.688107913922e+00	-5.020777775677e-02	-1.726488573439e-02
5.819856047846e-01	1.599083187091e+00	-4.967332381404e-02	-1.710627862532e-02
5.821190571132e-01	1.518777095101e+00	-4.912306193756e-02	-1.694414880137e-02
5.822525094417e-01	1.453021450200e+00	-4.855721724779e-02	-1.677863625664e-02
5.823859617702e-01	1.386949328007e+00	-4.797601852443e-02	-1.660987995196e-02
5.825194140988e-01	1.316634995329e+00	-4.737969811908e-02	-1.643801774633e-02
5.826528664273e-01	1.237352924307e+00	-4.676849186676e-02	-1.626318632941e-02
5.827863187559e-01	1.147911420535e+00	-4.614263899656e-02	-1.608552115488e-02
5.829197710844e-01	1.052896250109e+00	-4.550238204124e-02	-1.590515637482e-02
5.830532234130e-01	9.506064170298e-01	-4.484796674599e-02	-1.572222477520e-02
5.831866757415e-01	8.481176076588e-01	-4.417964197631e-02	-1.553685771230e-02
5.833201280701e-01	7.580727441931e-01	-4.349765962502e-02	-1.534918505033e-02
5.834535803986e-01	6.796020490751e-01	-4.280227451849e-02	-1.515933510011e-02
5.835870327272e-01	6.094660924091e-01	-4.209374432207e-02	-1.496743455893e-02
5.837204850557e-01	5.483792773818e-01	-4.137232944484e-02	-1.477360845153e-02
5.838539373842e-01	4.891012036908e-01	-4.063829294360e-02	-1.457798007232e-02
5.839873897128e-01	4.243170885309e-01	-3.989190042628e-02	-1.438067092886e-02
5.841208420413e-01	3.471977670952e-01	-3.913341995467e-02	-1.418180068646e-02
5.842542943699e-01	2.591719695520e-01	-3.836312194654e-02	-1.398148711421e-02
5.843877466984e-01	1.725658480004e-01	-3.758127907732e-02	-1.377984603219e-02
5.845211990270e-01	8.622630969246e-02	-3.678816618117e-02	-1.357699126006e-02
5.846546513555e-01	3.480258336236e-03	-3.598406015161e-02	-1.337303456696e-02
5.847881036841e-01	-6.362420726004e-02	-3.516923984173e-02	-1.316808562280e-02
5.849215560126e-01	-1.211659917175e-01	-3.434398596398e-02	-1.296225195090e-02
5.850550083411e-01	-1.725781657630e-01	-3.350858098962e-02	-1.275563888206e-02
5.851884606697e-01	-2.178795379505e-01	-3.266330904784e-02	-1.254834951003e-02
5.853219129982e-01	-2.712520755200e-01	-3.180845582459e-02	-1.234048464845e-02
5.854553653268e-01	-3.347859828526e-01	-3.094430846119e-02	-1.213214278920e-02
5.855888176553e-01	-3.996033803069e-01	-3.007115545269e-02	-1.192342006228e-02
5.857222699839e-01	-4.661088202108e-01	-2.918928654610e-02	-1.171441019714e-02
5.858557223124e-01	-5.320174209483e-01	-2.829899263848e-02	-1.150520448551e-02
5.859891746410e-01	-5.891962799911e-01	-2.740056567490e-02	-1.129589174578e-02
5.861226269695e-01	-6.346131704287e-01	-2.649429854644e-02	-1.108655828889e-02
5.862560792981e-01	-6.699987024108e-01	-2.558048498801e-02	-1.087728788579e-02
5.863895316266e-01	-6.984251006246e-01	-2.465941947638e-02	-1.066816173639e-02
5.865229839551e-01	-7.235954175262e-01	-2.373139712813e-02	-1.045925844020e-02
5.866564362837e-01	-7.479334755123e-01	-2.279671359773e-02	-1.025065396837e-02
5.867898886122e-01	-7.790411354029e-01	-2.185566497580e-02	-1.004242163753e-02
5.869233409408e-01	-8.172954611036e-01	-2.090854768747e-02	-9.834632085027e-03
5.870567932693e-01	-8.521715357077e-01	-1.995565839099e-02	-9.627353245899e-03
5.871902455979e-01	-8.840112201113e-01	-1.899729387658e-02	-9.420650331398e-03
5.873236979264e-01	-9.125856674108e-01	-1.803375096557e-02	-9.214585809141e-03
5.874571502550e-01	-9.307326133571e-01	-1.706532640982e-02	-9.009219384889e-03
5.875906025835e-01	-9.374957822363e-01	-1.609231679151e-02	-8.804607985943e-03
5.877240549120e-01	-9.390640054526e-01	-1.511501842336e-02	-8.600805746168e-03
5.878575072406e-01	-9.402383264168e-01	-1.413372724924e-02	-8.397863992656e-03
5.879909595691e-01	-9.404859279966e-01	-1.314873874524e-02	-8.195831234013e-03
5.881244118977e-01	-9.464349184342e-01	-1.216034782125e-02	-7.994753150285e-03
5.882578642262e-01	-9.602661686710e-01	-1.116884872306e-02	-7.794672584517e-03
5.883913165548e-01	-9.743172866161e-01	-1.017453493508e-02	-7.595629535944e-03
5.885247688833e-01	-9.831544081635e-01	-9.177699083582e-03	-7.397661154813e-03
5.886582212119e-01	-9.868463356756e-01	-8.178632840631e-03	-7.200801738837e-03
5.887916735404e-01	-9.881845640592e-01	-7.177626828695e-03	-7.005082731273e-03
5.889251258690e-01	-9.828539666126e-01	-6.174970525930e-03	-6.810532720621e-03
5.890585781975e-01	-9.727996448807e-01	-5.170952172227e-03	-6.617177441940e-03
5.891920305260e-01	-9.681878342676e-01	-4.165858676018e-03	-6.425039779783e-03
5.893254828546e-01	-9.719932360915e-01	-3.159975521897e-03	-6.234139772724e-03
5.894589351831e-01	-9.814751340179e-01	-2.153586679074e-03	-6.044494619493e-03
5.895923875117e-01	-9.927129532349e-01	-1.146974510692e-03	-5.856118686698e-03
5.897258398402e-01	-1.007436526992e+00	-1.404196840648e-04	-5.669023518123e-03
5.898592921688e-01	-1.027295037365e+00	8.657989181766e-04	-5.483217845610e-03
5.899927444973e-01	-1.042784430904e+00	1.871404285960e-03	-5.298707601487e-03
5.901261968259e-01	-1.051066459447e+00	2.876121368656e-03	-5.115495932553e-03
5.902596491544e-01	-1.061673126593e+00	3.879677160947e-03	-4.933583215608e-03
5.903931014829e-01	-1.077246195007e+00	4.881800787633e-03	-4.752967074494e-03
5.905265538115e-01	-1.095902340836e+00	5.882223587365e-03	-4.573642398657e-03
5.906600061400e-01	-1.116214730393e+00	6.880679195259e-03	-4.395601363210e-03
5.907934584686e-01	-1.141946159008e+00	7.876903624388e-03	-4.218833450470e-03
5.909269107971e-01	-1.174177713205e+00	8.870635346090e-03	-4.043325472971e-03
5.910603631257e-01	-1.204329774805e+00	9.861615369093e-03	-3.869061597924e-03
5.911938154542e-01	-1.231006119427e+00	1.084958731743e-02	-3.696023373111e-03
5.913272677828e-01	-1.256872092167e+00	1.183429750709e-02	-3.524189754204e-03
5.914607201113e-01	-1.283435394900e+00	1.281549502141e-02	-3.353537133470e-03
5.915941724399e-01	-1.303240586356e+00	1.379293178519e-02	-3.184039369866e-03
5.917276247684e-01	-1.318804131220e+00	1.476636263744e-02	-3.015667820495e-03
5.918610770969e-01	-1.344007225166e+00	1.573554540287e-02	-2.848391373393e-03
5.919945294255e-01	-1.370208976282e+00	1.670024096188e-02	-2.682176481645e-03
5.921279817540e-01	-1.393559745735e+00	1.766021331932e-02	-2.516987198795e-03
5.922614340826e-01	-1.416878972056e+00	1.861522967171e-02	-2.352785215530e-03
5.923948864111e-01	-1.438294161717e+00	1.956506047313e-02	-2.189529897626e-03
5.925283387397e-01	-1.457599928140e+00	2.050947949955e-02	-2.027178325114e-03
5.926617910682e-01	-1.470583341477e+00	2.144826391179e-02	-1.865685332658e-03
5.927952433968e-01	-1.482560913848e+00	2.238119431693e-02	-1.705003551121e-03
5.929286957253e-01	-1.496844245969e+00	2.330805482824e-02	-1.545083450273e-03
5.930621480538e-01	-1.507693040935e+00	2.422863312353e-02	-1.385873382651e-03
5.931956003824e-01	-1.518842115049e+00	2.514272050201e-02	-1.227319628513e-03
5.933290527109e-01	-1.533967776070e+00	2.605011193959e-02	-1.069366441874e-03
5.934625050395e-01	-1.545427053895e+00	2.695060614252e-02	-9.119560976018e-04
5.935959573680e-01	-1.553100062854e+00	2.784400559953e-02	-7.550289395324e-04
5.937294096966e-01	-1.558520979843e+00	2.873011663231e-02	-5.985234295896e-04
5.938628620251e-01	-1.560343462776e+00	2.960874944436e-02	-4.423761978727e-04
5.939963143537e-01	-1.565847895156e+00	3.047971816825e-02	-2.865220936890e-04
5.941297666822e-01	-1.570874525064e+00	3.134284091113e-02	-1.308942374965e-04
5.942632190108e-01	-1.573947664076e+00	3.219793979870e-02	2.457592626359e-05
5.943966713393e-01	-1.581397154597e+00	3.304484101742e-02	1.799585754846e-04
5.945301236678e-01	-1.582775434356e+00	3.388337485504e-02	3.353254558839e-04
5.946635759964e-01	-1.578551233769e+00	3.471337573947e-02	4.907498256978e-04
5.947970283249e-01	-1.579493415574e+00	3.553468227590e-02	6.463063996140e-04
5.949304806535e-01	-1.581247425706e+00	3.634713728223e-02	8.020712919697e-04
5.950639329820e-01	-1.581678203293e+00	3.715058782281e-02	9.581219592454e-04
5.951973853106e-01	-1.583193070521e+00	3.794488524033e-02	1.114537141893e-03
5.953308376391e-01	-1.590448433104e+00	3.872988518612e-02	1.271396805516e-03
5.954642899677e-01	-1.602160583952e+00	3.950544764859e-02	1.428782081457e-03
5.955977422962e-01	-1.605608811469e+00	4.027143697998e-02	1.586775206789e-03
5.957311946247e-01	-1.606148658597e+00	4.102772192134e-02	1.745459463786e-03
5.958646469533e-01	-1.610864715443e+00	4.177417562574e-02	1.904919118867e-03
5.959980992818e-01	-1.615429302567e+00	4.251067567973e-02	2.065239361069e-03
5.961315516104e-01	-1.619880403476e+00	4.323710412302e-02	2.226506240075e-03
5.962650039389e-01	-1.627261309378e+00	4.395334746640e-02	2.388806603826e-03
5.963984562675e-01	-1.642401917328e+00	4.465929670789e-02	2.552228035762e-03
5.965319085960e-01	-1.657547327872e+00	4.535484734714e-02	2.716858791704e-03
5.966653609246e-01	-1.664848411268e+00	4.603989939802e-02	2.882787736437e-03
5.967988132531e-01	-1.667858226323e+00	4.671435739945e-02	3.050104280005e-03
5.969322655816e-01	-1.670301211819e+00	4.737813042449e-02	3.218898313761e-03
5.970657179102e-01	-1.670603495481e+00	4.803113208765e-02	3.389260146206e-03
5.971991702387e-01	-1.662071866794e+00	4.867328055042e-02	3.561280438648e-03
5.973326225673e-01	-1.654776779860e+00	4.930449852505e-02	3.735050140715e-03
5.974660748958e-01	-1.657575083703e+00	4.992471327658e-02	3.910660425753e-03
5.975995272244e-01	-1.656563180357e+00	5.053385662312e-02	4.088202626144e-03
5.977329795529e-01	-1.647783695678e+00	5.113186493437e-02	4.267768168586e-03
5.978664318815e-01	-1.636509259458e+00	5.171867912842e-02	4.449448509346e-03
5.979998842100e-01	-1.621388246785e+00	5.229424466680e-02	4.633335069546e-03
5.981333365386e-01	-1.599248240776e+00	5.285851154780e-02	4.819519170493e-03
5.982667888671e-01	-1.565865072220e+00	5.341143429809e-02	5.008091969096e-03
5.984002411956e-01	-1.530848333746e+00	5.395297196264e-02	5.199144393411e-03
5.985336935242e-01	-1.503726743092e+00	5.448308809290e-02	5.392767078319e-03
5.986671458527e-01	-1.476547346012e+00	5.500175073334e-02	5.589050301405e-03
5.988005981813e-01	-1.448583920026e+00	5.550893240624e-02	5.788083919045e-03
5.989340505098e-01	-1.420586425680e+00	5.600461009492e-02	5.989957302736e-03
5.990675028384e-01	-1.389422774094e+00	5.648876522521e-02	6.194759275716e-03
5.992009551669e-01	-1.352455232814e+00	5.696138364531e-02	6.402578049888e-03
5.993344074955e-01	-1.304689143801e+00	5.742245560409e-02	6.613501163087e-03
5.994678598240e-01	-1.253100391781e+00	5.787197572763e-02	6.827615416722e-03
5.996013121525e-01	-1.207210650890e+00	5.830994299428e-02	7.045006813823e-03
5.997347644811e-01	-1.164829070681e+00	5.873636070813e-02	7.265760497522e-03
5.998682168096e-01	-1.124509049995e+00	5.915123647077e-02	7.489960689999e-03
6.000016691382e-01	-1.089305850909e+00	5.955458215170e-02	7.717690631923e-03
6.001351214667e-01	-1.054286897130e+00	5.994641385703e-02	7.949032522417e-03
6.002685737953e-01	-1.012227307605e+00	6.032675189673e-02	8.184067459582e-03
6.004020261238e-01	-9.598175011357e-01	6.069562075038e-02	8.422875381594e-03
6.005354784524e-01	-8.993999122754e-01	6.105304903141e-02	8.665535008424e-03
6.006689307809e-01	-8.407739250155e-01	6.139906944990e-02	8.912123784189e-03
6.008023831095e-01	-7.857767973291e-01	6.173371877389e-02	9.162717820174e-03
6.009358354380e-01	-7.350263869102e-01	6.205703778930e-02	9.417391838548e-03
6.010692877665e-01	-6.920624179300e-01	6.236907125840e-02	9.676219116805e-03
6.012027400951e-01	-6.490954847774e-01	6.266986787697e-02	9.939271432943e-03
6.013361924236e-01	-6.009927503316e-01	6.295948023001e-02	1.020661901143e-02
6.014696447522e-01	-5.488262789336e-01	6.323796474611e-02	1.047833046998e-02
6.016030970807e-01	-4.851063410656e-01	6.350538165059e-02	1.075447276710e-02
6.017365494093e-01	-4.153412557999e-01	6.376179491722e-02	1.103511115056e-02
6.018700017378e-01	-3.532310863100e-01	6.400727221876e-02	1.132030910669e-02
6.020034540664e-01	-2.958422192017e-01	6.424188487615e-02	1.161012831061e-02
6.021369063949e-01	-2.476480002930e-01	6.446570780661e-02	1.190462857732e-02
6.022703587234e-01	-2.067062262134e-01	6.467881947035e-02	1.220386781379e-02
6.024038110520e-01	-1.636305771570e-01	6.488130181630e-02	1.250790197203e-02
6.025372633805e-01	-1.186037345952e-01	6.507324022650e-02	1.281678500307e-02
6.026707157091e-01	-6.590804547456e-02	6.525472345953e-02	1.313056881203e-02
6.028041680376e-01	-7.457327037290e-03	6.542584359268e-02	1.344930321417e-02
6.029376203662e-01	5.289366593258e-02	6.558669596314e-02	1.377303589201e-02
6.030710726947e-01	1.078141981202e-01	6.573737910817e-02	1.410181235353e-02
6.032045250233e-01	1.468017012145e-01	6.587799470410e-02	1.443567589141e-02
6.033379773518e-01	1.773107552335e-01	6.600864750449e-02	1.477466754346e-02
6.034714296804e-01	2.061295012387e-01	6.612944527724e-02	1.511882605406e-02
6.036048820089e-01	2.315725857344e-01	6.624049874079e-02	1.546818783686e-02
6.037383343374e-01	2.571856059516e-01	6.634192149937e-02	1.582278693857e-02
6.038717866660e-01	2.934284939564e-01	6.643382997739e-02	1.618265500392e-02
6.040052389945e-01	3.339620504048e-01	6.651634335302e-02	1.654782124185e-02
6.041386913231e-01	3.658113230888e-01	6.658958349084e-02	1.691831239287e-02
6.042721436516e-01	3.884253559991e-01	6.665367487380e-02	1.729415269764e-02
6.044055959802e-01	3.989450528341e-01	6.670874453432e-02	1.767536386683e-02
6.045390483087e-01	3.999803173272e-01	6.675492198476e-02	1.806196505213e-02
6.046725006373e-01	3.964716071224e-01	6.679233914702e-02	1.845397281862e-02
6.048059529658e-01	3.957307697525e-01	6.682113028168e-02	1.885140111834e-02
6.049394052943e-01	4.068907311292e-01	6.684143191628e-02	1.925426126519e-02
6.050728576229e-01	4.255537119473e-01	6.685338277311e-02	1.966256191104e-02
6.052063099514e-01	4.417364100142e-01	6.685712369638e-02	2.007630902325e-02
6.053397622800e-01	4.535188249640e-01	6.685279757884e-02	2.049550586338e-02
6.054732146085e-01	4.590956387195e-01	6.684054928784e-02	2.092015296735e-02
6.056066669371e-01	4.508496345709e-01	6.682052559095e-02	2.135024812680e-02
6.057401192656e-01	4.418379197273e-01	6.679287508109e-02	2.178578637184e-02
6.058735715942e-01	4.432009462151e-01	6.675774810122e-02	2.222675995517e-02
6.060070239227e-01	4.553971743462e-01	6.671529666863e-02	2.267315833747e-02
6.061404762513e-01	4.853952662820e-01	6.666567439889e-02	2.312496817419e-02
6.062739285798e-01	5.212694159225e-01	6.660903642941e-02	2.358217330370e-02
6.064073809083e-01	5.544447199487e-01	6.654553934278e-02	2.404475473678e-02
6.065408332369e-01	5.855263139499e-01	6.647534108970e-02	2.451269064744e-02
6.066742855654e-01	6.082459205475e-01	6.639860091181e-02	2.498595636516e-02
6.068077378940e-01	6.301586088825e-01	6.631547926424e-02	2.546452436850e-02
6.069411902225e-01	6.629941400983e-01	6.622613773794e-02	2.594836428000e-02
6.070746425511e-01	7.080589594672e-01	6.613073898192e-02	2.643744286254e-02
6.072080948796e-01	7.705890350205e-01	6.602944662538e-02	2.693172401699e-02
6.073415472082e-01	8.456739582699e-01	6.592242519972e-02	2.743116878131e-02
6.074749995367e-01	9.162102063479e-01	6.580984006046e-02	2.793573533093e-02
6.076084518652e-01	9.804455520795e-01	6.569185730924e-02	2.844537898054e-02
6.077419041938e-01	1.034574418002e+00	6.556864371574e-02	2.896005218727e-02
6.078753565223e-01	1.083449063428e+00	6.544036663964e-02	2.947970455516e-02
6.080088088509e-01	1.140491966189e+00	6.530719395271e-02	3.000428284102e-02
6.081422611794e-01	1.205173398958e+00	6.516929396096e-02	3.053373096166e-02
6.082757135080e-01	1.280819649524e+00	6.502683532688e-02	3.106799000244e-02
6.084091658365e-01	1.363736763665e+00	6.487998699194e-02	3.160699822715e-02
6.085426181651e-01	1.447005346953e+00	6.472891809919e-02	3.215069108926e-02
6.086760704936e-01	1.523085734267e+00	6.457379791613e-02	3.269900124445e-02
6.088095228222e-01	1.583205639499e+00	6.441479575780e-02	3.325185856452e-02
6.089429751507e-01	1.634670250726e+00	6.425208091022e-02	3.380919015254e-02
6.090764274792e-01	1.688297458712e+00	6.408582255402e-02	3.437092035937e-02
6.092098798078e-01	1.747724773906e+00	6.391618968854e-02	3.493697080140e-02
6.093433321363e-01	1.816233293982e+00	6.374335105620e-02	3.550726037967e-02
6.094767844649e-01	1.894578328162e+00	6.356747506735e-02	3.608170530016e-02
6.096102367934e-01	1.969532016917e+00	6.338872972547e-02	3.666021909542e-02
6.097436891220e-01	2.035634226393e+00	6.320728255290e-02	3.724271264744e-02
6.098771414505e-01	2.095403510075e+00	6.302330051697e-02	3.782909421167e-02
6.100105937791e-01	2.148013884116e+00	6.283694995673e-02	3.841926944244e-02
6.101440461076e-01	2.195507596863e+00	6.264839651019e-02	3.901314141940e-02
6.102774984361e-01	2.244150907480e+00	6.245780504205e-02	3.961061067531e-02
6.104109507647e-01	2.308846957007e+00	6.226533957217e-02	4.021157522495e-02
6.105444030932e-01	2.384084576121e+00	6.207116320453e-02	4.081593059519e-02
6.106778554218e-01	2.453849050654e+00	6.187543805692e-02	4.142356985626e-02
6.108113077503e-01	2.518551467807e+00	6.167832519125e-02	4.203438365412e-02
6.109447600789e-01	2.577445941509e+00	6.147998454458e-02	4.264826024400e-02
6.110782124074e-01	2.624550426743e+00	6.128057486091e-02	4.326508552498e-02
6.112116647360e-01	2.666402598654e+00	6.108025362366e-02	4.388474307576e-02
6.113451170645e-01	2.716391738521e+00	6.087917698893e-02	4.450711419139e-02
6.114785693931e-01	2.772991115155e+00	6.067749971965e-02	4.513207792115e-02
6.116120217216e-01	2.834654680808e+00	6.047537512039e-02	4.575951110743e-02
6.117454740501e-01	2.898965892786e+00	6.027295497318e-02	4.638928842564e-02
6.118789263787e-01	2.955854965951e+00	6.007038947410e-02	4.702128242506e-02
6.120123787072e-01	2.997469951860e+00	5.986782717076e-02	4.765536357082e-02
6.121458310358e-01	3.023113659745e+00	5.966541490078e-02	4.829140028665e-02
6.122792833643e-01	3.044494144114e+00	5.946329773111e-02	4.892925899872e-02
6.124127356929e-01	3.067755320724e+00	5.926161889835e-02	4.956880418035e-02
6.125461880214e-01	3.092039183598e+00	5.906051975004e-02	5.020989839758e-02
6.126796403500e-01	3.117336712605e+00	5.886013968697e-02	5.085240235570e-02
6.128130926785e-01	3.136296979797e+00	5.866061610647e-02	5.149617494655e-02
6.129465450070e-01	3.141505101183e+00	5.846208434677e-02	5.214107329675e-02
6.130799973356e-01	3.134236680191e+00	5.826467763241e-02	5.278695281662e-02
6.132134496641e-01	3.108096377622e+00	5.806852702070e-02	5.343366725001e-02
6.133469019927e-01	3.060991742421e+00	5.787376134932e-02	5.408106872485e-02
6.134803543212e-01	3.015524821856e+00	5.768050718501e-02	5.472900780441e-02
6.136138066498e-01	2.978532410797e+00	5.748888877335e-02	5.537733353931e-02
6.137472589783e-01	2.933364597280e+00	5.729902798979e-02	5.602589352028e-02
6.138807113069e-01	2.874042586951e+00	5.711104429169e-02	5.667453393148e-02
6.140141636354e-01	2.803403077185e+00	5.692505467169e-02	5.732309960456e-02
6.141476159640e-01	2.719380777866e+00	5.674117361219e-02	5.797143407331e-02
6.142810682925e-01	2.617211410743e+00	5.655951304103e-02	5.861937962894e-02
6.144145206210e-01	2.501130474551e+00	5.638018228843e-02	5.926677737586e-02
6.145479729496e-01	2.386081315921e+00	5.620328804515e-02	5.991346728812e-02
6.146814252781e-01	2.276895767735e+00	5.602893432190e-02	6.055928826626e-02
6.148148776067e-01	2.163803353254e+00	5.585722240999e-02	6.120407819477e-02
6.149483299352e-01	2.045083574313e+00	5.568825084330e-02	6.184767399995e-02
6.150817822638e-01	1.917172229327e+00	5.552211536147e-02	6.248991170823e-02
6.152152345923e-01	1.776097519439e+00	5.535890887447e-02	6.313062650494e-02
6.153486869209e-01	1.628279724210e+00	5.519872142835e-02	6.376965279349e-02
6.154821392494e-01	1.472583396544e+00	5.504164017248e-02	6.440682425484e-02
6.156155915779e-01	1.315961587298e+00	5.488774932792e-02	6.504197390742e-02
6.157490439065e-01	1.170286567324e+00	5.473713015728e-02	6.567493416731e-02
6.158824962350e-01	1.028774693036e+00	5.458986093585e-02	6.630553690870e-02
6.160159485636e-01	8.836307733586e-01	5.444601692408e-02	6.693361352471e-02
6.161494008921e-01	7.354745909200e-01	5.430567034142e-02	6.755899498831e-02
6.162828532207e-01	5.813953168050e-01	5.416889034158e-02	6.818151191360e-02
6.164163055492e-01	4.231356565173e-01	5.403574298902e-02	6.880099461715e-02
6.165497578778e-01	2.655652253618e-01	5.390629123701e-02	6.941727317963e-02
6.166832102063e-01	1.121849410355e-01	5.378059490686e-02	7.003017750747e-02
6.168166625349e-01	-2.818216246272e-02	5.365871066873e-02	7.063953739467e-02
6.169501148634e-01	-1.642344390035e-01	5.354069202365e-02	7.124518258474e-02
6.170835671919e-01	-3.010545932059e-01	5.342658928709e-02	7.184694283260e-02
6.172170195205e-01	-4.291574443333e-01	5.331644957379e-02	7.244464796662e-02
6.173504718490e-01	-5.589480487957e-01	5.321031678408e-02	7.303812795058e-02
6.174839241776e-01	-6.946370919568e-01	5.310823159154e-02	7.362721294567e-02
6.176173765061e-01	-8.248268419681e-01	5.301023143208e-02	7.421173337238e-02
6.177508288347e-01	-9.415180006501e-01	5.291635049442e-02	7.479151997243e-02
6.178842811632e-01	-1.044683494382e+00	5.282661971200e-02	7.536640387044e-02
6.180177334918e-01	-1.142143917045e+00	5.274106675617e-02	7.593621663566e-02
6.181511858203e-01	-1.239793347679e+00	5.265971603094e-02	7.650079034340e-02
6.182846381488e-01	-1.333746601173e+00	5.258258866901e-02	7.705995763635e-02
6.184180904774e-01	-1.423123779457e+00	5.250970252920e-02	7.761355178573e-02
6.185515428059e-01	-1.515239277539e+00	5.244107219535e-02	7.816140675218e-02
6.186849951345e-01	-1.602015323588e+00	5.237670897652e-02	7.870335724638e-02
6.188184474630e-01	-1.677232397443e+00	5.231662090859e-02	7.923923878946e-02
6.189518997916e-01	-1.742430439062e+00	5.226081275730e-02	7.976888777303e-02
6.190853521201e-01	-1.797096209735e+00	5.220928602255e-02	8.029214151899e-02
6.192188044487e-01	-1.852556250382e+00	5.216203894418e-02	8.080883833892e-02
6.193522567772e-01	-1.909671072927e+00	5.211906650906e-02	8.131881759308e-02
6.194857091057e-01	-1.963659845108e+00	5.208036045952e-02	8.182191974912e-02
6.196191614343e-01	-2.018974342386e+00	5.204590930314e-02	8.231798644027e-02
6.197526137628e-01	-2.066060892046e+00	5.201569832393e-02	8.280686052314e-02
6.198860660914e-01	-2.097725743814e+00	5.198970959474e-02	8.328838613504e-02
6.200195184199e-01	-2.124993390093e+00	5.196792199110e-02	8.376240875086e-02
6.201529707485e-01	-2.148048376717e+00	5.195031120632e-02	8.422877523932e-02
6.202864230770e-01	-2.166181823016e+00	5.193684976789e-02	8.468733391888e-02
6.204198754056e-01	-2.186584991347e+00	5.192750705517e-02	8.513793461291e-02
6.205533277341e-01	-2.203745904316e+00	5.192224931845e-02	8.558042870441e-02
6.206867800627e-01	-2.216486937613e+00	5.192103969914e-02	8.601466919008e-02
6.208202323912e-01	-2.222259343272e+00	5.192383825137e-02	8.644051073381e-02
6.209536847197e-01	-2.216384076165e+00	5.193060196472e-02	8.685780971948e-02
6.210871370483e-01	-2.207708385341e+00	5.194128478826e-02	8.726642430316e-02
6.212205893768e-01	-2.198332893325e+00	5.195583765580e-02	8.766621446461e-02
6.213540417054e-01	-2.185841178417e+00	5.197420851236e-02	8.805704205808e-02
6.214874940339e-01	-2.175830873507e+00	5.199634234180e-02	8.843877086242e-02
6.216209463625e-01	-2.167203078656e+00	5.202218119568e-02	8.881126663041e-02
6.217543986910e-01	-2.151652228230e+00	5.205166422327e-02	8.917439713735e-02
6.218878510196e-01	-2.136362420714e+00	5.208472770272e-02	8.952803222897e-02
6.220213033481e-01	-2.120878980046e+00	5.212130507338e-02	8.987204386837e-02
6.221547556766e-01	-2.102541032114e+00	5.216132696922e-02	9.020630618236e-02
6.222882080052e-01	-2.093593275351e+00	5.220472125340e-02	9.053069550678e-02
6.224216603337e-01	-2.090718300488e+00	5.225141305386e-02	9.084509043118e-02
6.225551126623e-01	-2.093402759575e+00	5.230132480007e-02	9.114937184243e-02
6.226885649908e-01	-2.101256598034e+00	5.235437626080e-02	9.144342296766e-02
6.228220173194e-01	-2.111844910246e+00	5.241048458292e-02	9.172712941618e-02
6.229554696479e-01	-2.133591930497e+00	5.246956433123e-02	9.200037922052e-02
6.230889219765e-01	-2.162858628778e+00	5.253152752931e-02	9.226306287663e-02
6.232223743050e-01	-2.196772761732e+00	5.259628370134e-02	9.251507338302e-02
6.233558266336e-01	-2.243446767455e+00	5.266373991490e-02	9.275630627907e-02
6.234892789621e-01	-2.301461445086e+00	5.273380082471e-02	9.298665968234e-02
6.236227312906e-01	-2.365933810525e+00	5.280636871728e-02	9.320603432486e-02
6.237561836192e-01	-2.441044457359e+00	5.288134355651e-02	9.341433358853e-02
6.238896359477e-01	-2.524963675706e+00	5.295862303017e-02	9.361146353945e-02
6.240230882763e-01	-2.620086967738e+00	5.303810259721e-02	9.379733296125e-02
6.241565406048e-01	-2.728872034831e+00	5.311967553593e-02	9.397185338744e-02
6.242899929334e-01	-2.840683978357e+00	5.320323299304e-02	9.413493913271e-02
6.244234452619e-01	-2.958995537563e+00	5.328866403344e-02	9.428650732316e-02
6.245568975905e-01	-3.087862417620e+00	5.337585569083e-02	9.442647792552e-02
6.246903499190e-01	-3.220453450181e+00	5.346469301907e-02	9.455477377528e-02
6.248238022475e-01	-3.359260107958e+00	5.355505914428e-02	9.467132060381e-02
6.249572545761e-01	-3.510281450338e+00	5.364683531768e-02	9.477604706428e-02
6.250907069046e-01	-3.668184120903e+00	5.373990096907e-02	9.486888475666e-02
6.252241592332e-01	-3.828398563482e+00	5.383413376109e-02	9.494976825147e-02
6.253576115617e-01	-3.989498540282e+00	5.392940964397e-02	9.501863511253e-02
6.254910638903e-01	-4.152374687328e+00	5.402560291108e-02	9.507542591857e-02
6.256245162188e-01	-4.318142002769e+00	5.412258625498e-02	9.512008428371e-02
6.257579685474e-01	-4.479591402122e+00	5.422023082405e-02	9.515255687687e-02
6.258914208759e-01	-4.647204352691e+00	5.431840627975e-02	9.517279343998e-02
6.260248732045e-01	-4.823074735722e+00	5.441698085433e-02	9.518074680515e-02
6.261583255330e-01	-4.994541252364e+00	5.451582140914e-02	9.517637291061e-02
6.262917778615e-01	-5.165727918683e+00	5.461479349330e-02	9.515963081561e-02
6.264252301901e-01	-5.335524047699e+00	5.471376140302e-02	9.513048271410e-02
6.265586825186e-01	-5.500717190495e+00	5.481258824116e-02	9.508889394727e-02
6.266921348472e-01	-5.661039707691e+00	5.491113597733e-02	9.503483301505e-02
6.268255871757e-01	-5.818822671749e+00	5.500926550836e-02	9.496827158627e-02
6.269590395043e-01	-5.979281423638e+00	5.510683671910e-02	9.488918450786e-02
6.270924918328e-01	-6.143436188524e+00	5.520370854361e-02	9.479754981279e-02
6.272259441614e-01	-6.303696684046e+00	5.529973902662e-02	9.469334872684e-02
6.273593964899e-01	-6.453611895471e+00	5.539478538535e-02	9.457656567433e-02
6.274928488184e-01	-6.598697527870e+00	5.548870407150e-02	9.444718828256e-02
6.276263011470e-01	-6.739819316671e+00	5.558135083357e-02	9.430520738519e-02
6.277597534755e-01	-6.878068846769e+00	5.567258077941e-02	9.415061702442e-02
6.278932058041e-01	-7.010876067565e+00	5.576224843884e-02	9.398341445207e-02
6.280266581326e-01	-7.142113905850e+00	5.585020782662e-02	9.380360012944e-02
6.281601104612e-01	-7.276761529203e+00	5.593631250539e-02	9.361117772611e-02
6.282935627897e-01	-7.402560702132e+00	5.602041564889e-02	9.340615411748e-02
6.284270151183e-01	-7.517082309334e+00	5.610237010514e-02	9.318853938132e-02
6.285604674468e-01	-7.624218309068e+00	5.618202845982e-02	9.295834679303e-02
6.286939197754e-01	-7.728075171611e+00	5.625924309954e-02	9.271559281990e-02
6.288273721039e-01	-7.825036997654e+00	5.633386627533e-02	9.246029711414e-02
6.289608244324e-01	-7.915974261195e+00	5.640575016595e-02	9.219248250485e-02
6.290942767610e-01	-8.010345677767e+00	5.647474694130e-02	9.191217498883e-02
6.292277290895e-01	-8.098863696727e+00	5.654070882568e-02	9.161940372035e-02
6.293611814181e-01	-8.173304393868e+00	5.660348816109e-02	9.131420099969e-02
6.294946337466e-01	-8.234223174226e+00	5.666293747032e-02	9.099660226070e-02
6.296280860752e-01	-8.286868930633e+00	5.671890952000e-02	9.066664605722e-02
6.297615384037e-01	-8.333512060580e+00	5.677125738345e-02	9.032437404842e-02
6.298949907323e-01	-8.374196127621e+00	5.681983450343e-02	8.996983098303e-02
6.300284430608e-01	-8.415440148609e+00	5.686449475459e-02	8.960306468255e-02
6.301618953893e-01	-8.451564748405e+00	5.690509250585e-02	8.922412602338e-02
6.302953477179e-01	-8.474216881226e+00	5.694148268236e-02	8.883306891792e-02
6.304288000464e-01	-8.486362455060e+00	5.697352082742e-02	8.842995029456e-02
6.305622523750e-01	-8.485077715591e+00	5.700106316386e-02	8.801483007671e-02
6.306957047035e-01	-8.471213527353e+00	5.702396665537e-02	8.758777116079e-02
6.308291570321e-01	-8.458404843197e+00	5.704208906729e-02	8.714883939317e-02
6.309626093606e-01	-8.445525619293e+00	5.705528902717e-02	8.669810354618e-02
6.310960616892e-01	-8.429382511621e+00	5.706342608491e-02	8.623563529304e-02
6.312295140177e-01	-8.408172597725e+00	5.706636077252e-02	8.576150918190e-02
6.313629663463e-01	-8.372387321247e+00	5.706395466344e-02	8.527580260885e-02
6.314964186748e-01	-8.324487589345e+00	5.705607043144e-02	8.477859578997e-02
6.316298710033e-01	-8.269794412780e+00	5.704257190905e-02	8.426997173255e-02
6.317633233319e-01	-8.213045527770e+00	5.702332414553e-02	8.375001620518e-02
6.318967756604e-01	-8.160173959406e+00	5.699819346427e-02	8.321881770714e-02
6.320302279890e-01	-8.110039801970e+00	5.696704751977e-02	8.267646743671e-02
6.321636803175e-01	-8.056105664917e+00	5.692975535395e-02	8.212305925873e-02
6.322971326461e-01	-7.993818703328e+00	5.688618745204e-02	8.155868967116e-02
6.324305849746e-01	-7.919600361531e+00	5.683621579774e-02	8.098345777087e-02
6.325640373032e-01	-7.836490500136e+00	5.677971392788e-02	8.039746521856e-02
6.326974896317e-01	-7.755951751351e+00	5.671655698641e-02	7.980081620281e-02
6.328309419602e-01	-7.679701536177e+00	5.664662177779e-02	7.919361740338e-02
6.329643942888e-01	-7.606976076284e+00	5.656978681963e-02	7.857597795364e-02
6.330978466173e-01	-7.534569575206e+00	5.648593239476e-02	7.794800940227e-02
6.332312989459e-01	-7.456098777842e+00	5.639494060250e-02	7.730982567416e-02
6.333647512744e-01	-7.365459179740e+00	5.629669540935e-02	7.666154303054e-02
6.334982036030e-01	-7.263092832718e+00	5.619108269876e-02	7.600328002845e-02
6.336316559315e-01	-7.161583165685e+00	5.607799032032e-02	7.533515747940e-02
6.337651082601e-01	-7.066031179078e+00	5.595730813811e-02	7.465729840735e-02
6.338985605886e-01	-6.973941116647e+00	5.582892807823e-02	7.396982800604e-02
6.340320129172e-01	-6.880464536748e+00	5.569274417564e-02	7.327287359565e-02
6.341654652457e-01	-6.782770735463e+00	5.554865262004e-02	7.256656457871e-02
6.342989175742e-01	-6.672789528943e+00	5.539655180105e-02	7.185103239554e-02
6.344323699028e-01	-6.548587202443e+00	5.523634235248e-02	7.112641047891e-02
6.345658222313e-01	-6.422555087617e+00	5.506792719572e-02	7.039283420823e-02
6.346992745599e-01	-6.296621191836e+00	5.489121158233e-02	6.965044086308e-02
6.348327268884e-01	-6.178057661263e+00	5.470610313563e-02	6.889936957620e-02
6.349661792170e-01	-6.065998873859e+00	5.451251189151e-02	6.813976128596e-02
6.350996315455e-01	-5.944199272773e+00	5.431035033822e-02	6.737175868828e-02
6.352330838741e-01	-5.810713456827e+00	5.409953345530e-02	6.659550618806e-02
6.353665362026e-01	-5.668823056314e+00	5.387997875151e-02	6.581114985010e-02
6.354999885311e-01	-5.520926375314e+00	5.365160630186e-02	6.501883734957e-02
6.356334408597e-01	-5.376206046356e+00	5.341433878363e-02	6.421871792205e-02
6.357668931882e-01	-5.238551583823e+00	5.316810151144e-02	6.341094231310e-02
6.359003455168e-01	-5.104015878556e+00	5.291282247132e-02	6.259566272746e-02
6.360337978453e-01	-4.973466240118e+00	5.264843235376e-02	6.177303277783e-02
6.361672501739e-01	-4.838780367768e+00	5.237486458580e-02	6.094320743330e-02
6.363007025024e-01	-4.693497330888e+00	5.209205536204e-02	6.010634296742e-02
6.364341548310e-01	-4.542619336858e+00	5.179994367465e-02	5.926259690596e-02
6.365676071595e-01	-4.394023008840e+00	5.149847134238e-02	5.841212797429e-02
6.367010594881e-01	-4.259152206926e+00	5.118758303841e-02	5.755509604459e-02
6.368345118166e-01	-4.133468589889e+00	5.086722631728e-02	5.669166208269e-02
6.369679641451e-01	-4.009514994046e+00	5.053735164065e-02	5.582198809468e-02
6.371014164737e-01	-3.886943315336e+00	5.019791240204e-02	5.494623707332e-02
6.372348688022e-01	-3.762012200268e+00	4.984886495048e-02	5.406457294420e-02
6.373683211308e-01	-3.631643016992e+00	4.949016861308e-02	5.317716051178e-02
6.375017734593e-01	-3.502272518762e+00	4.912178571648e-02	5.228416540516e-02
6.376352257879e-01	-3.385903906759e+00	4.874368160724e-02	5.138575402376e-02
6.377686781164e-01	-3.281845563705e+00	4.835582467109e-02	5.048209348290e-02
6.379021304450e-01	-3.185142965182e+00	4.795818635112e-02	4.957335155921e-02
6.380355827735e-01	-3.090365244604e+00	4.755074116479e-02	4.865969663597e-02
6.381690351020e-01	-2.993484994081e+00	4.713346671989e-02	4.774129764840e-02
6.383024874306e-01	-2.894589231913e+00	4.670634372933e-02	4.681832402890e-02
6.384359397591e-01	-2.796579446701e+00	4.626935602481e-02	4.589094565225e-02
6.385693920877e-01	-2.709115677049e+00	4.582249056940e-02	4.495933278076e-02
6.387028444162e-01	-2.635177960257e+00	4.536573746894e-02	4.402365600957e-02
6.388362967448e-01	-2.571123548005e+00	4.489908998231e-02	4.308408621181e-02
6.389697490733e-01	-2.511948543375e+00	4.442254453065e-02	4.214079448390e-02
6.391032014019e-01	-2.449840618595e+00	4.393610070530e-02	4.119395209098e-02
6.392366537304e-01	-2.384527304760e+00	4.343976127472e-02	4.024373041230e-02
6.393701060590e-01	-2.322394790769e+00	4.293353219021e-02	3.929030088680e-02
6.395035583875e-01	-2.266574149632e+00	4.241742259052e-02	3.833383495884e-02
6.396370107160e-01	-2.224680082492e+00	4.189144480531e-02	3.737450402405e-02
6.397704630446e-01	-2.196875973428e+00	4.135561435749e-02	3.641247937531e-02
6.399039153731e-01	-2.170951943999e+00	4.080994996438e-02	3.544793214901e-02
6.400373677017e-01	-2.143327410050e+00	4.025447353775e-02	3.448103327147e-02
6.401708200302e-01	-2.108246594205e+00	3.968921018280e-02	3.351195340556e-02
6.403042723588e-01	-2.072017901543e+00	3.911418819587e-02	3.254086289763e-02
6.404377246873e-01	-2.047569191714e+00	3.852943906113e-02	3.156793172467e-02
6.405711770159e-01	-2.031371013878e+00	3.793499744613e-02	3.059332944174e-02
6.407046293444e-01	-2.023818761052e+00	3.733090119616e-02	2.961722512979e-02
6.408380816729e-01	-2.022254840391e+00	3.671719132757e-02	2.863978734365e-02
6.409715340015e-01	-2.018547374184e+00	3.609391201992e-02	2.766118406052e-02
6.411049863300e-01	-2.002936710561e+00	3.546111060705e-02	2.668158262872e-02
6.412384386586e-01	-1.977413394620e+00	3.481883756704e-02	2.570114971685e-02
6.413718909871e-01	-1.960013438218e+00	3.416714651103e-02	2.472005126335e-02
6.415053433157e-01	-1.956055945602e+00	3.350609417101e-02	2.373845242644e-02
6.416387956442e-01	-1.959309970325e+00	3.283574038648e-02	2.275651753456e-02
6.417722479728e-01	-1.959685880967e+00	3.215614809001e-02	2.177441003716e-02
6.419057003013e-01	-1.953983887581e+00	3.146738329176e-02	2.079229245605e-02
6.420391526298e-01	-1.941047863370e+00	3.076951506293e-02	1.981032633715e-02
6.421726049584e-01	-1.918119362084e+00	3.006261551812e-02	1.882867220280e-02
6.423060572869e-01	-1.894613723307e+00	2.934675979662e-02	1.784748950458e-02
6.424395096155e-01	-1.877957868911e+00	2.862202604273e-02	1.686693657656e-02
6.425729619440e-01	-1.870917603455e+00	2.788849538497e-02	1.588717058929e-02
6.427064142726e-01	-1.868308768904e+00	2.714625191427e-02	1.490834750416e-02
6.428398666011e-01	-1.853030265594e+00	2.639538266118e-02	1.393062202843e-02
6.429733189297e-01	-1.822556524161e+00	2.563597757199e-02	1.295414757087e-02
6.431067712582e-01	-1.787721042526e+00	2.486812948398e-02	1.197907619797e-02
6.432402235868e-01	-1.752995276822e+00	2.409193409949e-02	1.100555859075e-02
6.433736759153e-01	-1.722999664913e+00	2.330748995922e-02	1.003374400230e-02
6.435071282438e-01	-1.700061825619e+00	2.251489841437e-02	9.063780215867e-03
6.436405805724e-01	-1.678938478374e+00	2.171426359795e-02	8.095813503663e-03
6.437740329009e-01	-1.650862530963e+00	2.090569239509e-02	7.129988586364e-03
6.439074852295e-01	-1.607736099466e+00	2.008929441238e-02	6.166448593264e-03
6.440409375580e-01	-1.554788135170e+00	1.926518194636e-02	5.205335023158e-03
6.441743898866e-01	-1.503564145356e+00	1.843346995106e-02	4.246787705948e-03
6.443078422151e-01	-1.459318606888e+00	1.759427600460e-02	3.290944764966e-03
6.444412945437e-01	-1.419863384020e+00	1.674772027497e-02	2.337942580051e-03
6.445747468722e-01	-1.377261309238e+00	1.589392548486e-02	1.387915751386e-03
6.447081992007e-01	-1.329067032375e+00	1.503301687573e-02	4.409970640948e-04
6.448416515293e-01	-1.271957412334e+00	1.416512217093e-02	-5.026825463788e-04
6.449751038578e-01	-1.201372317080e+00	1.329037153802e-02	-1.442994028096e-03
6.451085561864e-01	-1.128721109493e+00	1.240889755028e-02	-2.379810245650e-03
6.452420085149e-01	-1.065142060668e+00	1.152083514742e-02	-3.313006012386e-03
6.453754608435e-01	-1.006015165642e+00	1.062632159547e-02	-4.242458121786e-03
6.455089131720e-01	-9.436850602668e-01	9.725496445887e-03	-5.168045378029e-03
6.456423655006e-01	-8.727495113534e-01	8.818501493939e-03	-6.089648625716e-03
6.457758178291e-01	-7.939200326666e-01	7.905480736311e-03	-7.007150778724e-03
6.459092701577e-01	-7.056406364857e-01	6.986580327974e-03	-7.920436848217e-03
6.460427224862e-01	-6.090862501350e-01	6.061948538351e-03	-8.829393969789e-03
6.461761748147e-01	-5.212259416341e-01	5.131735706775e-03	-9.733911429711e-03
6.463096271433e-01	-4.410097455259e-01	4.196094197261e-03	-1.063388069031e-02
6.464430794718e-01	-3.552323304612e-01	3.255178352603e-03	-1.152919541447e-02
6.465765318004e-01	-2.625384693031e-01	2.309144447829e-03	-1.241975148916e-02
6.467099841289e-01	-1.579850540492e-01	1.358150643008e-03	-1.330544704819e-02
6.468434364575e-01	-4.712193910377e-02	4.023569354363e-04	-1.418618249389e-02
6.469768887860e-01	6.094951861189e-02	-5.580748887705e-04	-1.506186051800e-02
6.471103411146e-01	1.697845786684e-01	-1.522981303682e-03	-1.593238612159e-02
6.472437934431e-01	2.758948517056e-01	-2.492197093126e-03	-1.679766663401e-02
6.473772457716e-01	3.749568802610e-01	-3.465555400810e-03	-1.765761173096e-02
6.475106981002e-01	4.770384470623e-01	-4.442887780982e-03	-1.851213345163e-02
6.476441504287e-01	5.911900373607e-01	-5.424024249607e-03	-1.936114621478e-02
6.477776027573e-01	7.112082085050e-01	-6.408793336046e-03	-2.020456683403e-02
6.479110550858e-01	8.274835597066e-01	-7.397022135211e-03	-2.104231453209e-02
6.480445074144e-01	9.355552342556e-01	-8.388536360199e-03	-2.187431095407e-02
6.481779597429e-01	1.036991841580e+00	-9.383160395351e-03	-2.270048017980e-02
6.483114120715e-01	1.133152090921e+00	-1.038071734976e-02	-2.352074873523e-02
6.484448644000e-01	1.226145351312e+00	-1.138102911117e-02	-2.433504560287e-02
6.485783167286e-01	1.326229670421e+00	-1.238391640030e-02	-2.514330223118e-02
6.487117690571e-01	1.429588882362e+00	-1.338919882548e-02	-2.594545254310e-02
6.488452213856e-01	1.524674343926e+00	-1.439669493773e-02	-2.674143294353e-02
6.489786737142e-01	1.610580291017e+00	-1.540622228607e-02	-2.753118232591e-02
6.491121260427e-01	1.687352884522e+00	-1.641759747324e-02	-2.831464207773e-02
6.492455783713e-01	1.756549882265e+00	-1.743063621170e-02	-2.909175608519e-02
6.493790306998e-01	1.822808327178e+00	-1.844515337982e-02	-2.986247073680e-02
6.495124830284e-01	1.890251593139e+00	-1.946096307851e-02	-3.062673492602e-02
6.496459353569e-01	1.956150101282e+00	-2.047787868787e-02	-3.138450005299e-02
6.497793876855e-01	2.017317943363e+00	-2.149571292429e-02	-3.213572002522e-02
6.499128400140e-01	2.069201734765e+00	-2.251427789757e-02	-3.288035125734e-02
6.500462923425e-01	2.107898676994e+00	-2.353338516832e-02	-3.361835266994e-02
6.501797446711e-01	2.140743740193e+00	-2.455284580555e-02	-3.434968568732e-02
6.503131969996e-01	2.169818850437e+00	-2.557247044431e-02	-3.507431423442e-02
6.504466493282e-01	2.198090755539e+00	-2.659206934354e-02	-3.579220473271e-02
6.505801016567e-01	2.227375999243e+00	-2.761145244402e-02	-3.650332609518e-02
6.507135539853e-01	2.247789742931e+00	-2.863042942637e-02	-3.720764972028e-02
6.508470063138e-01	2.261772336768e+00	-2.964880976918e-02	-3.790514948508e-02
6.509804586424e-01	2.267779952573e+00	-3.066640280713e-02	-3.859580173733e-02
6.511139109709e-01	2.260748237687e+00	-3.168301778921e-02	-3.927958528668e-02
6.512473632995e-01	2.256802036420e+00	-3.269846393689e-02	-3.995648139495e-02
6.513808156280e-01	2.257682440262e+00	-3.371255050234e-02	-4.062647376543e-02
6.515142679565e-01	2.251797443402e+00	-3.472508682660e-02	-4.128954853135e-02
6.516477202851e-01	2.242109545340e+00	-3.573588239773e-02	-4.194569424337e-02
6.517811726136e-01	2.227221874820e+00	-3.674474690886e-02	-4.259490185617e-02
6.519146249422e-01	2.203008750294e+00	-3.775149031620e-02	-4.323716471415e-02
6.520480772707e-01	2.175016863005e+00	-3.875592289694e-02	-4.387247853627e-02
6.521815295993e-01	2.150445360801e+00	-3.975785530703e-02	-4.450084139996e-02
6.523149819278e-01	2.131244941959e+00	-4.075709863884e-02	-4.512225372418e-02
6.524484342564e-01	2.107825927893e+00	-4.175346447865e-02	-4.573671825160e-02
6.525818865849e-01	2.077951162461e+00	-4.274676496397e-02	-4.634424002994e-02
6.527153389134e-01	2.046503643210e+00	-4.373681284069e-02	-4.694482639241e-02
6.528487912420e-01	2.008925262340e+00	-4.472342151999e-02	-4.753848693741e-02
6.529822435705e-01	1.970211594995e+00	-4.570640513509e-02	-4.812523350726e-02
6.531156958991e-01	1.937243030640e+00	-4.668557859763e-02	-4.870508016626e-02
6.532491482276e-01	1.906058589891e+00	-4.766075765396e-02	-4.927804317779e-02
6.533826005562e-01	1.873571094526e+00	-4.863175894100e-02	-4.984414098073e-02
6.535160528847e-01	1.838168506679e+00	-4.959840004188e-02	-5.040339416503e-02
6.536495052133e-01	1.797872230474e+00	-5.056049954128e-02	-5.095582544650e-02
6.537829575418e-01	1.753185488903e+00	-5.151787708034e-02	-5.150145964085e-02
6.539164098704e-01	1.711566570380e+00	-5.247035341138e-02	-5.204032363699e-02
6.540498621989e-01	1.674380453213e+00	-5.341775045208e-02	-5.257244636953e-02
6.541833145274e-01	1.639923819090e+00	-5.435989133943e-02	-5.309785879060e-02
6.543167668560e-01	1.608420595475e+00	-5.529660048315e-02	-5.361659384094e-02
6.544502191845e-01	1.568985889534e+00	-5.622770361884e-02	-5.412868642027e-02
6.545836715131e-01	1.520286292644e+00	-5.715302786052e-02	-5.463417335695e-02
6.547171238416e-01	1.475298511228e+00	-5.807240175288e-02	-5.513309337704e-02
6.548505761702e-01	1.437699487881e+00	-5.898565532299e-02	-5.562548707257e-02
6.549840284987e-01	1.401129439620e+00	-5.989262013152e-02	-5.611139686926e-02
6.551174808273e-01	1.360576478851e+00	-6.079312932350e-02	-5.659086699356e-02
6.552509331558e-01	1.321591563862e+00	-6.168701767855e-02	-5.706394343906e-02
6.553843854843e-01	1.282815018144e+00	-6.257412166057e-02	-5.753067393229e-02
6.555178378129e-01	1.233294206956e+00	-6.345427946693e-02	-5.799110789797e-02
6.556512901414e-01	1.186124941977e+00	-6.432733107703e-02	-5.844529642358e-02
6.557847424700e-01	1.145046388221e+00	-6.519311830036e-02	-5.889329222348e-02
6.559181947985e-01	1.098371671277e+00	-6.605148482393e-02	-5.933514960240e-02
6.560516471271e-01	1.056667820163e+00	-6.690227625914e-02	-5.977092441843e-02
6.561850994556e-01	1.015219744775e+00	-6.774534018793e-02	-6.020067404547e-02
6.563185517842e-01	9.669389026451e-01	-6.858052620845e-02	-6.062445733521e-02
6.564520041127e-01	9.179473955120e-01	-6.940768597997e-02	-6.104233457856e-02
6.565854564413e-01	8.664617317152e-01	-7.022667326717e-02	-6.145436746672e-02
6.567189087698e-01	8.195242755232e-01	-7.103734398377e-02	-6.186061905165e-02
6.568523610983e-01	7.761667012492e-01	-7.183955623546e-02	-6.226115370626e-02
6.569858134269e-01	7.302714725527e-01	-7.263317036215e-02	-6.265603708403e-02
6.571192657554e-01	6.838902725782e-01	-7.341804897947e-02	-6.304533607835e-02
6.572527180840e-01	6.351090215664e-01	-7.419405701960e-02	-6.342911878137e-02
6.573861704125e-01	5.884101630187e-01	-7.496106177133e-02	-6.380745444258e-02
6.575196227411e-01	5.467775121558e-01	-7.571893291937e-02	-6.418041342699e-02
6.576530750696e-01	5.022324785908e-01	-7.646754258295e-02	-6.454806717294e-02
6.577865273982e-01	4.588039004003e-01	-7.720676535357e-02	-6.491048814965e-02
6.579199797267e-01	4.191998057997e-01	-7.793647833205e-02	-6.526774981446e-02
6.580534320552e-01	3.744604913337e-01	-7.865656116473e-02	-6.561992656979e-02
6.581868843838e-01	3.329299392971e-01	-7.936689607889e-02	-6.596709371982e-02
6.583203367123e-01	2.984559399871e-01	-8.006736791736e-02	-6.630932742691e-02
6.584537890409e-01	2.623687650613e-01	-8.075786417230e-02	-6.664670466788e-02
6.585872413694e-01	2.233862176036e-01	-8.143827501811e-02	-6.697930318998e-02
6.587206936980e-01	1.838577402284e-01	-8.210849334361e-02	-6.730720146674e-02
6.588541460265e-01	1.467406135034e-01	-8.276841478321e-02	-6.763047865359e-02
6.589875983551e-01	1.085233297195e-01	-8.341793774734e-02	-6.794921454341e-02
6.591210506836e-01	6.957042028224e-02	-8.405696345195e-02	-6.826348952186e-02
6.592545030122e-01	3.415841919786e-02	-8.468539594715e-02	-6.857338452265e-02
6.593879553407e-01	-1.459373803280e-03	-8.530314214496e-02	-6.887898098271e-02
6.595214076692e-01	-4.193648586902e-02	-8.591011184614e-02	-6.918036079724e-02
6.596548599978e-01	-8.776303775271e-02	-8.650621776619e-02	-6.947760627478e-02
6.597883123263e-01	-1.353365642427e-01	-8.709137556032e-02	-6.977080009214e-02
6.599217646549e-01	-1.825472685571e-01	-8.766550384760e-02	-7.006002524939e-02
6.600552169834e-01	-2.311082924210e-01	-8.822852423416e-02	-7.034536502485e-02
6.601886693120e-01	-2.835406682346e-01	-8.878036133541e-02	-7.062690292998e-02
6.603221216405e-01	-3.384683095614e-01	-8.932094279742e-02	-7.090472266450e-02
6.604555739691e-01	-3.959350205973e-01	-8.985019931722e-02	-7.117890807138e-02
6.605890262976e-01	-4.631815448658e-01	-9.036806466229e-02	-7.144954309199e-02
6.607224786261e-01	-5.399880090611e-01	-9.087447568896e-02	-7.171671172136e-02
6.608559309547e-01	-6.143612025642e-01	-9.136937235998e-02	-7.198049796351e-02
6.609893832832e-01	-6.865638047706e-01	-9.185269776102e-02	-7.224098578691e-02
6.611228356118e-01	-7.656531802495e-01	-9.232439811625e-02	-7.249825908008e-02
6.612562879403e-01	-8.530130723066e-01	-9.278442280292e-02	-7.275240160743e-02
6.613897402689e-01	-9.487150613873e-01	-9.323272436497e-02	-7.300349696519e-02
6.615231925974e-01	-1.049719799456e+00	-9.366925852569e-02	-7.325162853757e-02
6.616566449260e-01	-1.155879553414e+00	-9.409398419931e-02	-7.349687945317e-02
6.617900972545e-01	-1.263404392029e+00	-9.450686350169e-02	-7.373933254163e-02
6.619235495831e-01	-1.368499372188e+00	-9.490786175997e-02	-7.397907029049e-02
6.620570019116e-01	-1.481730714299e+00	-9.529694752121e-02	-7.421617480235e-02
6.621904542401e-01	-1.606091177932e+00	-9.567409256010e-02	-7.445072775237e-02
6.623239065687e-01	-1.735467848875e+00	-9.603927188556e-02	-7.468281034599e-02
6.624573588972e-01	-1.868167823934e+00	-9.639246374647e-02	-7.491250327705e-02
6.625908112258e-01	-2.004337942649e+00	-9.673364963628e-02	-7.513988668625e-02
6.627242635543e-01	-2.141149396180e+00	-9.706281429669e-02	-7.536504011992e-02
6.628577158829e-01	-2.279221068531e+00	-9.737994572028e-02	-7.558804248924e-02
6.629911682114e-01	-2.422593129693e+00	-9.768503515221e-02	-7.580897202981e-02
6.631246205400e-01	-2.571972632940e+00	-9.797807709076e-02	-7.602790626166e-02
6.632580728685e-01	-2.732314231159e+00	-9.825906928709e-02	-7.624492194967e-02
6.633915251970e-01	-2.895927235528e+00	-9.852801274376e-02	-7.646009506447e-02
6.635249775256e-01	-3.052827434777e+00	-9.878491171240e-02	-7.667350074375e-02
6.636584298541e-01	-3.211964214470e+00	-9.902977369037e-02	-7.688521325413e-02
6.637918821827e-01	-3.374619645342e+00	-9.926260941630e-02	-7.709530595344e-02
6.639253345112e-01	-3.538339979239e+00	-9.948343286477e-02	-7.730385125358e-02
6.640587868398e-01	-3.710039916485e+00	-9.969226123992e-02	-7.751092058388e-02
6.641922391683e-01	-3.887245609407e+00	-9.988911496804e-02	-7.771658435497e-02
6.643256914969e-01	-4.061809802790e+00	-1.000740176893e-01	-7.792091192329e-02
6.644591438254e-01	-4.230789512740e+00	-1.002469962481e-01	-7.812397155611e-02
6.645925961539e-01	-4.393874118598e+00	-1.004080806833e-01	-7.832583039714e-02
6.647260484825e-01	-4.560358218794e+00	-1.005573042163e-01	-7.852655443275e-02
6.648595008110e-01	-4.729758028081e+00	-1.006947032388e-01	-7.872620845886e-02
6.649929531396e-01	-4.895135846554e+00	-1.008203173001e-01	-7.892485604834e-02
6.651264054681e-01	-5.062863390638e+00	-1.009341890919e-01	-7.912255951920e-02
6.652598577967e-01	-5.227702238374e+00	-1.010363644339e-01	-7.931937990329e-02
6.653933101252e-01	-5.380527195115e+00	-1.011268922572e-01	-7.951537691582e-02
6.655267624538e-01	-5.523441423507e+00	-1.012058245872e-01	-7.971060892542e-02
6.656602147823e-01	-5.664583332732e+00	-1.012732165255e-01	-7.990513292500e-02
6.657936671109e-01	-5.808090784471e+00	-1.013291262307e-01	-8.009900450328e-02
6.659271194394e-01	-5.951257927652e+00	-1.013736148989e-01	-8.029227781702e-02
6.660605717679e-01	-6.088782640991e+00	-1.014067467421e-01	-8.048500556402e-02
6.661940240965e-01	-6.214235766278e+00	-1.014285889668e-01	-8.067723895683e-02
6.663274764250e-01	-6.332918372960e+00	-1.014392117511e-01	-8.086902769725e-02
6.664609287536e-01	-6.442584979165e+00	-1.014386882210e-01	-8.106041995157e-02
6.665943810821e-01	-6.544293195290e+00	-1.014270944257e-01	-8.125146232655e-02
6.667278334107e-01	-6.650386469594e+00	-1.014045093122e-01	-8.144219984629e-02
6.668612857392e-01	-6.757193974001e+00	-1.013710146989e-01	-8.163267592977e-02
6.669947380678e-01	-6.857531887077e+00	-1.013266952483e-01	-8.182293236929e-02
6.671281903963e-01	-6.942731084238e+00	-1.012716384387e-01	-8.201300930969e-02
