# time [ns]	Wlong [V/pC]	Wxdip [V/pC.mm]	Wydip [V/pC.mm]
0.000000000000000e+00	5.543704623473000e-01	0.000000000000000e+00	0.000000000000000e+00
1.000000000000000e-03	5.011068177192000e-01	3.812950603396000e-02	1.631815937140000e-02
2.000000000000000e-03	4.478431730911000e-01	4.123147324666000e-02	1.881511464487000e-02
3.000000000000000e-03	3.730129496850000e-01	4.383313412651000e-02	2.083045696660000e-02
4.000000000000000e-03	2.766161479683000e-01	4.593448868438000e-02	2.236418634702000e-02
5.000000000000000e-03	1.802193461941000e-01	4.803584323491000e-02	2.389791572035000e-02
6.000000000000000e-03	7.319897562725000e-02	4.878529452625000e-02	2.412163695548000e-02
7.000000000000000e-03	-3.382139493958000e-02	4.953474581759000e-02	2.434535819061000e-02
8.000000000000000e-03	-1.284883562678000e-01	4.965267143880000e-02	2.396063777499000e-02
8.999999999999999e-03	-2.108019086254000e-01	4.913907140358000e-02	2.296747572180000e-02
1.000000000000000e-02	-2.931154607200000e-01	4.862547136406000e-02	2.197431366459000e-02
1.100000000000000e-02	-3.269222333399000e-01	4.732076357597000e-02	2.024021508604000e-02
1.200000000000000e-02	-3.607290059599000e-01	4.601605578789000e-02	1.850611650749000e-02
1.300000000000000e-02	-3.685835203277000e-01	4.463929984490000e-02	1.672690580489000e-02
1.400000000000000e-02	-3.504857770061000e-01	4.319049574859000e-02	1.490258297923000e-02
1.500000000000000e-02	-3.323880334935000e-01	4.174169165452000e-02	1.307826015613000e-02
1.600000000000000e-02	-2.790430719578000e-01	4.070782150243000e-02	1.172611110681000e-02
1.700000000000000e-02	-2.256981104222000e-01	3.967395135034000e-02	1.037396205749000e-02
1.800000000000000e-02	-1.686218441144000e-01	3.898204879146000e-02	9.393903604344001e-03
1.900000000000000e-02	-1.078142731154000e-01	3.863211381838000e-02	8.785935739306999e-03
2.000000000000000e-02	-4.700670221678000e-02	3.828217884857000e-02	8.177967877885000e-03
2.100000000000000e-02	-4.698589215281000e-03	3.853602447224000e-02	8.236645063245999e-03
2.200000000000000e-02	3.760952378621000e-02	3.878987009590000e-02	8.295322248607000e-03
2.300000000000000e-02	6.400999195495000e-02	3.917880710925000e-02	8.521626663368000e-03
2.400000000000000e-02	7.450281563587000e-02	3.970283550934000e-02	8.915558303894001e-03
2.500000000000000e-02	8.499563916213999e-02	4.022686390875000e-02	9.309489944103000e-03
2.600000000000000e-02	6.696190473969001e-02	4.062547988658000e-02	9.644856174679001e-03
2.700000000000000e-02	4.892817031723000e-02	4.102409586440000e-02	9.980222405253999e-03
2.800000000000000e-02	2.454431735040000e-02	4.122610508908000e-02	1.015306828232000e-02
2.900000000000000e-02	-6.189654023096000e-03	4.123150756488000e-02	1.016339380941000e-02
3.000000000000000e-02	-3.692362536243000e-02	4.123691003833000e-02	1.017371933454000e-02
3.100000000000000e-02	-6.135522482668000e-02	4.081043512754000e-02	9.821202029473000e-03
3.200000000000000e-02	-8.578682429094001e-02	4.038396021675000e-02	9.468684724409000e-03
3.300000000000000e-02	-1.007978801693000e-01	3.982527206810000e-02	9.018664735678000e-03
3.400000000000000e-02	-1.063883926661000e-01	3.913437068444000e-02	8.471142065394999e-03
3.500000000000000e-02	-1.119789050563000e-01	3.844346930073000e-02	7.923619395429000e-03
3.600000000000000e-02	-9.789424170869999e-02	3.774181675990000e-02	7.434670278006000e-03
3.700000000000000e-02	-8.380957836109000e-02	3.704016421907000e-02	6.945721160583000e-03
3.800000000000000e-02	-6.470773830771000e-02	3.643042674926000e-02	6.583057677607000e-03
3.900000000000000e-02	-4.058872165735000e-02	3.591260434847000e-02	6.346679826340000e-03
4.000000000000000e-02	-1.646970502717000e-02	3.539478194891000e-02	6.110301976658000e-03
4.100000000000000e-02	3.927711729606000e-03	3.510141211605000e-02	6.166046388821000e-03
4.200000000000000e-02	2.432512848638000e-02	3.480804228320000e-02	6.221790800984000e-03
4.300000000000000e-02	3.778011375299000e-02	3.456904896353000e-02	6.364968411008000e-03
4.400000000000000e-02	4.429266767998000e-02	3.438443215587000e-02	6.595579216998000e-03
4.500000000000000e-02	5.080522152297000e-02	3.419981534776000e-02	6.826190022886000e-03
4.600000000000000e-02	4.182395159160000e-02	3.393242163820000e-02	7.038102642316000e-03
4.700000000000000e-02	3.284268166023000e-02	3.366502792865000e-02	7.250015261747000e-03
4.800000000000000e-02	1.955155848884000e-02	3.327857127148000e-02	7.373652886866000e-03
4.900000000000000e-02	1.950582170902000e-03	3.277305166930000e-02	7.409015519588000e-03
5.000000000000000e-02	-1.565039413524000e-02	3.226753206562000e-02	7.444378151131000e-03
5.100000000000000e-02	-3.107577503863000e-02	3.148575041924000e-02	7.262097404427000e-03
5.200000000000000e-02	-4.650115594202000e-02	3.070396877286000e-02	7.079816657722000e-03
5.300000000000000e-02	-5.658451283480000e-02	2.982860890211000e-02	6.831569785259000e-03
5.400000000000000e-02	-6.132584583282000e-02	2.885967080904000e-02	6.517356788468000e-03
5.500000000000000e-02	-6.606717876302000e-02	2.789073271579000e-02	6.203143791791000e-03
5.600000000000000e-02	-5.829745372649000e-02	2.689146970185000e-02	5.910018959908000e-03
5.700000000000000e-02	-5.052772868996000e-02	2.589220668791000e-02	5.616894128025000e-03
5.800000000000000e-02	-3.912264397966000e-02	2.494478176592000e-02	5.399211972861000e-03
5.900000000000000e-02	-2.408219967442000e-02	2.404919493477000e-02	5.256972492782000e-03
6.000000000000000e-02	-9.041755377574999e-03	2.315360810440000e-02	5.114733013719000e-03
6.100000000000000e-02	4.449310916489000e-03	2.240310178359000e-02	5.160213426720000e-03
6.200000000000000e-02	1.794037721055000e-02	2.165259546278000e-02	5.205693839721000e-03
6.300000000000000e-02	2.703216146537000e-02	2.094265353759000e-02	5.310605441335000e-03
6.400000000000000e-02	3.172466377633000e-02	2.027327600713000e-02	5.474948230274000e-03
6.500000000000000e-02	3.641716602982000e-02	1.960389847646000e-02	5.639291019164000e-03
6.600000000000000e-02	3.050893615294000e-02	1.889288070749000e-02	5.794517927052000e-03
6.700000000000000e-02	2.460070627606000e-02	1.818186293853000e-02	5.949744834941000e-03
6.800000000000000e-02	1.550431322445000e-02	1.739702036848000e-02	6.044670330211000e-03
6.900000000000001e-02	3.219757067262000e-03	1.653835299895000e-02	6.079294414172000e-03
7.000000000000001e-02	-9.064799084051001e-03	1.567968562847000e-02	6.113918497293000e-03
7.099999999999999e-02	-2.026527015582000e-02	1.464484729993000e-02	5.993709798341000e-03
7.199999999999999e-02	-3.146574122760000e-02	1.361000897140000e-02	5.873501099389000e-03
7.300000000000000e-02	-3.896687690045000e-02	1.251825094941000e-02	5.704091647698000e-03
7.400000000000000e-02	-4.276867725461000e-02	1.136957323522000e-02	5.485481444334000e-03
7.500000000000000e-02	-4.657047755930000e-02	1.022089552103000e-02	5.266871241028000e-03
7.600000000000000e-02	-4.124637269761000e-02	9.073480050192000e-03	5.058910211512000e-03
7.700000000000000e-02	-3.592226783592000e-02	7.926064579353000e-03	4.850949181996000e-03
7.800000000000000e-02	-2.779397905522000e-02	6.830783602008000e-03	4.696736536511000e-03
7.900000000000000e-02	-1.686150641633000e-02	5.787637117027000e-03	4.596272273891000e-03
8.000000000000000e-02	-5.929033782017000e-03	4.744490632812000e-03	4.495808012021000e-03
8.100000000000000e-02	4.160190558013000e-03	3.842771316672000e-03	4.533774919988000e-03
8.200000000000000e-02	1.424941489804000e-02	2.941052000531000e-03	4.571741827955000e-03
8.300000000000000e-02	2.112656829006000e-02	2.089020106413000e-03	4.654776135671000e-03
8.400000000000001e-02	2.479165080372000e-02	1.286675633241000e-03	4.782877842157000e-03
8.500000000000001e-02	2.845673327373000e-02	4.843311601233000e-04	4.910979548614000e-03
8.599999999999999e-02	2.407169287628000e-02	-3.079327514711000e-04	5.033702290306000e-03
8.699999999999999e-02	1.968665247882000e-02	-1.100196663066000e-03	5.156425031998000e-03
8.799999999999999e-02	1.278201809330000e-02	-1.927380801828000e-03	5.233422808319000e-03
8.900000000000000e-02	3.357789774353000e-03	-2.789485167000000e-03	5.264695620259000e-03
9.000000000000000e-02	-6.066438541095000e-03	-3.651589532674000e-03	5.295968431549000e-03
9.100000000000000e-02	-1.484518091631000e-02	-4.606083909445000e-03	5.207206107712000e-03
9.200000000000000e-02	-2.362392329152000e-02	-5.560578286217000e-03	5.118443783875000e-03
9.300000000000000e-02	-2.957961553059000e-02	-6.537431676827000e-03	4.990561328778000e-03
9.400000000000000e-02	-3.271225769476000e-02	-7.536644080791000e-03	4.823558743271000e-03
9.500000000000000e-02	-3.584489982003000e-02	-8.535856484507999e-03	4.656556157799000e-03
9.600000000000000e-02	-3.180366154314000e-02	-9.489506130100999e-03	4.495918891948000e-03
9.700000000000000e-02	-2.776242326624000e-02	-1.044315577569000e-02	4.335281626098000e-03
9.800000000000000e-02	-2.144697591158000e-02	-1.133274987183000e-02	4.216385626709000e-03
9.900000000000000e-02	-1.285731952847000e-02	-1.215828841991000e-02	4.139230892876000e-03
1.000000000000000e-01	-4.267663148225000e-03	-1.298382696713000e-02	4.062076159638000e-03
1.010000000000000e-01	3.793454949162000e-03	-1.364990543564000e-02	4.094606542432000e-03
1.020000000000000e-01	1.185457304655000e-02	-1.431598390416000e-02	4.127136925226000e-03
1.030000000000000e-01	1.738847116838000e-02	-1.491845203742000e-02	4.195978737104000e-03
1.040000000000000e-01	2.039514936945000e-02	-1.545730983680000e-02	4.301131977278000e-03
1.050000000000000e-01	2.340182753535000e-02	-1.599616763588000e-02	4.406285217434000e-03
1.060000000000000e-01	1.992146880811000e-02	-1.647950576056000e-02	4.507897705703000e-03
1.070000000000000e-01	1.644111008086000e-02	-1.696284388523000e-02	4.609510193972000e-03
1.080000000000000e-01	1.088058804751000e-02	-1.745141959840000e-02	4.674320821822000e-03
1.090000000000000e-01	3.239902753153000e-03	-1.794523289995000e-02	4.702329590051000e-03
1.100000000000000e-01	-4.400782538886000e-03	-1.843904620168000e-02	4.730338357749000e-03
1.110000000000000e-01	-1.161454929825000e-02	-1.896405880339000e-02	4.660377237102000e-03
1.120000000000000e-01	-1.882831605762000e-02	-1.948907140511000e-02	4.590416116454000e-03
1.130000000000000e-01	-2.376168421437000e-02	-2.001154067024000e-02	4.488019364927000e-03
1.140000000000000e-01	-2.641465381795000e-02	-2.053146659884000e-02	4.353186983224000e-03
1.150000000000000e-01	-2.906762338951000e-02	-2.105139252702000e-02	4.218354601543000e-03
1.160000000000000e-01	-2.581341316725000e-02	-2.149444336304000e-02	4.087732186992000e-03
1.170000000000000e-01	-2.255920294499000e-02	-2.193749419907000e-02	3.957109772440000e-03
1.180000000000000e-01	-1.739466509349000e-02	-2.230899014723000e-02	3.860607199286000e-03
1.190000000000000e-01	-1.031979965416000e-02	-2.260893120909000e-02	3.798224466789000e-03
1.200000000000000e-01	-3.244934216803000e-03	-2.290887227005000e-02	3.735841734784000e-03
1.210000000000000e-01	3.468329136267000e-03	-2.304141740936000e-02	3.764300592709000e-03
1.220000000000000e-01	1.018159248934000e-02	-2.317396254867000e-02	3.792759450634000e-03
1.230000000000000e-01	1.481258913057000e-02	-2.323724541699000e-02	3.851629043892000e-03
1.240000000000000e-01	1.736131910511000e-02	-2.323126601584000e-02	3.940909371825000e-03
1.250000000000000e-01	1.991004905021000e-02	-2.322528661428000e-02	4.030189699745000e-03
1.260000000000000e-01	1.702716963637000e-02	-2.314350410757000e-02	4.116967742629000e-03
1.270000000000000e-01	1.414429022254000e-02	-2.306172160086000e-02	4.203745785514000e-03
1.280000000000000e-01	9.491090955166001e-03	-2.297154560866000e-02	4.259740144465000e-03
1.290000000000000e-01	3.067571872653000e-03	-2.287297613117000e-02	4.284950820149000e-03
1.300000000000000e-01	-3.355947208220000e-03	-2.277440665370000e-02	4.310161495385000e-03
1.310000000000000e-01	-9.476853373884001e-03	-2.268073175199000e-02	4.252630601422000e-03
1.320000000000000e-01	-1.559775953955000e-02	-2.258705685029000e-02	4.195099707459000e-03
1.330000000000000e-01	-1.980674306326000e-02	-2.248267945587000e-02	4.109879046133000e-03
1.340000000000000e-01	-2.210380398647000e-02	-2.236759956896000e-02	3.996968618044000e-03
1.350000000000000e-01	-2.440086488247000e-02	-2.225251968163000e-02	3.884058189970000e-03
1.360000000000000e-01	-2.167827353447000e-02	-2.205928871521000e-02	3.774126672450000e-03
1.370000000000000e-01	-1.895568218647000e-02	-2.186605774880000e-02	3.664195154930000e-03
1.380000000000000e-01	-1.458717745250000e-02	-2.160746445803000e-02	3.583116324685000e-03
1.390000000000000e-01	-8.572759368253000e-03	-2.128350884432000e-02	3.530890181091000e-03
1.400000000000000e-01	-2.558341285425000e-03	-2.095955322981000e-02	3.478664037917000e-03
1.410000000000000e-01	3.193455827653000e-03	-2.048772726380000e-02	3.503969055187000e-03
1.420000000000000e-01	8.945252940730000e-03	-2.001590129778000e-02	3.529274072457000e-03
1.430000000000000e-01	1.292685971917000e-02	-1.948433796246000e-02	3.580741842896000e-03
1.440000000000000e-01	1.513827620136000e-02	-1.889303725914000e-02	3.658372365937000e-03
1.450000000000000e-01	1.734969265822000e-02	-1.830173655549000e-02	3.736002888969000e-03
1.460000000000000e-01	1.488982533343000e-02	-1.764882413046000e-02	3.811774591066000e-03
1.470000000000000e-01	1.242995800863000e-02	-1.699591170542000e-02	3.887546293163000e-03
1.480000000000000e-01	8.429669871213999e-03	-1.633978811138000e-02	3.936865175751000e-03
1.490000000000000e-01	2.888960954574000e-03	-1.568045334841000e-02	3.959731239404000e-03
1.500000000000000e-01	-2.651747960845000e-03	-1.502111858554000e-02	3.982597302669000e-03
1.510000000000000e-01	-7.967152289008000e-03	-1.437863701550000e-02	3.933860253704000e-03
1.520000000000000e-01	-1.328255661717000e-02	-1.373615544545000e-02	3.885123204739000e-03
1.530000000000000e-01	-1.695237115234000e-02	-1.309293963858000e-02	3.812236341925000e-03
1.540000000000000e-01	-1.897659593021000e-02	-1.244898959490000e-02	3.715199665785000e-03
1.550000000000000e-01	-2.100082068443000e-02	-1.180503955096000e-02	3.618162989657000e-03
1.560000000000000e-01	-1.866151999033000e-02	-1.111446014008000e-02	3.523338312140000e-03
1.570000000000000e-01	-1.632221929623000e-02	-1.042388072919000e-02	3.428513634623000e-03
1.580000000000000e-01	-1.253752893892000e-02	-9.688938708113000e-03	3.358683843448000e-03
1.590000000000000e-01	-7.307448949749000e-03	-8.909634077804001e-03	3.313848938071000e-03
1.600000000000000e-01	-2.077368961654000e-03	-8.130329446950999e-03	3.269014033061000e-03
1.610000000000000e-01	2.953538753443000e-03	-7.250635247648000e-03	3.291806027997000e-03
1.620000000000000e-01	7.984446468539999e-03	-6.370941048346000e-03	3.314598022933000e-03
1.630000000000000e-01	1.147606570331000e-02	-5.455018313819000e-03	3.360347711444000e-03
1.640000000000000e-01	1.342839649115000e-02	-4.502867044853000e-03	3.429055093033000e-03
1.650000000000000e-01	1.538072725677000e-02	-3.550715775786000e-03	3.497762474614000e-03
1.660000000000000e-01	1.323552648020000e-02	-2.579880161352000e-03	3.565037050540000e-03
1.670000000000000e-01	1.109032570364000e-02	-1.609044546919000e-03	3.632311626465000e-03
1.680000000000000e-01	7.581956601295000e-03	-6.546291570997000e-04	3.676398267671000e-03
1.690000000000000e-01	2.710419202736000e-03	2.833660084604000e-04	3.697296974662000e-03
1.700000000000000e-01	-2.161118194880000e-03	1.221361173716000e-03	3.718195681311000e-03
1.710000000000000e-01	-6.858617494849000e-03	2.103096722811000e-03	3.675990587570000e-03
1.720000000000000e-01	-1.155611679482000e-02	2.984832271906000e-03	3.633785493830000e-03
1.730000000000000e-01	-1.480940699416000e-02	3.845204373820000e-03	3.570170885304000e-03
1.740000000000000e-01	-1.661848812419000e-02	4.684213029016000e-03	3.485146762456000e-03
1.750000000000000e-01	-1.842756923330000e-02	5.523221684185000e-03	3.400122639617000e-03
1.760000000000000e-01	-1.637775494174000e-02	6.357261969839000e-03	3.316801545462000e-03
1.770000000000000e-01	-1.432794065018000e-02	7.191302255492000e-03	3.233480451308000e-03
1.780000000000000e-01	-1.098989501331000e-02	8.040691603904001e-03	3.172206827891000e-03
1.790000000000000e-01	-6.363618059071000e-03	8.905430014742000e-03	3.132980674734000e-03
1.800000000000000e-01	-1.737341105675000e-03	9.770168425796000e-03	3.093754521902000e-03
1.810000000000000e-01	2.732871487751000e-03	1.067484098200000e-02	3.114497129732000e-03
1.820000000000000e-01	7.203084081178000e-03	1.157951353821000e-02	3.135239737563000e-03
1.830000000000000e-01	1.031173591078000e-02	1.249137133961000e-02	3.176435473115000e-03
1.840000000000000e-01	1.205882700608000e-02	1.341041438607000e-02	3.238084335946000e-03
1.850000000000000e-01	1.380591808161000e-02	1.432945743234000e-02	3.299733198770000e-03
1.860000000000000e-01	1.190382384441000e-02	1.521451207747000e-02	3.360245728323000e-03
1.870000000000000e-01	1.000172960721000e-02	1.609956672261000e-02	3.420758257877000e-03
1.880000000000000e-01	6.877263662400000e-03	1.694451400615000e-02	3.460631692099000e-03
1.890000000000000e-01	2.530426036487000e-03	1.774935392898000e-02	3.479866031438000e-03
1.900000000000000e-01	-1.816411588675000e-03	1.855419385125000e-02	3.499100370470000e-03
1.910000000000000e-01	-6.024882174645000e-03	1.925788415607000e-02	3.461928813653000e-03
1.920000000000000e-01	-1.023335276062000e-02	1.996157446089000e-02	3.424757256835000e-03
1.930000000000000e-01	-1.315515805338000e-02	2.062092357740000e-02	3.368359565406000e-03
1.940000000000000e-01	-1.479029808084000e-02	2.123593150655000e-02	3.292735739781000e-03
1.950000000000000e-01	-1.642543808955000e-02	2.185093943541000e-02	3.217111914164000e-03
1.960000000000000e-01	-1.460176423027000e-02	2.241194153623000e-02	3.142836654927000e-03
1.970000000000000e-01	-1.277809037099000e-02	2.297294363705000e-02	3.068561395690000e-03
1.980000000000000e-01	-9.792603019862000e-03	2.352362895735000e-02	3.014008280748000e-03
1.990000000000000e-01	-5.645302202076000e-03	2.406399749736000e-02	2.979177309673000e-03
2.000000000000000e-01	-1.498001384969000e-03	2.460436603731000e-02	2.944346338890000e-03
2.010000000000000e-01	2.523875072461000e-03	2.513424000631000e-02	2.963385385835000e-03
2.020000000000000e-01	6.545751529890000e-03	2.566411397530000e-02	2.982424432780000e-03
2.030000000000000e-01	9.347084925929000e-03	2.617833885677000e-02	3.019905327453000e-03
2.040000000000000e-01	1.092787528704000e-02	2.667691465104000e-02	3.075828069455000e-03
2.050000000000000e-01	1.250866563033000e-02	2.717549044492000e-02	3.131750811451000e-03
2.060000000000000e-01	1.080028315505000e-02	2.760164407806000e-02	3.186751730957000e-03
2.070000000000000e-01	9.091900679781001e-03	2.802779771120000e-02	3.241752650462000e-03
2.080000000000000e-01	6.275670872030000e-03	2.839820992471000e-02	3.278159284750000e-03
2.090000000000000e-01	2.351593755823000e-03	2.871288071981000e-02	3.295971634222000e-03
2.100000000000000e-01	-1.572483359773000e-03	2.902755151422000e-02	3.313783983417000e-03
2.110000000000000e-01	-5.383965836874000e-03	2.921468850879000e-02	3.280604293700000e-03
2.120000000000000e-01	-9.195448313974000e-03	2.940182550336000e-02	3.247424603982000e-03
2.130000000000000e-01	-1.184684848681000e-02	2.953240410505000e-02	3.196798987274000e-03
2.140000000000000e-01	-1.333816638054000e-02	2.960642431509000e-02	3.128727443955000e-03
2.150000000000000e-01	-1.482948425728000e-02	2.968044452471000e-02	3.060655900642000e-03
2.160000000000000e-01	-1.318691791096000e-02	2.967622684582000e-02	2.993676514687000e-03
2.170000000000000e-01	-1.154435156465000e-02	2.967200916694000e-02	2.926697128731000e-03
2.180000000000000e-01	-8.843832581292000e-03	2.964570838156000e-02	2.877558462457000e-03
2.190000000000000e-01	-5.085360983841000e-03	2.959732449015000e-02	2.846260515477000e-03
2.200000000000000e-01	-1.326889386947000e-03	2.954894059857000e-02	2.814962568763000e-03
2.210000000000000e-01	2.328720493659000e-03	2.946968217802000e-02	2.832562743533000e-03
2.220000000000000e-01	5.984330374265000e-03	2.939042375748000e-02	2.850162918304000e-03
2.230000000000000e-01	8.534005009316000e-03	2.928840423887000e-02	2.884554176363000e-03
2.240000000000000e-01	9.977744422796000e-03	2.916362362268000e-02	2.935736517346000e-03
2.250000000000000e-01	1.142148382005000e-02	2.903884300606000e-02	2.986918858326000e-03
2.260000000000000e-01	9.871484905225001e-03	2.883545416797000e-02	3.037339512168000e-03
2.270000000000000e-01	8.321485990404999e-03	2.863206532987000e-02	3.087760166011000e-03
2.280000000000000e-01	5.758602593463000e-03	2.837375522099000e-02	3.121263219079000e-03
2.290000000000000e-01	2.182834736364000e-03	2.806052384252000e-02	3.137848671738000e-03
2.300000000000000e-01	-1.392933120230000e-03	2.774729246340000e-02	3.154434124146000e-03
2.310000000000000e-01	-4.875318675136000e-03	2.731393622128000e-02	3.124494029969000e-03
2.320000000000000e-01	-8.357704230041001e-03	2.688057997916000e-02	3.094553935792000e-03
2.330000000000000e-01	-1.078393123358000e-02	2.639593722435000e-02	3.048646979816000e-03
2.340000000000000e-01	-1.215399970866000e-02	2.586000795794000e-02	2.986773162386000e-03
2.350000000000000e-01	-1.352406816820000e-02	2.532407869118000e-02	2.924899344961000e-03
2.360000000000000e-01	-1.202938388886000e-02	2.472190202017000e-02	2.863926426756000e-03
2.370000000000000e-01	-1.053469960952000e-02	2.411972534916000e-02	2.802953508552000e-03
2.380000000000000e-01	-8.068903097669999e-03	2.350226012662000e-02	2.758267724472000e-03
2.390000000000000e-01	-4.631994374359000e-03	2.286950635288000e-02	2.729869074165000e-03
2.400000000000000e-01	-1.195085651513000e-03	2.223675257907000e-02	2.701470424100000e-03
2.410000000000000e-01	2.156036963663000e-03	2.159008842193000e-02	2.717838794465000e-03
2.420000000000000e-01	5.507159578839000e-03	2.094342426478000e-02	2.734207164830000e-03
2.430000000000000e-01	7.847311274452999e-03	2.028529244147000e-02	2.765987348372000e-03
2.440000000000000e-01	9.176492072429000e-03	1.961569295223000e-02	2.813179344755000e-03
2.450000000000000e-01	1.050567285551000e-02	1.894609346272000e-02	2.860371341135000e-03
2.460000000000000e-01	9.087886971322999e-03	1.822742293047000e-02	2.906924298115000e-03
2.470000000000000e-01	7.670101087134000e-03	1.750875239821000e-02	2.953477255094000e-03
2.480000000000000e-01	5.319427936399000e-03	1.675319610047000e-02	2.984512280492000e-03
2.490000000000000e-01	2.035867539347000e-03	1.596075403804000e-02	3.000029374645000e-03
2.500000000000000e-01	-1.247692857278000e-03	1.516831197517000e-02	3.015546468566000e-03
2.510000000000000e-01	-4.452592659249000e-03	1.429638005168000e-02	2.988285647979000e-03
2.520000000000000e-01	-7.657492461221000e-03	1.342444812819000e-02	2.961024827391000e-03
2.530000000000000e-01	-9.893090965100000e-03	1.252259490225000e-02	2.919045404132000e-03
2.540000000000000e-01	-1.115938819191000e-02	1.159082037452000e-02	2.862347378520000e-03
2.550000000000000e-01	-1.242568540441000e-02	1.065904584667000e-02	2.805649352912000e-03
2.560000000000000e-01	-1.105382411708000e-02	9.704163085204999e-03	2.749705911133000e-03
2.570000000000000e-01	-9.681962829750000e-03	8.749280323742999e-03	2.693762469355000e-03
2.580000000000000e-01	-7.412685687325000e-03	7.800813670451000e-03	2.652801575311000e-03
2.590000000000000e-01	-4.245992709268000e-03	6.858763125190000e-03	2.626823228676000e-03
2.600000000000000e-01	-1.079299731604000e-03	5.916712580098000e-03	2.600844882265000e-03
2.610000000000000e-01	2.014802401013000e-03	5.005676217636000e-03	2.616146503068000e-03
2.620000000000000e-01	5.108904533629000e-03	4.094639855175000e-03	2.631448123871000e-03
2.630000000000000e-01	7.271985495197000e-03	3.196189161335000e-03	2.660991855695000e-03
2.640000000000000e-01	8.504045305904000e-03	2.310324135842000e-03	2.704777698231000e-03
2.650000000000000e-01	9.736105102853001e-03	1.424459110367000e-03	2.748563540764000e-03
2.660000000000000e-01	8.430374021138000e-03	5.417247215201000e-04	2.791806313346000e-03
2.670000000000000e-01	7.124642939424000e-03	-3.410096673267000e-04	2.835049085929000e-03
2.680000000000000e-01	4.954311816681000e-03	-1.232755226918000e-03	2.863959936105000e-03
2.690000000000000e-01	1.919380671659000e-03	-2.133511957058000e-03	2.878538864185000e-03
2.700000000000000e-01	-1.115550473000000e-03	-3.034268687318000e-03	2.893117792051000e-03
2.710000000000000e-01	-4.083383707642000e-03	-3.957075998356000e-03	2.868108096740000e-03
2.720000000000000e-01	-7.051216942284000e-03	-4.879883309395000e-03	2.843098401430000e-03
2.730000000000000e-01	-9.123439209770001e-03	-5.804186086711000e-03	2.804437598509000e-03
2.740000000000000e-01	-1.030005052952000e-02	-6.729984330272000e-03	2.752125688273000e-03
2.750000000000000e-01	-1.147666183602000e-02	-7.655782573663000e-03	2.699813778041000e-03
2.760000000000000e-01	-1.020854965280000e-02	-8.550030574269001e-03	2.648142114507000e-03
2.770000000000000e-01	-8.940437469582001e-03	-9.444278574873999e-03	2.596470450973000e-03
2.780000000000000e-01	-6.838249025063000e-03	-1.030601296804000e-02	2.558670313398000e-03
2.790000000000000e-01	-3.901984337334000e-03	-1.113523375447000e-02	2.534741701481000e-03
2.800000000000000e-01	-9.657196499427000e-04	-1.196445454047000e-02	2.510813089772000e-03
2.810000000000000e-01	1.908320658247000e-03	-1.271199280109000e-02	2.525181656857000e-03
2.820000000000000e-01	4.782360966437000e-03	-1.345953106171000e-02	2.539550223943000e-03
2.830000000000000e-01	6.793595876126000e-03	-1.416924822385000e-02	2.567156353051000e-03
2.840000000000000e-01	7.942025406025000e-03	-1.484114428832000e-02	2.608000043895000e-03
2.850000000000000e-01	9.090454923140000e-03	-1.551304035250000e-02	2.648843734736000e-03
2.860000000000000e-01	7.880623320612000e-03	-1.613081783601000e-02	2.689220828963000e-03
2.870000000000000e-01	6.670791718083000e-03	-1.674859531951000e-02	2.729597923190000e-03
2.880000000000000e-01	4.655315842486000e-03	-1.734988787999000e-02	2.756660862091000e-03
2.890000000000000e-01	1.834195711290000e-03	-1.793469551781000e-02	2.770409645955000e-03
2.900000000000000e-01	-9.869244195931000e-04	-1.851950315547000e-02	2.784158429620000e-03
2.910000000000000e-01	-3.750221601484000e-03	-1.907698492414000e-02	2.761065604513000e-03
2.920000000000000e-01	-6.513518783374000e-03	-1.963446669280000e-02	2.737972779406000e-03
2.930000000000000e-01	-8.444521025705001e-03	-2.017054732378000e-02	2.702152146506000e-03
2.940000000000000e-01	-9.543228346524000e-03	-2.068522681754000e-02	2.653603706089000e-03
2.950000000000000e-01	-1.064193565500000e-02	-2.119990631091000e-02	2.605055265676000e-03
2.960000000000000e-01	-9.462995760256001e-03	-2.164219884496000e-02	2.557056094643000e-03
2.970000000000000e-01	-8.284055865517000e-03	-2.208449137901000e-02	2.509056923610000e-03
2.980000000000000e-01	-6.326068232972000e-03	-2.247643046953000e-02	2.473971707123000e-03
2.990000000000000e-01	-3.589032879513000e-03	-2.281801611761000e-02	2.451800444901000e-03
3.000000000000000e-01	-8.519975263478000e-04	-2.315960176508000e-02	2.429629182873000e-03
3.010000000000000e-01	1.831081380291000e-03	-2.338811293678000e-02	2.443174526036000e-03
3.020000000000000e-01	4.514160286929000e-03	-2.361662410848000e-02	2.456719869199000e-03
3.030000000000000e-01	6.393314308054000e-03	-2.379314244970000e-02	2.482630690116000e-03
3.040000000000000e-01	7.468543461100000e-03	-2.391766796156000e-02	2.520906988522000e-03
3.050000000000000e-01	8.543772602204000e-03	-2.404219347299000e-02	2.559183286925000e-03
3.060000000000000e-01	7.416499788124000e-03	-2.408656950337000e-02	2.597054884256000e-03
3.070000000000000e-01	6.289226974044000e-03	-2.413094553376000e-02	2.634926481587000e-03
3.080000000000000e-01	4.407720510101000e-03	-2.414713003692000e-02	2.660366851885000e-03
3.090000000000000e-01	1.771980412651000e-03	-2.413512301346000e-02	2.673375995418000e-03
3.100000000000000e-01	-8.637596845259000e-04	-2.412311598975000e-02	2.686385138765000e-03
3.110000000000000e-01	-3.449235294352000e-03	-2.406423737266000e-02	2.664943402499000e-03
3.120000000000000e-01	-6.034710904179000e-03	-2.400535875558000e-02	2.643501666233000e-03
3.130000000000000e-01	-7.842877368603000e-03	-2.391800974201000e-02	2.610138565018000e-03
3.140000000000000e-01	-8.873734704480000e-03	-2.380219033257000e-02	2.564854099112000e-03
3.150000000000000e-01	-9.904592028799000e-03	-2.368637092270000e-02	2.519569633208000e-03
3.160000000000000e-01	-8.803555947325001e-03	-2.349044400179000e-02	2.474760912409000e-03
3.170000000000000e-01	-7.702519865851000e-03	-2.329451708087000e-02	2.429952191610000e-03
3.180000000000000e-01	-5.870681738613000e-03	-2.304757258072000e-02	2.397223560819000e-03
3.190000000000000e-01	-3.308041581460000e-03	-2.274961050244000e-02	2.376575019774000e-03
3.200000000000000e-01	-7.454014245625999e-04	-2.245164842357000e-02	2.355926478910000e-03
3.210000000000000e-01	1.769986026455000e-03	-2.204469880592000e-02	2.368739941239000e-03
3.220000000000000e-01	4.285373477473000e-03	-2.163774918826000e-02	2.381553403568000e-03
3.230000000000000e-01	6.048181447363000e-03	-2.118289812983000e-02	2.405968132607000e-03
3.240000000000000e-01	7.058409952444000e-03	-2.068014563167000e-02	2.441984128104000e-03
3.250000000000000e-01	8.068638446325001e-03	-2.017739313313000e-02	2.478000123600000e-03
3.260000000000000e-01	7.012799505539000e-03	-1.960587383148000e-02	2.513662198443000e-03
3.270000000000000e-01	5.956960564753000e-03	-1.903435452982000e-02	2.549324273286000e-03
3.280000000000000e-01	4.192124817204000e-03	-1.844193713468000e-02	2.573328324638000e-03
3.290000000000000e-01	1.718292278266000e-03	-1.782862164650000e-02	2.585674352753000e-03
3.300000000000000e-01	-7.555402604329000e-04	-1.721530615817000e-02	2.598020380691000e-03
3.310000000000000e-01	-3.185327170789000e-03	-1.657373753289000e-02	2.578015035600000e-03
3.320000000000000e-01	-5.615114081144000e-03	-1.593216890762000e-02	2.558009690508000e-03
3.330000000000000e-01	-7.315774997613000e-03	-1.527399569647000e-02	2.526793409534000e-03
3.340000000000000e-01	-8.287309936007001e-03	-1.459921789981000e-02	2.484366192922000e-03
3.350000000000000e-01	-9.258844863538000e-03	-1.392444010288000e-02	2.441938976313000e-03
3.360000000000000e-01	-8.226723099415001e-03	-1.319901786879000e-02	2.399927273403000e-03
3.370000000000000e-01	-7.194601335291000e-03	-1.247359563470000e-02	2.357915570494000e-03
3.380000000000000e-01	-5.474304024130000e-03	-1.171460670336000e-02	2.327251276814000e-03
3.390000000000000e-01	-3.065831180855000e-03	-1.092205107549000e-02	2.307934392118000e-03
3.400000000000000e-01	-6.573583378055000e-04	-1.012949544725000e-02	2.288617507593000e-03
3.410000000000000e-01	1.709401382820000e-03	-9.267161110430000e-03	2.300775881641000e-03
3.420000000000000e-01	4.076161103445000e-03	-8.404826773607999e-03	2.312934255689000e-03
3.430000000000000e-01	5.735528200136000e-03	-7.515631512791000e-03	2.336018701787000e-03
3.440000000000000e-01	6.687502688232000e-03	-6.599575328560000e-03	2.370029219697000e-03
3.450000000000000e-01	7.639477165781000e-03	-5.683519144195000e-03	2.404039737606000e-03
3.460000000000000e-01	6.645916990736000e-03	-4.742588870122000e-03	2.437738496214000e-03
3.470000000000000e-01	5.652356815691000e-03	-3.801658596050000e-03	2.471437254823000e-03
3.480000000000000e-01	3.989930398693000e-03	-2.862552423526000e-03	2.494160715255000e-03
3.490000000000000e-01	1.658637754246000e-03	-1.925270352511000e-03	2.505908877750000e-03
3.500000000000000e-01	-6.726548899891000e-04	-9.879882816007000e-04	2.517657040080000e-03
3.510000000000000e-01	-2.965040933388000e-03	-6.992770842311999e-05	2.498912252214000e-03
3.520000000000000e-01	-5.257426976786000e-03	8.481328647544000e-04	2.480167464349000e-03
3.530000000000000e-01	-6.863235832593000e-03	1.757686268156000e-03	2.450842325953000e-03
3.540000000000000e-01	-7.782467515696000e-03	2.658732501965000e-03	2.410936837256000e-03
3.550000000000000e-01	-8.701699188554001e-03	3.559778735760000e-03	2.371031348561000e-03
3.560000000000000e-01	-7.730932139616000e-03	4.458171817257000e-03	2.331491441795000e-03
3.570000000000000e-01	-6.760165090679000e-03	5.356564898754000e-03	2.291951535029000e-03
3.580000000000000e-01	-5.139136937407000e-03	6.260571880671000e-03	2.263110173044000e-03
3.590000000000000e-01	-2.867847693902000e-03	7.170192762888000e-03	2.244967355609000e-03
3.600000000000000e-01	-5.965584505971000e-04	8.079813645172001e-03	2.226824538334000e-03
3.610000000000000e-01	1.637686004623000e-03	9.001895054380000e-03	2.238393019286000e-03
3.620000000000000e-01	3.871930459843000e-03	9.923976463588001e-03	2.249961500237000e-03
3.630000000000000e-01	5.438874386186000e-03	1.084427852008000e-02	2.271855170993000e-03
3.640000000000000e-01	6.338517798122000e-03	1.176280122390000e-02	2.304074031328000e-03
3.650000000000000e-01	7.238161200093000e-03	1.268132392756000e-02	2.336292891661000e-03
3.660000000000000e-01	6.299564199836000e-03	1.356857926708000e-02	2.368235365304000e-03
3.670000000000000e-01	5.360967199580000e-03	1.445583460660000e-02	2.400177838947000e-03
3.680000000000000e-01	3.789363568433000e-03	1.531394966177000e-02	2.421752255554000e-03
3.690000000000000e-01	1.584753320123000e-03	1.614292443322000e-02	2.432958615349000e-03
3.700000000000000e-01	-6.198569279986000e-04	1.697189920428000e-02	2.444164974989000e-03
3.710000000000000e-01	-2.789818693170000e-03	1.772821844496000e-02	2.426534978384000e-03
3.720000000000000e-01	-4.959780458342000e-03	1.848453768564000e-02	2.408904981780000e-03
3.730000000000000e-01	-6.480996815917000e-03	1.920595663069000e-02	2.381258110574000e-03
3.740000000000000e-01	-7.353467779963000e-03	1.989247528087000e-02	2.343594364983000e-03
3.750000000000000e-01	-8.225938734313000e-03	2.057899393075000e-02	2.305930619395000e-03
3.760000000000000e-01	-7.309812866498000e-03	2.121049475688000e-02	2.268590625924000e-03
3.770000000000000e-01	-6.393686998683000e-03	2.184199558301000e-02	2.231250632453000e-03
3.780000000000000e-01	-4.861229089688000e-03	2.245336616379000e-02	2.204030529782000e-03
3.790000000000000e-01	-2.712439152879000e-03	2.304460649964000e-02	2.186930317692000e-03
3.800000000000000e-01	-5.636492162496999e-04	2.363584683530000e-02	2.169830105754000e-03
3.810000000000000e-01	1.552093139354000e-03	2.419001887300000e-02	2.180864524788000e-03
3.820000000000000e-01	3.667835494957000e-03	2.474419091070000e-02	2.191898943823000e-03
3.830000000000000e-01	5.152100392271000e-03	2.527344345109000e-02	2.212720351164000e-03
3.840000000000000e-01	6.004887844991000e-03	2.577777649470000e-02	2.243328746600000e-03
3.850000000000000e-01	6.857675288266000e-03	2.628210953791000e-02	2.273937142035000e-03
3.860000000000000e-01	5.968362682253000e-03	2.671309862793000e-02	2.304299107234000e-03
3.870000000000000e-01	5.079050076240000e-03	2.714408771794000e-02	2.334661072434000e-03
3.880000000000000e-01	3.588973336958000e-03	2.752713852304000e-02	2.355198593823000e-03
3.890000000000000e-01	1.498132477436000e-03	2.786225104425000e-02	2.365911671615000e-03
3.900000000000000e-01	-5.927083819185000e-04	2.819736356489000e-02	2.376624749258000e-03
3.910000000000000e-01	-2.652450756052000e-03	2.842634693511000e-02	2.359987408365000e-03
3.920000000000000e-01	-4.712193130185000e-03	2.865533030532000e-02	2.343350067472000e-03
3.930000000000000e-01	-6.157043863604000e-03	2.883443815270000e-02	2.317202381850000e-03
3.940000000000000e-01	-6.987002969643000e-03	2.896367047832000e-02	2.281544351707000e-03
3.950000000000000e-01	-7.816962066478000e-03	2.909290280350000e-02	2.245886321566000e-03
3.960000000000000e-01	-6.949347078210000e-03	2.914035672114000e-02	2.210516668380000e-03
3.970000000000000e-01	-6.081732089942000e-03	2.918781063878000e-02	2.175147015194000e-03
3.980000000000000e-01	-4.628325488833000e-03	2.920347671945000e-02	2.149377995592000e-03
3.990000000000000e-01	-2.589127287584000e-03	2.918735496384000e-02	2.133209609364000e-03
4.000000000000000e-01	-5.499290864963000e-04	2.917123320793000e-02	2.117041223282000e-03
4.010000000000000e-01	1.459670594234000e-03	2.909897385705000e-02	2.127589760138000e-03
4.020000000000000e-01	3.469270274963000e-03	2.902671450616000e-02	2.138138296994000e-03
4.030000000000000e-01	4.879590108443000e-03	2.892260827198000e-02	2.157988976931000e-03
4.040000000000000e-01	5.690630107667000e-03	2.878665515518000e-02	2.187141799748000e-03
4.050000000000000e-01	6.501670097916000e-03	2.865070203794000e-02	2.216294622564000e-03
4.060000000000000e-01	5.657238628052000e-03	2.843341714673000e-02	2.245226599505000e-03
4.070000000000000e-01	4.812807158189000e-03	2.821613225553000e-02	2.274158576447000e-03
4.080000000000000e-01	3.396750248192000e-03	2.794986171729000e-02	2.293755593903000e-03
4.090000000000000e-01	1.409067910458000e-03	2.763460553308000e-02	2.304017652077000e-03
4.100000000000000e-01	-5.786144271227000e-04	2.731934934831000e-02	2.314279710110000e-03
4.110000000000000e-01	-2.538199726517000e-03	2.690120070096000e-02	2.298531703860000e-03
4.120000000000000e-01	-4.497785025912000e-03	2.648305205362000e-02	2.282783697610000e-03
4.130000000000000e-01	-5.872960573890000e-03	2.601891500581000e-02	2.257983143373000e-03
4.140000000000000e-01	-6.663726383126000e-03	2.550878955855000e-02	2.224130041347000e-03
4.150000000000000e-01	-7.454492183605000e-03	2.499866411090000e-02	2.190276939323000e-03
4.160000000000000e-01	-6.629867162613000e-03	2.441850531446000e-02	2.156682046004000e-03
4.170000000000000e-01	-5.805242141621000e-03	2.383834651803000e-02	2.123087152686000e-03
4.180000000000000e-01	-4.422474078791000e-03	2.323423547935000e-02	2.098624332221000e-03
4.190000000000000e-01	-2.481562986226000e-03	2.260617219895000e-02	2.083293584412000e-03
4.200000000000000e-01	-5.406518938057999e-04	2.197810891835000e-02	2.067962836740000e-03
4.210000000000000e-01	1.373630769653000e-03	2.131394712649000e-02	2.078067371337000e-03
4.220000000000000e-01	3.287913433111000e-03	2.064978533464000e-02	2.088171905935000e-03
4.230000000000000e-01	4.631996105532000e-03	1.996627568313000e-02	2.107139531958000e-03
4.240000000000000e-01	5.405878799281000e-03	1.926341817237000e-02	2.134970249215000e-03
4.250000000000000e-01	6.179761484481000e-03	1.856056066133000e-02	2.162800966471000e-03
4.260000000000000e-01	5.376600127567000e-03	1.780663280095000e-02	2.190432852216000e-03
4.270000000000000e-01	4.573438770653000e-03	1.705270494056000e-02	2.218064737960000e-03
4.280000000000000e-01	3.225096057732000e-03	1.626742285573000e-02	2.236804716626000e-03
4.290000000000000e-01	1.331572000625000e-03	1.545078654714000e-02	2.246652788408000e-03
4.300000000000000e-01	-5.619520563437000e-04	1.463415023821000e-02	2.256500860055000e-03
4.310000000000000e-01	-2.429973482861000e-03	1.375409267594000e-02	2.241554027327000e-03
4.320000000000000e-01	-4.297994909379000e-03	1.287403511367000e-02	2.226607194600000e-03
4.330000000000000e-01	-5.609215747538000e-03	1.196932850823000e-02	2.203023583656000e-03
4.340000000000000e-01	-6.363636009413000e-03	1.103997286017000e-02	2.170803194682000e-03
4.350000000000000e-01	-7.118056262935000e-03	1.011061721198000e-02	2.138582805709000e-03
4.360000000000000e-01	-6.331697387668000e-03	9.156324403577000e-03	2.106594702590000e-03
4.370000000000000e-01	-5.545338512402000e-03	8.202031595177999e-03	2.074606599471000e-03
4.380000000000000e-01	-4.226005692625000e-03	7.247389219946000e-03	2.051325625560000e-03
4.390000000000000e-01	-2.373698939895000e-03	6.292397277890000e-03	2.036751780669000e-03
4.400000000000000e-01	-5.213921872953000e-04	5.337405335907000e-03	2.022177935909000e-03
4.410000000000000e-01	1.306821242471000e-03	4.395774125316000e-03	2.031875105177000e-03
4.420000000000000e-01	3.135034672237000e-03	3.454142914724000e-03	2.041572274445000e-03
4.430000000000000e-01	4.419421394450000e-03	2.519167717701000e-03	2.059733080394000e-03
4.440000000000000e-01	5.159981420902000e-03	1.590848534101000e-03	2.086357522839000e-03
4.450000000000000e-01	5.900541439191000e-03	6.625293505213001e-04	2.112981965283000e-03
4.460000000000000e-01	5.135354613651000e-03	-2.622537918069000e-04	2.139426648443000e-03
4.470000000000000e-01	4.370167788110000e-03	-1.187036934135000e-03	2.165871331603000e-03
4.480000000000000e-01	3.083886074741000e-03	-2.114795768871000e-03	2.183827032444000e-03
4.490000000000000e-01	1.276509484842000e-03	-3.045530295949000e-03	2.193293751151000e-03
4.500000000000000e-01	-5.308671049298000e-04	-3.976264823056000e-03	2.202760469729000e-03
4.510000000000000e-01	-2.315038403402000e-03	-4.912426652534000e-03	2.188539000956000e-03
4.520000000000000e-01	-4.099209701874000e-03	-5.848588482011000e-03	2.174317532184000e-03
4.530000000000000e-01	-5.351723530648000e-03	-6.780326309980000e-03	2.151838557396000e-03
4.540000000000000e-01	-6.072579901252000e-03	-7.707640136536000e-03	2.121102076773000e-03
4.550000000000000e-01	-6.793436263872000e-03	-8.634953962915999e-03	2.090365596151000e-03
4.560000000000000e-01	-6.041590062603000e-03	-9.529779732752999e-03	2.059838971581000e-03
4.570000000000000e-01	-5.289743861334000e-03	-1.042460550259000e-02	2.029312347012000e-03
4.580000000000000e-01	-4.027949532907000e-03	-1.129163477427000e-02	2.007105704599000e-03
4.590000000000000e-01	-2.256207088381000e-03	-1.213086754841000e-02	1.993219044164000e-03
4.600000000000000e-01	-4.844646439741000e-04	-1.297010032218000e-02	1.979332383854000e-03
4.610000000000000e-01	1.265329890100000e-03	-1.374078853125000e-02	1.988654421853000e-03
4.620000000000000e-01	3.015124424175000e-03	-1.451147674033000e-02	1.997976459853000e-03
4.630000000000000e-01	4.245104889990000e-03	-1.524837767847000e-02	2.015397150558000e-03
4.640000000000000e-01	4.955271298819000e-03	-1.595149134643000e-02	2.040916493793000e-03
4.650000000000000e-01	5.665437699837000e-03	-1.665460501407000e-02	2.066435837027000e-03
4.660000000000000e-01	4.934927022227000e-03	-1.730085158796000e-02	2.091792049509000e-03
4.670000000000000e-01	4.204416344616000e-03	-1.794709816186000e-02	2.117148261991000e-03
4.680000000000000e-01	2.974829282574000e-03	-1.857034028635000e-02	2.134383503653000e-03
4.690000000000000e-01	1.246165846923000e-03	-1.917057796193000e-02	2.143497774671000e-03
4.700000000000000e-01	-4.824975886142000e-04	-1.977081563727000e-02	2.152612045566000e-03
4.710000000000000e-01	-2.190023268936000e-03	-2.032673097994000e-02	2.139050297747000e-03
4.720000000000000e-01	-3.897548949258000e-03	-2.088264632261000e-02	2.125488549928000e-03
4.730000000000000e-01	-5.096419383305000e-03	-2.141085398671000e-02	2.104016672628000e-03
4.740000000000000e-01	-5.786634582107000e-03	-2.191135397284000e-02	2.074634666017000e-03
4.750000000000000e-01	-6.476849773263000e-03	-2.241185395856000e-02	2.045252659407000e-03
4.760000000000000e-01	-5.756740639597000e-03	-2.283723425729000e-02	2.016060979366000e-03
4.770000000000000e-01	-5.036631505931000e-03	-2.326261455601000e-02	1.986869299326000e-03
4.780000000000000e-01	-3.827724493934000e-03	-2.364100382363000e-02	1.965643421586000e-03
4.790000000000000e-01	-2.130019614204000e-03	-2.397240206114000e-02	1.952383345973000e-03
4.800000000000000e-01	-4.323147345830000e-04	-2.430380029810000e-02	1.939123270481000e-03
4.810000000000000e-01	1.245259981254000e-03	-2.453238889401000e-02	1.948098695228000e-03
4.820000000000000e-01	2.922834697092000e-03	-2.476097748993000e-02	1.957074119975000e-03
4.830000000000000e-01	4.102548723464000e-03	-2.494056211622000e-02	1.973813404136000e-03
4.840000000000000e-01	4.784402071168000e-03	-2.507114277396000e-02	1.998316547544000e-03
4.850000000000000e-01	5.466255411385000e-03	-2.520172343124000e-02	2.022819690952000e-03
4.860000000000000e-01	4.767055897661000e-03	-2.524869941523000e-02	2.047174280897000e-03
4.870000000000000e-01	4.067856383936000e-03	-2.529567539923000e-02	2.071528870842000e-03
4.880000000000000e-01	2.889788375713000e-03	-2.530824363046000e-02	2.088099934659000e-03
4.890000000000000e-01	1.232851883374000e-03	-2.528640410967000e-02	2.096887472516000e-03
4.900000000000000e-01	-4.240846088604000e-04	-2.526456458853000e-02	2.105675010255000e-03
4.910000000000000e-01	-2.061745500532000e-03	-2.518010930295000e-02	2.092715765378000e-03
4.920000000000000e-01	-3.699406392204000e-03	-2.509565401736000e-02	2.079756520500000e-03
4.930000000000000e-01	-4.849529875820000e-03	-2.497694325212000e-02	2.059206486789000e-03
4.940000000000000e-01	-5.512115961952000e-03	-2.482397700799000e-02	2.031065664408000e-03
4.950000000000000e-01	-6.174702040748000e-03	-2.467101076341000e-02	2.002924842028000e-03
4.960000000000000e-01	-5.484315194621000e-03	-2.443549442168000e-02	1.974957247145000e-03
4.970000000000000e-01	-4.793928348493000e-03	-2.419997807996000e-02	1.946989652263000e-03
4.980000000000000e-01	-3.634228954375000e-03	-2.391660874454000e-02	1.926662609475000e-03
4.990000000000000e-01	-2.005217022445000e-03	-2.358538641646000e-02	1.913976118616000e-03
5.000000000000000e-01	-3.762050906153000e-04	-2.325416408785000e-02	1.901289627873000e-03
5.010000000000000e-01	1.234245319726000e-03	-2.282375027406000e-02	1.909943796504000e-03
5.020000000000000e-01	2.844695730066000e-03	-2.239333646027000e-02	1.918597965134000e-03
5.030000000000000e-01	3.977445908317000e-03	-2.191813009889000e-02	1.934707794179000e-03
5.040000000000000e-01	4.632495864836000e-03	-2.139813119090000e-02	1.958273283476000e-03
5.050000000000000e-01	5.287545814166000e-03	-2.087813228252000e-02	1.981838772772000e-03
5.060000000000000e-01	4.616405675408000e-03	-2.028735160596000e-02	2.005268556045000e-03
5.070000000000000e-01	3.945265536649000e-03	-1.969657092940000e-02	2.028698339318000e-03
5.080000000000000e-01	2.813884081339000e-03	-1.907995815480000e-02	2.044655129242000e-03
5.090000000000000e-01	1.222261319456000e-03	-1.843751328272000e-02	2.053138925979000e-03
5.100000000000000e-01	-3.693614423319000e-04	-1.779506841042000e-02	2.061622722603000e-03
5.110000000000000e-01	-1.943360382307000e-03	-1.711172979068000e-02	2.049215827292000e-03
5.120000000000000e-01	-3.517359322282000e-03	-1.642839117094000e-02	2.036808931981000e-03
5.130000000000000e-01	-4.623258938939000e-03	-1.572411035673000e-02	2.017105812018000e-03
5.140000000000000e-01	-5.261059242430000e-03	-1.499888734849000e-02	1.990106467561000e-03
5.150000000000000e-01	-5.898859538872000e-03	-1.427366433997000e-02	1.963107123105000e-03
5.160000000000000e-01	-5.236557936882000e-03	-1.349755542165000e-02	1.936265952908000e-03
5.170000000000000e-01	-4.574256334891000e-03	-1.272144650333000e-02	1.909424782711000e-03
5.180000000000000e-01	-3.460631989235000e-03	-1.191570628139000e-02	1.889924436872000e-03
5.190000000000000e-01	-1.895684909701000e-03	-1.108033475647000e-02	1.877764915232000e-03
5.200000000000000e-01	-3.307378302605000e-04	-1.024496323124000e-02	1.865605393703000e-03
5.210000000000000e-01	1.217048202708000e-03	-9.350993172261001e-03	1.873960947573000e-03
5.220000000000000e-01	2.764834235676000e-03	-8.457023113284000e-03	1.882316501444000e-03
5.230000000000000e-01	3.853519305252000e-03	-7.540239565000000e-03	1.897843062424000e-03
5.240000000000000e-01	4.483103421390000e-03	-6.600642527902000e-03	1.920540630357000e-03
5.250000000000000e-01	5.112687530613000e-03	-5.661045490673000e-03	1.943238198289000e-03
5.260000000000000e-01	4.466773591794000e-03	-4.697335187944000e-03	1.965811438291000e-03
5.270000000000000e-01	3.820859652974000e-03	-3.733624885215000e-03	1.988384678292000e-03
5.280000000000000e-01	2.731950662461000e-03	-2.768603129570000e-03	2.003771641539000e-03
5.290000000000000e-01	1.200046629861000e-03	-1.802269921036000e-03	2.011972328186000e-03
5.300000000000000e-01	-3.318574026517000e-04	-8.359367125583000e-04	2.020173014723000e-03
5.310000000000000e-01	-1.847567162202000e-03	1.199113098296000e-04	2.008274264459000e-03
5.320000000000000e-01	-3.363276921752000e-03	1.075759332217000e-03	1.996375514194000e-03
5.330000000000000e-01	-4.428817167588000e-03	2.025659097478000e-03	1.977453102811000e-03
5.340000000000000e-01	-5.044187909471000e-03	2.969610605739000e-03	1.951507030461000e-03
5.350000000000000e-01	-5.659558644571000e-03	3.913562113973000e-03	1.925560958112000e-03
5.360000000000000e-01	-5.023681572368000e-03	4.852321164121000e-03	1.899759745399000e-03
5.370000000000000e-01	-4.387804500165000e-03	5.791080214269000e-03	1.873958532686000e-03
5.380000000000000e-01	-3.317244328047000e-03	6.730506839358000e-03	1.855221048416000e-03
5.390000000000000e-01	-1.812001065439000e-03	7.670601039374000e-03	1.843547292435000e-03
5.400000000000000e-01	-3.067578029170000e-04	8.610695239387000e-03	1.831873536561000e-03
5.410000000000000e-01	1.182620040151000e-03	9.550383926679000e-03	1.839950786479000e-03
5.420000000000000e-01	2.671997883219000e-03	1.049007261397000e-02	1.848028036396000e-03
5.430000000000000e-01	3.719506337325000e-03	1.142298213156000e-02	1.863012585283000e-03
5.440000000000000e-01	4.325145412052000e-03	1.234911247960000e-02	1.884904432990000e-03
5.450000000000000e-01	4.930784480119000e-03	1.327524282744000e-02	1.906796280697000e-03
5.460000000000000e-01	4.307940846451000e-03	1.416687335323000e-02	1.928573919029000e-03
5.470000000000000e-01	3.685097212784000e-03	1.505850387902000e-02	1.950351557362000e-03
5.480000000000000e-01	2.635288666031000e-03	1.592264361556000e-02	1.965208455604000e-03
5.490000000000000e-01	1.158515215451000e-03	1.675929256343000e-02	1.973144613907000e-03
5.500000000000000e-01	-3.182582350475000e-04	1.759594151094000e-02	1.981080772105000e-03
5.510000000000000e-01	-1.780048168289000e-03	1.836564066618000e-02	1.969651006141000e-03
5.520000000000000e-01	-3.241838101531000e-03	1.913533982141000e-02	1.958221240177000e-03
5.530000000000000e-01	-4.270034719886000e-03	1.987143488596000e-02	1.940020750957000e-03
5.540000000000000e-01	-4.864638032757000e-03	2.057392586054000e-02	1.915049538627000e-03
5.550000000000000e-01	-5.459241339090000e-03	2.127641683480000e-02	1.890078326297000e-03
5.560000000000000e-01	-4.847849525427000e-03	2.191969961008000e-02	1.865240145663000e-03
5.570000000000001e-01	-4.236457711764000e-03	2.256298238536000e-02	1.840401965028000e-03
5.580000000000001e-01	-3.205807652261000e-03	2.318079046060000e-02	1.822370579983000e-03
5.590000000000001e-01	-1.755899356010000e-03	2.377312383635000e-02	1.811145990379000e-03
5.600000000000001e-01	-3.059910598385000e-04	2.436545721183000e-02	1.799921400879000e-03
5.610000000000001e-01	1.129272809337000e-03	2.490754132318000e-02	1.807738636411000e-03
5.620000000000001e-01	2.564536678513000e-03	2.544962543453000e-02	1.815555871944000e-03
5.629999999999999e-01	3.573948199342000e-03	2.596162766744000e-02	1.830035414804000e-03
5.639999999999999e-01	4.157507381061000e-03	2.644354802256000e-02	1.851177264847000e-03
5.649999999999999e-01	4.741066556358000e-03	2.692546837726000e-02	1.872319114890000e-03
5.659999999999999e-01	4.139879236317000e-03	2.733016182361000e-02	1.893355792401000e-03
5.669999999999999e-01	3.538691916276000e-03	2.773485526997000e-02	1.914392469911000e-03
5.679999999999999e-01	2.525481697599000e-03	2.809279339016000e-02	1.928755026358000e-03
5.690000000000000e-01	1.100248589220000e-03	2.840397618522000e-02	1.936443461885000e-03
5.700000000000000e-01	-3.249845190839000e-04	2.871515897972000e-02	1.944131897310000e-03
5.710000000000000e-01	-1.736256807926000e-03	2.892507155198000e-02	1.933136273599000e-03
5.720000000000000e-01	-3.147529096768000e-03	2.913498412424000e-02	1.922140649888000e-03
5.730000000000000e-01	-4.140578085998000e-03	2.929617457046000e-02	1.904609658965000e-03
5.740000000000000e-01	-4.715403784687000e-03	2.940864289170000e-02	1.880543300972000e-03
5.750000000000000e-01	-5.290229477065000e-03	2.952111121248000e-02	1.856476942979000e-03
5.760000000000000e-01	-4.701098975683000e-03	2.954819212330000e-02	1.832533063022000e-03
5.770000000000000e-01	-4.111968474302000e-03	2.957527303412000e-02	1.808589183064000e-03
5.780000000000000e-01	-3.117921893465000e-03	2.956592898553000e-02	1.791213204130000e-03
5.790000000000000e-01	-1.718959241952000e-03	2.952015997833000e-02	1.780405126076000e-03
5.800000000000000e-01	-3.199965905128000e-04	2.947439097075000e-02	1.769597048122000e-03
5.810000000000000e-01	1.065462531159000e-03	2.936120723031000e-02	1.777170791884000e-03
5.820000000000000e-01	2.450921652830000e-03	2.924802348987000e-02	1.784744535646000e-03
5.830000000000000e-01	3.425447388152000e-03	2.909880231544000e-02	1.798752386891000e-03
5.840000000000000e-01	3.989039746035000e-03	2.891354370781000e-02	1.819194345478000e-03
5.850000000000000e-01	4.552632097717000e-03	2.872828509973000e-02	1.839636304066000e-03
5.860000000000000e-01	3.972247664364000e-03	2.845949828688000e-02	1.859981192535000e-03
5.870000000000000e-01	3.391863231011000e-03	2.819071147402000e-02	1.880326081004000e-03
5.880000000000000e-01	2.413405657593000e-03	2.787484436502000e-02	1.894226502108000e-03
5.890000000000000e-01	1.036874952743000e-03	2.751189696090000e-02	1.901682455987000e-03
5.900000000000000e-01	-3.396557520353000e-04	2.714894955626000e-02	1.909138409768000e-03
5.910000000000000e-01	-1.703115108988000e-03	2.668947296171000e-02	1.898545792514000e-03
5.920000000000000e-01	-3.066574465941000e-03	2.622999636717000e-02	1.887953175260000e-03
5.930000000000000e-01	-4.026115524559000e-03	2.572666449718000e-02	1.871044737435000e-03
5.940000000000000e-01	-4.581738293599000e-03	2.517947735271000e-02	1.847820479178000e-03
5.950000000000000e-01	-5.137361056542000e-03	2.463229020785000e-02	1.824596220922000e-03
5.960000000000000e-01	-4.568214759315000e-03	2.401412392140000e-02	1.801484990438000e-03
5.970000000000000e-01	-3.999068462088000e-03	2.339595763495000e-02	1.778373759954000e-03
5.980000000000000e-01	-3.038392710838000e-03	2.275086125250000e-02	1.761607739766000e-03
5.990000000000000e-01	-1.686187514057000e-03	2.207883477463000e-02	1.751186929736000e-03
6.000000000000000e-01	-3.339823173435000e-04	2.140680829652000e-02	1.740766119802000e-03
6.010000000000000e-01	1.005751347389000e-03	2.069105908692000e-02	1.748111361336000e-03
6.020000000000000e-01	2.345485012122000e-03	1.997530987732000e-02	1.755456602870000e-03
6.030000000000000e-01	3.288196103169000e-03	1.923780904236000e-02	1.769022873317000e-03
6.040000000000000e-01	3.833884629138000e-03	1.847855658249000e-02	1.788810172544000e-03
6.050000000000000e-01	4.379573149112000e-03	1.771930412236000e-02	1.808597471770000e-03
6.060000000000000e-01	3.819339696093000e-03	1.690999928707000e-02	1.828294987280000e-03
6.070000000000000e-01	3.259106243073000e-03	1.610069445178000e-02	1.847992502790000e-03
6.080000000000000e-01	2.313831867200000e-03	1.526336627741000e-02	1.861459928750000e-03
6.090000000000000e-01	9.835165768236000e-04	1.439801476455000e-02	1.868697265295000e-03
6.100000000000000e-01	-3.467987134861000e-04	1.353266325141000e-02	1.875934601746000e-03
6.110000000000000e-01	-1.664861009563000e-03	1.261299084965000e-02	1.865717049103000e-03
6.120000000000000e-01	-2.982923305640000e-03	1.169331844789000e-02	1.855499496461000e-03
6.130000000000000e-01	-3.910436066837000e-03	1.075260910347000e-02	1.839171400105000e-03
6.140000000000000e-01	-4.447399301622000e-03	9.790862816857000e-03	1.816732760170000e-03
6.150000000000000e-01	-4.984362530508000e-03	8.829116530117000e-03	1.794294120234000e-03
6.160000000000000e-01	-4.433216810964000e-03	7.844873850846000e-03	1.771960016243000e-03
6.170000000000000e-01	-3.882071091419000e-03	6.860631171575000e-03	1.749625912252000e-03
6.180000000000000e-01	-2.951941509650000e-03	5.874942449096000e-03	1.733428938677000e-03
6.190000000000000e-01	-1.642828073874000e-03	4.887807683442000e-03	1.723369095384000e-03
6.200000000000000e-01	-3.337146381618000e-04	3.900672917839000e-03	1.713309252184000e-03
6.210000000000000e-01	9.638200710481000e-04	2.923121874778000e-03	1.720439624995000e-03
6.220000000000000e-01	2.261354780258000e-03	1.945570831717000e-03	1.727569997806000e-03
6.230000000000000e-01	3.174846752517000e-03	9.740514821068000e-04	1.740721989482000e-03
6.240000000000000e-01	3.704295996154000e-03	8.563825816602000e-06	1.759895599892000e-03
6.250000000000000e-01	4.233745233988000e-03	-9.569238304326000e-04	1.779069210302000e-03
6.260000000000000e-01	3.692832492306000e-03	-1.914840185150000e-03	1.798159614226000e-03
6.270000000000000e-01	3.151919750624000e-03	-2.872756539867000e-03	1.817250018150000e-03
6.280000000000000e-01	2.238147867574000e-03	-3.829083718068000e-03	1.830310909511000e-03
6.290000000000000e-01	9.515168512396000e-04	-4.783821719788000e-03	1.837342288440000e-03
6.300000000000000e-01	-3.351141650323000e-04	-5.738559721476000e-03	1.844373667277000e-03
6.310000000000000e-01	-1.610286840260000e-03	-6.687486863475000e-03	1.834506024981000e-03
6.320000000000000e-01	-2.885459515489000e-03	-7.636414005473000e-03	1.824638382685000e-03
6.330000000000000e-01	-3.782622939954000e-03	-8.576252376207001e-03	1.808852549728000e-03
6.340000000000000e-01	-4.301777121854000e-03	-9.507001975874001e-03	1.787148526239000e-03
6.350000000000000e-01	-4.820931298042000e-03	-1.043775157534000e-02	1.765444502751000e-03
6.360000000000000e-01	-4.286381647918000e-03	-1.133131164842000e-02	1.743837356848000e-03
6.370000000000000e-01	-3.751831997794000e-03	-1.222487172150000e-02	1.722230210946000e-03
6.380000000000000e-01	-2.850096160121000e-03	-1.309054408606000e-02	1.706565333146000e-03
6.390000000000000e-01	-1.581174142863000e-03	-1.392832874269000e-02	1.696842723321000e-03
6.400000000000000e-01	-3.122521256644000e-04	-1.476611339895000e-02	1.687120113586000e-03
6.410000000000000e-01	9.458345646606000e-04	-1.553689195381000e-02	1.694048054493000e-03
6.420000000000000e-01	2.203921254986000e-03	-1.630767050867000e-02	1.700975995400000e-03
6.430000000000000e-01	3.090090962261000e-03	-1.704439640131000e-02	1.713738538413000e-03
6.440000000000000e-01	3.604343694550000e-03	-1.774706963249000e-02	1.732335683407000e-03
6.450000000000000e-01	4.118596421218000e-03	-1.844974286333000e-02	1.750932828400000e-03
6.460000000000000e-01	3.595766203863000e-03	-1.909040838126000e-02	1.769452720995000e-03
6.470000000000000e-01	3.072935986509000e-03	-1.973107389919000e-02	1.787972613590000e-03
6.480000000000000e-01	2.188648477753000e-03	-2.034395198123000e-02	1.800651059964000e-03
6.490000000000000e-01	9.429036854348000e-04	-2.092904262799000e-02	1.807488060245000e-03
6.500000000000000e-01	-3.028411068259000e-04	-2.151413327445000e-02	1.814325060437000e-03
6.510000000000000e-01	-1.537914721710000e-03	-2.204368755735000e-02	1.804784593979000e-03
6.520000000000000e-01	-2.772988336594000e-03	-2.257324184025000e-02	1.795244127521000e-03
6.530000000000000e-01	-3.641845580427000e-03	-2.307052547633000e-02	1.779966083253000e-03
6.540000000000000e-01	-4.144486461150000e-03	-2.353553846629000e-02	1.758950461301000e-03
6.550000000000000e-01	-4.647127336336000e-03	-2.400055145582000e-02	1.737934839349000e-03
6.560000000000000e-01	-4.128425201785000e-03	-2.438594134082000e-02	1.717009169614000e-03
6.570000000000000e-01	-3.609723067235000e-03	-2.477133122582000e-02	1.696083499879000e-03
6.580000000000000e-01	-2.734951769666000e-03	-2.510974371024000e-02	1.680917234634000e-03
6.590000000000000e-01	-1.504111316801000e-03	-2.540117879512000e-02	1.671510373755000e-03
6.600000000000000e-01	-2.732708639915000e-04	-2.569261387945000e-02	1.662103512964000e-03
6.610000000000000e-01	9.473491246230000e-04	-2.588320346377000e-02	1.668840405956000e-03
6.620000000000000e-01	2.167969113237000e-03	-2.607379304810000e-02	1.675577298949000e-03
6.630000000000000e-01	3.028026705531000e-03	-2.621556771214000e-02	1.687973050227000e-03
6.640000000000000e-01	3.527521909323000e-03	-2.630852745696000e-02	1.706027659669000e-03
6.650000000000000e-01	4.027017107662000e-03	-2.640148720130000e-02	1.724082269110000e-03
6.660000000000000e-01	3.520646885341000e-03	-2.640726490059000e-02	1.742065029708000e-03
6.670000000000000e-01	3.014276663019000e-03	-2.641304259989000e-02	1.760047790306000e-03
6.680000000000000e-01	2.157149023876000e-03	-2.638072554977000e-02	1.772365793075000e-03
6.690000000000000e-01	9.492639755152000e-04	-2.631031375105000e-02	1.779019038137000e-03
6.700000000000000e-01	-2.586210727914000e-04	-2.623990195194000e-02	1.785672283114000e-03
6.710000000000000e-01	-1.456596951780000e-03	-2.609827262003000e-02	1.776438379561000e-03
6.720000000000000e-01	-2.654572830769000e-03	-2.595664328812000e-02	1.767204476009000e-03
6.730000000000000e-01	-3.497433419957000e-03	-2.577757493109000e-02	1.752402908706000e-03
6.740000000000000e-01	-3.985178727044000e-03	-2.556106754975000e-02	1.732033677773000e-03
6.750000000000000e-01	-4.472924028759000e-03	-2.534456016795000e-02	1.711664446841000e-03
6.760000000000000e-01	-3.969797586102000e-03	-2.504371627458000e-02	1.691378887754000e-03
6.770000000000000e-01	-3.466671143446000e-03	-2.474287238122000e-02	1.671093328666000e-03
6.780000000000000e-01	-2.617956238563000e-03	-2.439552300931000e-02	1.656395235742000e-03
6.790000000000000e-01	-1.423652878948000e-03	-2.400166815987000e-02	1.647284608861000e-03
6.800000000000000e-01	-2.293495193864000e-04	-2.360781330991000e-02	1.638173982065000e-03
6.810000000000000e-01	9.552670064796000e-04	-2.311951054839000e-02	1.644730271324000e-03
6.820000000000001e-01	2.139883532346000e-03	-2.263120778686000e-02	1.651286560583000e-03
6.830000000000001e-01	2.974608139051000e-03	-2.209985622184000e-02	1.663336249647000e-03
6.840000000000001e-01	3.459440834184000e-03	-2.152545585427000e-02	1.680879338398000e-03
6.850000000000001e-01	3.944273524023000e-03	-2.095105548631000e-02	1.698422427149000e-03
6.860000000000001e-01	3.452617086214000e-03	-2.030586873433000e-02	1.715898585472000e-03
6.870000000000001e-01	2.960960648405000e-03	-1.966068198236000e-02	1.733374743795000e-03
6.879999999999999e-01	2.128626087844000e-03	-1.898797318746000e-02	1.745352455594000e-03
6.889999999999999e-01	9.556134119176000e-04	-1.828774235023000e-02	1.751831720988000e-03
6.899999999999999e-01	-2.173992639589000e-04	-1.758751151276000e-02	1.758310986298000e-03
6.909999999999999e-01	-1.381200725237000e-03	-1.684199541695000e-02	1.749364904652000e-03
6.919999999999999e-01	-2.545002186515000e-03	-1.609647932115000e-02	1.740418823005000e-03
6.929999999999999e-01	-3.364136224442000e-03	-1.532891921427000e-02	1.726065213776000e-03
6.940000000000000e-01	-3.838602846491000e-03	-1.453931509677000e-02	1.706304077082000e-03
6.950000000000000e-01	-4.313069463324000e-03	-1.374971097902000e-02	1.686542940387000e-03
6.960000000000000e-01	-3.825364172415000e-03	-1.291136587435000e-02	1.666859762043000e-03
6.970000000000000e-01	-3.337658881507000e-03	-1.207302076969000e-02	1.647176583700000e-03
6.980000000000000e-01	-2.514240615709000e-03	-1.120823090521000e-02	1.632918907866000e-03
6.990000000000000e-01	-1.355109382302000e-03	-1.031699628151000e-02	1.624086734425000e-03
7.000000000000000e-01	-1.959781489451000e-04	-9.425761657526000e-03	1.615254561067000e-03
7.010000000000000e-01	9.539742130719000e-04	-8.484228944369000e-03	1.621639846750000e-03
7.020000000000000e-01	2.103926575089000e-03	-7.542696231212000e-03	1.628025132433000e-03
7.030000000000000e-01	2.914056078949000e-03	-6.581904604277000e-03	1.639747768480000e-03
7.040000000000000e-01	3.384362732022000e-03	-5.601854063983000e-03	1.656807754773000e-03
7.050000000000000e-01	3.854669379951000e-03	-4.621803523578000e-03	1.673867741066000e-03
7.060000000000000e-01	3.376225807211000e-03	-3.621433436264000e-03	1.690865285975000e-03
7.070000000000000e-01	2.897782234471000e-03	-2.621063348950000e-03	1.707862830884000e-03
7.080000000000000e-01	2.088194429117000e-03	-1.619657383860000e-03	1.719518750905000e-03
7.090000000000000e-01	9.474623983300000e-04	-6.172155410161000e-04	1.725833046154000e-03
7.100000000000000e-01	-1.932696324103000e-04	3.852263017734000e-04	1.732147341322000e-03
7.110000000000000e-01	-1.325386581781000e-03	1.377699820517000e-03	1.723471990330000e-03
7.120000000000000e-01	-2.457503531151000e-03	2.370173339262000e-03	1.714796639339000e-03
7.130000000000000e-01	-3.254781772135000e-03	3.356010999963000e-03	1.700864939385000e-03
7.140000000000000e-01	-3.717221311994000e-03	4.335212802764000e-03	1.681676890581000e-03
7.150000000000000e-01	-4.179660846783000e-03	5.314414605510000e-03	1.662488841778000e-03
7.160000000000000e-01	-3.706964399540000e-03	6.283163616533000e-03	1.643373543118000e-03
7.170000000000000e-01	-3.234267952297000e-03	7.251912627557000e-03	1.624258244457000e-03
7.180000000000000e-01	-2.435159247073000e-03	8.216825403827999e-03	1.610415618463000e-03
7.190000000000000e-01	-1.309638290945000e-03	9.177901945430000e-03	1.601845665020000e-03
7.200000000000000e-01	-1.841173348643000e-04	1.013897848697000e-02	1.593275711658000e-03
7.210000000000000e-01	9.327479522120001e-04	1.108907221270000e-02	1.599498853648000e-03
7.220000000000000e-01	2.049613239288000e-03	1.203916593842000e-02	1.605721995637000e-03
7.230000000000000e-01	2.836191258863000e-03	1.297787915260000e-02	1.617135068113000e-03
7.240000000000000e-01	3.292482018098000e-03	1.390521185547000e-02	1.633738070962000e-03
7.250000000000000e-01	3.748772772333000e-03	1.483254455813000e-02	1.650341073811000e-03
7.260000000000000e-01	3.282582467846000e-03	1.571956370278000e-02	1.666885738925000e-03
7.270000000000000e-01	2.816392163359000e-03	1.660658284743000e-02	1.683430404038000e-03
7.280000000000000e-01	2.028104959452000e-03	1.746487683575000e-02	1.694781561409000e-03
7.290000000000000e-01	9.177208631077000e-04	1.829444566836000e-02	1.700939211148000e-03
7.300000000000000e-01	-1.926632331921000e-04	1.912401450061000e-02	1.707096860809000e-03
7.310000000000000e-01	-1.294911423908000e-03	1.988549361887000e-02	1.698676605253000e-03
7.320000000000000e-01	-2.397159614623000e-03	2.064697273714000e-02	1.690256349697000e-03
7.330000000000000e-01	-3.173819419251000e-03	2.137356335704000e-02	1.676722693125000e-03
7.340000000000000e-01	-3.624890844850000e-03	2.206526547934000e-02	1.658075635647000e-03
7.350000000000000e-01	-4.075962265518000e-03	2.275696760128000e-02	1.639428578169000e-03
7.360000000000000e-01	-3.617388624259000e-03	2.338360668811000e-02	1.620849509929000e-03
7.370000000000000e-01	-3.158814983001000e-03	2.401024577495000e-02	1.602270441689000e-03
7.380000000000000e-01	-2.382594756301000e-03	2.460690789760000e-02	1.588819601555000e-03
7.390000000000000e-01	-1.288727951048000e-03	2.517359305672000e-02	1.580496989414000e-03
7.400000000000000e-01	-1.948611458396000e-04	2.574027821552000e-02	1.572174377352000e-03
7.410000000000000e-01	8.908979433362000e-04	2.624660695610000e-02	1.578243556742000e-03
7.420000000000000e-01	1.976657032512000e-03	2.675293569668000e-02	1.584312736132000e-03
7.430000000000000e-01	2.741177372389000e-03	2.722496057850000e-02	1.595432364561000e-03
7.440000000000000e-01	3.184458969932000e-03	2.766268160229000e-02	1.611602441919000e-03
7.450000000000000e-01	3.627740562609000e-03	2.810040262564000e-02	1.627772519277000e-03
7.460000000000000e-01	3.173460523129000e-03	2.845600891147000e-02	1.643888024778000e-03
7.470000000000000e-01	2.719180483649000e-03	2.881161519730000e-02	1.660003530278000e-03
7.480000000000000e-01	1.951401584081000e-03	2.911978002207000e-02	1.671065644897000e-03
7.490000000000000e-01	8.701238312228000e-04	2.938050338679000e-02	1.677074368743000e-03
7.500000000000000e-01	-2.111539215929000e-04	2.964122675096000e-02	1.683083092513000e-03
7.510000000000000e-01	-1.284675819267000e-03	2.980092717611000e-02	1.674903607773000e-03
7.520000000000000e-01	-2.358197716941000e-03	2.996062760127000e-02	1.666724123032000e-03
7.530000000000000e-01	-3.114855584886000e-03	3.007124037527000e-02	1.653566604240000e-03
7.540000000000000e-01	-3.554649429973000e-03	3.013276549918000e-02	1.635431051504000e-03
7.550000000000000e-01	-3.994443270259000e-03	3.019429062261000e-02	1.617295498768000e-03
7.560000000000000e-01	-3.548676749026000e-03	3.016696119702000e-02	1.599223567930000e-03
7.570000000000000e-01	-3.102910227793000e-03	3.013963177144000e-02	1.581151637091000e-03
7.580000000000000e-01	-2.347779631758000e-03	3.007283114386000e-02	1.568071204031000e-03
7.590000000000000e-01	-1.283284967628000e-03	2.996655931515000e-02	1.559982268640000e-03
7.600000000000000e-01	-2.187903035397000e-04	2.986028748602000e-02	1.551893333325000e-03
7.610000000000000e-01	8.381452642537000e-04	2.967978723124000e-02	1.557816121981000e-03
7.620000000000000e-01	1.895080832047000e-03	2.949928697646000e-02	1.563738910637000e-03
7.630000000000000e-01	2.639364567624000e-03	2.928027147858000e-02	1.574579984462000e-03
7.640000000000000e-01	3.070996477763000e-03	2.902274073846000e-02	1.590339343348000e-03
7.650000000000000e-01	3.502628383165000e-03	2.876520999788000e-02	1.606098702233000e-03
7.660000000000000e-01	3.060344495548000e-03	2.842281204283000e-02	1.621806955162000e-03
7.670000000000000e-01	2.618060607930000e-03	2.808041408779000e-02	1.637515208091000e-03
7.680000000000000e-01	1.870444853915000e-03	2.769204418795000e-02	1.648302815201000e-03
7.690000000000000e-01	8.174972401218000e-04	2.725770234432000e-02	1.654169776599000e-03
7.700000000000000e-01	-2.354503736307000e-04	2.682336050019000e-02	1.660036737923000e-03
7.710000000000000e-01	-1.280968089044000e-03	2.629645282759000e-02	1.652084856536000e-03
7.720000000000000e-01	-2.326485804457000e-03	2.576954515498000e-02	1.644132975148000e-03
7.730000000000000e-01	-3.063398739579000e-03	2.520040043172000e-02	1.631331427906000e-03
7.740000000000000e-01	-3.491706901101000e-03	2.458901865872000e-02	1.613680214915000e-03
7.750000000000000e-01	-3.920015057946000e-03	2.397763688535000e-02	1.596029001924000e-03
7.760000000000000e-01	-3.485592041806000e-03	2.329609844564000e-02	1.578437392464000e-03
7.770000000000000e-01	-3.051169025665000e-03	2.261456000593000e-02	1.560845783005000e-03
7.780000000000000e-01	-2.315240105677000e-03	2.190533024024000e-02	1.548116056993000e-03
7.790000000000000e-01	-1.277805288381000e-03	2.116840914918000e-02	1.540248214323000e-03
7.800000000000000e-01	-2.403704711226000e-04	2.043148805787000e-02	1.532380371727000e-03
7.810000000000000e-01	7.900103428782000e-04	1.964873375817000e-02	1.538163795442000e-03
7.820000000000000e-01	1.820391156879000e-03	1.886597945847000e-02	1.543947219157000e-03
7.830000000000000e-01	2.546258170517000e-03	1.806132117577000e-02	1.554523528828000e-03
7.840000000000000e-01	2.967611390396000e-03	1.723475891056000e-02	1.569892724349000e-03
7.850000000000000e-01	3.388964605659000e-03	1.640819664509000e-02	1.585261919869000e-03
7.860000000000000e-01	2.958824885880000e-03	1.553470527632000e-02	1.600583213993000e-03
7.870000000000000e-01	2.528685166102000e-03	1.466121390756000e-02	1.615904508116000e-03
7.880000000000000e-01	1.800958360591000e-03	1.376292922718000e-02	1.626431093446000e-03
7.890000000000000e-01	7.756444758002001e-04	1.283985123574000e-02	1.632162970086000e-03
7.900000000000000e-01	-2.496694089522000e-04	1.191677324405000e-02	1.637894846653000e-03
7.910000000000000e-01	-1.267878168047000e-03	1.094743194482000e-02	1.630158447213000e-03
7.920000000000000e-01	-2.286086927142000e-03	9.978090645597000e-03	1.622422047772000e-03
7.930000000000000e-01	-3.003544654826000e-03	8.991356315356001e-03	1.609957869663000e-03
7.940000000000000e-01	-3.420251357620000e-03	7.987228954474001e-03	1.592765912987000e-03
7.950000000000000e-01	-3.836958055855000e-03	6.983101593497000e-03	1.575573956312000e-03
7.960000000000000e-01	-3.412649936728000e-03	5.961368565664000e-03	1.558437883620000e-03
7.970000000000000e-01	-2.988341817601000e-03	4.939635537830000e-03	1.541301810929000e-03
7.980000000000000e-01	-2.270016762039000e-03	3.917717477582000e-03	1.528904582997000e-03
7.990000000000000e-01	-1.257674776418000e-03	2.895614384925000e-03	1.521246199722000e-03
8.000000000000000e-01	-2.453327908328000e-04	1.873511292329000e-03	1.513587816519000e-03
8.010000000000000e-01	7.603754015997000e-04	8.627672682017000e-04	1.519238391572000e-03
8.020000000000000e-01	1.766083594032000e-03	-1.479767559253000e-04	1.524888966625000e-03
8.030000000000000e-01	2.474979294600000e-03	-1.151061747638000e-03	1.535213300446000e-03
8.040000000000000e-01	2.887062509740000e-03	-2.146487707103000e-03	1.550211392935000e-03
8.050000000000000e-01	3.299145720379000e-03	-3.141913666493000e-03	1.565209485423000e-03
8.060000000000000e-01	2.880985988396000e-03	-4.123532716020000e-03	1.580162666941000e-03
8.070000000000001e-01	2.462826256413000e-03	-5.105151765548000e-03	1.595115848458000e-03
8.080000000000001e-01	1.754413776689000e-03	-6.080629664519000e-03	1.605393962439000e-03
8.090000000000001e-01	7.557485555175000e-04	-7.049966413066000e-03	1.610997008985000e-03
8.100000000000001e-01	-2.429166656174000e-04	-8.019303161525999e-03	1.616600055460000e-03
8.110000000000001e-01	-1.234837481753000e-03	-8.972523419476000e-03	1.609067974858000e-03
8.120000000000001e-01	-2.226758297889000e-03	-9.925743677426000e-03	1.601535894256000e-03
8.129999999999999e-01	-2.925423450972000e-03	-1.086525095104000e-02	1.589391904110000e-03
8.139999999999999e-01	-3.330832947361000e-03	-1.179104524060000e-02	1.572636004519000e-03
8.149999999999999e-01	-3.736242439304000e-03	-1.271683952993000e-02	1.555880104929000e-03
8.159999999999999e-01	-3.321353626347000e-03	-1.359881238617000e-02	1.539176610847000e-03
8.169999999999999e-01	-2.906464813390000e-03	-1.448078524240000e-02	1.522473116765000e-03
8.179999999999999e-01	-2.204719574250000e-03	-1.533285944088000e-02	1.510391511286000e-03
8.190000000000000e-01	-1.216117915146000e-03	-1.615503498224000e-02	1.502931794308000e-03
8.200000000000000e-01	-2.275162560771000e-04	-1.697721052323000e-02	1.495472077400000e-03
8.210000000000000e-01	7.547698754848000e-04	-1.772945251762000e-02	1.500995838013000e-03
8.220000000000000e-01	1.737056007047000e-03	-1.848169451202000e-02	1.506519598625000e-03
8.230000000000000e-01	2.429816491120000e-03	-1.919792187175000e-02	1.516603820238000e-03
8.240000000000000e-01	2.833051333985000e-03	-1.987813459759000e-02	1.531248502754000e-03
8.250000000000000e-01	3.236286172457000e-03	-2.055834732306000e-02	1.545893185270000e-03
8.260000000000000e-01	2.829425304261000e-03	-2.117022066962000e-02	1.560495785989000e-03
8.270000000000000e-01	2.422564436065000e-03	-2.178209401617000e-02	1.575098386708000e-03
8.280000000000000e-01	1.732398850857000e-03	-2.236186549579000e-02	1.585139733234000e-03
8.290000000000000e-01	7.589285547808000e-04	-2.290953510918000e-02	1.590619825666000e-03
8.300000000000000e-01	-2.145417412613000e-04	-2.345720472221000e-02	1.596099918029000e-03
8.310000000000000e-01	-1.181669004284000e-03	-2.393998888445000e-02	1.588761866722000e-03
8.320000000000000e-01	-2.148796267306000e-03	-2.442277304669000e-02	1.581423815415000e-03
8.330000000000000e-01	-2.829832316507000e-03	-2.486931944262000e-02	1.569584121785000e-03
8.340000000000000e-01	-3.224777158091000e-03	-2.527962807300000e-02	1.553242785927000e-03
8.350000000000000e-01	-3.619721995336000e-03	-2.568993670294000e-02	1.536901450071000e-03
8.360000000000000e-01	-3.214156134414000e-03	-2.601557436312000e-02	1.520609219773000e-03
8.370000000000000e-01	-2.808590273492000e-03	-2.634121202331000e-02	1.504316989475000e-03
8.380000000000000e-01	-2.123020967040000e-03	-2.661878531777000e-02	1.492535323729000e-03
8.390000000000000e-01	-1.157448221128000e-03	-2.684829424754000e-02	1.485264222439000e-03
8.400000000000000e-01	-1.918754752496000e-04	-2.707780317676000e-02	1.477993121217000e-03
8.410000000000000e-01	7.676149388134000e-04	-2.720572248518000e-02	1.483395648064000e-03
8.420000000000000e-01	1.727105352876000e-03	-2.733364179359000e-02	1.488798174911000e-03
8.430000000000000e-01	2.403979016962000e-03	-2.741209236645000e-02	1.498653300211000e-03
8.440000000000000e-01	2.798235937199000e-03	-2.744107420482000e-02	1.512961023867000e-03
8.450000000000000e-01	3.192492853148000e-03	-2.747005604271000e-02	1.527268747523000e-03
8.460000000000000e-01	2.795795193780000e-03	-2.740863016370000e-02	1.541537126422000e-03
8.470000000000000e-01	2.399097534412000e-03	-2.734720428469000e-02	1.555805505321000e-03
8.480000000000000e-01	1.725695494578000e-03	-2.724515301692000e-02	1.565621048843000e-03
8.490000000000000e-01	7.755890802791000e-04	-2.710247636126000e-02	1.570983757084000e-03
8.500000000000000e-01	-1.745173339877000e-04	-2.695979970519000e-02	1.576346465257000e-03
8.510000000000000e-01	-1.118693465710000e-03	-2.674047721640000e-02	1.569192987628000e-03
8.520000000000000e-01	-2.062869597432000e-03	-2.652115472760000e-02	1.562039509999000e-03
8.530000000000000e-01	-2.727796405324000e-03	-2.626249341383000e-02	1.550489424859000e-03
8.540000000000000e-01	-3.113473895441000e-03	-2.596449327593000e-02	1.534542732301000e-03
8.550000000000000e-01	-3.499151381321000e-03	-2.566649313758000e-02	1.518596039744000e-03
8.560000000000000e-01	-3.103209191911000e-03	-2.528335158936000e-02	1.502695241448000e-03
8.570000000000000e-01	-2.707267002501000e-03	-2.490021004114000e-02	1.486794443152000e-03
8.580000000000000e-01	-2.037870587315000e-03	-2.447163711549000e-02	1.475298090013000e-03
8.590000000000000e-01	-1.095019952283000e-03	-2.399763281339000e-02	1.468206181935000e-03
8.600000000000000e-01	-1.521693172820000e-04	-2.352362851079000e-02	1.461114273924000e-03
8.610000000000000e-01	7.847910032942001e-04	-2.295887689234000e-02	1.466400665985000e-03
8.620000000000000e-01	1.721751323870000e-03	-2.239412527390000e-02	1.471687058047000e-03
8.630000000000000e-01	2.382672359240000e-03	-2.178798927600000e-02	1.481323264718000e-03
8.640000000000000e-01	2.767554115389000e-03	-2.114046889957000e-02	1.495309285905000e-03
8.650000000000000e-01	3.152435867348000e-03	-2.049294852275000e-02	1.509295307093000e-03
8.660000000000000e-01	2.764610907171000e-03	-1.977627756332000e-02	1.523244723210000e-03
8.670000000000000e-01	2.376785946993000e-03	-1.905960660389000e-02	1.537194139327000e-03
8.680000000000000e-01	1.718556114694000e-03	-1.831540465751000e-02	1.546794162636000e-03
8.690000000000000e-01	7.899214161362000e-04	-1.754367172477000e-02	1.552044793230000e-03
8.700000000000000e-01	-1.387132823916000e-04	-1.677193879178000e-02	1.557295423758000e-03
8.710000000000000e-01	-1.061793183206000e-03	-1.595460233619000e-02	1.550317880983000e-03
8.720000000000000e-01	-1.984873084020000e-03	-1.513726588061000e-02	1.543340338208000e-03
8.730000000000000e-01	-2.635220521967000e-03	-1.429850297385000e-02	1.532066334948000e-03
8.740000000000000e-01	-3.012835502962000e-03	-1.343831361638000e-02	1.516495871294000e-03
8.750000000000000e-01	-3.390450479817000e-03	-1.257812425867000e-02	1.500925407641000e-03
8.760000000000000e-01	-3.004451999264000e-03	-1.167323965633000e-02	1.485397614235000e-03
8.770000000000000e-01	-2.618453518712000e-03	-1.076835505398000e-02	1.469869820829000e-03
8.780000000000000e-01	-1.965242480654000e-03	-9.840415024829000e-03	1.458645144422000e-03
8.790000000000000e-01	-1.044818890886000e-03	-8.889419569371001e-03	1.451723584921000e-03
8.800000000000000e-01	-1.243953011492000e-04	-7.938424113683999e-03	1.444802025486000e-03
8.810000000000000e-01	7.903396090441000e-04	-6.945274782941000e-03	1.449976894397000e-03
8.820000000000000e-01	1.705074519237000e-03	-5.952125452198000e-03	1.455151763307000e-03
8.830000000000000e-01	2.350062163616000e-03	-4.943539882630000e-03	1.464578400733000e-03
8.840000000000000e-01	2.725302548029000e-03	-3.919518074571000e-03	1.478256806581000e-03
8.850000000000000e-01	3.100542928348000e-03	-2.895496266433000e-03	1.491935212429000e-03
8.860000000000000e-01	2.720538100640000e-03	-1.857009301016000e-03	1.505579850619000e-03
8.870000000000000e-01	2.340533272932000e-03	-8.185223355992000e-04	1.519224488809000e-03
8.880000000000000e-01	1.696165768367000e-03	2.189684605773000e-04	1.528618606166000e-03
8.890000000000000e-01	7.874355926776000e-04	1.255463087535000e-03	1.533762202784000e-03
8.900000000000000e-01	-1.212945829829000e-04	2.291957714419000e-03	1.538905799337000e-03
8.910000000000000e-01	-1.024764243693000e-03	3.314959862726000e-03	1.532096340820000e-03
8.920000000000000e-01	-1.928233904404000e-03	4.337962011033000e-03	1.525286882303000e-03
8.930000000000000e-01	-2.565161874420000e-03	5.351971977212000e-03	1.514276561432000e-03
8.940000000000000e-01	-2.935548159520000e-03	6.356989761457000e-03	1.499065378298000e-03
8.950000000000000e-01	-3.305934440574000e-03	7.362007545608000e-03	1.483854195164000e-03
8.960000000000000e-01	-2.929844253817000e-03	8.349506567618001e-03	1.468682355854000e-03
8.970000000000000e-01	-2.553754067060000e-03	9.337005589628000e-03	1.453510516543000e-03
8.980000000000000e-01	-1.916386010228000e-03	1.031600906229000e-02	1.442544854360000e-03
8.990000000000000e-01	-1.017740088987000e-03	1.128651698578000e-02	1.435785369213000e-03
9.000000000000000e-01	-1.190941677755000e-04	1.225702490916000e-02	1.429025884131000e-03
9.010000000000000e-01	7.741087145895000e-04	1.320630252377000e-02	1.434093354643000e-03
9.020000000000000e-01	1.667311596955000e-03	1.415558013837000e-02	1.439160825155000e-03
9.030000000000000e-01	2.296807730558000e-03	1.508878608107000e-02	1.448386405939000e-03
9.040000000000000e-01	2.662597121119000e-03	1.600592035221000e-02	1.461770096905000e-03
9.050000000000000e-01	3.028386507676000e-03	1.692305462310000e-02	1.475153787871000e-03
9.060000000000000e-01	2.655683762961000e-03	1.779260584181000e-02	1.488506706647000e-03
9.070000000000000e-01	2.282981018246000e-03	1.866215706052000e-02	1.501859625423000e-03
9.080000000000000e-01	1.651729098166000e-03	1.950041259978000e-02	1.511056718196000e-03
9.090000000000000e-01	7.619280083273000e-04	2.030737246028000e-02	1.516097985056000e-03
9.100000000000000e-01	-1.278730814835000e-04	2.111433232039000e-02	1.521139251852000e-03
9.110000000000000e-01	-1.012610217838000e-03	2.184901347840000e-02	1.514490752073000e-03
9.120000000000000e-01	-1.897347354192000e-03	2.258369463642000e-02	1.507842252293000e-03
9.130000000000000e-01	-2.521418603817000e-03	2.328105120841000e-02	1.497084307012000e-03
9.140000000000000e-01	-2.884823972365000e-03	2.394108319520000e-02	1.482216916320000e-03
9.150000000000000e-01	-3.248229336954000e-03	2.460111518160000e-02	1.467349525627000e-03
9.160000000000000e-01	-2.881464904515000e-03	2.518942540930000e-02	1.452518036252000e-03
9.170000000000000e-01	-2.514700472076000e-03	2.577773563701000e-02	1.437686546877000e-03
9.180000000000000e-01	-1.892299330062000e-03	2.633189462573000e-02	1.426968303963000e-03
9.190000000000000e-01	-1.014261484017000e-03	2.685190237621000e-02	1.420363307422000e-03
9.200000000000000e-01	-1.362236379999000e-04	2.737191012631000e-02	1.413758310944000e-03
9.210000000000000e-01	7.366641247900000e-04	2.782278027015000e-02	1.418722117542000e-03
9.220000000000000e-01	1.609551887580000e-03	2.827365041399000e-02	1.423685924139000e-03
9.230000000000000e-01	2.224537336005000e-03	2.868646060587000e-02	1.432718172425000e-03
9.240000000000000e-01	2.581620475658000e-03	2.906121084663000e-02	1.445818862312000e-03
9.250000000000000e-01	2.938703611394000e-03	2.943596108691000e-02	1.458919552198000e-03
9.260000000000000e-01	2.573376156178000e-03	2.972353186126000e-02	1.471992552960000e-03
9.270000000000000e-01	2.208048700962000e-03	3.001110263561000e-02	1.485065553722000e-03
9.280000000000000e-01	1.589764784650000e-03	3.024992436968000e-02	1.494073593133000e-03
9.290000000000000e-01	7.185244127277000e-04	3.043999706454000e-02	1.499016671281000e-03
9.300000000000000e-01	-1.527159591675000e-04	3.063006975883000e-02	1.503959749368000e-03
9.310000000000000e-01	-1.019013060807000e-03	3.071781723675000e-02	1.497465593795000e-03
9.320000000000001e-01	-1.885310162446000e-03	3.080556471467000e-02	1.490971438223000e-03
9.330000000000001e-01	-2.496530149723000e-03	3.084344104238000e-02	1.480455504739000e-03
9.340000000000001e-01	-2.852673028170000e-03	3.083144622096000e-02	1.465917793431000e-03
9.350000000000001e-01	-3.208815902742000e-03	3.081945139905000e-02	1.451380082123000e-03
9.360000000000001e-01	-2.850333873555000e-03	3.071569564633000e-02	1.436874897346000e-03
9.370000000000001e-01	-2.491851844369000e-03	3.061193989361000e-02	1.422369712570000e-03
9.379999999999999e-01	-1.883108254223000e-03	3.046662280028000e-02	1.411888556893000e-03
9.389999999999999e-01	-1.024103108545000e-03	3.027974436724000e-02	1.405431430228000e-03
9.399999999999999e-01	-1.650979628931000e-04	3.009286593378000e-02	1.398974303625000e-03
9.409999999999999e-01	6.890712854569000e-04	2.982747362162000e-02	1.403838104609000e-03
9.419999999999999e-01	1.543240533807000e-03	2.956208130945000e-02	1.408701905593000e-03
9.429999999999999e-01	2.145075119658000e-03	2.925677355944000e-02	1.417548002170000e-03
9.440000000000000e-01	2.494575048484000e-03	2.891155037246000e-02	1.430376394253000e-03
9.450000000000000e-01	2.844074973476000e-03	2.856632718501000e-02	1.443204786336000e-03
9.460000000000000e-01	2.486576531461000e-03	2.813601111562000e-02	1.456008325178000e-03
9.470000000000000e-01	2.129078089446000e-03	2.770569504622000e-02	1.468811864020000e-03
9.480000000000000e-01	1.523985547264000e-03	2.723056466015000e-02	1.477637689574000e-03
9.490000000000000e-01	6.712989102850000e-04	2.671061995839000e-02	1.482485801929000e-03
9.500000000000000e-01	-1.813877266679000e-04	2.619067525615000e-02	1.487333914222000e-03
9.510000000000000e-01	-1.029230095319000e-03	2.558189910166000e-02	1.480987518498000e-03
9.520000000000000e-01	-1.877072463971000e-03	2.497312294718000e-02	1.474641122774000e-03
9.530000000000000e-01	-2.475181110580000e-03	2.432391429820000e-02	1.464357350694000e-03
9.540000000000000e-01	-2.823556040563000e-03	2.363427315561000e-02	1.450136202344000e-03
9.550000000000000e-01	-3.171930966753000e-03	2.294463201265000e-02	1.435915053994000e-03
9.560000000000000e-01	-2.820554204699000e-03	2.218725170897000e-02	1.421723616836000e-03
9.570000000000000e-01	-2.469177442645000e-03	2.142987140530000e-02	1.407532179679000e-03
9.580000000000000e-01	-1.872683910295000e-03	2.064542293125000e-02	1.397279161205000e-03
9.590000000000000e-01	-1.031073612963000e-03	1.983390628742000e-02	1.390964561331000e-03
9.600000000000000e-01	-1.894633156558000e-04	1.902238964334000e-02	1.384649961517000e-03
9.610000000000000e-01	6.476077736160000e-04	1.816618785706000e-02	1.389417909978000e-03
9.620000000000000e-01	1.484678862888000e-03	1.730998607077000e-02	1.394185858439000e-03
9.630000000000000e-01	2.074740002873000e-03	1.643314307475000e-02	1.402853010026000e-03
9.640000000000000e-01	2.417791198927000e-03	1.553565886945000e-02	1.415419364653000e-03
9.650000000000000e-01	2.760842391229000e-03	1.463817466392000e-02	1.427985719280000e-03
9.660000000000000e-01	2.411629735338000e-03	1.369866307050000e-02	1.440529177176000e-03
9.670000000000000e-01	2.062417079448000e-03	1.275915147707000e-02	1.453072635071000e-03
9.680000000000000e-01	1.470727367305000e-03	1.179844893163000e-02	1.461721988802000e-03
9.690000000000000e-01	6.365606041684000e-04	1.081655543463000e-02	1.466477238454000e-03
9.700000000000000e-01	-1.976061589429000e-04	9.834661937430000e-03	1.471232488047000e-03
9.710000000000000e-01	-1.027070582099000e-03	8.814901263095001e-03	1.465026670884000e-03
9.720000000000000e-01	-1.856535005255000e-03	7.795140588760000e-03	1.458820853722000e-03
9.730000000000000e-01	-2.441409643853000e-03	6.762023262370000e-03	1.448759199301000e-03
9.740000000000000e-01	-2.781694503197000e-03	5.715549284213000e-03	1.434841707704000e-03
9.750000000000000e-01	-3.121979358825000e-03	4.669075305997000e-03	1.420924216107000e-03
9.760000000000000e-01	-2.776808834275000e-03	3.611687591984000e-03	1.407034885249000e-03
9.770000000000000e-01	-2.431638309724000e-03	2.554299877971000e-03	1.393145554391000e-03
9.780000000000000e-01	-1.846300506978000e-03	1.499373817049000e-03	1.383112790793000e-03
9.790000000000000e-01	-1.020795431244000e-03	4.469094091641000e-04	1.376936594372000e-03
9.800000000000000e-01	-1.952903555344000e-04	-6.055549986323000e-04	1.370760398011000e-03
9.810000000000000e-01	6.259242802017999e-04	-1.641775050959000e-03	1.375437678108000e-03
9.820000000000000e-01	1.447138915938000e-03	-2.677995103286000e-03	1.380114958205000e-03
9.830000000000000e-01	2.026426863812000e-03	-3.703628146149000e-03	1.388611124411000e-03
9.840000000000000e-01	2.363788129071000e-03	-4.718674179776000e-03	1.400926176642000e-03
9.850000000000000e-01	2.701149390653000e-03	-5.733720213287000e-03	1.413241228872000e-03
9.860000000000000e-01	2.360315678756000e-03	-6.727206222990000e-03	1.425533791575000e-03
9.870000000000000e-01	2.019481966859000e-03	-7.720692232692000e-03	1.437826354279000e-03
9.880000000000000e-01	1.441039185853000e-03	-8.703259319614000e-03	1.446304521474000e-03
9.890000000000000e-01	6.249873408914000e-04	-9.674907483990001e-03	1.450968293243000e-03
9.900000000000000e-01	-1.910645040462000e-04	-1.064655564822000e-02	1.455632064954000e-03
9.910000000000000e-01	-1.002642457503000e-03	-1.159181414403000e-02	1.449558722178000e-03
9.920000000000000e-01	-1.814220410960000e-03	-1.253707263983000e-02	1.443485379402000e-03
9.930000000000000e-01	-2.386190289604000e-03	-1.346385680675000e-02	1.433634955815000e-03
9.940000000000000e-01	-2.718552098631000e-03	-1.437216664518000e-02	1.420007451498000e-03
9.950000000000000e-01	-3.050913904017000e-03	-1.528047648333000e-02	1.406379947181000e-03
9.960000000000000e-01	-2.711620367423000e-03	-1.613722121152000e-02	1.392780775426000e-03
9.970000000000000e-01	-2.372326830829000e-03	-1.699396593972000e-02	1.379181603671000e-03
9.980000000000000e-01	-1.797648228941000e-03	-1.781784522778000e-02	1.369361212542000e-03
9.990000000000000e-01	-9.875845668650999e-04	-1.860885907640000e-02	1.363319601955000e-03
1.000000000000000e+00	-1.775209048109000e-04	-1.939987292462000e-02	1.357277991426000e-03
1.001000000000000e+00	6.284417631620000e-04	-2.011589232049000e-02	1.361870672701000e-03
1.002000000000000e+00	1.434404431135000e-03	-2.083191171636000e-02	1.366463353976000e-03
1.003000000000000e+00	2.003297970000000e-03	-2.150916534228000e-02	1.374797555893000e-03
1.004000000000000e+00	2.335122384899000e-03	-2.214765319908000e-02	1.386873278370000e-03
1.005000000000000e+00	2.666946796193000e-03	-2.278614105548000e-02	1.398949000847000e-03
1.006000000000000e+00	2.334031211833000e-03	-2.334945919838000e-02	1.411001056853000e-03
1.007000000000000e+00	2.001115627472000e-03	-2.391277734127000e-02	1.423053112859000e-03
1.008000000000000e+00	1.435230244083000e-03	-2.443995727542000e-02	1.431366340421000e-03
1.009000000000000e+00	6.363750667188000e-04	-2.493099900161000e-02	1.435940739621000e-03
1.010000000000000e+00	-1.624801106230000e-04	-2.542204072740000e-02	1.440515138763000e-03
1.011000000000000e+00	-9.571698728869000e-04	-2.583991155565000e-02	1.434566056823000e-03
1.012000000000000e+00	-1.751859635151000e-03	-2.625778238390000e-02	1.428616974883000e-03
1.013000000000000e+00	-2.311775966745000e-03	-2.663586330796000e-02	1.418966334903000e-03
1.014000000000000e+00	-2.636918872760000e-03	-2.697415432871000e-02	1.405614136964000e-03
1.015000000000000e+00	-2.962061775207000e-03	-2.731244534897000e-02	1.392261939025000e-03
1.016000000000000e+00	-2.628901209803000e-03	-2.756111332702000e-02	1.378939375904000e-03
1.017000000000000e+00	-2.295740644400000e-03	-2.780978130507000e-02	1.365616812783000e-03
1.018000000000000e+00	-1.731827714587000e-03	-2.800899178714000e-02	1.355999335812000e-03
1.019000000000000e+00	-9.371624253697000e-04	-2.815874477429000e-02	1.350086944910000e-03
1.020000000000000e+00	-1.424971361738000e-04	-2.830849776089000e-02	1.344174554065000e-03
1.021000000000000e+00	6.481999191090000e-04	-2.835512334592000e-02	1.348687968080000e-03
1.022000000000000e+00	1.438896974392000e-03	-2.840174893096000e-02	1.353201382096000e-03
1.023000000000000e+00	1.997181018915000e-03	-2.839811985855000e-02	1.361382569776000e-03
1.024000000000000e+00	2.323052057718000e-03	-2.834423612978000e-02	1.373231531041000e-03
1.025000000000000e+00	2.648923092988000e-03	-2.829035240052000e-02	1.385080492306000e-03
1.026000000000000e+00	2.322976057239000e-03	-2.814357676501000e-02	1.396904345549000e-03
1.027000000000000e+00	1.997029021491000e-03	-2.799680112950000e-02	1.408728198791000e-03
1.028000000000000e+00	1.442565728443000e-03	-2.780772619498000e-02	1.416884983534000e-03
1.029000000000000e+00	6.595861830508000e-04	-2.757635196238000e-02	1.421374699857000e-03
1.030000000000000e+00	-1.233933623208000e-04	-2.734497772934000e-02	1.425864416123000e-03
1.031000000000000e+00	-9.025314821977000e-04	-2.703369606221000e-02	1.420033552185000e-03
1.032000000000000e+00	-1.681669602074000e-03	-2.672241439509000e-02	1.414202688247000e-03
1.033000000000000e+00	-2.230706823890000e-03	-2.637085493285000e-02	1.404741821125000e-03
1.034000000000000e+00	-2.549643152635000e-03	-2.597901767637000e-02	1.391650950899000e-03
1.035000000000000e+00	-2.868579477881000e-03	-2.558718041944000e-02	1.378560080673000e-03
1.036000000000000e+00	-2.542114401548000e-03	-2.511059929947000e-02	1.365499305318000e-03
1.037000000000000e+00	-2.215649325214000e-03	-2.463401817951000e-02	1.352438529964000e-03
1.038000000000000e+00	-1.662918290642000e-03	-2.411332925393000e-02	1.343012439292000e-03
1.039000000000000e+00	-8.839213027399000e-04	-2.354853252370000e-02	1.337221033222000e-03
1.040000000000000e+00	-1.049243148586000e-04	-2.298373579299000e-02	1.331429627209000e-03
1.041000000000000e+00	6.701895416348000e-04	-2.233216950111000e-02	1.335865828268000e-03
1.042000000000000e+00	1.445303398128000e-03	-2.168060320922000e-02	1.340302029327000e-03
1.043000000000000e+00	1.992478715349000e-03	-2.098967127925000e-02	1.348336436343000e-03
1.044000000000000e+00	2.311715498240000e-03	-2.025937371205000e-02	1.359969049238000e-03
1.045000000000000e+00	2.630952277666000e-03	-1.952907614448000e-02	1.371601662133000e-03
1.046000000000000e+00	2.310830472541000e-03	-1.873283942612000e-02	1.383209752948000e-03
1.047000000000000e+00	1.990708667416000e-03	-1.793660270777000e-02	1.394817843764000e-03
1.048000000000000e+00	1.446382965799000e-03	-1.711402808361000e-02	1.402828069420000e-03
1.049000000000000e+00	6.778533725536000e-04	-1.626511555423000e-02	1.407240429997000e-03
1.050000000000000e+00	-9.067622067262000e-05	-1.541620302462000e-02	1.411652790518000e-03
1.051000000000000e+00	-8.556144080463000e-04	-1.452411161241000e-02	1.405938290818000e-03
1.052000000000000e+00	-1.620552595420000e-03	-1.363202020020000e-02	1.400223791119000e-03
1.053000000000000e+00	-2.159862834980000e-03	-1.272033265753000e-02	1.390946768782000e-03
1.054000000000000e+00	-2.473545131618000e-03	-1.178904898482000e-02	1.378107223887000e-03
1.055000000000000e+00	-2.787227424824000e-03	-1.085776531189000e-02	1.365267678991000e-03
1.056000000000000e+00	-2.467906478666000e-03	-9.887493344880999e-03	1.352455817491000e-03
1.057000000000000e+00	-2.148585532507000e-03	-8.917221377868999e-03	1.339643955992000e-03
1.058000000000000e+00	-1.607320810253000e-03	-7.927736873616000e-03	1.330398145337000e-03
1.059000000000000e+00	-8.441123167171000e-04	-6.919039832540000e-03	1.324718385451000e-03
1.060000000000000e+00	-8.090382320175001e-05	-5.910342791283000e-03	1.319038625619000e-03
1.061000000000000e+00	6.784844384311001e-04	-4.868234607016000e-03	1.323395819456000e-03
1.062000000000000e+00	1.437872700064000e-03	-3.826126422749000e-03	1.327753013292000e-03
1.063000000000000e+00	1.973626996793000e-03	-2.772852963895000e-03	1.335642441566000e-03
1.064000000000000e+00	2.285747333467000e-03	-1.708414230696000e-03	1.347064104201000e-03
1.065000000000000e+00	2.597867666740000e-03	-6.439754974587000e-04	1.358485766836000e-03
1.066000000000000e+00	2.282654245260000e-03	4.274743628680000e-04	1.369886557545000e-03
1.067000000000000e+00	1.967440823779000e-03	1.498924223194000e-03	1.381287348254000e-03
1.068000000000000e+00	1.432212584211000e-03	2.566212483980000e-03	1.389158368347000e-03
1.069000000000000e+00	6.769695313258000e-04	3.629339145315000e-03	1.393499617900000e-03
1.070000000000000e+00	-7.827352154063999e-05	4.692465806545000e-03	1.397840867400000e-03
1.071000000000000e+00	-8.300552197529000e-04	5.736097746265000e-03	1.392243352338000e-03
1.072000000000000e+00	-1.581836917965000e-03	6.779729685986000e-03	1.386645837276000e-03
1.073000000000000e+00	-2.112235502165000e-03	7.810973878732000e-03	1.377550543184000e-03
1.074000000000000e+00	-2.421250977154000e-03	8.829830324772000e-03	1.364957470136000e-03
1.075000000000000e+00	-2.730266448775000e-03	9.848686770672001e-03	1.352364397089000e-03
1.076000000000000e+00	-2.418106662230000e-03	1.084169509100000e-02	1.339794309416000e-03
1.077000000000000e+00	-2.105946875685000e-03	1.183470341134000e-02	1.327224221744000e-03
1.078000000000000e+00	-1.575966839468000e-03	1.281432700634000e-02	1.318152401940000e-03
1.079000000000000e+00	-8.281665583024001e-04	1.378056587630000e-02	1.312578849927000e-03
1.080000000000000e+00	-8.036627715708000e-05	1.474680474610000e-02	1.307005297968000e-03
1.081000000000000e+00	6.637141849870000e-04	1.568149137380000e-02	1.311282051333000e-03
1.082000000000000e+00	1.407794647131000e-03	1.661617800151000e-02	1.315558804699000e-03
1.083000000000000e+00	1.932394256522000e-03	1.752997221861000e-02	1.323303525040000e-03
1.084000000000000e+00	2.237513017921000e-03	1.842287402557000e-02	1.334516212283000e-03
1.085000000000000e+00	2.542631775981000e-03	1.931577583223000e-02	1.345728899526000e-03
1.086000000000000e+00	2.232011572721000e-03	2.015299803229000e-02	1.356924989525000e-03
1.087000000000000e+00	1.921391369462000e-03	2.099022023235000e-02	1.368121079525000e-03
1.088000000000000e+00	1.394808999808000e-03	2.179289231547000e-02	1.375854359408000e-03
1.089000000000000e+00	6.522644684416000e-04	2.256101428241000e-02	1.380124829249000e-03
1.090000000000000e+00	-9.028006290648000e-05	2.332913624891000e-02	1.384395299036000e-03
1.091000000000000e+00	-8.294158922406000e-04	2.401930012895000e-02	1.378911875677000e-03
1.092000000000000e+00	-1.568551721575000e-03	2.470946400898000e-02	1.373428452318000e-03
1.093000000000000e+00	-2.090338680060000e-03	2.535934201170000e-02	1.364511209750000e-03
1.094000000000000e+00	-2.394776772408000e-03	2.596893413796000e-02	1.352160148050000e-03
1.095000000000000e+00	-2.699214861451000e-03	2.657852626380000e-02	1.339809086349000e-03
1.096000000000000e+00	-2.393740170934000e-03	2.710950739238000e-02	1.327477879923000e-03
1.097000000000000e+00	-2.088265480418000e-03	2.764048852096000e-02	1.315146673497000e-03
1.098000000000000e+00	-1.568877489146000e-03	2.813342944823000e-02	1.306247934703000e-03
1.099000000000000e+00	-8.355762017578000e-04	2.858833017500000e-02	1.300781663465000e-03
1.100000000000000e+00	-1.022749143881000e-04	2.904323090135000e-02	1.295315392280000e-03
1.101000000000000e+00	6.275110076186000e-04	2.942118578964000e-02	1.299516547000000e-03
1.102000000000000e+00	1.357296929625000e-03	2.979914067793000e-02	1.303717701720000e-03
1.103000000000000e+00	1.871638260211000e-03	3.013569694947000e-02	1.311322925834000e-03
1.104000000000000e+00	2.170535004047000e-03	3.043085460517000e-02	1.322332219270000e-03
1.105000000000000e+00	2.469431744606000e-03	3.072601226037000e-02	1.333341512706000e-03
1.106000000000000e+00	2.163791350531000e-03	3.092925645586000e-02	1.344335012568000e-03
1.107000000000000e+00	1.858150956456000e-03	3.113250065136000e-02	1.355328512429000e-03
1.108000000000000e+00	1.340454263026000e-03	3.128561006287000e-02	1.362923041356000e-03
1.109000000000000e+00	6.107012748379000e-04	3.138858469150000e-02	1.367118599422000e-03
1.110000000000000e+00	-1.190517133318000e-04	3.149155931956000e-02	1.371314157436000e-03
1.111000000000000e+00	-8.454529768595999e-04	3.149064501689000e-02	1.365935121082000e-03
1.112000000000000e+00	-1.571854240387000e-03	3.148973071421000e-02	1.360556084729000e-03
1.113000000000000e+00	-2.084790335057000e-03	3.143823655281000e-02	1.351806497134000e-03
1.114000000000000e+00	-2.384261265497000e-03	3.133616253378000e-02	1.339686358370000e-03
1.115000000000000e+00	-2.683732192690000e-03	3.123408851424000e-02	1.327566219606000e-03
1.116000000000000e+00	-2.384106035623000e-03	3.103825243204000e-02	1.315467068772000e-03
1.117000000000000e+00	-2.084479878557000e-03	3.084241634984000e-02	1.303367917937000e-03
1.118000000000000e+00	-1.574669704886000e-03	3.060374502840000e-02	1.294639549384000e-03
1.119000000000000e+00	-8.546755191674000e-04	3.032223846865000e-02	1.289281963040000e-03
1.120000000000000e+00	-1.346813334662000e-04	3.004073190846000e-02	1.283924376746000e-03
1.121000000000000e+00	5.820903064926000e-04	2.967840221791000e-02	1.288059409491000e-03
1.122000000000000e+00	1.298861946452000e-03	2.931607252735000e-02	1.292194442235000e-03
1.123000000000000e+00	1.804128096025000e-03	2.891332974321000e-02	1.299671398050000e-03
1.124000000000000e+00	2.097888759801000e-03	2.847017386634000e-02	1.310490276862000e-03
1.125000000000000e+00	2.391649420358000e-03	2.802701798902000e-02	1.321309155674000e-03
1.126000000000000e+00	2.091743544398000e-03	2.749982748292000e-02	1.332109727648000e-03
1.127000000000000e+00	1.791837668437000e-03	2.697263697682000e-02	1.342910299622000e-03
1.128000000000000e+00	1.283654676047000e-03	2.640217617811000e-02	1.350371311690000e-03
1.129000000000000e+00	5.671945717452000e-04	2.578844508771000e-02	1.354492763924000e-03
1.130000000000000e+00	-1.492655325390000e-04	2.517471399685000e-02	1.358614216108000e-03
1.131000000000000e+00	-8.624522669634001e-04	2.447649998761000e-02	1.353330258888000e-03
1.132000000000000e+00	-1.575639001388000e-03	2.377828597836000e-02	1.348046301668000e-03
1.133000000000000e+00	-2.079136935023000e-03	2.304191081653000e-02	1.339451925391000e-03
1.134000000000000e+00	-2.372946072415000e-03	2.226737450295000e-02	1.327547130127000e-03
1.135000000000000e+00	-2.666755206616000e-03	2.149283818902000e-02	1.315642334864000e-03
1.136000000000000e+00	-2.371975773205000e-03	2.065454979196000e-02	1.303760473605000e-03
1.137000000000000e+00	-2.077196339795000e-03	1.981626139491000e-02	1.291878612345000e-03
1.138000000000000e+00	-1.575862526405000e-03	1.895261378079000e-02	1.283309631854000e-03
1.139000000000000e+00	-8.679743375147000e-04	1.806360695015000e-02	1.278053532059000e-03
1.140000000000000e+00	-1.600861486403000e-04	1.717460011929000e-02	1.272797432314000e-03
1.141000000000000e+00	5.448295867405000e-04	1.624446266599000e-02	1.276869733411000e-03
1.142000000000000e+00	1.249745322121000e-03	1.531432521269000e-02	1.280942034509000e-03
1.143000000000000e+00	1.746959028531000e-03	1.436588518475000e-02	1.288298326713000e-03
1.144000000000000e+00	2.036470710474000e-03	1.339914258255000e-02	1.298938609953000e-03
1.145000000000000e+00	2.325982389255000e-03	1.243239998016000e-02	1.309578893192000e-03
1.146000000000000e+00	2.032350668964000e-03	1.143009553654000e-02	1.320200666373000e-03
1.147000000000000e+00	1.738718948673000e-03	1.042779109291000e-02	1.330822439555000e-03
1.148000000000000e+00	1.240476651719000e-03	9.408389613355000e-03	1.338161767614000e-03
1.149000000000000e+00	5.376237825392000e-04	8.371891098249000e-03	1.342218650623000e-03
1.150000000000000e+00	-1.652290866234000e-04	7.335392582986000e-03	1.346275533581000e-03
1.151000000000000e+00	-8.648667885439000e-04	6.270156454365000e-03	1.341087318645000e-03
1.152000000000000e+00	-1.564504490465000e-03	5.204920325744000e-03	1.335899103709000e-03
1.153000000000000e+00	-2.058111171741000e-03	4.130831097583000e-03	1.327456271161000e-03
1.154000000000000e+00	-2.345686836842000e-03	3.047888770073000e-03	1.315758821072000e-03
1.155000000000000e+00	-2.633262498807000e-03	1.964946442548000e-03	1.304061370983000e-03
1.156000000000000e+00	-2.342469980214000e-03	8.792170652900000e-04	1.292384323715000e-03
1.157000000000000e+00	-2.051677461621000e-03	-2.065123119676000e-04	1.280707276446000e-03
1.158000000000000e+00	-1.557894031853000e-03	-1.286180945478000e-03	1.272285821769000e-03
1.159000000000000e+00	-8.611196953113000e-04	-2.359788835373000e-03	1.267119959614000e-03
1.160000000000000e+00	-1.643453587851000e-04	-3.433396725142000e-03	1.261954097508000e-03
1.161000000000000e+00	5.295587847966000e-04	-4.483844607742000e-03	1.265957931671000e-03
1.162000000000000e+00	1.223462928378000e-03	-5.534292490342000e-03	1.269961765834000e-03
1.163000000000000e+00	1.713271772804000e-03	-6.570377628729000e-03	1.277194930437000e-03
1.164000000000000e+00	1.998985322499000e-03	-7.592100023215000e-03	1.287657425411000e-03
1.165000000000000e+00	2.284698869088000e-03	-8.613822417536001e-03	1.298119920385000e-03
1.166000000000000e+00	1.997330881549000e-03	-9.605184255058999e-03	1.308568107978000e-03
1.167000000000000e+00	1.709962894010000e-03	-1.059654609258000e-02	1.319016295571000e-03
1.168000000000000e+00	1.221497047994000e-03	-1.157200749621000e-02	1.326239564280000e-03
1.169000000000000e+00	5.319333478621000e-04	-1.253156846630000e-02	1.330237914175000e-03
1.170000000000000e+00	-1.576303522528000e-04	-1.349112943619000e-02	1.334236264022000e-03
1.171000000000000e+00	-8.440525601127000e-04	-1.441394482646000e-02	1.329147790185000e-03
1.172000000000000e+00	-1.530474767973000e-03	-1.533676021673000e-02	1.324059316347000e-03
1.173000000000000e+00	-2.014397727155000e-03	-1.623624571355000e-02	1.315770599744000e-03
1.174000000000000e+00	-2.295821442052000e-03	-1.711240131743000e-02	1.304281640445000e-03
1.175000000000000e+00	-2.577245153867000e-03	-1.798855692099000e-02	1.292792681146000e-03
1.176000000000000e+00	-2.290177124285000e-03	-1.880481910272000e-02	1.281319793237000e-03
1.177000000000000e+00	-2.003109094704000e-03	-1.962108128444000e-02	1.269846905329000e-03
1.178000000000000e+00	-1.516509826933000e-03	-2.040103034166000e-02	1.261572212214000e-03
1.179000000000000e+00	-8.303793252991000e-04	-2.114466627517000e-02	1.256495713823000e-03
1.180000000000000e+00	-1.442488236810000e-04	-2.188830220823000e-02	1.251419215481000e-03
1.181000000000000e+00	5.390318340148000e-04	-2.255085911453000e-02	1.255354127964000e-03
1.182000000000000e+00	1.222312491710000e-03	-2.321341602082000e-02	1.259289040447000e-03
1.183000000000000e+00	1.704922300073000e-03	-2.383412625520000e-02	1.266398402810000e-03
1.184000000000000e+00	1.986861263453000e-03	-2.441298981856000e-02	1.276682214983000e-03
1.185000000000000e+00	2.268800223778000e-03	-2.499185338148000e-02	1.286966027156000e-03
1.186000000000000e+00	1.987233441883000e-03	-2.548871057786000e-02	1.297237682753000e-03
1.187000000000000e+00	1.705666659987000e-03	-2.598556777424000e-02	1.307509338350000e-03
1.188000000000000e+00	1.226322763460000e-03	-2.644256744085000e-02	1.314612154419000e-03
1.189000000000000e+00	5.492017565886000e-04	-2.685970957856000e-02	1.318546131029000e-03
1.190000000000000e+00	-1.279192502662000e-04	-2.727685171584000e-02	1.322480107590000e-03
1.191000000000000e+00	-8.020926543214000e-04	-2.761350919425000e-02	1.317483786306000e-03
1.192000000000000e+00	-1.476266058376000e-03	-2.795016667266000e-02	1.312487465021000e-03
1.193000000000000e+00	-1.951393648352000e-03	-2.824393019505000e-02	1.304345948607000e-03
1.194000000000000e+00	-2.227475428564000e-03	-2.849479976235000e-02	1.293059237132000e-03
1.195000000000000e+00	-2.503557205745000e-03	-2.874566932915000e-02	1.281772525656000e-03
1.196000000000000e+00	-2.220726111700000e-03	-2.890250089227000e-02	1.270502466622000e-03
1.197000000000000e+00	-1.937895017655000e-03	-2.905933245539000e-02	1.259232407587000e-03
1.198000000000000e+00	-1.458874323163000e-03	-2.916540566016000e-02	1.251106543675000e-03
1.199000000000000e+00	-7.836640324795000e-04	-2.922072050768000e-02	1.246124874816000e-03
1.200000000000000e+00	-1.084537418112000e-04	-2.927603535464000e-02	1.241143206005000e-03
1.201000000000000e+00	5.639493289481000e-04	-2.922680243121000e-02	1.245020105373000e-03
1.202000000000000e+00	1.236352399707000e-03	-2.917756950779000e-02	1.248897004742000e-03
1.203000000000000e+00	1.711403606227000e-03	-2.907751663425000e-02	1.255893948309000e-03
1.204000000000000e+00	1.989102952788000e-03	-2.892664381170000e-02	1.266010936008000e-03
1.205000000000000e+00	2.266802296344000e-03	-2.877577098865000e-02	1.276127923706000e-03
1.206000000000000e+00	1.990244153851000e-03	-2.853055108488000e-02	1.286230131679000e-03
1.207000000000000e+00	1.713686011358000e-03	-2.828533118112000e-02	1.296332339651000e-03
1.208000000000000e+00	1.242538147270000e-03	-2.799693701609000e-02	1.303317338418000e-03
1.209000000000000e+00	5.768005658066000e-04	-2.766536859073000e-02	1.307185128046000e-03
1.210000000000000e+00	-8.893701564212000e-05	-2.733380016494000e-02	1.311052917627000e-03
1.211000000000000e+00	-7.519952944211000e-04	-2.692093821521000e-02	1.306137776580000e-03
1.212000000000000e+00	-1.415053573200000e-03	-2.650807626548000e-02	1.301222635533000e-03
1.213000000000000e+00	-1.882455268701000e-03	-2.605487625912000e-02	1.293214783894000e-03
1.214000000000000e+00	-2.154200385167000e-03	-2.556133819699000e-02	1.282114221729000e-03
1.215000000000000e+00	-2.425945498653000e-03	-2.506780013441000e-02	1.271013659564000e-03
1.216000000000000e+00	-2.148135894378000e-03	-2.449128049526000e-02	1.259931797527000e-03
1.217000000000000e+00	-1.870326290102000e-03	-2.391476085610000e-02	1.248849935490000e-03
1.218000000000000e+00	-1.399591754383000e-03	-2.329594196062000e-02	1.240862043566000e-03
1.219000000000000e+00	-7.359322914037000e-04	-2.263482380971000e-02	1.235968121690000e-03
1.220000000000000e+00	-7.227282843954999e-05	-2.197370565836000e-02	1.231074199860000e-03
1.221000000000000e+00	5.886013886275000e-04	-2.123063166252000e-02	1.234896266020000e-03
1.222000000000000e+00	1.249475605694000e-03	-2.048755766667000e-02	1.238718332180000e-03
1.223000000000000e+00	1.716224410831000e-03	-1.970766840435000e-02	1.245610238213000e-03
1.224000000000000e+00	1.988847808248000e-03	-1.889096387634000e-02	1.255571984050000e-03
1.225000000000000e+00	2.261471202708000e-03	-1.807425934800000e-02	1.265533729887000e-03
1.226000000000000e+00	1.988857723891000e-03	-1.719636098257000e-02	1.275481065910000e-03
1.227000000000000e+00	1.716244245074000e-03	-1.631846261714000e-02	1.285428401933000e-03
1.228000000000000e+00	1.252172535307000e-03	-1.541641100814000e-02	1.292308505183000e-03
1.229000000000000e+00	5.966425987406001e-04	-1.449020615612000e-02	1.296121375726000e-03
1.230000000000000e+00	-5.888733781198000e-05	-1.356400130389000e-02	1.299934246223000e-03
1.231000000000000e+00	-7.119056806988000e-04	-1.259919790481000e-02	1.295103944638000e-03
1.232000000000000e+00	-1.364924023585000e-03	-1.163439450573000e-02	1.290273643052000e-03
1.233000000000000e+00	-1.825532377621000e-03	-1.065280208036000e-02	1.282399002041000e-03
1.234000000000000e+00	-2.093730746977000e-03	-9.654420629050999e-03	1.271480021670000e-03
1.235000000000000e+00	-2.361929113403000e-03	-8.656039177571000e-03	1.260561041299000e-03
1.236000000000000e+00	-2.089601300283000e-03	-7.625867219896000e-03	1.249657405534000e-03
1.237000000000000e+00	-1.817273487162000e-03	-6.595695262221000e-03	1.238753769769000e-03
1.238000000000000e+00	-1.355184988479000e-03	-5.550665683827000e-03	1.230893397013000e-03
1.239000000000000e+00	-7.033358083463000e-04	-4.490778485035000e-03	1.226076287199000e-03
1.240000000000000e+00	-5.148662822911000e-05	-3.430891286115000e-03	1.221259177431000e-03
1.241000000000000e+00	5.975671706823000e-04	-2.347136728848000e-03	1.225018284071000e-03
1.242000000000000e+00	1.246620969594000e-03	-1.263382171582000e-03	1.228777390712000e-03
1.243000000000000e+00	1.704657579029000e-03	-1.731919001855000e-04	1.235558340829000e-03
1.244000000000000e+00	1.971677003130000e-03	9.234340852001000e-04	1.245361134358000e-03
1.245000000000000e+00	2.238696424323000e-03	2.020060070577000e-03	1.255163927887000e-03
1.246000000000000e+00	1.969208188810000e-03	3.114980659103000e-03	1.264956476257000e-03
1.247000000000000e+00	1.699719953298000e-03	4.209901247630000e-03	1.274749024626000e-03
1.248000000000000e+00	1.241825961097000e-03	5.296700277332000e-03	1.281525356576000e-03
1.249000000000000e+00	5.955262162921000e-04	6.375377748385000e-03	1.285285472172000e-03
1.250000000000000e+00	-5.077352849901000e-05	7.454055219290000e-03	1.289045587722000e-03
1.251000000000000e+00	-6.946322576331000e-04	8.505577962940001e-03	1.284302989578000e-03
1.252000000000000e+00	-1.338490986767000e-03	9.557100706589000e-03	1.279560391434000e-03
1.253000000000000e+00	-1.793016885598000e-03	1.059215127481000e-02	1.271822031669000e-03
1.254000000000000e+00	-2.058209958232000e-03	1.161072966797000e-02	1.261087910347000e-03
1.255000000000000e+00	-2.323403027982000e-03	1.262930806094000e-02	1.250353789024000e-03
1.256000000000000e+00	-2.056659489308000e-03	1.361285145926000e-02	1.239632541151000e-03
1.257000000000000e+00	-1.789915950633000e-03	1.459639485757000e-02	1.228911293277000e-03
1.258000000000000e+00	-1.336402181757000e-03	1.556149460652000e-02	1.221183119482000e-03
1.259000000000000e+00	-6.961181867285000e-04	1.650815070650000e-02	1.216448019700000e-03
1.260000000000000e+00	-5.583419171499000e-05	1.745480680626000e-02	1.211712919965000e-03
1.261000000000000e+00	5.817640411548000e-04	1.835953133461000e-02	1.215414188581000e-03
1.262000000000000e+00	1.219362274024000e-03	1.926425586297000e-02	1.219115457198000e-03
1.263000000000000e+00	1.668992830307000e-03	2.014321686601000e-02	1.225789341488000e-03
1.264000000000000e+00	1.930655714079000e-03	2.099641434428000e-02	1.235435841389000e-03
1.265000000000000e+00	2.192318594988000e-03	2.184961182221000e-02	1.245082341290000e-03
1.266000000000000e+00	1.925965769172000e-03	2.263866779796000e-02	1.254717761180000e-03
1.267000000000000e+00	1.659612943356000e-03	2.342772377371000e-02	1.264353181070000e-03
1.268000000000000e+00	1.207814978064000e-03	2.417866665346000e-02	1.271020394193000e-03
1.269000000000000e+00	5.705718773175000e-04	2.489149643802000e-02	1.274719400614000e-03
1.270000000000000e+00	-6.667122341570000e-05	2.560432622212000e-02	1.278418406989000e-03
1.271000000000000e+00	-7.015432913679000e-04	2.623288779526000e-02	1.273750841060000e-03
1.272000000000000e+00	-1.336415359320000e-03	2.686144936841000e-02	1.269083275132000e-03
1.273000000000000e+00	-1.784930244375000e-03	2.744660293990000e-02	1.261468488941000e-03
1.274000000000000e+00	-2.047087950575000e-03	2.798834851069000e-02	1.250906482550000e-03
1.275000000000000e+00	-2.309245653936000e-03	2.853009408102000e-02	1.240344476160000e-03
1.276000000000000e+00	-2.047748014717000e-03	2.898654540404000e-02	1.229797939037000e-03
1.277000000000000e+00	-1.786250375499000e-03	2.944299672706000e-02	1.219251401914000e-03
1.278000000000000e+00	-1.340840645124000e-03	2.985787967760000e-02	1.211652096394000e-03
1.279000000000000e+00	-7.115188275812000e-04	3.023119425657000e-02	1.207000022413000e-03
1.280000000000000e+00	-8.219701005217001e-05	3.060450883509000e-02	1.202347948476000e-03
1.281000000000000e+00	5.446589586859000e-04	3.089407246557000e-02	1.206001270635000e-03
1.282000000000000e+00	1.171514927424000e-03	3.118363609606000e-02	1.209654592794000e-03
1.283000000000000e+00	1.613426071250000e-03	3.142894528741000e-02	1.216233920467000e-03
1.284000000000000e+00	1.870392394174000e-03	3.163000004058000e-02	1.225739253590000e-03
1.285000000000000e+00	2.127358714281000e-03	3.183105479323000e-02	1.235244586713000e-03
1.286000000000000e+00	1.864676304100000e-03	3.193617062496000e-02	1.244737236656000e-03
1.287000000000000e+00	1.601993893919000e-03	3.204128645669000e-02	1.254229886598000e-03
1.288000000000000e+00	1.156794565786000e-03	3.209510904516000e-02	1.260799086857000e-03
1.289000000000000e+00	5.290783236599000e-04	3.209763839149000e-02	1.264444837495000e-03
1.290000000000000e+00	-9.863791845315000e-05	3.210016773725000e-02	1.268090588088000e-03
1.291000000000000e+00	-7.239703456322000e-04	3.199766316711000e-02	1.263496441995000e-03
1.292000000000000e+00	-1.349302772811000e-03	3.189515859698000e-02	1.258902295901000e-03
1.293000000000000e+00	-1.791145027571000e-03	3.174170681395000e-02	1.251405228477000e-03
1.294000000000000e+00	-2.049497113891000e-03	3.153730781913000e-02	1.241005239784000e-03
1.295000000000000e+00	-2.307849197416000e-03	3.133290882379000e-02	1.230605251090000e-03
1.296000000000000e+00	-2.050582725285000e-03	3.103389535735000e-02	1.220219073933000e-03
1.297000000000000e+00	-1.793316253153000e-03	3.073488189091000e-02	1.209832896776000e-03
1.298000000000000e+00	-1.354928449137000e-03	3.039255834408000e-02	1.202348672181000e-03
1.299000000000000e+00	-7.354193171624000e-04	3.000692471782000e-02	1.197766400086000e-03
1.300000000000000e+00	-1.159101852008000e-04	2.962129109112000e-02	1.193184128035000e-03
1.301000000000000e+00	5.012959246387000e-04	2.915434444251000e-02	1.196781553368000e-03
1.302000000000000e+00	1.118502034478000e-03	2.868739779390000e-02	1.200378978700000e-03
1.303000000000000e+00	1.553674808245000e-03	2.818040550838000e-02	1.206859149154000e-03
1.304000000000000e+00	1.806814249888000e-03	2.763336758680000e-02	1.216222064665000e-03
1.305000000000000e+00	2.059953688757000e-03	2.708632966478000e-02	1.225584980176000e-03
1.306000000000000e+00	1.801547570539000e-03	2.645773861057000e-02	1.234939023654000e-03
1.307000000000000e+00	1.543141452320000e-03	2.582914755637000e-02	1.244293067131000e-03
1.308000000000000e+00	1.105071256653000e-03	2.515938484123000e-02	1.250769755827000e-03
1.309000000000000e+00	4.873369874340000e-04	2.444845046605000e-02	1.254369089805000e-03
1.310000000000000e+00	-1.303972817724000e-04	2.373751609044000e-02	1.257968423738000e-03
1.311000000000000e+00	-7.456772357397000e-04	2.294744031303000e-02	1.253454646005000e-03
1.312000000000000e+00	-1.360957189707000e-03	2.215736453561000e-02	1.248940868272000e-03
1.313000000000000e+00	-1.795490794221000e-03	2.133197623771000e-02	1.241567845043000e-03
1.314000000000000e+00	-2.049278053200000e-03	2.047127542010000e-02	1.231335576379000e-03
1.315000000000000e+00	-2.303065309426000e-03	1.961057460217000e-02	1.221103307715000e-03
1.316000000000000e+00	-2.048962721609000e-03	1.869161344439000e-02	1.210881778572000e-03
1.317000000000000e+00	-1.794860133792000e-03	1.777265228661000e-02	1.200660249429000e-03
1.318000000000000e+00	-1.362324791450000e-03	1.683096036302000e-02	1.193294776180000e-03
1.319000000000000e+00	-7.513566984520000e-04	1.586653767414000e-02	1.188785358761000e-03
1.320000000000000e+00	-1.403886054655000e-04	1.490211498506000e-02	1.184275941387000e-03
1.321000000000000e+00	4.684264051264000e-04	1.390207501413000e-02	1.187818906979000e-03
1.322000000000000e+00	1.077241415718000e-03	1.290203504321000e-02	1.191361872571000e-03
1.323000000000000e+00	1.506819126010000e-03	1.188692426301000e-02	1.197742931685000e-03
1.324000000000000e+00	1.757159539888000e-03	1.085674267387000e-02	1.206962084261000e-03
1.325000000000000e+00	2.007499951035000e-03	9.826561084580000e-03	1.216181236836000e-03
1.326000000000000e+00	1.754058668226000e-03	8.768690903925999e-03	1.225391294039000e-03
1.327000000000000e+00	1.500617385418000e-03	7.710820723271000e-03	1.234601351241000e-03
1.328000000000000e+00	1.070219445148000e-03	6.640457968096000e-03	1.240978066030000e-03
1.329000000000000e+00	4.628648512544000e-04	5.557602638670000e-03	1.244521438467000e-03
1.330000000000000e+00	-1.444897426265000e-04	4.474747309142000e-03	1.248064810860000e-03
1.331000000000000e+00	-7.494446830161000e-04	3.373103126133000e-03	1.243619558898000e-03
1.332000000000000e+00	-1.354399623406000e-03	2.271458943124000e-03	1.239174306937000e-03
1.333000000000000e+00	-1.781323570584000e-03	1.165904088755000e-03	1.231914180020000e-03
1.334000000000000e+00	-2.030216528411000e-03	5.643856311078000e-05	1.221839178208000e-03
1.335000000000000e+00	-2.279109483526000e-03	-1.053026962498000e-03	1.211764176397000e-03
1.336000000000000e+00	-2.027688426695000e-03	-2.156039402671000e-03	1.201702372715000e-03
1.337000000000000e+00	-1.776267369864000e-03	-3.259051842844000e-03	1.191640569033000e-03
1.338000000000000e+00	-1.349043961127000e-03	-4.351736826135000e-03	1.184393008704000e-03
1.339000000000000e+00	-7.460182042951000e-04	-5.434094352767000e-03	1.179959691669000e-03
1.340000000000000e+00	-1.429924474743000e-04	-6.516451879229000e-03	1.175526374677000e-03
1.341000000000000e+00	4.580108065653000e-04	-7.567376011892000e-03	1.179025904006000e-03
1.342000000000000e+00	1.059014060605000e-03	-8.618300144555001e-03	1.182525433335000e-03
1.343000000000000e+00	1.483493550745000e-03	-9.650530955252999e-03	1.188820480609000e-03
1.344000000000000e+00	1.731449280813000e-03	-1.066406844439000e-02	1.197911045768000e-03
1.345000000000000e+00	1.979405008192000e-03	-1.167760593331000e-02	1.207001610927000e-03
1.346000000000000e+00	1.731112033874000e-03	-1.265130778471000e-02	1.216081487683000e-03
1.347000000000000e+00	1.482819059556000e-03	-1.362500963611000e-02	1.225161364439000e-03
1.348000000000000e+00	1.060186476936000e-03	-1.457770941268000e-02	1.231448667433000e-03
1.349000000000000e+00	4.632142897955000e-04	-1.550940711488000e-02	1.234943396725000e-03
1.350000000000000e+00	-1.337578973331000e-04	-1.644110481682000e-02	1.238438125974000e-03
1.351000000000000e+00	-7.284374348868000e-04	-1.732571221507000e-02	1.234059671920000e-03
1.352000000000000e+00	-1.323116972441000e-03	-1.821031961333000e-02	1.229681217866000e-03
1.353000000000000e+00	-1.742447335356000e-03	-1.906674619302000e-02	1.222528221199000e-03
1.354000000000000e+00	-1.986428527437000e-03	-1.989499195477000e-02	1.212600681979000e-03
1.355000000000000e+00	-2.230409716845000e-03	-2.072323771614000e-02	1.202673142760000e-03
1.356000000000000e+00	-1.981557776603000e-03	-2.148309590038000e-02	1.192757042711000e-03
1.357000000000000e+00	-1.732705836360000e-03	-2.224295408462000e-02	1.182840942662000e-03
1.358000000000000e+00	-1.310679576684000e-03	-2.296288518538000e-02	1.175697613641000e-03
1.359000000000000e+00	-7.154790013292000e-04	-2.364288920354000e-02	1.171327055587000e-03
1.360000000000000e+00	-1.202784259857000e-04	-2.432289322123000e-02	1.166956497575000e-03
1.361000000000000e+00	4.728738858685000e-04	-2.491541817355000e-02	1.170403786968000e-03
1.362000000000000e+00	1.066026197723000e-03	-2.550794312587000e-02	1.173851076361000e-03
1.363000000000000e+00	1.485221343812000e-03	-2.605551636407000e-02	1.180054336724000e-03
1.364000000000000e+00	1.730459327908000e-03	-2.655813788912000e-02	1.189013567999000e-03
1.365000000000000e+00	1.975697309353000e-03	-2.706075941370000e-02	1.197972799274000e-03
1.366000000000000e+00	1.731898014673000e-03	-2.747492613788000e-02	1.206924980933000e-03
1.367000000000000e+00	1.488098719992000e-03	-2.788909286207000e-02	1.215877162592000e-03
1.368000000000000e+00	1.072470465601000e-03	-2.826008988229000e-02	1.222079098132000e-03
1.369000000000000e+00	4.850132552244000e-04	-2.858791719948000e-02	1.225530787613000e-03
1.370000000000000e+00	-1.024439551404000e-04	-2.891574451620000e-02	1.228982477052000e-03
1.371000000000000e+00	-6.877336517035000e-04	-2.915682987067000e-02	1.224677493946000e-03
1.372000000000000e+00	-1.273023348267000e-03	-2.939791522514000e-02	1.220372510840000e-03
1.373000000000000e+00	-1.685564769749000e-03	-2.959352648084000e-02	1.213333277414000e-03
1.374000000000000e+00	-1.925357919897000e-03	-2.974366363877000e-02	1.203559793727000e-03
1.375000000000000e+00	-2.165151067413000e-03	-2.989380079616000e-02	1.193786310041000e-03
1.376000000000000e+00	-1.919359302201000e-03	-2.994635015282000e-02	1.184022098635000e-03
1.377000000000000e+00	-1.673567536990000e-03	-2.999889950947000e-02	1.174257887230000e-03
1.378000000000000e+00	-1.257149961601000e-03	-2.999973064307000e-02	1.167224644474000e-03
1.379000000000000e+00	-6.701065797338000e-04	-2.994884355473000e-02	1.162922370306000e-03
1.380000000000000e+00	-8.306319787776000e-05	-2.989795646583000e-02	1.158620096181000e-03
1.381000000000000e+00	5.018903760479000e-04	-2.974176708530000e-02	1.162019091765000e-03
1.382000000000000e+00	1.086843949974000e-03	-2.958557770477000e-02	1.165418087349000e-03
1.383000000000000e+00	1.500309428017000e-03	-2.937844327082000e-02	1.171531882414000e-03
1.384000000000000e+00	1.742286813896000e-03	-2.912036378455000e-02	1.180360476902000e-03
1.385000000000000e+00	1.984264197161000e-03	-2.886228429777000e-02	1.189189071391000e-03
1.386000000000000e+00	1.744132620281000e-03	-2.850965169955000e-02	1.198009353385000e-03
1.387000000000000e+00	1.504001043401000e-03	-2.815701910133000e-02	1.206829635379000e-03
1.388000000000000e+00	1.094432103430000e-03	-2.776113797760000e-02	1.212939339277000e-03
1.389000000000000e+00	5.154258040406000e-04	-2.732200832930000e-02	1.216338465138000e-03
1.390000000000000e+00	-6.358049533789001e-05	-2.688287868056000e-02	1.219737590958000e-03
1.391000000000000e+00	-6.406373006666000e-04	-2.636284166690000e-02	1.215492941130000e-03
1.392000000000000e+00	-1.217694105995000e-03	-2.584280465324000e-02	1.211248291303000e-03
1.393000000000000e+00	-1.624569986304000e-03	-2.528321843837000e-02	1.204309731981000e-03
1.394000000000000e+00	-1.861264945282000e-03	-2.468408302315000e-02	1.194677263223000e-03
1.395000000000000e+00	-2.097959901667000e-03	-2.408494760750000e-02	1.185044794464000e-03
1.396000000000000e+00	-1.856163206033000e-03	-2.340604559861000e-02	1.175423981244000e-03
1.397000000000000e+00	-1.614366510398000e-03	-2.272714358971000e-02	1.165803168024000e-03
1.398000000000000e+00	-1.204426357738000e-03	-2.200835146083000e-02	1.158875451400000e-03
1.399000000000000e+00	-6.263427516973000e-04	-2.124966921284000e-02	1.154640831314000e-03
1.400000000000000e+00	-4.825914566831000e-05	-2.049098696443000e-02	1.150406211269000e-03
1.401000000000000e+00	5.277222397893000e-04	-1.965626630161000e-02	1.153764737140000e-03
1.402000000000000e+00	1.103703625247000e-03	-1.882154563879000e-02	1.157123263010000e-03
1.403000000000000e+00	1.510627332229000e-03	-1.795317090869000e-02	1.163158365777000e-03
1.404000000000000e+00	1.748493364401000e-03	-1.705114211204000e-02	1.171870045382000e-03
1.405000000000000e+00	1.986359393996000e-03	-1.614911331509000e-02	1.180581724988000e-03
1.406000000000000e+00	1.748933873467000e-03	-1.519211908259000e-02	1.189285000657000e-03
1.407000000000000e+00	1.511508352938000e-03	-1.423512485009000e-02	1.197988276326000e-03
1.408000000000000e+00	1.107015320479000e-03	-1.325702522206000e-02	1.204018747439000e-03
1.409000000000000e+00	5.354547797145000e-04	-1.225782019898000e-02	1.207376414054000e-03
1.410000000000000e+00	-3.610576104038000e-05	-1.125861517571000e-02	1.210734080628000e-03
1.411000000000000e+00	-6.058468054096000e-04	-1.022718738138000e-02	1.206553841856000e-03
1.412000000000000e+00	-1.175587849779000e-03	-9.195759587050999e-03	1.202373603085000e-03
1.413000000000000e+00	-1.577613347601000e-03	-8.151165252298000e-03	1.195536054955000e-03
1.414000000000000e+00	-1.811923302514000e-03	-7.093404377407000e-03	1.186041197525000e-03
1.415000000000000e+00	-2.046233254870000e-03	-6.035643502390000e-03	1.176546340095000e-03
1.416000000000000e+00	-1.808914651362000e-03	-4.954592965918000e-03	1.167060114657000e-03
1.417000000000000e+00	-1.571596047854000e-03	-3.873542429447000e-03	1.157573889220000e-03
1.418000000000000e+00	-1.168544479561000e-03	-2.782474582472000e-03	1.150741841417000e-03
1.419000000000000e+00	-5.997599500758000e-04	-1.681389425209000e-03	1.146563971192000e-03
1.420000000000000e+00	-3.097542060232000e-05	-5.803042678722000e-04	1.142386101007000e-03
1.421000000000000e+00	5.356829312256000e-04	5.343173417495000e-04	1.145694156825000e-03
1.422000000000000e+00	1.102341283054000e-03	1.648938951371000e-03	1.149002212644000e-03
1.423000000000000e+00	1.502298021416000e-03	2.764861170454000e-03	1.154949915194000e-03
1.424000000000000e+00	1.735553149928000e-03	3.882083998969000e-03	1.163537264420000e-03
1.425000000000000e+00	1.968808275900000e-03	4.999306827423000e-03	1.172124613646000e-03
1.426000000000000e+00	1.733402068992000e-03	6.105133099745000e-03	1.180706370210000e-03
1.427000000000000e+00	1.497995862085000e-03	7.210959372068000e-03	1.189288126773000e-03
1.428000000000000e+00	1.097842351065000e-03	8.304142074198001e-03	1.195236136525000e-03
1.429000000000000e+00	5.329415395053000e-04	9.384681206411999e-03	1.198550399521000e-03
1.430000000000000e+00	-3.195927204460000e-05	1.046522033843000e-02	1.201864662476000e-03
1.431000000000000e+00	-5.950972367834000e-04	1.150983361173000e-02	1.197749313713000e-03
1.432000000000000e+00	-1.158235201522000e-03	1.255444688504000e-02	1.193633964950000e-03
1.433000000000000e+00	-1.556001693351000e-03	1.357806382887000e-02	1.186899307357000e-03
1.434000000000000e+00	-1.788396715855000e-03	1.458068444370000e-02	1.177545340990000e-03
1.435000000000000e+00	-2.020791735838000e-03	1.558330505828000e-02	1.168191374623000e-03
1.436000000000000e+00	-1.788098196291000e-03	1.654120658190000e-02	1.158846297616000e-03
1.437000000000000e+00	-1.555404656745000e-03	1.749910810551000e-02	1.149501220609000e-03
1.438000000000000e+00	-1.159249060047000e-03	1.843344877787000e-02	1.142772897139000e-03
1.439000000000000e+00	-5.996314097436000e-04	1.934422859949000e-02	1.138661327151000e-03
1.440000000000000e+00	-4.001375945079000e-05	2.025500842083000e-02	1.134549757203000e-03
1.441000000000000e+00	5.175968488973001e-04	2.111359264448000e-02	1.137818143856000e-03
1.442000000000000e+00	1.075207457245000e-03	2.197217686812000e-02	1.141086530510000e-03
1.443000000000000e+00	1.468469793310000e-03	2.280019689079000e-02	1.146956719719000e-03
1.444000000000000e+00	1.697383860654000e-03	2.359765271315000e-02	1.155428711430000e-03
1.445000000000000e+00	1.926297925493000e-03	2.439510853511000e-02	1.163900703140000e-03
1.446000000000000e+00	1.693094872015000e-03	2.511998519800000e-02	1.172364699482000e-03
1.447000000000000e+00	1.459891818537000e-03	2.584486186089000e-02	1.180828695825000e-03
1.448000000000000e+00	1.064230291943000e-03	2.652801830971000e-02	1.186694309025000e-03
1.449000000000000e+00	5.061102957561000e-04	2.716945454536000e-02	1.189961539137000e-03
1.450000000000000e+00	-5.200970042117000e-05	2.781089078052000e-02	1.193228769210000e-03
1.451000000000000e+00	-6.083860854820000e-04	2.836169401122000e-02	1.189167548614000e-03
1.452000000000000e+00	-1.164762470543000e-03	2.891249724192000e-02	1.185106328018000e-03
1.453000000000000e+00	-1.558039521866000e-03	2.941686020773000e-02	1.178461683705000e-03
1.454000000000000e+00	-1.788217242987000e-03	2.987478290967000e-02	1.169233615730000e-03
1.455000000000000e+00	-2.018394961622000e-03	3.033270561111000e-02	1.160005547755000e-03
1.456000000000000e+00	-1.789837918638000e-03	3.069920180732000e-02	1.150786953346000e-03
1.457000000000000e+00	-1.561280875653000e-03	3.106569800353000e-02	1.141568358937000e-03
1.458000000000000e+00	-1.171464293079000e-03	3.138755503149000e-02	1.134931478406000e-03
1.459000000000000e+00	-6.203881744124000e-04	3.166477289216000e-02	1.130876311696000e-03
1.460000000000000e+00	-6.931205575583000e-05	3.194199075235000e-02	1.126821145026000e-03
1.461000000000000e+00	4.799030022807000e-04	3.212978301788000e-02	1.130047346908000e-03
1.462000000000000e+00	1.029118060317000e-03	3.231757528341000e-02	1.133273548791000e-03
1.463000000000000e+00	1.416301626577000e-03	3.245882850327000e-02	1.139067365318000e-03
1.464000000000000e+00	1.641453704573000e-03	3.255354267845000e-02	1.147428796435000e-03
1.465000000000000e+00	1.866605780100000e-03	3.264825685310000e-02	1.155790227552000e-03
1.466000000000000e+00	1.636088289096000e-03	3.264401702237000e-02	1.164146177830000e-03
1.467000000000000e+00	1.405570798092000e-03	3.263977719163000e-02	1.172502128107000e-03
1.468000000000000e+00	1.014872453017000e-03	3.258352191362000e-02	1.178295797025000e-03
1.469000000000000e+00	4.639932573428000e-04	3.247525118947000e-02	1.181527184640000e-03
1.470000000000000e+00	-8.688593832104000e-05	3.236698046474000e-02	1.184758572215000e-03
1.471000000000000e+00	-6.359293391949000e-04	3.215339432758000e-02	1.180761143158000e-03
1.472000000000000e+00	-1.184972740069000e-03	3.193980819042000e-02	1.176763714101000e-03
1.473000000000000e+00	-1.573074918966000e-03	3.167542528909000e-02	1.170217169259000e-03
1.474000000000000e+00	-1.800235879376000e-03	3.136024562467000e-02	1.161121508689000e-03
1.475000000000000e+00	-2.027396837332000e-03	3.104506595974000e-02	1.152025848118000e-03
1.476000000000000e+00	-1.801920695092000e-03	3.063574850239000e-02	1.142936868708000e-03
1.477000000000000e+00	-1.576444552853000e-03	3.022643104504000e-02	1.133847889297000e-03
1.478000000000000e+00	-1.191825698785000e-03	2.977413274102000e-02	1.127304142069000e-03
1.479000000000000e+00	-6.480641363405000e-04	2.927885359126000e-02	1.123305626970000e-03
1.480000000000000e+00	-1.043025739051000e-04	2.878357444106000e-02	1.119307111909000e-03
1.481000000000000e+00	4.377553184659000e-04	2.820823335752000e-02	1.122488874338000e-03
1.482000000000000e+00	9.798132108367000e-04	2.763289227399000e-02	1.125670636766000e-03
1.483000000000000e+00	1.362084002016000e-03	2.701871123510000e-02	1.131384526166000e-03
1.484000000000000e+00	1.584567695470000e-03	2.636569024170000e-02	1.139630542482000e-03
1.485000000000000e+00	1.807051386487000e-03	2.571266924787000e-02	1.147876558798000e-03
1.486000000000000e+00	1.580092201526000e-03	2.498204947682000e-02	1.156116767091000e-03
1.487000000000000e+00	1.353133016566000e-03	2.425142970578000e-02	1.164356975383000e-03
1.488000000000000e+00	9.681779318930000e-04	2.348236815320000e-02	1.170069773814000e-03
1.489000000000000e+00	4.252269509343000e-04	2.267486481993000e-02	1.173255162439000e-03
1.490000000000000e+00	-1.177240300141000e-04	2.186736148627000e-02	1.176440551026000e-03
1.491000000000000e+00	-6.588147381980999e-04	2.098723169003000e-02	1.172495918691000e-03
1.492000000000000e+00	-1.199905446382000e-03	2.010710189380000e-02	1.168551286356000e-03
1.493000000000000e+00	-1.582183027014000e-03	1.919513550393000e-02	1.162092822039000e-03
1.494000000000000e+00	-1.805647483538000e-03	1.825133252112000e-02	1.153120525795000e-03
1.495000000000000e+00	-2.029111937641000e-03	1.730752953802000e-02	1.144148229551000e-03
1.496000000000000e+00	-1.805911451444000e-03	1.631240590279000e-02	1.135184829139000e-03
1.497000000000000e+00	-1.582710965247000e-03	1.531728226756000e-02	1.126221428727000e-03
1.498000000000000e+00	-1.202436218606000e-03	1.430286798404000e-02	1.119770266636000e-03
1.499000000000000e+00	-6.650872149282000e-04	1.326916305265000e-02	1.115831342811000e-03
1.500000000000000e+00	-1.277382112591000e-04	1.223545812111000e-02	1.111892419024000e-03
1.501000000000000e+00	4.080629969746000e-04	1.117330444322000e-02	1.115039440987000e-03
1.502000000000000e+00	9.438642052083000e-04	1.011115076533000e-02	1.118186462949000e-03
1.503000000000000e+00	1.322070103682000e-03	9.037906013593000e-03	1.123832196930000e-03
1.504000000000000e+00	1.542680695813000e-03	7.953570188257000e-03	1.131976642876000e-03
1.505000000000000e+00	1.763291285540000e-03	6.869234362820000e-03	1.140121088821000e-03
1.506000000000000e+00	1.540535128191000e-03	5.766286455063000e-03	1.148259399364000e-03
1.507000000000000e+00	1.317778970841000e-03	4.663338547306000e-03	1.156397709906000e-03
1.508000000000000e+00	9.391554926084000e-04	3.552955491678000e-03	1.162041429729000e-03
1.509000000000000e+00	4.046646968718000e-04	2.435137288341000e-03	1.165190558886000e-03
1.510000000000000e+00	-1.298260988545000e-04	1.317319084959000e-03	1.168339688004000e-03
1.511000000000000e+00	-6.624524541936001e-04	1.913894260304000e-04	1.164450959592000e-03
1.512000000000000e+00	-1.195078809533000e-03	-9.345402328983000e-04	1.160562231179000e-03
1.513000000000000e+00	-1.570988841922000e-03	-2.059078148375000e-03	1.154191553771000e-03
1.514000000000000e+00	-1.790182554761000e-03	-3.182224320431000e-03	1.145338927421000e-03
1.515000000000000e+00	-2.009376265209000e-03	-4.305370492397000e-03	1.136486301072000e-03
1.516000000000000e+00	-1.787801858347000e-03	-5.411997978860000e-03	1.127639890226000e-03
1.517000000000000e+00	-1.566227451485000e-03	-6.518625465323000e-03	1.118793479380000e-03
1.518000000000000e+00	-1.189648088123000e-03	-7.610198367212000e-03	1.112425307137000e-03
1.519000000000000e+00	-6.580637716216000e-04	-8.686716684856001e-03	1.108535373444000e-03
1.520000000000000e+00	-1.264794551290000e-04	-9.763235002279000e-03	1.104645439788000e-03
1.521000000000000e+00	4.035788887894000e-04	-1.079916110988000e-02	1.107747691847000e-03
1.522000000000000e+00	9.336372327077000e-04	-1.183508721748000e-02	1.110849943905000e-03
1.523000000000000e+00	1.308166159582000e-03	-1.284765303800000e-02	1.116418523152000e-03
1.524000000000000e+00	1.527165672787000e-03	-1.383685857194000e-02	1.124453429533000e-03
1.525000000000000e+00	1.746165183618000e-03	-1.482606410561000e-02	1.132488335915000e-03
1.526000000000000e+00	1.527584573549000e-03	-1.576562182017000e-02	1.140519232379000e-03
1.527000000000000e+00	1.309003963480000e-03	-1.670517953474000e-02	1.148550128844000e-03
1.528000000000000e+00	9.365726202236000e-04	-1.761863298196000e-02	1.154120433960000e-03
1.529000000000000e+00	4.102905471154000e-04	-1.850598216239000e-02	1.157230147780000e-03
1.530000000000000e+00	-1.159915259831000e-04	-1.939333134252000e-02	1.160339861562000e-03
1.531000000000000e+00	-6.404930381207000e-04	-2.022346119687000e-02	1.156506357279000e-03
1.532000000000000e+00	-1.164994550258000e-03	-2.105359105122000e-02	1.152672852997000e-03
1.533000000000000e+00	-1.534852686079000e-03	-2.185082207948000e-02	1.146390804420000e-03
1.534000000000000e+00	-1.750067448937000e-03	-2.261515428237000e-02	1.137660211603000e-03
1.535000000000000e+00	-1.965282209437000e-03	-2.337948648484000e-02	1.128929618786000e-03
1.536000000000000e+00	-1.745511177268000e-03	-2.406713685608000e-02	1.120206219539000e-03
1.537000000000000e+00	-1.525740145099000e-03	-2.475478722732000e-02	1.111482820292000e-03
1.538000000000000e+00	-1.152991811968000e-03	-2.539896415230000e-02	1.105205423574000e-03
1.539000000000000e+00	-6.272661811941000e-04	-2.599966763197000e-02	1.101374029333000e-03
1.540000000000000e+00	-1.015405504283000e-04	-2.660037111113000e-02	1.097542635129000e-03
1.541000000000000e+00	4.226606080959000e-04	-2.710738131940000e-02	1.100611689226000e-03
1.542000000000000e+00	9.468617666199000e-04	-2.761439152766000e-02	1.103680743323000e-03
1.543000000000000e+00	1.317533023688000e-03	-2.807354279120000e-02	1.109183335134000e-03
1.544000000000000e+00	1.534674382629000e-03	-2.848483511102000e-02	1.117119464606000e-03
1.545000000000000e+00	1.751815739228000e-03	-2.889612743034000e-02	1.125055594078000e-03
1.546000000000000e+00	1.536973569617000e-03	-2.921322919884000e-02	1.132985725690000e-03
1.547000000000000e+00	1.322131400006000e-03	-2.953033096734000e-02	1.140915857301000e-03
1.548000000000000e+00	9.553728579483000e-04	-2.980146095934000e-02	1.146416110631000e-03
1.549000000000000e+00	4.366979467382000e-04	-3.002661917584000e-02	1.149486485733000e-03
1.550000000000000e+00	-8.197696446307000e-05	-3.025177739184000e-02	1.152556860796000e-03
1.551000000000000e+00	-5.990341699336000e-04	-3.038514108086000e-02	1.148771597200000e-03
1.552000000000000e+00	-1.116091375404000e-03	-3.051850476988000e-02	1.144986333603000e-03
1.553000000000000e+00	-1.480573889751000e-03	-3.060442513512000e-02	1.138783311459000e-03
1.554000000000000e+00	-1.692481716283000e-03	-3.064290217762000e-02	1.130162530820000e-03
1.555000000000000e+00	-1.904389540488000e-03	-3.068137921957000e-02	1.121541750182000e-03
1.556000000000000e+00	-1.687052650445000e-03	-3.061983942423000e-02	1.112927377924000e-03
1.557000000000000e+00	-1.469715760403000e-03	-3.055829962889000e-02	1.104313005667000e-03
1.558000000000000e+00	-1.101430122612000e-03	-3.044458893053000e-02	1.098113409108000e-03
1.559000000000000e+00	-5.821957403470000e-04	-3.027870733029000e-02	1.094328588196000e-03
1.560000000000000e+00	-6.296135809063001e-05	-3.011282572948000e-02	1.090543767320000e-03
1.561000000000000e+00	4.546571615550000e-04	-2.984189957979000e-02	1.093572384454000e-03
1.562000000000000e+00	9.722756812007000e-04	-2.957097343010000e-02	1.096601001588000e-03
1.563000000000000e+00	1.338277788064000e-03	-2.924955541578000e-02	1.102033162485000e-03
1.564000000000000e+00	1.552663485434000e-03	-2.887764553792000e-02	1.109868867093000e-03
1.565000000000000e+00	1.767049180490000e-03	-2.850573565955000e-02	1.117704571701000e-03
1.566000000000000e+00	1.554865003544000e-03	-2.804046446115000e-02	1.125537027714000e-03
1.567000000000000e+00	1.342680826598000e-03	-2.757519326275000e-02	1.133369483726000e-03
1.568000000000000e+00	9.804611378140000e-04	-2.706741143621000e-02	1.138804270323000e-03
1.569000000000000e+00	4.682059404458000e-04	-2.651711898243000e-02	1.141841387558000e-03
1.570000000000000e+00	-4.404925691460000e-05	-2.596682652822000e-02	1.144878504755000e-03
1.571000000000000e+00	-5.548253144405000e-04	-2.533774058461000e-02	1.141148896002000e-03
1.572000000000000e+00	-1.065601371966000e-03	-2.470865464100000e-02	1.137419287249000e-03
1.573000000000000e+00	-1.425798239097000e-03	-2.404164124094000e-02	1.131302872668000e-03
1.574000000000000e+00	-1.635415919099000e-03	-2.333670038526000e-02	1.122799652312000e-03
1.575000000000000e+00	-1.845033596804000e-03	-2.263175952917000e-02	1.114296431956000e-03
1.576000000000000e+00	-1.630949719170000e-03	-2.185175320441000e-02	1.105798740957000e-03
1.577000000000000e+00	-1.416865841536000e-03	-2.107174687964000e-02	1.097301049959000e-03
1.578000000000000e+00	-1.053784018254000e-03	-2.025490830145000e-02	1.091186652430000e-03
1.579000000000000e+00	-5.417042525550000e-04	-1.940123747064000e-02	1.087455548320000e-03
1.580000000000000e+00	-2.962448686473000e-05	-1.854756663945000e-02	1.083724444246000e-03
1.581000000000000e+00	4.807945551592000e-04	-1.762498023561000e-02	1.086718301904000e-03
1.582000000000000e+00	9.912135971832999e-04	-1.670239383177000e-02	1.089712159562000e-03
1.583000000000000e+00	1.351896344129000e-03	-1.574994014971000e-02	1.095078053505000e-03
1.584000000000000e+00	1.562842799243000e-03	-1.476761919009000e-02	1.102815983682000e-03
1.585000000000000e+00	1.773789252073000e-03	-1.378529823021000e-02	1.110553913858000e-03
1.586000000000000e+00	1.563456797095000e-03	-1.275562848790000e-02	1.118286716786000e-03
1.587000000000000e+00	1.353124342118000e-03	-1.172595874560000e-02	1.126019519713000e-03
1.588000000000000e+00	9.945899116424999e-04	-1.067898676813000e-02	1.131384191521000e-03
1.589000000000000e+00	4.878535088835000e-04	-9.614712555884000e-03	1.134380732261000e-03
1.590000000000000e+00	-1.888289386830000e-05	-8.550438343502000e-03	1.137377272964000e-03
1.591000000000000e+00	-5.242831056285000e-04	-7.461832580079000e-03	1.133691576965000e-03
1.592000000000000e+00	-1.029683317389000e-03	-6.373226816655000e-03	1.130005880967000e-03
1.593000000000000e+00	-1.386453539495000e-03	-5.275758602722000e-03	1.123963425528000e-03
1.594000000000000e+00	-1.594593775170000e-03	-4.169427938470000e-03	1.115564210700000e-03
1.595000000000000e+00	-1.802734008578000e-03	-3.063097274144000e-03	1.107164995873000e-03
1.596000000000000e+00	-1.592575057084000e-03	-1.943078271861000e-03	1.098772157791000e-03
1.597000000000000e+00	-1.382416105591000e-03	-8.230592695780000e-04	1.090379319708000e-03
1.598000000000000e+00	-1.025151306595000e-03	3.017206041004000e-04	1.084340748279000e-03
1.599000000000000e+00	-5.207806632878000e-04	1.431261349071000e-03	1.080656443451000e-03
1.600000000000000e+00	-1.641001998944000e-05	2.560802094055000e-03	1.076972138658000e-03
1.601000000000000e+00	4.863000668215000e-04	3.692887753568000e-03	1.079930865533000e-03
1.602000000000000e+00	9.890101536325000e-04	4.824973413081000e-03	1.082889592407000e-03
1.603000000000000e+00	1.343852539799000e-03	5.952911689295000e-03	1.088191898982000e-03
1.604000000000000e+00	1.550827228529000e-03	7.076702582299000e-03	1.095837785205000e-03
1.605000000000000e+00	1.757801915003000e-03	8.200493475185000e-03	1.103483671428000e-03
1.606000000000000e+00	1.548753021505000e-03	9.302513001156001e-03	1.111126492200000e-03
1.607000000000000e+00	1.339704128007000e-03	1.040453252713000e-02	1.118769312972000e-03
1.608000000000000e+00	9.842992023920000e-04	1.148901997450000e-02	1.124074083911000e-03
1.609000000000000e+00	4.825382478329000e-04	1.255597534364000e-02	1.127040805067000e-03
1.610000000000000e+00	-1.922270671920000e-05	1.362293071255000e-02	1.130007526188000e-03
1.611000000000000e+00	-5.196596699590000e-04	1.464451372442000e-02	1.126375168596000e-03
1.612000000000000e+00	-1.020096633199000e-03	1.566609673629000e-02	1.122742811004000e-03
1.613000000000000e+00	-1.373740398629000e-03	1.666192278828000e-02	1.116782423546000e-03
1.614000000000000e+00	-1.580590969434000e-03	1.763199188094000e-02	1.108494006272000e-03
1.615000000000000e+00	-1.787441537999000e-03	1.860206097330000e-02	1.100205588998000e-03
1.616000000000000e+00	-1.581142279286000e-03	1.951755641289000e-02	1.091921542383000e-03
1.617000000000000e+00	-1.374843020572000e-03	2.043305185247000e-02	1.083637495769000e-03
1.618000000000000e+00	-1.023231892737000e-03	2.131993483485000e-02	1.077677406047000e-03
1.619000000000000e+00	-5.263088989314999e-04	2.217820536066000e-02	1.074041273167000e-03
1.620000000000000e+00	-2.938590513444000e-05	2.303647588612000e-02	1.070405140323000e-03
1.621000000000000e+00	4.659585902214000e-04	2.383262044818000e-02	1.073327685076000e-03
1.622000000000000e+00	9.613030855772000e-04	2.462876501025000e-02	1.076250229828000e-03
1.623000000000000e+00	1.310632834062000e-03	2.538974354592000e-02	1.081486551302000e-03
1.624000000000000e+00	1.513947838841000e-03	2.611555605595000e-02	1.089036649447000e-03
1.625000000000000e+00	1.717262841394000e-03	2.684136856555000e-02	1.096586747591000e-03
1.626000000000000e+00	1.509723425132000e-03	2.748652894889000e-02	1.104132774500000e-03
1.627000000000000e+00	1.302184008871000e-03	2.813168933224000e-02	1.111678801409000e-03
1.628000000000000e+00	9.501049822404000e-04	2.873168784574000e-02	1.116915417058000e-03
1.629000000000000e+00	4.534863483744000e-04	2.928652449037000e-02	1.119842621497000e-03
1.630000000000000e+00	-4.313228548434000e-05	2.984136113449000e-02	1.122769825901000e-03
1.631000000000000e+00	-5.384109752701000e-04	3.029959020324000e-02	1.119179513295000e-03
1.632000000000000e+00	-1.033689665056000e-03	3.075781927199000e-02	1.115589200688000e-03
1.633000000000000e+00	-1.383951055062000e-03	3.116686512932000e-02	1.109699986807000e-03
1.634000000000000e+00	-1.589195148432000e-03	3.152672777629000e-02	1.101511871702000e-03
1.635000000000000e+00	-1.794439239590000e-03	3.188659042273000e-02	1.093323756596000e-03
1.636000000000000e+00	-1.591514640693000e-03	3.214974777296000e-02	1.085141620688000e-03
1.637000000000000e+00	-1.388590041796000e-03	3.241290512318000e-02	1.076959484781000e-03
1.638000000000000e+00	-1.042075270041000e-03	3.262891176155000e-02	1.071073879233000e-03
1.639000000000000e+00	-5.519703285426000e-04	3.279776768909000e-02	1.067484803996000e-03
1.640000000000000e+00	-6.186538705161999e-05	3.296662361612000e-02	1.063895728794000e-03
1.641000000000000e+00	4.268138197729000e-04	3.304165950918000e-02	1.066787279910000e-03
1.642000000000000e+00	9.154930265975000e-04	3.311669540225000e-02	1.069678831025000e-03
1.643000000000000e+00	1.260008409284000e-03	3.314355855756000e-02	1.074856811953000e-03
1.644000000000000e+00	1.460359970958000e-03	3.312224897615000e-02	1.082321222644000e-03
1.645000000000000e+00	1.660711530433000e-03	3.310093939419000e-02	1.089785633334000e-03
1.646000000000000e+00	1.455346319478000e-03	3.297888460987000e-02	1.097247070002000e-03
1.647000000000000e+00	1.249981108522000e-03	3.285682982556000e-02	1.104708506669000e-03
1.648000000000000e+00	9.018957682508000e-04	3.268260708907000e-02	1.109888649784000e-03
1.649000000000000e+00	4.110903017577000e-04	3.245621640156000e-02	1.112787499395000e-03
1.650000000000000e+00	-7.971516472760000e-05	3.222982571347000e-02	1.115686348971000e-03
1.651000000000000e+00	-5.690795632702000e-04	3.189897686262000e-02	1.112145842738000e-03
1.652000000000000e+00	-1.058443961813000e-03	3.156812801177000e-02	1.108605336505000e-03
1.653000000000000e+00	-1.404489760152000e-03	3.118726116563000e-02	1.102792886500000e-03
1.654000000000000e+00	-1.607216961396000e-03	3.075637632528000e-02	1.094708492771000e-03
1.655000000000000e+00	-1.809944160453000e-03	3.032549148444000e-02	1.086624099043000e-03
1.656000000000000e+00	-1.609318447048000e-03	2.980239758570000e-02	1.078543330986000e-03
1.657000000000000e+00	-1.408692733644000e-03	2.927930368696000e-02	1.070462562928000e-03
1.658000000000000e+00	-1.066147811294000e-03	2.871437444896000e-02	1.064649442762000e-03
1.659000000000000e+00	-5.816836830768000e-04	2.810760987263000e-02	1.061103970436000e-03
1.660000000000000e+00	-9.721955486636000e-05	2.750084529588000e-02	1.057558498146000e-03
1.661000000000000e+00	3.859601662002000e-04	2.681697822210000e-02	1.060413656115000e-03
1.662000000000000e+00	8.691398872669000e-04	2.613311114832000e-02	1.063268814083000e-03
1.663000000000000e+00	1.209947161337000e-03	2.541243202898000e-02	1.068382327610000e-03
1.664000000000000e+00	1.408381991497000e-03	2.465494086488000e-02	1.075754196646000e-03
1.665000000000000e+00	1.606816819485000e-03	2.389744970039000e-02	1.083126065682000e-03
1.666000000000000e+00	1.404503157662000e-03	2.306779451926000e-02	1.090494776620000e-03
1.667000000000000e+00	1.202189495838000e-03	2.223813933814000e-02	1.097863487557000e-03
1.668000000000000e+00	8.589044211635000e-04	2.137342551350000e-02	1.102978579684000e-03
1.669000000000000e+00	3.746479366941000e-04	2.047365304611000e-02	1.105840053050000e-03
1.670000000000000e+00	-1.096085477674000e-04	1.957388057837000e-02	1.108701526381000e-03
1.671000000000000e+00	-5.923802243334000e-04	1.860920750019000e-02	1.105202026335000e-03
1.672000000000000e+00	-1.075151900900000e-03	1.764453442202000e-02	1.101702526289000e-03
1.673000000000000e+00	-1.416287712770000e-03	1.665211488951000e-02	1.095959076553000e-03
1.674000000000000e+00	-1.615787663018000e-03	1.563194890325000e-02	1.087971677177000e-03
1.675000000000000e+00	-1.815287611104000e-03	1.461178291677000e-02	1.079984277801000e-03
1.676000000000000e+00	-1.616174841661000e-03	1.354855708844000e-02	1.072002266204000e-03
1.677000000000000e+00	-1.417062072217000e-03	1.248533126012000e-02	1.064020254608000e-03
1.678000000000000e+00	-1.077675156319000e-03	1.140695562673000e-02	1.058279732097000e-03
1.679000000000000e+00	-5.980140970088999e-04	1.031343018862000e-02	1.054780698624000e-03
1.680000000000000e+00	-1.183530377047000e-04	9.219904750393000e-03	1.051281665185000e-03
1.681000000000000e+00	3.601440373320000e-04	8.106483146527000e-03	1.054108567573000e-03
1.682000000000000e+00	8.386411123688000e-04	6.993061542661000e-03	1.056935469960000e-03
1.683000000000000e+00	1.176509021540000e-03	5.873146461768000e-03	1.061994400746000e-03
1.684000000000000e+00	1.373747767896000e-03	4.746737903989000e-03	1.069285359880000e-03
1.685000000000000e+00	1.570986512106000e-03	3.620329346163000e-03	1.076576319015000e-03
1.686000000000000e+00	1.372316746566000e-03	2.485379773501000e-03	1.083864510804000e-03
1.687000000000000e+00	1.173646981026000e-03	1.350430200839000e-03	1.091152702593000e-03
1.688000000000000e+00	8.357047380396000e-04	2.134765306621000e-04	1.096213744684000e-03
1.689000000000000e+00	3.584900206271000e-04	-9.254812369846000e-04	1.099047637126000e-03
1.690000000000000e+00	-1.187246967773000e-04	-2.064439004614000e-03	1.101881529534000e-03
1.691000000000000e+00	-5.944416749187001e-04	-3.200252426747000e-03	1.098428405569000e-03
1.692000000000000e+00	-1.070158653060000e-03	-4.336065848878000e-03	1.094975281604000e-03
1.693000000000000e+00	-1.405906861106000e-03	-5.464924289522000e-03	1.089303739755000e-03
1.694000000000000e+00	-1.601686302093000e-03	-6.586827748827000e-03	1.081413780072000e-03
1.695000000000000e+00	-1.797465740944000e-03	-7.708731207986000e-03	1.073523820388000e-03
1.696000000000000e+00	-1.599330374334000e-03	-8.803509387876000e-03	1.065636939111000e-03
1.697000000000000e+00	-1.401195007724000e-03	-9.898287567767000e-03	1.057750057835000e-03
1.698000000000000e+00	-1.064437093395000e-03	-1.097300748746000e-02	1.052077225261000e-03
1.699000000000000e+00	-5.890566343515000e-04	-1.202766914739000e-02	1.048618441343000e-03
1.700000000000000e+00	-1.136761753146000e-04	-1.308233080705000e-02	1.045159657459000e-03
1.701000000000000e+00	3.605496950099000e-04	-1.408676448863000e-02	1.047950923756000e-03
1.702000000000000e+00	8.347755653343000e-04	-1.509119817022000e-02	1.050742190052000e-03
1.703000000000000e+00	1.170014661388000e-03	-1.606746368573000e-02	1.055738958874000e-03
1.704000000000000e+00	1.366266986186000e-03	-1.701556103578000e-02	1.062941230172000e-03
1.705000000000000e+00	1.562519308862000e-03	-1.796365838550000e-02	1.070143501470000e-03
1.706000000000000e+00	1.367465376732000e-03	-1.885229030488000e-02	1.077343316494000e-03
1.707000000000000e+00	1.172411444603000e-03	-1.974092222426000e-02	1.084543131518000e-03
1.708000000000000e+00	8.396837059760000e-04	-2.059848168132000e-02	1.089542391525000e-03
1.709000000000000e+00	3.692821638375000e-04	-2.142496867675000e-02	1.092341096565000e-03
1.710000000000000e+00	-1.011193782933000e-04	-2.225145567181000e-02	1.095139801571000e-03
1.711000000000000e+00	-5.701215837012000e-04	-2.301105083497000e-02	1.091726520521000e-03
1.712000000000000e+00	-1.039123789109000e-03	-2.377064599812000e-02	1.088313239472000e-03
1.713000000000000e+00	-1.369833491553000e-03	-2.449288813335000e-02	1.082708306027000e-03
1.714000000000000e+00	-1.562250694031000e-03	-2.517777724148000e-02	1.074911720235000e-03
1.715000000000000e+00	-1.754667894399000e-03	-2.586266634915000e-02	1.067115134442000e-03
1.716000000000000e+00	-1.557837371752000e-03	-2.646309544840000e-02	1.059323300527000e-03
1.717000000000000e+00	-1.361006849104000e-03	-2.706352454766000e-02	1.051531466613000e-03
1.718000000000000e+00	-1.027197412515000e-03	-2.761718513205000e-02	1.045928665209000e-03
1.719000000000000e+00	-5.564090649541000e-04	-2.812407720257000e-02	1.042514896270000e-03
1.720000000000000e+00	-8.562071739991000e-05	-2.863096927256000e-02	1.039101127364000e-03
1.721000000000000e+00	3.839768957169000e-04	-2.903851964413000e-02	1.041865931181000e-03
1.722000000000000e+00	8.535745088337000e-04	-2.944607001571000e-02	1.044630734998000e-03
1.723000000000000e+00	1.185772748061000e-03	-2.980322220496000e-02	1.049575780783000e-03
1.724000000000000e+00	1.380571616379000e-03	-3.010997621297000e-02	1.056701068487000e-03
1.725000000000000e+00	1.575370482600000e-03	-3.041673022046000e-02	1.063826356191000e-03
1.726000000000000e+00	1.383331085345000e-03	-3.062453552520000e-02	1.070949244720000e-03
1.727000000000000e+00	1.191291688090000e-03	-3.083234082995000e-02	1.078072133250000e-03
1.728000000000000e+00	8.631264376055000e-04	-3.099197726987000e-02	1.083019573843000e-03
1.729000000000000e+00	3.988353368441000e-04	-3.110344484603000e-02	1.085791566548000e-03
1.730000000000000e+00	-6.545576391026000e-05	-3.121491242167000e-02	1.088563559219000e-03
1.731000000000000e+00	-5.284764388660000e-04	-3.123088725145000e-02	1.085193909447000e-03
1.732000000000000e+00	-9.914971138216000e-04	-3.124686208123000e-02	1.081824259674000e-03
1.733000000000000e+00	-1.317883917933000e-03	-3.121411397263000e-02	1.076287264568000e-03
1.734000000000000e+00	-1.507636854163000e-03	-3.113264292671000e-02	1.068582924176000e-03
1.735000000000000e+00	-1.697389788308000e-03	-3.105117188025000e-02	1.060878583783000e-03
1.736000000000000e+00	-1.502507525986000e-03	-3.086857264883000e-02	1.053176809532000e-03
1.737000000000000e+00	-1.307625263664000e-03	-3.068597341742000e-02	1.045475035281000e-03
1.738000000000000e+00	-9.774012355424000e-04	-3.045137411343000e-02	1.039936174129000e-03
1.739000000000000e+00	-5.118354445568000e-04	-3.016477473800000e-02	1.036560226030000e-03
1.740000000000000e+00	-4.626965357842000e-05	-2.987817536201000e-02	1.033184277963000e-03
1.741000000000000e+00	4.180015774731000e-04	-2.948803192111000e-02	1.035914690657000e-03
1.742000000000000e+00	8.822728085246001e-04	-2.909788848022000e-02	1.038645103351000e-03
1.743000000000000e+00	1.210661340000000e-03	-2.865837349268000e-02	1.043530556330000e-03
1.744000000000000e+00	1.403167174846000e-03	-2.816948695957000e-02	1.050571049547000e-03
1.745000000000000e+00	1.595673007618000e-03	-2.768060042597000e-02	1.057611542764000e-03
1.746000000000000e+00	1.405644060850000e-03	-2.710103227324000e-02	1.064650128246000e-03
1.747000000000000e+00	1.215615114082000e-03	-2.652146412050000e-02	1.071688713728000e-03
1.748000000000000e+00	8.909481413219000e-04	-2.590093676104000e-02	1.076577297351000e-03
1.749000000000000e+00	4.316431454888000e-04	-2.523945019574000e-02	1.079315879163000e-03
1.750000000000000e+00	-2.766185033827000e-05	-2.457796363002000e-02	1.082054460941000e-03
1.751000000000000e+00	-4.858541048636000e-04	-2.384147455388000e-02	1.078723061348000e-03
1.752000000000000e+00	-9.440463593888000e-04	-2.310498547774000e-02	1.075391661755000e-03
1.753000000000000e+00	-1.267230976132000e-03	-2.233299523539000e-02	1.069918454318000e-03
1.754000000000000e+00	-1.455407958020000e-03	-2.152550382761000e-02	1.062303439084000e-03
1.755000000000000e+00	-1.643584937848000e-03	-2.071801241946000e-02	1.054688423849000e-03
1.756000000000000e+00	-1.451623150757000e-03	-1.984161287104000e-02	1.047077511891000e-03
1.757000000000000e+00	-1.259661363665000e-03	-1.896521332262000e-02	1.039466599933000e-03
1.758000000000000e+00	-9.339417422738000e-04	-1.805568640987000e-02	1.033994687592000e-03
1.759000000000000e+00	-4.744642894823000e-04	-1.711303213351000e-02	1.030661774821000e-03
1.760000000000000e+00	-1.498683669829000e-05	-1.617037785683000e-02	1.027328862084000e-03
1.761000000000000e+00	4.431446612341000e-04	-1.516712719416000e-02	1.030034028995000e-03
1.762000000000000e+00	9.012761591665000e-04	-1.416387653150000e-02	1.032739195906000e-03
1.763000000000000e+00	1.225039156751000e-03	-1.313514147651000e-02	1.037575279978000e-03
1.764000000000000e+00	1.414433656900000e-03	-1.208092202976000e-02	1.044542281163000e-03
1.765000000000000e+00	1.603828154999000e-03	-1.102670258280000e-02	1.051509282349000e-03
1.766000000000000e+00	1.414966076869000e-03	-9.934000704051000e-03	1.058474441142000e-03
1.767000000000000e+00	1.226103998740000e-03	-8.841298825305001e-03	1.065439599936000e-03
1.768000000000000e+00	9.040953743407000e-04	-7.735745542255000e-03	1.070278737833000e-03
1.769000000000000e+00	4.489402065602000e-04	-6.617340855179000e-03	1.072991854881000e-03
1.770000000000000e+00	-6.214961214520000e-06	-5.498936168021000e-03	1.075704971896000e-03
1.771000000000000e+00	-4.603400807544000e-04	-4.365348596041000e-03	1.072415280667000e-03
1.772000000000000e+00	-9.144652002942000e-04	-3.231761024060000e-03	1.069125589438000e-03
1.773000000000000e+00	-1.235140279242000e-03	-2.094169187079000e-03	1.063717293193000e-03
1.774000000000000e+00	-1.422365320492000e-03	-9.525730851827000e-04	1.056190391978000e-03
1.775000000000000e+00	-1.609590359705000e-03	1.890230167309000e-04	1.048663490762000e-03
1.776000000000000e+00	-1.421017653209000e-03	1.333826404560000e-03	1.041138571157000e-03
1.777000000000000e+00	-1.232444946714000e-03	2.478629792390000e-03	1.033613651552000e-03
1.778000000000000e+00	-9.116403985522001e-04	3.622614977879000e-03	1.028202767009000e-03
1.779000000000000e+00	-4.586040115910000e-04	4.765781961045000e-03	1.024905917482000e-03
1.780000000000000e+00	-5.567624637280000e-06	5.908948944162000e-03	1.021609067987000e-03
1.781000000000000e+00	4.461104038686000e-04	7.043192810835000e-03	1.024281295629000e-03
1.782000000000000e+00	8.977884323744000e-04	8.177436677509000e-03	1.026953523270000e-03
1.783000000000000e+00	1.216595978765000e-03	9.301884002802000e-03	1.031732582800000e-03
1.784000000000000e+00	1.402533045921000e-03	1.041653478693000e-02	1.038618474173000e-03
1.785000000000000e+00	1.588470111049000e-03	1.153118557088000e-02	1.045504365546000e-03
1.786000000000000e+00	1.400371549786000e-03	1.261329706324000e-02	1.052388849286000e-03
1.787000000000000e+00	1.212272988524000e-03	1.369540855561000e-02	1.059273333025000e-03
1.788000000000000e+00	8.925092577101000e-04	1.475490992036000e-02	1.064056074439000e-03
1.789000000000000e+00	4.410803601989000e-04	1.579180115798000e-02	1.066737073573000e-03
1.790000000000000e+00	-1.034853730669000e-05	1.682869239530000e-02	1.069418072675000e-03
1.791000000000000e+00	-4.607700721500000e-04	1.781047267358000e-02	1.066164634056000e-03
1.792000000000000e+00	-9.111916069931000e-04	1.879225295186000e-02	1.062911195436000e-03
1.793000000000000e+00	-1.229650060159000e-03	1.974346260178000e-02	1.057563497658000e-03
1.794000000000000e+00	-1.416145434509000e-03	2.066410162401000e-02	1.050121540765000e-03
1.795000000000000e+00	-1.602640806844000e-03	2.158474064589000e-02	1.042679583872000e-03
1.796000000000000e+00	-1.417497150812000e-03	2.244109902903000e-02	1.035240996434000e-03
1.797000000000000e+00	-1.232353494780000e-03	2.329745741217000e-02	1.027802408995000e-03
1.798000000000000e+00	-9.164210441882000e-04	2.412035077754000e-02	1.022455003863000e-03
1.799000000000000e+00	-4.696998018734000e-04	2.490977912586000e-02	1.019198780992000e-03
1.800000000000000e+00	-2.297855956560000e-05	2.569920747379000e-02	1.015942558153000e-03
1.801000000000000e+00	4.224798191644000e-04	2.641715584906000e-02	1.018590271712000e-03
1.802000000000000e+00	8.679381978942000e-04	2.713510422432000e-02	1.021237985271000e-03
1.803000000000000e+00	1.182047558871000e-03	2.781361204075000e-02	1.025969589886000e-03
1.804000000000000e+00	1.364807904942000e-03	2.845267929920000e-02	1.032785085511000e-03
1.805000000000000e+00	1.547568249008000e-03	2.909174655717000e-02	1.039600581137000e-03
1.806000000000000e+00	1.360534705785000e-03	2.964275028991000e-02	1.046415032692000e-03
1.807000000000000e+00	1.173501162563000e-03	3.019375402265000e-02	1.053229484246000e-03
1.808000000000000e+00	8.563059875472000e-04	3.069648664330000e-02	1.057965264996000e-03
1.809000000000000e+00	4.089491835612000e-04	3.115094815291000e-02	1.060622374986000e-03
1.810000000000000e+00	-3.840762041878000e-05	3.160540966197000e-02	1.063279484945000e-03
1.811000000000000e+00	-4.846792246277000e-04	3.195801941283000e-02	1.060066584227000e-03
1.812000000000000e+00	-9.309508288364000e-04	3.231062916369000e-02	1.056853683509000e-03
1.813000000000000e+00	-1.246670761874000e-03	3.261175465967000e-02	1.051568742982000e-03
1.814000000000000e+00	-1.431839026572000e-03	3.286139590190000e-02	1.044211762693000e-03
1.815000000000000e+00	-1.617007289276000e-03	3.311103714358000e-02	1.036854782403000e-03
1.816000000000000e+00	-1.434535784415000e-03	3.325978945225000e-02	1.029499068232000e-03
1.817000000000000e+00	-1.252064279553000e-03	3.340854176092000e-02	1.022143354062000e-03
1.818000000000000e+00	-9.401906273900000e-04	3.350828006435000e-02	1.016854857073000e-03
1.819000000000000e+00	-4.989148307325000e-04	3.355900436360000e-02	1.013633577222000e-03
1.820000000000000e+00	-5.763903408108000e-05	3.360972866232000e-02	1.010412297403000e-03
1.821000000000000e+00	3.824996487237000e-04	3.356365987988000e-02	1.013028723509000e-03
1.822000000000000e+00	8.226383315287000e-04	3.351759109745000e-02	1.015645149616000e-03
1.823000000000000e+00	1.132925622552000e-03	3.342243745345000e-02	1.020322307197000e-03
1.824000000000000e+00	1.313361524611000e-03	3.327819894895000e-02	1.027060196208000e-03
1.825000000000000e+00	1.493797424687000e-03	3.313396044390000e-02	1.033798085220000e-03
1.826000000000000e+00	1.308598975281000e-03	3.288857512858000e-02	1.040535114658000e-03
1.827000000000000e+00	1.123400525875000e-03	3.264318981327000e-02	1.047272144096000e-03
1.828000000000000e+00	8.095147957312000e-04	3.234614706902000e-02	1.051953619490000e-03
1.829000000000000e+00	3.669417876396000e-04	3.199744689696000e-02	1.054579540885000e-03
1.830000000000000e+00	-7.563122044574000e-05	3.164874672435000e-02	1.057205462248000e-03
1.831000000000000e+00	-5.170346437413000e-04	3.119776222106000e-02	1.054026573317000e-03
1.832000000000000e+00	-9.584380670370000e-04	3.074677771777000e-02	1.050847684386000e-03
1.833000000000000e+00	-1.270664587578000e-03	3.024724718230000e-02	1.045619952762000e-03
1.834000000000000e+00	-1.453714208167000e-03	2.969917061569000e-02	1.038343378490000e-03
1.835000000000000e+00	-1.636763826783000e-03	2.915109404861000e-02	1.031066804218000e-03
1.836000000000000e+00	-1.456069725153000e-03	2.851424450427000e-02	1.023792685289000e-03
1.837000000000000e+00	-1.275375623522000e-03	2.787739495993000e-02	1.016518566359000e-03
1.838000000000000e+00	-9.666258777520000e-04	2.720066295541000e-02	1.011289783489000e-03
1.839000000000000e+00	-5.298204906192000e-04	2.648404849157000e-02	1.008106336634000e-03
1.840000000000000e+00	-9.301510349180000e-05	2.576743402735000e-02	1.004922889810000e-03
1.841000000000000e+00	3.427984321279000e-04	2.497832178007000e-02	1.007514953964000e-03
1.842000000000000e+00	7.786119677477000e-04	2.418920953280000e-02	1.010107018118000e-03
1.843000000000000e+00	1.086050358642000e-03	2.336610012049000e-02	1.014738026629000e-03
1.844000000000000e+00	1.265113607596000e-03	2.250899354388000e-02	1.021407979453000e-03
1.845000000000000e+00	1.444176854589000e-03	2.165188696692000e-02	1.028077932276000e-03
1.846000000000000e+00	1.261694487122000e-03	2.072947944346000e-02	1.034747870360000e-03
1.847000000000000e+00	1.079212119655000e-03	1.980707192001000e-02	1.041417808443000e-03
1.848000000000000e+00	7.694914158325000e-04	1.885362494831000e-02	1.046054558496000e-03
1.849000000000000e+00	3.325323784126000e-04	1.786913852904000e-02	1.048658120563000e-03
1.850000000000000e+00	-1.044266590006000e-04	1.688465210946000e-02	1.051261682599000e-03
1.851000000000000e+00	-5.401307262312000e-04	1.584415889598000e-02	1.048122611594000e-03
1.852000000000000e+00	-9.758347934619000e-04	1.480366568250000e-02	1.044983540588000e-03
1.853000000000000e+00	-1.283712662367000e-03	1.374008671564000e-02	1.039817058690000e-03
1.854000000000000e+00	-1.463764335718000e-03	1.265342199590000e-02	1.032623165943000e-03
1.855000000000000e+00	-1.643816007118000e-03	1.156675727599000e-02	1.025429273196000e-03
1.856000000000000e+00	-1.463964503731000e-03	1.044645897278000e-02	1.018235886076000e-03
1.857000000000000e+00	-1.284113000344000e-03	9.326160669570999e-03	1.011042498956000e-03
1.858000000000000e+00	-9.775471237801999e-04	8.195443137662999e-03	1.005871404313000e-03
1.859000000000000e+00	-5.442668767888000e-04	7.054306377284000e-03	1.002722602104000e-03
1.860000000000000e+00	-1.109866298022000e-04	5.913169616849000e-03	9.995737999267001e-04
1.861000000000000e+00	3.213777055863000e-04	4.761812205373000e-03	1.002136701163000e-03
1.862000000000000e+00	7.537420409749000e-04	3.610454793897000e-03	1.004699602400000e-03
1.863000000000000e+00	1.059134665063000e-03	2.457687688832000e-03	1.009279030258000e-03
1.864000000000000e+00	1.237555580604000e-03	1.303510890208000e-03	1.015874984693000e-03
1.865000000000000e+00	1.415976494207000e-03	1.493340915967000e-04	1.022470939129000e-03
1.866000000000000e+00	1.236759179849000e-03	-1.002557778079000e-03	1.029066584577000e-03
1.867000000000000e+00	1.057541865490000e-03	-2.154449647754000e-03	1.035662230026000e-03
1.868000000000000e+00	7.524543940742000e-04	-3.302648399635000e-03	1.040246627413000e-03
1.869000000000000e+00	3.214967683295000e-04	-4.447154033800000e-03	1.042819776780000e-03
1.870000000000000e+00	-1.094608574087000e-04	-5.591659667887000e-03	1.045392926117000e-03
1.871000000000000e+00	-5.391796655164000e-04	-6.721399627772000e-03	1.042285577350000e-03
1.872000000000000e+00	-9.688984736240999e-04	-7.851139587658000e-03	1.039178228582000e-03
1.873000000000000e+00	-1.272160677980000e-03	-8.968221692142000e-03	1.034065565564000e-03
1.874000000000000e+00	-1.448966281327000e-03	-1.007264594150000e-02	1.026947588340000e-03
1.875000000000000e+00	-1.625771882743000e-03	-1.117707019065000e-02	1.019829611116000e-03
1.876000000000000e+00	-1.446521374180000e-03	-1.224351377168000e-02	1.012713084134000e-03
1.877000000000000e+00	-1.267270865617000e-03	-1.330995735271000e-02	1.005596557151000e-03
1.878000000000000e+00	-9.626588392079000e-04	-1.435123138841000e-02	1.000481296815000e-03
1.879000000000000e+00	-5.326852976719000e-04	-1.536733587933000e-02	9.973673030816001e-04
1.880000000000000e+00	-1.027117561409000e-04	-1.638344036992000e-02	9.942533093786001e-04
1.881000000000000e+00	3.263477546219000e-04	-1.733956034747000e-02	9.967914276159001e-04
1.882000000000000e+00	7.554072653850000e-04	-1.829568032502000e-02	9.993295458532001e-04
1.883000000000000e+00	1.058835859612000e-03	-1.921885274538000e-02	1.003863412289000e-03
1.884000000000000e+00	1.236633540027000e-03	-2.010907760928000e-02	1.010393026881000e-03
1.885000000000000e+00	1.414431218523000e-03	-2.099930247281000e-02	1.016922641472000e-03
1.886000000000000e+00	1.238354851334000e-03	-2.182053600598000e-02	1.023453198364000e-03
1.887000000000000e+00	1.062278484145000e-03	-2.264176953915000e-02	1.029983755256000e-03
1.888000000000000e+00	7.616428296516000e-04	-2.342722420549000e-02	1.034524833748000e-03
1.889000000000000e+00	3.364478905543000e-04	-2.417690000579000e-02	1.037076433883000e-03
1.890000000000000e+00	-8.874704853683000e-05	-2.492657580567000e-02	1.039628033987000e-03
1.891000000000000e+00	-5.127739349017000e-04	-2.560038098541000e-02	1.036559524844000e-03
1.892000000000000e+00	-9.368008212666000e-04	-2.627418616515000e-02	1.033491015700000e-03
1.893000000000000e+00	-1.235739580976000e-03	-2.690657305929000e-02	1.028438110742000e-03
1.894000000000000e+00	-1.409590216742000e-03	-2.749754166872000e-02	1.021400810013000e-03
1.895000000000000e+00	-1.583440850599000e-03	-2.808851027767000e-02	1.014363509284000e-03
1.896000000000000e+00	-1.405060293167000e-03	-2.858804032975000e-02	1.007326309765000e-03
1.897000000000000e+00	-1.226679735734000e-03	-2.908757038183000e-02	1.000289110247000e-03
1.898000000000000e+00	-9.242945128619000e-04	-2.953744456556000e-02	9.952311612957999e-04
1.899000000000000e+00	-4.979046272400000e-04	-2.993766288201000e-02	9.921524628704000e-04
1.900000000000000e+00	-7.151474162341000e-05	-3.033788119791000e-02	9.890737644753999e-04
1.901000000000000e+00	3.538902002212000e-04	-3.063399027157000e-02	9.915857462135000e-04
1.902000000000000e+00	7.792951420661000e-04	-3.093009934523000e-02	9.940977279516000e-04
1.903000000000000e+00	1.080341451583000e-03	-3.117377985821000e-02	9.985836710968000e-04
1.904000000000000e+00	1.257029131471000e-03	-3.136503181164000e-02	1.005043575606000e-03
1.905000000000000e+00	1.433716809458000e-03	-3.155628376452000e-02	1.011503480116000e-03
1.906000000000000e+00	1.260128965669000e-03	-3.164502981736000e-02	1.017963296404000e-03
1.907000000000000e+00	1.086541121879000e-03	-3.173377587019000e-02	1.024423112692000e-03
1.908000000000000e+00	7.896330337517000e-04	-3.177284270883000e-02	1.028914126168000e-03
1.909000000000000e+00	3.694047039604000e-04	-3.176223033433000e-02	1.031436336875000e-03
1.910000000000000e+00	-5.082362582544000e-05	-3.175161795931000e-02	1.033958547552000e-03
1.911000000000000e+00	-4.700386385506000e-04	-3.164329390103000e-02	1.030919665532000e-03
1.912000000000000e+00	-8.892536512759000e-04	-3.153496984275000e-02	1.027880783511000e-03
1.913000000000000e+00	-1.184758738747000e-03	-3.137739113830000e-02	1.022878511371000e-03
1.914000000000000e+00	-1.356553903646000e-03	-3.117055778876000e-02	1.015912849152000e-03
1.915000000000000e+00	-1.528349066656000e-03	-3.096372443867000e-02	1.008947186934000e-03
1.916000000000000e+00	-1.351721372193000e-03	-3.065609812272000e-02	1.001982312727000e-03
1.917000000000000e+00	-1.175093677729000e-03	-3.034847180678000e-02	9.950174385207000e-04
1.918000000000000e+00	-8.758134018131000e-04	-2.998970962071000e-02	9.900115737894999e-04
1.919000000000000e+00	-4.538805471040000e-04	-2.957981156563000e-02	9.869647184911001e-04
1.920000000000000e+00	-3.194769240052000e-05	-2.916991351000000e-02	9.839178632227001e-04
1.921000000000000e+00	3.889007626911000e-04	-2.865934247737000e-02	9.864044001961000e-04
1.922000000000000e+00	8.097492177827000e-04	-2.814877144473000e-02	9.888909371696000e-04
1.923000000000000e+00	1.107477928079000e-03	-2.759065903044000e-02	9.933314647223000e-04
1.924000000000000e+00	1.282086896249000e-03	-2.698500523553000e-02	9.997259828120001e-04
1.925000000000000e+00	1.456695862539000e-03	-2.637935144016000e-02	1.006120500902000e-03
1.926000000000000e+00	1.284553520830000e-03	-2.568720621613000e-02	1.012516207986000e-03
1.927000000000000e+00	1.112411179120000e-03	-2.499506099210000e-02	1.018911915069000e-03
1.928000000000000e+00	8.181682735619000e-04	-2.426430221725000e-02	1.023359883549000e-03
1.929000000000000e+00	4.018248068039000e-04	-2.349492989241000e-02	1.025860113467000e-03
1.930000000000000e+00	-1.451865994934000e-05	-2.272555756720000e-02	1.028360343356000e-03
1.931000000000000e+00	-4.299772604072000e-04	-2.188657388307000e-02	1.025358124850000e-03
1.932000000000000e+00	-8.454358608652000e-04	-2.104759019893000e-02	1.022355906345000e-03
1.933000000000000e+00	-1.138518307815000e-03	-2.017629383156000e-02	1.017410865256000e-03
1.934000000000000e+00	-1.309224603909000e-03	-1.927268478165000e-02	1.010523001627000e-03
1.935000000000000e+00	-1.479930898135000e-03	-1.836907573141000e-02	1.003635137997000e-03
1.936000000000000e+00	-1.305905199085000e-03	-1.740410013648000e-02	9.967478508584001e-04
1.937000000000000e+00	-1.131879500035000e-03	-1.643912454155000e-02	9.898605637193999e-04
1.938000000000000e+00	-8.365037070385000e-04	-1.544534323986000e-02	9.849116054955001e-04
1.939000000000000e+00	-4.197778227261000e-04	-1.442275623203000e-02	9.819009761446000e-04
1.940000000000000e+00	-3.051938419778000e-06	-1.340016922392000e-02	9.788903468235001e-04
1.941000000000000e+00	4.125371918297000e-04	-1.232643003723000e-02	9.813545978949001e-04
1.942000000000000e+00	8.281263220791000e-04	-1.125269085054000e-02	9.838188489664000e-04
1.943000000000000e+00	1.121830881337000e-03	-1.015839019877000e-02	9.882161104273000e-04
1.944000000000000e+00	1.293650872247000e-03	-9.043528082368000e-03	9.945463822356999e-04
1.945000000000000e+00	1.465470861295000e-03	-7.928665965809999e-03	1.000876654044000e-03
1.946000000000000e+00	1.294030911069000e-03	-6.785264542322000e-03	1.007206450652000e-03
1.947000000000000e+00	1.122590960844000e-03	-5.641863118833000e-03	1.013536247260000e-03
1.948000000000000e+00	8.302624508816000e-04	-4.490592845820000e-03	1.017937653984000e-03
1.949000000000000e+00	4.170453838045000e-04	-3.331453723453000e-03	1.020410670864000e-03
1.950000000000000e+00	3.828316731828000e-06	-2.172314601059000e-03	1.022883687715000e-03
1.951000000000000e+00	-4.085985448826000e-04	-1.008130914651000e-03	1.019909885158000e-03
1.952000000000000e+00	-8.210254064971001e-04	1.560527717565000e-04	1.016936082602000e-03
1.953000000000000e+00	-1.112367064387000e-03	1.318964475354000e-03	1.012039220307000e-03
1.954000000000000e+00	-1.282623521178000e-03	2.480604196167000e-03	1.005219298313000e-03
1.955000000000000e+00	-1.452879976119000e-03	3.642243916938000e-03	9.983993763197001e-04
1.956000000000000e+00	-1.281984198602000e-03	4.795983549114000e-03	9.915802118527000e-04
1.957000000000000e+00	-1.111088421086000e-03	5.949723181289000e-03	9.847610473856000e-04
1.958000000000000e+00	-8.200959729439000e-04	7.096859049089000e-03	9.798606762332000e-04
1.959000000000000e+00	-4.090068567802000e-04	8.237391152657000e-03	9.768790983538001e-04
1.960000000000000e+00	2.082259377235000e-06	9.377923256111999e-03	9.738975205037000e-04
1.961000000000000e+00	4.120408513343000e-04	1.049781656375000e-02	9.763357327000000e-04
1.962000000000000e+00	8.219994432914000e-04	1.161770987139000e-02	9.787739448962999e-04
1.963000000000000e+00	1.111319036498000e-03	1.272208185846000e-02	9.831259334931999e-04
1.964000000000000e+00	1.279999633570000e-03	1.381093252530000e-02	9.893916984492000e-04
1.965000000000000e+00	1.448680228800000e-03	1.489978319191000e-02	9.956574634051999e-04
1.966000000000000e+00	1.277604622176000e-03	1.594522398457000e-02	1.001923789682000e-03
1.967000000000000e+00	1.106529015551000e-03	1.699066477723000e-02	1.008190115958000e-03
1.968000000000000e+00	8.157985981023000e-04	1.800839136650000e-02	1.012548199382000e-03
1.969000000000000e+00	4.054133724233000e-04	1.899840375300000e-02	1.014998039996000e-03
1.970000000000000e+00	-4.971853251381000e-06	1.998841613914000e-02	1.017447880580000e-03
1.971000000000000e+00	-4.145609367962000e-04	2.091362819307000e-02	1.014507288852000e-03
1.972000000000000e+00	-8.241500203408000e-04	2.183884024699000e-02	1.011566697124000e-03
1.973000000000000e+00	-1.113867808140000e-03	2.272877784835000e-02	1.006723043503000e-03
1.974000000000000e+00	-1.283714302793000e-03	2.358344099789000e-02	9.999763280292000e-04
1.975000000000000e+00	-1.453560795615000e-03	2.443810414703000e-02	9.932296125556000e-04
1.976000000000000e+00	-1.285659368019000e-03	2.521921621465000e-02	9.864844238470999e-04
1.977000000000000e+00	-1.117757940423000e-03	2.600032828227000e-02	9.797392351384999e-04
1.978000000000000e+00	-8.309363710252000e-04	2.674344717284000e-02	9.748936350715000e-04
1.979000000000000e+00	-4.251946624034000e-04	2.744857288719000e-02	9.719476236047000e-04
1.980000000000000e+00	-1.945295378742000e-05	2.815369860111000e-02	9.690016121670000e-04
1.981000000000000e+00	3.852664024630000e-04	2.877879703517000e-02	9.714205378125000e-04
1.982000000000000e+00	7.899857587133000e-04	2.940389546924000e-02	9.738394634579999e-04
1.983000000000000e+00	1.075336067681000e-03	2.998572389912000e-02	9.781525136420000e-04
1.984000000000000e+00	1.241317331956000e-03	3.052428232577000e-02	9.843596883234000e-04
1.985000000000000e+00	1.407298594407000e-03	3.106284075190000e-02	9.905668630048000e-04
1.986000000000000e+00	1.237049523453000e-03	3.150684399709000e-02	9.967733586648999e-04
1.987000000000000e+00	1.066800452499000e-03	3.195084724228000e-02	1.002979854325000e-03
1.988000000000000e+00	7.781467255869000e-04	3.234394194724000e-02	1.007296504484000e-03
1.989000000000000e+00	3.710883452849000e-04	3.268612811306000e-02	1.009723309183000e-03
1.990000000000000e+00	-3.597003501245000e-05	3.302831427830000e-02	1.012150113854000e-03
1.991000000000000e+00	-4.421578144965000e-04	3.326441328712000e-02	1.009238954019000e-03
1.992000000000000e+00	-8.483455939804000e-04	3.350051229595000e-02	1.006327794185000e-03
1.993000000000000e+00	-1.135825114969000e-03	3.368339247463000e-02	1.001531933984000e-03
1.994000000000000e+00	-1.304596380036000e-03	3.381305382434000e-02	9.948513734581001e-04
1.995000000000000e+00	-1.473367643289000e-03	3.394271517348000e-02	9.881708129320999e-04
1.996000000000000e+00	-1.307688803489000e-03	3.396859788713000e-02	9.814907853243999e-04
1.997000000000000e+00	-1.142009963690000e-03	3.399448060079000e-02	9.748107577166000e-04
1.998000000000000e+00	-8.585504318121000e-04	3.397020728345000e-02	9.700111344033000e-04
1.999000000000000e+00	-4.573102104110000e-04	3.389577793619000e-02	9.670919153436000e-04
2.000000000000000e+00	-5.606998901482000e-05	3.382134858841000e-02	9.641726963127000e-04
2.001000000000000e+00	3.442749740159000e-04	3.364868408042000e-02	9.665650583483000e-04
2.002000000000000e+00	7.446199370468000e-04	3.347601957243000e-02	9.689574203838000e-04
2.003000000000000e+00	1.026850631387000e-03	3.325412832653000e-02	9.732253589198000e-04
2.004000000000000e+00	1.190967059597000e-03	3.298301034380000e-02	9.793688739157000e-04
2.005000000000000e+00	1.355083486004000e-03	3.271189236053000e-02	9.855123889116000e-04
2.006000000000000e+00	1.186448384459000e-03	3.234071784290000e-02	9.916561695318001e-04
2.007000000000000e+00	1.017813282914000e-03	3.196954332528000e-02	9.977999501519000e-04
2.008000000000000e+00	7.320123100110000e-04	3.154793830794000e-02	1.002073175137000e-03
2.009000000000000e+00	3.290454682922000e-04	3.107590279198000e-02	1.004475844529000e-03
2.010000000000000e+00	-7.392137342157000e-05	3.060386727549000e-02	1.006878513892000e-03
2.011000000000000e+00	-4.759154706257000e-04	3.003313098203000e-02	1.003997144786000e-03
2.012000000000000e+00	-8.779095678298000e-04	2.946239468857000e-02	1.001115775681000e-03
2.013000000000000e+00	-1.162321351822000e-03	2.884530466281000e-02	9.963688021444000e-04
2.014000000000000e+00	-1.329150825153000e-03	2.818186090575000e-02	9.897562242169001e-04
2.015000000000000e+00	-1.495980296688000e-03	2.751841714824000e-02	9.831436462893999e-04
2.016000000000000e+00	-1.331568670707000e-03	2.677114152166000e-02	9.765323533097000e-04
2.017000000000000e+00	-1.167157044725000e-03	2.602386589508000e-02	9.699210603299000e-04
2.018000000000000e+00	-8.860733126842000e-04	2.523943860711000e-02	9.651719604884000e-04
2.019000000000000e+00	-4.883174771150000e-04	2.441785965856000e-02	9.622850537445000e-04
2.020000000000000e+00	-9.056164154999000e-05	2.359628070965000e-02	9.593981470292000e-04
2.021000000000000e+00	3.064327397797000e-04	2.270835624978000e-02	9.617711498574000e-04
2.022000000000000e+00	7.034271211095000e-04	2.182043178991000e-02	9.641441526855000e-04
2.023000000000000e+00	9.835384948404999e-04	2.090205641359000e-02	9.683745771246000e-04
2.024000000000000e+00	1.146766863507000e-03	1.995323012147000e-02	9.744624231346000e-04
2.025000000000000e+00	1.309995230389000e-03	1.900440382904000e-02	9.805502691446000e-04
2.026000000000000e+00	1.143878878023000e-03	1.799846182825000e-02	9.866387440702000e-04
2.027000000000000e+00	9.777625256576000e-04	1.699251982745000e-02	9.927272189956999e-04
2.028000000000000e+00	6.956898810370000e-04	1.596014390744000e-02	9.969634374989999e-04
2.029000000000000e+00	2.976609466762000e-04	1.490133406879000e-02	9.993473996201001e-04
2.030000000000000e+00	-1.003679876792000e-04	1.384252422988000e-02	1.001731361713000e-03
2.031000000000000e+00	-4.973419209596000e-04	1.273766120290000e-02	9.988822802361999e-04
2.032000000000000e+00	-8.943158542400000e-04	1.163279817593000e-02	9.960331987595001e-04
2.033000000000000e+00	-1.174826085242000e-03	1.051001086494000e-02	9.913360340419999e-04
2.034000000000000e+00	-1.338872616491000e-03	9.369299270333999e-03	9.847907861239001e-04
2.035000000000000e+00	-1.502919145961000e-03	8.228587675598000e-03	9.782455382058000e-04
2.036000000000000e+00	-1.338915459095000e-03	7.064647154457000e-03	9.716996447078000e-04
2.037000000000000e+00	-1.174911772229000e-03	5.900706633315000e-03	9.651537512099000e-04
2.038000000000000e+00	-8.953539437199000e-04	4.731550164003000e-03	9.604509175100000e-04
2.039000000000000e+00	-5.002419760750000e-04	3.557177746634000e-03	9.575911435682000e-04
2.040000000000000e+00	-1.051300084340000e-04	2.382805329268000e-03	9.547313696547000e-04
2.041000000000000e+00	2.892727777174000e-04	1.208746804276000e-03	9.570788180697000e-04
2.042000000000000e+00	6.836755638690000e-04	3.468827928356000e-05	9.594262664848000e-04
2.043000000000000e+00	9.623565987699000e-04	-1.135344630422000e-03	9.636127679319000e-04
2.044000000000000e+00	1.125315884930000e-03	-2.301351924930000e-03	9.696383223712000e-04
2.045000000000000e+00	1.288275169322000e-03	-3.467359219364000e-03	9.756638768104000e-04
2.046000000000000e+00	1.125131210449000e-03	-4.619757238904000e-03	9.816903660570999e-04
2.047000000000000e+00	9.619872515764000e-04	-5.772155258444000e-03	9.877168553038000e-04
2.048000000000000e+00	6.840234082237000e-04	-6.915017318725000e-03	9.919095388365000e-04
2.049000000000000e+00	2.912396828813000e-04	-8.048343419954000e-03	9.942684166951001e-04
2.050000000000000e+00	-1.015440424556000e-04	-9.181669521039000e-03	9.966272945255001e-04
2.051000000000000e+00	-4.932863356046000e-04	-1.028848210775000e-02	9.938049874745000e-04
2.052000000000000e+00	-8.850286287534999e-04	-1.139529469446000e-02	9.909826804234999e-04
2.053000000000000e+00	-1.161447378959000e-03	-1.248373540746000e-02	9.863306382382000e-04
2.054000000000000e+00	-1.322542588723000e-03	-1.355380424715000e-02	9.798488609583001e-04
2.055000000000000e+00	-1.483637796725000e-03	-1.462387308658000e-02	9.733670836784000e-04
2.056000000000000e+00	-1.319890943844000e-03	-1.564514567232000e-02	9.668851905174000e-04
2.057000000000000e+00	-1.156144090964000e-03	-1.666641825806000e-02	9.604032973563000e-04
2.058000000000000e+00	-8.779765126228000e-04	-1.765746149871000e-02	9.557467964655000e-04
2.059000000000000e+00	-4.853882113031000e-04	-1.861827539494000e-02	9.529156878053001e-04
2.060000000000000e+00	-9.279990998727000e-05	-1.957908929079000e-02	9.500845791730001e-04
2.061000000000000e+00	2.990581753999000e-04	-2.047037131245000e-02	9.524107902619000e-04
2.062000000000000e+00	6.909162607872000e-04	-2.136165333412000e-02	9.547370013508000e-04
2.063000000000000e+00	9.681551851449000e-04	-2.221539541006000e-02	9.588848901320000e-04
2.064000000000000e+00	1.130774950959000e-03	-2.303159754108000e-02	9.648544565660000e-04
2.065000000000000e+00	1.293394715022000e-03	-2.384779967167000e-02	9.708240230001000e-04
2.066000000000000e+00	1.133017288875000e-03	-2.458606174382000e-02	9.767956292116001e-04
2.067000000000000e+00	9.726398627271000e-04	-2.532432381596000e-02	9.827672354232001e-04
2.068000000000000e+00	6.985211425713001e-04	-2.602248762889000e-02	9.869233120000001e-04
2.069000000000000e+00	3.106611308737000e-04	-2.668055318347000e-02	9.892638589812999e-04
2.070000000000000e+00	-7.719888081885000e-05	-2.733861873760000e-02	9.916044059348999e-04
2.071000000000000e+00	-4.640993997367000e-04	-2.791275612658000e-02	9.888145345227999e-04
2.072000000000000e+00	-8.509999186546001e-04	-2.848689351556000e-02	9.860246631107001e-04
2.073000000000000e+00	-1.123727104925000e-03	-2.901604815564000e-02	9.814227448343999e-04
2.074000000000000e+00	-1.282280961023000e-03	-2.950022004781000e-02	9.750087797332000e-04
2.075000000000000e+00	-1.440834815378000e-03	-2.998439193945000e-02	9.685948146320000e-04
2.076000000000000e+00	-1.277752656690000e-03	-3.037117999000000e-02	9.621800422465000e-04
2.077000000000000e+00	-1.114670498003000e-03	-3.075796804054000e-02	9.557652698610000e-04
2.078000000000000e+00	-8.383079257376000e-04	-3.109274213981000e-02	9.511576482360000e-04
2.079000000000000e+00	-4.486649423514000e-04	-3.137550228894000e-02	9.483571773322000e-04
2.080000000000000e+00	-5.902195896982000e-05	-3.165826243748000e-02	9.455567064562000e-04
2.081000000000000e+00	3.298116828848000e-04	-3.183326423343000e-02	9.478622765702000e-04
2.082000000000000e+00	7.186453247394000e-04	-3.200826602938000e-02	9.501678466841000e-04
2.083000000000000e+00	9.939098083588001e-04	-3.212942304026000e-02	9.542767640990000e-04
2.084000000000000e+00	1.155605136206000e-03	-3.219673526726000e-02	9.601890287757000e-04
2.085000000000000e+00	1.317300462318000e-03	-3.226404749368000e-02	9.661012934524000e-04
2.086000000000000e+00	1.158976301310000e-03	-3.222666528831000e-02	9.720142514282000e-04
2.087000000000000e+00	1.000652140303000e-03	-3.218928308293000e-02	9.779272094039000e-04
2.088000000000000e+00	7.296078064401000e-04	-3.210145950219000e-02	9.820416344680000e-04
2.089000000000000e+00	3.458433021663000e-04	-3.196319454716000e-02	9.843575266593001e-04
2.090000000000000e+00	-3.792120210326000e-05	-3.182492959161000e-02	9.866734188232001e-04
2.091000000000000e+00	-4.208810753171000e-04	-3.158830368915000e-02	9.839077464440999e-04
2.092000000000000e+00	-8.038409485308000e-04	-3.135167778670000e-02	9.811420740650999e-04
2.093000000000000e+00	-1.073790454379000e-03	-3.106605164553000e-02	9.765817760370001e-04
2.094000000000000e+00	-1.230729595311000e-03	-3.073142526669000e-02	9.702268523988000e-04
2.095000000000000e+00	-1.387668734518000e-03	-3.039679888731000e-02	9.638719287606000e-04
2.096000000000000e+00	-1.226174994812000e-03	-2.996323703777000e-02	9.575166842078000e-04
2.097000000000000e+00	-1.064681255106000e-03	-2.952967518822000e-02	9.511614396550000e-04
2.098000000000000e+00	-7.910468826679000e-04	-2.904657244342000e-02	9.465964134388000e-04
2.099000000000000e+00	-4.052718799281000e-04	-2.851392880444000e-02	9.438216055202000e-04
2.100000000000000e+00	-1.949687719346000e-05	-2.798128516494000e-02	9.410467976291000e-04
2.101000000000000e+00	3.653665500394000e-04	-2.735227027121000e-02	9.433300253689001e-04
2.102000000000000e+00	7.502299772723000e-04	-2.672325537748000e-02	9.456132531087000e-04
2.103000000000000e+00	1.022550348107000e-03	-2.604925190246000e-02	9.496829875701000e-04
2.104000000000000e+00	1.182327664985000e-03	-2.533025984714000e-02	9.555392287142000e-04
2.105000000000000e+00	1.342104980144000e-03	-2.461126779138000e-02	9.613954698584000e-04
2.106000000000000e+00	1.184789603675000e-03	-2.381146179740000e-02	9.672530582497000e-04
2.107000000000000e+00	1.027474227206000e-03	-2.301165580342000e-02	9.731106466411001e-04
2.108000000000000e+00	7.584480546906000e-04	-2.217633971019000e-02	9.771871376393999e-04
2.109000000000000e+00	3.777110885500000e-04	-2.130551351846000e-02	9.794825312833000e-04
2.110000000000000e+00	-3.025877586996000e-06	-2.043468732640000e-02	9.817779249000000e-04
2.111000000000000e+00	-3.830883008185000e-04	-1.950113126450000e-02	9.790407449073999e-04
2.112000000000000e+00	-7.631507240498000e-04	-1.856757520260000e-02	9.763035649148000e-04
2.113000000000000e+00	-1.031330082118000e-03	-1.760559318757000e-02	9.717891863963000e-04
2.114000000000000e+00	-1.187626377450000e-03	-1.661518522004000e-02	9.654976093903000e-04
2.115000000000000e+00	-1.343922671072000e-03	-1.562477725223000e-02	9.592060323843999e-04
2.116000000000000e+00	-1.184895062678000e-03	-1.458179701561000e-02	9.529149539291000e-04
2.117000000000000e+00	-1.025867454283000e-03	-1.353881677900000e-02	9.466238754739000e-04
2.118000000000000e+00	-7.557965766599000e-04	-1.247190271215000e-02	9.421064074734000e-04
2.119000000000000e+00	-3.746824322159000e-04	-1.138105481560000e-02	9.393625498894000e-04
2.120000000000000e+00	6.431712222682000e-06	-1.029020691882000e-02	9.366186923325000e-04
2.121000000000000e+00	3.865854569643000e-04	-9.158631286091999e-03	9.388853653395000e-04
2.122000000000000e+00	7.667392017058000e-04	-8.027055653362000e-03	9.411520383465000e-04
2.123000000000000e+00	1.035387143363000e-03	-6.880295624567000e-03	9.451882259420000e-04
2.124000000000000e+00	1.192529284353000e-03	-5.718351200039000e-03	9.509939280875000e-04
2.125000000000000e+00	1.349671423641000e-03	-4.556406775415000e-03	9.567996302330000e-04
2.126000000000000e+00	1.192660516721000e-03	-3.376733841228000e-03	9.626057766384000e-04
2.127000000000000e+00	1.035649609801000e-03	-2.197060907040000e-03	9.684119230439000e-04
2.128000000000000e+00	7.679535550260000e-04	-1.014911123821000e-03	9.724530280886000e-04
2.129000000000000e+00	3.895723547959000e-04	1.697155083757000e-04	9.747290918109001e-04
2.130000000000000e+00	1.119115456905000e-05	1.354342140541000e-03	9.770051555060999e-04
2.131000000000000e+00	-3.665750108717000e-04	2.533151543395000e-03	9.742942670914000e-04
2.132000000000000e+00	-7.443411763122000e-04	3.711960946248000e-03	9.715833786767000e-04
2.133000000000000e+00	-1.011299377291000e-03	4.883938672127000e-03	9.671111735155000e-04
2.134000000000000e+00	-1.167449616211000e-03	6.049084721180000e-03	9.608776516460000e-04
2.135000000000000e+00	-1.323599853438000e-03	7.214230770128000e-03	9.546441297765000e-04
2.136000000000000e+00	-1.167421800676000e-03	8.360001957424999e-03	9.484099115918000e-04
2.137000000000000e+00	-1.011243747915000e-03	9.505773144722000e-03	9.421756934071000e-04
2.138000000000000e+00	-7.450740801375000e-04	1.063907214751000e-02	9.376981970758000e-04
2.139000000000000e+00	-3.689127997289000e-04	1.175989896607000e-02	9.349774225597000e-04
2.140000000000000e+00	7.248480674491000e-06	1.288072578445000e-02	9.322566480704999e-04
2.141000000000000e+00	3.824517754797000e-04	1.396919635229000e-02	9.344996413257000e-04
2.142000000000000e+00	7.576550702849000e-04	1.505766692012000e-02	9.367426345809000e-04
2.143000000000000e+00	1.022398419367000e-03	1.612494534158000e-02	9.407389134523000e-04
2.144000000000000e+00	1.176681825121000e-03	1.717103161713000e-02	9.464884779020000e-04
2.145000000000000e+00	1.330965229187000e-03	1.821711789239000e-02	9.522380423516000e-04
2.146000000000000e+00	1.174046508184000e-03	1.920910273696000e-02	9.579888772313000e-04
2.147000000000000e+00	1.017127787182000e-03	2.020108758152000e-02	9.637397121110000e-04
2.148000000000000e+00	7.505695261483000e-04	2.116037887847000e-02	9.677423470942000e-04
2.149000000000000e+00	3.743717274614000e-04	2.208697662851000e-02	9.699967822190000e-04
2.150000000000000e+00	-1.826071221989000e-06	2.301357437815000e-02	9.722512173169000e-04
2.151000000000000e+00	-3.773784384422000e-04	2.386603884847000e-02	9.695656991502000e-04
2.152000000000000e+00	-7.529308056623000e-04	2.471850331879000e-02	9.668801809835000e-04
2.153000000000000e+00	-1.018682591042000e-03	2.553124659514000e-02	9.624499121411001e-04
2.154000000000000e+00	-1.174633796962000e-03	2.630426867839000e-02	9.562748926607000e-04
2.155000000000000e+00	-1.330585001204000e-03	2.707729076119000e-02	9.500998731803000e-04
2.156000000000000e+00	-1.177050858309000e-03	2.776819656463000e-02	9.439244988038000e-04
2.157000000000000e+00	-1.023516715414000e-03	2.845910236807000e-02	9.377491244273000e-04
2.158000000000000e+00	-7.609759882428000e-04	2.910793200112000e-02	9.333144208376999e-04
2.159000000000000e+00	-3.894286791592000e-04	2.971468546469000e-02	9.306203879972000e-04
2.160000000000000e+00	-1.788137008032000e-05	3.032143892778000e-02	9.279263551834000e-04
2.161000000000000e+00	3.527994002136000e-04	3.084064846835000e-02	9.301508636178000e-04
2.162000000000000e+00	7.234801705075000e-04	3.135985800892000e-02	9.323753720521000e-04
2.163000000000000e+00	9.847694920069000e-04	3.183252310680000e-02	9.363374382889000e-04
2.164000000000000e+00	1.136667367084000e-03	3.225864376299000e-02	9.420370622904000e-04
2.165000000000000e+00	1.288565240490000e-03	3.268476441864000e-02	9.477366862920000e-04
2.166000000000000e+00	1.132238051842000e-03	3.301098160693000e-02	9.534385782514000e-04
2.167000000000000e+00	9.759108631929001e-04	3.333719879522000e-02	9.591404702108000e-04
2.168000000000000e+00	7.110101710220000e-04	3.361045372726000e-02	9.631106558940000e-04
2.169000000000000e+00	3.375359776836000e-04	3.383074640420000e-02	9.653491353383000e-04
2.170000000000000e+00	-3.593821565061000e-05	3.405103908054000e-02	9.675876147561000e-04
2.171000000000000e+00	-4.086580716984000e-04	3.416222776706000e-02	9.649318103318000e-04
2.172000000000000e+00	-7.813779277460000e-04	3.427341645358000e-02	9.622760059075000e-04
2.173000000000000e+00	-1.045247410594000e-03	3.433030738657000e-02	9.578912135716000e-04
2.174000000000000e+00	-1.200266522603000e-03	3.433290056722000e-02	9.517774333617000e-04
2.175000000000000e+00	-1.355285632948000e-03	3.433549374729000e-02	9.456636531518000e-04
2.176000000000000e+00	-1.203538350407000e-03	3.423284830064000e-02	9.395482522745000e-04
2.177000000000000e+00	-1.051791067866000e-03	3.413020285398000e-02	9.334328513972000e-04
2.178000000000000e+00	-7.919735720440000e-04	3.397702770687000e-02	9.290413011685000e-04
2.179000000000000e+00	-4.240858652856000e-04	3.377332286039000e-02	9.263736015510000e-04
2.180000000000000e+00	-5.619815853135000e-05	3.356961801339000e-02	9.237059019599000e-04
2.181000000000000e+00	3.109586537177000e-04	3.326783159144000e-02	9.259099430516000e-04
2.182000000000000e+00	6.781154659668001e-04	3.296604516948000e-02	9.281139841433000e-04
2.183000000000000e+00	9.369437176486000e-04	3.261568589200000e-02	9.320389959245000e-04
2.184000000000000e+00	1.087443411112000e-03	3.221675376004000e-02	9.376849783580000e-04
2.185000000000000e+00	1.237943102921000e-03	3.181782162755000e-02	9.433309607915000e-04
2.186000000000000e+00	1.083150693255000e-03	3.132146247074000e-02	9.489784282489001e-04
2.187000000000000e+00	9.283582835894000e-04	3.082510331393000e-02	9.546258957062000e-04
2.188000000000000e+00	6.660370557985000e-04	3.028027792205000e-02	9.585574065600000e-04
2.189000000000000e+00	2.961870122141000e-04	2.968698629616000e-02	9.607729608474001e-04
2.190000000000000e+00	-7.366303136564000e-05	2.909369466975000e-02	9.629885151086000e-04
2.191000000000000e+00	-4.426641835858000e-04	2.840671923005000e-02	9.603547775893999e-04
2.192000000000000e+00	-8.116653358058999e-04	2.771974379036000e-02	9.577210400702000e-04
2.193000000000000e+00	-1.072756602557000e-03	2.698932192035000e-02	9.533743569310001e-04
2.194000000000000e+00	-1.225937986179000e-03	2.621545362099000e-02	9.473147282089000e-04
2.195000000000000e+00	-1.379119368152000e-03	2.544158532121000e-02	9.412550994868000e-04
2.196000000000000e+00	-1.228217553202000e-03	2.459027600412000e-02	9.351944501391000e-04
2.197000000000000e+00	-1.077315738252000e-03	2.373896668704000e-02	9.291338007914001e-04
2.198000000000000e+00	-8.192684111143000e-04	2.285396532729000e-02	9.247815695652000e-04
2.199000000000000e+00	-4.540755741130000e-04	2.193527192560000e-02	9.221377564233000e-04
2.200000000000000e+00	-8.888273711519001e-05	2.101657852359000e-02	9.194939433077000e-04
2.201000000000000e+00	2.757033145926000e-04	2.003911111241000e-02	9.216780129140000e-04
2.202000000000000e+00	6.402893663004000e-04	1.906164370122000e-02	9.238620825202000e-04
2.203000000000000e+00	8.975849737459999e-04	1.805793209394000e-02	9.277517032991000e-04
2.204000000000000e+00	1.047590139256000e-03	1.702797629112000e-02	9.333468752135000e-04
2.205000000000000e+00	1.197595303127000e-03	1.599802048803000e-02	9.389420471279000e-04
2.206000000000000e+00	1.045171073628000e-03	1.492031235733000e-02	9.445391848779000e-04
2.207000000000000e+00	8.927468441297000e-04	1.384260422662000e-02	9.501363226279000e-04
2.208000000000000e+00	6.338063303173999e-04	1.274358082000000e-02	9.540333687537000e-04
2.209000000000000e+00	2.683495345013000e-04	1.162324213794000e-02	9.562303232923000e-04
2.210000000000000e+00	-9.710726131001000e-05	1.050290345569000e-02	9.584272778048000e-04
2.211000000000000e+00	-4.616593085777000e-04	9.347365346425000e-03	9.558196036407000e-04
2.212000000000000e+00	-8.262113558456000e-04	8.191827237163000e-03	9.532119294766000e-04
2.213000000000000e+00	-1.083800117342000e-03	7.023933516717000e-03	9.489072155961000e-04
2.214000000000000e+00	-1.234425595388000e-03	5.843684185356000e-03	9.429054620358000e-04
2.215000000000000e+00	-1.385051071799000e-03	4.663434853929000e-03	9.369037084756000e-04
2.216000000000000e+00	-1.234280509033000e-03	3.471116394138000e-03	9.309017141452000e-04
2.217000000000000e+00	-1.083509946267000e-03	2.278797934348000e-03	9.248997198148000e-04
2.218000000000000e+00	-8.265294754330000e-04	1.086811305320000e-03	9.205909993340999e-04
2.219000000000000e+00	-4.633390988347000e-04	-1.048434929507000e-04	9.179755526664000e-04
2.220000000000000e+00	-1.001487222391000e-04	-1.296498291160000e-03	9.153601060246000e-04
2.221000000000000e+00	2.625011059479000e-04	-2.476721358611000e-03	9.175291729800001e-04
2.222000000000000e+00	6.251509341348000e-04	-3.656944426063000e-03	9.196982399355000e-04
2.223000000000000e+00	8.815017186019000e-04	-4.827493700031000e-03	9.235573171509000e-04
2.224000000000000e+00	1.031553461654000e-03	-5.988369180728000e-03	9.291064045897000e-04
2.225000000000000e+00	1.181605203082000e-03	-7.149244661287000e-03	9.346554920285000e-04
2.226000000000000e+00	1.031979929102000e-03	-8.284954428745999e-03	9.402056168728000e-04
2.227000000000000e+00	8.823546551216000e-04	-9.420664196205001e-03	9.457557417172000e-04
2.228000000000000e+00	6.271746336901001e-04	-1.054097645049000e-02	9.496203740618000e-04
2.229000000000000e+00	2.664398670963000e-04	-1.164589119193000e-02	9.517995139433001e-04
2.230000000000000e+00	-9.429489949265000e-05	-1.275080593316000e-02	9.539786537989000e-04
2.231000000000000e+00	-4.541464493182000e-04	-1.381758318532000e-02	9.513947235801000e-04
2.232000000000000e+00	-8.139979991440000e-04	-1.488436043747000e-02	9.488107933613000e-04
2.233000000000000e+00	-1.067860632119000e-03	-1.592717055220000e-02	9.445443044755000e-04
2.234000000000000e+00	-1.215734350542000e-03	-1.694601353003000e-02	9.385952569592000e-04
2.235000000000000e+00	-1.363608067347000e-03	-1.796485650753000e-02	9.326462094429000e-04
2.236000000000000e+00	-1.212826747760000e-03	-1.892440458986000e-02	9.266958521051000e-04
2.237000000000000e+00	-1.062045428174000e-03	-1.988395267219000e-02	9.207454947674000e-04
2.238000000000000e+00	-8.060284046292000e-04	-2.080840894412000e-02	9.164730231463000e-04
2.239000000000000e+00	-4.447756794087000e-04	-2.169777340642000e-02	9.138784372055000e-04
2.240000000000000e+00	-8.352295419098000e-05	-2.258713786829000e-02	9.112838512903000e-04
2.241000000000000e+00	2.771410114818000e-04	-2.339792561910000e-02	9.134311576474000e-04
2.242000000000000e+00	6.378049771546000e-04	-2.420871336992000e-02	9.155784640045000e-04
2.243000000000000e+00	8.930890693007000e-04	-2.497769503051000e-02	9.194009930570000e-04
2.244000000000000e+00	1.042993290205000e-03	-2.570487060177000e-02	9.248987447685000e-04
2.245000000000000e+00	1.192897509499000e-03	-2.643204617256000e-02	9.303964964800000e-04
2.246000000000000e+00	1.045728708929000e-03	-2.707316215195000e-02	9.358960715790000e-04
2.247000000000000e+00	8.985599083593001e-04	-2.771427813135000e-02	9.413956466780000e-04
2.248000000000000e+00	6.467374431070000e-04	-2.831147569837000e-02	9.452251054819000e-04
2.249000000000000e+00	2.902613154421000e-04	-2.886475485398000e-02	9.473844480269000e-04
2.250000000000000e+00	-6.621481221850000e-05	-2.941803400910000e-02	9.495437905463000e-04
2.251000000000000e+00	-4.219031768092000e-04	-2.988045430592000e-02	9.469829371136000e-04
2.252000000000000e+00	-7.775915414001000e-04	-3.034287460273000e-02	9.444220836809999e-04
2.253000000000000e+00	-1.028280467525000e-03	-3.075734793982000e-02	9.401937571494000e-04
2.254000000000000e+00	-1.173969957463000e-03	-3.112387431821000e-02	9.342979575549000e-04
2.255000000000000e+00	-1.319659445795000e-03	-3.149040069605000e-02	9.284021579604000e-04
2.256000000000000e+00	-1.169445702579000e-03	-3.175483069003000e-02	9.225052355640000e-04
2.257000000000000e+00	-1.019231959362000e-03	-3.201926068401000e-02	9.166083131676000e-04
2.258000000000000e+00	-7.647682240056000e-04	-3.222994644745000e-02	9.123745433250000e-04
2.259000000000000e+00	-4.060544987699000e-04	-3.238688798151000e-02	9.098039260000000e-04
2.260000000000000e+00	-4.734077353792000e-05	-3.254382951497000e-02	9.072333087004000e-04
2.261000000000000e+00	3.106796255637000e-04	-3.259066428393000e-02	9.093631442832000e-04
2.262000000000000e+00	6.687000246654000e-04	-3.263749905288000e-02	9.114929798659000e-04
2.263000000000000e+00	9.222155159232000e-04	-3.262976301987000e-02	9.152836426737000e-04
2.264000000000000e+00	1.071226101604000e-03	-3.256745618608000e-02	9.207351326706000e-04
2.265000000000000e+00	1.220236685687000e-03	-3.250514935172000e-02	9.261866226675000e-04
2.266000000000000e+00	1.074680692326000e-03	-3.233744013452000e-02	9.316409185558000e-04
2.267000000000000e+00	9.291246989651000e-04	-3.216973091732000e-02	9.370952144440000e-04
2.268000000000000e+00	6.797785371387000e-04	-3.195160248687000e-02	9.408945786927000e-04
2.269000000000000e+00	3.266422090980000e-04	-3.168305484427000e-02	9.430390113377000e-04
2.270000000000000e+00	-2.649411893910000e-05	-3.141450720114000e-02	9.451834439574000e-04
2.271000000000000e+00	-3.789685890750000e-04	-3.104856192665000e-02	9.426497859317000e-04
2.272000000000000e+00	-7.314430592110000e-04	-3.068261665216000e-02	9.401161279060000e-04
2.273000000000000e+00	-9.799000996008000e-04	-3.026872522077000e-02	9.359296272730000e-04
2.274000000000000e+00	-1.124339712500000e-03	-2.980688763352000e-02	9.300902840684000e-04
2.275000000000000e+00	-1.268779323810000e-03	-2.934505004575000e-02	9.242509408639000e-04
2.276000000000000e+00	-1.120028381169000e-03	-2.878767673297000e-02	9.184097372333000e-04
2.277000000000000e+00	-9.712774385271000e-04	-2.823030342018000e-02	9.125685336026000e-04
2.278000000000000e+00	-7.192460867652001e-04	-2.762572062703000e-02	9.083752424248000e-04
2.279000000000000e+00	-3.639343281227000e-04	-2.697392835454000e-02	9.058298636640000e-04
2.280000000000000e+00	-8.622569484381000e-06	-2.632213608155000e-02	9.032844849284000e-04
2.281000000000000e+00	3.458930186837000e-04	-2.557969686258000e-02	9.053968070363000e-04
2.282000000000000e+00	7.004086068517000e-04	-2.483725764362000e-02	9.075091291442000e-04
2.283000000000000e+00	9.512780442441000e-04	-2.405308477580000e-02	9.112669992014000e-04
2.284000000000000e+00	1.098501333108000e-03	-2.322717826003000e-02	9.166704171723000e-04
2.285000000000000e+00	1.245724620389000e-03	-2.240127174387000e-02	9.220738351431000e-04
2.286000000000000e+00	1.100838786275000e-03	-2.150163392007000e-02	9.274789121633000e-04
2.287000000000000e+00	9.559529521605000e-04	-2.060199609627000e-02	9.328839891834000e-04
2.288000000000000e+00	7.081217017263000e-04	-1.967064893460000e-02	9.366482812365000e-04
2.289000000000000e+00	3.573450372050000e-04	-1.870759243575000e-02	9.387717883580000e-04
2.290000000000000e+00	6.568372686484000e-06	-1.774453593659000e-02	9.408952954544000e-04
2.291000000000000e+00	-3.436757506879000e-04	-1.672697357535000e-02	9.383814119953000e-04
2.292000000000000e+00	-6.939198740624000e-04	-1.570941121411000e-02	9.358675285363000e-04
2.293000000000000e+00	-9.411106960089000e-04	-1.466792810125000e-02	9.317153406579000e-04
2.294000000000000e+00	-1.085248218763000e-03	-1.360252423730000e-02	9.259248483958000e-04
2.295000000000000e+00	-1.229385739941000e-03	-1.253712037311000e-02	9.201343561337000e-04
2.296000000000000e+00	-1.082984153560000e-03	-1.142902990662000e-02	9.143425004789000e-04
2.297000000000000e+00	-9.365825671790000e-04	-1.032093944013000e-02	9.085506448241000e-04
2.298000000000000e+00	-6.878382356105000e-04	-9.194255534895000e-03	9.043926420402000e-04
2.299000000000000e+00	-3.367511610740000e-04	-8.048978191317000e-03	9.018684920920000e-04
2.300000000000000e+00	1.433591345799000e-05	-6.903700847579000e-03	8.993443421688000e-04
2.301000000000000e+00	3.645728610934000e-04	-5.728924989552000e-03	9.014379361266000e-04
2.302000000000000e+00	7.148098087289000e-04	-4.554149131526000e-03	9.035315300843000e-04
2.303000000000000e+00	9.622754732599000e-04	-3.369919815605000e-03	9.072566069330000e-04
2.304000000000000e+00	1.106969856915000e-03	-2.176237041996000e-03	9.126131666373000e-04
2.305000000000000e+00	1.251664239000000e-03	-9.825542683520999e-04	9.179697263416000e-04
2.306000000000000e+00	1.106737049790000e-03	2.174119965808000e-04	9.233282987035000e-04
2.307000000000000e+00	9.618098605794001e-04	1.417378261514000e-03	9.286868710655000e-04
2.308000000000000e+00	7.148065356186001e-04	2.614151695148000e-03	9.324190441387001e-04
2.309000000000000e+00	3.657270771212000e-04	3.807732297551000e-03	9.345248179585000e-04
2.310000000000000e+00	1.664761862640000e-05	5.001312899862000e-03	9.366305917534000e-04
2.311000000000000e+00	-3.319467056565000e-04	6.177771760731000e-03	9.341394951311000e-04
2.312000000000000e+00	-6.805410299396000e-04	7.354230621600000e-03	9.316483985089000e-04
2.313000000000000e+00	-9.269901296204000e-04	8.518155345135000e-03	9.275334109826000e-04
2.314000000000000e+00	-1.071294006914000e-03	9.669545931608001e-03	9.217945325876000e-04
2.315000000000000e+00	-1.215597882647000e-03	1.082093651791000e-02	9.160556541926000e-04
2.316000000000000e+00	-1.071890228142000e-03	1.194137997830000e-02	9.103160692262000e-04
2.317000000000000e+00	-9.281825736382000e-04	1.306182343869000e-02	9.045764842597000e-04
2.318000000000000e+00	-6.830138634345000e-04	1.416397170145000e-02	9.004570328700000e-04
2.319000000000000e+00	-3.363840997316000e-04	1.524782476699000e-02	8.979577150217000e-04
2.320000000000000e+00	1.024566396709000e-05	1.633167783229000e-02	8.954583971983000e-04
2.321000000000000e+00	3.560563592890000e-04	1.737170646408000e-02	8.975377630390000e-04
2.322000000000000e+00	7.018670546110000e-04	1.841173509587000e-02	8.996171288797000e-04
2.323000000000000e+00	9.458116662950000e-04	1.942508336606000e-02	9.033141954131999e-04
2.324000000000000e+00	1.087890196550000e-03	2.041175127524000e-02	9.086289626046000e-04
2.325000000000000e+00	1.229968725249000e-03	2.139841918407000e-02	9.139437297960000e-04
2.326000000000000e+00	1.084968122552000e-03	2.232074420432000e-02	9.192606023807000e-04
2.327000000000000e+00	9.399675198547000e-04	2.324306922457000e-02	9.245774749654000e-04
2.328000000000000e+00	6.937962075270000e-04	2.412798732897000e-02	9.282816955517000e-04
2.329000000000000e+00	3.464541877629000e-04	2.497549851833000e-02	9.303732641746000e-04
2.330000000000000e+00	-8.878319982188000e-07	2.582300970725000e-02	9.324648327728000e-04
2.331000000000000e+00	-3.476892368751000e-04	2.658769296799000e-02	9.299979620326000e-04
2.332000000000000e+00	-6.944906417521000e-04	2.735237622873000e-02	9.275310912924000e-04
2.333000000000000e+00	-9.399911035948000e-04	2.807328126865000e-02	9.234535353539000e-04
2.334000000000000e+00	-1.084190624600000e-03	2.875040808870000e-02	9.177652942522000e-04
2.335000000000000e+00	-1.228390144056000e-03	2.942753490827000e-02	9.120770531503999e-04
2.336000000000000e+00	-1.086976452639000e-03	3.001492217578000e-02	9.063865575951000e-04
2.337000000000000e+00	-9.455627612219000e-04	3.060230944329000e-02	9.006960620398000e-04
2.338000000000000e+00	-7.035182349975000e-04	3.114408560471000e-02	8.966111704409000e-04
2.339000000000000e+00	-3.608428761481000e-04	3.164025066104000e-02	8.941318827636000e-04
2.340000000000000e+00	-1.816751730261000e-05	3.213641571685000e-02	8.916525951109000e-04
2.341000000000000e+00	3.237791087433000e-04	3.253873324038000e-02	8.937120114070000e-04
2.342000000000000e+00	6.657257347891000e-04	3.294105076391000e-02	8.957714277032000e-04
2.343000000000000e+00	9.067209769914000e-04	3.329418985301000e-02	8.994346133236000e-04
2.344000000000000e+00	1.046764837539000e-03	3.359815050874000e-02	9.047015682336000e-04
2.345000000000000e+00	1.186808696545000e-03	3.390211116391000e-02	9.099685231435000e-04
2.346000000000000e+00	1.042317356388000e-03	3.410213152471000e-02	9.152378666488000e-04
2.347000000000000e+00	8.978260162321000e-04	3.430215188552000e-02	9.205072101540999e-04
2.348000000000000e+00	6.530763808332000e-04	3.444782258700000e-02	9.241779572172000e-04
2.349000000000000e+00	3.080684523657000e-04	3.453914363035000e-02	9.262501078728999e-04
2.350000000000000e+00	-3.693947609815000e-05	3.463046467310000e-02	9.283222585041000e-04
2.351000000000000e+00	-3.813038504359000e-04	3.461103653734000e-02	9.258754680255000e-04
2.352000000000000e+00	-7.256682247737000e-04	3.459160840157000e-02	9.234286775468000e-04
2.353000000000000e+00	-9.695350692400000e-04	3.451752301335000e-02	9.193851771822000e-04
2.354000000000000e+00	-1.112904386014000e-03	3.438878037387000e-02	9.137449669661000e-04
2.355000000000000e+00	-1.256273701252000e-03	3.426003773382000e-02	9.081047567501000e-04
2.356000000000000e+00	-1.116331508340000e-03	3.402611787352000e-02	9.024626490240001e-04
2.357000000000000e+00	-9.763893154289000e-04	3.379219801321000e-02	8.968205412979001e-04
2.358000000000000e+00	-7.366050346151001e-04	3.350817010907000e-02	8.927704970690000e-04
2.359000000000000e+00	-3.969786680643000e-04	3.317403416219000e-02	8.903125163029000e-04
2.360000000000000e+00	-5.735230151677000e-05	3.283989821478000e-02	8.878545355613000e-04
2.361000000000000e+00	2.816829452437000e-04	3.240945308312000e-02	8.898969234134000e-04
2.362000000000000e+00	6.207181920040000e-04	3.197900795146000e-02	8.919393112655000e-04
2.363000000000000e+00	8.597205665597000e-04	3.150144135104000e-02	8.955720186721000e-04
2.364000000000000e+00	9.986900710800000e-04	3.097675328288000e-02	9.007950455987000e-04
2.365000000000000e+00	1.137659574071000e-03	3.045206521421000e-02	9.060180725254000e-04
2.366000000000000e+00	9.946207844788999e-04	2.983411120714000e-02	9.112439493059000e-04
2.367000000000000e+00	8.515819948864000e-04	2.921615720007000e-02	9.164698260863000e-04
2.368000000000000e+00	6.091886352407000e-04	2.855242956996000e-02	9.201109653287000e-04
2.369000000000000e+00	2.674407076964000e-04	2.784292831782000e-02	9.221673670672000e-04
2.370000000000000e+00	-7.430721984368000e-05	2.713342706521000e-02	9.242237687815000e-04
2.371000000000000e+00	-4.153072537879000e-04	2.633665693199000e-02	9.218001989151000e-04
2.372000000000000e+00	-7.563072877321000e-04	2.553988679877000e-02	9.193766290488000e-04
2.373000000000000e+00	-9.976015274127999e-04	2.470326075810000e-02	9.153702065270000e-04
2.374000000000000e+00	-1.139189974992000e-03	2.382677881083000e-02	9.097809313843000e-04
2.375000000000000e+00	-1.280778421048000e-03	2.295029686318000e-02	9.041916562416000e-04
2.376000000000000e+00	-1.141325611761000e-03	2.200411516962000e-02	8.986010711934000e-04
2.377000000000000e+00	-1.001872802474000e-03	2.105793347606000e-02	8.930104861453000e-04
2.378000000000000e+00	-7.633579005207000e-04	2.008218068229000e-02	8.889986720747000e-04
2.379000000000000e+00	-4.257809080501000e-04	1.907685678894000e-02	8.865656289476000e-04
2.380000000000000e+00	-8.820391558202000e-05	1.807153289532000e-02	8.841325858446000e-04
2.381000000000000e+00	2.489061360009000e-04	1.701626306718000e-02	8.861618395713000e-04
2.382000000000000e+00	5.860161875836000e-04	1.596099323903000e-02	8.881910932979000e-04
2.383000000000000e+00	8.239885533898000e-04	1.488425701944000e-02	8.917969621206000e-04
2.384000000000000e+00	9.628232355694001e-04	1.378605440888000e-02	8.969794460051000e-04
2.385000000000000e+00	1.101657916233000e-03	1.268785179811000e-02	9.021619298895000e-04
2.386000000000000e+00	9.609442605043000e-04	1.155225232994000e-02	9.073461575950000e-04
2.387000000000000e+00	8.202306047752000e-04	1.041665286178000e-02	9.125303853005000e-04
2.388000000000000e+00	5.810321842005000e-04	9.265274076668000e-03	9.161425011672000e-04
2.389000000000000e+00	2.433490009159000e-04	8.098115974957000e-03	9.181825052293000e-04
2.390000000000000e+00	-9.433418236436000e-05	6.930957873118000e-03	9.202225092673000e-04
2.391000000000000e+00	-4.312203460441000e-04	5.740151775333000e-03	9.178187228374000e-04
2.392000000000000e+00	-7.681065097238000e-04	4.549345677548000e-03	9.154149364074000e-04
2.393000000000000e+00	-1.006100314519000e-03	3.352049134274000e-03	9.114409817498000e-04
2.394000000000000e+00	-1.145201762574000e-03	2.148262145654000e-03	9.058968588987000e-04
2.395000000000000e+00	-1.284303209118000e-03	9.444751570324000e-04	9.003527360475000e-04
2.396000000000000e+00	-1.144679675373000e-03	-2.597110738968000e-04	8.948066197247000e-04
2.397000000000000e+00	-1.005056141629000e-03	-1.463897304826000e-03	8.892605034020000e-04
2.398000000000000e+00	-7.671841308169000e-04	-2.661992395360000e-03	8.852798905013000e-04
2.399000000000000e+00	-4.310636450679000e-04	-3.853996345630000e-03	8.828647809886999e-04
2.400000000000000e+00	-9.494315932134000e-05	-5.046000295776000e-03	8.804496715002000e-04
2.401000000000000e+00	2.407358553446000e-04	-6.215148333657000e-03	8.824599559928000e-04
2.402000000000000e+00	5.764148700104000e-04	-7.384296371538000e-03	8.844702404854000e-04
2.403000000000000e+00	8.137892917818999e-04	-8.538047349921999e-03	8.880443248197001e-04
2.404000000000000e+00	9.528591227909000e-04	-9.676401269142000e-03	8.931822089619000e-04
2.405000000000000e+00	1.091928952297000e-03	-1.081475518816000e-02	8.983200931041000e-04
2.406000000000000e+00	9.537812468526000e-04	-1.191642021723000e-02	9.034604444920000e-04
2.407000000000000e+00	8.156335414083000e-04	-1.301808524630000e-02	9.086007958800000e-04
2.408000000000000e+00	5.798159997987000e-04	-1.409859947461000e-02	9.121824153073000e-04
2.409000000000000e+00	2.463286241418000e-04	-1.515796290260000e-02	9.142053028079000e-04
2.410000000000000e+00	-8.715875151083000e-05	-1.621732633032000e-02	9.162281902845000e-04
2.411000000000000e+00	-4.198756674217000e-04	-1.722730073839000e-02	9.138445682837000e-04
2.412000000000000e+00	-7.525925833326000e-04	-1.823727514647000e-02	9.114609462828000e-04
2.413000000000000e+00	-9.872531807126001e-04	-1.921793177977000e-02	9.075202518039000e-04
2.414000000000000e+00	-1.123857461688000e-03	-2.016927063895000e-02	9.020224848807000e-04
2.415000000000000e+00	-1.260461741165000e-03	-2.112060949775000e-02	8.965247179575000e-04
2.416000000000000e+00	-1.120692286385000e-03	-2.200273155319000e-02	8.910250036579000e-04
2.417000000000000e+00	-9.809228316059000e-04	-2.288485360864000e-02	8.855252893584001e-04
2.418000000000000e+00	-7.437437664776000e-04	-2.372735121434000e-02	8.815781715306000e-04
2.419000000000000e+00	-4.091550931129000e-04	-2.453022437115000e-02	8.791836501408000e-04
2.420000000000000e+00	-7.456641975090000e-05	-2.533309752749000e-02	8.767891287748000e-04
2.421000000000000e+00	2.595233608625000e-04	-2.604911170585000e-02	8.787837462348000e-04
2.422000000000000e+00	5.936131414757000e-04	-2.676512588420000e-02	8.807783636948000e-04
2.423000000000000e+00	8.301746189601000e-04	-2.743551529082000e-02	8.843241799915000e-04
2.424000000000000e+00	9.692077954307000e-04	-2.806027992672000e-02	8.894211950911000e-04
2.425000000000000e+00	1.108240970410000e-03	-2.868504456212000e-02	8.945182101907000e-04
2.426000000000000e+00	9.722626276840000e-04	-2.921667517956000e-02	8.996185249754000e-04
2.427000000000000e+00	8.362842849577000e-04	-2.974830579700000e-02	9.047188397600000e-04
2.428000000000000e+00	6.033964572758999e-04	-3.023279129517000e-02	9.082737134808000e-04
2.429000000000000e+00	2.735991467400000e-04	-3.067013167508000e-02	9.102831461711000e-04
2.430000000000000e+00	-5.619816379206000e-05	-3.110747205446000e-02	9.122925788377000e-04
2.431000000000000e+00	-3.853255523791000e-04	-3.144831730107000e-02	9.099324663647000e-04
2.432000000000000e+00	-7.144529409662000e-04	-3.178916254768000e-02	9.075723538917000e-04
2.433000000000000e+00	-9.463784619190000e-04	-3.207977504011000e-02	9.036681120142000e-04
2.434000000000000e+00	-1.081102117345000e-03	-3.232015477944000e-02	8.982197407659000e-04
2.435000000000000e+00	-1.215825771286000e-03	-3.256053451821000e-02	8.927713695176000e-04
2.436000000000000e+00	-1.076542602055000e-03	-3.269548942329000e-02	8.873208204229000e-04
2.437000000000000e+00	-9.372594328247000e-04	-3.283044432837000e-02	8.818702713283000e-04
2.438000000000000e+00	-7.014150250743000e-04	-3.291062501543000e-02	8.779592021500000e-04
2.439000000000000e+00	-3.690093808984000e-04	-3.293603148563000e-02	8.755876128547000e-04
2.440000000000000e+00	-3.660373672571000e-05	-3.296143795523000e-02	8.732160235829000e-04
2.441000000000000e+00	2.952040295146000e-04	-3.287581962595000e-02	8.751964722662000e-04
2.442000000000000e+00	6.270117957548000e-04	-3.279020129667000e-02	8.771769209494000e-04
2.443000000000000e+00	8.620336531377000e-04	-3.265002756549000e-02	8.806952242106000e-04
2.444000000000000e+00	1.000269603762000e-03	-3.245529843359000e-02	8.857513820163000e-04
2.445000000000000e+00	1.138505552908000e-03	-3.226056930113000e-02	8.908075398220000e-04
2.446000000000000e+00	1.003854922317000e-03	-3.196127679724000e-02	8.958657454435000e-04
2.447000000000000e+00	8.692042917255000e-04	-3.166198429335000e-02	9.009239510650000e-04
2.448000000000000e+00	6.383679795837000e-04	-3.131309364121000e-02	9.044488539539000e-04
2.449000000000000e+00	3.113459879771000e-04	-3.091460484188000e-02	9.064404541434000e-04
2.450000000000000e+00	-1.567600362667000e-05	-3.051611604203000e-02	9.084320543095000e-04
2.451000000000000e+00	-3.421765816176000e-04	-3.002280396068000e-02	9.060891603498000e-04
2.452000000000000e+00	-6.686771596086000e-04	-2.952949187932000e-02	9.037462663900000e-04
2.453000000000000e+00	-8.988398579450000e-04	-2.899007630777000e-02	8.998717282329999e-04
2.454000000000000e+00	-1.032664678716000e-03	-2.840455724702000e-02	8.944655459119000e-04
2.455000000000000e+00	-1.166489498014000e-03	-2.781903818577000e-02	8.890593635908000e-04
2.456000000000000e+00	-1.028674936003000e-03	-2.714289025635000e-02	8.836511820533000e-04
2.457000000000000e+00	-8.908603739911000e-04	-2.646674232693000e-02	8.782430005158000e-04
2.458000000000000e+00	-6.573322681202000e-04	-2.574642922108000e-02	8.743619928154000e-04
2.459000000000000e+00	-3.280906204658000e-04	-2.498195093974000e-02	8.720081589189000e-04
2.460000000000000e+00	1.151027184782000e-06	-2.421747265794000e-02	8.696543250458000e-04
2.461000000000000e+00	3.296874605720000e-04	-2.336942936990000e-02	8.716177438283000e-04
2.462000000000000e+00	6.582238939594000e-04	-2.252138608186000e-02	8.735811626108001e-04
2.463000000000000e+00	8.907084626417001e-04	-2.163552037205000e-02	8.770702463194000e-04
2.464000000000000e+00	1.027141168702000e-03	-2.071183224129000e-02	8.820849949211000e-04
2.465000000000000e+00	1.163573873295000e-03	-1.978814411018000e-02	8.870997435229000e-04
2.466000000000000e+00	1.029233738159000e-03	-1.879908784592000e-02	8.921170029319001e-04
2.467000000000000e+00	8.948936030227000e-04	-1.781003158166000e-02	8.971342623409000e-04
2.468000000000000e+00	6.650976511388000e-04	-1.679368556553000e-02	9.006307935908999e-04
2.469000000000000e+00	3.398458845770000e-04	-1.575004979813000e-02	9.026065967148000e-04
2.470000000000000e+00	1.459411801735000e-05	-1.470641403048000e-02	9.045823998154000e-04
2.471000000000000e+00	-3.102389375978000e-04	-1.361765704725000e-02	9.022589330613000e-04
2.472000000000000e+00	-6.350719932129000e-04	-1.252890006401000e-02	8.999354663071000e-04
2.473000000000000e+00	-8.643936199170000e-04	-1.142124791810000e-02	8.960927766133000e-04
2.474000000000000e+00	-9.982038197812999e-04	-1.029470060993000e-02	8.907308640128000e-04
2.475000000000000e+00	-1.132014018185000e-03	-9.168153301583000e-03	8.853689514124000e-04
2.476000000000000e+00	-9.964657171536999e-04	-8.009694347106000e-03	8.800052030830000e-04
2.477000000000000e+00	-8.609174161223000e-04	-6.851235392629000e-03	8.746414547536000e-04
2.478000000000000e+00	-6.304650283953000e-04	-5.679888986253000e-03	8.707927322279000e-04
2.479000000000000e+00	-3.051085560309000e-04	-4.495655128257000e-03	8.684590354729000e-04
2.480000000000000e+00	2.024791632931000e-05	-3.311421270165000e-03	8.661253387412001e-04
2.481000000000000e+00	3.448451592763000e-04	-2.109509229295000e-03	8.680747001448000e-04
2.482000000000000e+00	6.694424022234000e-04	-9.075971884240000e-04	8.700240615484000e-04
2.483000000000000e+00	8.987385173396000e-04	2.977976258129000e-04	8.734872028475000e-04
2.484000000000000e+00	1.032733506692000e-03	1.506675213341000e-03	8.784641240092000e-04
2.485000000000000e+00	1.166728494587000e-03	2.715552800839000e-03	8.834410451709000e-04
2.486000000000000e+00	1.032095898448000e-03	3.918881687725000e-03	8.884212791289000e-04
2.487000000000000e+00	8.974633023077000e-04	5.122210574610000e-03	8.934015130870000e-04
2.488000000000000e+00	6.681309918265000e-04	6.316531230783000e-03	8.968735436634000e-04
2.489000000000000e+00	3.440989690575000e-04	7.501843656438000e-03	8.988373708908000e-04
2.490000000000000e+00	2.006694629057000e-05	8.687156081939000e-03	9.008011980951000e-04
2.491000000000000e+00	-3.035611611482000e-04	9.843872299091000e-03	8.985004475897000e-04
2.492000000000000e+00	-6.271892685869000e-04	1.100058851624000e-02	8.961996970844001e-04
2.493000000000000e+00	-8.560720282578000e-04	1.213906093919000e-02	8.923917229107000e-04
2.494000000000000e+00	-9.902094422156000e-04	1.325928956834000e-02	8.870765251015000e-04
2.495000000000000e+00	-1.124346854725000e-03	1.437951819726000e-02	8.817613272922000e-04
2.496000000000000e+00	-9.912720669325000e-04	1.545739165047000e-02	8.764434208913000e-04
2.497000000000000e+00	-8.581972791404000e-04	1.653526510367000e-02	8.711255144903000e-04
2.498000000000000e+00	-6.309664618205000e-04	1.758919106409000e-02	8.673098892770000e-04
2.499000000000000e+00	-3.095796170147000e-04	1.861916953224000e-02	8.649965452187000e-04
2.500000000000000e+00	1.180722778715000e-05	1.964914800009000e-02	8.626832011834000e-04
2.501000000000000e+00	3.324729387698000e-04	2.062432702130000e-02	8.646173343980000e-04
2.502000000000000e+00	6.531386497525000e-04	2.159950604251000e-02	8.665514676125000e-04
2.503000000000000e+00	8.792833410907000e-04	2.254282102413000e-02	8.699867017018000e-04
2.504000000000000e+00	1.010907014834000e-03	2.345427196685000e-02	8.749230366333000e-04
2.505000000000000e+00	1.142530687133000e-03	2.436572290916000e-02	8.798593715647000e-04
2.506000000000000e+00	1.007711421261000e-03	2.520328736807000e-02	8.847981675480000e-04
2.507000000000000e+00	8.728921553883000e-04	2.604085182697000e-02	8.897369635312001e-04
2.508000000000000e+00	6.441503602969000e-04	2.683668672100000e-02	8.931793819556999e-04
2.509000000000000e+00	3.214860380234000e-04	2.759079205105000e-02	8.951254228542000e-04
2.510000000000000e+00	-1.178284247829000e-06	2.834489738061000e-02	8.970714637297000e-04
2.511000000000000e+00	-3.233908531917000e-04	2.900836151003000e-02	8.947868994777000e-04
2.512000000000000e+00	-6.456034221356000e-04	2.967182563946000e-02	8.925023352257001e-04
2.513000000000000e+00	-8.737932145187000e-04	3.028795738146000e-02	8.887226951253000e-04
2.514000000000000e+00	-1.007960232380000e-03	3.085675673707000e-02	8.834479792087000e-04
2.515000000000000e+00	-1.142127248804000e-03	3.142555609216000e-02	8.781732632922000e-04
2.516000000000000e+00	-1.011127841112000e-03	3.189813642171000e-02	8.728963424861000e-04
2.517000000000000e+00	-8.801284334202000e-04	3.237071675126000e-02	8.676194216801000e-04
2.518000000000000e+00	-6.556731561445000e-04	3.279478707313000e-02	8.638331159559000e-04
2.519000000000000e+00	-3.377620113116000e-04	3.317034738837000e-02	8.615374252813000e-04
2.520000000000000e+00	-1.985086648193000e-05	3.354590770308000e-02	8.592417346296001e-04
2.521000000000000e+00	2.974539236332000e-04	3.382268436023000e-02	8.611602987949999e-04
2.522000000000000e+00	6.147587137486000e-04	3.409946101738000e-02	8.630788629603999e-04
2.523000000000000e+00	8.383502090868000e-04	3.432513553141000e-02	8.664868117419000e-04
2.524000000000000e+00	9.682284116805000e-04	3.449970790344000e-02	8.713841451073000e-04
2.525000000000000e+00	1.098106612842000e-03	3.467428027488000e-02	8.762814784727000e-04
2.526000000000000e+00	9.637704403766000e-04	3.474231603016000e-02	8.811814866496000e-04
2.527000000000000e+00	8.294342679116000e-04	3.481035178544000e-02	8.860814948265000e-04
2.528000000000000e+00	6.019766881997000e-04	3.482337517583000e-02	8.894970292309000e-04
2.529000000000000e+00	2.813977032606000e-04	3.478138620253000e-02	8.914280898948000e-04
2.530000000000000e+00	-3.918128167553000e-05	3.473939722863000e-02	8.933591505360000e-04
2.531000000000000e+00	-3.591988975295000e-04	3.458648288992000e-02	8.910931453463000e-04
2.532000000000000e+00	-6.792165133834999e-04	3.443356855120000e-02	8.888271401566000e-04
2.533000000000000e+00	-9.058973129681000e-04	3.422639138869000e-02	8.850779509780000e-04
2.534000000000000e+00	-1.039241298308000e-03	3.396495140357000e-02	8.798455778425000e-04
2.535000000000000e+00	-1.172585282220000e-03	3.370351141788000e-02	8.746132047070000e-04
2.536000000000000e+00	-1.042738137112000e-03	3.333851179780000e-02	8.693789826261000e-04
2.537000000000000e+00	-9.128909920043000e-04	3.297351217771000e-02	8.641447605452000e-04
2.538000000000000e+00	-6.902631484246000e-04	3.255962197062000e-02	8.603896804387000e-04
2.539000000000000e+00	-3.748546083855000e-04	3.209684117758000e-02	8.581137422748000e-04
2.540000000000000e+00	-5.944606834893000e-05	3.163406038403000e-02	8.558378041335000e-04
2.541000000000000e+00	2.554897879342000e-04	3.107833501427000e-02	8.577436593434000e-04
2.542000000000000e+00	5.704256442174000e-04	3.052260964451000e-02	8.596495145533000e-04
2.543000000000000e+00	7.924515606564000e-04	2.992198888378000e-02	8.630334172986000e-04
2.544000000000000e+00	9.215675392662000e-04	2.927647273303000e-02	8.678953675472000e-04
2.545000000000000e+00	1.050683516456000e-03	2.863095658180000e-02	8.727573177959000e-04
2.546000000000000e+00	9.177934638059000e-04	2.789780830783000e-02	8.776225187713000e-04
2.547000000000000e+00	7.849034111563000e-04	2.716466003385000e-02	8.824877197468000e-04
2.548000000000000e+00	5.596871361551000e-04	2.638912303805000e-02	8.858802202533000e-04
2.549000000000000e+00	2.421446408044000e-04	2.557119732137000e-02	8.878000203227000e-04
2.550000000000000e+00	-7.539785454263000e-05	2.475327160425000e-02	8.897198203694999e-04
2.551000000000000e+00	-3.922609986947000e-04	2.385579896858000e-02	8.874752217276000e-04
2.552000000000000e+00	-7.091241428469000e-04	2.295832633291000e-02	8.852306230857000e-04
2.553000000000000e+00	-9.333238811996000e-04	2.202521298252000e-02	8.815140870344000e-04
2.554000000000000e+00	-1.064860215762000e-03	2.105645891818000e-02	8.763256136057000e-04
2.555000000000000e+00	-1.196396548909000e-03	2.008770485352000e-02	8.711371401769001e-04
2.556000000000000e+00	-1.066692993986000e-03	1.905819523652000e-02	8.659457057261000e-04
2.557000000000000e+00	-9.369894390627999e-04	1.802868561952000e-02	8.607542712753000e-04
2.558000000000000e+00	-7.151802360074000e-04	1.697429925967000e-02	8.570297694990000e-04
2.559000000000000e+00	-4.012653868176000e-04	1.589503615751000e-02	8.547722003654000e-04
2.560000000000000e+00	-8.735053762974000e-05	1.481577305512000e-02	8.525146312544000e-04
2.561000000000000e+00	2.261862810708000e-04	1.369645253821000e-02	8.544049925276001e-04
2.562000000000000e+00	5.397230997714000e-04	1.257713202130000e-02	8.562953538008000e-04
2.563000000000000e+00	7.611143558177000e-04	1.144159087508000e-02	8.596517798503000e-04
2.564000000000000e+00	8.903600512082000e-04	1.028982909990000e-02	8.644742706443000e-04
2.565000000000000e+00	1.019605745190000e-03	9.138067324573999e-03	8.692967614384001e-04
2.566000000000000e+00	8.889528320745000e-04	7.960047232043001e-03	8.741219965440000e-04
2.567000000000000e+00	7.582999189593000e-04	6.782027139514000e-03	8.789472316497000e-04
2.568000000000000e+00	5.360655722052000e-04	5.594075699496000e-03	8.823112057460000e-04
2.569000000000000e+00	2.222497937982000e-04	4.396192912206000e-03	8.842139188644001e-04
2.570000000000000e+00	-9.156598460500000e-05	3.198310124853000e-03	8.861166319605000e-04
2.571000000000000e+00	-4.046669367951000e-04	1.988811428622000e-03	8.838876201061000e-04
2.572000000000000e+00	-7.177678889851000e-04	7.793127323912000e-04	8.816586082516000e-04
2.573000000000000e+00	-9.389087583800000e-04	-4.306300436477000e-04	8.779693344707000e-04
2.574000000000000e+00	-1.068089546974000e-03	-1.641016899485000e-03	8.728197987949000e-04
2.575000000000000e+00	-1.197270334163000e-03	-2.851403755260000e-03	8.676702631191000e-04
2.576000000000000e+00	-1.067209793799000e-03	-4.050258583097000e-03	8.625183142010000e-04
2.577000000000000e+00	-9.371492534352999e-04	-5.249113410933000e-03	8.573663652830000e-04
2.578000000000000e+00	-7.156842515212000e-04	-6.436038890738000e-03	8.536702051504000e-04
2.579000000000000e+00	-4.028147900391000e-04	-7.611035022769000e-03	8.514298337718000e-04
2.580000000000000e+00	-8.994532855898000e-05	-8.786031154614999e-03	8.491894624156000e-04
2.581000000000000e+00	2.225696664460000e-04	-9.926714986658000e-03	8.510652319371000e-04
2.582000000000000e+00	5.350846614512000e-04	-1.106739881870000e-02	8.529410014586000e-04
2.583000000000000e+00	7.561724069585000e-04	-1.218702352003000e-02	8.562715985939000e-04
2.584000000000000e+00	8.858329049509000e-04	-1.328558909110000e-02	8.610570233117000e-04
2.585000000000000e+00	1.015493401545000e-03	-1.438415466191000e-02	8.658424480294000e-04
2.586000000000000e+00	8.872596398748000e-04	-1.543480403077000e-02	8.706307206500000e-04
2.587000000000000e+00	7.590258782044000e-04	-1.648545339964000e-02	8.754189932706000e-04
2.588000000000000e+00	5.399062779728000e-04	-1.750943183900000e-02	8.787573373051000e-04
2.589000000000000e+00	2.299008411508000e-04	-1.850673934943000e-02	8.806457527848999e-04
2.590000000000000e+00	-8.010459566759999e-05	-1.950404685953000e-02	8.825341682426000e-04
2.591000000000000e+00	-3.894421505236000e-04	-2.044132612259000e-02	8.803228733996000e-04
2.592000000000000e+00	-6.987797053795000e-04	-2.137860538564000e-02	8.781115785567000e-04
2.593000000000000e+00	-9.168937182827000e-04	-2.228157861685000e-02	8.744514028154000e-04
2.594000000000000e+00	-1.043784191212000e-03	-2.315024581695000e-02	8.693423462070000e-04
2.595000000000000e+00	-1.170674662746000e-03	-2.401891301663000e-02	8.642332895987000e-04
2.596000000000000e+00	-1.040383808969000e-03	-2.480925316724000e-02	8.591222541397000e-04
2.597000000000000e+00	-9.100929551926000e-04	-2.559959331785000e-02	8.540112186806000e-04
2.598000000000000e+00	-6.891344207711000e-04	-2.634622273210000e-02	8.503450650342000e-04
2.599000000000000e+00	-3.775082076710000e-04	-2.704914141094000e-02	8.481237931689000e-04
2.600000000000000e+00	-6.588199457324000e-05	-2.775206008927000e-02	8.459025213258000e-04
2.601000000000000e+00	2.453237046694000e-04	-2.836082471401000e-02	8.477664462547999e-04
2.602000000000000e+00	5.565294039121000e-04	-2.896958933875000e-02	8.496303711838000e-04
2.603000000000000e+00	7.769740227800000e-04	-2.952946161865000e-02	8.529382856672000e-04
2.604000000000000e+00	9.066575632411000e-04	-3.004044155478000e-02	8.576901896734000e-04
2.605000000000000e+00	1.036341102314000e-03	-3.055142149037000e-02	8.624420936797000e-04
2.606000000000000e+00	9.100308255873000e-04	-3.096342105146000e-02	8.671972873188000e-04
2.607000000000000e+00	7.837205488602000e-04	-3.137542061254000e-02	8.719524809580000e-04
2.608000000000000e+00	5.671773765328000e-04	-3.173772009526000e-02	8.752689053048000e-04
2.609000000000000e+00	2.604013105616000e-04	-3.205031950067000e-02	8.771465603906000e-04
2.610000000000000e+00	-4.637475540641000e-05	-3.236291890554000e-02	8.790242154542000e-04
2.611000000000000e+00	-3.525857349720000e-04	-3.257481461445000e-02	8.768331774392999e-04
2.612000000000000e+00	-6.587967145374000e-04	-3.278671032335000e-02	8.746421394243000e-04
2.613000000000000e+00	-8.745355148603000e-04	-3.294682355347000e-02	8.710128912695000e-04
2.614000000000000e+00	-9.998021379024999e-04	-3.305515430591000e-02	8.659454330061000e-04
2.615000000000000e+00	-1.125068759562000e-03	-3.316348505777000e-02	8.608779747426000e-04
2.616000000000000e+00	-9.952336705170001e-04	-3.316454754567000e-02	8.558074117516000e-04
2.617000000000000e+00	-8.653985814723000e-04	-3.316561003357000e-02	8.507368487606000e-04
2.618000000000000e+00	-6.456476268380000e-04	-3.311161144190000e-02	8.470995170081000e-04
2.619000000000000e+00	-3.359808085634000e-04	-3.300255177188000e-02	8.448954164630000e-04
2.620000000000000e+00	-2.631399029198000e-05	-3.289349210125000e-02	8.426913159399000e-04
2.621000000000000e+00	2.828122602563000e-04	-3.267398514120000e-02	8.445401539058000e-04
2.622000000000000e+00	5.919385108045000e-04	-3.245447818115000e-02	8.463889918716000e-04
2.623000000000000e+00	8.109314645342000e-04	-3.218119161930000e-02	8.496704297287000e-04
2.624000000000000e+00	9.397911234000000e-04	-3.185412545682000e-02	8.543844674460000e-04
2.625000000000000e+00	1.068650780888000e-03	-3.152705929379000e-02	8.590985051634000e-04
2.626000000000000e+00	9.433330320183000e-04	-3.109782229339000e-02	8.638154490263000e-04
2.627000000000000e+00	8.180152831489000e-04	-3.066858529299000e-02	8.685323928892000e-04
2.628000000000000e+00	6.030828016665000e-04	-3.019135813335000e-02	8.718215277569000e-04
2.629000000000000e+00	2.985355895148000e-04	-2.966614081550000e-02	8.736828536602000e-04
2.630000000000000e+00	-6.011622634701000e-06	-2.914092349716000e-02	8.755441795416000e-04
2.631000000000000e+00	-3.101349457709000e-04	-2.852501946204000e-02	8.733680539708000e-04
2.632000000000000e+00	-6.142582689069000e-04	-2.790911542691000e-02	8.711919284000000e-04
2.633000000000000e+00	-8.286626593356000e-04	-2.724970597424000e-02	8.675887497532000e-04
2.634000000000000e+00	-9.533481190027000e-04	-2.654679110497000e-02	8.625585180614000e-04
2.635000000000000e+00	-1.078033577298000e-03	-2.584387623523000e-02	8.575282863696000e-04
2.636000000000000e+00	-9.496764282178000e-04	-2.505666748716000e-02	8.524954756712000e-04
2.637000000000000e+00	-8.213192791377000e-04	-2.426945873910000e-02	8.474626649728000e-04
2.638000000000000e+00	-6.037843018157000e-04	-2.344179613764000e-02	8.438524432095000e-04
2.639000000000000e+00	-2.970714981858000e-04	-2.257367968369000e-02	8.416648103505000e-04
2.640000000000000e+00	9.641305440537999e-06	-2.170556322932000e-02	8.394771775133000e-04
2.641000000000000e+00	3.157142344853000e-04	-2.076221198453000e-02	8.413121235386000e-04
2.642000000000000e+00	6.217871635301000e-04	-1.981886073973000e-02	8.431470695639000e-04
2.643000000000000e+00	8.383600937985000e-04	-1.884218790995000e-02	8.464038809784000e-04
2.644000000000000e+00	9.654330272315000e-04	-1.783219349592000e-02	8.510825577513000e-04
2.645000000000000e+00	1.092505959296000e-03	-1.682219908158000e-02	8.557612345241000e-04
2.646000000000000e+00	9.672278575240000e-04	-1.575631909976000e-02	8.604428990600000e-04
2.647000000000000e+00	8.419497557516000e-04	-1.469043911794000e-02	8.651245635959000e-04
2.648000000000000e+00	6.276864544860000e-04	-1.360221414169000e-02	8.683892260037000e-04
2.649000000000000e+00	3.244379556570000e-04	-1.249164417150000e-02	8.702368863140999e-04
2.650000000000000e+00	2.118945682967000e-05	-1.138107420112000e-02	8.720845466028000e-04
2.651000000000000e+00	-2.817310845817000e-04	-1.023572162554000e-02	8.699252876094000e-04
2.652000000000000e+00	-5.846516259930000e-04	-9.090369049959000e-03	8.677660286161000e-04
2.653000000000000e+00	-7.985730037049000e-04	-7.931558681088000e-03	8.641905635699000e-04
2.654000000000000e+00	-9.234952196475000e-04	-6.759290519218000e-03	8.591988925016000e-04
2.655000000000000e+00	-1.048417434229000e-03	-5.587022357236000e-03	8.542072214334000e-04
2.656000000000000e+00	-9.222786845073000e-04	-4.394285726611000e-03	8.492133522200000e-04
2.657000000000000e+00	-7.961399347856000e-04	-3.201549095986000e-03	8.442194830067000e-04
2.658000000000000e+00	-5.815247825829000e-04	-2.001884972529000e-03	8.406377799917000e-04
2.659000000000000e+00	-2.784332298176000e-04	-7.952933563878000e-04	8.384682431445000e-04
2.660000000000000e+00	2.465832294391000e-05	4.112982597824000e-04	8.362987063190000e-04
2.661000000000000e+00	3.270705709867000e-04	1.623385291364000e-03	8.381222118128000e-04
2.662000000000000e+00	6.294828190294000e-04	2.835472322946000e-03	8.399457173066000e-04
2.663000000000000e+00	8.430528706863000e-04	4.044951366521000e-03	8.431807602761000e-04
2.664000000000000e+00	9.677807278837000e-04	5.251822422145000e-03	8.478273406907000e-04
2.665000000000000e+00	1.092508583723000e-03	6.458693477675000e-03	8.524739211052000e-04
2.666000000000000e+00	9.667629526679000e-04	7.648049630018000e-03	8.571239806563000e-04
2.667000000000000e+00	8.410173216125000e-04	8.837405782361000e-03	8.617740402073000e-04
2.668000000000000e+00	6.269506772959000e-04	1.001192519880000e-02	8.650177962623000e-04
2.669000000000000e+00	3.245630216334000e-04	1.117160787965000e-02	8.668552488518000e-04
2.670000000000000e+00	2.217536597262000e-05	1.233129056029000e-02	8.686927014197000e-04
2.671000000000000e+00	-2.798837836877000e-04	1.345100321552000e-02	8.665529376484000e-04
2.672000000000000e+00	-5.819429333479000e-04	1.457071587075000e-02	8.644131738772000e-04
2.673000000000000e+00	-7.956629533111000e-04	1.566660145296000e-02	8.608674268529000e-04
2.674000000000000e+00	-9.210438454931000e-04	1.673865996267000e-02	8.559156966059000e-04
2.675000000000000e+00	-1.046424736324000e-03	1.781071847208000e-02	8.509639663590000e-04
2.676000000000000e+00	-9.226001800271000e-04	1.882943458830000e-02	8.460089976943000e-04
2.677000000000000e+00	-7.987756237301000e-04	1.984815070452000e-02	8.410540290295999e-04
2.678000000000000e+00	-5.871199153250000e-04	2.083755951554000e-02	8.375000996148001e-04
2.679000000000000e+00	-2.876330567163000e-04	2.179766102202000e-02	8.353472094196000e-04
2.680000000000000e+00	1.185380188882000e-05	2.275776252814000e-02	8.331943192458000e-04
2.681000000000000e+00	3.107065617394000e-04	2.365281520442000e-02	8.350036271092000e-04
2.682000000000000e+00	6.095593215900000e-04	2.454786788070000e-02	8.368129349725000e-04
2.683000000000000e+00	8.202560165558000e-04	2.540629006924000e-02	8.400228690741000e-04
2.684000000000000e+00	9.427966485484000e-04	2.622808177083000e-02	8.446334293835000e-04
2.685000000000000e+00	1.065337279194000e-03	2.704987347198000e-02	8.492439896930000e-04
2.686000000000000e+00	9.393238180999000e-04	2.778915358530000e-02	8.538575739188000e-04
2.687000000000000e+00	8.133103570063000e-04	2.852843369862000e-02	8.584711581445000e-04
2.688000000000000e+00	5.996631448897000e-04	2.922215931347000e-02	8.616888573298000e-04
2.689000000000000e+00	2.983821836504000e-04	2.987033043084000e-02	8.635106715048000e-04
2.690000000000000e+00	-2.898777586771000e-06	3.051850154769000e-02	8.653324856585000e-04
2.691000000000000e+00	-3.037856218799000e-04	3.106930096512000e-02	8.632068282120000e-04
2.692000000000000e+00	-6.046724661728000e-04	3.162010038255000e-02	8.610811707656000e-04
2.693000000000000e+00	-8.178369536924000e-04	3.212060680705000e-02	8.575601505913000e-04
2.694000000000000e+00	-9.432790863409000e-04	3.257082023971000e-02	8.526437677196000e-04
2.695000000000000e+00	-1.068721217648000e-03	3.302103367183000e-02	8.477273848479000e-04
2.696000000000000e+00	-9.467154961241000e-04	3.336984857852000e-02	8.428082337040000e-04
2.697000000000000e+00	-8.247097746004000e-04	3.371866348521000e-02	8.378890825601000e-04
2.698000000000000e+00	-6.154715947312000e-04	3.401677065730000e-02	8.343608145102999e-04
2.699000000000000e+00	-3.190009584080000e-04	3.426417009588000e-02	8.322234295246000e-04
2.700000000000000e+00	-2.253032208773000e-05	3.451156953391000e-02	8.300860445601000e-04
2.701000000000000e+00	2.734268376907000e-04	3.465672473800000e-02	8.318819226838001e-04
2.702000000000000e+00	5.693839974692000e-04	3.480187994209000e-02	8.336778008076000e-04
2.703000000000000e+00	7.778987489845000e-04	3.489476514744000e-02	8.368640956129000e-04
2.704000000000000e+00	8.989710941327000e-04	3.493538035520000e-02	8.414408070697000e-04
2.705000000000000e+00	1.020043437944000e-03	3.497599556236000e-02	8.460175185265000e-04
2.706000000000000e+00	8.945237210148000e-04	3.490899583655000e-02	8.505974071305000e-04
2.707000000000000e+00	7.690040040854999e-04	3.484199611074000e-02	8.551772957345000e-04
2.708000000000000e+00	5.565591598480001e-04	3.472007738757000e-02	8.583716335270999e-04
2.709000000000000e+00	2.571891901871000e-04	3.454323966823000e-02	8.601804205384000e-04
2.710000000000000e+00	-4.218077947089000e-05	3.436640194830000e-02	8.619892075284000e-04
2.711000000000000e+00	-3.410398391459000e-04	3.407997445012000e-02	8.598796313966000e-04
2.712000000000000e+00	-6.398988988206001e-04	3.379354695194000e-02	8.577700552648000e-04
2.713000000000000e+00	-8.516233968633000e-04	3.345401309330000e-02	8.542754106572000e-04
2.714000000000000e+00	-9.762133351637000e-04	3.306137287535000e-02	8.493956976040000e-04
2.715000000000000e+00	-1.100803272132000e-03	3.266873265686000e-02	8.445159845507000e-04
2.716000000000000e+00	-9.796494949441000e-04	3.217569199049000e-02	8.396336906593000e-04
2.717000000000000e+00	-8.584957177564000e-04	3.168265132412000e-02	8.347513967680000e-04
2.718000000000000e+00	-6.506908126449000e-04	3.114271091565000e-02	8.312499515167000e-04
2.719000000000000e+00	-3.562347814887000e-04	3.055587076610000e-02	8.291293548756000e-04
2.720000000000000e+00	-6.177875033449999e-05	2.996903061608000e-02	8.270087582556000e-04
2.721000000000000e+00	2.322920567794000e-04	2.929413276573000e-02	8.287931412341000e-04
2.722000000000000e+00	5.263628638933000e-04	2.861923491538000e-02	8.305775242125000e-04
2.723000000000000e+00	7.336967569821999e-04	2.790239837952000e-02	8.337424911592000e-04
2.724000000000000e+00	8.542937379272000e-04	2.714362315906000e-02	8.382880420440000e-04
2.725000000000000e+00	9.748907175456000e-04	2.638484793816000e-02	8.428335929289000e-04
2.726000000000000e+00	8.508309696888000e-04	2.554544592082000e-02	8.473829974924000e-04
2.727000000000000e+00	7.267712218319000e-04	2.470604390349000e-02	8.519324020559000e-04
2.728000000000000e+00	5.164847525646000e-04	2.382827355264000e-02	8.551066297182000e-04
2.729000000000000e+00	2.199715637570000e-04	2.291213486912000e-02	8.569056805094000e-04
2.730000000000000e+00	-7.654162504731000e-05	2.199599618522000e-02	8.587047312793999e-04
2.731000000000000e+00	-3.724311494868000e-04	2.100921000469000e-02	8.566141277999000e-04
2.732000000000000e+00	-6.683206739264000e-04	2.002242382416000e-02	8.545235243204000e-04
2.733000000000000e+00	-8.776585357299000e-04	1.900476139384000e-02	8.510577580483000e-04
2.734000000000000e+00	-1.000444736775000e-03	1.795622271441000e-02	8.462168290134000e-04
2.735000000000000e+00	-1.123230936496000e-03	1.690768403471000e-02	8.413758999785000e-04
2.736000000000000e+00	-1.001968382138000e-03	1.580836154576000e-02	8.365315616444000e-04
2.737000000000000e+00	-8.807058277796000e-04	1.470903905682000e-02	8.316872233104000e-04
2.738000000000000e+00	-6.733785964824000e-04	1.359000814965000e-02	8.282131180734000e-04
2.739000000000000e+00	-3.799866901127000e-04	1.245126882470000e-02	8.261092459039000e-04
2.740000000000000e+00	-8.659478374444000e-05	1.131252949958000e-02	8.240053737553000e-04
2.741000000000000e+00	2.064973724180000e-04	1.014446476427000e-02	8.257769215832000e-04
2.742000000000000e+00	4.995895285804000e-04	8.976400028962000e-03	8.275484694112000e-04
2.743000000000000e+00	7.066123768524000e-04	7.797714578872000e-03	8.306900889254000e-04
2.744000000000000e+00	8.275659191008000e-04	6.608408414234000e-03	8.352017800961000e-04
2.745000000000000e+00	9.485194600325000e-04	5.419102249517000e-03	8.397134712669000e-04
2.746000000000000e+00	8.266550761253000e-04	4.215227087567000e-03	8.442283624897000e-04
2.747000000000000e+00	7.047906922181000e-04	3.011351925616000e-03	8.487432537126000e-04
2.748000000000000e+00	4.973484380400000e-04	1.803587985277000e-03	8.518928066445000e-04
2.749000000000000e+00	2.043283154471000e-04	5.919352666357000e-04	8.536770213151000e-04
2.750000000000000e+00	-8.869180714224000e-05	-6.197174520023001e-04	8.554612359647000e-04
2.751000000000000e+00	-3.810627243949000e-04	-1.830712347619000e-03	8.533839929447000e-04
2.752000000000000e+00	-6.734336416476000e-04	-3.041707243237000e-03	8.513067499248000e-04
2.753000000000000e+00	-8.798715745021000e-04	-4.247041824218000e-03	8.478643932152000e-04
2.754000000000000e+00	-1.000376524822000e-03	-5.446716090687000e-03	8.430569228455000e-04
2.755000000000000e+00	-1.120881473829000e-03	-6.646390357029000e-03	8.382494524758000e-04
2.756000000000000e+00	-9.990960516467000e-04	-7.822595046944001e-03	8.334388756933000e-04
2.757000000000000e+00	-8.773106294645000e-04	-8.998799736858000e-03	8.286282989109000e-04
2.758000000000000e+00	-6.700810679516000e-04	-1.015728870377000e-02	8.251782183572000e-04
2.759000000000000e+00	-3.774073689608000e-04	-1.129806194808000e-02	8.230886340029000e-04
2.760000000000000e+00	-8.473366997145000e-05	-1.243883519213000e-02	8.209990496694999e-04
2.761000000000000e+00	2.076432346508000e-04	-1.353406932135000e-02	8.227572767465000e-04
2.762000000000000e+00	5.000201392731000e-04	-1.462930345056000e-02	8.245155038234000e-04
2.763000000000000e+00	7.069468514678000e-04	-1.569800499825000e-02	8.276341175876000e-04
2.764000000000000e+00	8.284233730880000e-04	-1.674017396497000e-02	8.321131180096000e-04
2.765000000000000e+00	9.498998934011000e-04	-1.778234293137000e-02	8.365921184315000e-04
2.766000000000000e+00	8.302952844426000e-04	-1.876590690943000e-02	8.410746658264000e-04
2.767000000000000e+00	7.106906754841000e-04	-1.974947088749000e-02	8.455572132212000e-04
2.768000000000000e+00	5.061100561041000e-04	-2.070119158296000e-02	8.486843882457000e-04
2.769000000000000e+00	2.165534281458000e-04	-2.162106899653000e-02	8.504561909292001e-04
2.770000000000000e+00	-7.300319980922000e-05	-2.254094640973000e-02	8.522279935920000e-04
2.771000000000000e+00	-3.619626471757000e-04	-2.339098692065000e-02	8.501662291833000e-04
2.772000000000000e+00	-6.509220945422999e-04	-2.424102743157000e-02	8.481044647747000e-04
2.773000000000000e+00	-8.545986965673000e-04	-2.505224150551000e-02	8.446873783773000e-04
2.774000000000000e+00	-9.729924551004000e-04	-2.582462914332000e-02	8.399149700206000e-04
2.775000000000000e+00	-1.091386212330000e-03	-2.659701678065000e-02	8.351425616638000e-04
2.776000000000000e+00	-9.693074971982000e-04	-2.728298398576000e-02	8.303669721873000e-04
2.777000000000000e+00	-8.472287820666000e-04	-2.796895119087000e-02	8.255913827108000e-04
2.778000000000000e+00	-6.403615506612000e-04	-2.860766620450000e-02	8.221665298562000e-04
2.779000000000000e+00	-3.487058048209000e-04	-2.919912902767000e-02	8.200924135941000e-04
2.780000000000000e+00	-5.705005898251000e-05	-2.979059185031000e-02	8.180182973527000e-04
2.781000000000000e+00	2.342228866835000e-04	-3.028177527717000e-02	8.197646629135000e-04
2.782000000000000e+00	5.254958323494000e-04	-3.077295870404000e-02	8.215110284743000e-04
2.783000000000000e+00	7.318855579734000e-04	-3.121261378349000e-02	8.246083191710000e-04
2.784000000000000e+00	8.533920653961000e-04	-3.160074051664000e-02	8.290565349745000e-04
2.785000000000000e+00	9.748985715205000e-04	-3.198886724922000e-02	8.335047507779000e-04
2.786000000000000e+00	8.569553417475000e-04	-3.227352976774000e-02	8.379572828468000e-04
2.787000000000000e+00	7.390121119745000e-04	-3.255819228625000e-02	8.424098149157000e-04
2.788000000000000e+00	5.366503975419000e-04	-3.279132531844000e-02	8.455170748851000e-04
2.789000000000000e+00	2.498702002806000e-04	-3.297292886543000e-02	8.472790627841000e-04
2.790000000000000e+00	-3.690999697811000e-05	-3.315453241185000e-02	8.490410506625001e-04
2.791000000000000e+00	-3.232048962136000e-04	-3.323273599511000e-02	8.469974421040001e-04
2.792000000000000e+00	-6.094997954493000e-04	-3.331093957838000e-02	8.449538335454000e-04
2.793000000000000e+00	-8.111775715803000e-04	-3.333658050359000e-02	8.415646482722000e-04
2.794000000000000e+00	-9.282382264417999e-04	-3.330965877188000e-02	8.368298863136000e-04
2.795000000000000e+00	-1.045298880010000e-03	-3.328273703959000e-02	8.320951243550000e-04
2.796000000000000e+00	-9.237195412527000e-04	-3.314824149659000e-02	8.273568331409000e-04
2.797000000000000e+00	-8.021402024957000e-04	-3.301374595359000e-02	8.226185419268000e-04
2.798000000000000e+00	-5.964356596194999e-04	-3.282466470692000e-02	8.192209638407000e-04
2.799000000000000e+00	-3.066059144484000e-04	-3.258099775776000e-02	8.171640988535000e-04
2.800000000000000e+00	-1.677616927982000e-05	-3.233733080801000e-02	8.151072338868000e-04
2.801000000000000e+00	2.725553511696000e-04	-3.198530872044000e-02	8.168426280964000e-04
2.802000000000000e+00	5.618868716190000e-04	-3.163328663287000e-02	8.185780223061000e-04
2.803000000000000e+00	7.668792828407000e-04	-3.122901816184000e-02	8.216542223799000e-04
2.804000000000000e+00	8.875325866640001e-04	-3.077250330848000e-02	8.260712282890000e-04
2.805000000000000e+00	1.008185889198000e-03	-3.031598845459000e-02	8.304882341980000e-04
2.806000000000000e+00	8.909680828627000e-04	-2.976121373494000e-02	8.349086816119000e-04
2.807000000000000e+00	7.737502765278000e-04	-2.920643901529000e-02	8.393291290257000e-04
2.808000000000000e+00	5.726490902762000e-04	-2.860603699010000e-02	8.424135584344000e-04
2.809000000000000e+00	2.876645259275000e-04	-2.796000766035000e-02	8.441619698670000e-04
2.810000000000000e+00	2.679961580565000e-06	-2.731397833014000e-02	8.459103812791000e-04
2.811000000000000e+00	-2.819560602976000e-04	-2.658287207711000e-02	8.438798285173000e-04
2.812000000000000e+00	-5.665920821759000e-04	-2.585176582407000e-02	8.418492757556000e-04
2.813000000000000e+00	-7.672777869496000e-04	-2.508045367285000e-02	8.384825882107000e-04
2.814000000000000e+00	-8.840131764395000e-04	-2.426893562431000e-02	8.337797659116000e-04
2.815000000000000e+00	-1.000748564645000e-03	-2.345741757535000e-02	8.290769436125000e-04
2.816000000000000e+00	-8.806630181827000e-04	-2.256924645934000e-02	8.243705616625000e-04
2.817000000000000e+00	-7.605774717200000e-04	-2.168107534333000e-02	8.196641797124000e-04
2.818000000000000e+00	-5.570213213941000e-04	-2.075676086018000e-02	8.162890663128000e-04
2.819000000000000e+00	-2.699945690155000e-04	-1.979630301068000e-02	8.142452214348000e-04
2.820000000000000e+00	1.703218336003000e-05	-1.883584516081000e-02	8.122013765772000e-04
2.821000000000000e+00	3.034585364022000e-04	-1.780957944040000e-02	8.139232313523000e-04
2.822000000000000e+00	5.898848894444000e-04	-1.678331371999000e-02	8.156450861274000e-04
2.823000000000000e+00	7.925211756972000e-04	-1.572873130923000e-02	8.186984864670000e-04
2.824000000000000e+00	9.113673969777000e-04	-1.464583220873000e-02	8.230834323422000e-04
2.825000000000000e+00	1.030213616977000e-03	-1.356293310799000e-02	8.274683782174000e-04
2.826000000000000e+00	9.127834047490000e-04	-1.243455790133000e-02	8.318572749101000e-04
2.827000000000000e+00	7.953531925208000e-04	-1.130618269467000e-02	8.362461716026999e-04
2.828000000000000e+00	5.945920853233000e-04	-1.016082645196000e-02	8.393087326010000e-04
2.829000000000000e+00	3.105000849638000e-04	-8.998489173557001e-03	8.410449579337000e-04
2.830000000000000e+00	2.640808460575000e-05	-7.836151895029999e-03	8.427811832460000e-04
2.831000000000000e+00	-2.574111980225000e-04	-6.650098724457000e-03	8.407654365985000e-04
2.832000000000000e+00	-5.412304806510000e-04	-5.464045553883000e-03	8.387496899510000e-04
2.833000000000000e+00	-7.417241906581000e-04	-4.270267244327000e-03	8.354072725832000e-04
2.834000000000000e+00	-8.588923298512001e-04	-3.068763795957000e-03	8.307381845239000e-04
2.835000000000000e+00	-9.760604677697000e-04	-1.867260347541000e-03	8.260690964646000e-04
2.836000000000000e+00	-8.581322391011000e-04	-6.571647280547000e-04	8.213963502048000e-04
2.837000000000000e+00	-7.402040104326000e-04	5.529308914308000e-04	8.167236039450000e-04
2.838000000000000e+00	-5.394154879882000e-04	1.763858032626000e-03	8.133726524876000e-04
2.839000000000000e+00	-2.557666735651000e-04	2.975616695512000e-03	8.113434958040000e-04
2.840000000000000e+00	2.788214085451000e-05	4.187375358362000e-03	8.093143391406000e-04
2.841000000000000e+00	3.108999626103000e-04	5.392323126711000e-03	8.110242886292000e-04
2.842000000000000e+00	5.939177843659000e-04	6.597270895059000e-03	8.127342381177000e-04
2.843000000000000e+00	7.937218978157000e-04	7.793522385276000e-03	8.157664475723000e-04
2.844000000000000e+00	9.103123047643000e-04	8.981077597547999e-03	8.201209169643999e-04
2.845000000000000e+00	1.026902710441000e-03	1.016863280966000e-02	8.244753863564000e-04
2.846000000000000e+00	9.088600804643999e-04	1.132682544402000e-02	8.288342348759000e-04
2.847000000000000e+00	7.908174504880000e-04	1.248501807838000e-02	8.331930833953000e-04
2.848000000000000e+00	5.900257236070000e-04	1.362266100357000e-02	8.362352541693000e-04
2.849000000000000e+00	3.064849016159000e-04	1.473975422005000e-02	8.379607472264000e-04
2.850000000000000e+00	2.294407962636000e-05	1.585684743625000e-02	8.396862402633000e-04
2.851000000000000e+00	-2.603194833629000e-04	1.692295314621000e-02	8.376868513062000e-04
2.852000000000000e+00	-5.435830463522000e-04	1.798905885618000e-02	8.356874623491000e-04
2.853000000000000e+00	-7.440940121762000e-04	1.902600389225000e-02	8.323710276662000e-04
2.854000000000000e+00	-8.618523826295000e-04	2.003378825507000e-02	8.277375472863000e-04
2.855000000000000e+00	-9.796107518167999e-04	2.104157261755000e-02	8.231040669064000e-04
2.856000000000000e+00	-8.638801398388000e-04	2.198568022003000e-02	8.184673221544000e-04
2.857000000000000e+00	-7.481495278608000e-04	2.292978782252000e-02	8.138305774025000e-04
2.858000000000000e+00	-5.501110513966000e-04	2.383962879959000e-02	8.105063761004000e-04
2.859000000000000e+00	-2.697647122313000e-04	2.471520315199000e-02	8.084947182198000e-04
2.860000000000000e+00	1.058162693104000e-05	2.559077750399000e-02	8.064830603592000e-04
2.861000000000000e+00	2.903682495375000e-04	2.639198172898000e-02	8.081839945202000e-04
2.862000000000000e+00	5.701548721438000e-04	2.719318595397000e-02	8.098849286813000e-04
2.863000000000000e+00	7.673462624156000e-04	2.795350687254000e-02	8.128985565548000e-04
2.864000000000000e+00	8.819424221441000e-04	2.867294448559000e-02	8.172248781123000e-04
2.865000000000000e+00	9.965385806098000e-04	2.939238209815000e-02	8.215511996698000e-04
2.866000000000000e+00	8.782174190155000e-04	3.002178685536000e-02	8.258810442968000e-04
2.867000000000000e+00	7.598962574213000e-04	3.065119161257000e-02	8.302108889238000e-04
2.868000000000000e+00	5.594431741097000e-04	3.123180278906000e-02	8.332328033532999e-04
2.869000000000000e+00	2.768581708620000e-04	3.176362038590000e-02	8.349467876138000e-04
2.870000000000000e+00	-5.726832383605000e-06	3.229543798219000e-02	8.366607718542001e-04
2.871000000000000e+00	-2.879531492551000e-04	3.272439804430000e-02	8.346750171491000e-04
2.872000000000000e+00	-5.701794661265000e-04	3.315335810642000e-02	8.326892624439000e-04
2.873000000000000e+00	-7.701847702224000e-04	3.352972855270000e-02	8.293952916538000e-04
2.874000000000000e+00	-8.879690633256000e-04	3.385350938426000e-02	8.247931048071001e-04
2.875000000000000e+00	-1.005753355171000e-03	3.417729021525000e-02	8.201909179604000e-04
2.876000000000000e+00	-8.915756387526000e-04	3.439590790915000e-02	8.155849939496999e-04
2.877000000000000e+00	-7.773979223339000e-04	3.461452560305000e-02	8.109790699389000e-04
2.878000000000000e+00	-5.814313504888000e-04	3.478098304461000e-02	8.076764279237000e-04
2.879000000000000e+00	-3.036759249909000e-04	3.489528023496000e-02	8.056770678756000e-04
2.880000000000000e+00	-2.592049949541000e-05	3.500957742474000e-02	8.036777078476000e-04
2.881000000000000e+00	2.513927696220000e-04	3.501970958019000e-02	8.053651131803000e-04
2.882000000000000e+00	5.287060387393000e-04	3.502984173563000e-02	8.070525185129000e-04
2.883000000000000e+00	7.240564479091000e-04	3.498731444199000e-02	8.100435983212000e-04
2.884000000000000e+00	8.374439989088000e-04	3.489212770040000e-02	8.143383525767000e-04
2.885000000000000e+00	9.508315486551000e-04	3.479694095824000e-02	8.186331068322000e-04
2.886000000000000e+00	8.330373927114000e-04	3.459460831734000e-02	8.229317180733999e-04
2.887000000000000e+00	7.152432367677000e-04	3.439227567644000e-02	8.272303293146000e-04
2.888000000000000e+00	5.159470392892000e-04	3.413588020018000e-02	8.302303025021000e-04
2.889000000000000e+00	2.351488020432000e-04	3.382542188976000e-02	8.319316376643000e-04
2.890000000000000e+00	-4.564943519996000e-05	3.351496357875000e-02	8.336329728065000e-04
2.891000000000000e+00	-3.259681098307000e-04	3.309775672969000e-02	8.316606517911000e-04
2.892000000000000e+00	-6.062867844615000e-04	3.268054988064000e-02	8.296883307757000e-04
2.893000000000000e+00	-8.048900589343000e-04	3.221213980418000e-02	8.264170386119000e-04
2.894000000000000e+00	-9.217779350212000e-04	3.169252650144000e-02	8.218467753278000e-04
2.895000000000000e+00	-1.038665809859000e-03	3.117291319818000e-02	8.172765120437000e-04
2.896000000000000e+00	-9.250654748495000e-04	3.055754145488000e-02	8.127027880584000e-04
2.897000000000000e+00	-8.114651398404000e-04	2.994216971158000e-02	8.081290640731000e-04
2.898000000000000e+00	-6.165753637011000e-04	2.928261919621000e-02	8.048496667072000e-04
2.899000000000000e+00	-3.403961481944000e-04	2.857888990973000e-02	8.028645959325000e-04
2.900000000000000e+00	-6.421693268932999e-05	2.787516062280000e-02	8.008795251777000e-04
2.901000000000000e+00	2.116516613103000e-04	2.708967259224000e-02	8.025557379376000e-04
2.902000000000000e+00	4.875202553097000e-04	2.630418456167000e-02	8.042319506975000e-04
2.903000000000000e+00	6.820519387481000e-04	2.548038116526000e-02	8.072027978927000e-04
2.904000000000000e+00	7.952467133893000e-04	2.461826240383000e-02	8.114682794952000e-04
2.905000000000000e+00	9.084414867864000e-04	2.375614364200000e-02	8.157337610978000e-04
2.906000000000000e+00	7.921587488765000e-04	2.282163368700000e-02	8.200030048331000e-04
2.907000000000000e+00	6.758760109665000e-04	2.188712373200000e-02	8.242722485684000e-04
2.908000000000000e+00	4.787025887215000e-04	2.091882477406000e-02	8.272518249722000e-04
2.909000000000000e+00	2.006384838959000e-04	1.991673681393000e-02	8.289417340724000e-04
2.910000000000000e+00	-7.742562092661000e-05	1.891464885348000e-02	8.306316431528000e-04
2.911000000000000e+00	-3.549217361762000e-04	1.785182334006000e-02	8.286734261024000e-04
2.912000000000000e+00	-6.324178514257000e-04	1.678899782664000e-02	8.267152090520000e-04
2.913000000000000e+00	-8.287170435408000e-04	1.570051772886000e-02	8.234671866383000e-04
2.914000000000000e+00	-9.438193142822000e-04	1.458638304727000e-02	8.189293588892000e-04
2.915000000000000e+00	-1.058921583782000e-03	1.347224836547000e-02	8.143915311401000e-04
2.916000000000000e+00	-9.450347323912000e-04	1.231812593480000e-02	8.098509050951000e-04
2.917000000000000e+00	-8.311478810001999e-04	1.116400350414000e-02	8.053102790502000e-04
2.918000000000000e+00	-6.364884115699000e-04	9.995704592465000e-03	8.020554393590000e-04
2.919000000000000e+00	-3.610563258518000e-04	8.813229200082999e-03	8.000863859937999e-04
2.920000000000000e+00	-8.562424013505001e-05	7.630753807603000e-03	7.981173326484000e-04
2.921000000000000e+00	1.895775106842000e-04	6.430295432074000e-03	7.997850264430000e-04
2.922000000000000e+00	4.647792615032000e-04	5.229837056545000e-03	8.014527202375000e-04
2.923000000000000e+00	6.592365985371000e-04	4.024592647111000e-03	8.044063261951000e-04
2.924000000000000e+00	7.729495235370000e-04	2.814562203875000e-03	8.086458442877000e-04
2.925000000000000e+00	8.866624473014000e-04	1.604531760625000e-03	8.128853623803000e-04
2.926000000000000e+00	7.725276209578000e-04	3.919332449402000e-04	8.171285341747000e-04
2.927000000000000e+00	6.583927946141000e-04	-8.206652707444000e-04	8.213717059691000e-04
2.928000000000000e+00	4.639428753460000e-04	-2.031034221393000e-03	8.243337944949000e-04
2.929000000000000e+00	1.891778648950000e-04	-3.239173607053000e-03	8.260147997800000e-04
2.930000000000000e+00	-8.558714555264000e-05	-4.447312992643000e-03	8.276958050454000e-04
2.931000000000000e+00	-3.597583367549000e-04	-5.642516817515000e-03	8.257528347092000e-04
2.932000000000000e+00	-6.339295279572000e-04	-6.837720642387000e-03	8.238098643729000e-04
2.933000000000000e+00	-8.274503934554000e-04	-8.021222040923001e-03	8.205854295193000e-04
2.934000000000000e+00	-9.403209349986001e-04	-9.193021013376001e-03	8.160795301762000e-04
2.935000000000000e+00	-1.053191475309000e-03	-1.036481998564000e-02	8.115736308330000e-04
2.936000000000000e+00	-9.386320937578000e-04	-1.150145080610000e-02	8.070640431786000e-04
2.937000000000000e+00	-8.240727122068000e-04	-1.263808162657000e-02	8.025544555242000e-04
2.938000000000000e+00	-6.292955792172000e-04	-1.375138623366000e-02	7.993215171658000e-04
2.939000000000000e+00	-3.543006965285000e-04	-1.484136462790000e-02	7.973652280757000e-04
2.940000000000000e+00	-7.930581384117001e-05	-1.593134302183000e-02	7.954089390052000e-04
2.941000000000000e+00	1.954402762074000e-04	-1.696503070949000e-02	7.970641198936000e-04
2.942000000000000e+00	4.701863662559000e-04	-1.799871839715000e-02	7.987193007819000e-04
2.943000000000000e+00	6.647215091198999e-04	-1.900070681155000e-02	8.016515076207000e-04
2.944000000000000e+00	7.790457065389000e-04	-1.997099595336000e-02	8.058607403821000e-04
2.945000000000000e+00	8.933699027308000e-04	-2.094128509480000e-02	8.100699731435999e-04
2.946000000000000e+00	7.813512156717000e-04	-2.184304019437000e-02	8.142827538002000e-04
2.947000000000000e+00	6.693325286127000e-04	-2.274479529395000e-02	8.184955344568000e-04
2.948000000000000e+00	4.775162955475000e-04	-2.360998444265000e-02	8.214359615939000e-04
2.949000000000000e+00	2.059025182064000e-04	-2.443860764127000e-02	8.231040352388000e-04
2.950000000000000e+00	-6.571125913167000e-05	-2.526723083946000e-02	8.247721088643000e-04
2.951000000000000e+00	-3.368016400283000e-04	-2.601722680320000e-02	8.228409581774000e-04
2.952000000000000e+00	-6.078920209249000e-04	-2.676722276694000e-02	8.209098074905000e-04
2.953000000000000e+00	-7.989162642056000e-04	-2.747442719646000e-02	8.177060048805001e-04
2.954000000000000e+00	-9.098743716065000e-04	-2.813884009269000e-02	8.132295503752000e-04
2.955000000000000e+00	-1.020832477783000e-03	-2.880325298841000e-02	8.087530958698000e-04
2.956000000000000e+00	-9.059822628909000e-04	-2.937433343958000e-02	8.042733121548000e-04
2.957000000000000e+00	-7.911320479986000e-04	-2.994541389076000e-02	7.997935284397000e-04
2.958000000000000e+00	-5.966499322716000e-04	-3.046632234726000e-02	7.965819527912000e-04
2.959000000000000e+00	-3.225359174367000e-04	-3.093705881020000e-02	7.946385851815000e-04
2.960000000000000e+00	-4.842190260364000e-05	-3.140779527256000e-02	7.926952175914000e-04
2.961000000000000e+00	2.253543724283000e-04	-3.177343581176000e-02	7.943393060752000e-04
2.962000000000000e+00	4.991306474601000e-04	-3.213907635097000e-02	7.959833945590001e-04
2.963000000000000e+00	6.931897077548000e-04	-3.245124370467000e-02	7.988960476446000e-04
2.964000000000000e+00	8.075315550411000e-04	-3.270993787404000e-02	8.030772653046000e-04
2.965000000000000e+00	9.218734011080000e-04	-3.296863204283000e-02	8.072584829646000e-04
2.966000000000000e+00	8.112967117998000e-04	-3.312083553068000e-02	8.114434031104000e-04
2.967000000000000e+00	7.007200224917000e-04	-3.327303901852000e-02	8.156283232563000e-04
2.968000000000000e+00	5.108281462213000e-04	-3.337264365375000e-02	8.185494656702000e-04
2.969000000000000e+00	2.416210847088000e-04	-3.341964943750000e-02	8.202068303794000e-04
2.970000000000000e+00	-2.758597680159000e-05	-3.346665522068000e-02	8.218641950693000e-04
2.971000000000000e+00	-2.963928134613000e-04	-3.340912185736000e-02	8.199464291968000e-04
2.972000000000000e+00	-5.651996501211000e-04	-3.335158849403000e-02	8.180286633244000e-04
2.973000000000000e+00	-7.545425171614000e-04	-3.324149384718000e-02	8.148467177538000e-04
2.974000000000000e+00	-8.644214163055000e-04	-3.307883791795000e-02	8.104005925126000e-04
2.975000000000000e+00	-9.743003142343000e-04	-3.291618198813000e-02	8.059544672714000e-04
2.976000000000000e+00	-8.600202745272999e-04	-3.264719062037000e-02	8.015049650371000e-04
2.977000000000000e+00	-7.457402348203000e-04	-3.237819925262000e-02	7.970554628027000e-04
2.978000000000000e+00	-5.524294281367000e-04	-3.205585398122000e-02	7.938657364429000e-04
2.979000000000000e+00	-2.800878561904000e-04	-3.168015480734000e-02	7.919357859301999e-04
2.980000000000000e+00	-7.746284246569001e-06	-3.130445563289000e-02	7.900058354368000e-04
2.981000000000000e+00	2.641290369636000e-04	-3.082397645051000e-02	7.916397333450000e-04
2.982000000000000e+00	5.360043581739000e-04	-3.034349726813000e-02	7.932736312531000e-04
2.983000000000000e+00	7.286334430504999e-04	-2.981303471002000e-02	7.961679395929000e-04
2.984000000000000e+00	8.420162933121000e-04	-2.923258877728000e-02	8.003226583370001e-04
2.985000000000000e+00	9.553991423618000e-04	-2.865214284403000e-02	8.044773770812000e-04
2.986000000000000e+00	8.452478134471000e-04	-2.797878520254000e-02	8.086365501504000e-04
2.987000000000000e+00	7.350964845325000e-04	-2.730542756105000e-02	8.127957232196000e-04
2.988000000000000e+00	5.461020686033000e-04	-2.658950697569000e-02	8.156998961012000e-04
2.989000000000000e+00	2.782645673693000e-04	-2.583102344738000e-02	8.173490688222999e-04
2.990000000000000e+00	1.042706613670000e-05	-2.507253991864000e-02	8.189982415242000e-04
2.991000000000000e+00	-2.571256714758000e-04	-2.423593394285000e-02	8.170965023951000e-04
2.992000000000000e+00	-5.246784090882000e-04	-2.339932796707000e-02	8.151947632659000e-04
2.993000000000000e+00	-7.133521426799000e-04	-2.252644445349000e-02	8.120372344335000e-04
2.994000000000000e+00	-8.231468739615000e-04	-2.161728340290000e-02	8.076239159250000e-04
2.995000000000000e+00	-9.329416040365000e-04	-2.070812235195000e-02	8.032105974165000e-04
2.996000000000000e+00	-8.201770542190000e-04	-1.973109733138000e-02	7.987934123286000e-04
2.997000000000000e+00	-7.074125044016000e-04	-1.875407231082000e-02	7.943762272407000e-04
2.998000000000000e+00	-5.161935015360000e-04	-1.774572948613000e-02	7.912100247577000e-04
2.999000000000000e+00	-2.465200473238000e-04	-1.670606885799000e-02	7.892948048524000e-04
3.000000000000000e+00	2.315340688536000e-05	-1.566640822955000e-02	7.873795849663000e-04
3.001000000000000e+00	2.922701561643000e-04	-1.457128334297000e-02	7.890035919904000e-04
3.002000000000000e+00	5.613869054436000e-04	-1.347615845638000e-02	7.906275990146000e-04
3.003000000000000e+00	7.517406750084000e-04	-1.235812859785000e-02	7.935032242091001e-04
3.004000000000000e+00	8.633314665671000e-04	-1.121719376788000e-02	7.976304675470000e-04
3.005000000000000e+00	9.749222569216000e-04	-1.007625893773000e-02	8.017577108848000e-04
3.006000000000000e+00	8.643822617505999e-04	-8.900973710186000e-03	8.058887464275000e-04
3.007000000000000e+00	7.538422665798000e-04	-7.725688482642000e-03	8.100197819703000e-04
3.008000000000000e+00	5.649444490881000e-04	-6.539092456345000e-03	8.129039359522000e-04
3.009000000000000e+00	2.976888109750000e-04	-5.341185631539000e-03	8.145412084004000e-04
3.010000000000000e+00	3.043317286291000e-05	-4.143278806666000e-03	8.161784808295000e-04
3.011000000000000e+00	-2.366093128305000e-04	-2.933213858986000e-03	8.142881295414000e-04
3.012000000000000e+00	-5.036517985239000e-04	-1.723148911306000e-03	8.123977782533000e-04
3.013000000000000e+00	-6.923685063676000e-04	-5.112654599609000e-04	8.092598778187000e-04
3.014000000000000e+00	-8.027594380603000e-04	7.024364950100000e-04	8.048744282648001e-04
3.015000000000000e+00	-9.131503685545000e-04	1.916138449961000e-03	8.004889787108000e-04
3.016000000000000e+00	-8.025051480265000e-04	3.126366232912000e-03	7.960995978717000e-04
3.017000000000000e+00	-6.918599274985000e-04	4.336594015864000e-03	7.917102170325999e-04
3.018000000000000e+00	-5.032971560166000e-04	5.541541714993000e-03	7.885635441872000e-04
3.019000000000000e+00	-2.368168352710000e-04	6.741209330415000e-03	7.866595793088000e-04
3.020000000000000e+00	2.966348547154000e-05	7.940876945733000e-03	7.847556144494000e-04
3.021000000000000e+00	2.955695989828000e-04	9.121542113390000e-03	7.863676260720000e-04
3.022000000000000e+00	5.614757124943000e-04	1.030220728105000e-02	7.879796376946000e-04
3.023000000000000e+00	7.491353262676000e-04	1.146820892313000e-02	7.908351590654000e-04
3.024000000000000e+00	8.585484419998000e-04	1.261954703994000e-02	7.949341901573000e-04
3.025000000000000e+00	9.679615565357001e-04	1.377088515653000e-02	7.990332212492001e-04
3.026000000000000e+00	8.567143157228000e-04	1.488136827713000e-02	8.031364797498000e-04
3.027000000000000e+00	7.454670749099000e-04	1.599185139773000e-02	8.072397382504000e-04
3.028000000000000e+00	5.563861860476000e-04	1.707630483298000e-02	8.101045911751001e-04
3.029000000000000e+00	2.894716508239000e-04	1.813472858344000e-02	8.117310385508000e-04
3.030000000000000e+00	2.255711560147000e-05	1.919315233358000e-02	8.133574859074000e-04
3.031000000000000e+00	-2.441206834007000e-04	2.019015683831000e-02	8.114799741226000e-04
3.032000000000000e+00	-5.107984824028000e-04	2.118716134305000e-02	8.096024623378000e-04
3.033000000000000e+00	-6.996483245258000e-04	2.215003077480000e-02	8.064857250815000e-04
3.034000000000000e+00	-8.106702114574000e-04	2.307876513431000e-02	8.021297623804000e-04
3.035000000000000e+00	-9.216920971981000e-04	2.400749949343000e-02	7.977737996793999e-04
3.036000000000000e+00	-8.130846257846000e-04	2.486308025940000e-02	7.934139097711000e-04
3.037000000000000e+00	-7.044771543710000e-04	2.571866102536000e-02	7.890540198628000e-04
3.038000000000000e+00	-5.184348823027000e-04	2.653551064010000e-02	7.859285655831000e-04
3.039000000000000e+00	-2.549578112592000e-04	2.731362910443000e-02	7.840375469052000e-04
3.040000000000000e+00	8.519259781583001e-06	2.809174756832000e-02	7.821465282462000e-04
3.041000000000000e+00	2.714948198884000e-04	2.878727593113000e-02	7.837481359509000e-04
3.042000000000000e+00	5.344703799953000e-04	2.948280429394000e-02	7.853497436557000e-04
3.043000000000000e+00	7.197512086095000e-04	3.013379002764000e-02	7.881866283331000e-04
3.044000000000000e+00	8.273373074162000e-04	3.074023313320000e-02	7.922587899565000e-04
3.045000000000000e+00	9.349234050348000e-04	3.134667623824000e-02	7.963309515799000e-04
3.046000000000000e+00	8.233779146570000e-04	3.185681638849000e-02	8.004074087165000e-04
3.047000000000000e+00	7.118324242793000e-04	3.236695653875000e-02	8.044838658531000e-04
3.048000000000000e+00	5.230063948027999e-04	3.282571680396000e-02	8.073302205225000e-04
3.049000000000000e+00	2.568998279034000e-04	3.323309718524000e-02	8.089464727516000e-04
3.050000000000000e+00	-9.206738994329000e-06	3.364047756595000e-02	8.105627249617000e-04
3.051000000000000e+00	-2.749861474006000e-04	3.394087627908000e-02	8.086985618898000e-04
3.052000000000000e+00	-5.407655558069000e-04	3.424127499222000e-02	8.068343988180000e-04
3.053000000000000e+00	-7.291759226907000e-04	3.448749940899000e-02	8.037394661746000e-04
3.054000000000000e+00	-8.402172497301000e-04	3.467954953058000e-02	7.994137639865001e-04
3.055000000000000e+00	-9.512585755858000e-04	3.487159965159000e-02	7.950880617983000e-04
3.056000000000000e+00	-8.439946597584000e-04	3.495620837388000e-02	7.907590910150000e-04
3.057000000000000e+00	-7.367307439310000e-04	3.504081709616000e-02	7.864301202316000e-04
3.058000000000000e+00	-5.524761547282000e-04	3.507258128579000e-02	7.833277358286999e-04
3.059000000000000e+00	-2.912308938198000e-04	3.505150094390000e-02	7.814519377796000e-04
3.060000000000000e+00	-2.998563291336000e-05	3.503042060145000e-02	7.795761397494000e-04
3.061000000000000e+00	2.308941504287000e-04	3.490481642699000e-02	7.811703074677000e-04
3.062000000000000e+00	4.917739337708000e-04	3.477921225253000e-02	7.827644751860000e-04
3.063000000000000e+00	6.755343883441000e-04	3.460133822585000e-02	7.855857734866000e-04
3.064000000000000e+00	7.821755158212000e-04	3.437119434807000e-02	7.896342023428000e-04
3.065000000000000e+00	8.888166421187000e-04	3.414105046973000e-02	7.936826311991000e-04
3.066000000000000e+00	7.778906797176000e-04	3.380575980162000e-02	7.977348676680000e-04
3.067000000000000e+00	6.669647173164000e-04	3.347046913350000e-02	8.017871041368000e-04
3.068000000000000e+00	4.793271285456000e-04	3.308271693535000e-02	8.046169175802000e-04
3.069000000000000e+00	2.149779150686000e-04	3.264250320829000e-02	8.062243080246000e-04
3.070000000000000e+00	-4.937129840596000e-05	3.220228948067000e-02	8.078316984502000e-04
3.071000000000000e+00	-3.132706773155000e-04	3.165961936185000e-02	8.059805576359000e-04
3.072000000000000e+00	-5.771700562251000e-04	3.111694924302000e-02	8.041294168214999e-04
3.073000000000000e+00	-7.641436747489000e-04	3.052568749553000e-02	8.010551293551000e-04
3.074000000000000e+00	-8.741915345552999e-04	2.988583412042000e-02	7.967576952631000e-04
3.075000000000000e+00	-9.842393931850000e-04	2.924598074483000e-02	7.924602611711000e-04
3.076000000000000e+00	-8.772834889281000e-04	2.851639436109000e-02	7.881589162715000e-04
3.077000000000000e+00	-7.703275846712000e-04	2.778680797734000e-02	7.838575713719000e-04
3.078000000000000e+00	-5.868227691244000e-04	2.701643309840000e-02	7.807745980986000e-04
3.079000000000000e+00	-3.267690439481000e-04	2.620526972514000e-02	7.789099964251000e-04
3.080000000000000e+00	-6.671531877308000e-05	2.539410635147000e-02	7.770453947703000e-04
3.081000000000000e+00	1.930906678294000e-04	2.450875420451000e-02	7.786279342156000e-04
3.082000000000000e+00	4.528966544320000e-04	2.362340205754000e-02	7.802104736609000e-04
3.083000000000000e+00	6.361394119644000e-04	2.270394606247000e-02	7.830121230190000e-04
3.084000000000000e+00	7.428189420870000e-04	2.175038622004000e-02	7.870328822636000e-04
3.085000000000000e+00	8.494984710384000e-04	2.079682637727000e-02	7.910536415081000e-04
3.086000000000000e+00	7.401262909358000e-04	1.978017150328000e-02	7.950782023143000e-04
3.087000000000000e+00	6.307541108333000e-04	1.876351662930000e-02	7.991027631205001e-04
3.088000000000000e+00	4.452153970872000e-04	1.771812022890000e-02	8.019128782164000e-04
3.089000000000000e+00	1.835101513493000e-04	1.664398230270000e-02	8.035085476283000e-04
3.090000000000000e+00	-7.819509438589999e-05	1.556984437623000e-02	8.051042170216000e-04
3.091000000000000e+00	-3.393660941229000e-04	1.444569518323000e-02	8.032639348060000e-04
3.092000000000000e+00	-6.005370938598000e-04	1.332154599022000e-02	8.014236525904000e-04
3.093000000000000e+00	-7.852402023543000e-04	1.217731712380000e-02	7.983682658417000e-04
3.094000000000000e+00	-8.934754212646000e-04	1.101300858439000e-02	7.940977745863000e-04
3.095000000000000e+00	-1.001710639005000e-03	9.848700044836000e-03	7.898272833309000e-04
3.096000000000000e+00	-8.942716420641000e-04	8.655802579876000e-03	7.855532323322000e-04
3.097000000000000e+00	-7.868326451228000e-04	7.462905114917000e-03	7.812791813335000e-04
3.098000000000000e+00	-6.033054283781000e-04	6.261610293456000e-03	7.782158171708000e-04
3.099000000000000e+00	-3.436899934800000e-04	5.051918115675000e-03	7.763631398177000e-04
3.100000000000000e+00	-8.407455858302000e-05	3.842225937861000e-03	7.745104624832000e-04
3.101000000000000e+00	1.753557244715000e-04	2.626263847831000e-03	7.760830371526000e-04
3.102000000000000e+00	4.347860075260000e-04	1.410301757801000e-03	7.776556118220000e-04
3.103000000000000e+00	6.181729740207000e-04	1.955022210803000e-04	7.804395702076000e-04
3.104000000000000e+00	7.255166256046000e-04	-1.018134762354000e-03	7.844349122831000e-04
3.105000000000000e+00	8.328602760249000e-04	-2.231771745737000e-03	7.884302543587000e-04
3.106000000000000e+00	7.255853173372000e-04	-3.435904079302000e-03	7.924294887035000e-04
3.107000000000000e+00	6.183103586496000e-04	-4.640036412868000e-03	7.964287230484000e-04
3.108000000000000e+00	4.353728587894000e-04	-5.835863196902000e-03	7.992212985508000e-04
3.109000000000000e+00	1.767728193976000e-04	-7.023384431586000e-03	8.008072152369000e-04
3.110000000000000e+00	-8.182721999126001e-05	-8.210905666134000e-03	8.023931319046000e-04
3.111000000000000e+00	-3.398841307341000e-04	-9.373442715852000e-03	8.005650033485000e-04
3.112000000000000e+00	-5.979410414769000e-04	-1.053597976557000e-02	7.987368747924000e-04
3.113000000000000e+00	-7.800227095778000e-04	-1.168095007097000e-02	7.957013435983000e-04
3.114000000000000e+00	-8.861291366845000e-04	-1.280835363244000e-02	7.914584097922000e-04
3.115000000000000e+00	-9.922355626296000e-04	-1.393575719366000e-02	7.872154759862000e-04
3.116000000000000e+00	-8.840682855302000e-04	-1.501676191897000e-02	7.829689135823000e-04
3.117000000000000e+00	-7.759010084307000e-04	-1.609776664427000e-02	7.787223511783000e-04
3.118000000000000e+00	-5.921469936264000e-04	-1.715012290687000e-02	7.756787838345000e-04
3.119000000000000e+00	-3.328062427564000e-04	-1.817383070738000e-02	7.738382115248000e-04
3.120000000000000e+00	-7.346549188756000e-05	-1.919753850753000e-02	7.719976392335000e-04
3.121000000000000e+00	1.856556572718000e-04	-2.015489579643000e-02	7.735608017290000e-04
3.122000000000000e+00	4.447768064312000e-04	-2.111225308533000e-02	7.751239642245000e-04
3.123000000000000e+00	6.283200189914000e-04	-2.203315317654000e-02	7.778910864702000e-04
3.124000000000000e+00	7.362852965913000e-04	-2.291759607085000e-02	7.818621684399000e-04
3.125000000000000e+00	8.442505730347000e-04	-2.380203896474000e-02	7.858332504098000e-04
3.126000000000000e+00	7.389200894566000e-04	-2.460896681876000e-02	7.898089475282000e-04
3.127000000000000e+00	6.335896058784000e-04	-2.541589467278000e-02	7.937846446467000e-04
3.128000000000000e+00	4.530513500068000e-04	-2.618206945353000e-02	7.965617127288000e-04
3.129000000000000e+00	1.973053234730000e-04	-2.690749116187000e-02	7.981401518007000e-04
3.130000000000000e+00	-5.844070305829000e-05	-2.763291286975000e-02	7.997185908542000e-04
3.131000000000000e+00	-3.137130149454000e-04	-2.827209147344000e-02	7.979051299332000e-04
3.132000000000000e+00	-5.689853268324001e-04	-2.891127007713000e-02	7.960916690122000e-04
3.133000000000000e+00	-7.488045017984000e-04	-2.950431838507000e-02	7.930784853025000e-04
3.134000000000000e+00	-8.531705414797000e-04	-3.005123639825000e-02	7.888655788298999e-04
3.135000000000000e+00	-9.575365800072000e-04	-3.059815441089000e-02	7.846526723573999e-04
3.136000000000000e+00	-8.490784245685000e-04	-3.104613758028000e-02	7.804357328827000e-04
3.137000000000000e+00	-7.406202691298000e-04	-3.149412074968000e-02	7.762187934080000e-04
3.138000000000000e+00	-5.571029132381000e-04	-3.188969003915000e-02	7.731968388813000e-04
3.139000000000000e+00	-2.985263585209000e-04	-3.223284544983000e-02	7.713698692768000e-04
3.140000000000000e+00	-3.994980380558000e-05	-3.257600085993000e-02	7.695428996907000e-04
3.141000000000000e+00	2.183079021385000e-04	-3.281064581148000e-02	7.710972058308000e-04
3.142000000000000e+00	4.765656080825000e-04	-3.304529076303000e-02	7.726515119709000e-04
3.143000000000000e+00	6.596714718906000e-04	-3.322524386196000e-02	7.754017509660000e-04
3.144000000000000e+00	7.676254951924000e-04	-3.335050510947000e-02	7.793479227903000e-04
3.145000000000000e+00	8.755795173444999e-04	-3.347576635640000e-02	7.832940946146000e-04
3.146000000000000e+00	7.714760082784000e-04	-3.349301254181000e-02	7.872442628094000e-04
3.147000000000000e+00	6.673724992122000e-04	-3.351025872723000e-02	7.911944310043000e-04
3.148000000000000e+00	4.884767086606999e-04	-3.347460672585000e-02	7.939533717365000e-04
3.149000000000000e+00	2.347886382458000e-04	-3.338605653882000e-02	7.955210850320999e-04
3.150000000000000e+00	-1.889943216711000e-05	-3.329750635122000e-02	7.970887983093000e-04
3.151000000000000e+00	-2.722457418299000e-04	-3.310483302838000e-02	7.952858490238000e-04
3.152000000000000e+00	-5.255920514927000e-04	-3.291215970554000e-02	7.934828997383000e-04
3.153000000000000e+00	-7.040291650263000e-04	-3.266769790884000e-02	7.904877349120001e-04
3.154000000000000e+00	-8.075570840553000e-04	-3.237144763940000e-02	7.863003545708000e-04
3.155000000000000e+00	-9.110850019386000e-04	-3.207519736940000e-02	7.821129742296001e-04
3.156000000000000e+00	-8.032678951466001e-04	-3.167535759986000e-02	7.779214488815000e-04
3.157000000000000e+00	-6.954507883546000e-04	-3.127551783033000e-02	7.737299235333000e-04
3.158000000000000e+00	-5.131141985962999e-04	-3.082428603836000e-02	7.707257868160000e-04
3.159000000000000e+00	-2.562581274875000e-04	-3.032166222506000e-02	7.689090387040000e-04
3.160000000000000e+00	5.979436187349000e-07	-2.981903841123000e-02	7.670922906102000e-04
3.161000000000000e+00	2.570102117467000e-04	-2.921662131378000e-02	7.686354802893000e-04
3.162000000000000e+00	5.134224798746000e-04	-2.861420421633000e-02	7.701786699685000e-04
3.163000000000000e+00	6.950953911621000e-04	-2.796475003105000e-02	7.729103321018000e-04
3.164000000000000e+00	8.020289472300000e-04	-2.726825875896000e-02	7.768304666633000e-04
3.165000000000000e+00	9.089625021548000e-04	-2.657176748641000e-02	7.807506012248000e-04
3.166000000000000e+00	8.050546777360000e-04	-2.578903364693000e-02	7.846750478796000e-04
3.167000000000000e+00	7.011468533172000e-04	-2.500629980745000e-02	7.885994945343000e-04
3.168000000000000e+00	5.228585611870000e-04	-2.418469973131000e-02	7.913404470535000e-04
3.169000000000000e+00	2.701898029584000e-04	-2.332423341937000e-02	7.928979054630000e-04
3.170000000000000e+00	1.752104473095000e-05	-2.246376710705000e-02	7.944553638543000e-04
3.171000000000000e+00	-2.349237943346000e-04	-2.153332052917000e-02	7.926638448926000e-04
3.172000000000000e+00	-4.873686334001000e-04	-2.060287395130000e-02	7.908723259308000e-04
3.173000000000000e+00	-6.654305866754001e-04	-1.964062142237000e-02	7.878962683980000e-04
3.174000000000000e+00	-7.691096557737000e-04	-1.864656294309000e-02	7.837356723197001e-04
3.175000000000000e+00	-8.727887237340000e-04	-1.765250446349000e-02	7.795750762414000e-04
3.176000000000000e+00	-7.665531010698000e-04	-1.660033734515000e-02	7.754105203275000e-04
3.177000000000000e+00	-6.603174784056000e-04	-1.554817022681000e-02	7.712459644135000e-04
3.178000000000000e+00	-4.800763298019000e-04	-1.446993013410000e-02	7.682613139268000e-04
3.179000000000000e+00	-2.258296568633000e-04	-1.336561706760000e-02	7.664565688415000e-04
3.180000000000000e+00	2.841701607241000e-05	-1.226130400086000e-02	7.646518237744000e-04
3.181000000000000e+00	2.821407166583000e-04	-1.111258504523000e-02	7.661857299340000e-04
3.182000000000000e+00	5.358644172443000e-04	-9.963866089590000e-03	7.677196360937000e-04
3.183000000000000e+00	7.152804373395000e-04	-8.797953913025000e-03	7.704344438956000e-04
3.184000000000000e+00	8.203887785555000e-04	-7.614848515904000e-03	7.743301533144000e-04
3.185000000000000e+00	9.254971186352000e-04	-6.431743118659000e-03	7.782258627332000e-04
3.186000000000000e+00	8.210166838684000e-04	-5.225903956349000e-03	7.821257097912000e-04
3.187000000000000e+00	7.165362491015000e-04	-4.020064794037000e-03	7.860255568492000e-04
3.188000000000000e+00	5.381089183054000e-04	-2.808773955617000e-03	7.887493376887000e-04
3.189000000000000e+00	2.857346930841000e-04	-1.592031441207000e-03	7.902970523352000e-04
3.190000000000000e+00	3.336046786355000e-05	-3.752889267951000e-04	7.918447669638000e-04
3.191000000000000e+00	-2.188499937448000e-04	8.418027196286000e-04	7.900647142127000e-04
3.192000000000000e+00	-4.710604553529000e-04	2.058894366051000e-03	7.882846614617000e-04
3.193000000000000e+00	-6.493778000157000e-04	3.271843800095000e-03	7.853277037288000e-04
3.194000000000000e+00	-7.538020293358000e-04	4.480651021849000e-03	7.811938410397000e-04
3.195000000000000e+00	-8.582262575250000e-04	5.689458243520000e-03	7.770599783505000e-04
3.196000000000000e+00	-7.540826157886000e-04	6.882770795136000e-03	7.729227630880000e-04
3.197000000000000e+00	-6.499389740523001e-04	8.076083346752000e-03	7.687855478255000e-04
3.198000000000000e+00	-4.722606749713000e-04	9.258103821040999e-03	7.658211746763000e-04
3.199000000000000e+00	-2.210477201405000e-04	1.042883221825000e-02	7.640296436149000e-04
3.200000000000000e+00	3.016523468748000e-05	1.159956061529000e-02	7.622381125716000e-04
3.201000000000000e+00	2.808592250905000e-04	1.273943557698000e-02	7.637649175056000e-04
3.202000000000000e+00	5.315532154935000e-04	1.387931053867000e-02	7.652917224397001e-04
3.203000000000000e+00	7.084111852470000e-04	1.499878706596000e-02	7.679922235474000e-04
3.204000000000000e+00	8.114331359519000e-04	1.609786515929000e-02	7.718664208035000e-04
3.205000000000000e+00	9.144550855278000e-04	1.719694325235000e-02	7.757406180596001e-04
3.206000000000000e+00	8.092225751689000e-04	1.824424891610000e-02	7.796189614294000e-04
3.207000000000000e+00	7.039900648099000e-04	1.929155457985000e-02	7.834973047992000e-04
3.208000000000000e+00	5.252891351776000e-04	2.030769102753000e-02	7.862067669269000e-04
3.209000000000000e+00	2.731197878654000e-04	2.129265825982000e-02	7.877473478378000e-04
3.210000000000000e+00	2.095044055424000e-05	2.227762549173000e-02	7.892879287308000e-04
3.211000000000000e+00	-2.310145519249000e-04	2.319153340072000e-02	7.875208986235000e-04
3.212000000000000e+00	-4.829795444038000e-04	2.410544130970000e-02	7.857538685162000e-04
3.213000000000000e+00	-6.614871896698000e-04	2.498069496408000e-02	7.828168880506001e-04
3.214000000000000e+00	-7.665374893157000e-04	2.581729436469000e-02	7.787099572519000e-04
3.215000000000000e+00	-8.715877878376000e-04	2.665389376485000e-02	7.746030264532000e-04
3.216000000000000e+00	-7.693110921418000e-04	2.740889459531000e-02	7.704919948301000e-04
3.217000000000000e+00	-6.670343964460000e-04	2.816389542576000e-02	7.663809632070000e-04
3.218000000000000e+00	-4.916471901065000e-04	2.887627293941000e-02	7.634351511997000e-04
3.219000000000000e+00	-2.431494747087000e-04	2.954602713719000e-02	7.616545587830000e-04
3.220000000000000e+00	5.348240686655000e-06	3.021578133449000e-02	7.598739663840001e-04
3.221000000000000e+00	2.534058974106000e-04	3.079596351408000e-02	7.613906179100000e-04
3.222000000000000e+00	5.014635541346000e-04	3.137614569368000e-02	7.629072694359000e-04
3.223000000000000e+00	6.761858972594000e-04	3.190877947561000e-02	7.655901891938000e-04
3.224000000000000e+00	7.775729283752000e-04	3.239386486090000e-02	7.694393771582000e-04
3.225000000000000e+00	8.789599583695000e-04	3.287895024565000e-02	7.732885651227000e-04
3.226000000000000e+00	7.734768231449001e-04	3.326281827375000e-02	7.771417368593000e-04
3.227000000000000e+00	6.679936879204000e-04	3.364668630185000e-02	7.809949085959000e-04
3.228000000000000e+00	4.895470004414000e-04	3.397728495977000e-02	7.836864166556000e-04
3.229000000000000e+00	2.381367622905000e-04	3.425461424868000e-02	7.852162610638000e-04
3.230000000000000e+00	-1.327347585881000e-05	3.453194353699000e-02	7.867461054540000e-04
3.231000000000000e+00	-2.643760450652000e-04	3.469959772691000e-02	7.849888046806000e-04
3.232000000000000e+00	-5.154786142717000e-04	3.486725191683000e-02	7.832315039072000e-04
3.233000000000000e+00	-6.935235429314000e-04	3.497988247456000e-02	7.803114986569000e-04
3.234000000000000e+00	-7.985108326289000e-04	3.503748940129000e-02	7.762287889549000e-04
3.235000000000000e+00	-9.034981212087000e-04	3.509509632744000e-02	7.721460792528000e-04
3.236000000000000e+00	-8.023255900943000e-04	3.504449264162000e-02	7.680593696325000e-04
3.237000000000000e+00	-7.011530589799000e-04	3.499388895581000e-02	7.639726600122000e-04
3.238000000000000e+00	-5.272618609717000e-04	3.489052417020000e-02	7.610440626442000e-04
3.239000000000000e+00	-2.806519976465000e-04	3.473439828595000e-02	7.592735775034000e-04
3.240000000000000e+00	-3.404213432290000e-05	3.457827240114000e-02	7.575030923803000e-04
3.241000000000000e+00	2.122545136945000e-04	3.431880351322000e-02	7.590098070247000e-04
3.242000000000000e+00	4.585511617119000e-04	3.405933462530000e-02	7.605165216692000e-04
3.243000000000000e+00	6.320286112369000e-04	3.374874422751000e-02	7.631825139704000e-04
3.244000000000000e+00	7.326868638487000e-04	3.338703232096000e-02	7.670077839032001e-04
3.245000000000000e+00	8.333451153464000e-04	3.302532041387000e-02	7.708330538361000e-04
3.246000000000000e+00	7.285376707043000e-04	3.256193410643000e-02	7.746627020166000e-04
3.247000000000000e+00	6.237302260622000e-04	3.209854779899000e-02	7.784923501972000e-04
3.248000000000000e+00	4.464734432091000e-04	3.158500986193000e-02	7.811676498007000e-04
3.249000000000000e+00	1.967673237164000e-04	3.102132029634000e-02	7.826886008522001e-04
3.250000000000000e+00	-5.293879577389000e-05	3.045763073022000e-02	7.842095518860000e-04
3.251000000000000e+00	-3.022106971158000e-04	2.979713640298000e-02	7.824637202499000e-04
3.252000000000000e+00	-5.514825984578000e-04	2.913664207574000e-02	7.807178886137000e-04
3.253000000000000e+00	-7.280832336156999e-04	2.843082006173000e-02	7.778164610085000e-04
3.254000000000000e+00	-8.320126041657000e-04	2.767967036194000e-02	7.737594374594000e-04
3.255000000000000e+00	-9.359419736042000e-04	2.692852066169000e-02	7.697024139102000e-04
3.256000000000000e+00	-8.348566697582000e-04	2.609491261741000e-02	7.656411706233000e-04
3.257000000000000e+00	-7.337713659122000e-04	2.526130457313000e-02	7.615799273362999e-04
3.258000000000000e+00	-5.603559096935000e-04	2.439089025905000e-02	7.586695435917999e-04
3.259000000000000e+00	-3.146103026708000e-04	2.348366967596000e-02	7.569100193648000e-04
3.260000000000000e+00	-6.886469564902001e-05	2.257644909252000e-02	7.551504951555000e-04
3.261000000000000e+00	1.766783989414000e-04	2.160370927817000e-02	7.566478878492000e-04
3.262000000000000e+00	4.222214935318000e-04	2.063096946383000e-02	7.581452805428000e-04
3.263000000000000e+00	5.954421054118000e-04	1.962883380491000e-02	7.607948683646000e-04
3.264000000000000e+00	6.963402361496000e-04	1.859730230206000e-02	7.645966512895000e-04
3.265000000000000e+00	7.972383657808000e-04	1.756577079891000e-02	7.683984342145000e-04
3.266000000000000e+00	6.940216744479001e-04	1.648130936385000e-02	7.722048885378001e-04
3.267000000000000e+00	5.908049831149000e-04	1.539684792879000e-02	7.760113428612000e-04
3.268000000000000e+00	4.156247516360000e-04	1.428906144989000e-02	7.786707887216000e-04
3.269000000000000e+00	1.684809815718000e-04	1.315794992764000e-02	7.801832261441000e-04
3.270000000000000e+00	-7.866278848965000e-05	1.202683840518000e-02	7.816956635489000e-04
3.271000000000000e+00	-3.252965308521000e-04	1.085705263024000e-02	7.799619606449000e-04
3.272000000000000e+00	-5.719302732147000e-04	9.687266855309001e-03	7.782282577409000e-04
3.273000000000000e+00	-7.463001512921000e-04	8.503222301042000e-03	7.753463336942000e-04
3.274000000000000e+00	-8.484061666515000e-04	7.304918967750000e-03	7.713161885298000e-04
3.275000000000000e+00	-9.505121809058000e-04	6.106615634368000e-03	7.672860433653000e-04
3.276000000000000e+00	-8.487868594768000e-04	4.891500889720000e-03	7.632521523607000e-04
3.277000000000000e+00	-7.470615380479000e-04	3.676386145074000e-03	7.592182613561000e-04
3.278000000000000e+00	-5.734161810265000e-04	2.458784341927000e-03	7.563282969019000e-04
3.279000000000000e+00	-3.278507899724000e-04	1.238695480335000e-03	7.545822589735000e-04
3.280000000000000e+00	-8.228539891904000e-05	1.860661877310000e-05	7.528362210627000e-04
3.281000000000000e+00	1.631323366810000e-04	-1.195904581134000e-03	7.543271241434000e-04
3.282000000000000e+00	4.085500722811000e-04	-2.410415781042000e-03	7.558180272240000e-04
3.283000000000000e+00	5.821066871192000e-04	-3.617819640960000e-03	7.584539152983000e-04
3.284000000000000e+00	6.838021827537000e-04	-4.818116161045000e-03	7.622347883413000e-04
3.285000000000000e+00	7.854976772883000e-04	-6.018412681013000e-03	7.660156613844000e-04
3.286000000000000e+00	6.843475597162000e-04	-7.197290674183000e-03	7.698006107315000e-04
3.287000000000000e+00	5.831974421442000e-04	-8.376168667354000e-03	7.735855600787000e-04
3.288000000000000e+00	4.105268235311000e-04	-9.540819448764001e-03	7.762301503364001e-04
3.289000000000000e+00	1.663357054280000e-04	-1.069124301872000e-02	7.777343815294000e-04
3.290000000000000e+00	-7.785541267231000e-05	-1.184166658848000e-02	7.792386127048000e-04
3.291000000000000e+00	-3.215443551649000e-04	-1.295550390315000e-02	7.775157835327000e-04
3.292000000000000e+00	-5.652332976576000e-04	-1.406934121781000e-02	7.757929543606000e-04
3.293000000000000e+00	-7.371062297336000e-04	-1.516003135468000e-02	7.729285921157000e-04
3.294000000000000e+00	-8.371631529505000e-04	-1.622757431426000e-02	7.689226968227000e-04
3.295000000000000e+00	-9.372200750692000e-04	-1.729511727352000e-02	7.649168015297000e-04
3.296000000000000e+00	-8.347111921858000e-04	-1.830570601758000e-02	7.609067377534000e-04
3.297000000000000e+00	-7.322023093024000e-04	-1.931629476164000e-02	7.568966739771000e-04
3.298000000000000e+00	-5.582281665876000e-04	-2.029330159098000e-02	7.540234482072000e-04
3.299000000000000e+00	-3.127887655913000e-04	-2.123672650634000e-02	7.522870604191000e-04
3.300000000000000e+00	-6.734936459588000e-05	-2.218015142129000e-02	7.505506726485001e-04
3.301000000000000e+00	1.778976394736000e-04	-2.304804896155000e-02	7.520314406215000e-04
3.302000000000000e+00	4.231446435432000e-04	-2.391594650181000e-02	7.535122085944000e-04
3.303000000000000e+00	5.969382012970000e-04	-2.474312596611000e-02	7.561309961400000e-04
3.304000000000000e+00	6.992783142848000e-04	-2.552958735536000e-02	7.598878032334000e-04
3.305000000000000e+00	8.016184261790000e-04	-2.631604874414000e-02	7.636446103268000e-04
3.306000000000000e+00	7.022747267165000e-04	-2.701712021620000e-02	7.674054794767000e-04
3.307000000000000e+00	6.029310272539000e-04	-2.771819168826000e-02	7.711663486265000e-04
3.308000000000000e+00	4.324607969825000e-04	-2.837492739361000e-02	7.737937859781000e-04
3.309000000000000e+00	1.908640374449000e-04	-2.898732733324000e-02	7.752877915560000e-04
3.310000000000000e+00	-5.073272209043000e-05	-2.959972727236000e-02	7.767817971165000e-04
3.311000000000000e+00	-2.919179783212000e-04	-3.011956066858000e-02	7.750683560119000e-04
3.312000000000000e+00	-5.331032345521000e-04	-3.063939406480000e-02	7.733549149073000e-04
3.313000000000000e+00	-7.029542419590000e-04	-3.111043473850000e-02	7.705069226364000e-04
3.314000000000000e+00	-8.014710020891000e-04	-3.153268269074000e-02	7.665243792239000e-04
3.315000000000000e+00	-8.999877611282000e-04	-3.195493064242000e-02	7.625418358114000e-04
3.316000000000000e+00	-7.972632427305000e-04	-3.227403455506000e-02	7.585554051267000e-04
3.317000000000000e+00	-6.945387243328000e-04	-3.259313846770000e-02	7.545689744418999e-04
3.318000000000000e+00	-5.208329163179000e-04	-3.285829813248000e-02	7.517126907304000e-04
3.319000000000000e+00	-2.761458202252000e-04	-3.306951355058000e-02	7.499865539675000e-04
3.320000000000000e+00	-3.145872413406000e-05	-3.328072896808000e-02	7.482604172219000e-04
3.321000000000000e+00	2.129282062856000e-04	-3.338147041075000e-02	7.497324089541000e-04
3.322000000000000e+00	4.573151367052000e-04	-3.348221185342000e-02	7.512044006863000e-04
3.323000000000000e+00	6.306229240253000e-04	-3.352778301648000e-02	7.538077166887000e-04
3.324000000000000e+00	7.328515697872000e-04	-3.351818390112000e-02	7.575423569368000e-04
3.325000000000000e+00	8.350802144616000e-04	-3.350858478518000e-02	7.612769971850000e-04
3.326000000000000e+00	7.367230054990000e-04	-3.339095334632000e-02	7.650158627245000e-04
3.327000000000000e+00	6.383657965364000e-04	-3.327332190747000e-02	7.687547282640000e-04
3.328000000000000e+00	4.692497563818000e-04	-3.310325366262000e-02	7.713669800893000e-04
3.329000000000000e+00	2.293748865698000e-04	-3.288074861292000e-02	7.728526182248000e-04
3.330000000000000e+00	-1.049998324071000e-05	-3.265824356265000e-02	7.743382563430000e-04
3.331000000000000e+00	-2.500901122960000e-04	-3.233354559196000e-02	7.726355487115000e-04
3.332000000000000e+00	-4.896802413513000e-04	-3.200884762127000e-02	7.709328410799000e-04
3.333000000000000e+00	-6.584283470599000e-04	-3.163387493732000e-02	7.681022581723001e-04
3.334000000000000e+00	-7.563344309583000e-04	-3.120862754121000e-02	7.641438000131000e-04
3.335000000000000e+00	-8.542405137728001e-04	-3.078338014455000e-02	7.601853418538000e-04
3.336000000000000e+00	-7.522427214463000e-04	-3.025871795369000e-02	7.562227740789000e-04
3.337000000000000e+00	-6.502449291198000e-04	-2.973405576283000e-02	7.522602063040000e-04
3.338000000000000e+00	-4.777566154685000e-04	-2.916064565354000e-02	7.494209684396000e-04
3.339000000000000e+00	-2.347777820209000e-04	-2.853848762688000e-02	7.477050604614000e-04
3.340000000000000e+00	8.201051424538999e-06	-2.791632959971000e-02	7.459891525005000e-04
3.341000000000000e+00	2.507525400584000e-04	-2.720066354161000e-02	7.474523864020000e-04
3.342000000000000e+00	4.933040286923000e-04	-2.648499748350000e-02	7.489156203036000e-04
3.343000000000000e+00	6.651390803369000e-04	-2.572585822346000e-02	7.515036263746000e-04
3.344000000000000e+00	7.662576965258000e-04	-2.492324576242000e-02	7.552164045907000e-04
3.345000000000000e+00	8.673763116330000e-04	-2.412063330095000e-02	7.589291828069000e-04
3.346000000000000e+00	7.689886859062000e-04	-2.323961850351000e-02	7.626467919038999e-04
3.347000000000000e+00	6.706010601794000e-04	-2.235860370607000e-02	7.663644010009000e-04
3.348000000000000e+00	5.018210224547001e-04	-2.144296819402000e-02	7.689624689101000e-04
3.349000000000000e+00	2.626485742588000e-04	-2.049271196811000e-02	7.704409956559000e-04
3.350000000000000e+00	2.347612606396000e-05	-1.954245574187000e-02	7.719195223844999e-04
3.351000000000000e+00	-2.155176284072000e-04	-1.853136783784000e-02	7.702293057799000e-04
3.352000000000000e+00	-4.545113828785000e-04	-1.752027993381000e-02	7.685390891753000e-04
3.353000000000000e+00	-6.231333261234000e-04	-1.648230490826000e-02	7.657278835559000e-04
3.354000000000000e+00	-7.213834596682000e-04	-1.541744276175000e-02	7.617956889459000e-04
3.355000000000000e+00	-8.196335921361000e-04	-1.435258061498000e-02	7.578634943359000e-04
3.356000000000000e+00	-7.192574135487000e-04	-1.324013169460000e-02	7.539272117206000e-04
3.357000000000000e+00	-6.188812349611000e-04	-1.212768277422000e-02	7.499909291053000e-04
3.358000000000000e+00	-4.484730640950000e-04	-1.099472198038000e-02	7.471711327107000e-04
3.359000000000000e+00	-2.080329024691000e-04	-9.841249313524999e-03	7.454678225126000e-04
3.360000000000000e+00	3.240725915420000e-05	-8.687776646488000e-03	7.437645123317000e-04
3.361000000000000e+00	2.723527928862000e-04	-7.501458948019000e-03	7.452208976318000e-04
3.362000000000000e+00	5.122983266181000e-04	-6.315141249550000e-03	7.466772829320000e-04
3.363000000000000e+00	6.819162846815000e-04	-5.117532617121000e-03	7.492514367617000e-04
3.364000000000000e+00	7.812066686015000e-04	-3.908633050977000e-03	7.529433590969000e-04
3.365000000000000e+00	8.804970514460000e-04	-2.699733484773000e-03	7.566352814321000e-04
3.366000000000000e+00	7.814094072235000e-04	-1.479982362144000e-03	7.603313824114000e-04
3.367000000000000e+00	6.823217630010000e-04	-2.602312395154000e-04	7.640274833908000e-04
3.368000000000000e+00	5.132343915133000e-04	9.590383960202000e-04	7.666104197579000e-04
3.369000000000000e+00	2.741472942783000e-04	2.177826544474000e-03	7.680801915370000e-04
3.370000000000000e+00	3.506019704410000e-05	3.396614692865000e-03	7.695499632991000e-04
3.371000000000000e+00	-2.038913184193000e-04	4.603922277329000e-03	7.678693647694000e-04
3.372000000000000e+00	-4.428428338827000e-04	5.811229861794000e-03	7.661887662396999e-04
3.373000000000000e+00	-6.118553459883000e-04	7.008494118970000e-03	7.633936669598000e-04
3.374000000000000e+00	-7.109288562528000e-04	8.195715049073999e-03	7.594840669539000e-04
3.375000000000000e+00	-8.100023654469001e-04	9.382935979031001e-03	7.555744669480000e-04
3.376000000000000e+00	-7.116445822068000e-04	1.054290869157000e-02	7.516605813908000e-04
3.377000000000000e+00	-6.132867989667000e-04	1.170288140411000e-02	7.477466958336000e-04
3.378000000000000e+00	-4.453138767230000e-04	1.284575639160000e-02	7.449426140179000e-04
3.379000000000000e+00	-2.077258169853000e-04	1.397153365441000e-02	7.432483359196000e-04
3.380000000000000e+00	2.986224274973000e-05	1.509731091699000e-02	7.415540578383000e-04
3.381000000000000e+00	2.669672126459000e-04	1.618093035101000e-02	7.430007052719000e-04
3.382000000000000e+00	5.040721825420000e-04	1.726454978503000e-02	7.444473527056000e-04
3.383000000000000e+00	6.712753399639000e-04	1.832236786562000e-02	7.470051563593999e-04
3.384000000000000e+00	7.685766864278000e-04	1.935438459334000e-02	7.506741162093000e-04
3.385000000000000e+00	8.658780318225000e-04	2.038640132072000e-02	7.543430760592000e-04
3.386000000000000e+00	7.660028714469000e-04	2.135649560075000e-02	7.580162549885000e-04
3.387000000000000e+00	6.661277110712001e-04	2.232658988077000e-02	7.616894339177000e-04
3.388000000000000e+00	4.966851777225999e-04	2.326080770604000e-02	7.642560911904000e-04
3.389000000000000e+00	2.576752729099000e-04	2.415914907733000e-02	7.657162268305000e-04
3.390000000000000e+00	1.866536809825000e-05	2.505749044819000e-02	7.671763624536000e-04
3.391000000000000e+00	-2.201624804043000e-04	2.587609561787000e-02	7.655049317099000e-04
3.392000000000000e+00	-4.589903289069000e-04	2.669470078756000e-02	7.638335009662000e-04
3.393000000000000e+00	-6.282626184879000e-04	2.747066550643000e-02	7.610542811868000e-04
3.394000000000000e+00	-7.279793506558000e-04	2.820398977541000e-02	7.571672723959000e-04
3.395000000000000e+00	-8.276960817592000e-04	2.893731404391000e-02	7.532802636050000e-04
3.396000000000000e+00	-7.310749758035000e-04	2.958176333463000e-02	7.493893154632999e-04
3.397000000000000e+00	-6.344538698479000e-04	3.022621262535000e-02	7.454983673216000e-04
3.398000000000000e+00	-4.685864274811000e-04	3.082477731372000e-02	7.427108475981000e-04
3.399000000000000e+00	-2.334726502050000e-04	3.137745740075000e-02	7.410267562688000e-04
3.400000000000000e+00	1.641127068963000e-06	3.193013748725000e-02	7.393426649564999e-04
3.401000000000000e+00	2.363680712391000e-04	3.238760008837000e-02	7.407812772563000e-04
3.402000000000000e+00	4.710950154092000e-04	3.284506268949000e-02	7.422198895561000e-04
3.403000000000000e+00	6.363822708578000e-04	3.325266544889000e-02	7.447631957349000e-04
3.404000000000000e+00	7.322298390909000e-04	3.361040836765000e-02	7.484111957688000e-04
3.405000000000000e+00	8.280774062619000e-04	3.396815128583000e-02	7.520591958027000e-04
3.406000000000000e+00	7.280151365176000e-04	3.422118392856000e-02	7.557113786718000e-04
3.407000000000000e+00	6.279528667732000e-04	3.447421657128000e-02	7.593635615410000e-04
3.408000000000000e+00	4.587874467876000e-04	3.467281188575000e-02	7.619156403588000e-04
3.409000000000000e+00	2.205188780593000e-04	3.481696987314000e-02	7.633676151492000e-04
3.410000000000000e+00	-1.774969066738000e-05	3.496112785993000e-02	7.648195899227000e-04
3.411000000000000e+00	-2.557238413617000e-04	3.499437877499000e-02	7.631581261336000e-04
3.412000000000000e+00	-4.936979920560000e-04	3.502762969004000e-02	7.614966623444000e-04
3.413000000000000e+00	-6.624668987082000e-04	3.500574757334000e-02	7.587337898739001e-04
3.414000000000000e+00	-7.620305628189000e-04	3.492873242608000e-02	7.548695087458000e-04
3.415000000000000e+00	-8.615942258707000e-04	3.485171727823000e-02	7.510052276177000e-04
3.416000000000000e+00	-7.658534104022000e-04	3.466721691584000e-02	7.471369356693000e-04
3.417000000000000e+00	-6.701125949336000e-04	3.448271655345000e-02	7.432686437209000e-04
3.418000000000000e+00	-5.054710972542999e-04	3.424628715050000e-02	7.404973857602001e-04
3.419000000000000e+00	-2.719289188586000e-04	3.395792870812000e-02	7.388231617634000e-04
3.420000000000000e+00	-3.838674046438000e-05	3.366957026520000e-02	7.371489377833999e-04
3.421000000000000e+00	1.948932292317000e-04	3.328052925402000e-02	7.385795328080000e-04
3.422000000000000e+00	4.281731989277000e-04	3.289148824285000e-02	7.400101278326000e-04
3.423000000000000e+00	5.924819243388000e-04	3.245319334729000e-02	7.425392500907000e-04
3.424000000000000e+00	6.878194069608000e-04	3.196564456841000e-02	7.461668995585000e-04
3.425000000000000e+00	7.831568885277000e-04	3.147809578901000e-02	7.497945490262000e-04
3.426000000000000e+00	6.838559092679000e-04	3.089372303273000e-02	7.534270148545000e-04
3.427000000000000e+00	5.845549300082000e-04	3.030935027644000e-02	7.570594806828000e-04
3.428000000000000e+00	4.166180779814000e-04	2.967778917695000e-02	7.595985527967000e-04
3.429000000000000e+00	1.800453546758000e-04	2.899903973526000e-02	7.610442312198000e-04
3.430000000000000e+00	-5.652736862739000e-05	2.832029029310000e-02	7.624899096261000e-04
3.431000000000000e+00	-2.926800746735000e-04	2.755162118967000e-02	7.608406671932000e-04
3.432000000000000e+00	-5.288327807197000e-04	2.678295208624000e-02	7.591914247602999e-04
3.433000000000000e+00	-6.961210048851999e-04	2.597280019591000e-02	7.564472210916000e-04
3.434000000000000e+00	-7.945447486633000e-04	2.512116551957000e-02	7.526080562109000e-04
3.435000000000000e+00	-8.929684913881000e-04	2.426953084283000e-02	7.487688913302000e-04
3.436000000000000e+00	-7.971040465844001e-04	2.334380158768000e-02	7.449254902239000e-04
3.437000000000000e+00	-7.012396017805999e-04	2.241807233254000e-02	7.410820891176000e-04
3.438000000000000e+00	-5.368179282531000e-04	2.146002271213000e-02	7.383290953626000e-04
3.439000000000000e+00	-3.038390274887000e-04	2.046965272717000e-02	7.366665089352001e-04
3.440000000000000e+00	-7.086012672512000e-05	1.947928274191000e-02	7.350039225245000e-04
3.441000000000000e+00	1.619649464549000e-04	1.843297233291000e-02	7.364274909845000e-04
3.442000000000000e+00	3.947900196349000e-04	1.738666192392000e-02	7.378510594445000e-04
3.443000000000000e+00	5.590931302798000e-04	1.631605989383000e-02	7.403664630397000e-04
3.444000000000000e+00	6.548742798757000e-04	1.522116624318000e-02	7.439737017463001e-04
3.445000000000000e+00	7.506554284229000e-04	1.412627259230000e-02	7.475809404529999e-04
3.446000000000000e+00	6.530145302285000e-04	1.298927552296000e-02	7.511924284742000e-04
3.447000000000000e+00	5.553736320341000e-04	1.185227845361000e-02	7.548039164954000e-04
3.448000000000000e+00	3.895328696231000e-04	1.069763556653000e-02	7.573281453447000e-04
3.449000000000000e+00	1.554922444744000e-04	9.525346862077001e-03	7.587651150456000e-04
3.450000000000000e+00	-7.854838067156000e-05	8.353058157481000e-03	7.602020847298000e-04
3.451000000000000e+00	-3.121057578962000e-04	7.153826042313000e-03	7.585617781573000e-04
3.452000000000000e+00	-5.456631351209000e-04	5.954593927144000e-03	7.569214715847000e-04
3.453000000000000e+00	-7.107265723498000e-04	4.747059269396000e-03	7.541924450123000e-04
3.454000000000000e+00	-8.072960710683000e-04	3.531222069248000e-03	7.503746984639000e-04
3.455000000000000e+00	-9.038655687393000e-04	2.315384869074000e-03	7.465569519154000e-04
3.456000000000000e+00	-8.072229814196000e-04	1.094667271824000e-03	7.427348536249000e-04
3.457000000000000e+00	-7.105803940999000e-04	-1.260503254258000e-04	7.389127553343000e-04
3.458000000000000e+00	-5.457570680529000e-04	-1.343327179237000e-03	7.361747098580000e-04
3.459000000000000e+00	-3.127530047572000e-04	-2.557163289684000e-03	7.345207171724000e-04
3.460000000000000e+00	-7.974894146219000e-05	-3.770999400037000e-03	7.328667245035000e-04
3.461000000000000e+00	1.531327128371000e-04	-4.967502184520000e-03	7.342809993403000e-04
3.462000000000000e+00	3.860143671362000e-04	-6.164004969003000e-03	7.356952741770000e-04
3.463000000000000e+00	5.507794361594999e-04	-7.347570363376000e-03	7.381950825385000e-04
3.464000000000000e+00	6.474279213840000e-04	-8.518198367919999e-03	7.417804244012000e-04
3.465000000000000e+00	7.440764055660000e-04	-9.688826372285001e-03	7.453657662639000e-04
3.466000000000000e+00	6.484256502008000e-04	-1.082649510079000e-02	7.489554169776000e-04
3.467000000000000e+00	5.527748948357000e-04	-1.196416382929000e-02	7.525450676913000e-04
3.468000000000000e+00	3.893142407604000e-04	-1.308194049903000e-02	7.550538139008001e-04
3.469000000000000e+00	1.580436894453000e-04	-1.417982511046000e-02	7.564816556294999e-04
3.470000000000000e+00	-7.322686186713000e-05	-1.527770972162000e-02	7.579094973415999e-04
3.471000000000000e+00	-3.040360064709000e-04	-1.632804787654000e-02	7.562780445926000e-04
3.472000000000000e+00	-5.348451510747000e-04	-1.737838603147000e-02	7.546465918437000e-04
3.473000000000000e+00	-6.975695782296000e-04	-1.840037337551000e-02	7.519328405743000e-04
3.474000000000000e+00	-7.922092894118000e-04	-1.939400990928000e-02	7.481367908081000e-04
3.475000000000000e+00	-8.868489995528000e-04	-2.038764644268000e-02	7.443407410419000e-04
3.476000000000000e+00	-7.894265563019000e-04	-2.131462472683000e-02	7.405406845937000e-04
3.477000000000000e+00	-6.920041130509000e-04	-2.224160301098000e-02	7.367406281455000e-04
3.478000000000000e+00	-5.268156806416000e-04	-2.313053710355000e-02	7.340185334052000e-04
3.479000000000000e+00	-2.938612605437000e-04	-2.398142700535000e-02	7.323744003496000e-04
3.480000000000000e+00	-6.090684044670000e-05	-2.483231690669000e-02	7.307302673105000e-04
3.481000000000000e+00	1.718731226039000e-04	-2.559953640630000e-02	7.321369679789000e-04
3.482000000000000e+00	4.046530856546000e-04	-2.636675590591000e-02	7.335436686473000e-04
3.483000000000000e+00	5.696768695886000e-04	-2.708956060761000e-02	7.360297033364000e-04
3.484000000000000e+00	6.669444758754000e-04	-2.776795051237000e-02	7.395950720227000e-04
3.485000000000000e+00	7.642120811253000e-04	-2.844634041663000e-02	7.431604407090000e-04
3.486000000000000e+00	6.702118981984000e-04	-2.903268722338000e-02	7.467300170138000e-04
3.487000000000000e+00	5.762117152715000e-04	-2.961903403014000e-02	7.502995933186000e-04
3.488000000000000e+00	4.147485686758000e-04	-3.015811503795000e-02	7.527943655644000e-04
3.489000000000000e+00	1.858224598744000e-04	-3.064993024785000e-02	7.542143337745000e-04
3.490000000000000e+00	-4.310364892506000e-05	-3.114174545721000e-02	7.556343019682000e-04
3.491000000000000e+00	-2.716665501849000e-04	-3.153604133817000e-02	7.540122606976999e-04
3.492000000000000e+00	-5.002294514448000e-04	-3.193033721913000e-02	7.523902194272000e-04
3.493000000000000e+00	-6.611503946890000e-04	-3.227388491420000e-02	7.496919793522000e-04
3.494000000000000e+00	-7.544293813846000e-04	-3.256668442449000e-02	7.459175404958000e-04
3.495000000000000e+00	-8.477083670454000e-04	-3.285948393420000e-02	7.421431016395000e-04
3.496000000000000e+00	-7.501376808070000e-04	-3.304636824918000e-02	7.383646365344999e-04
3.497000000000000e+00	-6.525669945685000e-04	-3.323325256416000e-02	7.345861714294000e-04
3.498000000000000e+00	-4.876769906499000e-04	-3.336538755725000e-02	7.318795946874000e-04
3.499000000000000e+00	-2.554676705112000e-04	-3.344277322962000e-02	7.302449062849000e-04
3.500000000000000e+00	-2.325835037412000e-05	-3.352015890139000e-02	7.286102178990000e-04
3.501000000000000e+00	2.086566128557000e-04	-3.348656630992000e-02	7.300093439939999e-04
3.502000000000000e+00	4.405715760856000e-04	-3.345297371845000e-02	7.314084700891000e-04
3.503000000000000e+00	6.050562934139000e-04	-3.336446597028000e-02	7.338810580085001e-04
3.504000000000000e+00	7.021107663032000e-04	-3.322104306660000e-02	7.374271077291000e-04
3.505000000000000e+00	7.991652381607000e-04	-3.307762016235000e-02	7.409731574498000e-04
3.506000000000000e+00	7.059211410966999e-04	-3.282761864335000e-02	7.445240179456000e-04
3.507000000000000e+00	6.126770440327000e-04	-3.257761712435000e-02	7.480748784415000e-04
3.508000000000000e+00	4.522936410137000e-04	-3.227637176426000e-02	7.505573269166000e-04
3.509000000000000e+00	2.247709334956000e-04	-3.192388256418000e-02	7.519713633940000e-04
3.510000000000000e+00	-2.751774021194000e-06	-3.157139336356000e-02	7.533853998550000e-04
3.511000000000000e+00	-2.300349467700000e-04	-3.112007762156000e-02	7.517750631289000e-04
3.512000000000000e+00	-4.573181195188000e-04	-3.066876187955000e-02	7.501647264029000e-04
3.513000000000000e+00	-6.174048865995000e-04	-3.016937872411000e-02	7.474843253891000e-04
3.514000000000000e+00	-7.102952494692000e-04	-2.962192815626000e-02	7.437338601110000e-04
3.515000000000000e+00	-8.031856113107000e-04	-2.907447758791000e-02	7.399833948328000e-04
3.516000000000000e+00	-7.064318639434000e-04	-2.843310642735000e-02	7.362286580753000e-04
3.517000000000000e+00	-6.096781165761000e-04	-2.779173526679000e-02	7.324739213179000e-04
3.518000000000000e+00	-4.460469481990000e-04	-2.710488105887000e-02	7.297847392468000e-04
3.519000000000000e+00	-2.155383602627000e-04	-2.637254380458000e-02	7.281611118390000e-04
3.520000000000000e+00	1.497022767135000e-05	-2.564020654982000e-02	7.265374844475000e-04
3.521000000000000e+00	2.450693685434000e-04	-2.482180781879000e-02	7.279298517226000e-04
3.522000000000000e+00	4.751685094156000e-04	-2.400340908777000e-02	7.293222189977000e-04
3.523000000000000e+00	6.381627241894000e-04	-2.314564226275000e-02	7.317816625386000e-04
3.524000000000000e+00	7.340520143202000e-04	-2.224850734461000e-02	7.353081823221000e-04
3.525000000000000e+00	8.299413034245000e-04	-2.135137242608000e-02	7.388347021057000e-04
3.526000000000000e+00	7.364990025404000e-04	-2.038467775947000e-02	7.423655010887000e-04
3.527000000000000e+00	6.430567016565000e-04	-1.941798309286000e-02	7.458963000716000e-04
3.528000000000000e+00	4.828012434530000e-04	-1.842137029517000e-02	7.483645488041000e-04
3.529000000000000e+00	2.557326293789000e-04	-1.739483936706000e-02	7.497702473090000e-04
3.530000000000000e+00	2.866401530547000e-05	-1.636830843867000e-02	7.511759457977000e-04
3.531000000000000e+00	-1.982697121617000e-04	-1.529090542895000e-02	7.495741267809000e-04
3.532000000000000e+00	-4.252034396290000e-04	-1.421350241923000e-02	7.479723077640000e-04
3.533000000000000e+00	-5.853688426243000e-04	-1.311447655708000e-02	7.453063883890000e-04
3.534000000000000e+00	-6.787659225957000e-04	-1.199382784296000e-02	7.415763686789000e-04
3.535000000000000e+00	-7.721630015451000e-04	-1.087317912863000e-02	7.378463489689000e-04
3.536000000000000e+00	-6.770742753512000e-04	-9.716023446115000e-03	7.341119578888000e-04
3.537000000000000e+00	-5.819855491573000e-04	-8.558867763594999e-03	7.303775668088000e-04
3.538000000000000e+00	-4.204347514340000e-04	-7.386971704501000e-03	7.277026672994000e-04
3.539000000000000e+00	-1.924218836227000e-04	-6.200335269154000e-03	7.260872593376000e-04
3.540000000000000e+00	3.559098418593000e-05	-5.013698833693000e-03	7.244718513919999e-04
3.541000000000000e+00	2.631329447537000e-04	-3.806066163560000e-03	7.258553608970000e-04
3.542000000000000e+00	4.906749053216000e-04	-2.598433493426000e-03	7.272388704019000e-04
3.543000000000000e+00	6.514638222641000e-04	-1.385493872390000e-03	7.296834346491000e-04
3.544000000000000e+00	7.454996970291000e-04	-1.672473005655000e-04	7.331890536156000e-04
3.545000000000000e+00	8.395355707731999e-04	1.050999271253000e-03	7.366946725821000e-04
3.546000000000000e+00	7.452629941101000e-04	2.268170266596000e-03	7.402046056002000e-04
3.547000000000000e+00	6.509904174471001e-04	3.485341261939000e-03	7.437145386182999e-04
3.548000000000000e+00	4.902632231097000e-04	4.696134608324000e-03	7.461679732596000e-04
3.549000000000000e+00	2.630814125390000e-04	5.900550305891000e-03	7.475649095471000e-04
3.550000000000000e+00	3.589960196890000e-05	7.104966003333000e-03	7.489618458184000e-04
3.551000000000000e+00	-1.911747212072000e-04	8.286271231216001e-03	7.473684014037999e-04
3.552000000000000e+00	-4.182490443834000e-04	9.467576459099000e-03	7.457749569892000e-04
3.553000000000000e+00	-5.789385766779000e-04	1.063310441772000e-02	7.431235321932000e-04
3.554000000000000e+00	-6.732433195306000e-04	1.178285510743000e-02	7.394141270386000e-04
3.555000000000000e+00	-7.675480613670000e-04	1.293260579692000e-02	7.357047218840000e-04
3.556000000000000e+00	-6.744294756102000e-04	1.404382809061000e-02	7.319912720838000e-04
3.557000000000000e+00	-5.813108898534000e-04	1.515505038429000e-02	7.282778222836000e-04
3.558000000000000e+00	-4.220977763646000e-04	1.624367344674000e-02	7.256180595421000e-04
3.559000000000000e+00	-1.967901365774000e-04	1.730969727843000e-02	7.240119838363000e-04
3.560000000000000e+00	2.851750320750000e-05	1.837572110984000e-02	7.224059081467000e-04
3.561000000000000e+00	2.533831186804000e-04	1.938901339792000e-02	7.237821498891000e-04
3.562000000000000e+00	4.782487341534000e-04	2.040230568600000e-02	7.251583916315000e-04
3.563000000000000e+00	6.367554086429000e-04	2.138481203586000e-02	7.275897979539000e-04
3.564000000000000e+00	7.289031435882000e-04	2.233653244816000e-02	7.310763688334000e-04
3.565000000000000e+00	8.210508775185000e-04	2.328825286008000e-02	7.345629397129000e-04
3.566000000000000e+00	7.259954160902000e-04	2.416882942587000e-02	7.380537810374000e-04
3.567000000000000e+00	6.309399546620000e-04	2.504940599165000e-02	7.415446223618000e-04
3.568000000000000e+00	4.698307979901000e-04	2.588990549158000e-02	7.439848039449000e-04
3.569000000000000e+00	2.426679475070000e-04	2.669032792652000e-02	7.453743258094000e-04
3.570000000000000e+00	1.550509702474000e-05	2.749075036098000e-02	7.467638476577000e-04
3.571000000000000e+00	-2.114875906979000e-04	2.820385697558000e-02	7.451794793832000e-04
3.572000000000000e+00	-4.384802784205000e-04	2.891696359018000e-02	7.435951111087000e-04
3.573000000000000e+00	-5.994250096124000e-04	2.958403503261000e-02	7.409585567262000e-04
3.574000000000000e+00	-6.943217857059000e-04	3.020507130389000e-02	7.372698162583000e-04
3.575000000000000e+00	-7.892185607884000e-04	3.082610757465000e-02	7.335810757903000e-04
3.576000000000000e+00	-6.976638495432000e-04	3.135225900845000e-02	7.298881751642000e-04
3.577000000000000e+00	-6.061091382979000e-04	3.187841044226000e-02	7.261952745381001e-04
3.578000000000000e+00	-4.487870023896000e-04	3.235608601512000e-02	7.235502062703000e-04
3.579000000000000e+00	-2.256974432447000e-04	3.278528572810000e-02	7.219529703380000e-04
3.580000000000000e+00	-2.607884101737000e-06	3.321448544054000e-02	7.203557344218000e-04
3.581000000000000e+00	2.201357777800000e-04	3.354421779424000e-02	7.217244695704000e-04
3.582000000000000e+00	4.428794396618000e-04	3.387395014793000e-02	7.230932047191000e-04
3.583000000000000e+00	5.996859070744001e-04	3.415222608188000e-02	7.255114716366000e-04
3.584000000000000e+00	6.905551814479000e-04	3.437904559721000e-02	7.289792703000000e-04
3.585000000000000e+00	7.814244548127001e-04	3.460586511196000e-02	7.324470689635000e-04
3.586000000000000e+00	6.862457111044000e-04	3.472592662976000e-02	7.359197247545000e-04
3.587000000000000e+00	5.910669673960000e-04	3.484598814755000e-02	7.393923805455000e-04
3.588000000000000e+00	4.302617159601000e-04	3.491116891261000e-02	7.418205175819000e-04
3.589000000000000e+00	2.038299582199000e-04	3.492146892614000e-02	7.432041358863000e-04
3.590000000000000e+00	-2.260179951884000e-05	3.493176893906000e-02	7.445877541747000e-04
3.591000000000000e+00	-2.487407384375000e-04	3.483137838012000e-02	7.430144472968000e-04
3.592000000000000e+00	-4.748796773561000e-04	3.473098782118000e-02	7.414411404189001e-04
3.593000000000000e+00	-6.352744076843000e-04	3.457607801168000e-02	7.388215792644000e-04
3.594000000000000e+00	-7.299249308480000e-04	3.436664895282000e-02	7.351557638560000e-04
3.595000000000000e+00	-8.245754530057000e-04	3.415721989338000e-02	7.314899484476000e-04
3.596000000000000e+00	-7.336810808076000e-04	3.384247079935000e-02	7.278198809820000e-04
3.597000000000000e+00	-6.427867086095000e-04	3.352772170533000e-02	7.241498135165000e-04
3.598000000000000e+00	-4.864246585933000e-04	3.316258647818000e-02	7.215215859509000e-04
3.599000000000000e+00	-2.645949321787000e-04	3.274706511901000e-02	7.199351982626000e-04
3.600000000000000e+00	-4.276520576538000e-05	3.233154375932000e-02	7.183488105902001e-04
3.601000000000000e+00	1.788514520133000e-04	3.181938548392000e-02	7.197114421297000e-04
3.602000000000000e+00	4.004681097920000e-04	3.130722720853000e-02	7.210740736692000e-04
3.603000000000000e+00	5.565776917061000e-04	3.074834657586000e-02	7.234801461101000e-04
3.604000000000000e+00	6.471801991762000e-04	3.014274358692000e-02	7.269296594297000e-04
3.605000000000000e+00	7.377827056440000e-04	2.953714059750000e-02	7.303791727493000e-04
3.606000000000000e+00	6.434930948468000e-04	2.884081698397000e-02	7.338330044841000e-04
3.607000000000000e+00	5.492034840497000e-04	2.814449337045000e-02	7.372868362189000e-04
3.608000000000000e+00	3.897104430640000e-04	2.740452884319000e-02	7.397017155802000e-04
3.609000000000000e+00	1.650139733040000e-04	2.662092340314000e-02	7.410776425908000e-04
3.610000000000000e+00	-5.968249645392000e-05	2.583731796265000e-02	7.424535695854000e-04
3.611000000000000e+00	-2.839745814317000e-04	2.497175951666000e-02	7.408885909606000e-04
3.612000000000000e+00	-5.082666664094001e-04	2.410620107066000e-02	7.393236123358000e-04
3.613000000000000e+00	-6.671243308616000e-04	2.320350286420000e-02	7.367180378792000e-04
3.614000000000000e+00	-7.605475762074000e-04	2.226366489808000e-02	7.330718676134000e-04
3.615000000000000e+00	-8.539708205522000e-04	2.132382693160000e-02	7.294256973475000e-04
3.616000000000000e+00	-7.627716131326000e-04	2.031916820875000e-02	7.257751225486000e-04
3.617000000000000e+00	-6.715724057131000e-04	1.931450948590000e-02	7.221245477497000e-04
3.618000000000000e+00	-5.152176245816000e-04	1.828242460071000e-02	7.195100055137000e-04
3.619000000000000e+00	-2.937072711509000e-04	1.722291355380000e-02	7.179314958183000e-04
3.620000000000000e+00	-7.219691772106000e-05	1.616340250663000e-02	7.163529861387000e-04
3.621000000000000e+00	1.491958346217000e-04	1.505823948484000e-02	7.177071713514000e-04
3.622000000000000e+00	3.705885869646000e-04	1.395307646304000e-02	7.190613565642000e-04
3.623000000000000e+00	5.268794769631000e-04	1.282901965272000e-02	7.214532266378000e-04
3.624000000000000e+00	6.180685060290000e-04	1.168606905429000e-02	7.248827815499000e-04
3.625000000000000e+00	7.092575340985000e-04	1.054311845570000e-02	7.283123364621000e-04
3.626000000000000e+00	6.166523843958000e-04	9.369344209590000e-03	7.317462181365000e-04
3.627000000000000e+00	5.240472346930000e-04	8.195569963482001e-03	7.351800998109000e-04
3.628000000000000e+00	3.666316524115000e-04	7.009987032095000e-03	7.375807818533000e-04
3.629000000000000e+00	1.444056389566000e-04	5.812595415684000e-03	7.389482642862000e-04
3.630000000000000e+00	-7.782037449570000e-05	4.615203799192000e-03	7.403157467032000e-04
3.631000000000000e+00	-2.995886826476000e-04	3.402782506028000e-03	7.387586053575000e-04
3.632000000000000e+00	-5.213569907993000e-04	2.190361212863000e-03	7.372014640117999e-04
3.633000000000000e+00	-6.780288816259000e-04	9.756227897338000e-04	7.346095229507000e-04
3.634000000000000e+00	-7.696043565389000e-04	-2.414327633110000e-04	7.309827821964000e-04
3.635000000000000e+00	-8.611798304563000e-04	-1.458488316318000e-03	7.273560414421000e-04
3.636000000000000e+00	-7.691140181476000e-04	-2.668553009171000e-03	7.237251315148000e-04
3.637000000000000e+00	-6.770482058388000e-04	-3.878617702023000e-03	7.200942215875000e-04
3.638000000000000e+00	-5.201721453254000e-04	-5.079402567034000e-03	7.174937918511000e-04
3.639000000000000e+00	-2.984858380129000e-04	-6.270907604407000e-03	7.159238422833000e-04
3.640000000000000e+00	-7.679953070103000e-05	-7.462412641623000e-03	7.143538927313001e-04
3.641000000000000e+00	1.447872986373000e-04	-8.625129306091999e-03	7.157008515032000e-04
3.642000000000000e+00	3.663741279757000e-04	-9.787845970560000e-03	7.170478102752000e-04
3.643000000000000e+00	5.232208562179000e-04	-1.093201074826000e-02	7.194269033404000e-04
3.644000000000000e+00	6.153274847678001e-04	-1.205762363959000e-02	7.228381306764000e-04
3.645000000000000e+00	7.074341123268000e-04	-1.318323653067000e-02	7.262493580125000e-04
3.646000000000000e+00	6.167534740641999e-04	-1.426491433867000e-02	7.296650658666000e-04
3.647000000000000e+00	5.260728358016000e-04	-1.534659214666000e-02	7.330807737206000e-04
3.648000000000000e+00	3.709304811933000e-04	-1.640306012031000e-02	7.354689473587000e-04
3.649000000000000e+00	1.513264116372000e-04	-1.743431826016000e-02	7.368295868030000e-04
3.650000000000000e+00	-6.827765791664000e-05	-1.846557639970000e-02	7.381902262316000e-04
3.651000000000000e+00	-2.874528130683000e-04	-1.943913869605000e-02	7.366420850324999e-04
3.652000000000000e+00	-5.066279682198000e-04	-2.041270099240000e-02	7.350939438335000e-04
3.653000000000000e+00	-6.610830062117000e-04	-2.135316444541000e-02	7.325165181089000e-04
3.654000000000000e+00	-7.508179284476000e-04	-2.226052905581000e-02	7.289098078809000e-04
3.655000000000000e+00	-8.405528496936000e-04	-2.316789366580000e-02	7.253030976529000e-04
3.656000000000000e+00	-7.477040184346000e-04	-2.399989333550000e-02	7.216919347649000e-04
3.657000000000000e+00	-6.548551871756000e-04	-2.483189300521000e-02	7.180807718768000e-04
3.658000000000000e+00	-4.975827150938000e-04	-2.562192389292000e-02	7.154943641391000e-04
3.659000000000000e+00	-2.758866035863000e-04	-2.636998599954000e-02	7.139327115294999e-04
3.660000000000000e+00	-5.419049207987000e-05	-2.711804810567000e-02	7.123710589357000e-04
3.661000000000000e+00	1.673320596725000e-04	-2.777544826374000e-02	7.137104181573000e-04
3.662000000000000e+00	3.888546114249000e-04	-2.843284842181000e-02	7.150497773789000e-04
3.663000000000000e+00	5.459489818727000e-04	-2.904275101325000e-02	7.174157817077999e-04
3.664000000000000e+00	6.386151724130000e-04	-2.960515603909000e-02	7.208084311216000e-04
3.665000000000000e+00	7.312813619673000e-04	-3.016756106440000e-02	7.242010805355000e-04
3.666000000000000e+00	6.420674108956000e-04	-3.063257111729000e-02	7.275986802296000e-04
3.667000000000000e+00	5.528534598239001e-04	-3.109758117017000e-02	7.309962799237000e-04
3.668000000000000e+00	3.994812116782000e-04	-3.151307760635000e-02	7.333722407502000e-04
3.669000000000000e+00	1.819506678499000e-04	-3.187906042689000e-02	7.347265627313000e-04
3.670000000000000e+00	-3.557987597659000e-05	-3.224504324688000e-02	7.360808846967000e-04
3.671000000000000e+00	-2.527848841532000e-04	-3.250996406578000e-02	7.345428203790000e-04
3.672000000000000e+00	-4.699898923298000e-04	-3.277488488469000e-02	7.330047560614000e-04
3.673000000000000e+00	-6.228797682120000e-04	-3.298781967621000e-02	7.304432087782000e-04
3.674000000000000e+00	-7.114545131947000e-04	-3.314876844148000e-02	7.268581785517000e-04
3.675000000000000e+00	-8.000292571935000e-04	-3.330971720616000e-02	7.232731483252000e-04
3.676000000000000e+00	-7.071224736043000e-04	-3.336342199291000e-02	7.196838713035999e-04
3.677000000000000e+00	-6.142156900150999e-04	-3.341712677966000e-02	7.160945942819000e-04
3.678000000000000e+00	-4.572916141506000e-04	-3.341599619704000e-02	7.135244812762000e-04
3.679000000000000e+00	-2.363502473993000e-04	-3.336003024625000e-02	7.119735322643000e-04
3.680000000000000e+00	-1.540888064958000e-05	-3.330406429486000e-02	7.104225832680000e-04
3.681000000000000e+00	2.052443339564000e-04	-3.313804468454000e-02	7.117566584895000e-04
3.682000000000000e+00	4.258975485625000e-04	-3.297202507422000e-02	7.130907337109000e-04
3.683000000000000e+00	5.824128154725000e-04	-3.275205424875000e-02	7.154457001255000e-04
3.684000000000000e+00	6.747901360774000e-04	-3.247813220928000e-02	7.188215577111000e-04
3.685000000000000e+00	7.671674557009000e-04	-3.220421016925000e-02	7.221974152966000e-04
3.686000000000000e+00	6.785285938535000e-04	-3.182656480775000e-02	7.255777557977000e-04
3.687000000000000e+00	5.898897320061000e-04	-3.144891944625000e-02	7.289580962988000e-04
3.688000000000000e+00	4.373773582702000e-04	-3.102191033403000e-02	7.313220991740000e-04
3.689000000000000e+00	2.209914740310000e-04	-3.054553747216000e-02	7.326697644454000e-04
3.690000000000000e+00	4.605589792944000e-06	-3.006916460979000e-02	7.340174297012000e-04
3.691000000000000e+00	-2.115847604727000e-04	-2.949866088072000e-02	7.324879088858000e-04
3.692000000000000e+00	-4.277751107382000e-04	-2.892815715166000e-02	7.309583880704000e-04
3.693000000000000e+00	-5.800627470257999e-04	-2.831242551766000e-02	7.284107126879000e-04
3.694000000000000e+00	-6.684476707214000e-04	-2.765146597970000e-02	7.248448827605000e-04
3.695000000000000e+00	-7.568325934390000e-04	-2.699050644127000e-02	7.212790528331000e-04
3.696000000000000e+00	-6.648441081057000e-04	-2.624230343931000e-02	7.177086569752000e-04
3.697000000000000e+00	-5.728556227724000e-04	-2.549410043734000e-02	7.141382611173000e-04
3.698000000000000e+00	-4.172568795468000e-04	-2.470422530459000e-02	7.115814045985000e-04
3.699000000000000e+00	-1.980478798084000e-04	-2.387267804194000e-02	7.100380873969000e-04
3.700000000000000e+00	2.116111992775000e-05	-2.304113077888000e-02	7.084947702108000e-04
3.701000000000000e+00	2.399676754815000e-04	-2.213196781436000e-02	7.098207817788000e-04
3.702000000000000e+00	4.587742310352000e-04	-2.122280484983000e-02	7.111467933468000e-04
3.703000000000000e+00	6.137345508882000e-04	-2.027883279087000e-02	7.134881796785000e-04
3.704000000000000e+00	7.048486364251000e-04	-1.930005163821000e-02	7.168449407520000e-04
3.705000000000000e+00	7.959627209853000e-04	-1.832127048522000e-02	7.202017018255000e-04
3.706000000000000e+00	7.069348010672000e-04	-1.728258798794000e-02	7.235629659224000e-04
3.707000000000000e+00	6.179068811491000e-04	-1.624390549065000e-02	7.269242300194000e-04
3.708000000000000e+00	4.653017889318000e-04	-1.518036621378000e-02	7.292746598189000e-04
3.709000000000000e+00	2.491195257942000e-04	-1.409197015786000e-02	7.306142553430000e-04
3.710000000000000e+00	3.293726265715000e-05	-1.300357410172000e-02	7.319538508516000e-04
3.711000000000000e+00	-1.831402553808000e-04	-1.187487276555000e-02	7.304317821517000e-04
3.712000000000000e+00	-3.992177734187000e-04	-1.074617142938000e-02	7.289097134517000e-04
3.713000000000000e+00	-5.517780425535000e-04	-9.601352996344001e-03	7.263749719819000e-04
3.714000000000000e+00	-6.408210641629000e-04	-8.440417466789999e-03	7.228275577643000e-04
3.715000000000000e+00	-7.298640848000000e-04	-7.279481937100000e-03	7.192801435466000e-04
3.716000000000000e+00	-6.395788337914000e-04	-6.093467705993000e-03	7.157282110488000e-04
3.717000000000000e+00	-5.492935827827000e-04	-4.907453474886000e-03	7.121762785511000e-04
3.718000000000000e+00	-3.957725459084000e-04	-3.712575948392000e-03	7.096324878324000e-04
3.719000000000000e+00	-1.790157245395000e-04	-2.508835126700000e-03	7.080968388709000e-04
3.720000000000000e+00	3.774109682675000e-05	-1.305094304961000e-03	7.065611899249000e-04
3.721000000000000e+00	2.540439274936000e-04	-9.228468820450001e-05	7.078796753471999e-04
3.722000000000000e+00	4.703467581604000e-04	1.120524928552000e-03	7.091981607695000e-04
3.723000000000000e+00	6.231253984619000e-04	2.332680182997000e-03	7.115267343218000e-04
3.724000000000000e+00	7.123798497756000e-04	3.544181075145000e-03	7.148653959820000e-04
3.725000000000000e+00	8.016343001176000e-04	4.755681967223000e-03	7.182040576423000e-04
3.726000000000000e+00	7.116842709714000e-04	5.954342519163000e-03	7.215475695156001e-04
3.727000000000000e+00	6.217342418251000e-04	7.153003071103000e-03	7.248910813889000e-04
3.728000000000000e+00	4.685395105733000e-04	8.339528740808001e-03	7.272293334702000e-04
3.729000000000000e+00	2.521000785872000e-04	9.513919528545000e-03	7.285623257813000e-04
3.730000000000000e+00	3.566064660183000e-05	1.068831031609000e-02	7.298953180770000e-04
3.731000000000000e+00	-1.806798983325000e-04	1.182835800664000e-02	7.283821275701000e-04
3.732000000000000e+00	-3.970204432668000e-04	1.296840569718000e-02	7.268689370630999e-04
3.733000000000000e+00	-5.501810925626000e-04	1.408720338101000e-02	7.243484644951000e-04
3.734000000000000e+00	-6.401618475905000e-04	1.518475105858000e-02	7.208207098877000e-04
3.735000000000000e+00	-7.301426016511000e-04	1.628229873590000e-02	7.172929552803000e-04
3.736000000000000e+00	-6.417390418353999e-04	1.733068760040000e-02	7.137604562823001e-04
3.737000000000000e+00	-5.533354820196000e-04	1.837907646491000e-02	7.102279572843000e-04
3.738000000000000e+00	-4.020217172798000e-04	1.939975064760000e-02	7.076980383532001e-04
3.739000000000000e+00	-1.877977489802000e-04	2.039271014908000e-02	7.061706994673000e-04
3.740000000000000e+00	2.642621931723000e-05	2.138566965022000e-02	7.046433605967000e-04
3.741000000000000e+00	2.402327689852000e-04	2.231620610627000e-02	7.059546039424000e-04
3.742000000000000e+00	4.540393186533000e-04	2.324674256232000e-02	7.072658472881000e-04
3.743000000000000e+00	6.046823495117000e-04	2.414199675467000e-02	7.095817158201000e-04
3.744000000000000e+00	6.921618629303000e-04	2.500196868409000e-02	7.129022095166000e-04
3.745000000000000e+00	7.796413753827000e-04	2.586194061309000e-02	7.162227032131000e-04
3.746000000000000e+00	6.889244183563000e-04	2.664260402902000e-02	7.195481133577000e-04
3.747000000000000e+00	5.982074613298000e-04	2.742326744494000e-02	7.228735235023000e-04
3.748000000000000e+00	4.446135417380000e-04	2.816021733856000e-02	7.251991930381000e-04
3.749000000000000e+00	2.281426609448000e-04	2.885345371083000e-02	7.265251219866000e-04
3.750000000000000e+00	1.167178015226000e-05	2.954669008258000e-02	7.278510509198000e-04
3.751000000000000e+00	-2.046298350459000e-04	3.014622782677000e-02	7.263464363791000e-04
3.752000000000000e+00	-4.209314502442000e-04	3.074576557097000e-02	7.248418218383000e-04
3.753000000000000e+00	-5.743488397304000e-04	3.129650554903000e-02	7.223355510437999e-04
3.754000000000000e+00	-6.648820048683000e-04	3.179844776202000e-02	7.188276240173000e-04
3.755000000000000e+00	-7.554151690436000e-04	3.230038997447000e-02	7.153196969908000e-04
3.756000000000000e+00	-6.684208121301000e-04	3.270276510538000e-02	7.118075239453000e-04
3.757000000000000e+00	-5.814264552166000e-04	3.310514023630000e-02	7.082953508999000e-04
3.758000000000000e+00	-4.318049992129000e-04	3.345713841564000e-02	7.057806009882000e-04
3.759000000000000e+00	-2.195564454773000e-04	3.375875964450000e-02	7.042632741887000e-04
3.760000000000000e+00	-7.307891743176000e-06	3.406038087280000e-02	7.027459474045000e-04
3.761000000000000e+00	2.046372200620000e-04	3.425970083561000e-02	7.040523071765000e-04
3.762000000000000e+00	4.165823318669000e-04	3.445902079842000e-02	7.053586669484000e-04
3.763000000000000e+00	5.657585109097000e-04	3.460600364793000e-02	7.076643279109000e-04
3.764000000000000e+00	6.521657585514999e-04	3.470064938526000e-02	7.109692900423000e-04
3.765000000000000e+00	7.385730052330000e-04	3.479529512202000e-02	7.142742521737999e-04
3.766000000000000e+00	6.478516942059000e-04	3.478256533403000e-02	7.175839693086000e-04
3.767000000000000e+00	5.571303831789000e-04	3.476983554604000e-02	7.208936864435000e-04
3.768000000000000e+00	4.039275175106000e-04	3.470249026118000e-02	7.232088265119000e-04
3.769000000000000e+00	1.882430985560000e-04	3.458052948064000e-02	7.245293895356000e-04
3.770000000000000e+00	-2.744132039675000e-05	3.445856869951000e-02	7.258499525439000e-04
3.771000000000000e+00	-2.428332373838000e-04	3.422753328691000e-02	7.243545782347000e-04
3.772000000000000e+00	-4.582251543709000e-04	3.399649787431000e-02	7.228592039254000e-04
3.773000000000000e+00	-6.110039689949000e-04	3.371224652391000e-02	7.203672402627000e-04
3.774000000000000e+00	-7.011696826141000e-04	3.337477923687000e-02	7.168786872683000e-04
3.775000000000000e+00	-7.913353952752000e-04	3.303731194927000e-02	7.133901342739000e-04
3.776000000000000e+00	-7.047895533261000e-04	3.259804365736000e-02	7.098968557773001e-04
3.777000000000000e+00	-6.182437113769000e-04	3.215877536545000e-02	7.064035772808000e-04
3.778000000000000e+00	-4.693402662685000e-04	3.167132281057000e-02	7.039022164006000e-04
3.779000000000000e+00	-2.580792193528000e-04	3.113568599377000e-02	7.023927731150000e-04
3.780000000000000e+00	-4.681817243815000e-05	3.060004917647000e-02	7.008833298447000e-04
3.781000000000000e+00	1.642640450852000e-04	2.997308660265000e-02	7.021822931598000e-04
3.782000000000000e+00	3.753462626087000e-04	2.934612402883000e-02	7.034812564749000e-04
3.783000000000000e+00	5.240518888029000e-04	2.867556786494000e-02	7.057741358854000e-04
3.784000000000000e+00	6.103809250206000e-04	2.796141811191000e-02	7.090609313697000e-04
3.785000000000000e+00	6.967099602836000e-04	2.724726835843000e-02	7.123477268541000e-04
3.786000000000000e+00	6.069642520079000e-04	2.644960920189000e-02	7.156391761677000e-04
3.787000000000000e+00	5.172185437322000e-04	2.565195004536000e-02	7.189306254813000e-04
3.788000000000000e+00	3.653782559578000e-04	2.481470357706000e-02	7.212327528207000e-04
3.789000000000000e+00	1.514433900316000e-04	2.393786979784000e-02	7.225455582071000e-04
3.790000000000000e+00	-6.249147589259999e-05	2.306103601822000e-02	7.238583635784000e-04
3.791000000000000e+00	-2.760256700473000e-04	2.211113056881000e-02	7.223701222934000e-04
3.792000000000000e+00	-4.895598642022000e-04	2.116122511939000e-02	7.208818810083000e-04
3.793000000000000e+00	-6.407587784923000e-04	2.017893203194000e-02	7.184023104356000e-04
3.794000000000000e+00	-7.296224142695000e-04	1.916425130717000e-02	7.149314105966000e-04
3.795000000000000e+00	-8.184860490932000e-04	1.814957058210000e-02	7.114605107575000e-04
3.796000000000000e+00	-7.314705044789000e-04	1.708006419969000e-02	7.079848832911000e-04
3.797000000000000e+00	-6.444549598647000e-04	1.601055781727000e-02	7.045092558247000e-04
3.798000000000000e+00	-4.953642952303000e-04	1.491882890056000e-02	7.020203022332000e-04
3.799000000000000e+00	-2.841985119221000e-04	1.380487745004000e-02	7.005180224950000e-04
3.800000000000000e+00	-7.303272861432000e-05	1.269092599932000e-02	6.990157427720000e-04
3.801000000000000e+00	1.380385724142000e-04	1.154211685955000e-02	7.003070862428000e-04
3.802000000000000e+00	3.491098734426000e-04	1.039330771979000e-02	7.015984297137000e-04
3.803000000000000e+00	4.981695334852000e-04	9.231192950306000e-03	7.038785043074000e-04
3.804000000000000e+00	5.852175538866000e-04	8.055772551397999e-03	7.071473100025000e-04
3.805000000000000e+00	6.722655733387000e-04	6.880352152387000e-03	7.104161156976000e-04
3.806000000000000e+00	5.842277950539999e-04	5.685634519332000e-03	7.136897499198000e-04
3.807000000000000e+00	4.961900167693000e-04	4.490916886279000e-03	7.169633841421000e-04
3.808000000000000e+00	3.464105005884000e-04	3.290283020793000e-03	7.192530420601000e-04
3.809000000000000e+00	1.348892478509000e-04	2.083732923007000e-03	7.205587236952000e-04
3.810000000000000e+00	-7.663200488443000e-05	8.771828252032000e-04	7.218644053152000e-04
3.811000000000000e+00	-2.877106967523000e-04	-3.325036986777000e-04	7.203840854077000e-04
3.812000000000000e+00	-4.987893886204000e-04	-1.542190222560000e-03	7.189037655003000e-04
3.813000000000000e+00	-6.478420790347000e-04	-2.748280095999000e-03	7.164374698882000e-04
3.814000000000000e+00	-7.348687693404000e-04	-3.950773319072000e-03	7.129851985930000e-04
3.815000000000000e+00	-8.218954586974001e-04	-5.153266542045000e-03	7.095329272978000e-04
3.816000000000000e+00	-7.339378670398000e-04	-6.337156705060000e-03	7.060761485390000e-04
3.817000000000000e+00	-6.459802753824000e-04	-7.521046868075000e-03	7.026193697802000e-04
3.818000000000000e+00	-4.962637401651000e-04	-8.690004428442000e-03	7.001441142281001e-04
3.819000000000000e+00	-2.847882627277000e-04	-9.844029386484000e-03	6.986503818615000e-04
3.820000000000000e+00	-7.331278529056000e-05	-1.099805434431000e-02	6.971566495099000e-04
3.821000000000000e+00	1.380760410985000e-04	-1.211232459345000e-02	6.984417900932000e-04
3.822000000000000e+00	3.494648674874000e-04	-1.322659484260000e-02	6.997269306765000e-04
3.823000000000000e+00	4.991638019654000e-04	-1.431700307428000e-02	7.019955084812000e-04
3.824000000000000e+00	5.871728458703000e-04	-1.538354928902000e-02	7.052475234862000e-04
3.825000000000000e+00	6.751818888305000e-04	-1.645009550346000e-02	7.084995384912000e-04
3.826000000000000e+00	5.890009268953000e-04	-1.746246019219000e-02	7.117560761585000e-04
3.827000000000000e+00	5.028199649602000e-04	-1.847482488093000e-02	7.150126138258000e-04
3.828000000000000e+00	3.552027430437000e-04	-1.945708397060000e-02	7.172902026469000e-04
3.829000000000000e+00	1.461492624783000e-04	-2.040923746187000e-02	7.185888426431000e-04
3.830000000000000e+00	-6.290421808486001e-05	-2.136139095278000e-02	7.198874826243000e-04
3.831000000000000e+00	-2.715652104129000e-04	-2.224664544966000e-02	7.184145743918000e-04
3.832000000000000e+00	-4.802262027410000e-04	-2.313189994655000e-02	7.169416661592000e-04
3.833000000000000e+00	-6.272143775405000e-04	-2.397982406624000e-02	7.144879716738000e-04
3.834000000000000e+00	-7.125297361495000e-04	-2.479041780954000e-02	7.110534909567000e-04
3.835000000000000e+00	-7.978450938151000e-04	-2.560101155239000e-02	7.076190102397000e-04
3.836000000000000e+00	-7.091563972696999e-04	-2.632863973865000e-02	7.041803233624000e-04
3.837000000000000e+00	-6.204677007243000e-04	-2.705626792492000e-02	7.007416364852000e-04
3.838000000000000e+00	-4.703790601516000e-04	-2.773858801913000e-02	6.982795715806000e-04
3.839000000000000e+00	-2.588904768832000e-04	-2.837560002226000e-02	6.967941286275000e-04
3.840000000000000e+00	-4.740189361558000e-05	-2.901261202486000e-02	6.953086856893000e-04
3.841000000000000e+00	1.639206599876000e-04	-2.955320202509000e-02	6.965881462219000e-04
3.842000000000000e+00	3.752432135910000e-04	-3.009379202532000e-02	6.978676067544000e-04
3.843000000000000e+00	5.251542507810000e-04	-3.058444696317000e-02	7.001256286707000e-04
3.844000000000000e+00	6.136537728897000e-04	-3.102516683974000e-02	7.033622119497000e-04
3.845000000000000e+00	7.021532940584000e-04	-3.146588671576000e-02	7.065987952286000e-04
3.846000000000000e+00	6.172772089302000e-04	-3.180520449408000e-02	7.098402557412000e-04
3.847000000000000e+00	5.324011238020000e-04	-3.214452227240000e-02	7.130817162538000e-04
3.848000000000000e+00	3.863589139515000e-04	-3.243277259789000e-02	7.153494191997000e-04
3.849000000000000e+00	1.791505807056000e-04	-3.266995547166000e-02	7.166433646001000e-04
3.850000000000000e+00	-2.805775253896000e-05	-3.290713834487000e-02	7.179373099856000e-04
3.851000000000000e+00	-2.349808373622000e-04	-3.304113081112000e-02	7.164741090004000e-04
3.852000000000000e+00	-4.419039221856000e-04	-3.317512327737000e-02	7.150109080152000e-04
3.853000000000000e+00	-5.875299748064000e-04	-3.325660250851000e-02	7.125719201429000e-04
3.854000000000000e+00	-6.718589965538000e-04	-3.328556850569000e-02	7.091571454049000e-04
3.855000000000000e+00	-7.561880173633000e-04	-3.331453450229000e-02	7.057423706668000e-04
3.856000000000000e+00	-6.675318140633000e-04	-3.323633913248000e-02	7.023230815633000e-04
3.857000000000000e+00	-5.788756107632000e-04	-3.315814376267000e-02	6.989037924599000e-04
3.858000000000000e+00	-4.291976844251000e-04	-3.302572219047000e-02	6.964558538976000e-04
3.859000000000000e+00	-2.184980363725000e-04	-3.283907441706000e-02	6.949792658554000e-04
3.860000000000000e+00	-7.798388321261999e-06	-3.265242664307000e-02	6.935026778281000e-04
3.861000000000000e+00	2.026135141214000e-04	-3.235801394711000e-02	6.947762251091000e-04
3.862000000000000e+00	4.130254165639000e-04	-3.206360125115000e-02	6.960497723902000e-04
3.863000000000000e+00	5.622813582107000e-04	-3.171686875975000e-02	6.982966037367000e-04
3.864000000000000e+00	6.503813403877000e-04	-3.131781647405000e-02	7.015167191278000e-04
3.865000000000000e+00	7.384813216291000e-04	-3.091876418781000e-02	7.047368345188000e-04
3.866000000000000e+00	6.539761873128001e-04	-3.042014461429000e-02	7.079614350256000e-04
3.867000000000000e+00	5.694710529966001e-04	-2.992152504077000e-02	7.111860355323000e-04
3.868000000000000e+00	4.240522994893000e-04	-2.937604988993000e-02	7.134417666849000e-04
3.869000000000000e+00	2.177199281118000e-04	-2.878371916278000e-02	7.147286285043000e-04
3.870000000000000e+00	1.138755673541000e-05	-2.819138843515000e-02	7.160154903088000e-04
3.871000000000000e+00	-1.947881017461000e-04	-2.751081859845000e-02	7.145592403708000e-04
3.872000000000000e+00	-4.009637602275000e-04	-2.683024876174000e-02	7.131029904329000e-04
3.873000000000000e+00	-5.462212178461000e-04	-2.610784991576000e-02	7.106759268139000e-04
3.874000000000000e+00	-6.305604759228000e-04	-2.534362206140000e-02	7.072780495348000e-04
3.875000000000000e+00	-7.148997330671000e-04	-2.457939420661000e-02	7.038801722557000e-04
3.876000000000000e+00	-6.272664588970000e-04	-2.373562724988000e-02	7.004777453574000e-04
3.877000000000000e+00	-5.396331847269000e-04	-2.289186029315000e-02	6.970753184592000e-04
3.878000000000000e+00	-3.913497349900000e-04	-2.201069598197000e-02	6.946392312248999e-04
3.879000000000000e+00	-1.824161110015000e-04	-2.109213431717000e-02	6.931694836338000e-04
3.880000000000000e+00	2.651751298475000e-05	-2.017357265199000e-02	6.916997360574000e-04
3.881000000000000e+00	2.350583044113000e-04	-1.918666751484000e-02	6.929659783069000e-04
3.882000000000000e+00	4.435990958378000e-04	-1.819976237769000e-02	6.942322205565000e-04
3.883000000000000e+00	5.912491458376000e-04	-1.718297033947000e-02	6.964667509615000e-04
3.884000000000000e+00	6.780084557315000e-04	-1.613629140081000e-02	6.996695695009999e-04
3.885000000000000e+00	7.647677646938000e-04	-1.508961246189000e-02	7.028723880406000e-04
3.886000000000000e+00	6.797173239877000e-04	-1.399331651488000e-02	7.060796924282000e-04
3.887000000000000e+00	5.946668832815000e-04	-1.289702056787000e-02	7.092869968158999e-04
3.888000000000000e+00	4.489726576348000e-04	-1.178118939248000e-02	7.115304241305000e-04
3.889000000000000e+00	2.426346483623000e-04	-1.064582298915000e-02	7.128099743928000e-04
3.890000000000000e+00	3.629663909016000e-05	-9.510456585652000e-03	7.140895246404000e-04
3.891000000000000e+00	-1.699660194518000e-04	-8.345756972931001e-03	7.126400999300000e-04
3.892000000000000e+00	-3.762286779940000e-04	-7.181057360208000e-03	7.111906752196000e-04
3.893000000000000e+00	-5.219224813855000e-04	-6.005886095802000e-03	7.087754702524000e-04
3.894000000000000e+00	-6.070474309398000e-04	-4.820243179938000e-03	7.053944850493000e-04
3.895000000000000e+00	-6.921723795669000e-04	-3.634600264001000e-03	7.020134998462001e-04
3.896000000000000e+00	-6.062707144242000e-04	-2.435453057654000e-03	6.986281683775000e-04
3.897000000000000e+00	-5.203690492816000e-04	-1.236305851307000e-03	6.952428369087000e-04
3.898000000000000e+00	-3.741540024916000e-04	-3.417848265616000e-05	6.928190223082000e-04
3.899000000000000e+00	-1.676255753625000e-04	1.170929048231000e-03	6.913567245552000e-04
3.900000000000000e+00	3.890285176445000e-05	2.376036579105000e-03	6.898944268170000e-04
3.901000000000000e+00	2.450023305961000e-04	3.578401823171000e-03	6.911544119602000e-04
3.902000000000000e+00	4.511018094275000e-04	4.780767067236000e-03	6.924143971034000e-04
3.903000000000000e+00	5.966101512605000e-04	5.976634730665000e-03	6.946378571251000e-04
3.904000000000000e+00	6.815273574087000e-04	7.166004813597000e-03	6.978247920043000e-04
3.905000000000000e+00	7.664445626302000e-04	8.355374896399001e-03	7.010117268836001e-04
3.906000000000000e+00	6.804194645760000e-04	9.520488766992000e-03	7.042033078559000e-04
3.907000000000000e+00	5.943943665217000e-04	1.068560263759000e-02	7.073948888282000e-04
3.908000000000000e+00	4.480351261525000e-04	1.183305392347000e-02	7.096275275363000e-04
3.909000000000000e+00	2.413417447769000e-04	1.296284262501000e-02	7.109012240010000e-04
3.910000000000000e+00	3.464836340173000e-05	1.409263132632000e-02	7.121749204510000e-04
3.911000000000000e+00	-1.719620070156000e-04	1.517741543759000e-02	7.107334132205999e-04
3.912000000000000e+00	-3.785723774330000e-04	1.626219954887000e-02	7.092919059902999e-04
3.913000000000000e+00	-5.249151862920000e-04	1.732060402952000e-02	7.068893954486000e-04
3.914000000000000e+00	-6.109904348996000e-04	1.835262888011000e-02	7.035258816164999e-04
3.915000000000000e+00	-6.970656825845000e-04	1.938465373038000e-02	7.001623677844000e-04
3.916000000000000e+00	-6.129629965050000e-04	2.035769029706000e-02	6.967941889902000e-04
3.917000000000000e+00	-5.288603104255000e-04	2.133072686374000e-02	6.934260101961000e-04
3.918000000000000e+00	-3.847352559887000e-04	2.227138772814000e-02	6.910143219527000e-04
3.919000000000000e+00	-1.805878344965000e-04	2.317967289098000e-02	6.895591242395001e-04
3.920000000000000e+00	2.355958699376000e-05	2.408795805343000e-02	6.881039265409000e-04
3.921000000000000e+00	2.273236151502000e-04	2.492513244657000e-02	6.893570909269000e-04
3.922000000000000e+00	4.310876433065000e-04	2.576230683970000e-02	6.906102553129000e-04
3.923000000000000e+00	5.745963183989000e-04	2.656024410209000e-02	6.928220847985999e-04
3.924000000000000e+00	6.578496417339000e-04	2.731894423457000e-02	6.959925793632000e-04
3.925000000000000e+00	7.411029641471000e-04	2.807764436658000e-02	6.991630739278000e-04
3.926000000000000e+00	6.543495055449000e-04	2.875001943768000e-02	7.023385942988000e-04
3.927000000000000e+00	5.675960469427000e-04	2.942239450878000e-02	7.055141146699000e-04
3.928000000000000e+00	4.208533466524000e-04	3.004802180069000e-02	7.077358294581000e-04
3.929000000000000e+00	2.141214059748000e-04	3.062690131442000e-02	7.090037386842000e-04
3.930000000000000e+00	7.389465298370000e-06	3.120578082762000e-02	7.102716478957000e-04
3.931000000000000e+00	-1.991741139246000e-04	3.168583559253000e-02	7.088386686431000e-04
3.932000000000000e+00	-4.057376931474000e-04	3.216589035744000e-02	7.074056893906000e-04
3.933000000000000e+00	-5.522925050577000e-04	3.259503809610000e-02	7.050167911782000e-04
3.934000000000000e+00	-6.388385509568000e-04	3.297327880963000e-02	7.016719740269000e-04
3.935000000000000e+00	-7.253845959374000e-04	3.335151952260000e-02	6.983271568756000e-04
3.936000000000000e+00	-6.425136904400000e-04	3.362686247265000e-02	6.949779369642000e-04
3.937000000000000e+00	-5.596427849426000e-04	3.390220542270000e-02	6.916287170529000e-04
3.938000000000000e+00	-4.169988396821000e-04	3.412596311218000e-02	6.892311675811000e-04
3.939000000000000e+00	-2.145818559546000e-04	3.429813554223000e-02	6.877852885281000e-04
3.940000000000000e+00	-1.216487222870000e-05	3.447030797172000e-02	6.863394094898000e-04
3.941000000000000e+00	1.899873187754000e-04	3.453874829280000e-02	6.875880815223000e-04
3.942000000000000e+00	3.921395097796000e-04	3.460718861388000e-02	6.888367535549000e-04
3.943000000000000e+00	5.344023213311000e-04	3.462311203746000e-02	6.910391412514000e-04
3.944000000000000e+00	6.167757547291000e-04	3.458651856469000e-02	6.941952445911000e-04
3.945000000000000e+00	6.991491872107000e-04	3.454992509135000e-02	6.973513479309000e-04
3.946000000000000e+00	6.125007919151000e-04	3.440672273398000e-02	7.005121923455000e-04
3.947000000000000e+00	5.258523966194000e-04	3.426352037662000e-02	7.036730367600000e-04
3.948000000000000e+00	3.795808426451000e-04	3.406664559747000e-02	7.058847417882000e-04
3.949000000000000e+00	1.736861312848000e-04	3.381609839771000e-02	7.071473074506000e-04
3.950000000000000e+00	-3.220858007387000e-05	3.356555119736000e-02	7.084098730985000e-04
3.951000000000000e+00	-2.378111935683000e-04	3.320886704194000e-02	7.069848345512000e-04
3.952000000000000e+00	-4.434138070628000e-04	3.285218288651000e-02	7.055597960040000e-04
3.953000000000000e+00	-5.892492036554000e-04	3.244422851919000e-02	7.031834647665000e-04
3.954000000000000e+00	-6.753173846420000e-04	3.198500394109000e-02	6.998558408594000e-04
3.955000000000000e+00	-7.613855647140000e-04	3.152577936246000e-02	6.965282169523000e-04
3.956000000000000e+00	-6.787702700833000e-04	3.096951571844000e-02	6.931958067384000e-04
3.957000000000000e+00	-5.961549754526000e-04	3.041325207443000e-02	6.898633965245000e-04
3.958000000000000e+00	-4.540078535445000e-04	2.981160153820000e-02	6.874776798223000e-04
3.959000000000000e+00	-2.523289056503000e-04	2.916456411073000e-02	6.860386566111001e-04
3.960000000000000e+00	-5.064995775665000e-05	2.851752668279000e-02	6.845996334144000e-04
3.961000000000000e+00	1.508850799829000e-04	2.778559896786000e-02	6.858413332472999e-04
3.962000000000000e+00	3.524201177223000e-04	2.705367125292000e-02	6.870830330803000e-04
3.963000000000000e+00	4.944263703709000e-04	2.628179937716000e-02	6.892735906288000e-04
3.964000000000000e+00	5.769038392196000e-04	2.546998334143000e-02	6.924130058724000e-04
3.965000000000000e+00	6.593813071573000e-04	2.465816730530000e-02	6.955524211160000e-04
3.966000000000000e+00	5.738024533771000e-04	2.377099810309000e-02	6.986965719440000e-04
3.967000000000000e+00	4.882235995970000e-04	2.288382890089000e-02	7.018407227719000e-04
3.968000000000000e+00	3.433763813142000e-04	2.196154671888000e-02	7.040405543136000e-04
3.969000000000000e+00	1.392607998141000e-04	2.100415155782000e-02	7.052960665896000e-04
3.970000000000000e+00	-6.485478168370000e-05	2.004675639642000e-02	7.065515788510000e-04
3.971000000000000e+00	-2.685765337770000e-04	1.902590757199000e-02	7.051330884598000e-04
3.972000000000000e+00	-4.722982858701000e-04	1.800505874756000e-02	7.037145980686000e-04
3.973000000000000e+00	-6.165052161600000e-04	1.695689116825000e-02	7.013496100028000e-04
3.974000000000000e+00	-7.011973259371000e-04	1.588140483466000e-02	6.980381242829001e-04
3.975000000000000e+00	-7.858894348038000e-04	1.480591850084000e-02	6.947266385629000e-04
3.976000000000000e+00	-7.026570326320001e-04	1.368613214188000e-02	6.914103485673000e-04
3.977000000000000e+00	-6.194246304603000e-04	1.256634578292000e-02	6.880940585716000e-04
3.978000000000000e+00	-4.769190904485000e-04	1.142975214052000e-02	6.857196730061000e-04
3.979000000000000e+00	-2.751404138819000e-04	1.027635121502000e-02	6.842871918503000e-04
3.980000000000000e+00	-7.336173731582000e-05	9.122950289402000e-03	6.828547107090000e-04
3.981000000000000e+00	1.283454964554000e-04	7.945793306930999e-03	6.840894686990000e-04
3.982000000000000e+00	3.300527302266000e-04	6.768636324460000e-03	6.853242266890000e-04
3.983000000000000e+00	4.725608416285000e-04	5.583852736158000e-03	6.875031204459000e-04
3.984000000000000e+00	5.558698319450000e-04	4.391442542187000e-03	6.906261499492000e-04
3.985000000000000e+00	6.391788213551000e-04	3.199032348174000e-03	6.937491794526000e-04
3.986000000000000e+00	5.553258447832000e-04	1.998901021094000e-03	6.968771284430999e-04
3.987000000000000e+00	4.714728682112000e-04	7.987696940132001e-04	7.000050774336000e-04
3.988000000000000e+00	3.286691984394000e-04	-4.014266445640000e-04	7.021935960508000e-04
3.989000000000000e+00	1.269148367461000e-04	-1.601687994638000e-03	7.034426843149000e-04
3.990000000000000e+00	-7.483952494499000e-05	-2.801949344666000e-03	7.046917725647000e-04
3.991000000000000e+00	-2.761706073474000e-04	-3.993662382064000e-03	7.032805996371000e-04
3.992000000000000e+00	-4.775016897499000e-04	-5.185375419463000e-03	7.018694267095000e-04
3.993000000000000e+00	-6.196047569348000e-04	-6.367740733041000e-03	6.995166411910000e-04
3.994000000000000e+00	-7.024798101866999e-04	-7.540758323003000e-03	6.962222431020000e-04
3.995000000000000e+00	-7.853548625326000e-04	-8.713775912803000e-03	6.929278450129000e-04
3.996000000000000e+00	-7.011321831981000e-04	-9.857012751959000e-03	6.896288295973000e-04
3.997000000000000e+00	-6.169095038636001e-04	-1.100024959112000e-02	6.863298141817000e-04
3.998000000000000e+00	-4.737080794198000e-04	-1.212317114240000e-02	6.839679900232999e-04
3.999000000000000e+00	-2.715279111457000e-04	-1.322577740624000e-02	6.825433571017000e-04
4.000000000000000e+00	-6.934774287226000e-05	-1.432838366981000e-02	6.811187241944000e-04
4.001000000000000e+00	1.327545829113000e-04	-1.538091564187000e-02	6.823478354562000e-04
4.002000000000000e+00	3.348569086947000e-04	-1.643344761393000e-02	6.835769467179000e-04
4.003000000000000e+00	4.780461827940000e-04	-1.745718517126000e-02	6.857453435802000e-04
4.004000000000000e+00	5.623224064866000e-04	-1.845212831450000e-02	6.888530260228000e-04
4.005000000000000e+00	6.465986292772000e-04	-1.944707145738000e-02	6.919607084654000e-04
4.006000000000000e+00	5.645143375735000e-04	-2.037844988743000e-02	6.950729953494000e-04
4.007000000000000e+00	4.824300458699000e-04	-2.130982831747000e-02	6.981852822334000e-04
4.008000000000000e+00	3.416656785848000e-04	-2.220668742304000e-02	7.003627130075000e-04
4.009000000000000e+00	1.422212369909000e-04	-2.306902720487000e-02	7.016052876921000e-04
4.010000000000000e+00	-5.722320460096000e-05	-2.393136698629000e-02	7.028478623624000e-04
4.011000000000000e+00	-2.563062684475000e-04	-2.471865662251000e-02	7.014433512188000e-04
4.012000000000000e+00	-4.553893322940000e-04	-2.550594625874000e-02	7.000388400753000e-04
4.013000000000000e+00	-5.955747265068000e-04	-2.625223609464000e-02	6.976974516835000e-04
4.014000000000000e+00	-6.768624523635000e-04	-2.695752613110000e-02	6.944191860639000e-04
4.015000000000000e+00	-7.581501773192000e-04	-2.766281616709000e-02	6.911409204443000e-04
4.016000000000000e+00	-6.732508501636000e-04	-2.827872234250000e-02	6.878583215110000e-04
4.017000000000000e+00	-5.883515230080000e-04	-2.889462851792000e-02	6.845757225778000e-04
4.018000000000000e+00	-4.448092725329000e-04	-2.946250275192000e-02	6.822258485791000e-04
4.019000000000000e+00	-2.426241000099000e-04	-2.998234504557000e-02	6.808086994947000e-04
4.020000000000000e+00	-4.043892748775000e-05	-3.050218733866000e-02	6.793915504247000e-04
4.021000000000000e+00	1.615792758597000e-04	-3.092112232330000e-02	6.806154085876000e-04
4.022000000000000e+00	3.635974792072000e-04	-3.134005730793000e-02	6.818392667506000e-04
4.023000000000000e+00	5.069482964787000e-04	-3.170727750698000e-02	6.839979649594000e-04
4.024000000000000e+00	5.916317289464000e-04	-3.202278292157000e-02	6.870915031936999e-04
4.025000000000000e+00	6.763151605160000e-04	-3.233828833559000e-02	6.901850414280000e-04
4.026000000000000e+00	5.953647946578000e-04	-3.254973542980000e-02	6.932835158045000e-04
4.027000000000000e+00	5.144144287996000e-04	-3.276118252402000e-02	6.963819901811000e-04
4.028000000000000e+00	3.750225335320000e-04	-3.292069609081000e-02	6.985503534010000e-04
4.029000000000000e+00	1.771891101227000e-04	-3.302827613131000e-02	6.997886054845000e-04
4.030000000000000e+00	-2.064431328534000e-05	-3.313585617125000e-02	7.010268575536000e-04
4.031000000000000e+00	-2.182294818876000e-04	-3.313950161297000e-02	6.996311952606000e-04
4.032000000000000e+00	-4.158146504901000e-04	-3.314314705468000e-02	6.982355329676000e-04
4.033000000000000e+00	-5.548523353971000e-04	-3.309443948744000e-02	6.959075782159000e-04
4.034000000000000e+00	-6.353425378782000e-04	-3.299337891238000e-02	6.926473310257000e-04
4.035000000000000e+00	-7.158327394635000e-04	-3.289231833674000e-02	6.893870838355000e-04
4.036000000000000e+00	-6.310793096927000e-04	-3.268552866330000e-02	6.861222793822000e-04
4.037000000000000e+00	-5.463258799220000e-04	-3.247873898985000e-02	6.828574749289000e-04
4.038000000000000e+00	-4.032809889253000e-04	-3.221898917420000e-02	6.805206144288000e-04
4.039000000000000e+00	-2.019446379670000e-04	-3.190627921751000e-02	6.791116978619000e-04
4.040000000000000e+00	-6.082870101711000e-07	-3.159356926024000e-02	6.777027813091000e-04
4.041000000000000e+00	2.004387278652000e-04	-3.117665563309000e-02	6.789214419461000e-04
4.042000000000000e+00	4.014857427405000e-04	-3.075974200594000e-02	6.801401025831000e-04
4.043000000000000e+00	5.440937021032000e-04	-3.029275410915000e-02	6.822887981613000e-04
4.044000000000000e+00	6.282626072207000e-04	-2.977569194383000e-02	6.853675286603999e-04
4.045000000000000e+00	7.124315114438999e-04	-2.925862977799000e-02	6.884462591595000e-04
4.046000000000000e+00	6.316614888163000e-04	-2.864733551585000e-02	6.915295566990000e-04
4.047000000000000e+00	5.508914661888000e-04	-2.803604125372000e-02	6.946128542384000e-04
4.048000000000000e+00	4.119068267299000e-04	-2.738095997734000e-02	6.967704799048000e-04
4.049000000000000e+00	2.147075717021000e-04	-2.668209168767000e-02	6.980024337181000e-04
4.050000000000000e+00	1.750831667506000e-05	-2.598322339756000e-02	6.992343875172000e-04
4.051000000000000e+00	-1.795662003710000e-04	-2.520305636210000e-02	6.978451700059000e-04
4.052000000000000e+00	-3.766407174171000e-04	-2.442288932664000e-02	6.964559524946000e-04
4.053000000000000e+00	-5.155163025806000e-04	-2.360477276766000e-02	6.941389467040000e-04
4.054000000000000e+00	-5.961929571238000e-04	-2.274870668597000e-02	6.908941526544000e-04
4.055000000000000e+00	-6.768696107762000e-04	-2.189264060389000e-02	6.876493586047000e-04
4.056000000000000e+00	-5.932318484862000e-04	-2.096560103262000e-02	6.843999224001000e-04
4.057000000000000e+00	-5.095940861962000e-04	-2.003856146134000e-02	6.811504861954000e-04
4.058000000000000e+00	-3.680058960796000e-04	-1.907877658370000e-02	6.788244101703000e-04
4.059000000000000e+00	-1.684672793930000e-04	-1.808624640039000e-02	6.774216943048000e-04
4.060000000000000e+00	3.107133729157000e-05	-1.709371621677000e-02	6.760189784534000e-04
4.061000000000000e+00	2.302226279226000e-04	-1.604276161954000e-02	6.772309436173000e-04
4.062000000000000e+00	4.293739185539000e-04	-1.499180702232000e-02	6.784429087812001e-04
4.063000000000000e+00	5.703283674545000e-04	-1.391615822497000e-02	6.805803677915000e-04
4.064000000000000e+00	6.530859758867000e-04	-1.281581522801000e-02	6.836433206284000e-04
4.065000000000000e+00	7.358435834286001e-04	-1.171547223084000e-02	6.867062734652000e-04
4.066000000000000e+00	6.543910661081000e-04	-1.057623250554000e-02	6.897738290557000e-04
4.067000000000000e+00	5.729385487875000e-04	-9.436992780237000e-03	6.928413846462000e-04
4.068000000000000e+00	4.335202378871000e-04	-8.283703171063000e-03	6.949878261827000e-04
4.069000000000000e+00	2.361361346640000e-04	-7.116363678319000e-03	6.962131536853001e-04
4.070000000000000e+00	3.875203144100000e-05	-5.949024185477000e-03	6.974384811738000e-04
4.071000000000000e+00	-1.585750774877000e-04	-4.763535480379000e-03	6.960554881808000e-04
4.072000000000000e+00	-3.559021864165000e-04	-3.578046775280000e-03	6.946724951877000e-04
4.073000000000000e+00	-4.953456872251000e-04	-2.387775777696000e-03	6.923662537112000e-04
4.074000000000000e+00	-5.769055811685000e-04	-1.192722487733000e-03	6.891367637711000e-04
4.075000000000000e+00	-6.584654742259000e-04	2.330802241776000e-06	6.859072738310000e-04
4.076000000000000e+00	-5.765673030164000e-04	1.199355745270000e-03	6.826731868328000e-04
4.077000000000000e+00	-4.946691318069000e-04	2.396380688298000e-03	6.794390998346000e-04
4.078000000000000e+00	-3.551244827829000e-04	3.590588191521000e-03	6.771239084881000e-04
4.079000000000000e+00	-1.579333571948000e-04	4.781978254998000e-03	6.757276127734000e-04
4.080000000000000e+00	3.925776839130000e-05	5.973368318398000e-03	6.743313170728000e-04
4.081000000000000e+00	2.360358860392000e-04	7.150499205412000e-03	6.755371358989000e-04
4.082000000000000e+00	4.328140036869000e-04	8.327630092425001e-03	6.767429547249000e-04
4.083000000000000e+00	5.716729680099000e-04	9.492624252889000e-03	6.788699008300000e-04
4.084000000000000e+00	6.526127802641000e-04	1.064548168707000e-02	6.819179741943000e-04
4.085000000000000e+00	7.335525916324000e-04	1.179833912105000e-02	6.849660475585000e-04
4.086000000000000e+00	6.510844273847000e-04	1.291603838602000e-02	6.880190374284000e-04
4.087000000000000e+00	5.686162631371000e-04	1.403373765098000e-02	6.910720272983001e-04
4.088000000000000e+00	4.284713200507000e-04	1.512855431075000e-02	6.932085291353000e-04
4.089000000000000e+00	2.306495993761000e-04	1.620048836581000e-02	6.944285429593000e-04
4.090000000000000e+00	3.282787870234000e-05	1.727242242058000e-02	6.956485567692000e-04
4.091000000000000e+00	-1.649146914380000e-04	1.828940680996000e-02	6.942730667574000e-04
4.092000000000000e+00	-3.626572615786000e-04	1.930639119934000e-02	6.928975767455000e-04
4.093000000000000e+00	-5.027826604082000e-04	2.029227547088000e-02	6.906032816218000e-04
4.094000000000000e+00	-5.852908891773000e-04	2.124705962526000e-02	6.873901814061000e-04
4.095000000000000e+00	-6.677991170640000e-04	2.220184377927000e-02	6.841770811904000e-04
4.096000000000000e+00	-5.876054898428001e-04	2.308872842319000e-02	6.809591144103000e-04
4.097000000000000e+00	-5.074118626215999e-04	2.397561306711000e-02	6.777411476303000e-04
4.098000000000000e+00	-3.698279320569000e-04	2.482596644578000e-02	6.754374168638000e-04
4.099000000000000e+00	-1.748536993934000e-04	2.563978855999000e-02	6.740479220909000e-04
4.100000000000000e+00	2.012053326819000e-05	2.645361067378000e-02	6.726584273321000e-04
4.101000000000000e+00	2.147418825431000e-04	2.718872521316000e-02	6.738580654359000e-04
4.102000000000000e+00	4.093632318181000e-04	2.792383975254000e-02	6.750577035398001e-04
4.103000000000000e+00	5.463806435021000e-04	2.861634014751000e-02	6.771739129703000e-04
4.104000000000000e+00	6.257941188446000e-04	2.926622639900000e-02	6.802066937076000e-04
4.105000000000000e+00	7.052075933058000e-04	2.991611265000000e-02	6.832394744449000e-04
4.106000000000000e+00	6.220828387379000e-04	3.047386397406000e-02	6.862772210416000e-04
4.107000000000000e+00	5.389580841699000e-04	3.103161529812000e-02	6.893149676383000e-04
4.108000000000000e+00	3.984783970977000e-04	3.154020861326000e-02	6.914408205279001e-04
4.109000000000000e+00	2.006437787653000e-04	3.199964392057000e-02	6.926547797302000e-04
4.110000000000000e+00	2.809160433712000e-06	3.245907922731000e-02	6.938687389185000e-04
4.111000000000000e+00	-1.948557923053000e-04	3.281584775814000e-02	6.925002167662000e-04
4.112000000000000e+00	-3.925207450445000e-04	3.317261628897000e-02	6.911316946139000e-04
4.113000000000000e+00	-5.327987936805000e-04	3.347702673231000e-02	6.888490544418000e-04
4.114000000000000e+00	-6.156899394581000e-04	3.372907908931000e-02	6.856522962700000e-04
4.115000000000000e+00	-6.985810843574000e-04	3.398113144574000e-02	6.824555380980000e-04
4.116000000000000e+00	-6.194528211921000e-04	3.412829814845000e-02	6.792543418335000e-04
4.117000000000000e+00	-5.403245580269000e-04	3.427546485116000e-02	6.760531455690000e-04
4.118000000000000e+00	-4.040269736147000e-04	3.437051722152000e-02	6.737619035855000e-04
4.119000000000000e+00	-2.105600691960000e-04	3.441345526066000e-02	6.723806158634000e-04
4.120000000000000e+00	-1.709316477829000e-05	3.445639329923000e-02	6.709993281552999e-04
4.121000000000000e+00	1.761436023130000e-04	3.439552715565000e-02	6.721948096457000e-04
4.122000000000000e+00	3.693803694041000e-04	3.433466101206000e-02	6.733902911360000e-04
4.123000000000000e+00	5.053549239744000e-04	3.422176909756000e-02	6.754979406193000e-04
4.124000000000000e+00	5.840672672653000e-04	3.405685141328000e-02	6.785177580759000e-04
4.125000000000000e+00	6.627796096800000e-04	3.389193372843000e-02	6.815375755324000e-04
4.126000000000000e+00	5.798680018259000e-04	3.362248349914000e-02	6.845623082910000e-04
4.127000000000000e+00	4.969563939719000e-04	3.335303326986000e-02	6.875870410495999e-04
4.128000000000000e+00	3.570310375930000e-04	3.303148731087000e-02	6.897042328190000e-04
4.129000000000000e+00	1.600919339259000e-04	3.265784562330000e-02	6.909138836190000e-04
4.130000000000000e+00	-3.684716973951000e-05	3.228420393517000e-02	6.921235344050000e-04
4.131000000000000e+00	-2.334914490638000e-04	3.180858227218000e-02	6.907629823003000e-04
4.132000000000000e+00	-4.301357283879000e-04	3.133296060918000e-02	6.894024301957000e-04
4.133000000000000e+00	-5.696084127308000e-04	3.080859853046000e-02	6.871320302954000e-04
4.134000000000000e+00	-6.519095033320000e-04	3.023549603707000e-02	6.839517826192000e-04
4.135000000000000e+00	-7.342105930583000e-04	2.966239354318000e-02	6.807715349430000e-04
4.136000000000000e+00	-6.551527828667000e-04	2.899812617012000e-02	6.775865089545000e-04
4.137000000000000e+00	-5.760949726750999e-04	2.833385879705000e-02	6.744014829658999e-04
4.138000000000000e+00	-4.400838947353000e-04	2.762752567586000e-02	6.721218233261000e-04
4.139000000000000e+00	-2.471195502823000e-04	2.687912680744000e-02	6.707475300153000e-04
4.140000000000000e+00	-5.415520583011000e-05	2.613072793861000e-02	6.693732367184000e-04
4.141000000000000e+00	1.386969850365000e-04	2.530484433037000e-02	6.705629111239000e-04
4.142000000000000e+00	3.315491759032000e-04	2.447896072213000e-02	6.717525855294000e-04
4.143000000000000e+00	4.674715444820000e-04	2.361722171056000e-02	6.738498791138000e-04
4.144000000000000e+00	5.464640920079000e-04	2.271962729645000e-02	6.768547918574000e-04
4.145000000000000e+00	6.254566386622999e-04	2.182203288197000e-02	6.798597046011000e-04
4.146000000000000e+00	5.437108052461000e-04	2.085801747086000e-02	6.828693071929000e-04
4.147000000000000e+00	4.619649718299000e-04	1.989400205975000e-02	6.858789097847000e-04
4.148000000000000e+00	3.235297777100000e-04	1.889968161778000e-02	6.879852933268000e-04
4.149000000000000e+00	1.284052241157000e-04	1.787505614563000e-02	6.891884578387000e-04
4.150000000000000e+00	-6.671932947655000e-05	1.685043067318000e-02	6.903916223367000e-04
4.151000000000000e+00	-2.614585350885000e-04	1.577252741762000e-02	6.890369406176001e-04
4.152000000000000e+00	-4.561977407006000e-04	1.469462416206000e-02	6.876822588985000e-04
4.153000000000000e+00	-5.939981635788000e-04	1.359469628281000e-02	6.854221224645000e-04
4.154000000000000e+00	-6.748598049582000e-04	1.247274378034000e-02	6.822565313352000e-04
4.155000000000000e+00	-7.557214454664999e-04	1.135079127769000e-02	6.790909402059000e-04
4.156000000000000e+00	-6.759226331215000e-04	1.019540840834000e-02	6.759206354561000e-04
4.157000000000000e+00	-5.961238207765000e-04	9.040025538984999e-03	6.727503307063000e-04
4.158000000000000e+00	-4.596102599279000e-04	7.873368043362000e-03	6.704810540191000e-04
4.159000000000000e+00	-2.663819518060000e-04	6.695435921715000e-03	6.691128053748000e-04
4.160000000000000e+00	-7.315364368418000e-05	5.517503800000000e-03	6.677445567444000e-04
4.161000000000000e+00	1.200255195373000e-04	4.327036555340000e-03	6.689279596291000e-04
4.162000000000000e+00	3.132046827587000e-04	3.136569310680000e-03	6.701113625139000e-04
4.163000000000000e+00	4.497537982393000e-04	1.944152813697000e-03	6.721980171235000e-04
4.164000000000000e+00	5.296728672069000e-04	7.497870644347000e-04	6.751879234384000e-04
4.165000000000000e+00	6.095919353076000e-04	-4.445786848088000e-04	6.781778297534000e-04
4.166000000000000e+00	5.295854591007000e-04	-1.635219662239000e-03	6.811723832699000e-04
4.167000000000000e+00	4.495789828940000e-04	-2.825860639668000e-03	6.841669367864000e-04
4.168000000000000e+00	3.131694849751000e-04	-4.010843286102000e-03	6.862626070175001e-04
4.169000000000000e+00	1.203569665674000e-04	-5.190167601661000e-03	6.874593939828000e-04
4.170000000000000e+00	-7.245555183794001e-05	-6.369491917112000e-03	6.886561809343000e-04
4.171000000000000e+00	-2.648684225472000e-04	-7.528957788260000e-03	6.873074484339000e-04
4.172000000000000e+00	-4.572812932564000e-04	-8.688423659407999e-03	6.859587159336000e-04
4.173000000000000e+00	-5.930260049568000e-04	-9.833032759753000e-03	6.837089395319000e-04
4.174000000000000e+00	-6.721025588773000e-04	-1.096278508962000e-02	6.805581192484001e-04
4.175000000000000e+00	-7.511791119309000e-04	-1.209253741926000e-02	6.774072989650000e-04
4.176000000000000e+00	-6.703704352936000e-04	-1.318191647713000e-02	6.742520157738000e-04
4.177000000000000e+00	-5.895617586562000e-04	-1.427129553500000e-02	6.710967325826999e-04
4.178000000000000e+00	-4.523171304177000e-04	-1.533531744964000e-02	6.688383077872000e-04
4.179000000000000e+00	-2.586365518020000e-04	-1.637398222160000e-02	6.674767413678000e-04
4.180000000000000e+00	-6.495597318672000e-05	-1.741264699323000e-02	6.661151749622000e-04
4.181000000000000e+00	1.286528049556000e-04	-1.839169508672000e-02	6.672933421876000e-04
4.182000000000000e+00	3.222615830980000e-04	-1.937074318022000e-02	6.684715094131000e-04
4.183000000000000e+00	4.594953636355000e-04	-2.031650086664000e-02	6.705487190344000e-04
4.184000000000000e+00	5.403541477912000e-04	-2.122896814673000e-02	6.735249710321000e-04
4.185000000000000e+00	6.212129310836000e-04	-2.214143542643000e-02	6.765012230297000e-04
4.186000000000000e+00	5.428694141479000e-04	-2.298192065518000e-02	6.794821811683000e-04
4.187000000000000e+00	4.645258972121000e-04	-2.382240588393000e-02	6.824631393068001e-04
4.188000000000000e+00	3.300228684511000e-04	-2.462448362151000e-02	6.845494615529000e-04
4.189000000000000e+00	1.393603290825000e-04	-2.538815386877000e-02	6.857411479260000e-04
4.190000000000000e+00	-5.130221028417000e-05	-2.615182411558000e-02	6.869328342854000e-04
4.191000000000000e+00	-2.416303314940000e-04	-2.683341658869000e-02	6.855909048348000e-04
4.192000000000000e+00	-4.319584527039000e-04	-2.751500906180000e-02	6.842489753842000e-04
4.193000000000000e+00	-5.659262424050000e-04	-2.815252265589000e-02	6.820101345037000e-04
4.194000000000000e+00	-6.435337018193000e-04	-2.874595737192000e-02	6.788743822126000e-04
4.195000000000000e+00	-7.211411603714000e-04	-2.933939208743000e-02	6.757386299216000e-04
4.196000000000000e+00	-6.397115499733000e-04	-2.983824865189000e-02	6.725981236068000e-04
4.197000000000000e+00	-5.582819395750000e-04	-3.033710521636000e-02	6.694576172919000e-04
4.198000000000000e+00	-4.207329397763000e-04	-3.078583477089000e-02	6.672096022351000e-04
4.199000000000000e+00	-2.270645517941000e-04	-3.118443731658000e-02	6.658540784168000e-04
4.200000000000000e+00	-3.339616381282000e-05	-3.158303986170000e-02	6.644985546122000e-04
4.201000000000000e+00	1.600978646516000e-04	-3.187753524646000e-02	6.656706785998000e-04
4.202000000000000e+00	3.535918931158000e-04	-3.217203063121000e-02	6.668428025874000e-04
4.203000000000000e+00	4.909248940506001e-04	-3.241368614905000e-02	6.689097990448000e-04
4.204000000000000e+00	5.720968686736000e-04	-3.260250180111000e-02	6.718716679527000e-04
4.205000000000000e+00	6.532688424370000e-04	-3.279131745260000e-02	6.748335368607000e-04
4.206000000000000e+00	5.758829046164000e-04	-3.287474562810000e-02	6.778004694528000e-04
4.207000000000000e+00	4.984969667958000e-04	-3.295817380361000e-02	6.807674020450000e-04
4.208000000000000e+00	3.651605773485000e-04	-3.298946954299000e-02	6.828441786927000e-04
4.209000000000000e+00	1.758737374878000e-04	-3.296863284736000e-02	6.840307994152000e-04
4.210000000000000e+00	-1.341310237154000e-05	-3.294779615117000e-02	6.852174201242000e-04
4.211000000000000e+00	-2.024849793089000e-04	-3.282360737780000e-02	6.838828937162000e-04
4.212000000000000e+00	-3.915568562461000e-04	-3.269941860442000e-02	6.825483673082000e-04
4.213000000000000e+00	-5.245956462221000e-04	-3.252368829811000e-02	6.803213552430000e-04
4.214000000000000e+00	-6.016013504520000e-04	-3.229641645999000e-02	6.772018575398000e-04
4.215000000000000e+00	-6.786070538243000e-04	-3.206914462131000e-02	6.740823598365000e-04
4.216000000000000e+00	-5.974505767774000e-04	-3.173883964145000e-02	6.709583319710000e-04
4.217000000000000e+00	-5.162940997306000e-04	-3.140853466159000e-02	6.678343041054000e-04
4.218000000000000e+00	-3.793447393901000e-04	-3.102714304639000e-02	6.655985704826000e-04
4.219000000000000e+00	-1.866024969659000e-04	-3.059466479696000e-02	6.642511310832000e-04
4.220000000000000e+00	6.139745456625000e-06	-3.016218654698000e-02	6.629036916975000e-04
4.221000000000000e+00	1.985876728391000e-04	-2.963022667315000e-02	6.640718867837000e-04
4.222000000000000e+00	3.910356002215000e-04	-2.909826679932000e-02	6.652400818700000e-04
4.223000000000000e+00	5.275283881178000e-04	-2.851902997789000e-02	6.672988559657000e-04
4.224000000000000e+00	6.080660377415000e-04	-2.789251620988000e-02	6.702482090515000e-04
4.225000000000000e+00	6.886036865090000e-04	-2.726600244139000e-02	6.731975621373000e-04
4.226000000000000e+00	6.112150079720000e-04	-2.655163374755000e-02	6.761517862536000e-04
4.227000000000000e+00	5.338263294349000e-04	-2.583726505371000e-02	6.791060103699000e-04
4.228000000000000e+00	4.006934754700000e-04	-2.508266400866000e-02	6.811741774228000e-04
4.229000000000000e+00	2.118164472859000e-04	-2.428783061327000e-02	6.823562874317000e-04
4.230000000000000e+00	2.293941910231000e-05	-2.349299721748000e-02	6.835383974269000e-04
4.231000000000000e+00	-1.658373387966000e-04	-2.262469601462000e-02	6.822109981859000e-04
4.232000000000000e+00	-3.546140966956000e-04	-2.175639481176000e-02	6.808835989449000e-04
4.233000000000000e+00	-4.876772668720000e-04	-2.085442157580000e-02	6.786677652406000e-04
4.234000000000000e+00	-5.650268505341000e-04	-1.991877630747000e-02	6.755634970922999e-04
4.235000000000000e+00	-6.423764333432000e-04	-1.898313103880000e-02	6.724592289439000e-04
4.236000000000000e+00	-5.624149972477000e-04	-1.798576890084000e-02	6.693500965764000e-04
4.237000000000000e+00	-4.824535611522000e-04	-1.698840676287000e-02	6.662409642088000e-04
4.238000000000000e+00	-3.470116582366000e-04	-1.596324166915000e-02	6.640157658775000e-04
4.239000000000000e+00	-1.560892897041000e-04	-1.491027362028000e-02	6.626745015632000e-04
4.240000000000000e+00	3.483307882644000e-05	-1.385730557115000e-02	6.613332372624000e-04
4.241000000000000e+00	2.253711271529000e-04	-1.275630202999000e-02	6.624954735504000e-04
4.242000000000000e+00	4.159091754792000e-04	-1.165529848884000e-02	6.636577098383000e-04
4.243000000000000e+00	5.507139159719999e-04	-1.053497413798000e-02	6.657062438638000e-04
4.244000000000000e+00	6.297853498399000e-04	-9.395328977816000e-03	6.686410756077000e-04
4.245000000000000e+00	7.088567828552000e-04	-8.255683817504000e-03	6.715759073516000e-04
4.246000000000000e+00	6.306703460254000e-04	-7.088116487036000e-03	6.745155304779999e-04
4.247000000000000e+00	5.524839091957001e-04	-5.920549156568000e-03	6.774551536044000e-04
4.248000000000000e+00	4.187826103831000e-04	-4.744489917228000e-03	6.795129065571000e-04
4.249000000000000e+00	2.295664507919000e-04	-3.559938769203000e-03	6.806887893553000e-04
4.250000000000000e+00	4.035029120068000e-05	-2.375387621139000e-03	6.818646721400000e-04
4.251000000000000e+00	-1.488221200928000e-04	-1.183902336311000e-03	6.805429268604000e-04
4.252000000000000e+00	-3.379945313862000e-04	7.582948514802000e-06	6.792211815809000e-04
4.253000000000000e+00	-4.717378450407000e-04	1.198205680333000e-03	6.770152132357000e-04
4.254000000000000e+00	-5.500520622582000e-04	2.387965859162000e-03	6.739250218440000e-04
4.255000000000000e+00	-6.283662786270000e-04	3.577726037938000e-03	6.708348304522000e-04
4.256000000000000e+00	-5.501422753087000e-04	4.758137583821000e-03	6.677398239577000e-04
4.257000000000000e+00	-4.719182719904000e-04	5.938549129703000e-03	6.646448174632000e-04
4.258000000000000e+00	-3.384854161440000e-04	7.110512529305000e-03	6.624295816785000e-04
4.259000000000000e+00	-1.498437089666000e-04	8.274027782811000e-03	6.610941165844000e-04
4.260000000000000e+00	3.879799820851000e-05	9.437543036179000e-03	6.597586515039000e-04
4.261000000000000e+00	2.270459981614000e-04	1.057573054784000e-02	6.609148818025000e-04
4.262000000000000e+00	4.152939981142000e-04	1.171391805951000e-02	6.620711121010000e-04
4.263000000000000e+00	5.480696034715000e-04	1.283460641840000e-02	6.641094593539000e-04
4.264000000000000e+00	6.253728154362000e-04	1.393779562491000e-02	6.670299235421000e-04
4.265000000000000e+00	7.026760265523000e-04	1.504098483117000e-02	6.699503877304000e-04
4.266000000000000e+00	6.234670902957000e-04	1.609876401265000e-02	6.728756253636000e-04
4.267000000000000e+00	5.442581540392000e-04	1.715654319413000e-02	6.758008629969000e-04
4.268000000000000e+00	4.098034272202000e-04	1.818659059241000e-02	6.778484059434000e-04
4.269000000000000e+00	2.201029110365000e-04	1.918890620808000e-02	6.790182542222000e-04
4.270000000000000e+00	3.040239485330000e-05	2.019122182342000e-02	6.801881024875000e-04
4.271000000000000e+00	-1.592266233458000e-04	2.112947421487000e-02	6.788721971619000e-04
4.272000000000000e+00	-3.488556415451000e-04	2.206772660632000e-02	6.775562918362000e-04
4.273000000000000e+00	-4.832954659136000e-04	2.297061862496000e-02	6.753604280524000e-04
4.274000000000000e+00	-5.625460976484000e-04	2.383815027155000e-02	6.722846058294000e-04
4.275000000000000e+00	-6.417967285382000e-04	2.470568191773000e-02	6.692087836063999e-04
4.276000000000000e+00	-5.651903067868999e-04	2.549740882591000e-02	6.661284539271000e-04
4.277000000000000e+00	-4.885838850355000e-04	2.628913573409000e-02	6.630481242478000e-04
4.278000000000000e+00	-3.569950361994000e-04	2.704071745323000e-02	6.608435826466000e-04
4.279000000000000e+00	-1.704237614710000e-04	2.775215398419000e-02	6.595148291045000e-04
4.280000000000000e+00	1.614751325576000e-05	2.846359051468000e-02	6.581860755758000e-04
4.281000000000000e+00	2.024018148558000e-04	2.908987029247000e-02	6.593375512319000e-04
4.282000000000000e+00	3.886561164560000e-04	2.971615007025000e-02	6.604890268880000e-04
4.283000000000000e+00	5.197394285092999e-04	3.029703716563000e-02	6.625185223050000e-04
4.284000000000000e+00	5.956517522121000e-04	3.083253157958000e-02	6.654260374637000e-04
4.285000000000000e+00	6.715640750708000e-04	3.136802599301000e-02	6.683335526224000e-04
4.286000000000000e+00	5.917870298133000e-04	3.180680830745000e-02	6.712457127048000e-04
4.287000000000000e+00	5.120099845557000e-04	3.224559062188000e-02	6.741578727871000e-04
4.288000000000000e+00	3.772937237534000e-04	3.263343407777000e-02	6.761963140880000e-04
4.289000000000000e+00	1.876382485982000e-04	3.297033867621000e-02	6.773610366263000e-04
4.290000000000000e+00	-2.017226556545000e-06	3.330724327408000e-02	6.785257591513000e-04
4.291000000000000e+00	-1.914998512290000e-04	3.353891812165000e-02	6.772160100036000e-04
4.292000000000000e+00	-3.809824759013000e-04	3.377059296923000e-02	6.759062608560000e-04
4.293000000000000e+00	-5.154805723064000e-04	3.394910619754000e-02	6.737205083227000e-04
4.294000000000000e+00	-5.949941416366000e-04	3.407445780773000e-02	6.706587524228000e-04
4.295000000000000e+00	-6.745077101251000e-04	3.419980941734000e-02	6.675969965228001e-04
4.296000000000000e+00	-5.987817113418000e-04	3.421959237082000e-02	6.645305713204000e-04
4.297000000000000e+00	-5.230557125586000e-04	3.423937532431000e-02	6.614641461179000e-04
4.298000000000000e+00	-3.925471651925000e-04	3.420716704228000e-02	6.592694282975000e-04
4.299000000000000e+00	-2.072560704318000e-04	3.412296752587000e-02	6.579464178403000e-04
4.300000000000000e+00	-2.196497567228000e-05	3.403876800891000e-02	6.566234073964999e-04
4.301000000000000e+00	1.631266542085000e-04	3.385198157240000e-02	6.577692740770000e-04
4.302000000000000e+00	3.482182840893000e-04	3.366519513589000e-02	6.589151407574000e-04
4.303000000000000e+00	4.784553342263000e-04	3.342750323625000e-02	6.609351185932000e-04
4.304000000000000e+00	5.538378058095000e-04	3.313890587459000e-02	6.638292075654999e-04
4.305000000000000e+00	6.292202765531000e-04	3.285030851237000e-02	6.667232965378000e-04
4.306000000000000e+00	5.497596900794000e-04	3.246046834671000e-02	6.696224424465000e-04
4.307000000000000e+00	4.702991036056000e-04	3.207062818105000e-02	6.725215883552000e-04
4.308000000000000e+00	3.362168392294000e-04	3.163084843207000e-02	6.745512873090000e-04
4.309000000000000e+00	1.475128981353000e-04	3.114112910085000e-02	6.757115393267000e-04
4.310000000000000e+00	-4.119104295723000e-05	3.065140976911000e-02	6.768717913310000e-04
4.311000000000000e+00	-2.295976174915000e-04	3.006496681896000e-02	6.755694009635000e-04
4.312000000000000e+00	-4.180041920259000e-04	2.947852386882000e-02	6.742670105961000e-04
4.313000000000000e+00	-5.516191121028000e-04	2.884638876557000e-02	6.720927878521000e-04
4.314000000000000e+00	-6.304423789107000e-04	2.816856151020000e-02	6.690467327506000e-04
4.315000000000000e+00	-7.092656448801000e-04	2.749073425437000e-02	6.660006776490000e-04
4.316000000000000e+00	-6.334470371436000e-04	2.672858667732000e-02	6.629500549791000e-04
4.317000000000000e+00	-5.576284294070999e-04	2.596643910027000e-02	6.598994323093000e-04
4.318000000000000e+00	-4.272219251033000e-04	2.516599500329000e-02	6.577164628239000e-04
4.319000000000000e+00	-2.422275254166000e-04	2.432725438722000e-02	6.564011465043000e-04
4.320000000000000e+00	-5.723312573021000e-05	2.348851377077000e-02	6.550858301980000e-04
4.321000000000000e+00	1.276762809769000e-04	2.258050484502000e-02	6.562278520533000e-04
4.322000000000000e+00	3.125856876841000e-04	2.167249591928000e-02	6.573698739086999e-04
4.323000000000000e+00	4.429482457025000e-04	2.073307711724000e-02	6.593818838293000e-04
4.324000000000000e+00	5.187639562152000e-04	1.976224843960000e-02	6.622638817963000e-04
4.325000000000000e+00	5.945796658928000e-04	1.879141976165000e-02	6.651458797633000e-04
4.326000000000000e+00	5.163695309527000e-04	1.776370884853000e-02	6.680327168559000e-04
4.327000000000000e+00	4.381593960127000e-04	1.673599793540000e-02	6.709195539484000e-04
4.328000000000000e+00	3.056268389663000e-04	1.568303739928000e-02	6.729408449823000e-04
4.329000000000000e+00	1.187718609920000e-04	1.460482724070000e-02	6.740965899763000e-04
4.330000000000000e+00	-6.808311698045000e-05	1.352661708190000e-02	6.752523349569000e-04
4.331000000000000e+00	-2.545567676083000e-04	1.240568844604000e-02	6.739565329223000e-04
4.332000000000000e+00	-4.410304182360000e-04	1.128475981019000e-02	6.726607308876000e-04
4.333000000000000e+00	-5.729271419186000e-04	1.014723802461000e-02	6.704969631479000e-04
4.334000000000000e+00	-6.502469398397000e-04	8.993123089663000e-03	6.674652297221000e-04
4.335000000000000e+00	-7.275667369258000e-04	7.839008154597000e-03	6.644334962962000e-04
4.336000000000000e+00	-6.508911505535000e-04	6.662500451940000e-03	6.613968920836000e-04
4.337000000000000e+00	-5.742155641813000e-04	5.485992749285000e-03	6.583602878710000e-04
4.338000000000000e+00	-4.431752448201000e-04	4.303773118640000e-03	6.561871913292000e-04
4.339000000000000e+00	-2.577701936490000e-04	3.115841560132000e-03	6.548776024395000e-04
4.340000000000000e+00	-7.236514247826000e-05	1.927910001617000e-03	6.535680135631000e-04
4.341000000000000e+00	1.130021275344000e-04	7.386122417850000e-04	6.547042272505000e-04
4.342000000000000e+00	2.983693975471000e-04	-4.506855180467000e-04	6.558404409379000e-04
4.343000000000000e+00	4.294592018813000e-04	-1.636339748239000e-03	6.578425823906000e-04
4.344000000000000e+00	5.062715417143000e-04	-2.818350448872000e-03	6.607106515900000e-04
4.345000000000000e+00	5.830838807163000e-04	-4.000361149423000e-03	6.635787207894000e-04
4.346000000000000e+00	5.066051081101000e-04	-5.167489996773000e-03	6.664516021499000e-04
4.347000000000000e+00	4.301263355040000e-04	-6.334618844122000e-03	6.693244835104000e-04
4.348000000000000e+00	2.995826967139000e-04	-7.490569138094000e-03	6.713358337484000e-04
4.349000000000000e+00	1.149741929121000e-04	-8.635340878932000e-03	6.724856528825000e-04
4.350000000000000e+00	-6.963431088754000e-05	-9.780112619604001e-03	6.736354720035000e-04
4.351000000000000e+00	-2.538581509853000e-04	-1.089423235253000e-02	6.723451043800000e-04
4.352000000000000e+00	-4.380819910831000e-04	-1.200835208546000e-02	6.710547367566000e-04
4.353000000000000e+00	-5.679821669728000e-04	-1.310241464119000e-02	6.689004239438000e-04
4.354000000000000e+00	-6.435586798325000e-04	-1.417642002017000e-02	6.658821659604000e-04
4.355000000000000e+00	-7.191351918612000e-04	-1.525042539888000e-02	6.628639079769000e-04
4.356000000000000e+00	-6.414385854447000e-04	-1.627417409689000e-02	6.598408132877000e-04
4.357000000000000e+00	-5.637419790281000e-04	-1.729792279491000e-02	6.568177185985000e-04
4.358000000000000e+00	-4.319429066172000e-04	-1.829167005338000e-02	6.546541479438000e-04
4.359000000000000e+00	-2.460413693855000e-04	-1.925541587295000e-02	6.533501013049000e-04
4.360000000000000e+00	-6.013983215403000e-05	-2.021916169216000e-02	6.520460546793000e-04
4.361000000000000e+00	1.256876517925000e-04	-2.111462686033000e-02	6.531765255169000e-04
4.362000000000000e+00	3.115151357392000e-04	-2.201009202850000e-02	6.543069963544000e-04
4.363000000000000e+00	4.432900777243000e-04	-2.286825075679000e-02	6.562994011122000e-04
4.364000000000000e+00	5.210124789201000e-04	-2.368910304601000e-02	6.591537397713999e-04
4.365000000000000e+00	5.987348792882000e-04	-2.450995533480000e-02	6.620080784306000e-04
4.366000000000000e+00	5.238093453473000e-04	-2.525144567789000e-02	6.648672202458000e-04
4.367000000000000e+00	4.488838114065000e-04	-2.599293602097000e-02	6.677263620609000e-04
4.368000000000000e+00	3.201060674699000e-04	-2.669268402688000e-02	6.697279690471000e-04
4.369000000000000e+00	1.374761147059000e-04	-2.735068969650000e-02	6.708720412229000e-04
4.370000000000000e+00	-4.515383805673000e-05	-2.800869536565000e-02	6.720161133855000e-04
4.371000000000000e+00	-2.274799929037000e-04	-2.857875890296000e-02	6.707313613614000e-04
4.372000000000000e+00	-4.098061477505000e-04	-2.914882244028000e-02	6.694466093374000e-04
4.373000000000000e+00	-5.381004008356000e-04	-2.967233072945000e-02	6.673019952412000e-04
4.374000000000000e+00	-6.123627533306000e-04	-3.014928377148000e-02	6.642975190914000e-04
4.375000000000000e+00	-6.866251049988000e-04	-3.062623681298000e-02	6.612930429415000e-04
4.376000000000000e+00	-6.084073190973000e-04	-3.100465180872000e-02	6.582840357254000e-04
4.377000000000000e+00	-5.301895331959000e-04	-3.138306680445000e-02	6.552750285093000e-04
4.378000000000000e+00	-3.981648965504000e-04	-3.170988660083000e-02	6.531217404825000e-04
4.379000000000000e+00	-2.123334103280000e-04	-3.198511119897000e-02	6.518241716266000e-04
4.380000000000000e+00	-2.650192410657000e-05	-3.226033579653000e-02	6.505266027838000e-04
4.381000000000000e+00	1.591548015142000e-04	-3.242952044174000e-02	6.516525820920000e-04
4.382000000000000e+00	3.448115271348000e-04	-3.259870508696000e-02	6.527785614001000e-04
4.383000000000000e+00	4.766095998844000e-04	-3.271456260419000e-02	6.547625461072000e-04
4.384000000000000e+00	5.545490209309000e-04	-3.277709299459000e-02	6.576045361946000e-04
4.385000000000000e+00	6.324884411529000e-04	-3.283962338442000e-02	6.604465262820000e-04
4.386000000000000e+00	5.583654059512000e-04	-3.279671490214000e-02	6.632931616269000e-04
4.387000000000000e+00	4.842423707494000e-04	-3.275380641986000e-02	6.661397969717000e-04
4.388000000000000e+00	3.564544367119000e-04	-3.265920138670000e-02	6.681326801210000e-04
4.389000000000000e+00	1.750016050024000e-04	-3.251289980377000e-02	6.692718110932000e-04
4.390000000000000e+00	-6.451226706085000e-06	-3.236659822029000e-02	6.704109420523000e-04
4.391000000000000e+00	-1.877232756552000e-04	-3.211877454691000e-02	6.691320087015000e-04
4.392000000000000e+00	-3.689953246043000e-04	-3.187095087352000e-02	6.678530753507000e-04
4.393000000000000e+00	-4.965443584686999e-04	-3.157300220358000e-02	6.657180582474000e-04
4.394000000000000e+00	-5.703703784139000e-04	-3.122492853817000e-02	6.627269574099000e-04
4.395000000000000e+00	-6.441963975368000e-04	-3.087685487222000e-02	6.597358565725000e-04
4.396000000000000e+00	-5.663640735523000e-04	-3.042960354455000e-02	6.567400855272000e-04
4.397000000000000e+00	-4.885317495676000e-04	-2.998235221688000e-02	6.537443144820000e-04
4.398000000000000e+00	-3.572012098132000e-04	-2.948643771019000e-02	6.516003756750000e-04
4.399000000000000e+00	-1.723724554487000e-04	-2.894186002554000e-02	6.503082690878001e-04
4.400000000000000e+00	1.245629891406000e-05	-2.839728234037000e-02	6.490161625137000e-04
4.401000000000000e+00	1.969854370817000e-04	-2.775898054275000e-02	6.501367792029000e-04
4.402000000000000e+00	3.815145752494000e-04	-2.712067874512000e-02	6.512573958920000e-04
4.403000000000000e+00	5.123688184747000e-04	-2.643838142964000e-02	6.532322887438000e-04
4.404000000000000e+00	5.895481679214001e-04	-2.571208859727000e-02	6.560614577396000e-04
4.405000000000000e+00	6.667275165467000e-04	-2.498579576446000e-02	6.588906267354000e-04
4.406000000000000e+00	5.924178564613000e-04	-2.417892222747000e-02	6.617248317695000e-04
4.407000000000000e+00	5.181081963758000e-04	-2.337204869048000e-02	6.645590368035000e-04
4.408000000000000e+00	3.903214033679000e-04	-2.252890684386000e-02	6.665435651731000e-04
4.409000000000000e+00	2.090574785977000e-04	-2.164949668839000e-02	6.676784168967000e-04
4.410000000000000e+00	2.779355382766000e-05	-2.077008653256000e-02	6.688132686072000e-04
4.411000000000000e+00	-1.533960702719000e-04	-1.982576976549000e-02	6.675413454583000e-04
4.412000000000000e+00	-3.345856943713000e-04	-1.888145299843000e-02	6.662694223093000e-04
4.413000000000000e+00	-4.623455285553000e-04	-1.790805709097000e-02	6.641453976066000e-04
4.414000000000000e+00	-5.366755739824000e-04	-1.690558204375000e-02	6.611692713686000e-04
4.415000000000000e+00	-6.110056185916000e-04	-1.590310699625000e-02	6.581931451306000e-04
4.416000000000000e+00	-5.344570705562000e-04	-1.484869453862000e-02	6.552124503983000e-04
4.417000000000000e+00	-4.579085225210000e-04	-1.379428208099000e-02	6.522317556659000e-04
4.418000000000000e+00	-3.281466986492000e-04	-1.271721452101000e-02	6.500990262919999e-04
4.419000000000000e+00	-1.451716000951000e-04	-1.161749185917000e-02	6.488142622580999e-04
4.420000000000000e+00	3.780349845690000e-05	-1.051776919713000e-02	6.475294982373000e-04
4.421000000000000e+00	2.204027227286000e-04	-9.380699860804000e-03	6.486464498411000e-04
4.422000000000000e+00	4.030019470002000e-04	-8.243630524483000e-03	6.497634014449000e-04
4.423000000000000e+00	5.321343743240000e-04	-7.092709692464000e-03	6.517306977900000e-04
4.424000000000000e+00	6.078000058595000e-04	-5.927937365046000e-03	6.545483388579000e-04
4.425000000000000e+00	6.834656365770000e-04	-4.763165037538000e-03	6.573659799258000e-04
4.426000000000000e+00	6.082664282295000e-04	-3.581531163982000e-03	6.601884610896000e-04
4.427000000000000e+00	5.330672198820000e-04	-2.399897290427000e-03	6.630109422534000e-04
4.428000000000000e+00	4.046067431851000e-04	-1.215319282209000e-03	6.649874783895000e-04
4.429000000000000e+00	2.228849992937000e-04	-2.779713939106000e-05	6.661180695162000e-04
4.430000000000000e+00	4.116325540263000e-05	1.159725003404000e-03	6.672486606299000e-04
4.431000000000000e+00	-1.405264308488000e-04	2.343096645534000e-03	6.659830859989000e-04
4.432000000000000e+00	-3.222161171003000e-04	3.526468287665000e-03	6.647175113679000e-04
4.433000000000000e+00	-4.507331029444000e-04	4.703454860964000e-03	6.626035335178000e-04
4.434000000000000e+00	-5.260773895344000e-04	5.874056365572000e-03	6.596411524672000e-04
4.435000000000000e+00	-6.014216753101000e-04	7.044657870070000e-03	6.566787714165000e-04
4.436000000000000e+00	-5.265895346393000e-04	8.194951002119999e-03	6.537115374946000e-04
4.437000000000000e+00	-4.517573939684000e-04	9.345244134171000e-03	6.507443035727000e-04
4.438000000000000e+00	-3.239574456675000e-04	1.048169511769000e-02	6.486210732172000e-04
4.439000000000000e+00	-1.431896908850000e-04	1.160430395299000e-02	6.473418464096000e-04
4.440000000000000e+00	3.757806389551000e-05	1.272691278810000e-02	6.460626196149000e-04
4.441000000000000e+00	2.179709852695000e-04	1.381370393338000e-02	6.471740733394000e-04
4.442000000000000e+00	3.983639066435000e-04	1.490049507866000e-02	6.482855270640000e-04
4.443000000000000e+00	5.255357291659000e-04	1.596476155091000e-02	6.502434335759000e-04
4.444000000000000e+00	5.994864539908000e-04	1.700650335063000e-02	6.530477928568000e-04
4.445000000000000e+00	6.734371780015000e-04	1.804824515005000e-02	6.558521521378000e-04
4.446000000000000e+00	5.972225071699001e-04	1.903508486559000e-02	6.586612948481999e-04
4.447000000000000e+00	5.210078363383000e-04	2.002192458114000e-02	6.614704375586000e-04
4.448000000000000e+00	3.917870938628000e-04	2.097660314436000e-02	6.634374582231000e-04
4.449000000000000e+00	2.095602808933000e-04	2.189912055594000e-02	6.645623568599000e-04
4.450000000000000e+00	2.733346792400000e-05	2.282163796714000e-02	6.656872554838000e-04
4.451000000000000e+00	-1.548192023845000e-04	2.367189496665000e-02	6.644268319288000e-04
4.452000000000000e+00	-3.369718726929000e-04	2.452215196616000e-02	6.631664083738000e-04
4.453000000000000e+00	-4.661641303525000e-04	2.533328384935000e-02	6.610614282577000e-04
4.454000000000000e+00	-5.423959765116000e-04	2.610529061706000e-02	6.581118915988000e-04
4.455000000000000e+00	-6.186278218599000e-04	2.687729738432000e-02	6.551623549398000e-04
4.456000000000000e+00	-5.452937148227000e-04	2.756665570663000e-02	6.522080258809000e-04
4.457000000000000e+00	-4.719596077855000e-04	2.825601402895000e-02	6.492536968220000e-04
4.458000000000000e+00	-3.458585593884000e-04	2.890217508582000e-02	6.471395813170000e-04
4.459000000000000e+00	-1.669905707758000e-04	2.950513887819000e-02	6.458656793477000e-04
4.460000000000000e+00	1.187741783507000e-05	3.010810267006000e-02	6.445917773913000e-04
4.461000000000000e+00	1.904544920452000e-04	3.062063395214000e-02	6.456977925364000e-04
4.462000000000000e+00	3.690315662552000e-04	3.113316523422000e-02	6.468038076816000e-04
4.463000000000000e+00	4.946707853887000e-04	3.159812968439000e-02	6.487524549119000e-04
4.464000000000000e+00	5.673721505938000e-04	3.201552730367000e-02	6.515437342091000e-04
4.465000000000000e+00	6.400735149888000e-04	3.243292492241000e-02	6.543350135064000e-04
4.466000000000000e+00	5.633773973848000e-04	3.275026419719000e-02	6.571310243236000e-04
4.467000000000000e+00	4.866812797807000e-04	3.306760347197000e-02	6.599270351408000e-04
4.468000000000000e+00	3.572665001879000e-04	3.333284465906000e-02	6.618847078652000e-04
4.469000000000000e+00	1.751330597493000e-04	3.354598775959000e-02	6.630040425150000e-04
4.470000000000000e+00	-7.000380688064000e-06	3.375913085953000e-02	6.641233771519000e-04
4.471000000000000e+00	-1.889551080161000e-04	3.386573040268000e-02	6.628681726080000e-04
4.472000000000000e+00	-3.709098353443000e-04	3.397232994583000e-02	6.616129680641000e-04
4.473000000000000e+00	-5.000860729754000e-04	3.402558940076000e-02	6.595170821495000e-04
4.474000000000000e+00	-5.764838220546999e-04	3.402550876863000e-02	6.565805148824999e-04
4.475000000000000e+00	-6.528815703258001e-04	3.402542813593000e-02	6.536439476154000e-04
4.476000000000000e+00	-5.802667623670000e-04	3.392034048669000e-02	6.507028714642000e-04
4.477000000000000e+00	-5.076519544081000e-04	3.381525283746000e-02	6.477617953131001e-04
4.478000000000000e+00	-3.824457756272000e-04	3.365891167240000e-02	6.456573198337000e-04
4.479000000000000e+00	-2.046482271645000e-04	3.345131699261000e-02	6.443894450078000e-04
4.480000000000000e+00	-2.685067870278000e-05	3.324372231229000e-02	6.431215701948000e-04
4.481000000000000e+00	1.507818875895000e-04	3.293595855277000e-02	6.442232232164000e-04
4.482000000000000e+00	3.284144538820000e-04	3.262819479326000e-02	6.453248762381001e-04
4.483000000000000e+00	4.534090234992000e-04	3.227122461771000e-02	6.472654654434000e-04
4.484000000000000e+00	5.257655975827000e-04	3.186504802721000e-02	6.500449908143000e-04
4.485000000000000e+00	5.981221708605000e-04	3.145887143617000e-02	6.528245161852000e-04
4.486000000000000e+00	5.218751753998000e-04	3.095584360663000e-02	6.556087295971000e-04
4.487000000000000e+00	4.456281799389000e-04	3.045281577708000e-02	6.583929430091000e-04
4.488000000000000e+00	3.169603136721000e-04	2.990252332097000e-02	6.603424666792000e-04
4.489000000000000e+00	1.358715777365000e-04	2.930496623931000e-02	6.614573006255000e-04
4.490000000000000e+00	-4.521715819770000e-05	2.870740915717000e-02	6.625721345590000e-04
4.491000000000000e+00	-2.260063485626000e-04	2.801935370806000e-02	6.613227183304000e-04
4.492000000000000e+00	-4.067955389273000e-04	2.733129825895000e-02	6.600733021019000e-04
4.493000000000000e+00	-5.349830233263000e-04	2.660104772384000e-02	6.579867863582000e-04
4.494000000000000e+00	-6.105688029003000e-04	2.582860210366000e-02	6.550631711174000e-04
4.495000000000000e+00	-6.861545816693999e-04	2.505615648306000e-02	6.521395558767000e-04
4.496000000000000e+00	-6.132801553315000e-04	2.420705792536000e-02	6.492111903048000e-04
4.497000000000000e+00	-5.404057289937000e-04	2.335795936766000e-02	6.462828247329000e-04
4.498000000000000e+00	-4.151212504635000e-04	2.247470432163000e-02	6.441872785648000e-04
4.499000000000000e+00	-2.374267208775000e-04	2.155729278801000e-02	6.429245517823999e-04
4.500000000000000e+00	-5.973219129203000e-05	2.063988125407000e-02	6.416618250128000e-04
4.501000000000000e+00	1.178979114695000e-04	1.966206894446000e-02	6.427581532270000e-04
4.502000000000000e+00	2.955280142309000e-04	1.868425663484000e-02	6.438544814411000e-04
4.503000000000000e+00	4.208012403252000e-04	1.767975528806000e-02	6.457861339441000e-04
4.504000000000000e+00	4.937175908876000e-04	1.664856490470000e-02	6.485531107178000e-04
4.505000000000000e+00	5.666339406482000e-04	1.561737452107000e-02	6.513200874914000e-04
4.506000000000000e+00	4.916954932405000e-04	1.453928311524000e-02	6.540920782654000e-04
4.507000000000000e+00	4.167570458327000e-04	1.346119170940000e-02	6.568640690393001e-04
4.508000000000000e+00	2.896716967436000e-04	1.236307155892000e-02	6.588052674501000e-04
4.509000000000000e+00	1.104394471041000e-04	1.124492266423000e-02	6.599156735157999e-04
4.510000000000000e+00	-6.879280253332001e-05	1.012677376937000e-02	6.610260795688000e-04
4.511000000000000e+00	-2.476513208045000e-04	8.976686129925001e-03	6.597830747442000e-04
4.512000000000000e+00	-4.265098390757000e-04	7.826598490485000e-03	6.585400699197000e-04
4.513000000000000e+00	-5.529661239997001e-04	6.665405755437000e-03	6.564638117162000e-04
4.514000000000000e+00	-6.270201767130000e-04	5.493107925021000e-03	6.535543001519000e-04
4.515000000000000e+00	-7.010742286248000e-04	4.320810094545000e-03	6.506447885875000e-04
4.516000000000000e+00	-6.272673815861000e-04	3.137165587766000e-03	6.477307186765000e-04
4.517000000000000e+00	-5.534605345474000e-04	1.953521080988000e-03	6.448166487654000e-04
4.518000000000000e+00	-4.274513419043000e-04	7.696792243213000e-04	6.427317499351000e-04
4.519000000000000e+00	-2.492398047888000e-04	-4.143599822307000e-04	6.414760221676999e-04
4.520000000000000e+00	-7.102826767341999e-05	-1.598399188731000e-03	6.402202944129000e-04
4.521000000000000e+00	1.071575381397000e-04	-2.772839312176000e-03	6.413131866175000e-04
4.522000000000000e+00	2.853433439530000e-04	-3.947279435622000e-03	6.424060788221000e-04
4.523000000000000e+00	4.114176492152000e-04	-5.112640347584000e-03	6.443305739283000e-04
4.524000000000000e+00	4.853804550568000e-04	-6.268922048261000e-03	6.470866719179000e-04
4.525000000000000e+00	5.593432601004000e-04	-7.425203748799000e-03	6.498427699076000e-04
4.526000000000000e+00	4.861212840898000e-04	-8.555872048015001e-03	6.526037534805000e-04
4.527000000000000e+00	4.128993080791000e-04	-9.686540347232001e-03	6.553647370533000e-04
4.528000000000000e+00	2.877633246583000e-04	-1.080077649637000e-02	6.572985184097000e-04
4.529000000000000e+00	1.107133349535000e-04	-1.189858049577000e-02	6.584050975677000e-04
4.530000000000000e+00	-6.633665474941000e-05	-1.299638449496000e-02	6.595116767130000e-04
4.531000000000000e+00	-2.430209927922000e-04	-1.405337599127000e-02	6.582750209636000e-04
4.532000000000000e+00	-4.197053308351000e-04	-1.511036748758000e-02	6.570383652142000e-04
4.533000000000000e+00	-5.442275527545000e-04	-1.614246282300000e-02	6.549720023846000e-04
4.534000000000000e+00	-6.165876596814000e-04	-1.714966199806000e-02	6.520759324928000e-04
4.535000000000000e+00	-6.889477658103000e-04	-1.815686117280000e-02	6.491798626009001e-04
4.536000000000000e+00	-6.141278664968000e-04	-1.910472366263000e-02	6.462789677344000e-04
4.537000000000000e+00	-5.393079671834000e-04	-2.005258615245000e-02	6.433780728678000e-04
4.538000000000000e+00	-4.125355511489000e-04	-2.096624172469000e-02	6.413025531432000e-04
4.539000000000000e+00	-2.338106195204000e-04	-2.184569038008000e-02	6.400524085425000e-04
4.540000000000000e+00	-5.508568789214000e-05	-2.272513903505000e-02	6.388022639546000e-04
4.541000000000000e+00	1.235638048201000e-04	-2.352859149050000e-02	6.398901456460000e-04
4.542000000000000e+00	3.022132975322000e-04	-2.433204394594000e-02	6.409780273375000e-04
4.543000000000000e+00	4.289507799201000e-04	-2.509468223066000e-02	6.428937556097000e-04
4.544000000000000e+00	5.037762531094000e-04	-2.581650634554000e-02	6.456373304446000e-04
4.545000000000000e+00	5.786017255037000e-04	-2.653833045995000e-02	6.483809052795000e-04
4.546000000000000e+00	5.068204487646000e-04	-2.717449288184000e-02	6.511292215502000e-04
4.547000000000000e+00	4.350391720254000e-04	-2.781065530373000e-02	6.538775378209000e-04
4.548000000000000e+00	3.115327839349000e-04	-2.840230806932000e-02	6.558022607654000e-04
4.549000000000000e+00	1.363012856149000e-04	-2.894945117959000e-02	6.569033904014000e-04
4.550000000000000e+00	-3.893021270354000e-05	-2.949659428935000e-02	6.580045200248000e-04
4.551000000000000e+00	-2.138848433884000e-04	-2.995110832412000e-02	6.567727095853000e-04
4.552000000000000e+00	-3.888394740733000e-04	-3.040562235888000e-02	6.555408991458001e-04
4.553000000000000e+00	-5.119083215032000e-04	-3.081170751103000e-02	6.534830431786000e-04
4.554000000000000e+00	-5.830913868035000e-04	-3.116936378163000e-02	6.505991417018000e-04
4.555000000000000e+00	-6.542744513099000e-04	-3.152702005167000e-02	6.477152402249000e-04
4.556000000000000e+00	-5.790240073260000e-04	-3.178339881599000e-02	6.448265890063000e-04
4.557000000000000e+00	-5.037735633420000e-04	-3.203977758031000e-02	6.419379377876000e-04
4.558000000000000e+00	-3.768511314784000e-04	-3.224370578210000e-02	6.398710679490000e-04
4.559000000000000e+00	-1.982567128556000e-04	-3.239518342248000e-02	6.386259794725000e-04
4.560000000000000e+00	-1.966229423385000e-05	-3.254666106229000e-02	6.373808910086000e-04
4.561000000000000e+00	1.587478109493000e-04	-3.259139050341000e-02	6.384636144398000e-04
4.562000000000000e+00	3.371579161326000e-04	-3.263611994452000e-02	6.395463378710000e-04
4.563000000000000e+00	4.638270409211000e-04	-3.262764429108000e-02	6.414532831476000e-04
4.564000000000000e+00	5.387551864373000e-04	-3.256596354422000e-02	6.441844502516000e-04
4.565000000000000e+00	6.136833311614000e-04	-3.250428279680000e-02	6.469156173556000e-04
4.566000000000000e+00	5.425301440205000e-04	-3.233831825259000e-02	6.496514774290000e-04
4.567000000000000e+00	4.713769568795000e-04	-3.217235370839000e-02	6.523873375024000e-04
4.568000000000000e+00	3.486648547088000e-04	-3.195572096511000e-02	6.543031855334000e-04
4.569000000000000e+00	1.743938386269000e-04	-3.168842002387000e-02	6.553990215399000e-04
4.570000000000000e+00	1.228225455549000e-07	-3.142111908209000e-02	6.564948575337000e-04
4.571000000000000e+00	-1.739962256477000e-04	-3.105527681378000e-02	6.552679238491000e-04
4.572000000000000e+00	-3.481152738411000e-04	-3.068943454546000e-02	6.540409901646000e-04
4.573000000000000e+00	-4.706382384074000e-04	-3.027543525170000e-02	6.519916317676000e-04
4.574000000000000e+00	-5.415651204654000e-04	-2.981327893354000e-02	6.491198486761000e-04
4.575000000000000e+00	-6.124920017336000e-04	-2.935112261486000e-02	6.462480655846000e-04
4.576000000000000e+00	-5.377509599273000e-04	-2.879468708825000e-02	6.433716619559000e-04
4.577000000000000e+00	-4.630099181211000e-04	-2.823825156163000e-02	6.404952583271999e-04
4.578000000000000e+00	-3.368842645825000e-04	-2.763606376853000e-02	6.384371523421000e-04
4.579000000000000e+00	-1.593740004261000e-04	-2.698812370994000e-02	6.371973439830000e-04
4.580000000000000e+00	1.813626372871000e-05	-2.634018365088000e-02	6.359575356365000e-04
4.581000000000000e+00	1.953439650052000e-04	-2.560517956037000e-02	6.370356654631000e-04
4.582000000000000e+00	3.725516662815000e-04	-2.487017546987000e-02	6.381137952896000e-04
4.583000000000000e+00	4.981874361577000e-04	-2.409487124404000e-02	6.400127016706000e-04
4.584000000000000e+00	5.722512757519000e-04	-2.327926688378000e-02	6.427323845882000e-04
4.585000000000000e+00	6.463151145571000e-04	-2.246366252313000e-02	6.454520675059000e-04
4.586000000000000e+00	5.748273659025000e-04	-2.157550181021000e-02	6.481766548004000e-04
4.587000000000000e+00	5.033396172479000e-04	-2.068734109729000e-02	6.509012420950000e-04
4.588000000000000e+00	3.804669790309000e-04	-1.976720937931000e-02	6.528094353049001e-04
4.589000000000000e+00	2.062094523659000e-04	-1.881510665697000e-02	6.539012344478000e-04
4.590000000000000e+00	3.195192570137000e-05	-1.786300393434000e-02	6.549930335781000e-04
4.591000000000000e+00	-1.422502787420000e-04	-1.685513021284000e-02	6.537720903688000e-04
4.592000000000000e+00	-3.164524831853000e-04	-1.584725649134000e-02	6.525511471594000e-04
4.593000000000000e+00	-4.393286949932000e-04	-1.481513309214000e-02	6.505112354856000e-04
4.594000000000000e+00	-5.108789152789000e-04	-1.375876001576000e-02	6.476523553649000e-04
4.595000000000000e+00	-5.824291347788000e-04	-1.270238693915000e-02	6.447934752442000e-04
4.596000000000000e+00	-5.090309371221000e-04	-1.160422076724000e-02	6.419296607304000e-04
4.597000000000000e+00	-4.356327394655000e-04	-1.050605459533000e-02	6.390658462167000e-04
4.598000000000000e+00	-3.111132025370000e-04	-9.390508036650000e-03	6.370166111378000e-04
4.599000000000000e+00	-1.354723274451000e-04	-8.257581091585000e-03	6.357819554759000e-04
4.600000000000000e+00	4.016854764468000e-05	-7.124654146377000e-03	6.345472998266000e-04
4.601000000000000e+00	2.154358640079000e-04	-5.965213285084000e-03	6.356202971441000e-04
4.602000000000000e+00	3.907031803713000e-04	-4.805772423790000e-03	6.366932944616000e-04
4.603000000000000e+00	5.145907973414000e-04	-3.637968264580000e-03	6.385834806023000e-04
4.604000000000000e+00	5.870987160325999e-04	-2.461800807636000e-03	6.412908555485000e-04
4.605000000000000e+00	6.596066339378000e-04	-1.285633350659000e-03	6.439982304948000e-04
4.606000000000000e+00	5.871412754311000e-04	-1.035996932369000e-04	6.467106159672999e-04
4.607000000000000e+00	5.146759169244000e-04	1.078433964187000e-03	6.494230014398999e-04
4.608000000000000e+00	3.910272861978000e-04	2.257947797951000e-03	6.513226651549999e-04
4.609000000000000e+00	2.161953843615000e-04	3.434941808110000e-03	6.524096071304001e-04
4.610000000000000e+00	4.136348252514000e-05	4.611935818189000e-03	6.534965490933000e-04
4.611000000000000e+00	-1.334445484348000e-04	5.773966431715000e-03	6.522811058023000e-04
4.612000000000000e+00	-3.082525793948000e-04	6.935997045241000e-03	6.510656625113000e-04
4.613000000000000e+00	-4.319667972994000e-04	8.086309145086000e-03	6.490349657941000e-04
4.614000000000000e+00	-5.045872032566001e-04	9.224902731504000e-03	6.461890156681999e-04
4.615000000000000e+00	-5.772076084314000e-04	1.036349631776000e-02	6.433430655423000e-04
4.616000000000000e+00	-5.055150612460000e-04	1.147130645146000e-02	6.404924915810000e-04
4.617000000000000e+00	-4.338225140607000e-04	1.257911658516000e-02	6.376419176198000e-04
4.618000000000000e+00	-3.112278393668000e-04	1.366798417916000e-02	6.356025100703000e-04
4.619000000000000e+00	-1.377310382683000e-04	1.473790923384000e-02	6.343742689148000e-04
4.620000000000000e+00	3.576576282840000e-05	1.580783428829000e-02	6.331460277718000e-04
4.621000000000000e+00	2.089063974382000e-04	1.683213349934000e-02	6.342156173156000e-04
4.622000000000000e+00	3.820470320478000e-04	1.785643271039000e-02	6.352852068594000e-04
4.623000000000000e+00	5.040435952820000e-04	1.885356488112000e-02	6.371685020161000e-04
4.624000000000000e+00	5.748960882498000e-04	1.982353001211000e-02	6.398655027679000e-04
4.625000000000000e+00	6.457485804352000e-04	2.079349514276000e-02	6.425625035197000e-04
4.626000000000000e+00	5.722917156858000e-04	2.169990757502000e-02	6.452645321471000e-04
4.627000000000000e+00	4.988348509364000e-04	2.260632000727000e-02	6.479665607744000e-04
4.628000000000000e+00	3.744393556720000e-04	2.347659684823000e-02	6.498593631936000e-04
4.629000000000000e+00	1.991052309974000e-04	2.431073809869000e-02	6.509429394221000e-04
4.630000000000000e+00	2.377110632326000e-05	2.514487934872000e-02	6.520265156381000e-04
4.631000000000000e+00	-1.514830030694000e-04	2.589953724602000e-02	6.508175407517000e-04
4.632000000000000e+00	-3.267371124619000e-04	2.665419514333000e-02	6.496085658652001e-04
4.633000000000000e+00	-4.510853767409000e-04	2.736648089649000e-02	6.475877660803000e-04
4.634000000000000e+00	-5.245277970104000e-04	2.803639450644000e-02	6.447551414145000e-04
4.635000000000000e+00	-5.979702165005000e-04	2.870630811590000e-02	6.419225167487000e-04
4.636000000000000e+00	-5.276485361936000e-04	2.928782116601000e-02	6.390850545038000e-04
4.637000000000000e+00	-4.573268558868000e-04	2.986933421611000e-02	6.362475922590000e-04
4.638000000000000e+00	-3.362815541095000e-04	3.040516745546000e-02	6.342176699070000e-04
4.639000000000000e+00	-1.645126319615000e-04	3.089532088504000e-02	6.329952874302000e-04
4.640000000000000e+00	7.256290184902000e-06	3.138547431411000e-02	6.317729049658000e-04
4.641000000000000e+00	1.787602160953000e-04	3.178109372064000e-02	6.328381974816000e-04
4.642000000000000e+00	3.502641420057000e-04	3.217671312716000e-02	6.339034899975000e-04
4.643000000000000e+00	4.708925612056000e-04	3.252318931697000e-02	6.357788688789000e-04
4.644000000000000e+00	5.406454747985000e-04	3.282052229115000e-02	6.384643341084000e-04
4.645000000000000e+00	6.103983876128000e-04	3.311785526477000e-02	6.411497993379001e-04
4.646000000000000e+00	5.365656819160000e-04	3.331298773788000e-02	6.438400731209000e-04
4.647000000000000e+00	4.627329762191000e-04	3.350812021100000e-02	6.465303469038000e-04
4.648000000000000e+00	3.382345115562000e-04	3.365059691157000e-02	6.484147922446000e-04
4.649000000000000e+00	1.630702890257000e-04	3.374041784072000e-02	6.494934091606001e-04
4.650000000000000e+00	-1.209393350382000e-05	3.383023876930000e-02	6.505720260643000e-04
4.651000000000000e+00	-1.870671209701000e-04	3.381339812648000e-02	6.493678108070000e-04
4.652000000000000e+00	-3.620403084364000e-04	3.379655748366000e-02	6.481635955497000e-04
4.653000000000000e+00	-4.862691496493000e-04	3.372679010848000e-02	6.461509918500999e-04
4.654000000000000e+00	-5.597536457090000e-04	3.360409600208000e-02	6.433299997257000e-04
4.655000000000000e+00	-6.332381409921000e-04	3.348140189512000e-02	6.405090076012000e-04
4.656000000000000e+00	-5.634588016258000e-04	3.325542791047000e-02	6.376831402873000e-04
4.657000000000000e+00	-4.936794622595000e-04	3.302945392581000e-02	6.348572729734000e-04
4.658000000000000e+00	-3.733344746745000e-04	3.275353330924000e-02	6.328354787501000e-04
4.659000000000000e+00	-2.024238399677000e-04	3.242766606184000e-02	6.316177575999000e-04
4.660000000000000e+00	-3.151320526148000e-05	3.210179881392000e-02	6.304000364621000e-04
4.661000000000000e+00	1.392549806772000e-04	3.167927947624000e-02	6.314602321676000e-04
4.662000000000000e+00	3.100231666155000e-04	3.125676013855000e-02	6.325204278731000e-04
4.663000000000000e+00	4.301952563901000e-04	3.078725687423000e-02	6.343872831327000e-04
4.664000000000000e+00	4.997712510979001e-04	3.027076968430000e-02	6.370607979289999e-04
4.665000000000000e+00	5.693472450313000e-04	2.975428249388000e-02	6.397343127253000e-04
4.666000000000000e+00	4.960753965156000e-04	2.914631880028000e-02	6.424127080527000e-04
4.667000000000000e+00	4.228035480000000e-04	2.853835510668000e-02	6.450911033801000e-04
4.668000000000000e+00	2.991433432864000e-04	2.788625754662000e-02	6.469671468099000e-04
4.669000000000000e+00	1.250947834681000e-04	2.719002612106000e-02	6.480408383596000e-04
4.670000000000000e+00	-4.895377634848000e-05	2.649379469505000e-02	6.491145298970000e-04
4.671000000000000e+00	-2.226946763095000e-04	2.571412606232000e-02	6.479151438035000e-04
4.672000000000000e+00	-3.964355762703000e-04	2.493445742959000e-02	6.467157577100000e-04
4.673000000000000e+00	-5.195929513617000e-04	2.411646979804000e-02	6.447114023440000e-04
4.674000000000000e+00	-5.921668026805000e-04	2.326016316850000e-02	6.419020777229000e-04
4.675000000000000e+00	-6.647406532251000e-04	2.240385653860000e-02	6.390927531019000e-04
4.676000000000000e+00	-5.945566990345000e-04	2.147924177069000e-02	6.362784760963000e-04
4.677000000000000e+00	-5.243727448439000e-04	2.055462700279000e-02	6.334641990907000e-04
4.678000000000000e+00	-4.037892612360000e-04	1.960029159217000e-02	6.314505319411000e-04
4.679000000000000e+00	-2.328062493036000e-04	1.861623553948000e-02	6.302374746302000e-04
4.680000000000000e+00	-6.182323737158000e-05	1.763217948651000e-02	6.290244173316000e-04
4.681000000000000e+00	1.091111111407000e-04	1.659708846197000e-02	6.300795964100000e-04
4.682000000000000e+00	2.800454596530000e-04	1.556199743743000e-02	6.311347754885000e-04
4.683000000000000e+00	4.006429223995000e-04	1.450513659619000e-02	6.329932599521000e-04
4.684000000000000e+00	4.709035004722000e-04	1.342650593872000e-02	6.356550497835000e-04
4.685000000000000e+00	5.411640777740000e-04	1.234787528104000e-02	6.383168396148999e-04
4.686000000000000e+00	4.692660116467000e-04	1.123261394067000e-02	6.409837759467000e-04
4.687000000000000e+00	3.973679455193000e-04	1.011735260029000e-02	6.436507122783999e-04
4.688000000000000e+00	2.753328041808000e-04	8.987373018127000e-03	6.455188821452000e-04
4.689000000000000e+00	1.031605887186000e-04	7.842675194491000e-03	6.465882855643000e-04
4.690000000000000e+00	-6.901162674171000e-05	6.697977370741000e-03	6.476576889710000e-04
4.691000000000000e+00	-2.408120797783000e-04	5.532191606037000e-03	6.464639820137000e-04
4.692000000000000e+00	-4.126125328151000e-04	4.366405841333000e-03	6.452702750565000e-04
4.693000000000000e+00	-5.340163431484000e-04	3.194986417105000e-03	6.432751031454000e-04
4.694000000000000e+00	-6.050235118713000e-04	2.017933333478000e-03	6.404784662979000e-04
4.695000000000000e+00	-6.760306798233000e-04	8.408802498478000e-04	6.376818294503000e-04
4.696000000000000e+00	-6.048399707115000e-04	-3.366074651376000e-04	6.348802416810000e-04
4.697000000000000e+00	-5.336492615996000e-04	-1.514095180124000e-03	6.320786539117000e-04
4.698000000000000e+00	-4.122548214011000e-04	-2.686382446531000e-03	6.300741794954000e-04
4.699000000000000e+00	-2.406566512051000e-04	-3.853469264472000e-03	6.288668184148000e-04
4.700000000000000e+00	-6.905848100903000e-05	-5.020556082303000e-03	6.276594573464000e-04
4.701000000000000e+00	1.025168818268000e-04	-6.167412553054000e-03	6.287104033947000e-04
4.702000000000000e+00	2.740922446624000e-04	-7.314269023805000e-03	6.297613494429000e-04
4.703000000000000e+00	3.955512588316000e-04	-8.446828566691000e-03	6.316120342711000e-04
4.704000000000000e+00	4.668939254211000e-04	-9.565091182021000e-03	6.342624578618000e-04
4.705000000000000e+00	5.382365912432000e-04	-1.068335379716000e-02	6.369128814526000e-04
4.706000000000000e+00	4.680248807647000e-04	-1.176580876192000e-02	6.395681837353000e-04
4.707000000000000e+00	3.978131702861000e-04	-1.284826372669000e-02	6.422234860181000e-04
4.708000000000000e+00	2.776711721295000e-04	-1.390935012900000e-02	6.440833473592000e-04
4.709000000000000e+00	1.075988873775000e-04	-1.494906796931000e-02	6.451477677758000e-04
4.710000000000000e+00	-6.247339737236000e-05	-1.598878580935000e-02	6.462121881802000e-04
4.711000000000000e+00	-2.321993586247000e-04	-1.697825404711000e-02	6.450231056218000e-04
4.712000000000000e+00	-4.019253198770000e-04	-1.796772228486000e-02	6.438340230633000e-04
4.713000000000000e+00	-5.214855582289000e-04	-1.892785659321000e-02	6.418469395463000e-04
4.714000000000000e+00	-5.908800747683000e-04	-1.985865697279000e-02	6.390618550880000e-04
4.715000000000000e+00	-6.602745905401000e-04	-2.078945735201000e-02	6.362767706296000e-04
4.716000000000000e+00	-5.881176015528000e-04	-2.165271310546000e-02	6.334869813483000e-04
4.717000000000000e+00	-5.159606125655000e-04	-2.251596885891000e-02	6.306971920669000e-04
4.718000000000000e+00	-3.938385388356000e-04	-2.334127957042000e-02	6.287012802386000e-04
4.719000000000000e+00	-2.217513814467000e-04	-2.412864524081000e-02	6.274992458460000e-04
4.720000000000000e+00	-4.966422405841000e-05	-2.491601091075000e-02	6.262972114657000e-04
4.721000000000000e+00	1.223404997232000e-04	-2.562065767490000e-02	6.273442237467000e-04
4.722000000000000e+00	2.943452235048000e-04	-2.632530443904000e-02	6.283912360278000e-04
4.723000000000000e+00	4.164119305427000e-04	-2.698615293104000e-02	6.302347466701000e-04
4.724000000000000e+00	4.885406219201000e-04	-2.760320315185000e-02	6.328747556564000e-04
4.725000000000000e+00	5.606693125328000e-04	-2.822025337217000e-02	6.355147646426000e-04
4.726000000000000e+00	4.917668203239000e-04	-2.874643848528000e-02	6.381598774440000e-04
4.727000000000000e+00	4.228643281149000e-04	-2.927262359838000e-02	6.408049902454000e-04
4.728000000000000e+00	3.042007816605000e-04	-2.975210010983000e-02	6.426581146590000e-04
4.729000000000000e+00	1.357761820398000e-04	-3.018486802062000e-02	6.437192507020000e-04
4.730000000000000e+00	-3.264841757952000e-05	-3.061763593089000e-02	6.447803867328000e-04
4.731000000000000e+00	-2.008197320677000e-04	-3.095425307458000e-02	6.435976387173000e-04
4.732000000000000e+00	-3.689910465560000e-04	-3.129087021827000e-02	6.424148907018000e-04
4.733000000000000e+00	-4.872578406496000e-04	-3.157777504554000e-02	6.404375164864000e-04
4.734000000000000e+00	-5.556201154309000e-04	-3.181496755748000e-02	6.376655160885000e-04
4.735000000000000e+00	-6.239823894486000e-04	-3.205216006886000e-02	6.348935156905000e-04
4.736000000000000e+00	-5.514953378469000e-04	-3.218651890201000e-02	6.321167596363000e-04
4.737000000000000e+00	-4.790082862451000e-04	-3.232087773515000e-02	6.293400035820000e-04
4.738000000000000e+00	-3.568217009273000e-04	-3.240251905042000e-02	6.273537095919000e-04
4.739000000000000e+00	-1.849355829715000e-04	-3.243144284896000e-02	6.261578776489000e-04
4.740000000000000e+00	-1.304946501670000e-05	-3.246036664692000e-02	6.249620457180000e-04
4.741000000000000e+00	1.586412243986000e-04	-3.238299797054000e-02	6.260056057760000e-04
4.742000000000000e+00	3.303319138137000e-04	-3.230562929417000e-02	6.270491658340000e-04
4.743000000000000e+00	4.522368223247000e-04	-3.217575059864000e-02	6.288857720624000e-04
4.744000000000000e+00	5.243559510110000e-04	-3.199336188508000e-02	6.315154244441000e-04
4.745000000000000e+00	5.964750789353000e-04	-3.181097317098000e-02	6.341450768259000e-04
4.746000000000000e+00	5.280380628924000e-04	-3.152657785256000e-02	6.367796123029000e-04
4.747000000000000e+00	4.596010468496000e-04	-3.124218253415000e-02	6.394141477799000e-04
4.748000000000000e+00	3.415519638972000e-04	-3.090869205640000e-02	6.412599267945000e-04
4.749000000000000e+00	1.738908151113000e-04	-3.052610642037000e-02	6.423169493638000e-04
4.750000000000000e+00	6.229666326291000e-06	-3.014352078384000e-02	6.433739719211000e-04
4.751000000000000e+00	-1.613014767186000e-04	-2.966641981200000e-02	6.421963418864999e-04
4.752000000000000e+00	-3.288326197633000e-04	-2.918931884016000e-02	6.410187118519001e-04
4.753000000000000e+00	-4.467302737823000e-04	-2.866652322191000e-02	6.390496914387000e-04
4.754000000000000e+00	-5.149944398517000e-04	-2.809803295823000e-02	6.362892806641000e-04
4.755000000000000e+00	-5.832586051613000e-04	-2.752954269408000e-02	6.335288698894001e-04
4.756000000000000e+00	-5.113865707186001e-04	-2.687259343605000e-02	6.307635224847000e-04
4.757000000000000e+00	-4.395145362759000e-04	-2.621564417803000e-02	6.279981750799000e-04
4.758000000000000e+00	-3.182110308654000e-04	-2.551627728937000e-02	6.260198845432000e-04
4.759000000000000e+00	-1.474760555591000e-04	-2.477449277100000e-02	6.248286508573000e-04
4.760000000000000e+00	2.325891974546000e-05	-2.403270825220000e-02	6.236374171836000e-04
4.761000000000000e+00	1.936844470025000e-04	-2.321128910188000e-02	6.246760588781000e-04
4.762000000000000e+00	3.641099742595000e-04	-2.238986995156000e-02	6.257147005727000e-04
4.763000000000000e+00	4.849035328229000e-04	-2.153219064051000e-02	6.275430385042999e-04
4.764000000000000e+00	5.560651237693000e-04	-2.063825116949000e-02	6.301610726558000e-04
4.765000000000000e+00	6.272267139564000e-04	-1.974431169814000e-02	6.327791068073000e-04
4.766000000000000e+00	5.583167933749000e-04	-1.878644674350000e-02	6.354020291471000e-04
4.767000000000000e+00	4.894068727934000e-04	-1.782858178886000e-02	6.380249514869000e-04
4.768000000000000e+00	3.710434320596000e-04	-1.684330271757000e-02	6.398624617080000e-04
4.769000000000000e+00	2.032264722460000e-04	-1.583060953022000e-02	6.409145598274000e-04
4.770000000000000e+00	3.540951243256000e-05	-1.481791634262000e-02	6.419666579347000e-04
4.771000000000000e+00	-1.323699695734000e-04	-1.375901281139000e-02	6.407935590741000e-04
4.772000000000000e+00	-3.001494515795000e-04	-1.270010928016000e-02	6.396204602135000e-04
4.773000000000000e+00	-4.185453660243000e-04	-1.162194741895000e-02	6.376593219742000e-04
4.774000000000000e+00	-4.875577139788000e-04	-1.052452722818000e-02	6.349101443732000e-04
4.775000000000000e+00	-5.565700611770000e-04	-9.427107037237000e-03	6.321609667722000e-04
4.776000000000000e+00	-4.861081527665000e-04	-8.298255424552000e-03	6.294069014460000e-04
4.777000000000000e+00	-4.156462443559000e-04	-7.169403811866000e-03	6.266528361198000e-04
4.778000000000000e+00	-2.959926877280000e-04	-6.028501263443000e-03	6.246825224081000e-04
4.779000000000000e+00	-1.271474839499000e-04	-4.875547779547000e-03	6.234959602938001e-04
4.780000000000000e+00	4.169771982641000e-05	-3.722594295565000e-03	6.223093981915000e-04
4.781000000000000e+00	2.101781703051000e-04	-2.553963382487000e-03	6.233433222229000e-04
4.782000000000000e+00	3.786586207840000e-04	-1.385332469408000e-03	6.243772462542000e-04
4.783000000000000e+00	4.976908266756000e-04	-2.137774825900000e-04	6.261975289207999e-04
4.784000000000000e+00	5.672747890524000e-04	9.607015779021999e-04	6.288041702056000e-04
4.785000000000000e+00	6.368587506727000e-04	2.135180638369000e-03	6.314108114904001e-04
4.786000000000000e+00	5.669177818578000e-04	3.304726551180000e-03	6.340222761440000e-04
4.787000000000000e+00	4.969768130430000e-04	4.474272463991000e-03	6.366337407975000e-04
4.788000000000000e+00	3.777739865025000e-04	5.635980842466000e-03	6.384630834807000e-04
4.789000000000000e+00	2.093093033049000e-04	6.789851686774000e-03	6.395103042103000e-04
4.790000000000000e+00	4.084462010723000e-05	7.943722530945000e-03	6.405575249279000e-04
4.791000000000000e+00	-1.276028418512000e-04	9.072206547033000e-03	6.393889449055000e-04
4.792000000000000e+00	-2.960503038096000e-04	1.020069056312000e-02	6.382203648831000e-04
4.793000000000000e+00	-4.153248835765000e-04	1.131236623751000e-02	6.362671316220000e-04
4.794000000000000e+00	-4.854265822182000e-04	1.240723357058000e-02	6.335292451392000e-04
4.795000000000000e+00	-5.555282801068000e-04	1.350210090343000e-02	6.307913586563999e-04
4.796000000000000e+00	-4.867345899403000e-04	1.455629350125000e-02	6.280488649928000e-04
4.797000000000000e+00	-4.179408997738000e-04	1.561048609907000e-02	6.253063713292000e-04
4.798000000000000e+00	-3.001527755583000e-04	1.664097354584000e-02	6.233444996391000e-04
4.799000000000000e+00	-1.333702183563000e-04	1.764775584208000e-02	6.221632499057000e-04
4.800000000000000e+00	3.341233884380000e-05	1.865453813802000e-02	6.209820001841000e-04
4.801000000000000e+00	1.998601937243000e-04	1.960664546263000e-02	6.220122106889000e-04
4.802000000000000e+00	3.663080486048000e-04	2.055875278724000e-02	6.230424211936000e-04
4.803000000000000e+00	4.835338148615000e-04	2.147946693240000e-02	6.248557733275000e-04
4.804000000000000e+00	5.515374935621000e-04	2.236878789879000e-02	6.274522670736000e-04
4.805000000000000e+00	6.195411715096000e-04	2.325810886480000e-02	6.300487608198000e-04
4.806000000000000e+00	5.486515150144999e-04	2.407612303343000e-02	6.326500248159000e-04
4.807000000000000e+00	4.777618585193000e-04	2.489413720206000e-02	6.352512888120000e-04
4.808000000000000e+00	3.578450334985000e-04	2.567251810923000e-02	6.370735940181001e-04
4.809000000000000e+00	1.889010410149000e-04	2.641126575581000e-02	6.381169404510000e-04
4.810000000000000e+00	1.995704853176000e-05	2.715001340192000e-02	6.391602868719999e-04
4.811000000000000e+00	-1.489030676261000e-04	2.780306060327000e-02	6.379967597502000e-04
4.812000000000000e+00	-3.177631837841000e-04	2.845610780463000e-02	6.368332326285000e-04
4.813000000000000e+00	-4.376181961773000e-04	2.906406289964000e-02	6.348881554593000e-04
4.814000000000000e+00	-5.084681058687000e-04	2.962692588929000e-02	6.321615282594000e-04
4.815000000000000e+00	-5.793180148097000e-04	3.018978887843000e-02	6.294349010596000e-04
4.816000000000000e+00	-5.117699985832000e-04	3.065959597809000e-02	6.267034272134000e-04
4.817000000000000e+00	-4.442219823567000e-04	3.112940307775000e-02	6.239719533672000e-04
4.818000000000000e+00	-3.278398794922000e-04	3.155161315346000e-02	6.220177948735000e-04
4.819000000000000e+00	-1.626236910489000e-04	3.192622620628000e-02	6.208409517156000e-04
4.820000000000000e+00	2.592497393246000e-06	3.230083925856000e-02	6.196641085695999e-04
4.821000000000000e+00	1.675685054498000e-04	3.257796953559000e-02	6.206895777702000e-04
4.822000000000000e+00	3.325445135065000e-04	3.285509981261000e-02	6.217150469709000e-04
4.823000000000000e+00	4.485526735303000e-04	3.308209140187000e-02	6.235204983136000e-04
4.824000000000000e+00	5.155929865831000e-04	3.325894430446000e-02	6.261059317816000e-04
4.825000000000000e+00	5.826332988867000e-04	3.343579720650000e-02	6.286913652496000e-04
4.826000000000000e+00	5.114628159399000e-04	3.350946647572000e-02	6.312818265847000e-04
4.827000000000000e+00	4.402923329932000e-04	3.358313574493000e-02	6.338722879198000e-04
4.828000000000000e+00	3.203540229636000e-04	3.360416514547000e-02	6.356871746358000e-04
4.829000000000000e+00	1.516478869090000e-04	3.357255467846000e-02	6.367264867495000e-04
4.830000000000000e+00	-1.705824914475000e-05	3.354094421087000e-02	6.377657988512000e-04
4.831000000000000e+00	-1.855640320213000e-04	3.340368327428000e-02	6.366076687779000e-04
4.832000000000000e+00	-3.540698148977000e-04	3.326642233768000e-02	6.354495387046000e-04
4.833000000000000e+00	-4.737133597341000e-04	3.307720105136000e-02	6.335132118764000e-04
4.834000000000000e+00	-5.444946675901000e-04	3.283601941645000e-02	6.307986883102000e-04
4.835000000000000e+00	-6.152759746981000e-04	3.259483778098000e-02	6.280841647439001e-04
4.836000000000000e+00	-5.481100321738000e-04	3.225318035908000e-02	6.253649873918000e-04
4.837000000000000e+00	-4.809440896496000e-04	3.191152293717000e-02	6.226458100397000e-04
4.838000000000000e+00	-3.650845972079000e-04	3.152174540064000e-02	6.207007926470000e-04
4.839000000000000e+00	-2.005315559049000e-04	3.108384775053000e-02	6.195299351969000e-04
4.840000000000000e+00	-3.597851460260000e-05	3.064595009992000e-02	6.183590777587001e-04
4.841000000000000e+00	1.284580586106000e-04	3.011590794654000e-02	6.193815044077000e-04
4.842000000000000e+00	2.928946318237000e-04	2.958586579316000e-02	6.204039310567000e-04
4.843000000000000e+00	4.086264745991000e-04	2.901152735432000e-02	6.222031341414000e-04
4.844000000000000e+00	4.756535879931000e-04	2.839289263096000e-02	6.247791136450000e-04
4.845000000000000e+00	5.426807006415000e-04	2.777425790714000e-02	6.273550931485000e-04
4.846000000000000e+00	4.721872440100000e-04	2.707038152925000e-02	6.299360629816000e-04
4.847000000000000e+00	4.016937873785000e-04	2.636650515137000e-02	6.325170328146000e-04
4.848000000000000e+00	2.826919451606000e-04	2.562201735941000e-02	6.343255894648000e-04
4.849000000000000e+00	1.151817184080000e-04	2.483691815425000e-02	6.353617329488000e-04
4.850000000000000e+00	-5.232850834309000e-05	2.405181894868000e-02	6.363978764210000e-04
4.851000000000000e+00	-2.195271197350000e-04	2.319104712933000e-02	6.352454965786000e-04
4.852000000000000e+00	-3.867257311272000e-04	2.233027530998000e-02	6.340931167362000e-04
4.853000000000000e+00	-5.052101364299000e-04	2.143537154071000e-02	6.321656476559000e-04
4.854000000000000e+00	-5.749803366995000e-04	2.050633582226000e-02	6.294630893545000e-04
4.855000000000000e+00	-6.447505362237000e-04	1.957730010348000e-02	6.267605310531000e-04
4.856000000000000e+00	-5.770411861792000e-04	1.858883929957000e-02	6.240531050896000e-04
4.857000000000000e+00	-5.093318361346001e-04	1.760037849566000e-02	6.213456791261000e-04
4.858000000000000e+00	-3.930825094770000e-04	1.658685804050000e-02	6.194091078580000e-04
4.859000000000000e+00	-2.282932072594000e-04	1.554827793463000e-02	6.182433912686000e-04
4.860000000000000e+00	-6.350390504184001e-05	1.450969782853000e-02	6.170776746911000e-04
4.861000000000000e+00	1.012559767195000e-04	1.342980458928000e-02	6.180960042616000e-04
4.862000000000000e+00	2.660158584811000e-04	1.234991135002000e-02	6.191143338319999e-04
4.863000000000000e+00	3.823107045678000e-04	1.125329511936000e-02	6.209061567657000e-04
4.864000000000000e+00	4.501405160309000e-04	1.013995589767000e-02	6.234714730459000e-04
4.865000000000000e+00	5.179703267519000e-04	9.026616675835000e-03	6.260367893260000e-04
4.866000000000000e+00	4.489151358835000e-04	7.887066991758000e-03	6.286069329247000e-04
4.867000000000000e+00	3.798599450151000e-04	6.747517307682000e-03	6.311770765234000e-04
4.868000000000000e+00	2.625261731046000e-04	5.598581731410000e-03	6.329779215900000e-04
4.869000000000000e+00	9.691382119932000e-05	4.440260263146000e-03	6.340094681410000e-04
4.870000000000000e+00	-6.869853070413000e-05	3.281938794825000e-03	6.350410146801001e-04
4.871000000000000e+00	-2.339494585382000e-04	2.113320390462000e-03	6.338929257923000e-04
4.872000000000000e+00	-3.992003863721000e-04	9.447019860990000e-04	6.327448369045000e-04
4.873000000000000e+00	-5.159166727145000e-04	-2.241580179728000e-04	6.308248018880000e-04
4.874000000000000e+00	-5.840983186181000e-04	-1.393259621747000e-03	6.281328207596000e-04
4.875000000000000e+00	-6.522799637791000e-04	-2.562361225466000e-03	6.254408396311000e-04
4.876000000000000e+00	-5.835157103936000e-04	-3.721239073918000e-03	6.227439715448001e-04
4.877000000000000e+00	-5.147514570081000e-04	-4.880116922369000e-03	6.200471034584000e-04
4.878000000000000e+00	-3.976362080807000e-04	-6.028569825848000e-03	6.181179353911000e-04
4.879000000000000e+00	-2.321699646600000e-04	-7.166597784580000e-03	6.169564673260000e-04
4.880000000000000e+00	-6.670372123956999e-05	-8.304625743146001e-03	6.157949992727000e-04
4.881000000000000e+00	9.874334586428001e-05	-9.412231705121000e-03	6.168086914718000e-04
4.882000000000000e+00	2.641904129681000e-04	-1.051983766710000e-02	6.178223836708000e-04
4.883000000000000e+00	3.813711313505000e-04	-1.160819550267000e-02	6.196064498147000e-04
4.884000000000000e+00	4.502855020585000e-04	-1.267730521227000e-02	6.221608898868000e-04
4.885000000000000e+00	5.191998720272000e-04	-1.374641492161000e-02	6.247153299588001e-04
4.886000000000000e+00	4.517801445703000e-04	-1.477014764305000e-02	6.272746708133000e-04
4.887000000000000e+00	3.843604171134000e-04	-1.579388036449000e-02	6.298340116677000e-04
4.888000000000000e+00	2.688498248348000e-04	-1.679166396861000e-02	6.316272256636000e-04
4.889000000000000e+00	1.052483687773000e-04	-1.776349845597000e-02	6.326543128176000e-04
4.890000000000000e+00	-5.835308727817000e-05	-1.873533294300000e-02	6.336813999598000e-04
4.891000000000000e+00	-2.216249072583000e-04	-1.964827073794000e-02	6.325377429611001e-04
4.892000000000000e+00	-3.848967272384000e-04	-2.056120853287000e-02	6.313940859625000e-04
4.893000000000000e+00	-4.998529743480000e-04	-2.144080366677000e-02	6.294815949419000e-04
4.894000000000000e+00	-5.664936496352000e-04	-2.228705614036000e-02	6.268002699160000e-04
4.895000000000000e+00	-6.331343241832000e-04	-2.313330861354000e-02	6.241189448901000e-04
4.896000000000000e+00	-5.634410693795000e-04	-2.390472506661000e-02	6.214326432554000e-04
4.897000000000000e+00	-4.937478145756000e-04	-2.467614151967000e-02	6.187463416206000e-04
4.898000000000000e+00	-3.759325910781000e-04	-2.540635866931000e-02	6.168245696793000e-04
4.899000000000000e+00	-2.099953999302000e-04	-2.609537651641000e-02	6.156673274148000e-04
4.900000000000000e+00	-4.405820878289000e-05	-2.678439436302000e-02	6.145100851621000e-04
4.901000000000000e+00	1.217869276826000e-04	-2.738498453426000e-02	6.155191511835000e-04
4.902000000000000e+00	2.876320641482000e-04	-2.798557470549000e-02	6.165282172049000e-04
4.903000000000000e+00	4.053670304013000e-04	-2.853991046773000e-02	6.183045900000000e-04
4.904000000000000e+00	4.749918274853000e-04	-2.904799182199000e-02	6.208482695522000e-04
4.905000000000000e+00	5.446166238327000e-04	-2.955607317574000e-02	6.233919491044000e-04
4.906000000000000e+00	4.783747512888000e-04	-2.996917824674000e-02	6.259407696664000e-04
4.907000000000000e+00	4.121328787448000e-04	-3.038228331774000e-02	6.284895902283000e-04
4.908000000000000e+00	2.979490736005000e-04	-3.074704078420000e-02	6.302755618813000e-04
4.909000000000000e+00	1.358233368958000e-04	-3.106345064715000e-02	6.312986846418000e-04
4.910000000000000e+00	-2.630239980780000e-05	-3.137986050956000e-02	6.323218073906000e-04
4.911000000000000e+00	-1.881985704838000e-04	-3.159773389826000e-02	6.311833099049000e-04
4.912000000000000e+00	-3.500947411596000e-04	-3.181560728696000e-02	6.300448124192000e-04
4.913000000000000e+00	-4.639234296230000e-04	-3.198305459819000e-02	6.281406991599000e-04
4.914000000000000e+00	-5.296846369161000e-04	-3.210007583304000e-02	6.254709701436000e-04
4.915000000000000e+00	-5.954458434737000e-04	-3.221709706734000e-02	6.228012411272000e-04
4.916000000000000e+00	-5.255345653950001e-04	-3.223085955030000e-02	6.201265808316000e-04
4.917000000000000e+00	-4.556232873163000e-04	-3.224462203326000e-02	6.174519205359999e-04
4.918000000000000e+00	-3.378411055020000e-04	-3.220595704845000e-02	6.155386165254000e-04
4.919000000000000e+00	-1.721880209904000e-04	-3.211486459702000e-02	6.143866687832000e-04
4.920000000000000e+00	-6.534936480087000e-06	-3.202377214501000e-02	6.132347210527000e-04
4.921000000000000e+00	1.589116661847000e-04	-3.182793381609000e-02	6.142400343166000e-04
4.922000000000000e+00	3.243582688493000e-04	-3.163209548717000e-02	6.152453475805000e-04
4.923000000000000e+00	4.418308277324000e-04	-3.138497367995000e-02	6.170147060794000e-04
4.924000000000000e+00	5.113293438742000e-04	-3.108656839554000e-02	6.195481097967000e-04
4.925000000000000e+00	5.808278592816000e-04	-3.078816311059000e-02	6.220815135140000e-04
4.926000000000000e+00	5.148896027916000e-04	-3.039105766924000e-02	6.246197741937000e-04
4.927000000000000e+00	4.489513463016000e-04	-2.999395222788000e-02	6.271580348735000e-04
4.928000000000000e+00	3.352038890562000e-04	-2.954981838381000e-02	6.289364526989000e-04
4.929000000000000e+00	1.736472320921000e-04	-2.905865613804000e-02	6.299550276865000e-04
4.930000000000000e+00	1.209057512873000e-05	-2.856749389179000e-02	6.309736026624000e-04
4.931000000000000e+00	-1.493613072344000e-04	-2.798677746869000e-02	6.298392617104000e-04
4.932000000000000e+00	-3.108131895976000e-04	-2.740606104559000e-02	6.287049207585000e-04
4.933000000000000e+00	-4.244535446067000e-04	-2.678254827452000e-02	6.268080965341000e-04
4.934000000000000e+00	-4.902823732989000e-04	-2.611623915640000e-02	6.241487890538000e-04
4.935000000000000e+00	-5.561112012591000e-04	-2.544993003783000e-02	6.214894815734000e-04
4.936000000000000e+00	-4.869359736452000e-04	-2.470178127030000e-02	6.188254236809000e-04
4.937000000000000e+00	-4.177607460312000e-04	-2.395363250277000e-02	6.161613657885000e-04
4.938000000000000e+00	-3.009653684939000e-04	-2.316676090499000e-02	6.142556976290000e-04
4.939000000000000e+00	-1.365498420659000e-04	-2.234116647782000e-02	6.131084191861000e-04
4.940000000000000e+00	2.786568436037000e-05	-2.151557205025000e-02	6.119611407549000e-04
4.941000000000000e+00	1.919676702277000e-04	-2.061841110951000e-02	6.129626616799000e-04
4.942000000000000e+00	3.560696560951000e-04	-1.972125016876000e-02	6.139641826049000e-04
4.943000000000000e+00	4.723409224651000e-04	-1.879214704466000e-02	6.157267937930000e-04
4.944000000000000e+00	5.407814703751000e-04	-1.783110173790000e-02	6.182504952276000e-04
4.945000000000000e+00	6.092220175532000e-04	-1.687005643084000e-02	6.207741966624000e-04
4.946000000000000e+00	5.426785179317000e-04	-1.585418819686000e-02	6.233029794101000e-04
4.947000000000000e+00	4.761350183102000e-04	-1.483831996287000e-02	6.258317621578000e-04
4.948000000000000e+00	3.619314877728000e-04	-1.379978636485000e-02	6.276038696759000e-04
4.949000000000000e+00	2.000679273533000e-04	-1.273858740329000e-02	6.286193019808000e-04
4.950000000000000e+00	3.820436693385000e-05	-1.167738844153000e-02	6.296347342742000e-04
4.951000000000000e+00	-1.236357088482000e-04	-1.057982994183000e-02	6.285060770132000e-04
4.952000000000000e+00	-2.854757846301000e-04	-9.482271442129001e-03	6.273774197523000e-04
4.953000000000000e+00	-3.997338487947000e-04	-8.370541260480001e-03	6.254893890487000e-04
4.954000000000000e+00	-4.664099023737000e-04	-7.244639397195000e-03	6.228419849189000e-04
4.955000000000000e+00	-5.330859552241000e-04	-6.118737533795000e-03	6.201945807891000e-04
4.956000000000000e+00	-4.653669895718000e-04	-4.971852906051000e-03	6.175424460695000e-04
4.957000000000000e+00	-3.976480239195000e-04	-3.824968278309000e-03	6.148903113498000e-04
4.958000000000000e+00	-2.825283675596000e-04	-2.671353560874000e-03	6.129934817346000e-04
4.959000000000000e+00	-1.200080215199000e-04	-1.511008753894000e-03	6.118519572075000e-04
4.960000000000000e+00	4.251232451769000e-05	-3.506639468890000e-04	6.107104326920001e-04
4.961000000000000e+00	2.046755686478000e-04	8.146402937604000e-04	6.117089519036000e-04
4.962000000000000e+00	3.668388127777000e-04	1.979944534409000e-03	6.127074711152000e-04
4.963000000000000e+00	4.813467122565000e-04	3.142841098658000e-03	6.144639507087000e-04
4.964000000000000e+00	5.481992681174000e-04	4.303329986558000e-03	6.169783906676000e-04
4.965000000000000e+00	6.150518232493000e-04	5.463818874373000e-03	6.194928306265000e-04
4.966000000000000e+00	5.474393117409000e-04	6.608882163290000e-03	6.220121768937000e-04
4.967000000000000e+00	4.798268002326000e-04	7.753945452207000e-03	6.245315231609000e-04
4.968000000000000e+00	3.647387536607000e-04	8.886051618569001e-03	6.262971507673000e-04
4.969000000000000e+00	2.021751730549000e-04	1.000520066266000e-02	6.273090597292000e-04
4.970000000000000e+00	3.961159244934000e-05	1.112434970656000e-02	6.283209686796000e-04
4.971000000000000e+00	-1.229333506487000e-04	1.220817342904000e-02	6.271972180780000e-04
4.972000000000000e+00	-2.854782937467000e-04	1.329199715153000e-02	6.260734674765000e-04
4.973000000000000e+00	-4.006298753234000e-04	1.435420941005000e-02	6.241932953762001e-04
4.974000000000000e+00	-4.683880964069000e-04	1.539481020508000e-02	6.215567017935000e-04
4.975000000000000e+00	-5.361463167644000e-04	1.643541099984000e-02	6.189201082107000e-04
4.976000000000000e+00	-4.700338934694000e-04	1.742610572132000e-02	6.162786070454000e-04
4.977000000000000e+00	-4.039214701742000e-04	1.841680044279000e-02	6.136371058800000e-04
4.978000000000000e+00	-2.905855769848000e-04	1.937939804890000e-02	6.117477889988000e-04
4.979000000000000e+00	-1.300262149250000e-04	2.031389854026000e-02	6.106106563854000e-04
4.980000000000000e+00	3.053314713308000e-05	2.124839903128000e-02	6.094735237836000e-04
4.981000000000000e+00	1.907737742453000e-04	2.211998965533000e-02	6.104677042779000e-04
4.982000000000000e+00	3.510144013577000e-04	2.299158027937000e-02	6.114618847722001e-04
4.983000000000000e+00	4.638144707012000e-04	2.382799012599000e-02	6.132109358264000e-04
4.984000000000000e+00	5.291739833047000e-04	2.462921919592000e-02	6.157148574240000e-04
4.985000000000000e+00	5.945334951823000e-04	2.543044826544000e-02	6.182187790216000e-04
4.986000000000000e+00	5.260238863679000e-04	2.615354680345000e-02	6.207275338611000e-04
4.987000000000000e+00	4.575142775534000e-04	2.687664534146000e-02	6.232362887007000e-04
4.988000000000000e+00	3.417521829734000e-04	2.755710103953000e-02	6.249943394586000e-04
4.989000000000000e+00	1.787376036528000e-04	2.819491389858000e-02	6.260016861511000e-04
4.990000000000000e+00	1.572302433260000e-05	2.883272675714000e-02	6.270090328321000e-04
4.991000000000000e+00	-1.471992348823000e-04	2.937963879734000e-02	6.258892967892000e-04
4.992000000000000e+00	-3.101214940971000e-04	2.992655083754000e-02	6.247695607463000e-04
4.993000000000000e+00	-4.257993024846000e-04	3.042617717010000e-02	6.228964553511000e-04
4.994000000000000e+00	-4.942326610691000e-04	3.087851779605000e-02	6.202699806200000e-04
4.995000000000000e+00	-5.626660189302000e-04	3.133085842148000e-02	6.176435058888000e-04
4.996000000000000e+00	-4.976749228287000e-04	3.168657072078000e-02	6.150122046932000e-04
4.997000000000000e+00	-4.326838267273000e-04	3.204228302007000e-02	6.123809034974999e-04
4.998000000000000e+00	-3.206095437086000e-04	3.234903333493000e-02	6.104988086324000e-04
4.999000000000000e+00	-1.614520747938000e-04	3.260682166639000e-02	6.093659200815000e-04
5.000000000000000e+00	-2.294605880237000e-06	3.286460999732000e-02	6.082330315421000e-04
5.001000000000000e+00	1.566496735610000e-04	3.302308170089000e-02	6.092229790080000e-04
5.002000000000000e+00	3.155939530021000e-04	3.318155340446000e-02	6.102129264739000e-04
5.003000000000000e+00	4.273423113724000e-04	3.328944744349000e-02	6.119547327218000e-04
5.004000000000000e+00	4.918947496954000e-04	3.334676381908000e-02	6.144483977353000e-04
5.005000000000000e+00	5.564471872961000e-04	3.340408019411000e-02	6.169420627489000e-04
5.006000000000000e+00	4.877794885694000e-04	3.335832966008000e-02	6.194405082689000e-04
5.007000000000000e+00	4.191117898427000e-04	3.331257912606000e-02	6.219389537889000e-04
5.008000000000000e+00	3.034385753852000e-04	3.321474369774000e-02	6.236896581220000e-04
5.009000000000000e+00	1.407598462163000e-04	3.306482337624000e-02	6.246926212842000e-04
5.010000000000000e+00	-2.191888295136000e-05	3.291490305419000e-02	6.256955844350000e-04
5.011000000000000e+00	-1.843881435282000e-04	3.266139389966000e-02	6.245798782402000e-04
5.012000000000000e+00	-3.468574041051000e-04	3.240788474513000e-02	6.234641720455000e-04
5.013000000000000e+00	-4.622118974962000e-04	3.210389076821000e-02	6.215980828835000e-04
5.014000000000000e+00	-5.304516247236000e-04	3.174941196999000e-02	6.189816107705000e-04
5.015000000000000e+00	-5.986913512297000e-04	3.139493317124000e-02	6.163651386576000e-04
5.016000000000000e+00	-5.339212828725000e-04	3.094376328977000e-02	6.137439046162000e-04
5.017000000000000e+00	-4.691512145153000e-04	3.049259340830000e-02	6.111226705747000e-04
5.018000000000000e+00	-3.574269876168000e-04	2.999559757153000e-02	6.092477338940000e-04
5.019000000000000e+00	-1.987486031949000e-04	2.945277578046000e-02	6.081190945578000e-04
5.020000000000000e+00	-4.007021877348000e-05	2.890995398891000e-02	6.069904552331000e-04
5.021000000000000e+00	1.185130643288000e-04	2.828037543077000e-02	6.079764474543000e-04
5.022000000000000e+00	2.770963474311000e-04	2.765079687263000e-02	6.089624396755000e-04
5.023000000000000e+00	3.887301120816000e-04	2.698001697058000e-02	6.106974469927000e-04
5.024000000000000e+00	4.534143592985000e-04	2.626803572551000e-02	6.131814693895000e-04
5.025000000000000e+00	5.180986057965000e-04	2.555605448001000e-02	6.156654917864000e-04
5.026000000000000e+00	4.502087167488000e-04	2.476580661967000e-02	6.181545464519000e-04
5.027000000000000e+00	3.823188277012000e-04	2.397555875932000e-02	6.206436011175000e-04
5.028000000000000e+00	2.676669903076000e-04	2.314855194154000e-02	6.223879705596000e-04
5.029000000000000e+00	1.062532055824000e-04	2.228478616712000e-02	6.233876547943000e-04
5.030000000000000e+00	-5.516057914122000e-05	2.142102039233000e-02	6.243873390177000e-04
5.031000000000000e+00	-2.162570780158000e-04	2.048992380072000e-02	6.232767816542000e-04
5.032000000000000e+00	-3.773535768904000e-04	1.955882720911000e-02	6.221662242908000e-04
5.033000000000000e+00	-4.914714382628000e-04	1.859803246521000e-02	6.203081863138000e-04
5.034000000000000e+00	-5.586106631517000e-04	1.760753956969000e-02	6.177026677394000e-04
5.035000000000000e+00	-6.257498873220000e-04	1.661704667390000e-02	6.150971491650000e-04
5.036000000000000e+00	-5.603134811764000e-04	1.557642030649000e-02	6.124866101366000e-04
5.037000000000000e+00	-4.948770750308001e-04	1.453579393909000e-02	6.098760711081000e-04
5.038000000000000e+00	-3.826304038750000e-04	1.347492921686000e-02	6.080087084529000e-04
5.039000000000000e+00	-2.235734687244000e-04	1.239382614023000e-02	6.068845221549000e-04
5.040000000000000e+00	-6.451653357377000e-05	1.131272306344000e-02	6.057603358683000e-04
5.041000000000000e+00	9.452112117610000e-05	1.020025655131000e-02	6.067421210227000e-04
5.042000000000000e+00	2.535587759258000e-04	9.087790039186999e-03	6.077239061772000e-04
5.043000000000000e+00	3.658660433117000e-04	7.963712349881000e-03	6.094516574338000e-04
5.044000000000000e+00	4.314429243471000e-04	6.828023483647000e-03	6.119253747765000e-04
5.045000000000000e+00	4.970198046667000e-04	5.692334617330000e-03	6.143990921192000e-04
5.046000000000000e+00	4.306045772781000e-04	4.540884204570000e-03	6.168778046000000e-04
5.047000000000000e+00	3.641893498897000e-04	3.389433791812000e-03	6.193565170808000e-04
5.048000000000000e+00	2.512211330722000e-04	2.233893441524000e-03	6.210935497173000e-04
5.049000000000000e+00	9.169992783533000e-05	1.074263153798000e-03	6.220889025255000e-04
5.050000000000000e+00	-6.782127739935000e-05	-8.536713392453999e-05	6.230842553223000e-04
5.051000000000000e+00	-2.269881355326000e-04	-1.244674606389000e-03	6.219779203515000e-04
5.052000000000000e+00	-3.861549936657000e-04	-2.403982078852000e-03	6.208715853807000e-04
5.053000000000000e+00	-4.985145926817000e-04	-3.558271536538000e-03	6.190208469600000e-04
5.054000000000000e+00	-5.640669335960000e-04	-4.707542979556000e-03	6.164257051056000e-04
5.055000000000000e+00	-6.296192737941000e-04	-5.856814422462000e-03	6.138305632512000e-04
5.056000000000000e+00	-5.631008085387000e-04	-6.985557643442000e-03	6.112306598598000e-04
5.057000000000000e+00	-4.965823432832000e-04	-8.114300864423000e-03	6.086307564684001e-04
5.058000000000000e+00	-3.834337976132000e-04	-9.227614646840999e-03	6.067712007016000e-04
5.059000000000000e+00	-2.236551725400000e-04	-1.032549899103000e-02	6.056519925434000e-04
5.060000000000000e+00	-6.387654746680000e-05	-1.142338333501000e-02	6.045327843965000e-04
5.061000000000000e+00	9.588251271566000e-05	-1.248117887677000e-02	6.055114180131000e-04
5.062000000000000e+00	2.556415728982000e-04	-1.353897441852000e-02	6.064900516297000e-04
5.063000000000000e+00	3.688494505318000e-04	-1.457287501255000e-02	6.082117874786000e-04
5.064000000000000e+00	4.355061466261000e-04	-1.558288065938000e-02	6.106766255438000e-04
5.065000000000000e+00	5.021628420075000e-04	-1.659288630590000e-02	6.131414636090000e-04
5.066000000000000e+00	4.373272788720000e-04	-1.754863573317000e-02	6.156114104188000e-04
5.067000000000000e+00	3.724917157365000e-04	-1.850438516043000e-02	6.180813572286000e-04
5.068000000000000e+00	2.612710154322000e-04	-1.942998787324000e-02	6.198125961812000e-04
5.069000000000000e+00	1.036651789653000e-04	-2.032544387225000e-02	6.208051272924000e-04
5.070000000000000e+00	-5.394065749993000e-05	-2.122089987090000e-02	6.217976583922000e-04
5.071000000000000e+00	-2.112354592830000e-04	-2.204964534997000e-02	6.206968252377000e-04
5.072000000000000e+00	-3.685302610661000e-04	-2.287839082903000e-02	6.195959920832000e-04
5.073000000000000e+00	-4.792282134192000e-04	-2.367023026160000e-02	6.177536745434001e-04
5.074000000000000e+00	-5.433293173526999e-04	-2.442516364849000e-02	6.151698726343000e-04
5.075000000000000e+00	-6.074304205733999e-04	-2.518009703493000e-02	6.125860707253000e-04
5.076000000000000e+00	-5.400422996544001e-04	-2.585384178760000e-02	6.099974318703000e-04
5.077000000000000e+00	-4.726541787353000e-04	-2.652758654028000e-02	6.074087930152999e-04
5.078000000000000e+00	-3.588546851419000e-04	-2.715736749281000e-02	6.055575144607000e-04
5.079000000000000e+00	-1.986438198808000e-04	-2.774318464615000e-02	6.044435961907000e-04
5.080000000000000e+00	-3.843295462019000e-05	-2.832900179898000e-02	6.033296779320000e-04
5.081000000000000e+00	1.216798445634000e-04	-2.882169746254000e-02	6.043051726259000e-04
5.082000000000000e+00	2.817926437468000e-04	-2.931439312610000e-02	6.052806673199000e-04
5.083000000000000e+00	3.954941553409000e-04	-2.975890109442000e-02	6.069962515238000e-04
5.084000000000000e+00	4.627843803520000e-04	-3.015522136854000e-02	6.094519252216000e-04
5.085000000000000e+00	5.300746046525000e-04	-3.055154164213000e-02	6.119075989194000e-04
5.086000000000000e+00	4.662957948610000e-04	-3.084984494238000e-02	6.143681891128000e-04
5.087000000000000e+00	4.025169850696000e-04	-3.114814824263000e-02	6.168287793062000e-04
5.088000000000000e+00	2.924850996112000e-04	-3.139700829580000e-02	6.185534838171000e-04
5.089000000000000e+00	1.362001394887000e-04	-3.159642510296000e-02	6.195423026613000e-04
5.090000000000000e+00	-2.008482063251000e-05	-3.179584190958000e-02	6.205311214943000e-04
5.091000000000000e+00	-1.761662813924000e-04	-3.189542847517000e-02	6.194346442141000e-04
5.092000000000000e+00	-3.322477421523000e-04	-3.199501504077000e-02	6.183381669339000e-04
5.093000000000000e+00	-4.419708958225000e-04	-3.204400436179000e-02	6.165030411620000e-04
5.094000000000000e+00	-5.053357434088000e-04	-3.204239643933000e-02	6.139292669146001e-04
5.095000000000000e+00	-5.687005902854999e-04	-3.204078851631000e-02	6.113554926671000e-04
5.096000000000000e+00	-5.012072296462000e-04	-3.193656434500000e-02	6.087767572855000e-04
5.097000000000000e+00	-4.337138690070000e-04	-3.183234017369000e-02	6.061980219038000e-04
5.098000000000000e+00	-3.200500884967000e-04	-3.167649941789000e-02	6.043536923995000e-04
5.099000000000000e+00	-1.602158891167000e-04	-3.146904207873000e-02	6.032437687564000e-04
5.100000000000000e+00	-3.816897377658000e-07	-3.126158473902000e-02	6.021338451247000e-04
5.101000000000000e+00	1.592351391075000e-04	-3.095193816686000e-02	6.031050530382000e-04
5.102000000000000e+00	3.188519679529000e-04	-3.064229159470000e-02	6.040762609517000e-04
5.103000000000000e+00	4.321790257832000e-04	-3.028307505192000e-02	6.057846372993000e-04
5.104000000000000e+00	4.992163136024000e-04	-2.987428853959000e-02	6.082301820651001e-04
5.105000000000000e+00	5.662536007130000e-04	-2.946550202674000e-02	6.106757268307999e-04
5.106000000000000e+00	5.026143672920000e-04	-2.896225441307000e-02	6.131261791756000e-04
5.107000000000000e+00	4.389751338709000e-04	-2.845900679940000e-02	6.155766315203000e-04
5.108000000000000e+00	3.292038926117000e-04	-2.791123954962000e-02	6.172941062459000e-04
5.109000000000000e+00	1.733006445151000e-04	-2.731895266469000e-02	6.182786033683000e-04
5.110000000000000e+00	1.739739641891000e-05	-2.672666577931000e-02	6.192631004794000e-04
5.111000000000000e+00	-1.384211857319000e-04	-2.605061207526000e-02	6.181705402124000e-04
5.112000000000000e+00	-2.942397678828000e-04	-2.537455837122000e-02	6.170779799455000e-04
5.113000000000000e+00	-4.039387735523000e-04	-2.465898593996000e-02	6.152496993593000e-04
5.114000000000000e+00	-4.675182037406000e-04	-2.390389478235000e-02	6.126856984698000e-04
5.115000000000000e+00	-5.310976332227999e-04	-2.314880362433000e-02	6.101216975803000e-04
5.116000000000000e+00	-4.644409051984000e-04	-2.231917503909000e-02	6.075528089075000e-04
5.117000000000000e+00	-3.977841771741000e-04	-2.148954645386000e-02	6.049839202347000e-04
5.118000000000000e+00	-2.851900759678000e-04	-2.062519076021000e-02	6.031465744420000e-04
5.119000000000000e+00	-1.266586025758000e-04	-1.972610795889000e-02	6.020407715137000e-04
5.120000000000000e+00	3.187287081454000e-05	-1.882702515723000e-02	6.009349685965000e-04
5.121000000000000e+00	1.900882400926000e-04	-1.786496247036000e-02	6.019021378649000e-04
5.122000000000000e+00	3.483036093706000e-04	-1.690289978348000e-02	6.028693071333000e-04
5.123000000000000e+00	4.603630511789000e-04	-1.591343012992000e-02	6.045707342894000e-04
5.124000000000000e+00	5.262665665186000e-04	-1.489655351027000e-02	6.070064193175000e-04
5.125000000000000e+00	5.921700811519000e-04	-1.387967689038000e-02	6.094421043455999e-04
5.126000000000000e+00	5.278191820568999e-04	-1.281742932543000e-02	6.118826014803000e-04
5.127000000000000e+00	4.634682829620000e-04	-1.175518176049000e-02	6.143230986149001e-04
5.128000000000000e+00	3.531245147168000e-04	-1.067514842868000e-02	6.160334498524000e-04
5.129000000000000e+00	1.967878783188000e-04	-9.577329330411000e-03	6.170136552086000e-04
5.130000000000000e+00	4.045124192106000e-05	-8.479510231998000e-03	6.179938605537000e-04
5.131000000000000e+00	-1.158756772445000e-04	-7.355352057080000e-03	6.169051090032000e-04
5.132000000000000e+00	-2.722025964102000e-04	-6.231193882162000e-03	6.158163574527000e-04
5.133000000000000e+00	-3.826228825265000e-04	-5.097987236156000e-03	6.139947961077000e-04
5.134000000000000e+00	-4.471365365894000e-04	-3.955732119257000e-03	6.114404249838999e-04
5.135000000000000e+00	-5.116501899492000e-04	-2.813477002301000e-03	6.088860538601000e-04
5.136000000000000e+00	-4.464917756953000e-04	-1.660661634073000e-03	6.063269928280000e-04
5.137000000000000e+00	-3.813333614413000e-04	-5.078462658454000e-04	6.037679317960000e-04
5.138000000000000e+00	-2.704393256424000e-04	6.464408660200000e-04	6.019376907537000e-04
5.139000000000000e+00	-1.138096692903000e-04	1.802199761493000e-03	6.008362696855001e-04
5.140000000000000e+00	4.281998706001000e-05	2.957958656936000e-03	5.997348486285000e-04
5.141000000000000e+00	1.991008852925000e-04	4.108179472747000e-03	6.006986067199000e-04
5.142000000000000e+00	3.553817835251000e-04	5.258400288560000e-03	6.016623648113000e-04
5.143000000000000e+00	4.656754336196000e-04	6.401037077292000e-03	6.033576405818000e-04
5.144000000000000e+00	5.299818365733000e-04	7.536089839111000e-03	6.057844340157000e-04
5.145000000000000e+00	5.942882388236000e-04	8.671142600791000e-03	6.082112274495000e-04
5.146000000000000e+00	5.288366876415000e-04	9.780673589905999e-03	6.106429394535000e-04
5.147000000000000e+00	4.633851364593000e-04	1.089020457902000e-02	6.130746514576000e-04
5.148000000000000e+00	3.521198939027000e-04	1.198189814676000e-02	6.147790439486001e-04
5.149000000000000e+00	1.950409609650000e-04	1.305575429351000e-02	6.157561169424000e-04
5.150000000000000e+00	3.796202802749000e-05	1.412961044002000e-02	6.167331899251000e-04
5.151000000000000e+00	-1.190965423940000e-04	1.515876213142000e-02	6.156491722064000e-04
5.152000000000000e+00	-2.761551128156000e-04	1.618791382282000e-02	6.145651544877001e-04
5.153000000000000e+00	-3.874754759424000e-04	1.719097038599000e-02	6.127510340444000e-04
5.154000000000000e+00	-4.530576327661000e-04	1.816793182149000e-02	6.102068108922000e-04
5.155000000000000e+00	-5.186397888895001e-04	1.914489325667000e-02	6.076625877399000e-04
5.156000000000000e+00	-4.550249996350000e-04	2.006343292058000e-02	6.051133845065000e-04
5.157000000000000e+00	-3.914102103804000e-04	2.098197258450000e-02	6.025641812731000e-04
5.158000000000000e+00	-2.822189060094000e-04	2.186841647558000e-02	6.007408414811000e-04
5.159000000000000e+00	-1.274510875105000e-04	2.272276459451000e-02	5.996433651148000e-04
5.160000000000000e+00	2.731673098692000e-05	2.357711271307000e-02	5.985458887595000e-04
5.161000000000000e+00	1.817825925125000e-04	2.436116505589000e-02	5.995054385041000e-04
5.162000000000000e+00	3.362484540379000e-04	2.514521739871000e-02	6.004649882487000e-04
5.163000000000000e+00	4.449326615818000e-04	2.589075203862000e-02	6.021532178880000e-04
5.164000000000000e+00	5.078352161370000e-04	2.659776897648000e-02	6.045701274061000e-04
5.165000000000000e+00	5.707377699917000e-04	2.730478591388000e-02	6.069870369243000e-04
5.166000000000000e+00	5.044493556872000e-04	2.792779284756000e-02	6.094089675741000e-04
5.167000000000000e+00	4.381609413828000e-04	2.855079978124000e-02	6.118308982239000e-04
5.168000000000000e+00	3.262731722081000e-04	2.912864415883000e-02	6.135284288086000e-04
5.169000000000000e+00	1.687860491521000e-04	2.966132598130000e-02	6.145015593440000e-04
5.170000000000000e+00	1.129892609679000e-05	3.019400780327000e-02	6.154746898683000e-04
5.171000000000000e+00	-1.460849302335000e-04	3.063159820232000e-02	6.143949463826000e-04
5.172000000000000e+00	-3.034687865636000e-04	3.106918860136000e-02	6.133152028968000e-04
5.173000000000000e+00	-4.152457649214000e-04	3.145781725410000e-02	6.115082965875000e-04
5.174000000000000e+00	-4.814158662957000e-04	3.179748416157000e-02	6.089742274704000e-04
5.175000000000000e+00	-5.475859669717000e-04	3.213715106851000e-02	6.064401583533000e-04
5.176000000000000e+00	-4.849603519400000e-04	3.237767187611000e-02	6.039013288876000e-04
5.177000000000000e+00	-4.223347369083000e-04	3.261819268370000e-02	6.013624994219000e-04
5.178000000000000e+00	-3.142566154261000e-04	3.280891952644000e-02	5.995468115625000e-04
5.179000000000000e+00	-1.607259884792000e-04	3.294985240539000e-02	5.984542652935000e-04
5.180000000000000e+00	-7.195361533411000e-06	3.309078528380000e-02	5.973617190357000e-04
5.181000000000000e+00	1.461436287873000e-04	3.313163433252000e-02	5.983183926233000e-04
5.182000000000000e+00	2.994826191080000e-04	3.317248338124000e-02	5.992750662109000e-04
5.183000000000000e+00	4.072732993427000e-04	3.316284367358000e-02	6.009576648150000e-04
5.184000000000000e+00	4.695156704794000e-04	3.310271521064000e-02	6.033661884199001e-04
5.185000000000000e+00	5.317580409189000e-04	3.304258674715000e-02	6.057747120248000e-04
5.186000000000000e+00	4.654244172458000e-04	3.288054241595000e-02	6.081883270618000e-04
5.187000000000000e+00	3.990907935726000e-04	3.271849808475000e-02	6.106019420988000e-04
5.188000000000000e+00	2.873931529543000e-04	3.250542618209000e-02	6.122939757109000e-04
5.189000000000000e+00	1.303314963745000e-04	3.224132670908000e-02	6.132644279137000e-04
5.190000000000000e+00	-2.673016020421000e-05	3.197722723551000e-02	6.142348801055000e-04
5.191000000000000e+00	-1.835684305641000e-04	3.161256995392000e-02	6.131603662526000e-04
5.192000000000000e+00	-3.404067009240000e-04	3.124791267233000e-02	6.120858523996000e-04
5.193000000000000e+00	-4.517532891502000e-04	3.083471090575000e-02	6.102869432228000e-04
5.194000000000000e+00	-5.176081962290000e-04	3.037296465524000e-02	6.077636387380000e-04
5.195000000000000e+00	-5.834631026116000e-04	2.991121840423000e-02	6.052403342531000e-04
5.196000000000000e+00	-5.208978427898000e-04	2.935745059837000e-02	6.027121620656000e-04
5.197000000000000e+00	-4.583325829678000e-04	2.880368279252000e-02	6.001839898782000e-04
5.198000000000000e+00	-3.504304143532000e-04	2.820679977913000e-02	5.983760935231000e-04
5.199000000000000e+00	-1.971913379293000e-04	2.756680155915000e-02	5.972884729844999e-04
5.200000000000000e+00	-4.395226150572000e-05	2.692680333873000e-02	5.962008524570000e-04
5.201000000000000e+00	1.092118442565000e-04	2.620620899939000e-02	5.971543886523000e-04
5.202000000000000e+00	2.623759500186000e-04	2.548561466005000e-02	5.981079248477000e-04
5.203000000000000e+00	3.702230167365000e-04	2.472726572736000e-02	5.997845081083000e-04
5.204000000000000e+00	4.327530453928000e-04	2.393116220213000e-02	6.021841384184000e-04
5.205000000000000e+00	4.952830733554000e-04	2.313505867652000e-02	6.045837687286000e-04
5.206000000000000e+00	4.298390764253000e-04	2.226829034278000e-02	6.069883149112000e-04
5.207000000000000e+00	3.643950794952000e-04	2.140152200904000e-02	6.093928610938000e-04
5.208000000000000e+00	2.538126647557000e-04	2.050211975126000e-02	6.110785281941000e-04
5.209000000000000e+00	9.809183318584000e-05	1.957008357016000e-02	6.120453162275000e-04
5.210000000000000e+00	-5.762899838219000e-05	1.863804738875000e-02	6.130121042500000e-04
5.211000000000000e+00	-2.130304402147000e-04	1.764748376622000e-02	6.119416488257001e-04
5.212000000000000e+00	-3.684318820472000e-04	1.665692014369000e-02	6.108711934015000e-04
5.213000000000000e+00	-4.784710501316000e-04	1.564128094606000e-02	6.090790602226000e-04
5.214000000000000e+00	-5.431479454517000e-04	1.460056617388000e-02	6.065652493047000e-04
5.215000000000000e+00	-6.078248400777000e-04	1.355985140148000e-02	6.040514383868000e-04
5.216000000000000e+00	-5.444910701330000e-04	1.247858757462000e-02	6.015326597551001e-04
5.217000000000000e+00	-4.811573001882000e-04	1.139732374777000e-02	5.990138811234000e-04
5.218000000000000e+00	-3.726228952843000e-04	1.030074574935000e-02	5.972125660151999e-04
5.219000000000000e+00	-2.188878564014000e-04	9.188853579702000e-03	5.961287144148000e-04
5.220000000000000e+00	-6.515281751868001e-05	8.076961409937000e-03	5.950448628254000e-04
5.221000000000000e+00	8.857393867209000e-05	6.943770490659000e-03	5.959942773521000e-04
5.222000000000000e+00	2.423006948629000e-04	5.810579571381000e-03	5.969436918787000e-04
5.223000000000000e+00	3.509125686916000e-04	4.670899441851000e-03	5.986133727748000e-04
5.224000000000000e+00	4.144095611370000e-04	3.524730102208000e-03	6.010033200247000e-04
5.225000000000000e+00	4.779065528913000e-04	2.378560762535000e-03	6.033932672747000e-04
5.226000000000000e+00	4.139670316000000e-04	1.227002221055000e-03	6.057881388221000e-04
5.227000000000000e+00	3.500275103087000e-04	7.544367957519000e-05	6.081830103696000e-04
5.228000000000000e+00	2.411412185283000e-04	-1.074995178868000e-03	6.098617872965000e-04
5.229000000000000e+00	8.730815723320000e-05	-2.224314354301000e-03	6.108244696186000e-04
5.230000000000000e+00	-6.652490405997000e-05	-3.373633529677000e-03	6.117871519297000e-04
5.231000000000000e+00	-2.200116880859000e-04	-4.512275197840000e-03	6.107204686169999e-04
5.232000000000000e+00	-3.734984721120000e-04	-5.650916866005000e-03	6.096537853043000e-04
5.233000000000000e+00	-4.817872028944000e-04	-6.779456984273000e-03	6.078682219857000e-04
5.234000000000000e+00	-5.448778814133000e-04	-7.897895552861000e-03	6.053637786767000e-04
5.235000000000000e+00	-6.079685592407000e-04	-9.016334121285999e-03	6.028593353676000e-04
5.236000000000000e+00	-5.435291345433000e-04	-1.010437423698000e-02	6.003499884334000e-04
5.237000000000000e+00	-4.790897098458000e-04	-1.119241435268000e-02	5.978406414991000e-04
5.238000000000000e+00	-3.696230445919000e-04	-1.226027696361000e-02	5.960460169657000e-04
5.239000000000000e+00	-2.151291397584000e-04	-1.330796207020000e-02	5.949661148176000e-04
5.240000000000000e+00	-6.063523492464000e-05	-1.435564717654000e-02	5.938862126806000e-04
5.241000000000000e+00	9.383833861191000e-05	-1.535416624446000e-02	5.948317661863000e-04
5.242000000000000e+00	2.483119121483000e-04	-1.635268531239000e-02	5.957773196919000e-04
5.243000000000000e+00	3.578311810769000e-04	-1.732299493288000e-02	5.974403516816000e-04
5.244000000000000e+00	4.223961463725000e-04	-1.826509510656000e-02	5.998208621396000e-04
5.245000000000000e+00	4.869611109797000e-04	-1.920719527990000e-02	6.022013725976000e-04
5.246000000000000e+00	4.245411018600000e-04	-2.008689654644000e-02	6.045867078180000e-04
5.247000000000000e+00	3.621210927404000e-04	-2.096659781297000e-02	6.069720430384000e-04
5.248000000000000e+00	2.549027826321000e-04	-2.181235602373000e-02	6.086439901706000e-04
5.249000000000000e+00	1.028861725070000e-04	-2.262417117945000e-02	6.096025492301000e-04
5.250000000000000e+00	-4.913043761641000e-05	-2.343598633476000e-02	6.105611082786000e-04
5.251000000000000e+00	-2.008584612883000e-04	-2.417413701339000e-02	6.094980551969999e-04
5.252000000000000e+00	-3.525864849600000e-04	-2.491228769201000e-02	6.084350021154000e-04
5.253000000000000e+00	-4.593215384384000e-04	-2.561042259668000e-02	6.066558614425000e-04
5.254000000000000e+00	-5.210636226992000e-04	-2.626854172828000e-02	6.041606331938000e-04
5.255000000000000e+00	-5.828057062715000e-04	-2.692666085940000e-02	6.016654049452000e-04
5.256000000000000e+00	-5.175771876852000e-04	-2.749818417469000e-02	5.991654874381000e-04
5.257000000000000e+00	-4.523486690990000e-04	-2.806970748998000e-02	5.966655699310999e-04
5.258000000000000e+00	-3.423046403300000e-04	-2.859499057448000e-02	5.948777824989000e-04
5.259000000000000e+00	-1.874451023501000e-04	-2.907403342920000e-02	5.938021251262000e-04
5.260000000000000e+00	-3.258556437096000e-05	-2.955307628340000e-02	5.927264677645000e-04
5.261000000000000e+00	1.221671714769000e-04	-2.993530519943000e-02	5.936688245900000e-04
5.262000000000000e+00	2.769199073248000e-04	-3.031753411545000e-02	5.946111814155000e-04
5.263000000000000e+00	3.868433629171000e-04	-3.065015296414000e-02	5.962683925383000e-04
5.264000000000000e+00	4.519375392261000e-04	-3.093316174655000e-02	5.986404579429000e-04
5.265000000000000e+00	5.170317148487000e-04	-3.121617052842000e-02	6.010125233475000e-04
5.266000000000000e+00	4.555265982049000e-04	-3.139915810150000e-02	6.033894904241000e-04
5.267000000000000e+00	3.940214815612000e-04	-3.158214567457000e-02	6.057664575008000e-04
5.268000000000000e+00	2.878371683877000e-04	-3.171511583967000e-02	6.074327224535000e-04
5.269000000000000e+00	1.369736596535000e-04	-3.179806859788000e-02	6.083882852978000e-04
5.270000000000000e+00	-1.388984907975000e-05	-3.188102135555000e-02	6.093438481311000e-04
5.271000000000000e+00	-1.645733215987000e-04	-3.186388925154000e-02	6.082852909400000e-04
5.272000000000000e+00	-3.152567941178000e-04	-3.184675714753000e-02	6.072267337489000e-04
5.273000000000000e+00	-4.211743447295000e-04	-3.177936870843000e-02	6.054546695689000e-04
5.274000000000000e+00	-4.823259744051000e-04	-3.166172393531000e-02	6.029690984154000e-04
5.275000000000000e+00	-5.434776033954001e-04	-3.154407916165000e-02	6.004835272618000e-04
5.276000000000000e+00	-4.782573603498000e-04	-3.132545964587000e-02	5.979929908304000e-04
5.277000000000000e+00	-4.130371173042000e-04	-3.110684013009000e-02	5.955024543989000e-04
5.278000000000000e+00	-3.032315095070000e-04	-3.083789793775000e-02	5.937212281641000e-04
5.279000000000000e+00	-1.488405379255000e-04	-3.051863306992000e-02	5.926493121105000e-04
5.280000000000000e+00	5.550433654972000e-06	-3.019936820156000e-02	5.915773960678000e-04
5.281000000000000e+00	1.597127289248000e-04	-2.978139844156000e-02	5.925157160106000e-04
5.282000000000000e+00	3.138750241948000e-04	-2.936342868157000e-02	5.934540359533000e-04
5.283000000000000e+00	4.233166565759000e-04	-2.889804502443000e-02	5.951045024645000e-04
5.284000000000000e+00	4.880376270381000e-04	-2.838524747119000e-02	5.974671155289000e-04
5.285000000000000e+00	5.527585968158000e-04	-2.787244991747000e-02	5.998297285933000e-04
5.286000000000000e+00	4.912387549277000e-04	-2.727026812351000e-02	6.021973416918000e-04
5.287000000000000e+00	4.297189130396000e-04	-2.666808632956000e-02	6.045649547904000e-04
5.288000000000000e+00	3.236299973224000e-04	-2.602428564619000e-02	6.062246526399000e-04
5.289000000000000e+00	1.729720087429000e-04	-2.533886607430000e-02	6.071764352557000e-04
5.290000000000000e+00	2.231402016353000e-05	-2.465344650200000e-02	6.081282178606000e-04
5.291000000000000e+00	-1.282785896644000e-04	-2.389076936897000e-02	6.070737245245000e-04
5.292000000000000e+00	-2.788711994922000e-04	-2.312809223594000e-02	6.060192311883000e-04
5.293000000000000e+00	-3.849218105832000e-04	-2.232949961767000e-02	6.042540375453000e-04
5.294000000000000e+00	-4.464304239031000e-04	-2.149499151495000e-02	6.017781436110000e-04
5.295000000000000e+00	-5.079390365409000e-04	-2.066048341187000e-02	5.993022496766000e-04
5.296000000000000e+00	-4.436575634895000e-04	-1.975931353844000e-02	5.968215993277000e-04
5.297000000000000e+00	-3.793760904382000e-04	-1.885814366502000e-02	5.943409489789000e-04
5.298000000000000e+00	-2.707269900564000e-04	-1.792648801616000e-02	5.925670088585999e-04
5.299000000000000e+00	-1.177102633065000e-04	-1.696434659254000e-02	5.914997789517000e-04
5.300000000000000e+00	3.530646344155000e-05	-1.600220516862000e-02	5.904325490556000e-04
5.301000000000000e+00	1.880028316985000e-04	-1.498607787042000e-02	5.913680980628000e-04
5.302000000000000e+00	3.406991999555000e-04	-1.396995057221000e-02	5.923036470701001e-04
5.303000000000000e+00	4.488007903470000e-04	-1.293111326024000e-02	5.939487107627000e-04
5.304000000000000e+00	5.123076038404000e-04	-1.186956593499000e-02	5.963032891252000e-04
5.305000000000000e+00	5.758144166515000e-04	-1.080801860955000e-02	5.986578674878000e-04
5.306000000000000e+00	5.134784065655000e-04	-9.710791620613999e-03	6.010175139149000e-04
5.307000000000000e+00	4.511423964796000e-04	-8.613564631680001e-03	6.033771603420000e-04
5.308000000000000e+00	3.443704275992000e-04	-7.503508191372000e-03	6.050315866690000e-04
5.309000000000000e+00	1.931625008879000e-04	-6.380622299967000e-03	6.059807929113000e-04
5.310000000000000e+00	4.195457417670000e-05	-5.257736408474000e-03	6.069299991427000e-04
5.311000000000000e+00	-1.092490555455000e-04	-4.118596356168000e-03	6.058804953129000e-04
5.312000000000000e+00	-2.604526852678000e-04	-2.979456303862000e-03	6.048309914832000e-04
5.313000000000000e+00	-3.673077819067000e-04	-1.836377069223000e-03	6.030734398627000e-04
5.314000000000000e+00	-4.298143464243000e-04	-6.893586523345001e-04	6.006078404667000e-04
5.315000000000000e+00	-4.923209102626000e-04	4.576597645555000e-04	5.981422410707000e-04
5.316000000000000e+00	-4.295526626628000e-04	1.604937835221000e-03	5.956718026503000e-04
5.317000000000000e+00	-3.667844150629000e-04	2.752215905888000e-03	5.932013642298000e-04
5.318000000000000e+00	-2.598314499721000e-04	3.895814908384000e-03	5.914349068617000e-04
5.319000000000000e+00	-1.086937683489000e-04	5.035734842787000e-03	5.903724305307000e-04
5.320000000000000e+00	4.244391327265000e-05	6.175654777105000e-03	5.893099542104000e-04
5.321000000000000e+00	1.932403864434000e-04	7.299843409359000e-03	5.902425633946000e-04
5.322000000000000e+00	3.440368596143000e-04	8.424032041614000e-03	5.911751725787000e-04
5.323000000000000e+00	4.504001550194000e-04	9.535654432355000e-03	5.928145471737000e-04
5.324000000000000e+00	5.123302736222000e-04	1.063471058185000e-02	5.951606871642000e-04
5.325000000000000e+00	5.742603915453000e-04	1.173376673116000e-02	5.975068271547000e-04
5.326000000000000e+00	5.108185754937000e-04	1.279767204338000e-02	5.998578608931001e-04
5.327000000000000e+00	4.473767594421000e-04	1.386157735560000e-02	6.022088946315000e-04
5.328000000000000e+00	3.396700437648000e-04	1.490303604747000e-02	6.038572858566000e-04
5.329000000000000e+00	1.876984294219000e-04	1.592204811946000e-02	6.048030345836000e-04
5.330000000000000e+00	3.572681507899000e-05	1.694106019116000e-02	6.057487832999000e-04
5.331000000000000e+00	-1.162217395841000e-04	1.790660363446000e-02	6.047031952641000e-04
5.332000000000000e+00	-2.681702942470000e-04	1.887214707776000e-02	6.036576072283000e-04
5.333000000000000e+00	-3.759221126955000e-04	1.980745454444000e-02	6.019065683083000e-04
5.334000000000000e+00	-4.394771958879000e-04	2.071252603515000e-02	5.994500785193000e-04
5.335000000000000e+00	-5.030322784033000e-04	2.161759752550000e-02	5.969935887302000e-04
5.336000000000000e+00	-4.417429364398000e-04	2.245648434892000e-02	5.945321689072000e-04
5.337000000000000e+00	-3.804535944764000e-04	2.329537117234000e-02	5.920707490843000e-04
5.338000000000000e+00	-2.751205335529000e-04	2.409857053090000e-02	5.903106242723000e-04
5.339000000000000e+00	-1.257437546247000e-04	2.486608242538000e-02	5.892517944560000e-04
5.340000000000000e+00	2.363302430187000e-05	2.563359431944000e-02	5.881929646506000e-04
5.341000000000000e+00	1.727284097901000e-04	2.632429108892000e-02	5.891216736789000e-04
5.342000000000000e+00	3.218237952782000e-04	2.701498785841000e-02	5.900503827072000e-04
5.343000000000000e+00	4.266860111808000e-04	2.766428475293000e-02	5.916831900770000e-04
5.344000000000000e+00	4.873150584572000e-04	2.827218177341000e-02	5.940200957731000e-04
5.345000000000000e+00	5.479441050568000e-04	2.888007879340000e-02	5.963570014692000e-04
5.346000000000000e+00	4.837458457093000e-04	2.939902967129000e-02	5.986987786451000e-04
5.347000000000000e+00	4.195475863618000e-04	2.991798054917000e-02	6.010405558210000e-04
5.348000000000000e+00	3.112915431074000e-04	3.038973406597000e-02	6.026823355512000e-04
5.349000000000000e+00	1.589777169013000e-04	3.081429022271000e-02	6.036241178508000e-04
5.350000000000000e+00	6.663890695814000e-06	3.123884637891000e-02	6.045659001397000e-04
5.351000000000000e+00	-1.455366589191000e-04	3.156511126899000e-02	6.035238537965999e-04
5.352000000000000e+00	-2.977372085341000e-04	3.189137615908000e-02	6.024818074535999e-04
5.353000000000000e+00	-4.058576118755000e-04	3.216750664688000e-02	6.007369848409000e-04
5.354000000000000e+00	-4.698978698997000e-04	3.239350273346000e-02	5.982893859736000e-04
5.355000000000000e+00	-5.339381272489000e-04	3.261949881951000e-02	5.958417871063000e-04
5.356000000000000e+00	-4.734967772345000e-04	3.274484784904000e-02	5.933893465061000e-04
5.357000000000000e+00	-4.130554272201000e-04	3.287019687858000e-02	5.909369059059000e-04
5.358000000000000e+00	-3.086802363379000e-04	3.294542936275000e-02	5.891831631269000e-04
5.359000000000000e+00	-1.603712055411000e-04	3.297054530265000e-02	5.881281181541000e-04
5.360000000000000e+00	-1.206217474500000e-05	3.299566124200000e-02	5.870730731920000e-04
5.361000000000000e+00	1.360801281360000e-04	3.292093687597000e-02	5.879981491018000e-04
5.362000000000000e+00	2.842224310171000e-04	3.284621250994000e-02	5.889232250116000e-04
5.363000000000000e+00	3.883548933926000e-04	3.272158425311000e-02	5.905497489977000e-04
5.364000000000000e+00	4.484775162169000e-04	3.254705210657000e-02	5.928777210450000e-04
5.365000000000000e+00	5.086001383675000e-04	3.237251995949000e-02	5.952056930923000e-04
5.366000000000000e+00	4.444790136101000e-04	3.209818643183000e-02	5.975384358017000e-04
5.367000000000000e+00	3.803578888528000e-04	3.182385290417000e-02	5.998711785111000e-04
5.368000000000000e+00	2.724022753284000e-04	3.150001293784000e-02	6.015064880206000e-04
5.369000000000000e+00	1.206121739877000e-04	3.112666653390000e-02	6.024443643452000e-04
5.370000000000000e+00	-3.117792735193000e-05	3.075332012944000e-02	6.033822406592000e-04
5.371000000000000e+00	-1.827379452826000e-04	3.028333367051000e-02	6.023436226490000e-04
5.372000000000000e+00	-3.342979632131000e-04	2.981334721158000e-02	6.013050046387000e-04
5.373000000000000e+00	-4.418841081832000e-04	2.929717753670000e-02	5.995662355704000e-04
5.374000000000000e+00	-5.054963811464000e-04	2.873482464687000e-02	5.971273154593000e-04
5.375000000000000e+00	-5.691086534366000e-04	2.817247175658000e-02	5.946883953481000e-04
5.376000000000000e+00	-5.085885600049000e-04	2.752355928709000e-02	5.922447654352000e-04
5.377000000000000e+00	-4.480684665733000e-04	2.687464681760000e-02	5.898011355223000e-04
5.378000000000000e+00	-3.437217786655000e-04	2.618569828005000e-02	5.880537081663000e-04
5.379000000000000e+00	-1.955484972323000e-04	2.545671367529000e-02	5.870024833520000e-04
5.380000000000000e+00	-4.737521579938000e-05	2.472772907014000e-02	5.859512585485000e-04
5.381000000000000e+00	1.007425028726000e-04	2.392498226656000e-02	5.868730587793000e-04
5.382000000000000e+00	2.488602215445000e-04	2.312223546298000e-02	5.877948590101000e-04
5.383000000000000e+00	3.531857326140000e-04	2.228548162548000e-02	5.894156333895000e-04
5.384000000000000e+00	4.137190370309000e-04	2.141472075481000e-02	5.917353819025000e-04
5.385000000000000e+00	4.742523407773000e-04	2.054395988379000e-02	5.940551304155000e-04
5.386000000000000e+00	4.111080678631000e-04	1.961065929748000e-02	5.963798296207000e-04
5.387000000000000e+00	3.479637949489000e-04	1.867735871117000e-02	5.987045288259000e-04
5.388000000000000e+00	2.411975893453000e-04	1.771576972218000e-02	6.003344222424000e-04
5.389000000000000e+00	9.080945199817000e-05	1.672589233113000e-02	6.012695098852000e-04
5.390000000000000e+00	-5.957868534718000e-05	1.573601493982000e-02	6.022045975174000e-04
5.391000000000000e+00	-2.096447458290000e-04	1.469677086885000e-02	6.011704577446000e-04
5.392000000000000e+00	-3.597108063109000e-04	1.365752679789000e-02	6.001363179717000e-04
5.393000000000000e+00	-4.659238512067000e-04	1.259796673246000e-02	5.984045269864000e-04
5.394000000000000e+00	-5.282838814674000e-04	1.151809067302000e-02	5.959750848038000e-04
5.395000000000000e+00	-5.906439110572000e-04	1.043821461340000e-02	5.935456426211000e-04
5.396000000000000e+00	-5.292567853344000e-04	9.327564552732001e-03	5.911112385536000e-04
5.397000000000000e+00	-4.678696596116000e-04	8.216914492059999e-03	5.886768344861000e-04
5.398000000000000e+00	-3.627859048377000e-04	7.095927387214000e-03	5.869359150108000e-04
5.399000000000000e+00	-2.140055219606000e-04	5.964603238420000e-03	5.858884801126000e-04
5.400000000000000e+00	-6.522513908337000e-05	4.833279089564000e-03	5.848410452251000e-04
5.401000000000000e+00	8.355450121245000e-05	3.690739278466000e-03	5.857591095087000e-04
5.402000000000000e+00	2.323341415084000e-04	2.548199467367000e-03	5.866771737922000e-04
5.403000000000000e+00	3.375059432539000e-04	1.404256428067000e-03	5.882915661363000e-04
5.404000000000000e+00	3.990699073947000e-04	2.589101605979000e-04	5.906022865260001e-04
5.405000000000000e+00	4.606338708677000e-04	-8.864361068461000e-04	5.929130069156000e-04
5.406000000000000e+00	3.990125012788000e-04	-2.026962906509000e-03	5.952286569118000e-04
5.407000000000000e+00	3.373911316900000e-04	-3.167489706173000e-03	5.975443069080000e-04
5.408000000000000e+00	2.323215977234000e-04	-4.301814192418000e-03	5.991677691719000e-04
5.409000000000000e+00	8.380390032148000e-05	-5.429936365377000e-03	6.000990437186000e-04
5.410000000000000e+00	-6.471379707875000e-05	-6.558058538224000e-03	6.010303182546000e-04
5.411000000000000e+00	-2.128954428911000e-04	-7.665488684440000e-03	5.999998094999000e-04
5.412000000000000e+00	-3.610770887033000e-04	-8.772918830654000e-03	5.989693007451000e-04
5.413000000000000e+00	-4.655650465274000e-04	-9.865374269161000e-03	5.972438170917000e-04
5.414000000000000e+00	-5.263593173107000e-04	-1.094285500028000e-02	5.948233585546000e-04
5.415000000000000e+00	-5.871535874256000e-04	-1.202033573119000e-02	5.924029000175000e-04
5.416000000000000e+00	-5.246621389812000e-04	-1.305804371622000e-02	5.899776992290000e-04
5.417000000000000e+00	-4.621706905368000e-04	-1.409575170126000e-02	5.875524984405000e-04
5.418000000000000e+00	-3.561510707149000e-04	-1.510881768931000e-02	5.858183163885000e-04
5.419000000000000e+00	-2.066032804594000e-04	-1.609724168091000e-02	5.847751530581000e-04
5.420000000000000e+00	-5.705549020423000e-05	-1.708566567220000e-02	5.837319897383000e-04
5.421000000000000e+00	9.246731960773999e-05	-1.801648223289000e-02	5.846472405134000e-04
5.422000000000000e+00	2.419901294196000e-04	-1.894729879357000e-02	5.855624912885000e-04
5.423000000000000e+00	3.480488351808000e-04	-1.984594257594000e-02	5.871715732418000e-04
5.424000000000000e+00	4.106434378340000e-04	-2.071241358068000e-02	5.894744863584000e-04
5.425000000000000e+00	4.732380398215000e-04	-2.157888458504000e-02	5.917773994750000e-04
5.426000000000000e+00	4.130573383540000e-04	-2.237557930445000e-02	5.940853383468000e-04
5.427000000000000e+00	3.528766368865000e-04	-2.317227402386000e-02	5.963932772187000e-04
5.428000000000000e+00	2.493809765591000e-04	-2.393164049532000e-02	5.980116196464000e-04
5.429000000000000e+00	1.025703583107000e-04	-2.465367871964000e-02	5.989403656448000e-04
5.430000000000000e+00	-4.424025993596000e-05	-2.537571694354000e-02	5.998691116327000e-04
5.431000000000000e+00	-1.907791528347000e-04	-2.601800761066000e-02	5.988433438917000e-04
5.432000000000000e+00	-3.373180457333000e-04	-2.666029827779000e-02	5.978175761508000e-04
5.433000000000000e+00	-4.403600103715000e-04	-2.725991835630000e-02	5.960993942944000e-04
5.434000000000000e+00	-4.999050476929000e-04	-2.781686784712000e-02	5.936887983378000e-04
5.435000000000000e+00	-5.594500843485000e-04	-2.837381733745000e-02	5.912782023810000e-04
5.436000000000000e+00	-4.962428711650000e-04	-2.883970345048000e-02	5.888628477744001e-04
5.437000000000000e+00	-4.330356579814000e-04	-2.930558956351000e-02	5.864474931678000e-04
5.438000000000000e+00	-3.265038994381000e-04	-2.972343999597000e-02	5.847205814205000e-04
5.439000000000000e+00	-1.766475964745000e-04	-3.009325474892000e-02	5.836821125174000e-04
5.440000000000000e+00	-2.679129351146000e-05	-3.046306950134000e-02	5.826436436249000e-04
5.441000000000000e+00	1.229465118943000e-04	-3.073335648658000e-02	5.835562904896000e-04
5.442000000000000e+00	2.726843173001000e-04	-3.100364347183000e-02	5.844689373544000e-04
5.443000000000000e+00	3.790679455401000e-04	-3.122339316151000e-02	5.860728039732000e-04
5.444000000000000e+00	4.420973975546000e-04	-3.139260555671000e-02	5.883678903310000e-04
5.445000000000000e+00	5.051268489052000e-04	-3.156181795136000e-02	5.906629766889000e-04
5.446000000000000e+00	4.457269264897000e-04	-3.163000100737000e-02	5.929629268812000e-04
5.447000000000000e+00	3.863270040742000e-04	-3.169818406339000e-02	5.952628770735000e-04
5.448000000000000e+00	2.837162067572000e-04	-3.171627261974000e-02	5.968756845588000e-04
5.449000000000000e+00	1.378945354763000e-04	-3.168426667750000e-02	5.978013493519000e-04
5.450000000000000e+00	-7.927135803971000e-06	-3.165226073473000e-02	5.987270141345000e-04
5.451000000000000e+00	-1.535920293262000e-04	-3.152089782683000e-02	5.977051793366000e-04
5.452000000000000e+00	-2.992569228484000e-04	-3.138953491893000e-02	5.966833445387000e-04
5.453000000000000e+00	-4.016429281414000e-04	-3.120873687209000e-02	5.949715612820000e-04
5.454000000000000e+00	-4.607500461438000e-04	-3.097850368737000e-02	5.925698295814000e-04
5.455000000000000e+00	-5.198571634838000e-04	-3.074827050212000e-02	5.901680978809000e-04
5.456000000000000e+00	-4.567808774073000e-04	-3.041963337732000e-02	5.877614978494000e-04
5.457000000000000e+00	-3.937045913308000e-04	-3.009099625252000e-02	5.853548978180000e-04
5.458000000000000e+00	-2.875222011210000e-04	-2.971377578348000e-02	5.836341677095000e-04
5.459000000000000e+00	-1.382337077127000e-04	-2.928797197125000e-02	5.825993075091000e-04
5.460000000000000e+00	1.105478569407000e-05	-2.886216815850000e-02	5.815644473192000e-04
5.461000000000000e+00	1.601064439549000e-04	-2.834199121855000e-02	5.824734818099000e-04
5.462000000000000e+00	3.091581022156000e-04	-2.782181427860000e-02	5.833825163005000e-04
5.463000000000000e+00	4.149556481306000e-04	-2.725677957326000e-02	5.849802122981000e-04
5.464000000000000e+00	4.774990826377000e-04	-2.664688710351000e-02	5.872665697875000e-04
5.465000000000000e+00	5.400425164828000e-04	-2.603699463330000e-02	5.895529272770000e-04
5.466000000000000e+00	4.804893536936000e-04	-2.534354325825000e-02	5.918440879058001e-04
5.467000000000000e+00	4.209361909044000e-04	-2.465009188319000e-02	5.941352485345000e-04
5.468000000000000e+00	3.182738922410000e-04	-2.391826785858000e-02	5.957417635952999e-04
5.469000000000000e+00	1.725024586382000e-04	-2.314807118523000e-02	5.966636331029000e-04
5.470000000000000e+00	2.673102503583000e-05	-2.237787451150000e-02	5.975855026000000e-04
5.471000000000000e+00	-1.189935491628000e-04	-2.153755575465000e-02	5.965669762856000e-04
5.472000000000000e+00	-2.647181233614000e-04	-2.069723699779000e-02	5.955484499711000e-04
5.473000000000000e+00	-3.673745165432000e-04	-1.982488296946000e-02	5.938425016695000e-04
5.474000000000000e+00	-4.269627296423000e-04	-1.892049367034000e-02	5.914491313954000e-04
5.475000000000000e+00	-4.865509420817000e-04	-1.801610437091000e-02	5.890557611213000e-04
5.476000000000000e+00	-4.245016595815000e-04	-1.705340452422000e-02	5.866575851145000e-04
5.477000000000000e+00	-3.624523770812000e-04	-1.609070467754000e-02	5.842594091076000e-04
5.478000000000000e+00	-2.575007594925000e-04	-1.510195720519000e-02	5.825446368047000e-04
5.479000000000000e+00	-1.096468077458000e-04	-1.408716210774000e-02	5.815132681907000e-04
5.480000000000000e+00	3.820714399917000e-05	-1.307236701005000e-02	5.804818995873000e-04
5.481000000000000e+00	1.857403346404000e-04	-1.201289072633000e-02	5.813874191948000e-04
5.482000000000000e+00	3.332735252817000e-04	-1.095341444260000e-02	5.822929388022000e-04
5.483000000000000e+00	4.376723285956000e-04	-9.876039140850000e-03	5.838846418091000e-04
5.484000000000000e+00	4.989367455176000e-04	-8.780764821459000e-03	5.861625282006000e-04
5.485000000000000e+00	5.602011617796000e-04	-7.685490501926000e-03	5.884404145922000e-04
5.486000000000000e+00	4.997468890981000e-04	-6.564373455889000e-03	5.907231034390000e-04
5.487000000000000e+00	4.392926164164000e-04	-5.443256409852000e-03	5.930057922858000e-04
5.488000000000000e+00	3.358569840110000e-04	-4.314297271465000e-03	5.946063056857000e-04
5.489000000000000e+00	1.894399928141000e-04	-3.177496040899000e-03	5.955246436533000e-04
5.490000000000000e+00	4.302300161708000e-05	-2.040694810299000e-03	5.964429816105000e-04
5.491000000000000e+00	-1.033976976574000e-04	-8.977004655533000e-04	5.954278867369000e-04
5.492000000000000e+00	-2.498183969318000e-04	2.452938791919000e-04	5.944127918633000e-04
5.493000000000000e+00	-3.533488401182000e-04	1.387174261481000e-03	5.927127174335000e-04
5.494000000000000e+00	-4.139890281468000e-04	2.527940681337000e-03	5.903276634625000e-04
5.495000000000000e+00	-4.746292155185000e-04	3.668707101141000e-03	5.879426094914000e-04
5.496000000000000e+00	-4.141082563494000e-04	4.799634204543000e-03	5.855526865664000e-04
5.497000000000000e+00	-3.535872971803000e-04	5.930561307944000e-03	5.831627636414000e-04
5.498000000000000e+00	-2.503321890820000e-04	7.052803126244000e-03	5.814537638505000e-04
5.499000000000000e+00	-1.043429329812000e-04	8.166359659632000e-03	5.804256871790999e-04
5.500000000000000e+00	4.164632311768000e-05	9.279916192879999e-03	5.793976105181000e-04
5.501000000000000e+00	1.873022825998000e-04	1.036792068225000e-02	5.802995071447000e-04
5.502000000000000e+00	3.329582420817000e-04	1.145592517163000e-02	5.812014037713000e-04
5.503000000000000e+00	4.356355031560000e-04	1.252660618012000e-02	5.827871053433000e-04
5.504000000000000e+00	4.953340667544000e-04	1.357996370812000e-02	5.850566118457000e-04
5.505000000000000e+00	5.550326296953000e-04	1.463332123587000e-02	5.873261183482000e-04
5.506000000000000e+00	4.934646348147000e-04	1.564242071914000e-02	5.896006933339000e-04
5.507000000000000e+00	4.318966399341000e-04	1.665152020240000e-02	5.918752683196000e-04
5.508000000000000e+00	3.275143725666000e-04	1.763385866050000e-02	5.934702775278000e-04
5.509000000000000e+00	1.803178336406000e-04	1.858943609402000e-02	5.943857209732000e-04
5.510000000000000e+00	3.312129471496000e-05	1.954501352720000e-02	5.953011644082000e-04
5.511000000000000e+00	-1.140454361393000e-04	2.043901271574000e-02	5.942903719947000e-04
5.512000000000000e+00	-2.612121669935000e-04	2.133301190428000e-02	5.932795795813000e-04
5.513000000000000e+00	-3.656222447723000e-04	2.219299280258000e-02	5.915863186551000e-04
5.514000000000000e+00	-4.272756704033000e-04	2.301895541137000e-02	5.892105892308000e-04
5.515000000000000e+00	-4.889290953794001e-04	2.384491801976000e-02	5.868348598064000e-04
5.516000000000000e+00	-4.298073365241000e-04	2.459770892601000e-02	5.844541984273000e-04
5.517000000000000e+00	-3.706855776687000e-04	2.535049983226000e-02	5.820735370483000e-04
5.518000000000000e+00	-2.689536577772000e-04	2.606442586579000e-02	5.803712386192000e-04
5.519000000000000e+00	-1.246115777736000e-04	2.673948702744000e-02	5.793473031255000e-04
5.520000000000000e+00	1.973050222852000e-05	2.741454818865000e-02	5.783233676422000e-04
5.521000000000000e+00	1.638099486618000e-04	2.800714774803000e-02	5.792221756336000e-04
5.522000000000000e+00	3.078893950951000e-04	2.859974730741000e-02	5.801209836251000e-04
5.523000000000000e+00	4.091840484648000e-04	2.914851863207000e-02	5.817010017862000e-04
5.524000000000000e+00	4.676939096989000e-04	2.965346172297000e-02	5.839622301022000e-04
5.525000000000000e+00	5.262037702783000e-04	3.015840481337000e-02	5.862234584183000e-04
5.526000000000000e+00	4.639691941102000e-04	3.057039895547000e-02	5.884895441876000e-04
5.527000000000000e+00	4.017346179421000e-04	3.098239309756000e-02	5.907556299570000e-04
5.528000000000000e+00	2.968853948846000e-04	3.134563091974000e-02	5.923445478765000e-04
5.529000000000000e+00	1.494215258621000e-04	3.166011242304000e-02	5.932562979608000e-04
5.530000000000000e+00	1.957656840263000e-06	3.197459392580000e-02	5.941680480347000e-04
5.531000000000000e+00	-1.453811641682000e-04	3.218854879577000e-02	5.931604884701000e-04
5.532000000000000e+00	-2.927199851768000e-04	3.240250366574000e-02	5.921529289056000e-04
5.533000000000000e+00	-3.974062710355000e-04	3.256563768013000e-02	5.904653880717000e-04
5.534000000000000e+00	-4.594400226693000e-04	3.267795084006000e-02	5.880978659834000e-04
5.535000000000000e+00	-5.214737736500000e-04	3.279026399944000e-02	5.857303438950000e-04
5.536000000000000e+00	-4.630627336604000e-04	3.280140381866000e-02	5.833580195839000e-04
5.537000000000000e+00	-4.046516936708000e-04	3.281254363789000e-02	5.809856952729000e-04
5.538000000000000e+00	-3.037290915319000e-04	3.277372903054000e-02	5.792893681181000e-04
5.539000000000000e+00	-1.602949281658000e-04	3.268495999771000e-02	5.782690381048999e-04
5.540000000000000e+00	-1.686076480029000e-05	3.259619096434000e-02	5.772487081021000e-04
5.541000000000000e+00	1.264261813779000e-04	3.240877987813000e-02	5.781443842717000e-04
5.542000000000000e+00	2.697131275559000e-04	3.222136879191000e-02	5.790400604413000e-04
5.543000000000000e+00	3.704283670519000e-04	3.198510365919000e-02	5.806145952126000e-04
5.544000000000000e+00	4.285719007890000e-04	3.169998448102000e-02	5.828679885710000e-04
5.545000000000000e+00	4.867154338743000e-04	3.141486530233000e-02	5.851213819294000e-04
5.546000000000000e+00	4.246691878633000e-04	3.103295523529000e-02	5.873798099379000e-04
5.547000000000000e+00	3.626229418523000e-04	3.065104516824000e-02	5.896382379463000e-04
5.548000000000000e+00	2.581754774459000e-04	3.022157728385000e-02	5.912220165365000e-04
5.549000000000000e+00	1.113267955637000e-04	2.974455158315000e-02	5.921311457230000e-04
5.550000000000000e+00	-3.552188631709000e-05	2.926752588195000e-02	5.930402748991999e-04
5.551000000000000e+00	-1.821272564458000e-04	2.869858695422000e-02	5.920371141704000e-04
5.552000000000000e+00	-3.287326265744000e-04	2.812964802649000e-02	5.910339534416000e-04
5.553000000000000e+00	-4.327807430464000e-04	2.751726689551000e-02	5.893532888836000e-04
5.554000000000000e+00	-4.942716067849000e-04	2.686144356221000e-02	5.869951205112000e-04
5.555000000000000e+00	-5.557624698721000e-04	2.620562022848000e-02	5.846369521388000e-04
5.556000000000000e+00	-4.971283725563000e-04	2.546940520943000e-02	5.822740225615000e-04
5.557000000000000e+00	-4.384942752406000e-04	2.473319019038000e-02	5.799110929843000e-04
5.558000000000000e+00	-3.374464660884000e-04	2.396034174559000e-02	5.782217314623000e-04
5.559000000000000e+00	-1.939849460195000e-04	2.315085987586000e-02	5.772059379809000e-04
5.560000000000000e+00	-5.052342595076000e-05	2.234137800576000e-02	5.761901445098000e-04
5.561000000000000e+00	9.289759399704001e-05	2.146554925086000e-02	5.770834642869000e-04
5.562000000000000e+00	2.363186139450000e-04	2.058972049596000e-02	5.779767840641000e-04
5.563000000000000e+00	3.373717317277000e-04	1.968388667176000e-02	5.795465148936000e-04
5.564000000000000e+00	3.960569482640000e-04	1.874804777892000e-02	5.817926567608000e-04
5.565000000000000e+00	4.547421641516000e-04	1.781220888578000e-02	5.840387986281000e-04
5.566000000000000e+00	3.937654921836000e-04	1.682238590287000e-02	5.862899161475000e-04
5.567000000000000e+00	3.327888202155000e-04	1.583256291996000e-02	5.885410336669000e-04
5.568000000000000e+00	2.296079415050000e-04	1.481897153018000e-02	5.901198830940000e-04
5.569000000000000e+00	8.422285696746000e-05	1.378161173404000e-02	5.910264644435000e-04
5.570000000000000e+00	-6.116222756844000e-05	1.274425193768000e-02	5.919330457826000e-04
5.571000000000000e+00	-2.062231283367000e-04	1.166695271664000e-02	5.909340697362000e-04
5.572000000000000e+00	-3.512840291052000e-04	1.058965349560000e-02	5.899350936898000e-04
5.573000000000000e+00	-4.539038472380000e-04	9.496890145518000e-03	5.882609592079000e-04
5.574000000000000e+00	-5.140825836557000e-04	8.388662666724001e-03	5.859116663052000e-04
5.575000000000000e+00	-5.742613194240000e-04	7.280435187817000e-03	5.835623734025000e-04
5.576000000000000e+00	-5.146821687396000e-04	6.151311852308000e-03	5.812081515401000e-04
5.577000000000000e+00	-4.551030180553000e-04	5.022188516800000e-03	5.788539296777000e-04
5.578000000000000e+00	-3.532350986151000e-04	3.887715719225000e-03	5.771707775396999e-04
5.579000000000000e+00	-2.090784113363000e-04	2.747893459699000e-03	5.761586951113000e-04
5.580000000000000e+00	-6.492172405746000e-05	1.608071200167000e-03	5.751466126934000e-04
5.581000000000000e+00	7.923928863392001e-05	4.670532344768000e-04	5.760366763545000e-04
5.582000000000000e+00	2.234003013252000e-04	-6.739647312122000e-04	5.769267400156000e-04
5.583000000000000e+00	3.253627594894000e-04	-1.811374509072000e-03	5.784907522198999e-04
5.584000000000000e+00	3.851266640416000e-04	-2.945176099180000e-03	5.807287129527000e-04
5.585000000000000e+00	4.448905679474000e-04	-4.078977689207000e-03	5.829666736855000e-04
5.586000000000000e+00	3.854465901325000e-04	-5.197986838391000e-03	5.852095454741000e-04
5.587000000000000e+00	3.260026123177000e-04	-6.316995987575000e-03	5.874524172627000e-04
5.588000000000000e+00	2.245132914967000e-04	-7.424880376255000e-03	5.890254074748000e-04
5.589000000000000e+00	8.097862858145000e-05	-8.521640004671999e-03	5.899285161251000e-04
5.590000000000000e+00	-6.255603433192000e-05	-9.618399632923999e-03	5.908316247650000e-04
5.591000000000000e+00	-2.057624220779000e-04	-1.068485340000000e-02	5.898359413722000e-04
5.592000000000000e+00	-3.489688098238000e-04	-1.175130716708000e-02	5.888402579794000e-04
5.593000000000000e+00	-4.498886584344000e-04	-1.279815070008000e-02	5.871717964667000e-04
5.594000000000000e+00	-5.085219688268999e-04	-1.382538399942000e-02	5.848305568485000e-04
5.595000000000000e+00	-5.671552785725000e-04	-1.485261729850000e-02	5.824893172303000e-04
5.596000000000000e+00	-5.064753186773000e-04	-1.583124779225000e-02	5.801430983856000e-04
5.597000000000000e+00	-4.457953587820000e-04	-1.680987828600000e-02	5.777968795410000e-04
5.598000000000000e+00	-3.429914131895000e-04	-1.775970670532000e-02	5.761193131223001e-04
5.599000000000000e+00	-1.980634828129000e-04	-1.868073305083000e-02	5.751103991152000e-04
5.600000000000000e+00	-5.313555243657000e-05	-1.960175939599000e-02	5.741014851184000e-04
5.601000000000000e+00	9.175902393978000e-05	-2.045740725413000e-02	5.749879380639000e-04
5.602000000000000e+00	2.366536003162000e-04	-2.131305511228000e-02	5.758743910094000e-04
5.603000000000000e+00	3.394766833722000e-04	-2.213293138025000e-02	5.774324232697000e-04
5.604000000000000e+00	4.002282740202000e-04	-2.291703605882000e-02	5.796620348301000e-04
5.605000000000000e+00	4.609798640238000e-04	-2.370114073697000e-02	5.818916463906000e-04
5.606000000000000e+00	4.028931018931000e-04	-2.440887553105000e-02	5.841262639641000e-04
5.607000000000000e+00	3.448063397624000e-04	-2.511661032513000e-02	5.863608815376000e-04
5.608000000000000e+00	2.447922624726000e-04	-2.578404787156000e-02	5.879280625917000e-04
5.609000000000000e+00	1.028508709332000e-04	-2.641118817121000e-02	5.888278071409000e-04
5.610000000000000e+00	-3.909052060497000e-05	-2.703832847040000e-02	5.897275516798000e-04
5.611000000000000e+00	-1.807763677700000e-04	-2.758051084385000e-02	5.887353400829001e-04
5.612000000000000e+00	-3.224622149351000e-04	-2.812269321731000e-02	5.877431284859000e-04
5.613000000000000e+00	-4.220517979669000e-04	-2.862000203529000e-02	5.860805323109000e-04
5.614000000000000e+00	-4.795451177782000e-04	-2.907243729877000e-02	5.837475515725000e-04
5.615000000000000e+00	-5.370384369455000e-04	-2.952487256174000e-02	5.814145708339000e-04
5.616000000000000e+00	-4.757302728910000e-04	-2.988270269230000e-02	5.790765458171001e-04
5.617000000000000e+00	-4.144221088367000e-04	-3.024053282286000e-02	5.767385208002999e-04
5.618000000000000e+00	-3.111870909531000e-04	-3.054900213537000e-02	5.750667037281000e-04
5.619000000000000e+00	-1.660252201501000e-04	-3.080811063089000e-02	5.740610945862000e-04
5.620000000000000e+00	-2.086334934740000e-05	-3.106721912586000e-02	5.730554854544000e-04
5.621000000000000e+00	1.241639139422000e-04	-3.122503583561000e-02	5.739383758152000e-04
5.622000000000000e+00	2.691911772316000e-04	-3.138285254536000e-02	5.748212661760000e-04
5.623000000000000e+00	3.722428274550000e-04	-3.148968176238000e-02	5.763733146336000e-04
5.624000000000000e+00	4.333188655227000e-04	-3.154552348779000e-02	5.785945211734000e-04
5.625000000000000e+00	4.943949029476000e-04	-3.160136521265000e-02	5.808157277133000e-04
5.626000000000000e+00	4.369426784402000e-04	-3.155612213550000e-02	5.830419514109000e-04
5.627000000000000e+00	3.794904539328000e-04	-3.151087905835000e-02	5.852681751085000e-04
5.628000000000000e+00	2.802020147717000e-04	-3.141593634817000e-02	5.868293994433000e-04
5.629000000000000e+00	1.390773618644000e-04	-3.127129400602000e-02	5.877256244297000e-04
5.630000000000000e+00	-2.047291042024000e-06	-3.112665166334000e-02	5.886218494058000e-04
5.631000000000000e+00	-1.430349163219000e-04	-3.088430638690000e-02	5.876330489423000e-04
5.632000000000000e+00	-2.840225416018000e-04	-3.064196111047000e-02	5.866442484788000e-04
5.633000000000000e+00	-3.831223659355000e-04	-3.035145124573000e-02	5.849875669394000e-04
5.634000000000000e+00	-4.403343902317000e-04	-3.001277679374000e-02	5.826630043386999e-04
5.635000000000000e+00	-4.975464138866000e-04	-2.967410234124000e-02	5.803384417380000e-04
5.636000000000000e+00	-4.364958134962000e-04	-2.924045728677000e-02	5.780090842922001e-04
5.637000000000000e+00	-3.754452131059000e-04	-2.880681223231000e-02	5.756797268464000e-04
5.638000000000000e+00	-2.726743254556000e-04	-2.832673297051000e-02	5.740142993301000e-04
5.639000000000000e+00	-1.281831514502000e-04	-2.780021950239000e-02	5.730128017290001e-04
5.640000000000000e+00	1.630802255386000e-05	-2.727370603377000e-02	5.720113041382000e-04
5.641000000000000e+00	1.605514456719000e-04	-2.665792321350000e-02	5.728916882723000e-04
5.642000000000000e+00	3.047948687901000e-04	-2.604214039323000e-02	5.737720724063999e-04
5.643000000000000e+00	4.071557997234000e-04	-2.538441637625000e-02	5.753192302517000e-04
5.644000000000000e+00	4.676342393805000e-04	-2.468475116345000e-02	5.775331617939000e-04
5.645000000000000e+00	5.281126783965000e-04	-2.398508595023000e-02	5.797470933362000e-04
5.646000000000000e+00	4.703739858694000e-04	-2.320835310671000e-02	5.819659022760001e-04
5.647000000000000e+00	4.126352933423000e-04	-2.243162026319000e-02	5.841847112159000e-04
5.648000000000000e+00	3.131555630818000e-04	-2.162006398694000e-02	5.857407784317000e-04
5.649000000000000e+00	1.719347959933000e-04	-2.077368427871000e-02	5.866341039378000e-04
5.650000000000000e+00	3.071402890488000e-05	-1.992730457014000e-02	5.875274294337999e-04
5.651000000000000e+00	-1.104727466992000e-04	-1.901847792450000e-02	5.865421713638000e-04
5.652000000000000e+00	-2.516595223035000e-04	-1.810965127886000e-02	5.855569132939000e-04
5.653000000000000e+00	-3.511558536967000e-04	-1.717290300006000e-02	5.839060255932000e-04
5.654000000000000e+00	-4.089617417832000e-04	-1.620823308872000e-02	5.815895082761000e-04
5.655000000000000e+00	-4.667676292313000e-04	-1.524356317710000e-02	5.792729909591000e-04
5.656000000000000e+00	-4.068220984351000e-04	-1.422932265309000e-02	5.769515221743000e-04
5.657000000000000e+00	-3.468765676388000e-04	-1.321508212909000e-02	5.746300533896001e-04
5.658000000000000e+00	-2.454014260964000e-04	-1.217938589162000e-02	5.729701219651000e-04
5.659000000000000e+00	-1.023966747086000e-04	-1.112223394115000e-02	5.719717278865000e-04
5.660000000000000e+00	4.060807667749000e-05	-1.006508199048000e-02	5.709733338181000e-04
5.661000000000000e+00	1.832873397447000e-04	-8.972779159574999e-03	5.718501790519999e-04
5.662000000000000e+00	3.259666028117000e-04	-7.880476328666000e-03	5.727270242859000e-04
5.663000000000000e+00	4.268763959803000e-04	-6.775157662447000e-03	5.742683384478000e-04
5.664000000000000e+00	4.860167201563000e-04	-5.656823161203000e-03	5.764741215231000e-04
5.665000000000000e+00	5.451570436933000e-04	-4.538488659871000e-03	5.786799045984000e-04
5.666000000000000e+00	4.864373485050000e-04	-3.404212168560000e-03	5.808907175599000e-04
5.667000000000000e+00	4.277176533167000e-04	-2.269935677250000e-03	5.831015305214000e-04
5.668000000000000e+00	3.273791208934000e-04	-1.132795905248000e-03	5.846520422728000e-04
5.669000000000000e+00	1.854217521378000e-04	7.207147384507000e-06	5.855422528285000e-04
5.670000000000000e+00	4.346438338217000e-05	1.147210199995000e-03	5.864324633740000e-04
5.671000000000000e+00	-9.849902540749000e-05	2.283444644303000e-03	5.854509182779000e-04
5.672000000000000e+00	-2.404624341970000e-04	3.419679088610000e-03	5.844693731818000e-04
5.673000000000000e+00	-3.408971636711000e-04	4.549837902582000e-03	5.828246319331000e-04
5.674000000000000e+00	-3.998032147302000e-04	5.673921086352000e-03	5.805166945461000e-04
5.675000000000000e+00	-4.587092651531000e-04	6.798004270014000e-03	5.782087571591000e-04
5.676000000000000e+00	-4.002980590262000e-04	7.902415856529000e-03	5.758960194404000e-04
5.677000000000000e+00	-3.418868528993000e-04	9.006827443043999e-03	5.735832817218000e-04
5.678000000000000e+00	-2.420967427402000e-04	1.009772166620000e-02	5.719297995250000e-04
5.679000000000000e+00	-1.009277294462000e-04	1.117509852629000e-02	5.709355728357001e-04
5.680000000000000e+00	4.024128384599000e-05	1.225247538620000e-02	5.699413461566000e-04
5.681000000000000e+00	1.810874816189000e-04	1.329490493594000e-02	5.708158272181000e-04
5.682000000000000e+00	3.219336793919000e-04	1.433733448568000e-02	5.716903082796000e-04
5.683000000000000e+00	4.211633500875000e-04	1.535793182777000e-02	5.732269477597000e-04
5.684000000000000e+00	4.787764946085000e-04	1.635669696269000e-02	5.754257456440000e-04
5.685000000000000e+00	5.363896384928000e-04	1.735546209733000e-02	5.776245435284000e-04
5.686000000000000e+00	4.765795555206000e-04	1.830142503314000e-02	5.798283986218000e-04
5.687000000000000e+00	4.167694725483000e-04	1.924738796895000e-02	5.820322537152000e-04
5.688000000000000e+00	3.155030764988000e-04	2.016258781015000e-02	5.835781440346000e-04
5.689000000000000e+00	1.727803682712000e-04	2.104702455742000e-02	5.844660695942000e-04
5.690000000000000e+00	3.005766004369000e-05	2.193146130432000e-02	5.853539951437000e-04
5.691000000000000e+00	-1.126287272261000e-04	2.274689320146000e-02	5.843767467116001e-04
5.692000000000000e+00	-2.553151144961000e-04	2.356232509860000e-02	5.833994982794000e-04
5.693000000000000e+00	-3.565927124526000e-04	2.434032552757000e-02	5.817613666739000e-04
5.694000000000000e+00	-4.164615219938000e-04	2.508089448918000e-02	5.794623519094000e-04
5.695000000000000e+00	-4.763303309008000e-04	2.582146345037000e-02	5.771633371449000e-04
5.696000000000000e+00	-4.192325875880000e-04	2.648266300236000e-02	5.748594633946000e-04
5.697000000000000e+00	-3.621348442751000e-04	2.714386255436000e-02	5.725555896442999e-04
5.698000000000000e+00	-2.637684531563000e-04	2.776343690207000e-02	5.709086007682000e-04
5.699000000000000e+00	-1.241334151268000e-04	2.834138604639000e-02	5.699184967522000e-04
5.700000000000000e+00	1.550162290144000e-05	2.891933519024000e-02	5.689283927463000e-04
5.701000000000000e+00	1.548929796690000e-04	2.941004703818000e-02	5.698003009398000e-04
5.702000000000000e+00	2.942843364364000e-04	2.990075888613000e-02	5.706722091333000e-04
5.703000000000000e+00	3.922477473907000e-04	3.034566328302000e-02	5.722038790404000e-04
5.704000000000000e+00	4.487832134301000e-04	3.074476022985000e-02	5.743953106468000e-04
5.705000000000000e+00	5.053186788356000e-04	3.114385717615000e-02	5.765867422533000e-04
5.706000000000000e+00	4.449342816977000e-04	3.144691951385000e-02	5.787830697910001e-04
5.707000000000000e+00	3.845498845598000e-04	3.174998185155000e-02	5.809793973288000e-04
5.708000000000000e+00	2.829031775833000e-04	3.200319333372000e-02	5.825200020518000e-04
5.709000000000000e+00	1.399941616631000e-04	3.220655396143000e-02	5.834048839742000e-04
5.710000000000000e+00	-2.914854256224000e-06	3.240991458860000e-02	5.842897658866000e-04
5.711000000000000e+00	-1.456850840017000e-04	3.251144812849000e-02	5.833159009161000e-04
5.712000000000000e+00	-2.884553137470000e-04	3.261298166838000e-02	5.823420359456000e-04
5.713000000000000e+00	-3.899081566284000e-04	3.266347587543000e-02	5.807095591144000e-04
5.714000000000000e+00	-4.500436135418000e-04	3.266293075076000e-02	5.784184704368000e-04
5.715000000000000e+00	-5.101790698226000e-04	3.266238562553000e-02	5.761273817592001e-04
5.716000000000000e+00	-4.536462048145000e-04	3.256107215666000e-02	5.738313825634000e-04
5.717000000000000e+00	-3.971133398065000e-04	3.245975868779000e-02	5.715353833677000e-04
5.718000000000000e+00	-2.993990295709000e-04	3.230911257668000e-02	5.698939422792000e-04
5.719000000000000e+00	-1.605032750007000e-04	3.210913382442000e-02	5.689070592838000e-04
5.720000000000000e+00	-2.160752043127000e-05	3.190915507163000e-02	5.679201762984000e-04
5.721000000000000e+00	1.171619760151000e-04	3.161263114112000e-02	5.687887431924000e-04
5.722000000000000e+00	2.559314724614000e-04	3.131610721060000e-02	5.696573100864000e-04
5.723000000000000e+00	3.534766517570000e-04	3.097221342828000e-02	5.711833097024000e-04
5.724000000000000e+00	4.097975147963000e-04	3.058094979519000e-02	5.733667420263000e-04
5.725000000000000e+00	4.661183772044000e-04	3.018968616160000e-02	5.755501743502001e-04
5.726000000000000e+00	4.060453822230000e-04	2.970547264254000e-02	5.777384492597000e-04
5.727000000000000e+00	3.459723872415000e-04	2.922125912349000e-02	5.799267241692000e-04
5.728000000000000e+00	2.448393095264000e-04	2.869182939537000e-02	5.814615573545000e-04
5.729000000000000e+00	1.026461499678000e-04	2.811718345916000e-02	5.823429488299000e-04
5.730000000000000e+00	-3.954700958930000e-05	2.754253752248000e-02	5.832243402953000e-04
5.731000000000000e+00	-1.814877432179000e-04	2.688144220900000e-02	5.822534842053000e-04
5.732000000000000e+00	-3.234284768466000e-04	2.622034689552000e-02	5.812826281153000e-04
5.733000000000000e+00	-4.241402902409000e-04	2.551889271673000e-02	5.796554808733000e-04
5.734000000000000e+00	-4.836231842950000e-04	2.477707967351000e-02	5.773720424937000e-04
5.735000000000000e+00	-5.431060777181000e-04	2.403526662989000e-02	5.750886041140000e-04
5.736000000000000e+00	-4.862192881774000e-04	2.321985834621000e-02	5.728003476876000e-04
5.737000000000000e+00	-4.293324986365000e-04	2.240445006252000e-02	5.705120912613000e-04
5.738000000000000e+00	-3.313554710622000e-04	2.155609476195000e-02	5.688761550174000e-04
5.739000000000000e+00	-1.922882063456000e-04	2.067479244522000e-02	5.678925389417000e-04
5.740000000000000e+00	-5.322094162898000e-05	1.979349012818000e-02	5.669089228760999e-04
5.741000000000000e+00	8.582102689279000e-05	1.885375672569000e-02	5.677743639948000e-04
5.742000000000000e+00	2.248629954145000e-04	1.791402332321000e-02	5.686398051135000e-04
5.743000000000000e+00	3.228718955665000e-04	1.694850047627000e-02	5.701604033744000e-04
5.744000000000000e+00	3.798477282387000e-04	1.595718818543000e-02	5.723361587634000e-04
5.745000000000000e+00	4.368235602826000e-04	1.496587589435000e-02	5.745119141523000e-04
5.746000000000000e+00	3.778995522748000e-04	1.392948446976000e-02	5.766924613875000e-04
5.747000000000000e+00	3.189755442670000e-04	1.289309304517000e-02	5.788730086226000e-04
5.748000000000000e+00	2.191747411423000e-04	1.183758759089000e-02	5.804023415628000e-04
5.749000000000000e+00	7.849714378713001e-05	1.076296810733000e-02	5.812804602222000e-04
5.750000000000000e+00	-6.218045356613000e-05	9.688348623603999e-03	5.821585788715000e-04
5.751000000000000e+00	-2.025349591764000e-04	8.583404812507999e-03	5.811907692190000e-04
5.752000000000000e+00	-3.428894647866000e-04	7.478461001414000e-03	5.802229595664000e-04
5.753000000000000e+00	-4.421276461446000e-04	6.362958840206000e-03	5.786010872268000e-04
5.754000000000000e+00	-5.002495041417999e-04	5.236898329115000e-03	5.763251522143000e-04
5.755000000000000e+00	-5.583713615101000e-04	4.110837817965000e-03	5.740492172018000e-04
5.756000000000000e+00	-5.004766653513000e-04	2.973788228131000e-03	5.717684419704000e-04
5.757000000000000e+00	-4.425819691925000e-04	1.836738638297000e-03	5.694876667390000e-04
5.758000000000000e+00	-3.437190533631000e-04	6.993017959782000e-04	5.678569777979999e-04
5.759000000000000e+00	-2.038879187516000e-04	-4.385222988183000e-04	5.668763751333000e-04
5.760000000000000e+00	-6.405678414006000e-05	-1.576346393567000e-03	5.658957724786000e-04
5.761000000000000e+00	7.578133635054000e-05	-2.705477518561000e-03	5.667579786807000e-04
5.762000000000000e+00	2.156194568411000e-04	-3.834608643555000e-03	5.676201848828000e-04
5.763000000000000e+00	3.145786495513000e-04	-4.955226651676000e-03	5.691353989762000e-04
5.764000000000000e+00	3.726589153678000e-04	-6.067331543111000e-03	5.713036209467999e-04
5.765000000000000e+00	4.307391805582000e-04	-7.179436434413000e-03	5.734718429175000e-04
5.766000000000000e+00	3.733365281538000e-04	-8.267070409467000e-03	5.756451090773000e-04
5.767000000000000e+00	3.159338757493000e-04	-9.354704384521000e-03	5.778183752371000e-04
5.768000000000000e+00	2.177991312305000e-04	-1.042647796004000e-02	5.793427967869000e-04
5.769000000000000e+00	7.893229548059000e-05	-1.148239113636000e-02	5.802183737407000e-04
5.770000000000000e+00	-5.993454026758000e-05	-1.253830431247000e-02	5.810939506846000e-04
5.771000000000000e+00	-1.984830787094000e-04	-1.355474594249000e-02	5.801301218555000e-04
5.772000000000000e+00	-3.370316171513000e-04	-1.457118757252000e-02	5.791662930264000e-04
5.773000000000000e+00	-4.346132776081000e-04	-1.556364189734000e-02	5.775506683961000e-04
5.774000000000000e+00	-4.912280609680000e-04	-1.653210891746000e-02	5.752832479785000e-04
5.775000000000000e+00	-5.478428437013000e-04	-1.750057593728000e-02	5.730158275609000e-04
5.776000000000000e+00	-4.888676776514000e-04	-1.841219015919000e-02	5.707434720350000e-04
5.777000000000000e+00	-4.298925116014000e-04	-1.932380438110000e-02	5.684711165091000e-04
5.778000000000000e+00	-3.301088530365000e-04	-2.020277581371000e-02	5.668465023029000e-04
5.779000000000000e+00	-1.895167028417000e-04	-2.104910445772000e-02	5.658696294024000e-04
5.780000000000000e+00	-4.892455264705000e-05	-2.189543310135000e-02	5.648927565118000e-04
5.781000000000000e+00	9.162797197630001e-05	-2.266930618047000e-02	5.657520966540000e-04
5.782000000000000e+00	2.321804965995000e-04	-2.344317925959000e-02	5.666114367962000e-04
5.783000000000000e+00	3.319670623057000e-04	-2.417805493030000e-02	5.681214234233000e-04
5.784000000000000e+00	3.909876699788000e-04	-2.487393319344000e-02	5.702820565212000e-04
5.785000000000000e+00	4.500082770276000e-04	-2.556981145614000e-02	5.724426896192000e-04
5.786000000000000e+00	3.938788035113000e-04	-2.618351986209000e-02	5.746081882324000e-04
5.787000000000000e+00	3.377493299950000e-04	-2.679722826804000e-02	5.767736868457000e-04
5.788000000000000e+00	2.409908981935000e-04	-2.736808788788000e-02	5.782925326264000e-04
5.789000000000000e+00	1.036035089881000e-04	-2.789609872253000e-02	5.791647255888000e-04
5.790000000000000e+00	-3.378388021624000e-05	-2.842410955669000e-02	5.800369185412001e-04
5.791000000000000e+00	-1.709373906172000e-04	-2.886282010895000e-02	5.790760237731000e-04
5.792000000000000e+00	-3.080909010181000e-04	-2.930153066120000e-02	5.781151290050000e-04
5.793000000000000e+00	-4.044642579312000e-04	-2.969361072844000e-02	5.765047032858000e-04
5.794000000000000e+00	-4.600574622408000e-04	-3.003906031170000e-02	5.742447466296000e-04
5.795000000000000e+00	-5.156506659264001e-04	-3.038450989442000e-02	5.719847899733000e-04
5.796000000000000e+00	-4.561496999811000e-04	-3.063272026506000e-02	5.697200046664000e-04
5.797000000000000e+00	-3.966487340358000e-04	-3.088093063570000e-02	5.674552193594000e-04
5.798000000000000e+00	-2.965311151383000e-04	-3.107891322010000e-02	5.658360120174000e-04
5.799000000000000e+00	-1.557968441694000e-04	-3.122666801934000e-02	5.648623826264000e-04
5.800000000000000e+00	-1.506257320142000e-05	-3.137442281803000e-02	5.638887532453000e-04
5.801000000000000e+00	1.255258505255000e-04	-3.142004139123000e-02	5.647451858738000e-04
5.802000000000000e+00	2.661142742525000e-04	-3.146565996443000e-02	5.656016185024000e-04
5.803000000000000e+00	3.660224155283000e-04	-3.146029982978000e-02	5.671065531647000e-04
5.804000000000000e+00	4.252502752355000e-04	-3.140396098837000e-02	5.692599898467000e-04
5.805000000000000e+00	4.844781343199000e-04	-3.134762214642000e-02	5.714134265287001e-04
5.806000000000000e+00	4.288403984681000e-04	-3.119105381085000e-02	5.735718964542000e-04
5.807000000000000e+00	3.732026626163000e-04	-3.103448547528000e-02	5.757303663797000e-04
5.808000000000000e+00	2.770187637248000e-04	-3.082906057938000e-02	5.772444843206000e-04
5.809000000000000e+00	1.402887026724000e-04	-3.057477912421000e-02	5.781142502909000e-04
5.810000000000000e+00	3.558641620744000e-06	-3.032049766853000e-02	5.789840162514000e-04
5.811000000000000e+00	-1.330541008096000e-04	-2.997104071230000e-02	5.780271019982000e-04
5.812000000000000e+00	-2.696668432401000e-04	-2.962158375606000e-02	5.770701877451000e-04
5.813000000000000e+00	-3.656980866292000e-04	-2.922565341344000e-02	5.754660020870000e-04
5.814000000000000e+00	-4.211478318575000e-04	-2.878324968544000e-02	5.732145450382000e-04
5.815000000000000e+00	-4.765975764643000e-04	-2.834084595694000e-02	5.709630879893001e-04
5.816000000000000e+00	-4.174657738876000e-04	-2.780770604710000e-02	5.687068357665000e-04
5.817000000000000e+00	-3.583339713108000e-04	-2.727456613726000e-02	5.664505835437000e-04
5.818000000000000e+00	-2.587830483331000e-04	-2.669751850384000e-02	5.648376924882000e-04
5.819000000000000e+00	-1.188130058314000e-04	-2.607656314778000e-02	5.638681625859000e-04
5.820000000000000e+00	2.115703666913000e-05	-2.545560779127000e-02	5.628986326934000e-04
5.821000000000000e+00	1.608681558148000e-04	-2.475119095875000e-02	5.637528839167000e-04
5.822000000000000e+00	3.005792749606000e-04	-2.404677412624000e-02	5.646071351399000e-04
5.823000000000000e+00	3.996947761268000e-04	-2.330365783587000e-02	5.661076660842000e-04
5.824000000000000e+00	4.582146601939000e-04	-2.252184208850000e-02	5.682544767355000e-04
5.825000000000000e+00	5.167345436397000e-04	-2.174002634074000e-02	5.704012873869000e-04
5.826000000000000e+00	4.606775374966000e-04	-2.088822738938000e-02	5.725531121141000e-04
5.827000000000000e+00	4.046205313534000e-04	-2.003642843802000e-02	5.747049368412999e-04
5.828000000000000e+00	3.081062659592000e-04	-1.915362096281000e-02	5.762146029678000e-04
5.829000000000000e+00	1.711347421915000e-04	-1.823980496445000e-02	5.770821105077000e-04
5.830000000000000e+00	3.416321842388000e-05	-1.732598896579000e-02	5.779496180377000e-04
5.831000000000000e+00	-1.027862479705000e-04	-1.635786512284000e-02	5.769966253479000e-04
5.832000000000000e+00	-2.397357143648000e-04	-1.538974127989000e-02	5.760436326582000e-04
5.833000000000000e+00	-3.362872733699000e-04	-1.439800481350000e-02	5.744455194991000e-04
5.834000000000000e+00	-3.924409258621000e-04	-1.338265572421000e-02	5.722022858846000e-04
5.835000000000000e+00	-4.485945777356000e-04	-1.236730663469000e-02	5.699590522701000e-04
5.836000000000000e+00	-3.906418897004000e-04	-1.131143990032000e-02	5.677108705750000e-04
5.837000000000000e+00	-3.326892016653000e-04	-1.025557316595000e-02	5.654626888799000e-04
5.838000000000000e+00	-2.344936022199000e-04	-9.182959139499000e-03	5.638555788345000e-04
5.839000000000000e+00	-9.605509223683000e-05	-8.093597821329001e-03	5.628895404250000e-04
5.840000000000000e+00	4.238341774433000e-05	-7.004236503023000e-03	5.619235020254000e-04
5.841000000000000e+00	1.804962649993000e-04	-5.889407500140000e-03	5.627748575701000e-04
5.842000000000000e+00	3.186091122543000e-04	-4.774578497257000e-03	5.636262131148000e-04
5.843000000000000e+00	4.162358662062000e-04	-3.651653786345000e-03	5.651215884993000e-04
5.844000000000000e+00	4.733765277332000e-04	-2.520633367578000e-03	5.672609837098000e-04
5.845000000000000e+00	5.305171886406999e-04	-1.389612948779000e-03	5.694003789202000e-04
5.846000000000000e+00	4.734236941848000e-04	-2.525472125838000e-04	5.715447193338000e-04
5.847000000000000e+00	4.163301997289000e-04	8.845185236111001e-04	5.736890597475000e-04
5.848000000000000e+00	3.188982313576000e-04	2.019509712480000e-03	5.751934238597000e-04
5.849000000000000e+00	1.811277899455000e-04	3.152426354071000e-03	5.760578116844000e-04
5.850000000000000e+00	4.335734853333000e-05	4.285342995588000e-03	5.769221994993000e-04
5.851000000000000e+00	-9.441991074715000e-05	5.404690101259000e-03	5.759722810301000e-04
5.852000000000000e+00	-2.321971700277000e-04	6.524037206931000e-03	5.750223625608000e-04
5.853000000000000e+00	-3.297238106739000e-04	7.632467299367000e-03	5.734295034568000e-04
5.854000000000000e+00	-3.869998335589000e-04	8.729980378805000e-03	5.711937037321001e-04
5.855000000000000e+00	-4.442758558272000e-04	9.827493458085000e-03	5.689579040073000e-04
5.856000000000000e+00	-3.878436577513000e-04	1.089582265578000e-02	5.667171036278000e-04
5.857000000000000e+00	-3.314114596753000e-04	1.196415185348000e-02	5.644763032484000e-04
5.858000000000000e+00	-2.348729650089000e-04	1.301433004217000e-02	5.628743496109000e-04
5.859000000000000e+00	-9.822817462198000e-05	1.404635722225000e-02	5.619112427014000e-04
5.860000000000000e+00	3.841661576333000e-05	1.507838440208000e-02	5.609481358017000e-04
5.861000000000000e+00	1.747483000195000e-04	1.606653800594000e-02	5.617961723968000e-04
5.862000000000000e+00	3.110799842758000e-04	1.705469160979000e-02	5.626442089918001e-04
5.863000000000000e+00	4.070743941364000e-04	1.801677187575000e-02	5.641340681662000e-04
5.864000000000000e+00	4.627315304761000e-04	1.895277880438000e-02	5.662657499060000e-04
5.865000000000000e+00	5.183886661988000e-04	1.988878573269000e-02	5.683974316458000e-04
5.866000000000000e+00	4.602327333361000e-04	2.076404189027000e-02	5.705340962662000e-04
5.867000000000000e+00	4.020768004734000e-04	2.163929804785000e-02	5.726707608865000e-04
5.868000000000000e+00	3.037408064018000e-04	2.248011467566000e-02	5.741696787835000e-04
5.869000000000000e+00	1.652247519927000e-04	2.328649177444000e-02	5.750308499708000e-04
5.870000000000000e+00	2.670869758379000e-05	2.409286887281000e-02	5.758920211484000e-04
5.871000000000000e+00	-1.117620756368000e-04	2.482351790071000e-02	5.749451757164000e-04
5.872000000000000e+00	-2.502328488572000e-04	2.555416692861000e-02	5.739983302844000e-04
5.873000000000000e+00	-3.485590943577000e-04	2.624434739900000e-02	5.724107757291000e-04
5.874000000000000e+00	-4.067408130087000e-04	2.689405931276000e-02	5.701825120642000e-04
5.875000000000000e+00	-4.649225310449000e-04	2.754377122606000e-02	5.679542483994000e-04
5.876000000000000e+00	-4.097119113466000e-04	2.810871265691000e-02	5.657210313668000e-04
5.877000000000000e+00	-3.545012916484000e-04	2.867365408775000e-02	5.634878143342000e-04
5.878000000000000e+00	-2.592811158075000e-04	2.919462741822000e-02	5.618912527755000e-04
5.879000000000000e+00	-1.240513846917000e-04	2.967163264926000e-02	5.609313466770000e-04
5.880000000000000e+00	1.117834642273000e-05	3.014863787981000e-02	5.599714405883000e-04
5.881000000000000e+00	1.461826191702000e-04	3.053449517893000e-02	5.608164277429000e-04
5.882000000000000e+00	2.811868919177000e-04	3.092035247805000e-02	5.616614148976000e-04
5.883000000000000e+00	3.760373063442000e-04	3.125886627820000e-02	5.631459842747000e-04
5.884000000000000e+00	4.307338633208000e-04	3.155003658042000e-02	5.652701358603000e-04
5.885000000000000e+00	4.854304196828000e-04	3.184120688211000e-02	5.673942874460000e-04
5.886000000000000e+00	4.267982045628000e-04	3.203415610620000e-02	5.695233008536000e-04
5.887000000000000e+00	3.681659894428000e-04	3.222710533029000e-02	5.716523142613000e-04
5.888000000000000e+00	2.695410723985000e-04	3.236956169751000e-02	5.731457206067000e-04
5.889000000000000e+00	1.309234542970000e-04	3.246152520896000e-02	5.740035199037000e-04
5.890000000000000e+00	-7.694163803611000e-06	3.255348871986000e-02	5.748613191910000e-04
5.891000000000000e+00	-1.461611343801000e-04	3.254323014907000e-02	5.739172655593000e-04
5.892000000000000e+00	-2.846281049567000e-04	3.253297157829000e-02	5.729732119275000e-04
5.893000000000000e+00	-3.830322603568000e-04	3.247190569342000e-02	5.713906796378000e-04
5.894000000000000e+00	-4.413736014494000e-04	3.236003249557000e-02	5.691696687040000e-04
5.895000000000000e+00	-4.997149419287000e-04	3.224815929719000e-02	5.669486577702000e-04
5.896000000000000e+00	-4.449361635262000e-04	3.203681380467000e-02	5.647228970115000e-04
5.897000000000000e+00	-3.901573851237000e-04	3.182546831214000e-02	5.624971362528000e-04
5.898000000000000e+00	-2.954469517878000e-04	3.156584905029000e-02	5.609059870398000e-04
5.899000000000000e+00	-1.608048643849000e-04	3.125795602015000e-02	5.599494493586000e-04
5.900000000000000e+00	-2.616277698251000e-05	3.095006298950000e-02	5.589929116872000e-04
5.901000000000000e+00	1.083725933214000e-04	3.054857061377000e-02	5.598353781866000e-04
5.902000000000000e+00	2.429079636255000e-04	3.014707823805000e-02	5.606778446859000e-04
5.903000000000000e+00	3.374851863901000e-04	2.970010768321000e-02	5.621578165599000e-04
5.904000000000000e+00	3.921042624821000e-04	2.920765895026000e-02	5.642752937946000e-04
5.905000000000000e+00	4.467233379624000e-04	2.871521021683000e-02	5.663927710294000e-04
5.906000000000000e+00	3.885166706219000e-04	2.813442567802000e-02	5.685151868752000e-04
5.907000000000000e+00	3.303100032815000e-04	2.755364113921000e-02	5.706376027209000e-04
5.908000000000000e+00	2.323047465765000e-04	2.693034459499000e-02	5.721265563769000e-04
5.909000000000000e+00	9.450090137008000e-05	2.626453604628000e-02	5.729820478570000e-04
5.910000000000000e+00	-4.330294383500000e-05	2.559872749713000e-02	5.738375393273001e-04
5.911000000000000e+00	-1.808425628777000e-04	2.485260664271000e-02	5.728971587988000e-04
5.912000000000000e+00	-3.183821819202000e-04	2.410648578830000e-02	5.719567782702000e-04
5.913000000000000e+00	-4.159397957855000e-04	2.332339852652000e-02	5.703799829411000e-04
5.914000000000000e+00	-4.735154053405000e-04	2.250334485819000e-02	5.681667728252000e-04
5.915000000000000e+00	-5.310910142837000e-04	2.168329118949000e-02	5.659535627093000e-04
5.916000000000000e+00	-4.758251982598000e-04	2.079699880152000e-02	5.637353948910000e-04
5.917000000000000e+00	-4.205593822359000e-04	1.991070641354000e-02	5.615172270726000e-04
5.918000000000000e+00	-3.254480940192000e-04	1.899540225785000e-02	5.599314210466000e-04
5.919000000000000e+00	-1.904913344738000e-04	1.805108633508000e-02	5.589779767990000e-04
5.920000000000000e+00	-5.553457492854000e-05	1.710677041204000e-02	5.580245325611000e-04
5.921000000000000e+00	7.940676322428999e-05	1.611236922170000e-02	5.588638569020000e-04
5.922000000000000e+00	2.143481013770000e-04	1.511796803136000e-02	5.597031812429000e-04
5.923000000000000e+00	3.095082225708000e-04	1.410217150106000e-02	5.611778158444000e-04
5.924000000000000e+00	3.648871276684000e-04	1.306497963129000e-02	5.632877606929000e-04
5.925000000000000e+00	4.202660321567000e-04	1.202778776132000e-02	5.653977055415000e-04
5.926000000000000e+00	3.632766991190000e-04	1.095470136644000e-02	5.675125645618000e-04
5.927000000000000e+00	3.062873660813000e-04	9.881614971557000e-03	5.696274235822000e-04
5.928000000000000e+00	2.096681604506000e-04	8.794169007858000e-03	5.711109871984000e-04
5.929000000000000e+00	7.341908308624999e-05	7.692363475646000e-03	5.719632554241000e-04
5.930000000000000e+00	-6.282999427625000e-05	6.590557943325000e-03	5.728155236401000e-04
5.931000000000000e+00	-1.987551650092000e-04	5.468163790815000e-03	5.718780852741000e-04
5.932000000000000e+00	-3.346803357422000e-04	4.345769638305000e-03	5.709406469081000e-04
5.933000000000000e+00	-4.307323752568000e-04	3.217744030909000e-03	5.693690096370000e-04
5.934000000000000e+00	-4.869112844178000e-04	2.084086968749000e-03	5.671631734743000e-04
5.935000000000000e+00	-5.430901929689000e-04	9.504299065824000e-04	5.649573373117000e-04
5.936000000000000e+00	-4.867651850293000e-04	-1.843443960743000e-04	5.627467182139000e-04
5.937000000000000e+00	-4.304401770896000e-04	-1.319118698732000e-03	5.605360991161000e-04
5.938000000000000e+00	-3.343872045822000e-04	-2.449373923494000e-03	5.589557930638000e-04
5.939000000000000e+00	-1.986062683684000e-04	-3.575110070461000e-03	5.580058000432000e-04
5.940000000000000e+00	-6.282533215463000e-05	-4.700846217327000e-03	5.570558070323000e-04
5.941000000000000e+00	7.296409786134000e-05	-5.808189802726000e-03	5.578927012237000e-04
5.942000000000000e+00	2.087535278774000e-04	-6.915533388125000e-03	5.587295954151000e-04
5.943000000000000e+00	3.049026490417000e-04	-8.009592387437999e-03	5.601997289630000e-04
5.944000000000000e+00	3.614114622139000e-04	-9.090366800952000e-03	5.623031018538000e-04
5.945000000000000e+00	4.179202747789000e-04	-1.017114121428000e-02	5.644064747446000e-04
5.946000000000000e+00	3.624427667654000e-04	-1.121811028874000e-02	5.665148485469000e-04
5.947000000000000e+00	3.069652587519000e-04	-1.226507936319000e-02	5.686232223493000e-04
5.948000000000000e+00	2.119878504712000e-04	-1.329166161071000e-02	5.701024566900000e-04
5.949000000000000e+00	7.751054278006000e-05	-1.429785703174000e-02	5.709525515829000e-04
5.950000000000000e+00	-5.696676490952000e-05	-1.530405245251000e-02	5.718026464661000e-04
5.951000000000000e+00	-1.911385145553000e-04	-1.626209864026000e-02	5.708690816609000e-04
5.952000000000000e+00	-3.253102642009000e-04	-1.722014482802000e-02	5.699355168557000e-04
5.953000000000000e+00	-4.197567896069000e-04	-1.815010246153000e-02	5.683698869377000e-04
5.954000000000000e+00	-4.744780916348000e-04	-1.905197154139000e-02	5.661721919205000e-04
5.955000000000000e+00	-5.291993930549000e-04	-1.995384062091000e-02	5.639744969034000e-04
5.956000000000000e+00	-4.718327403635000e-04	-2.079121640126000e-02	5.617720286208001e-04
5.957000000000000e+00	-4.144660876722000e-04	-2.162859218161000e-02	5.595695603382000e-04
5.958000000000000e+00	-3.175287155146000e-04	-2.242981574381000e-02	5.579952843596000e-04
5.959000000000000e+00	-1.810206247489000e-04	-2.319488708863000e-02	5.570492006714000e-04
5.960000000000000e+00	-4.451253398359000e-05	-2.395995843303000e-02	5.561031169929000e-04
5.961000000000000e+00	9.194733739574000e-05	-2.464620909016000e-02	5.569379115721000e-04
5.962000000000000e+00	2.284072087750000e-04	-2.533245974729000e-02	5.577727061513000e-04
5.963000000000000e+00	3.253272257210000e-04	-2.597686611656000e-02	5.592386027385000e-04
5.964000000000000e+00	3.827073890912000e-04	-2.657942819889000e-02	5.613356013199000e-04
5.965000000000000e+00	4.400875518558000e-04	-2.718199028074000e-02	5.634325999013000e-04
5.966000000000000e+00	3.857839100653000e-04	-2.769738192366000e-02	5.655345264122000e-04
5.967000000000000e+00	3.314802682747000e-04	-2.821277356657000e-02	5.676364529231000e-04
5.968000000000000e+00	2.377687690598000e-04	-2.868318224230000e-02	5.691112997333000e-04
5.969000000000000e+00	1.046494132750000e-04	-2.910860795181000e-02	5.699590668564000e-04
5.970000000000000e+00	-2.846994250844000e-05	-2.953403366083000e-02	5.708068339699000e-04
5.971000000000000e+00	-1.613729655512000e-04	-2.986667884068000e-02	5.698767789025000e-04
5.972000000000000e+00	-2.942759885939000e-04	-3.019932402052000e-02	5.689467238351000e-04
5.973000000000000e+00	-3.876344831111000e-04	-3.048402215376000e-02	5.673866396061000e-04
5.974000000000000e+00	-4.414484499606000e-04	-3.072077324143000e-02	5.651965262290000e-04
5.975000000000000e+00	-4.952624162050000e-04	-3.095752432856000e-02	5.630064128519000e-04
5.976000000000000e+00	-4.374653621403000e-04	-3.109529315040000e-02	5.608113855768000e-04
5.977000000000000e+00	-3.796683080756000e-04	-3.123306197224000e-02	5.586163583016000e-04
5.978000000000000e+00	-2.824864622143000e-04	-3.132018320574000e-02	5.570473594644001e-04
5.979000000000000e+00	-1.459198254102000e-04	-3.135665685198000e-02	5.561043890515000e-04
5.980000000000000e+00	-9.353188606914000e-06	-3.139313049768000e-02	5.551614186482000e-04
5.981000000000000e+00	1.270543416948000e-04	-3.132751555100000e-02	5.559932945304000e-04
5.982000000000000e+00	2.634618719967000e-04	-3.126190060432000e-02	5.568251704126000e-04
5.983000000000000e+00	3.604048730528000e-04	-3.114575817748000e-02	5.582860226705000e-04
5.984000000000000e+00	4.178833457188000e-04	-3.097908827157000e-02	5.603758512905000e-04
5.985000000000000e+00	4.753618177808000e-04	-3.081241836512000e-02	5.624656799106000e-04
5.986000000000000e+00	4.214144011641000e-04	-3.054724653549000e-02	5.645604112874001e-04
5.987000000000000e+00	3.674669845475000e-04	-3.028207470587000e-02	5.666551426643000e-04
5.988000000000000e+00	2.741852897523000e-04	-2.996931583807000e-02	5.681248820701001e-04
5.989000000000000e+00	1.415693176319000e-04	-2.960896993313000e-02	5.689696295184000e-04
5.990000000000000e+00	8.953345511874000e-06	-2.924862402769000e-02	5.698143769572000e-04
5.991000000000000e+00	-1.235634434159000e-04	-2.879645559190000e-02	5.688871991137000e-04
5.992000000000000e+00	-2.560802323435000e-04	-2.834428715611000e-02	5.679600212702000e-04
5.993000000000000e+00	-3.492426355559000e-04	-2.784773143749000e-02	5.664048841629000e-04
5.994000000000000e+00	-4.030506539063000e-04	-2.730678843700000e-02	5.642217878053000e-04
5.995000000000000e+00	-4.568586716544000e-04	-2.676584543605000e-02	5.620386914477000e-04
5.996000000000000e+00	-3.995436591661000e-04	-2.613914723244000e-02	5.598506247135000e-04
5.997000000000000e+00	-3.422286466780000e-04	-2.551244902884000e-02	5.576625579794000e-04
5.998000000000000e+00	-2.457172089881000e-04	-2.484471835782000e-02	5.560984076801000e-04
5.999000000000000e+00	-1.100093469467000e-04	-2.413595522029000e-02	5.551581738024000e-04
6.000000000000000e+00	2.569851509313000e-05	-2.342719208234000e-02	5.542179399342000e-04
6.001000000000000e+00	1.611365598571000e-04	-2.264141989433000e-02	5.550466394968000e-04
6.002000000000000e+00	2.965746046208000e-04	-2.185564770632000e-02	5.558753390595000e-04
6.003000000000000e+00	3.926261093560000e-04	-2.103471208268000e-02	5.573309517858000e-04
6.004000000000000e+00	4.492910749166000e-04	-2.017861302417000e-02	5.594134776621000e-04
6.005000000000000e+00	5.059560398744000e-04	-1.932251396533000e-02	5.614960035384000e-04
6.006000000000000e+00	4.514648068659000e-04	-1.840404557663000e-02	5.635835268943000e-04
6.007000000000000e+00	3.969735738574000e-04	-1.748557718794000e-02	5.656710502501000e-04
6.008000000000000e+00	3.032316331396000e-04	-1.654014831026000e-02	5.671357225371000e-04
6.009000000000000e+00	1.702389855639000e-04	-1.556775894417000e-02	5.679775437689000e-04
6.010000000000000e+00	3.724633798829000e-05	-1.459536957784000e-02	5.688193649910000e-04
6.011000000000000e+00	-9.573489772464000e-05	-1.357720954012000e-02	5.678952434549000e-04
6.012000000000000e+00	-2.287161334376000e-04	-1.255904950240000e-02	5.669711219187000e-04
6.013000000000000e+00	-3.225138173950000e-04	-1.152174829780000e-02	5.654211390309001e-04
6.014000000000000e+00	-3.771279504469000e-04	-1.046530592674000e-02	5.632452948050001e-04
6.015000000000000e+00	-4.317420828985000e-04	-9.408863555502999e-03	5.610694505790000e-04
6.016000000000000e+00	-3.756748994170000e-04	-8.321204355762000e-03	5.588885935602000e-04
6.017000000000000e+00	-3.196077159354000e-04	-7.233545156021000e-03	5.567077365413000e-04
6.018000000000000e+00	-2.245066846107000e-04	-6.133931555544000e-03	5.551486637247000e-04
6.019000000000000e+00	-9.037180628937001e-05	-5.022363554591000e-03	5.542113750968000e-04
6.020000000000000e+00	4.376307203019000e-05	-3.910795553553000e-03	5.532740864785000e-04
6.021000000000000e+00	1.775721975334000e-04	-2.783533226020000e-03	5.540997195856000e-04
6.022000000000000e+00	3.113813230367000e-04	-1.656270898486000e-03	5.549253526928000e-04
6.023000000000000e+00	4.059103771949000e-04	-5.258393331780000e-04	5.563757647096000e-04
6.024000000000000e+00	4.611593608601000e-04	6.077614698338000e-04	5.584509556223000e-04
6.025000000000000e+00	5.164083439242999e-04	1.741362272826000e-03	5.605261465351000e-04
6.026000000000000e+00	4.608302712001000e-04	2.871175200419000e-03	5.626062833982000e-04
6.027000000000000e+00	4.052521984760000e-04	4.000988128012000e-03	5.646864202614000e-04
6.028000000000000e+00	3.105385423313000e-04	5.123858247219000e-03	5.661458000521000e-04
6.029000000000000e+00	1.766893036150000e-04	6.239785558189000e-03	5.669844227840000e-04
6.030000000000000e+00	4.284006489850000e-05	7.355712869034000e-03	5.678230455063000e-04
6.031000000000000e+00	-9.101761418491000e-05	8.448484773790999e-03	5.669017225529000e-04
6.032000000000000e+00	-2.248752932682000e-04	9.541256678548000e-03	5.659803995996000e-04
6.033000000000000e+00	-3.196836980631000e-04	1.061841578679000e-02	5.644353903141000e-04
6.034000000000000e+00	-3.754428294163000e-04	1.167996209885000e-02	5.622666947101000e-04
6.035000000000000e+00	-4.312019601715000e-04	1.274150841070000e-02	5.600979991061000e-04
6.036000000000000e+00	-3.766438385057000e-04	1.376472491478000e-02	5.579245297427000e-04
6.037000000000000e+00	-3.220857168399000e-04	1.478794141886000e-02	5.557510603793000e-04
6.038000000000000e+00	-2.286159188460000e-04	1.578859254229000e-02	5.541974172321000e-04
6.039000000000000e+00	-9.623444536802000e-05	1.676667828556000e-02	5.532636002877000e-04
6.040000000000000e+00	3.614702810826000e-05	1.774476402855000e-02	5.523297833527000e-04
6.041000000000000e+00	1.682293295912000e-04	1.867055576647000e-02	5.531531990886000e-04
6.042000000000000e+00	3.003116310740000e-04	1.959634750438000e-02	5.539766148245000e-04
6.043000000000000e+00	3.932619410038000e-04	2.049210835930000e-02	5.554227756748000e-04
6.044000000000000e+00	4.470802602294000e-04	2.135783833187000e-02	5.574916816260000e-04
6.045000000000000e+00	5.008985788562000e-04	2.222356830406000e-02	5.595605875772000e-04
6.046000000000000e+00	4.443024722180000e-04	2.302122163280000e-02	5.616344009392000e-04
6.047000000000000e+00	3.877063655798000e-04	2.381887496154000e-02	5.637082143012001e-04
6.048000000000000e+00	2.921315536655000e-04	2.457874903452000e-02	5.651632700310000e-04
6.049000000000000e+00	1.575780373203000e-04	2.530084385257000e-02	5.659995681421000e-04
6.050000000000000e+00	2.302452097557000e-05	2.602293867017000e-02	5.668358662437001e-04
6.051000000000000e+00	-1.114743721050000e-04	2.666330252928000e-02	5.659178655044000e-04
6.052000000000000e+00	-2.459732651855000e-04	2.730366638839000e-02	5.649998647651000e-04
6.053000000000000e+00	-3.415166579699000e-04	2.790090641881000e-02	5.634601369306000e-04
6.054000000000000e+00	-3.981045513033000e-04	2.845502262147000e-02	5.612986820142000e-04
6.055000000000000e+00	-4.546924440400000e-04	2.900913882364000e-02	5.591372270979000e-04
6.056000000000000e+00	-4.012499197023000e-04	2.947388585790000e-02	5.569708157114000e-04
6.057000000000000e+00	-3.478073953647000e-04	2.993863289215000e-02	5.548044043249001e-04
6.058000000000000e+00	-2.555395452128000e-04	3.035748636574000e-02	5.532556931354000e-04
6.059000000000000e+00	-1.244463700886000e-04	3.073044627967000e-02	5.523246821293000e-04
6.060000000000000e+00	6.646805034425000e-06	3.110340619310000e-02	5.513936711328000e-04
6.061000000000000e+00	1.375324418071000e-04	3.138216697563000e-02	5.522139983358000e-04
6.062000000000000e+00	2.684180785799000e-04	3.166092775816000e-02	5.530343255389000e-04
6.063000000000000e+00	3.603491479086000e-04	3.189124665372000e-02	5.544753331326000e-04
6.064000000000000e+00	4.133256506384000e-04	3.207312366337000e-02	5.565370211035000e-04
6.065000000000000e+00	4.663021527720000e-04	3.225500067248000e-02	5.585987090744000e-04
6.066000000000000e+00	4.093304558902000e-04	3.233735312171000e-02	5.606653377699000e-04
6.067000000000000e+00	3.523587590083000e-04	3.241970557094000e-02	5.627319664655000e-04
6.068000000000000e+00	2.565902770702000e-04	3.245136505032000e-02	5.641819292915000e-04
6.069000000000000e+00	1.220250109175000e-04	3.243233156096000e-02	5.650152262613000e-04
6.070000000000000e+00	-1.254025523438000e-05	3.241329807104000e-02	5.658485232216000e-04
6.071000000000000e+00	-1.469402881154000e-04	3.229252658442000e-02	5.649334405549000e-04
6.072000000000000e+00	-2.813403209965000e-04	3.217175509780000e-02	5.640183578881000e-04
6.073000000000000e+00	-3.768562448437000e-04	3.200084307342000e-02	5.624836728066001e-04
6.074000000000000e+00	-4.334880605003000e-04	3.177979051235000e-02	5.603293853239000e-04
6.075000000000000e+00	-4.901198755616000e-04	3.155873795076000e-02	5.581750978411000e-04
6.076000000000000e+00	-4.369675577786000e-04	3.124036374519000e-02	5.560160235987000e-04
6.077000000000000e+00	-3.838152399956000e-04	3.092198953963000e-02	5.538569493563000e-04
6.078000000000000e+00	-2.919067700285000e-04	3.055681698387000e-02	5.523136134255000e-04
6.079000000000000e+00	-1.612421487181000e-04	3.014484607893000e-02	5.513860157931000e-04
6.080000000000000e+00	-3.057752740809000e-05	2.973287517350000e-02	5.504584181701000e-04
6.081000000000000e+00	9.999770769672000e-05	2.923105455755000e-02	5.512765201080000e-04
6.082000000000000e+00	2.305729428014000e-04	2.872923394161000e-02	5.520946220458000e-04
6.083000000000000e+00	3.223800579329000e-04	2.818421002058000e-02	5.535314122270000e-04
6.084000000000000e+00	3.754190539317000e-04	2.759598279541000e-02	5.555868906381000e-04
6.085000000000000e+00	4.284580493370000e-04	2.700775556979000e-02	5.576423690493000e-04
6.086000000000000e+00	3.720250858224000e-04	2.633652837482000e-02	5.597028412170000e-04
6.087000000000000e+00	3.155921223079000e-04	2.566530117985000e-02	5.617633133847000e-04
6.088000000000000e+00	2.205457860132000e-04	2.495460196503000e-02	5.632091662729000e-04
6.089000000000000e+00	8.688607777565000e-05	2.420443073122000e-02	5.640403998948000e-04
6.090000000000000e+00	-4.677363046026000e-05	2.345425949701000e-02	5.648716335073000e-04
6.091000000000000e+00	-1.801607384678000e-04	2.263053058336000e-02	5.639602466749000e-04
6.092000000000000e+00	-3.135478464754000e-04	2.180680166971000e-02	5.630488598425000e-04
6.093000000000000e+00	-4.081269471473000e-04	2.094977914526000e-02	5.615199051859000e-04
6.094000000000000e+00	-4.638980413254000e-04	2.005946301074000e-02	5.593733827185000e-04
6.095000000000000e+00	-5.196691349095000e-04	1.916914687591000e-02	5.572268602510000e-04
6.096000000000000e+00	-4.659186984390000e-04	1.822044932405000e-02	5.550755594676000e-04
6.097000000000000e+00	-4.121682619684000e-04	1.727175177220000e-02	5.529242586842000e-04
6.098000000000000e+00	-3.197429418691000e-04	1.629819618249000e-02	5.513866704100000e-04
6.099000000000000e+00	-1.886427389797000e-04	1.529978255546000e-02	5.504627946315000e-04
6.100000000000000e+00	-5.754253609029000e-05	1.430136892821000e-02	5.495389188625000e-04
6.101000000000000e+00	7.355386438620999e-05	1.326158421987000e-02	5.503549978701000e-04
6.102000000000000e+00	2.046502648628000e-04	1.222179951153000e-02	5.511710768778000e-04
6.103000000000000e+00	2.971447367889000e-04	1.116516107145000e-02	5.526037963196000e-04
6.104000000000000e+00	3.510372810018000e-04	1.009166890000000e-02	5.546531561821000e-04
6.105000000000000e+00	4.049298246235000e-04	9.018176728407001e-03	5.567025160447000e-04
6.106000000000000e+00	3.497795008473000e-04	7.918192695312000e-03	5.587567821257000e-04
6.107000000000000e+00	2.946291770710000e-04	6.818208662217000e-03	5.608110482066000e-04
6.108000000000000e+00	2.010227979749000e-04	5.708689270818000e-03	5.622526537141000e-04
6.109000000000000e+00	6.896036439313000e-05	4.589634521326000e-03	5.630815986614000e-04
6.110000000000000e+00	-6.310206918697000e-05	3.470579771773000e-03	5.639105435992000e-04
6.111000000000000e+00	-1.948406365049000e-04	2.340733430515000e-03	5.630024334856000e-04
6.112000000000000e+00	-3.265792038229000e-04	1.210887089256000e-03	5.620943233721000e-04
6.113000000000000e+00	-4.196157732795000e-04	8.032852897759000e-05	5.605705906084000e-04
6.114000000000000e+00	-4.739503457141000e-04	-1.050942250305000e-03	5.584312352081000e-04
6.115000000000000e+00	-5.282849175566000e-04	-2.182213029541000e-03	5.562918798077000e-04
6.116000000000000e+00	-4.734247167532000e-04	-3.304819621402000e-03	5.541476242272000e-04
6.117000000000000e+00	-4.185645159499000e-04	-4.427426213263000e-03	5.520033686467000e-04
6.118000000000000e+00	-3.251453487406000e-04	-5.540689773257000e-03	5.504707685374000e-04
6.119000000000000e+00	-1.931672159618000e-04	-6.644610301584000e-03	5.495498238859000e-04
6.120000000000000e+00	-6.118908318283000e-05	-7.748530829762000e-03	5.486288792439000e-04
6.121000000000000e+00	7.079620971287000e-05	-8.824598350999999e-03	5.494421479887000e-04
6.122000000000000e+00	2.027815026085000e-04	-9.900665872237001e-03	5.502554167336000e-04
6.123000000000000e+00	2.962915483267000e-04	-1.095883413241000e-02	5.516833028982000e-04
6.124000000000000e+00	3.513263477020000e-04	-1.199910313192000e-02	5.537258064693000e-04
6.125000000000000e+00	4.063611464878000e-04	-1.303937213119000e-02	5.557683100404000e-04
6.126000000000000e+00	3.527006444235000e-04	-1.403688831649000e-02	5.578157019582000e-04
6.127000000000000e+00	2.990401423591000e-04	-1.503440450180000e-02	5.598630938759000e-04
6.128000000000000e+00	2.070399668660000e-04	-1.600723608298000e-02	5.612998186810000e-04
6.129000000000000e+00	7.670011877545000e-05	-1.695538306056000e-02	5.621258763865000e-04
6.130000000000000e+00	-5.363972931337000e-05	-1.790353003785000e-02	5.629519340826000e-04
6.131000000000000e+00	-1.836851198836000e-04	-1.879537283528000e-02	5.620465642282000e-04
6.132000000000000e+00	-3.137305104539000e-04	-1.968721563272000e-02	5.611411943737000e-04
6.133000000000000e+00	-4.052194650305000e-04	-2.054715971763000e-02	5.596221768743000e-04
6.134000000000000e+00	-4.581519844499000e-04	-2.137520509070000e-02	5.574895117432000e-04
6.135000000000000e+00	-5.110845032794000e-04	-2.220325046339000e-02	5.553568466120000e-04
6.136000000000000e+00	-4.552272327637000e-04	-2.295979773479000e-02	5.532192270729000e-04
6.137000000000000e+00	-3.993699622479000e-04	-2.371634500620000e-02	5.510816075337000e-04
6.138000000000000e+00	-3.051088345969000e-04	-2.443357273328000e-02	5.495536282338000e-04
6.139000000000000e+00	-1.724438506434000e-04	-2.511148091690000e-02	5.486352891599000e-04
6.140000000000000e+00	-3.977886669015000e-05	-2.578938910006000e-02	5.477169500953000e-04
6.141000000000000e+00	9.282525132768000e-05	-2.638284013707000e-02	5.485271836173000e-04
6.142000000000000e+00	2.254293693456000e-04	-2.697629117407000e-02	5.493374171392000e-04
6.143000000000000e+00	3.196455098500000e-04	-2.752543569478000e-02	5.507603009720000e-04
6.144000000000000e+00	3.754736736735000e-04	-2.803027370015000e-02	5.527958351022000e-04
6.145000000000000e+00	4.313018369091000e-04	-2.853511170502000e-02	5.548313692324000e-04
6.146000000000000e+00	3.787055436168000e-04	-2.894858397246000e-02	5.568718875795000e-04
6.147000000000000e+00	3.261092503245000e-04	-2.936205623990000e-02	5.589124059266000e-04
6.148000000000000e+00	2.352535498173000e-04	-2.972882887549000e-02	5.603443034646000e-04
6.149000000000000e+00	1.061384429249000e-04	-3.004890188024000e-02	5.611675802067000e-04
6.150000000000000e+00	-2.297666396647000e-05	-3.036897488447000e-02	5.619908569395000e-04
6.151000000000000e+00	-1.518926124392000e-04	-3.059364412628000e-02	5.610884208450000e-04
6.152000000000000e+00	-2.808085609120000e-04	-3.081831336809000e-02	5.601859847506000e-04
6.153000000000000e+00	-3.713431211570000e-04	-3.099415425790000e-02	5.586719042057000e-04
6.154000000000000e+00	-4.234962940065000e-04	-3.112116679676000e-02	5.565461792237000e-04
6.155000000000000e+00	-4.756494662687000e-04	-3.124817933508000e-02	5.544204542416000e-04
6.156000000000000e+00	-4.194706562142000e-04	-3.127534251086000e-02	5.522897315492000e-04
6.157000000000000e+00	-3.632918461597000e-04	-3.130250568663000e-02	5.501590088568000e-04
6.158000000000000e+00	-2.688883768977000e-04	-3.127903876915000e-02	5.486358875246000e-04
6.159000000000000e+00	-1.362602492574000e-04	-3.120494175950000e-02	5.477203675393000e-04
6.160000000000000e+00	-3.632121617896000e-06	-3.113084474930000e-02	5.468048475634000e-04
6.161000000000000e+00	1.288223183302000e-04	-3.095557450703000e-02	5.476121515125000e-04
6.162000000000000e+00	2.612767582782000e-04	-3.078030426477000e-02	5.484194554617000e-04
6.163000000000000e+00	3.554096681854000e-04	-3.055538573845000e-02	5.498373670533000e-04
6.164000000000000e+00	4.112210488826000e-04	-3.028081892917000e-02	5.518658862739000e-04
6.165000000000000e+00	4.670324289932000e-04	-3.000625211937000e-02	5.538944054946000e-04
6.166000000000000e+00	4.146527253249000e-04	-2.963574973420000e-02	5.559278510191000e-04
6.167000000000000e+00	3.622730216565000e-04	-2.926524734902000e-02	5.579612965436001e-04
6.168000000000000e+00	2.716984436321000e-04	-2.884883499810000e-02	5.593881177484000e-04
6.169000000000000e+00	1.429289920798000e-04	-2.838651268241000e-02	5.602083146466000e-04
6.170000000000000e+00	1.415954052816000e-05	-2.792419036625000e-02	5.610285115355000e-04
6.171000000000000e+00	-1.145296894701000e-04	-2.737418231539000e-02	5.601287199099000e-04
6.172000000000000e+00	-2.432189194682000e-04	-2.682417426453000e-02	5.592289282842000e-04
6.173000000000000e+00	-3.337091708116000e-04	-2.623223738296000e-02	5.577195699825000e-04
6.174000000000000e+00	-3.860004443287000e-04	-2.559837167158000e-02	5.556006450180000e-04
6.175000000000000e+00	-4.382917172610000e-04	-2.496450595977000e-02	5.534817200534000e-04
6.176000000000000e+00	-3.827145435846000e-04	-2.425056460952000e-02	5.513580305479999e-04
6.177000000000000e+00	-3.271373699081000e-04	-2.353662325928000e-02	5.492343410426000e-04
6.178000000000000e+00	-2.335134224988000e-04	-2.278484827238000e-02	5.477163867384001e-04
6.179000000000000e+00	-1.018427021818000e-04	-2.199523964964000e-02	5.468041676225000e-04
6.180000000000000e+00	2.982801813368000e-05	-2.120563102652000e-02	5.458919485158000e-04
6.181000000000000e+00	1.612224340743000e-04	-2.034605783653000e-02	5.466971292994000e-04
6.182000000000000e+00	2.926168500150000e-04	-1.948648464654000e-02	5.475023100831000e-04
6.183000000000000e+00	3.857648721448000e-04	-1.859555115715000e-02	5.489161613063000e-04
6.184000000000000e+00	4.406665012933000e-04	-1.767325736905000e-02	5.509386829559000e-04
6.185000000000000e+00	4.955681298565000e-04	-1.675096358065000e-02	5.529612046055000e-04
6.186000000000000e+00	4.425366508408000e-04	-1.577438786415000e-02	5.549886269272000e-04
6.187000000000000e+00	3.895051718250000e-04	-1.479781214765000e-02	5.570160492490000e-04
6.188000000000000e+00	2.983593532721000e-04	-1.379852853151000e-02	5.584387626135000e-04
6.189000000000000e+00	1.690991960084000e-04	-1.277653701622000e-02	5.592567670340000e-04
6.190000000000000e+00	3.983903874450000e-05	-1.175454550073000e-02	5.600747714452000e-04
6.191000000000000e+00	-8.942065412432000e-05	-1.069566067154000e-02	5.591781910813000e-04
6.192000000000000e+00	-2.186803469935000e-04	-9.636775842349000e-03	5.582816107173000e-04
6.193000000000000e+00	-3.099007657119000e-04	-8.563354698193000e-03	5.567773385782000e-04
6.194000000000000e+00	-3.630819111047000e-04	-7.475397239387000e-03	5.546653746770000e-04
6.195000000000000e+00	-4.162630559149000e-04	-6.387439780462000e-03	5.525534107757000e-04
6.196000000000000e+00	-3.619891774365000e-04	-5.277756389023000e-03	5.504365090339000e-04
6.197000000000000e+00	-3.077152989582000e-04	-4.168072997584000e-03	5.483196072920000e-04
6.198000000000000e+00	-2.155458957286000e-04	-3.051284085432000e-03	5.468064065496000e-04
6.199000000000000e+00	-8.548096856986001e-05	-1.927389652722000e-03	5.458969067935000e-04
6.200000000000000e+00	4.458395858721000e-05	-8.034952199796000e-04	5.449874070466000e-04
6.201000000000000e+00	1.743255336267000e-04	3.262857856613000e-04	5.457896609130000e-04
6.202000000000000e+00	3.040671086662000e-04	1.456066791301000e-03	5.465919147793000e-04
6.203000000000000e+00	3.956664640952000e-04	2.584111335292000e-03	5.480008551519000e-04
6.204000000000000e+00	4.491236007410000e-04	3.710419417669000e-03	5.500164820175999e-04
6.205000000000000e+00	5.025807368034000e-04	4.836727499974000e-03	5.520321088832000e-04
6.206000000000000e+00	4.484244503381000e-04	5.949530323257000e-03	5.540526412003000e-04
6.207000000000000e+00	3.942681638728000e-04	7.062333146539000e-03	5.560731735172999e-04
6.208000000000000e+00	3.021114264972000e-04	8.163419476763000e-03	5.574909822573000e-04
6.209000000000000e+00	1.719542390355000e-04	9.252789314184001e-03	5.583060674335000e-04
6.210000000000000e+00	4.179705157392000e-05	1.034215915143000e-02	5.591211526003000e-04
6.211000000000000e+00	-8.836696133272000e-05	1.139905002812000e-02	5.582272884284000e-04
6.212000000000000e+00	-2.185309742393000e-04	1.245594090481000e-02	5.573334242565000e-04
6.213000000000000e+00	-3.107765072804000e-04	1.349269083901000e-02	5.558338934543000e-04
6.214000000000000e+00	-3.651035612784000e-04	1.450929983114000e-02	5.537286960351000e-04
6.215000000000000e+00	-4.194306146955000e-04	1.552590882302000e-02	5.516234986159000e-04
6.216000000000000e+00	-3.666344466064000e-04	1.649544901158000e-02	5.495135270235000e-04
6.217000000000000e+00	-3.138382785172000e-04	1.746498920015000e-02	5.474035554311000e-04
6.218000000000000e+00	-2.232561792990000e-04	1.840778735537000e-02	5.458954156170000e-04
6.219000000000000e+00	-9.488814977108000e-05	1.932384347785000e-02	5.449891075681000e-04
6.220000000000000e+00	3.347987975515000e-05	2.023989959999000e-02	5.440827995285000e-04
6.221000000000000e+00	1.615606532578000e-04	2.109578026259000e-02	5.448828727143000e-04
6.222000000000000e+00	2.896414267604000e-04	2.195166092519000e-02	5.456829459000000e-04
6.223000000000000e+00	3.797251395341000e-04	2.277385141425000e-02	5.470878095202000e-04
6.224000000000000e+00	4.318117924032000e-04	2.356235173050000e-02	5.490974635616000e-04
6.225000000000000e+00	4.838984446909000e-04	2.435085204635000e-02	5.511071176031000e-04
6.226000000000000e+00	4.287720513517000e-04	2.506459796104000e-02	5.531217384040000e-04
6.227000000000000e+00	3.736456580124000e-04	2.577834387574000e-02	5.551363592050000e-04
6.228000000000000e+00	2.806725720719000e-04	2.645131813730000e-02	5.565502145548000e-04
6.229000000000000e+00	1.498527943509000e-04	2.708352074660000e-02	5.573633044667000e-04
6.230000000000000e+00	1.903301663022000e-05	2.771572335543000e-02	5.581763943693999e-04
6.231000000000000e+00	-1.117220329707000e-04	2.826092915447000e-02	5.572860391119000e-04
6.232000000000000e+00	-2.424770825717000e-04	2.880613495351000e-02	5.563956838544000e-04
6.233000000000000e+00	-3.353958209238000e-04	2.930594937392000e-02	5.549016063901000e-04
6.234000000000000e+00	-3.904782488476000e-04	2.976037241667000e-02	5.528038067321000e-04
6.235000000000000e+00	-4.455606761920000e-04	3.021479545893000e-02	5.507060070741000e-04
6.236000000000000e+00	-3.937774497044000e-04	3.057605969611000e-02	5.486034455457000e-04
6.237000000000000e+00	-3.419942232167000e-04	3.093732393330000e-02	5.465008840174000e-04
6.238000000000000e+00	-2.524998702364000e-04	3.125118731683000e-02	5.449982240955000e-04
6.239000000000000e+00	-1.252943915817000e-04	3.151764984774000e-02	5.440954657672000e-04
6.240000000000000e+00	1.911087072136000e-06	3.178411237813000e-02	5.431927074481000e-04
6.241000000000000e+00	1.289291659355000e-04	3.195418042196000e-02	5.439908601835000e-04
6.242000000000000e+00	2.559472447988000e-04	3.212424846580000e-02	5.447890129190000e-04
6.243000000000000e+00	3.451422709830000e-04	3.224520969892000e-02	5.461900121969000e-04
6.244000000000000e+00	3.965142453083000e-04	3.231706412239000e-02	5.481938580042000e-04
6.245000000000000e+00	4.478862190548000e-04	3.238891854532000e-02	5.501977038116000e-04
6.246000000000000e+00	3.924977444724000e-04	3.236081497775000e-02	5.522064608120000e-04
6.247000000000000e+00	3.371092698900000e-04	3.233271141018000e-02	5.542152178124000e-04
6.248000000000000e+00	2.440516465566000e-04	3.225414799266000e-02	5.556250931667000e-04
6.249000000000000e+00	1.133248752893000e-04	3.212512472629000e-02	5.564360868879000e-04
6.250000000000000e+00	-1.740189597696000e-05	3.199610145937000e-02	5.572470805998000e-04
6.251000000000000e+00	-1.479491291144000e-04	3.176668173884000e-02	5.563599614845000e-04
6.252000000000000e+00	-2.784963622518000e-04	3.153726201832000e-02	5.554728423692000e-04
6.253000000000000e+00	-3.712702876891000e-04	3.125879033917000e-02	5.539838597453000e-04
6.254000000000000e+00	-4.262709062454000e-04	3.093126670247000e-02	5.518930136259000e-04
6.255000000000000e+00	-4.812715242235000e-04	3.060374306526000e-02	5.498021675066000e-04
6.256000000000000e+00	-4.296320916323000e-04	3.018187290877000e-02	5.477064282314000e-04
6.257000000000000e+00	-3.779926590411000e-04	2.976000275229000e-02	5.456106889563000e-04
6.258000000000000e+00	-2.887049167926000e-04	2.929320913474000e-02	5.441128730428000e-04
6.259000000000000e+00	-1.617688657032000e-04	2.878149205710000e-02	5.432129804780000e-04
6.260000000000000e+00	-3.483281461425000e-05	2.826977497900000e-02	5.423130879224000e-04
6.261000000000000e+00	9.203068516415000e-05	2.767272376325000e-02	5.431085928958000e-04
6.262000000000000e+00	2.188941849425000e-04	2.707567254751000e-02	5.439040978692001e-04
6.263000000000000e+00	3.081117181969000e-04	2.643805550616000e-02	5.453005064425000e-04
6.264000000000000e+00	3.596832857440000e-04	2.575987264007000e-02	5.472978186028000e-04
6.265000000000000e+00	4.112548527145000e-04	2.508168977357000e-02	5.492951307631000e-04
6.266000000000000e+00	3.565170856918000e-04	2.432652037832000e-02	5.512973320756001e-04
6.267000000000000e+00	3.017793186691000e-04	2.357135098307000e-02	5.532995333881000e-04
6.268000000000000e+00	2.095461773117000e-04	2.278006193086000e-02	5.547047632771000e-04
6.269000000000000e+00	7.981766243265001e-05	2.195265322246000e-02	5.555130217556000e-04
6.270000000000000e+00	-4.991085244487000e-05	2.112524451371000e-02	5.563212802249000e-04
6.271000000000000e+00	-1.793575153847000e-04	2.023160108580000e-02	5.554368230812000e-04
6.272000000000000e+00	-3.088041783246000e-04	1.933795765790000e-02	5.545523659376000e-04
6.273000000000000e+00	-4.005492524513000e-04	1.841494807125000e-02	5.530679408155000e-04
6.274000000000000e+00	-4.545927385825000e-04	1.746257232650000e-02	5.509835477279000e-04
6.275000000000000e+00	-5.086362241368000e-04	1.651019658147000e-02	5.488991546403000e-04
6.276000000000000e+00	-4.562886548286000e-04	1.550774435805000e-02	5.468098167286000e-04
6.277000000000000e+00	-4.039410855203000e-04	1.450529213463000e-02	5.447204788170000e-04
6.278000000000000e+00	-3.140234217977000e-04	1.348232687966000e-02	5.432271264424000e-04
6.279000000000000e+00	-1.865356644759000e-04	1.243884859358000e-02	5.423297595918000e-04
6.280000000000000e+00	-5.904790715389000e-05	1.139537030733000e-02	5.414323927502999e-04
6.281000000000000e+00	6.844298360728000e-05	1.031954845152000e-02	5.422249865895000e-04
6.282000000000000e+00	1.959338743683000e-04	9.243726595722999e-03	5.430175804287000e-04
6.283000000000000e+00	2.859322089868000e-04	8.155712601334001e-03	5.444091701525000e-04
6.284000000000000e+00	3.384379882759000e-04	7.055506468623000e-03	5.463997557479000e-04
6.285000000000000e+00	3.909437669907000e-04	5.955300335820000e-03	5.483903413434000e-04
6.286000000000000e+00	3.375371725478000e-04	4.838168554985000e-03	5.503858627214000e-04
6.287000000000000e+00	2.841305781050000e-04	3.721036774151000e-03	5.523813840995000e-04
6.288000000000000e+00	1.933729216367000e-04	2.599236779513000e-03	5.537818825029000e-04
6.289000000000000e+00	6.526420395306000e-05	1.472768571172000e-03	5.545873579447000e-04
6.290000000000000e+00	-6.284451372877000e-05	3.463003628268000e-04	5.553928333772000e-04
6.291000000000000e+00	-1.906309576641000e-04	-7.811536760914000e-04	5.545110824422000e-04
6.292000000000000e+00	-3.184174015993000e-04	-1.908607715009000e-03	5.536293315073001e-04
6.293000000000000e+00	-4.086059726716000e-04	-3.031888119324000e-03	5.521495603225000e-04
6.294000000000000e+00	-4.611966716964000e-04	-4.150994889127000e-03	5.500717689011000e-04
6.295000000000000e+00	-5.137873701459000e-04	-5.270101658830000e-03	5.479939774796000e-04
6.296000000000000e+00	-4.603023501051000e-04	-6.370903358103000e-03	5.459112864861000e-04
6.297000000000000e+00	-4.068173300643000e-04	-7.471705057375000e-03	5.438285954926000e-04
6.298000000000000e+00	-3.158752380365000e-04	-8.558446390189000e-03	5.423399803511000e-04
6.299000000000000e+00	-1.874760748340000e-04	-9.631127356849000e-03	5.414454410487000e-04
6.300000000000000e+00	-5.907691163154000e-05	-1.070380832331000e-02	5.405509017554001e-04
6.301000000000000e+00	6.932733325759000e-05	-1.173946130485000e-02	5.413408686836000e-04
6.302000000000000e+00	1.977315781467000e-04	-1.277511428639000e-02	5.421308356118000e-04
6.303000000000000e+00	2.887576948949000e-04	-1.378843190033000e-02	5.435178374339999e-04
6.304000000000000e+00	3.424056843130000e-04	-1.477941414717000e-02	5.455018741373000e-04
6.305000000000000e+00	3.960536731586000e-04	-1.577039639372000e-02	5.474859108406000e-04
6.306000000000000e+00	3.441049113111000e-04	-1.671010551419000e-02	5.494747519920000e-04
6.307000000000000e+00	2.921561494636000e-04	-1.764981463466000e-02	5.514635931433000e-04
6.308000000000000e+00	2.029590404647000e-04	-1.856078827035000e-02	5.528592610577000e-04
6.309000000000000e+00	7.651358512211000e-05	-1.944302642189000e-02	5.536617557479000e-04
6.310000000000000e+00	-4.993187021895000e-05	-2.032526457308000e-02	5.544642504290000e-04
6.311000000000000e+00	-1.760980898080000e-04	-2.114359893324000e-02	5.535848633912999e-04
6.312000000000000e+00	-3.022643093972000e-04	-2.196193329341000e-02	5.527054763537000e-04
6.313000000000000e+00	-3.909776534642000e-04	-2.274486421824000e-02	5.512300042869000e-04
6.314000000000000e+00	-4.422381228215000e-04	-2.349239170852000e-02	5.491584472038000e-04
6.315000000000000e+00	-4.934985916057000e-04	-2.423991919838000e-02	5.470868901207000e-04
6.316000000000000e+00	-4.390797425783000e-04	-2.490960431018000e-02	5.450106073791000e-04
6.317000000000000e+00	-3.846608935508000e-04	-2.557928942198000e-02	5.429343246374000e-04
6.318000000000000e+00	-2.929376192681000e-04	-2.620684023742000e-02	5.414503417414000e-04
6.319000000000000e+00	-1.639099205394000e-04	-2.679225675740000e-02	5.405586586780000e-04
6.320000000000000e+00	-3.488222181093000e-05	-2.737767327690000e-02	5.396669756238000e-04
6.321000000000000e+00	9.407555979326000e-05	-2.787374177293000e-02	5.404546882769000e-04
6.322000000000000e+00	2.230333413976000e-04	-2.836981026897000e-02	5.412424009301000e-04
6.323000000000000e+00	3.146905713697000e-04	-2.881950099660000e-02	5.426253530965999e-04
6.324000000000000e+00	3.690472505186000e-04	-2.922281395685000e-02	5.446035447636000e-04
6.325000000000000e+00	4.234039290962000e-04	-2.962612691658000e-02	5.465817364306000e-04
6.326000000000000e+00	3.724103119214000e-04	-2.993469224802000e-02	5.485648327345000e-04
6.327000000000000e+00	3.214166947465000e-04	-3.024325757947000e-02	5.505479290385000e-04
6.328000000000000e+00	2.332457132584000e-04	-3.050382583763000e-02	5.519397389398000e-04
6.329000000000000e+00	1.078973682634000e-04	-3.071639702355000e-02	5.527402624511000e-04
6.330000000000000e+00	-1.745097673076000e-05	-3.092896820893000e-02	5.535407859534000e-04
6.331000000000000e+00	-1.426203936865000e-04	-3.104436806504000e-02	5.526646751649000e-04
6.332000000000000e+00	-2.677898106421000e-04	-3.115976792115000e-02	5.517885643765000e-04
6.333000000000000e+00	-3.556771151001000e-04	-3.122589036092000e-02	5.503181830533000e-04
6.334000000000000e+00	-4.062823078689000e-04	-3.124273538542000e-02	5.482535312083000e-04
6.335000000000000e+00	-4.568875000670000e-04	-3.125958040937000e-02	5.461888793632000e-04
6.336000000000000e+00	-4.022567360491000e-04	-3.117657437381000e-02	5.441193435898000e-04
6.337000000000000e+00	-3.476259720312000e-04	-3.109356833824000e-02	5.420498078163000e-04
6.338000000000000e+00	-2.558652300477000e-04	-3.096037954852000e-02	5.405706148211000e-04
6.339000000000000e+00	-1.269745109039000e-04	-3.077700800574000e-02	5.396817645912000e-04
6.340000000000000e+00	1.916208238807000e-06	-3.059363646243000e-02	5.387929143704000e-04
6.341000000000000e+00	1.306212821256000e-04	-3.031085567371000e-02	5.395780107751000e-04
6.342000000000000e+00	2.593263560124000e-04	-3.002807488500000e-02	5.403631071798000e-04
6.343000000000000e+00	3.507898644345000e-04	-2.969694139962000e-02	5.417415103245000e-04
6.344000000000000e+00	4.050118081997000e-04	-2.931745521861000e-02	5.437132201961000e-04
6.345000000000000e+00	4.592337513948000e-04	-2.893796903710000e-02	5.456849300679000e-04
6.346000000000000e+00	4.083199229402000e-04	-2.846592535323000e-02	5.476614619474000e-04
6.347000000000000e+00	3.574060944857000e-04	-2.799388166935000e-02	5.496379938270000e-04
6.348000000000000e+00	2.693735730775000e-04	-2.747799726646000e-02	5.510250904171000e-04
6.349000000000000e+00	1.442223595206000e-04	-2.691827214549000e-02	5.518227517305000e-04
6.350000000000000e+00	1.907114596402000e-05	-2.635854702406000e-02	5.526204130348000e-04
6.351000000000000e+00	-1.060171947652000e-04	-2.571602257878000e-02	5.517467383879000e-04
6.352000000000000e+00	-2.311055354945000e-04	-2.507349813349000e-02	5.508730637409000e-04
6.353000000000000e+00	-3.190857143151000e-04	-2.439185695262000e-02	5.494070189321000e-04
6.354000000000000e+00	-3.699577320319000e-04	-2.367109903704000e-02	5.473486039745000e-04
6.355000000000000e+00	-4.208297491806000e-04	-2.295034112106000e-02	5.452901890167000e-04
6.356000000000000e+00	-3.669067661064000e-04	-2.215584534385000e-02	5.432270048716001e-04
6.357000000000000e+00	-3.129837830323000e-04	-2.136134956664000e-02	5.411638207264000e-04
6.358000000000000e+00	-2.221002548566000e-04	-2.053252099514000e-02	5.396891895979000e-04
6.359000000000000e+00	-9.425618238114000e-05	-1.966935963009000e-02	5.388031114732001e-04
6.360000000000000e+00	3.358789009288000e-05	-1.880619826470000e-02	5.379170333575999e-04
6.361000000000000e+00	1.611472586784000e-04	-1.788066319657000e-02	5.386997948246000e-04
6.362000000000000e+00	2.887066272641000e-04	-1.695512812844000e-02	5.394825562916000e-04
6.363000000000000e+00	3.790949298881000e-04	-1.600227902465000e-02	5.408568385398000e-04
6.364000000000000e+00	4.323121673566000e-04	-1.502211588580000e-02	5.428226415566000e-04
6.365000000000000e+00	4.855294042564000e-04	-1.404195274670000e-02	5.447884445733999e-04
6.366000000000000e+00	4.338552061967000e-04	-1.301601869757000e-02	5.467591901686000e-04
6.367000000000000e+00	3.821810081370000e-04	-1.199008464845000e-02	5.487299357638000e-04
6.368000000000000e+00	2.934654161713000e-04	-1.094587415733000e-02	5.501131451106000e-04
6.369000000000000e+00	1.677084311033000e-04	-9.883387224628001e-03	5.509088182219000e-04
6.370000000000000e+00	4.195144603502000e-05	-8.820900291770000e-03	5.517044913241000e-04
6.371000000000000e+00	-8.381380936225000e-05	-7.730685311721000e-03	5.508341254232000e-04
6.372000000000000e+00	-2.095790647594000e-04	-6.640470331673000e-03	5.499637595223000e-04
6.373000000000000e+00	-2.983841577010000e-04	-5.540430970893000e-03	5.485028889847000e-04
6.374000000000000e+00	-3.502290889884000e-04	-4.430567229595000e-03	5.464515138231001e-04
6.375000000000000e+00	-4.020740197096000e-04	-3.320703488234000e-03	5.444001386614000e-04
6.376000000000000e+00	-3.495074830855000e-04	-2.198742278576000e-03	5.423440048427000e-04
6.377000000000000e+00	-2.969409464616000e-04	-1.076781068921000e-03	5.402878710240000e-04
6.378000000000000e+00	-2.075526790149000e-04	4.740682412900000e-05	5.388184439068000e-04
6.379000000000000e+00	-8.134268154398999e-05	1.173821400525000e-03	5.379357234784000e-04
6.380000000000000e+00	4.486731592484000e-05	2.300235976898000e-03	5.370530030591000e-04
6.381000000000000e+00	1.707573895436000e-04	3.422746363383000e-03	5.378339042892000e-04
6.382000000000000e+00	2.966474631622000e-04	4.545256749867000e-03	5.386148055193000e-04
6.383000000000000e+00	3.854700650644000e-04	5.661171000719000e-03	5.399853865559000e-04
6.384000000000000e+00	4.372251960544000e-04	6.770489116084000e-03	5.419456473863000e-04
6.385000000000000e+00	4.889803264773000e-04	7.879807231323000e-03	5.439059082168000e-04
6.386000000000000e+00	4.361575276119000e-04	8.966067880503000e-03	5.458711167293000e-04
6.387000000000000e+00	3.833347287465000e-04	1.005232852968000e-02	5.478363252418000e-04
6.388000000000000e+00	2.935843613113000e-04	1.112221749941000e-02	5.492158343398000e-04
6.389000000000000e+00	1.669064261069000e-04	1.217573479003000e-02	5.500096440359000e-04
6.390000000000000e+00	4.022849090252000e-05	1.322925208044000e-02	5.508034537231000e-04
6.391000000000000e+00	-8.645153530019000e-05	1.424127500715000e-02	5.499363906544000e-04
6.392000000000000e+00	-2.131315615030000e-04	1.525329793386000e-02	5.490693275857000e-04
6.393000000000000e+00	-3.029589614298000e-04	1.624084106660000e-02	5.476135603237001e-04
6.394000000000000e+00	-3.559337358799000e-04	1.720390440592000e-02	5.455690888810000e-04
6.395000000000000e+00	-4.089085097655000e-04	1.816696774493000e-02	5.435246174383000e-04
6.396000000000000e+00	-3.577725047277000e-04	1.907467056162000e-02	5.414752744036000e-04
6.397000000000000e+00	-3.066364996898000e-04	1.998237337831000e-02	5.394259313689000e-04
6.398000000000000e+00	-2.187762561586000e-04	2.085941375723000e-02	5.379613913909000e-04
6.399000000000000e+00	-9.419177493066000e-05	2.170579169903000e-02	5.370816544569000e-04
6.400000000000000e+00	3.039270629587000e-05	2.255216964047000e-02	5.362019175319000e-04
6.401000000000000e+00	1.547027569704000e-04	2.333106322403000e-02	5.369804774657000e-04
6.402000000000000e+00	2.790128076450000e-04	2.410995680759000e-02	5.377590373994000e-04
6.403000000000000e+00	3.663980014531000e-04	2.485181417463000e-02	5.391253869635000e-04
6.404000000000000e+00	4.168583391956000e-04	2.555663532596000e-02	5.410795261451000e-04
6.405000000000000e+00	4.673186763733000e-04	2.626145647685000e-02	5.430336653268000e-04
6.406000000000000e+00	4.135902597583000e-04	2.688551984901000e-02	5.449926745985000e-04
6.407000000000000e+00	3.598618431433000e-04	2.750958322116000e-02	5.469516838701000e-04
6.408000000000000e+00	2.693567486599000e-04	2.809024105181000e-02	5.483268043651000e-04
6.409000000000000e+00	1.420749771059000e-04	2.862749334189000e-02	5.491180360961000e-04
6.410000000000000e+00	1.479320555221000e-05	2.916474563148000e-02	5.499092678180000e-04
6.411000000000000e+00	-1.124112992540000e-04	2.961049051987000e-02	5.490447874196000e-04
6.412000000000000e+00	-2.396158040601000e-04	3.005623540825000e-02	5.481803070212000e-04
6.413000000000000e+00	-3.300392379199000e-04	3.045471602070000e-02	5.467289478545000e-04
6.414000000000000e+00	-3.836816016311000e-04	3.080593235823000e-02	5.446907099321000e-04
6.415000000000000e+00	-4.373239647790000e-04	3.115714869524000e-02	5.426524720098000e-04
6.416000000000000e+00	-3.870867132463000e-04	3.141223500645000e-02	5.406093479931000e-04
6.417000000000000e+00	-3.368494617136000e-04	3.166732131765000e-02	5.385662239764000e-04
6.418000000000000e+00	-2.499527928697000e-04	3.187392008621000e-02	5.371060607201000e-04
6.419000000000000e+00	-1.263967075096000e-04	3.203203131317000e-02	5.362288582113000e-04
6.420000000000000e+00	-2.840622150486000e-06	3.219014253961000e-02	5.353516557116000e-04
6.421000000000000e+00	1.205461239164000e-04	3.225052026581000e-02	5.361275390991000e-04
6.422000000000000e+00	2.439328699833000e-04	3.231089799201000e-02	5.369034224867000e-04
6.423000000000000e+00	3.305638963093000e-04	3.232193559333000e-02	5.382652440474000e-04
6.424000000000000e+00	3.804392036917000e-04	3.228363307086000e-02	5.402130037683000e-04
6.425000000000000e+00	4.303145105115000e-04	3.224533054784000e-02	5.421607634894000e-04
6.426000000000000e+00	3.764368016685000e-04	3.210749886635000e-02	5.441133487082001e-04
6.427000000000000e+00	3.225590928256000e-04	3.196966718486000e-02	5.460659339271000e-04
6.428000000000000e+00	2.320759348582000e-04	3.178203608786000e-02	5.474364436327000e-04
6.429000000000000e+00	1.049873285601000e-04	3.154460557642000e-02	5.482248778376000e-04
6.430000000000000e+00	-2.210127773682000e-05	3.130717506445000e-02	5.490133120337000e-04
6.431000000000000e+00	-1.489979494087000e-04	3.097153116097000e-02	5.481512065087999e-04
6.432000000000000e+00	-2.758946210805000e-04	3.063588725750000e-02	5.472891009840000e-04
6.433000000000000e+00	-3.660668176949000e-04	3.025269172117000e-02	5.458419685538000e-04
6.434000000000000e+00	-4.195145400484000e-04	2.982194455302000e-02	5.438098092309000e-04
6.435000000000000e+00	-4.729622618397000e-04	2.939119738437000e-02	5.417776499080000e-04
6.436000000000000e+00	-4.227376477202000e-04	2.886987901757000e-02	5.397406996288000e-04
6.437000000000000e+00	-3.725130336006000e-04	2.834856065078000e-02	5.377037493495000e-04
6.438000000000000e+00	-2.856853542161000e-04	2.778457903761000e-02	5.362479933026000e-04
6.439000000000000e+00	-1.622546103603000e-04	2.717793417899000e-02	5.353734314755000e-04
6.440000000000000e+00	-3.882386650474000e-05	2.657128931994000e-02	5.344988696572000e-04
6.441000000000000e+00	8.455195454452000e-05	2.588455984375000e-02	5.352723334231001e-04
6.442000000000000e+00	2.079277755939000e-04	2.519783036756000e-02	5.360457971890000e-04
6.443000000000000e+00	2.947178361362000e-04	2.447351750724000e-02	5.374033955154000e-04
6.444000000000000e+00	3.449221369651000e-04	2.371162126360000e-02	5.393451283896001e-04
6.445000000000000e+00	3.951264372338000e-04	2.294972501958000e-02	5.412868612637000e-04
6.446000000000000e+00	3.420079037190000e-04	2.211749512235000e-02	5.432333736714999e-04
6.447000000000000e+00	2.888893702042000e-04	2.128526522513000e-02	5.451798860792000e-04
6.448000000000000e+00	1.993305431895000e-04	2.042056005814000e-02	5.465460818131000e-04
6.449000000000000e+00	7.333142346559999e-05	1.952337962209000e-02	5.473319608858000e-04
6.450000000000000e+00	-5.266769625688000e-05	1.862619918573000e-02	5.481178399495000e-04
6.451000000000000e+00	-1.783787223161000e-04	1.767063233763000e-02	5.472581636583000e-04
6.452000000000000e+00	-3.040897483752000e-04	1.671506548952000e-02	5.463984873670000e-04
6.453000000000000e+00	-3.931455369291000e-04	1.573429205331000e-02	5.449555316316000e-04
6.454000000000000e+00	-4.455460887726000e-04	1.472831202953000e-02	5.429292964646000e-04
6.455000000000000e+00	-4.979466400553000e-04	1.372233200552000e-02	5.409030612975000e-04
6.456000000000000e+00	-4.469150352963000e-04	1.267498111614000e-02	5.388719691010000e-04
6.457000000000000e+00	-3.958834305374000e-04	1.162763022676000e-02	5.368408769045999e-04
6.458000000000000e+00	-3.083257115854000e-04	1.056427829280000e-02	5.353891832383000e-04
6.459000000000000e+00	-1.842418792326000e-04	9.484925314609000e-03	5.345168880896000e-04
6.460000000000000e+00	-6.015804687986000e-05	8.405572336295001e-03	5.336445929498000e-04
6.461000000000000e+00	6.393592147613000e-05	7.303166745130000e-03	5.344153329630001e-04
6.462000000000000e+00	1.880298898320000e-04	6.200761153966000e-03	5.351860729763000e-04
6.463000000000000e+00	2.756799302397000e-04	5.090919620231000e-03	5.365392380688000e-04
6.464000000000000e+00	3.268860434893000e-04	3.973642144087000e-03	5.384748282281000e-04
6.465000000000000e+00	3.780921561807000e-04	2.856364667905000e-03	5.404104183873000e-04
6.466000000000000e+00	3.263445953072000e-04	1.731840087678000e-03	5.423510098201000e-04
6.467000000000000e+00	2.745970344338000e-04	6.073155074509000e-04	5.442916012529000e-04
6.468000000000000e+00	1.865425602924000e-04	-5.169928360848000e-04	5.456537808082000e-04
6.469000000000000e+00	6.218117367038000e-05	-1.641084942936000e-03	5.464375484986000e-04
6.470000000000000e+00	-6.218021294981000e-05	-2.765177049738000e-03	5.472213161801000e-04
6.471000000000000e+00	-1.862219456838000e-04	-3.880491385440000e-03	5.463647712309000e-04
6.472000000000000e+00	-3.102636784177000e-04	-4.995805721142000e-03	5.455082262817000e-04
6.473000000000000e+00	-3.977521384180000e-04	-6.102119018081000e-03	5.440702368951000e-04
6.474000000000000e+00	-4.486873264777000e-04	-7.199431276454000e-03	5.420508030837000e-04
6.475000000000000e+00	-4.996225139782000e-04	-8.296743534676000e-03	5.400313692722000e-04
6.476000000000000e+00	-4.474330317731000e-04	-9.366299359841001e-03	5.380070690188000e-04
6.477000000000000e+00	-3.952435495680000e-04	-1.043585518501000e-02	5.359827687653000e-04
6.478000000000000e+00	-3.066402316427000e-04	-1.148676363548000e-02	5.345360320444000e-04
6.479000000000000e+00	-1.816230787867000e-04	-1.251902471165000e-02	5.336668588436000e-04
6.480000000000000e+00	-5.660592593072000e-05	-1.355128578758000e-02	5.327976856516000e-04
6.481000000000000e+00	6.841134452566000e-05	-1.453767484600000e-02	5.335663475406000e-04
6.482000000000000e+00	1.934286149821000e-04	-1.552406390443000e-02	5.343350094295000e-04
6.483000000000000e+00	2.821040538667000e-04	-1.648388167434000e-02	5.356842299457000e-04
6.484000000000000e+00	3.344376619675000e-04	-1.741712815630000e-02	5.376140090768000e-04
6.485000000000000e+00	3.867712695117000e-04	-1.835037463795000e-02	5.395437882079000e-04
6.486000000000000e+00	3.364377251880000e-04	-1.922429561212000e-02	5.414784199063000e-04
6.487000000000000e+00	2.861041808643000e-04	-2.009821658630000e-02	5.434130516048000e-04
6.488000000000000e+00	1.995551700181000e-04	-2.093961716081000e-02	5.447709937985000e-04
6.489000000000000e+00	7.679069343494000e-05	-2.174849733638000e-02	5.455522465000000e-04
6.490000000000000e+00	-4.597378314686000e-05	-2.255737751156000e-02	5.463334991927000e-04
6.491000000000000e+00	-1.684702757563000e-04	-2.329534496373000e-02	5.454793868033000e-04
6.492000000000000e+00	-2.909667683656000e-04	-2.403331241590000e-02	5.446252744139000e-04
6.493000000000000e+00	-3.770526652482000e-04	-2.473269330018000e-02	5.431914652716001e-04
6.494000000000000e+00	-4.267279671935000e-04	-2.539348761740000e-02	5.411779593889000e-04
6.495000000000000e+00	-4.764032685817000e-04	-2.605428193418000e-02	5.391644535062000e-04
6.496000000000000e+00	-4.233406689796000e-04	-2.663157904887000e-02	5.371460424789000e-04
6.497000000000000e+00	-3.702780693775000e-04	-2.720887616356000e-02	5.351276314516000e-04
6.498000000000000e+00	-2.809525376941000e-04	-2.774158936332000e-02	5.336850037619000e-04
6.499000000000000e+00	-1.553640747159000e-04	-2.822971864911000e-02	5.328181593972000e-04
6.500000000000000e+00	-2.977561173819000e-05	-2.871784793440000e-02	5.319513150413000e-04
6.501000000000000e+00	9.572781201627001e-05	-2.911250479754000e-02	5.327173211514000e-04
6.502000000000000e+00	2.212312357706000e-04	-2.950716166068000e-02	5.334833272614000e-04
6.503000000000000e+00	3.104587847454000e-04	-2.985376867417000e-02	5.348281627037000e-04
6.504000000000000e+00	3.634104597271000e-04	-3.015232583905000e-02	5.367518274658000e-04
6.505000000000000e+00	4.163621341533000e-04	-3.045088300341000e-02	5.386754922279000e-04
6.506000000000000e+00	3.668651888952000e-04	-3.065213585340000e-02	5.406041480206000e-04
6.507000000000000e+00	3.173682436370000e-04	-3.085338870338000e-02	5.425328038134000e-04
6.508000000000000e+00	2.317162522660000e-04	-3.100576992070000e-02	5.438866254256000e-04
6.509000000000000e+00	1.099092155662000e-04	-3.110927950640000e-02	5.446656128697000e-04
6.510000000000000e+00	-1.189782113267000e-05	-3.121278909157000e-02	5.454446003050000e-04
6.511000000000000e+00	-1.335434713049000e-04	-3.121821850253000e-02	5.445933955760000e-04
6.512000000000000e+00	-2.551891214772000e-04	-3.122364791349000e-02	5.437421908471000e-04
6.513000000000000e+00	-3.405906309222000e-04	-3.117978257538000e-02	5.423131251014000e-04
6.514000000000000e+00	-3.897480004262000e-04	-3.108662248927000e-02	5.403061983516000e-04
6.515000000000000e+00	-4.389053693754000e-04	-3.099346240263000e-02	5.382992716017000e-04
6.516000000000000e+00	-3.857524820808000e-04	-3.080130991578000e-02	5.362875224753000e-04
6.517000000000000e+00	-3.325995947861000e-04	-3.060915742892000e-02	5.342757733489000e-04
6.518000000000000e+00	-2.433523399496000e-04	-3.036769477991000e-02	5.328380575191000e-04
6.519000000000000e+00	-1.180107183540000e-04	-3.007692196982000e-02	5.319743749734000e-04
6.520000000000000e+00	7.330903240490000e-06	-2.978614915920000e-02	5.311106924365000e-04
6.521000000000000e+00	1.324717287816000e-04	-2.939856619572000e-02	5.318748685013000e-04
6.522000000000000e+00	2.576125543228000e-04	-2.901098323224000e-02	5.326390445660000e-04
6.523000000000000e+00	3.465305257575000e-04	-2.857675054770000e-02	5.339802831681000e-04
6.524000000000000e+00	3.992256438715000e-04	-2.809586814313000e-02	5.358985842952000e-04
6.525000000000000e+00	4.519207614311000e-04	-2.761498573807000e-02	5.378168854223000e-04
6.526000000000000e+00	4.023655531935000e-04	-2.704571317326000e-02	5.397401855133000e-04
6.527000000000000e+00	3.528103449560000e-04	-2.647644060845000e-02	5.416634856042000e-04
6.528000000000000e+00	2.671538889575000e-04	-2.586577542894000e-02	5.430137266527000e-04
6.529000000000000e+00	1.453961859810000e-04	-2.521371763564000e-02	5.437909086711000e-04
6.530000000000000e+00	2.363848300472000e-05	-2.456165984192000e-02	5.445680906806000e-04
6.531000000000000e+00	-9.806955839634000e-05	-2.383240839406000e-02	5.437200957692000e-04
6.532000000000000e+00	-2.197775997973000e-04	-2.310315694621000e-02	5.428721008578000e-04
6.533000000000000e+00	-3.054062905993000e-04	-2.233793771471000e-02	5.414480168051000e-04
6.534000000000000e+00	-3.549556315845000e-04	-2.153675070036000e-02	5.394478436235000e-04
6.535000000000000e+00	-4.045049720173000e-04	-2.073556368565000e-02	5.374476704420000e-04
6.536000000000000e+00	-3.521604544417000e-04	-1.986759842904000e-02	5.354426701915000e-04
6.537000000000000e+00	-2.998159368662000e-04	-1.899963317242000e-02	5.334376699411000e-04
6.538000000000000e+00	-2.115365568506000e-04	-1.810111851679000e-02	5.320049237236000e-04
6.539000000000000e+00	-8.732231517456000e-05	-1.717205446280000e-02	5.311444315267000e-04
6.540000000000000e+00	3.689192649985000e-05	-1.624299040851000e-02	5.302839393386000e-04
6.541000000000000e+00	1.608136682971000e-04	-1.525964854253000e-02	5.310462574632000e-04
6.542000000000000e+00	2.847354100942000e-04	-1.427630667654000e-02	5.318085755879000e-04
6.543000000000000e+00	3.725021329416000e-04	-1.326991830830000e-02	5.331461479519000e-04
6.544000000000000e+00	4.241138376234000e-04	-1.224048343831000e-02	5.350589745430000e-04
6.545000000000000e+00	4.757255417520000e-04	-1.121104856813000e-02	5.369718011340000e-04
6.546000000000000e+00	4.253207041853000e-04	-1.014473151263000e-02	5.388895105544001e-04
6.547000000000000e+00	3.749158666186000e-04	-9.078414457130000e-03	5.408072199747001e-04
6.548000000000000e+00	2.884845363687000e-04	-7.998407402245000e-03	5.421535674098000e-04
6.549000000000000e+00	1.660267142167000e-04	-6.904710348268000e-03	5.429285528719999e-04
6.550000000000000e+00	4.356889206470000e-05	-5.811013294192000e-03	5.437035383254000e-04
6.551000000000000e+00	-7.890237422187000e-05	-4.698992234850000e-03	5.428582041799000e-04
6.552000000000000e+00	-2.013736405084000e-04	-3.586971175508000e-03	5.420128700342999e-04
6.553000000000000e+00	-2.879028791865000e-04	-2.469919775394000e-03	5.405931582613000e-04
6.554000000000000e+00	-3.384900910357000e-04	-1.347838034614000e-03	5.385990688732000e-04
6.555000000000000e+00	-3.890773023343000e-04	-2.257562938220000e-04	5.366049794852000e-04
6.556000000000000e+00	-3.381268523917000e-04	8.987071738810999e-04	5.346060051596000e-04
6.557000000000000e+00	-2.871764024491000e-04	2.023170641584000e-03	5.326070308340000e-04
6.558000000000000e+00	-2.004185034679000e-04	3.144977142781000e-03	5.311785426846000e-04
6.559000000000000e+00	-7.785315622457000e-05	4.264126677531000e-03	5.303205406991000e-04
6.560000000000000e+00	4.471219101700000e-05	5.383276212207000e-03	5.294625387223000e-04
6.561000000000000e+00	1.669605421867000e-04	6.488797867203000e-03	5.302223810633000e-04
6.562000000000000e+00	2.892088933565000e-04	7.594319522199000e-03	5.309822234043000e-04
6.563000000000000e+00	3.754050398518000e-04	8.688456251363001e-03	5.323155659666000e-04
6.564000000000000e+00	4.255489824545000e-04	9.771208054941000e-03	5.342224087378000e-04
6.565000000000000e+00	4.756929245057000e-04	1.085395985834000e-02	5.361292515089000e-04
6.566000000000000e+00	4.241271423083000e-04	1.190431629311000e-02	5.380409608923000e-04
6.567000000000000e+00	3.725613601109000e-04	1.295467272787000e-02	5.399526702757000e-04
6.568000000000000e+00	2.850821077318000e-04	1.398414488438000e-02	5.412947492017000e-04
6.569000000000000e+00	1.616893859502000e-04	1.499273276308000e-02	5.420671976827000e-04
6.570000000000000e+00	3.829666416829000e-05	1.600132064151000e-02	5.428396461549000e-04
6.571000000000000e+00	-8.509266241894000e-05	1.695975364573000e-02	5.419966675923000e-04
6.572000000000000e+00	-2.084819890065000e-04	1.791818664996000e-02	5.411536890297000e-04
6.573000000000000e+00	-2.960254211461000e-04	1.884801269000000e-02	5.397380523164000e-04
6.574000000000000e+00	-3.477229596155000e-04	1.974923176647000e-02	5.377497574648000e-04
6.575000000000000e+00	-3.994204975358000e-04	2.065045084260000e-02	5.357614626131000e-04
6.576000000000000e+00	-3.498534874891000e-04	2.148850729840000e-02	5.337682435813000e-04
6.577000000000000e+00	-3.002864774426000e-04	2.232656375419000e-02	5.317750245494000e-04
6.578000000000000e+00	-2.149984894165000e-04	2.313031341516000e-02	5.303505438597000e-04
6.579000000000000e+00	-9.398952418571000e-05	2.389975628204000e-02	5.294948014998001e-04
6.580000000000000e+00	2.701944104371000e-05	2.466919914853000e-02	5.286390591486000e-04
6.581000000000000e+00	1.477662513564000e-04	2.536445799133000e-02	5.293962647869000e-04
6.582000000000000e+00	2.685130616691000e-04	2.605971683413000e-02	5.301534704253000e-04
6.583000000000000e+00	3.533487088667000e-04	2.671492348756000e-02	5.314824700935000e-04
6.584000000000000e+00	4.022731937281000e-04	2.733007795251000e-02	5.333832637792000e-04
6.585000000000000e+00	4.511976780400000e-04	2.794523241698000e-02	5.352840574649000e-04
6.586000000000000e+00	3.987934232050000e-04	2.847433057592000e-02	5.371898109297000e-04
6.587000000000000e+00	3.463891683701000e-04	2.900342873486000e-02	5.390955643944000e-04
6.588000000000000e+00	2.582208701554000e-04	2.948685950021000e-02	5.404334722729000e-04
6.589000000000000e+00	1.342885293367000e-04	2.992462287295000e-02	5.412035345773000e-04
6.590000000000000e+00	1.035618851866000e-05	3.036238624518000e-02	5.419735968730000e-04
6.591000000000000e+00	-1.134840112835000e-04	3.070491019176000e-02	5.411332110936000e-04
6.592000000000000e+00	-2.373242110858000e-04	3.104743413834000e-02	5.402928253142000e-04
6.593000000000000e+00	-3.253794407276000e-04	3.134122517241000e-02	5.388815251818000e-04
6.594000000000000e+00	-3.776497009854000e-04	3.158628329503000e-02	5.368993107088000e-04
6.595000000000000e+00	-4.299199606952000e-04	3.183134141712000e-02	5.349170962358000e-04
6.596000000000000e+00	-3.811315158972000e-04	3.197813157727000e-02	5.329299134486999e-04
6.597000000000000e+00	-3.323430710992000e-04	3.212492173742000e-02	5.309427306615000e-04
6.598000000000000e+00	-2.478891568174000e-04	3.222256347555000e-02	5.295225041571000e-04
6.599000000000000e+00	-1.277697738252000e-04	3.227105679272000e-02	5.286692339230000e-04
6.600000000000000e+00	-7.650390833728001e-06	3.231955010936000e-02	5.278159636976000e-04
6.601000000000000e+00	1.123163413461000e-04	3.226983323579000e-02	5.285706156265000e-04
6.602000000000000e+00	2.322830735260000e-04	3.222011636223000e-02	5.293252675555000e-04
6.603000000000000e+00	3.165029020517000e-04	3.212125847927000e-02	5.306499228270000e-04
6.604000000000000e+00	3.649758276987000e-04	3.197325958800000e-02	5.325445814286000e-04
6.605000000000000e+00	4.134487527985000e-04	3.182526069618000e-02	5.344392400303000e-04
6.606000000000000e+00	3.610123154470000e-04	3.157902109476000e-02	5.363387851524000e-04
6.607000000000000e+00	3.085758780954000e-04	3.133278149333000e-02	5.382383302745000e-04
6.608000000000000e+00	2.205404893245000e-04	3.103782674589000e-02	5.395717602146000e-04
6.609000000000000e+00	9.690614990628000e-05	3.069415685348000e-02	5.403390749850000e-04
6.610000000000000e+00	-2.672818951088000e-05	3.035048696055000e-02	5.411063897468000e-04
6.611000000000000e+00	-1.501562558140000e-04	2.991161689992000e-02	5.402682352479000e-04
6.612000000000000e+00	-2.735843221173000e-04	2.947274683930000e-02	5.394300807490000e-04
6.613000000000000e+00	-3.612782993276000e-04	2.898822931263000e-02	5.380228237624000e-04
6.614000000000000e+00	-4.132381882199000e-04	2.845806432090000e-02	5.360464643004000e-04
6.615000000000000e+00	-4.651980765653000e-04	2.792789932871000e-02	5.340701048383000e-04
6.616000000000000e+00	-4.162903861814000e-04	2.731171846316000e-02	5.320889937557000e-04
6.617000000000000e+00	-3.673826957974000e-04	2.669553759761000e-02	5.301078826731000e-04
6.618000000000000e+00	-2.828606605451000e-04	2.603932686162000e-02	5.286921119917000e-04
6.619000000000000e+00	-1.627242811971000e-04	2.534308625605000e-02	5.278416816993000e-04
6.620000000000000e+00	-4.258790184921000e-05	2.464684565008000e-02	5.269912514154999e-04
6.621000000000000e+00	7.750751190404001e-05	2.387647580914000e-02	5.277440398726000e-04
6.622000000000000e+00	1.976029256572000e-04	2.310610596820000e-02	5.284968283297000e-04
6.623000000000000e+00	2.821133445179000e-04	2.230146442549000e-02	5.298179433324000e-04
6.624000000000000e+00	3.310387692578000e-04	2.146255118176000e-02	5.317073848682000e-04
6.625000000000000e+00	3.799641934528000e-04	2.062363793769000e-02	5.335968264040000e-04
6.626000000000000e+00	3.283881811067000e-04	1.972164885443000e-02	5.354911536332000e-04
6.627000000000000e+00	2.768121687606000e-04	1.881965977118000e-02	5.373854808623000e-04
6.628000000000000e+00	1.897933521978000e-04	1.788911312525000e-02	5.387153727658000e-04
6.629000000000000e+00	6.733173218720000e-05	1.693000891726000e-02	5.394808293557000e-04
6.630000000000000e+00	-5.512988782172000e-05	1.597090470901000e-02	5.402462859370000e-04
6.631000000000000e+00	-1.772953369824000e-04	1.496174744229000e-02	5.394110045266000e-04
6.632000000000000e+00	-2.994607861430000e-04	1.395259017557000e-02	5.385757231161000e-04
6.633000000000000e+00	-3.859584996857000e-04	1.292259642427000e-02	5.371729837119000e-04
6.634000000000000e+00	-4.367884783841000e-04	1.187176618885000e-02	5.352027863262000e-04
6.635000000000000e+00	-4.876184565368000e-04	1.082093595325000e-02	5.332325889405000e-04
6.636000000000000e+00	-4.378103511440000e-04	9.737795267217001e-03	5.312575040465000e-04
6.637000000000000e+00	-3.880022457513000e-04	8.654654581187001e-03	5.292824191525000e-04
6.638000000000000e+00	-3.026541278931000e-04	7.560167732182000e-03	5.278709028022000e-04
6.639000000000000e+00	-1.817659983400000e-04	6.454334720446000e-03	5.270229549834000e-04
6.640000000000000e+00	-6.087786878683000e-05	5.348501708637000e-03	5.261750071732000e-04
6.641000000000000e+00	6.002651763227000e-05	4.229120623149000e-03	5.269253392605000e-04
6.642000000000000e+00	1.809309040515000e-04	3.109739537659000e-03	5.276756713478000e-04
6.643000000000000e+00	2.663814064614000e-04	1.987747876299000e-03	5.289925805297000e-04
6.644000000000000e+00	3.163780256311000e-04	8.631456391243999e-04	5.308760667938000e-04
6.645000000000000e+00	3.663746442577000e-04	-2.614565980372000e-04	5.327595530579000e-04
6.646000000000000e+00	3.162107113428000e-04	-1.383566329162000e-03	5.346478689453000e-04
6.647000000000000e+00	2.660467784279000e-04	-2.505676060288000e-03	5.365361848326000e-04
6.648000000000000e+00	1.805609092320000e-04	-3.622693433111000e-03	5.378617607155000e-04
6.649000000000000e+00	5.975310452160000e-05	-4.734618447740000e-03	5.386245966061001e-04
6.650000000000000e+00	-6.105470018725001e-05	-5.846543462269000e-03	5.393874324881000e-04
6.651000000000000e+00	-1.815489971126000e-04	-6.940020359949000e-03	5.385543756155000e-04
6.652000000000000e+00	-3.020432940381000e-04	-8.033497257629999e-03	5.377213187429000e-04
6.653000000000000e+00	-3.869731479822000e-04	-9.113229589211000e-03	5.363225443218000e-04
6.654000000000000e+00	-4.363385597163000e-04	-1.017921735499000e-02	5.343580523645000e-04
6.655000000000000e+00	-4.857039709065000e-04	-1.124520512057000e-02	5.323935604072000e-04
6.656000000000000e+00	-4.347360954855000e-04	-1.227422510128000e-02	5.304243008201000e-04
6.657000000000000e+00	-3.837682200645000e-04	-1.330324508198000e-02	5.284550412329000e-04
6.658000000000000e+00	-2.973732432409000e-04	-1.430918591356000e-02	5.270477239869001e-04
6.659000000000000e+00	-1.755511657831000e-04	-1.529204759652000e-02	5.262023490698000e-04
6.660000000000000e+00	-5.372908832536000e-05	-1.627490927918000e-02	5.253569741614000e-04
6.661000000000000e+00	6.808731065385000e-05	-1.720343446467000e-02	5.261052261237000e-04
6.662000000000000e+00	1.899037096330000e-04	-1.813195965016000e-02	5.268534780860000e-04
6.663000000000000e+00	2.763570297999000e-04	-1.902990117938000e-02	5.281666756543000e-04
6.664000000000000e+00	3.274472719216000e-04	-1.989725905300000e-02	5.300448188163001e-04
6.665000000000000e+00	3.785375135015000e-04	-2.076461692626000e-02	5.319229619784000e-04
6.666000000000000e+00	3.297272262708000e-04	-2.156510906813000e-02	5.338060303771999e-04
6.667000000000000e+00	2.809169390401000e-04	-2.236560121000000e-02	5.356890987759000e-04
6.668000000000000e+00	1.968657326786000e-04	-2.313007463482000e-02	5.370111495563000e-04
6.669000000000000e+00	7.757360795074000e-05	-2.385852934338000e-02	5.377721827306000e-04
6.670000000000000e+00	-4.171851677568000e-05	-2.458698405152000e-02	5.385332158962000e-04
6.671000000000000e+00	-1.607573002049000e-04	-2.523814587553000e-02	5.377031689035000e-04
6.672000000000000e+00	-2.797960836342000e-04	-2.588930769953000e-02	5.368731219109000e-04
6.673000000000000e+00	-3.634112186303000e-04	-2.649903886630000e-02	5.354790523596000e-04
6.674000000000000e+00	-4.116027059616000e-04	-2.706733937673000e-02	5.335209602621000e-04
6.675000000000000e+00	-4.597941927509000e-04	-2.763563988667000e-02	5.315628681645000e-04
6.676000000000000e+00	-4.080300406343000e-04	-2.811550958786000e-02	5.296000128189000e-04
6.677000000000000e+00	-3.562658885176000e-04	-2.859537928906000e-02	5.276371574733000e-04
6.678000000000000e+00	-2.692231423278000e-04	-2.902859487995000e-02	5.262345613842000e-04
6.679000000000000e+00	-1.469018028298000e-04	-2.941515636155000e-02	5.253922245396000e-04
6.680000000000000e+00	-2.458046333235000e-05	-2.980171784262000e-02	5.245498877036000e-04
6.681000000000000e+00	9.764370947263000e-05	-3.009147416385000e-02	5.252964246881000e-04
6.682000000000000e+00	2.198678822776000e-04	-3.038123048508000e-02	5.260429616726000e-04
6.683000000000000e+00	3.067862428627000e-04	-3.062167476099000e-02	5.273527689033000e-04
6.684000000000000e+00	3.583987919937000e-04	-3.081280699266000e-02	5.292258463678000e-04
6.685000000000000e+00	4.100113405841000e-04	-3.100393922378000e-02	5.310989238324000e-04
6.686000000000000e+00	3.619203662760000e-04	-3.109605294440000e-02	5.329769383276000e-04
6.687000000000000e+00	3.138293919679000e-04	-3.118816666502000e-02	5.348549528227001e-04
6.688000000000000e+00	2.305499278431000e-04	-3.123096349798000e-02	5.361736283184001e-04
6.689000000000000e+00	1.120819746646000e-04	-3.122444344436000e-02	5.369329648267000e-04
6.690000000000000e+00	-6.385978513151000e-06	-3.121792339021000e-02	5.376923013264000e-04
6.691000000000000e+00	-1.247108173051000e-04	-3.111328132412000e-02	5.368652764101000e-04
6.692000000000000e+00	-2.430356560972000e-04	-3.100863925803000e-02	5.360382514938000e-04
6.693000000000000e+00	-3.260989613085000e-04	-3.085511873104000e-02	5.346488498807000e-04
6.694000000000000e+00	-3.739007337039000e-04	-3.065271974423000e-02	5.326970715828000e-04
6.695000000000000e+00	-4.217025055596000e-04	-3.045032075689000e-02	5.307452932850000e-04
6.696000000000000e+00	-3.699621343288000e-04	-3.015064779833000e-02	5.287886563949000e-04
6.697000000000000e+00	-3.182217630979000e-04	-2.985097483978000e-02	5.268320195048000e-04
6.698000000000000e+00	-2.313663525478000e-04	-2.950328714874000e-02	5.254339087239000e-04
6.699000000000000e+00	-1.093959034401000e-04	-2.910758472626000e-02	5.245943240399000e-04
6.700000000000000e+00	1.257454566652000e-05	-2.871188230328000e-02	5.237547393646000e-04
6.701000000000000e+00	1.343312616708000e-04	-2.822279488029000e-02	5.244991746365000e-04
6.702000000000000e+00	2.560879776749000e-04	-2.773370745731000e-02	5.252436099085000e-04
6.703000000000000e+00	3.425861574769000e-04	-2.720007401534000e-02	5.265495903678000e-04
6.704000000000000e+00	3.938258018412000e-04	-2.662189455537000e-02	5.284171160024000e-04
6.705000000000000e+00	4.450654456659000e-04	-2.604371509494000e-02	5.302846416369000e-04
6.706000000000000e+00	3.967846214719000e-04	-2.538208439958000e-02	5.321570267936000e-04
6.707000000000000e+00	3.485037972780000e-04	-2.472045370423000e-02	5.340294119503000e-04
6.708000000000000e+00	2.650836197623000e-04	-2.402024632333000e-02	5.353441050364000e-04
6.709000000000000e+00	1.465240896870000e-04	-2.328146225773000e-02	5.361011060639000e-04
6.710000000000000e+00	2.796455961190000e-05	-2.254267819175000e-02	5.368581070829000e-04
6.711000000000000e+00	-9.056023947829000e-05	-2.173299907815000e-02	5.360334460088000e-04
6.712000000000000e+00	-2.090850385684000e-04	-2.092331996456000e-02	5.352087849346000e-04
6.713000000000000e+00	-2.925051455798000e-04	-2.008114371653000e-02	5.338234109309999e-04
6.714000000000000e+00	-3.408205612737000e-04	-1.920647033477000e-02	5.318773240101000e-04
6.715000000000000e+00	-3.891359764300000e-04	-1.833179695268000e-02	5.299312370891000e-04
6.716000000000000e+00	-3.383040952438000e-04	-1.739789281406000e-02	5.279802834297000e-04
6.717000000000000e+00	-2.874722140576000e-04	-1.646398867544000e-02	5.260293297704000e-04
6.718000000000000e+00	-2.016760254684000e-04	-1.550358243948000e-02	5.246352276729000e-04
6.719000000000000e+00	-8.091553023439000e-05	-1.451667410676000e-02	5.237979771253001e-04
6.720000000000000e+00	3.984496499786000e-05	-1.352976577379000e-02	5.229607265862000e-04
6.721000000000000e+00	1.603067801704000e-04	-1.249714022096000e-02	5.237027566265000e-04
6.722000000000000e+00	2.807685953429000e-04	-1.146451466814000e-02	5.244447866667999e-04
6.723000000000000e+00	3.660377049849000e-04	-1.041330984896000e-02	5.257466772626000e-04
6.724000000000000e+00	4.161141098598000e-04	-9.343525763831999e-03	5.276084284019000e-04
6.725000000000000e+00	4.661905141963000e-04	-8.273741678554001e-03	5.294701795411000e-04
6.726000000000000e+00	4.169722283142000e-04	-7.176296109979000e-03	5.313367446812000e-04
6.727000000000000e+00	3.677539424322000e-04	-6.078850541403000e-03	5.332033098213000e-04
6.728000000000000e+00	2.834698075524000e-04	-4.972432372047000e-03	5.345138255719000e-04
6.729000000000000e+00	1.641198244353000e-04	-3.857041602105000e-03	5.352682919450000e-04
6.730000000000000e+00	4.476984131813000e-05	-2.741650832115000e-03	5.360227583095000e-04
6.731000000000000e+00	-7.459887699628001e-05	-1.617528849362000e-03	5.352002420811000e-04
6.732000000000000e+00	-1.939675953108000e-04	-4.934068666084000e-04	5.343777258528000e-04
6.733000000000000e+00	-2.783581211167000e-04	6.308950819194000e-04	5.329961633820000e-04
6.734000000000000e+00	-3.277704551725000e-04	1.755376996216000e-03	5.310555546809000e-04
6.735000000000000e+00	-3.771827886926000e-04	2.879858910474000e-03	5.291149459798000e-04
6.736000000000000e+00	-3.277771989491000e-04	3.996972101173000e-03	5.271695213234000e-04
6.737000000000000e+00	-2.783716092055000e-04	5.114085291872000e-03	5.252240966671000e-04
6.738000000000000e+00	-1.941178910935000e-04	6.223679617828000e-03	5.238339070584000e-04
6.739000000000000e+00	-7.501604536888000e-05	7.325755079200000e-03	5.229989524855000e-04
6.740000000000000e+00	4.408580035417000e-05	8.427830540448000e-03	5.221639979210000e-04
6.741000000000000e+00	1.628759130553000e-04	9.506674791063000e-03	5.229037346455001e-04
6.742000000000000e+00	2.816660257563000e-04	1.058551904168000e-02	5.236434713699000e-04
6.743000000000000e+00	3.653664814450000e-04	1.164828700971000e-02	5.249414549084000e-04
6.744000000000000e+00	4.139772808820000e-04	1.269497869550000e-02	5.267976852490000e-04
6.745000000000000e+00	4.625880797824000e-04	1.374167038107000e-02	5.286539155896000e-04
6.746000000000000e+00	4.122071640389000e-04	1.474689568657000e-02	5.305150025206000e-04
6.747000000000000e+00	3.618262482955000e-04	1.575212099208000e-02	5.323760894516000e-04
6.748000000000000e+00	2.764930648416000e-04	1.673211786592000e-02	5.336827712674000e-04
6.749000000000000e+00	1.562076144354000e-04	1.768688630865000e-02	5.344350479801000e-04
6.750000000000000e+00	3.592216402937000e-05	1.864165475106000e-02	5.351873246842000e-04
6.751000000000000e+00	-8.435278077931000e-05	1.953801313014000e-02	5.343672107069000e-04
6.752000000000000e+00	-2.046277255879000e-04	2.043437150921000e-02	5.335470967297000e-04
6.753000000000000e+00	-2.900089933575000e-04	2.129823177826000e-02	5.321695246212000e-04
6.754000000000000e+00	-3.404965848449000e-04	2.212959393797000e-02	5.302344943935000e-04
6.755000000000000e+00	-3.909841757978000e-04	2.296095609730000e-02	5.282994641658000e-04
6.756000000000000e+00	-3.428999639034000e-04	2.372188965894000e-02	5.263594830643000e-04
6.757000000000000e+00	-2.948157520089000e-04	2.448282322057000e-02	5.244195019628000e-04
6.758000000000000e+00	-2.119593346113000e-04	2.520610364621000e-02	5.230330565970999e-04
6.759000000000000e+00	-9.433071246438000e-05	2.589173093667000e-02	5.222001469550000e-04
6.760000000000000e+00	2.329790968095000e-05	2.657735822669000e-02	5.213672373215000e-04
6.761000000000000e+00	1.406781952040000e-04	2.718275215454000e-02	5.221043282643000e-04
6.762000000000000e+00	2.580584807269000e-04	2.778814608238000e-02	5.228414192071000e-04
6.763000000000000e+00	3.404882694222000e-04	2.835082094525000e-02	5.241351398191000e-04
6.764000000000000e+00	3.879675620482000e-04	2.887077674408000e-02	5.259854900883000e-04
6.765000000000000e+00	4.354468541393000e-04	2.939073254242000e-02	5.278358403575000e-04
6.766000000000000e+00	3.843063004803000e-04	2.982007320465000e-02	5.296911893961000e-04
6.767000000000000e+00	3.331657468213000e-04	3.024941386689000e-02	5.315465384346000e-04
6.768000000000000e+00	2.472199509259000e-04	3.063121304025000e-02	5.328492252342000e-04
6.769000000000000e+00	1.264689135489000e-04	3.096547072576000e-02	5.335992498068000e-04
6.770000000000000e+00	5.717876172408000e-06	3.129972841075000e-02	5.343492743710000e-04
6.771000000000000e+00	-1.149276234015000e-04	3.153582099478000e-02	5.335317659694000e-04
6.772000000000000e+00	-2.355731229756000e-04	3.177191357882000e-02	5.327142575678999e-04
6.773000000000000e+00	-3.213771842115000e-04	3.195822078511000e-02	5.313410231278000e-04
6.774000000000000e+00	-3.723398078651000e-04	3.209474261473000e-02	5.294120626613000e-04
6.775000000000000e+00	-4.233024309852000e-04	3.223126444381000e-02	5.274831021947000e-04
6.776000000000000e+00	-3.758773487676000e-04	3.226823321806000e-02	5.255493086883000e-04
6.777000000000000e+00	-3.284522665500000e-04	3.230520199232000e-02	5.236155151819000e-04
6.778000000000000e+00	-2.463021494148000e-04	3.229279480134000e-02	5.222336381948001e-04
6.779000000000000e+00	-1.294269981152000e-04	3.223101164621000e-02	5.214036777148000e-04
6.780000000000000e+00	-1.255184681629000e-05	3.216922849055000e-02	5.205737172433000e-04
6.781000000000000e+00	1.041894224504000e-04	3.200963118035000e-02	5.213090909908000e-04
6.782000000000000e+00	2.209306917170000e-04	3.185003387015000e-02	5.220444647383000e-04
6.783000000000000e+00	3.028823206581000e-04	3.164192994734000e-02	5.233347872850000e-04
6.784000000000000e+00	3.500443100281000e-04	3.138531941297000e-02	5.251800586191000e-04
6.785000000000000e+00	3.972062988656000e-04	3.112870887808000e-02	5.270253299532000e-04
6.786000000000000e+00	3.461557513171000e-04	3.077600672230000e-02	5.288754814293000e-04
6.787000000000000e+00	2.951052037688000e-04	3.042330456651000e-02	5.307256329055000e-04
6.788000000000000e+00	2.094103727392000e-04	3.002339356048000e-02	5.320246928678000e-04
6.789000000000000e+00	8.907125898011000e-05	2.957627370521000e-02	5.327726613283000e-04
6.790000000000000e+00	-3.126785477773000e-05	2.912915384946000e-02	5.335206297803000e-04
6.791000000000000e+00	-1.513856128106000e-04	2.859066898339000e-02	5.327055630761000e-04
6.792000000000000e+00	-2.715033708433000e-04	2.805218411733000e-02	5.318904963718000e-04
6.793000000000000e+00	-3.568250139711000e-04	2.747035338302000e-02	5.305212812319000e-04
6.794000000000000e+00	-4.073505429485000e-04	2.684517678139000e-02	5.285979176684000e-04
6.795000000000000e+00	-4.578760713934000e-04	2.622000017934000e-02	5.266745541049000e-04
6.796000000000000e+00	-4.101914900892000e-04	2.551412565202000e-02	5.247462644091000e-04
6.797000000000000e+00	-3.625069087849000e-04	2.480825112470000e-02	5.228179747132000e-04
6.798000000000000e+00	-2.801451760242000e-04	2.406534233344000e-02	5.214399349059000e-04
6.799000000000000e+00	-1.631062925590000e-04	2.328539927903000e-02	5.206121449752000e-04
6.800000000000000e+00	-4.606740909408000e-05	2.250545622426000e-02	5.197843550529000e-04
6.801000000000000e+00	7.094235253512999e-05	2.165801898692000e-02	5.205172451242000e-04
6.802000000000000e+00	1.879521141643000e-04	2.081058174958000e-02	5.212501351956000e-04
6.803000000000000e+00	2.703242565957000e-04	1.993249858491000e-02	5.225363402121000e-04
6.804000000000000e+00	3.180587805805000e-04	1.902376949357000e-02	5.243758601615000e-04
6.805000000000000e+00	3.657933040348000e-04	1.811504040194000e-02	5.262153801110999e-04
6.806000000000000e+00	3.156978982330000e-04	1.715106409820000e-02	5.280598106770000e-04
6.807000000000000e+00	2.656024924312000e-04	1.618708779446000e-02	5.299042412429000e-04
6.808000000000000e+00	1.810085116925000e-04	1.519872613174000e-02	5.311992436844000e-04
6.809000000000000e+00	6.191595676487000e-05	1.418597911059000e-02	5.319448180135001e-04
6.810000000000000e+00	-5.717659816112000e-05	1.317323208921000e-02	5.326903923341000e-04
6.811000000000000e+00	-1.759672971599000e-04	1.211920955591000e-02	5.318776410877000e-04
6.812000000000000e+00	-2.947579961588000e-04	1.106518702261000e-02	5.310648898413000e-04
6.813000000000000e+00	-3.788178078472000e-04	9.994886769738000e-03	5.296996831919999e-04
6.814000000000000e+00	-4.281467329784000e-04	8.908308797637000e-03	5.277820211517000e-04
6.815000000000000e+00	-4.774756575782000e-04	7.821730825412000e-03	5.258643591114000e-04
6.816000000000000e+00	-4.288167214930000e-04	6.712211305043000e-03	5.239419138277000e-04
6.817000000000000e+00	-3.801577854079000e-04	5.602691784674000e-03	5.220194685440000e-04
6.818000000000000e+00	-2.968946668454000e-04	4.486599596100000e-03	5.206457144846000e-04
6.819000000000000e+00	-1.790273665561000e-04	3.363934739466000e-03	5.198206516375000e-04
6.820000000000000e+00	-6.116006626668000e-05	2.241269882809000e-03	5.189955887989000e-04
6.821000000000000e+00	5.672673502623000e-05	1.114724587964000e-03	5.197267150125000e-04
6.822000000000000e+00	1.746135363192000e-04	-1.182070688248000e-05	5.204578412260000e-04
6.823000000000000e+00	2.579837783321000e-04	-1.136108085019000e-03	5.217406894137000e-04
6.824000000000000e+00	3.068374618134000e-04	-2.258137546494000e-03	5.235752595636000e-04
6.825000000000000e+00	3.556911447660000e-04	-3.380167007904000e-03	5.254098297135000e-04
6.826000000000000e+00	3.070306524293000e-04	-4.489956667827000e-03	5.272493289585000e-04
6.827000000000000e+00	2.583701600927000e-04	-5.599746327749000e-03	5.290888282035000e-04
6.828000000000000e+00	1.753215082226000e-04	-6.699603014817000e-03	5.303805157410000e-04
6.829000000000000e+00	5.788469756489000e-05	-7.789526729244000e-03	5.311243915828000e-04
6.830000000000000e+00	-5.955211309120000e-05	-8.879450443521000e-03	5.318682674162000e-04
6.831000000000000e+00	-1.766798368476000e-04	-9.941403941208999e-03	5.310583845399000e-04
6.832000000000000e+00	-2.938075606039000e-04	-1.100335743890000e-02	5.302485016637000e-04
6.833000000000000e+00	-3.763073235317000e-04	-1.204693433534000e-02	5.288877817431000e-04
6.834000000000000e+00	-4.241791263822000e-04	-1.307213463093000e-02	5.269762247902000e-04
6.835000000000000e+00	-4.720509287029000e-04	-1.409733492627000e-02	5.250646678372000e-04
6.836000000000000e+00	-4.222345813585000e-04	-1.507665111340000e-02	5.231483493445000e-04
6.837000000000000e+00	-3.724182340141000e-04	-1.605596730053000e-02	5.212320308517000e-04
6.838000000000000e+00	-2.881104732878000e-04	-1.700795495185000e-02	5.198628057496000e-04
6.839000000000000e+00	-1.693112999276000e-04	-1.793261406795000e-02	5.190406740262000e-04
6.840000000000000e+00	-5.051212656764000e-05	-1.885727318372000e-02	5.182185423112000e-04
6.841000000000000e+00	6.827369374374000e-05	-1.971956397606000e-02	5.189480646585000e-04
6.842000000000000e+00	1.870595140551000e-04	-2.058185476841000e-02	5.196775870057000e-04
6.843000000000000e+00	2.714086033857000e-04	-2.140979881168000e-02	5.209572212747000e-04
6.844000000000000e+00	3.213209624825000e-04	-2.220339610663000e-02	5.227869674537000e-04
6.845000000000000e+00	3.712333210519000e-04	-2.299699340118000e-02	5.246167136327000e-04
6.846000000000000e+00	3.238652400606000e-04	-2.371674631270000e-02	5.264513565375000e-04
6.847000000000000e+00	2.764971590694000e-04	-2.443649922421000e-02	5.282859994424000e-04
6.848000000000000e+00	1.948113138942000e-04	-2.511704524157000e-02	5.295744053958000e-04
6.849000000000000e+00	7.880770527929000e-05	-2.575838436560000e-02	5.303165744096000e-04
6.850000000000000e+00	-3.719590333432000e-05	-2.639972348919000e-02	5.310587434150000e-04
6.851000000000000e+00	-1.529601654205000e-04	-2.695806282339000e-02	5.302516059613000e-04
6.852000000000000e+00	-2.687244275067000e-04	-2.751640215760000e-02	5.294444685076000e-04
6.853000000000000e+00	-3.500004462980000e-04	-2.803082658205000e-02	5.280880472248000e-04
6.854000000000000e+00	-3.967882225426000e-04	-2.850133609769000e-02	5.261823421249000e-04
6.855000000000000e+00	-4.435759982594000e-04	-2.897184561283000e-02	5.242766370250000e-04
6.856000000000000e+00	-3.930458822599000e-04	-2.934975026003000e-02	5.223660674961999e-04
6.857000000000000e+00	-3.425157662603000e-04	-2.972765490724000e-02	5.204554979674000e-04
6.858000000000000e+00	-2.576410342511000e-04	-3.005723200131000e-02	5.190903734467000e-04
6.859000000000000e+00	-1.384216869774000e-04	-3.033848154330000e-02	5.182706939223000e-04
6.860000000000000e+00	-1.920233970421000e-05	-3.061973108475000e-02	5.174510144063000e-04
6.861000000000000e+00	9.990510744548000e-05	-3.080166495958000e-02	5.181783854097000e-04
6.862000000000000e+00	2.190125545953000e-04	-3.098359883441000e-02	5.189057564130000e-04
6.863000000000000e+00	3.037317744537000e-04	-3.111538142067000e-02	5.201816117592000e-04
6.864000000000000e+00	3.540627677666000e-04	-3.119701271944000e-02	5.220059514364000e-04
6.865000000000000e+00	4.043937605531000e-04	-3.127864401768000e-02	5.238302911137000e-04
6.866000000000000e+00	3.576198729615000e-04	-3.126040657556000e-02	5.256594908765000e-04
6.867000000000000e+00	3.108459853700000e-04	-3.124216913344000e-02	5.274886906393999e-04
6.868000000000000e+00	2.297987230327000e-04	-3.117460721965000e-02	5.287732403277000e-04
6.869000000000000e+00	1.144780866932000e-04	-3.105772083527000e-02	5.295131399534000e-04
6.870000000000000e+00	-8.425496457266000e-07	-3.094083445037000e-02	5.302530395706000e-04
6.871000000000000e+00	-1.160381233145000e-04	-3.072666321799000e-02	5.294481365015000e-04
6.872000000000000e+00	-2.312336969831000e-04	-3.051249198561000e-02	5.286432334325000e-04
6.873000000000000e+00	-3.120990567462000e-04	-3.025029584054000e-02	5.272906374687000e-04
6.874000000000000e+00	-3.586342033483000e-04	-2.994007478383000e-02	5.253903486222000e-04
6.875000000000000e+00	-4.051693494247000e-04	-2.962985372661000e-02	5.234900597756000e-04
6.876000000000000e+00	-3.547859945147000e-04	-2.922493943208000e-02	5.215848934241000e-04
6.877000000000000e+00	-3.044026396048000e-04	-2.882002513755000e-02	5.196797270726000e-04
6.878000000000000e+00	-2.198327361762000e-04	-2.836881322812000e-02	5.183184011320000e-04
6.879000000000000e+00	-1.010762849706000e-04	-2.787130370477000e-02	5.175009155904000e-04
6.880000000000000e+00	1.768016623370000e-05	-2.737379418095000e-02	5.166834300572000e-04
6.881000000000000e+00	1.362094651675000e-04	-2.678714361795000e-02	5.174084577062000e-04
6.882000000000000e+00	2.547387641012000e-04	-2.620049305495000e-02	5.181334853552000e-04
6.883000000000000e+00	3.389228308015000e-04	-2.557179476396000e-02	5.194053857570000e-04
6.884000000000000e+00	3.887616660135000e-04	-2.490104874591000e-02	5.212241588996000e-04
6.885000000000000e+00	4.386005006998000e-04	-2.423030272744000e-02	5.230429320423000e-04
6.886000000000000e+00	3.915052266999000e-04	-2.348179873024000e-02	5.248665281541000e-04
6.887000000000000e+00	3.444099527001000e-04	-2.273329473304000e-02	5.266901242660000e-04
6.888000000000000e+00	2.630868661301000e-04	-2.194938678436000e-02	5.279706502120000e-04
6.889000000000000e+00	1.475359677322000e-04	-2.113007488495000e-02	5.287081060040000e-04
6.890000000000000e+00	3.198506933442000e-05	-2.031076298520000e-02	5.294455617877000e-04
6.891000000000000e+00	-8.354482888344999e-05	-1.942752104301000e-02	5.286427212741000e-04
6.892000000000000e+00	-1.990747271014000e-04	-1.854427910083000e-02	5.278398807605000e-04
6.893000000000000e+00	-2.804233020619000e-04	-1.763231701190000e-02	5.264909616899000e-04
6.894000000000000e+00	-3.275905545065000e-04	-1.669163477686000e-02	5.245959640742000e-04
6.895000000000000e+00	-3.747578064277000e-04	-1.575095254155000e-02	5.227009664585000e-04
6.896000000000000e+00	-3.253800561603000e-04	-1.475914027813000e-02	5.208011797868000e-04
6.897000000000000e+00	-2.760023058930000e-04	-1.376732801470000e-02	5.189013931151000e-04
6.898000000000000e+00	-1.925797078985000e-04	-1.275330569733000e-02	5.175439127311999e-04
6.899000000000000e+00	-7.511226291539000e-05	-1.171707332650000e-02	5.167287386232000e-04
6.900000000000000e+00	4.235518206613000e-05	-1.068084095546000e-02	5.159135645235000e-04
6.901000000000000e+00	1.595191259699000e-04	-9.607874776147000e-03	5.166365079032000e-04
6.902000000000000e+00	2.766830698737000e-04	-8.534908596833000e-03	5.173594512828000e-04
6.903000000000000e+00	3.595671713295000e-04	-7.448007464493000e-03	5.186277026324000e-04
6.904000000000000e+00	4.081714310808000e-04	-6.347171379429000e-03	5.204412619400000e-04
6.905000000000000e+00	4.567756903078000e-04	-5.246335294266000e-03	5.222548212477000e-04
6.906000000000000e+00	4.086673427102000e-04	-4.127342068039000e-03	5.240731725672000e-04
6.907000000000000e+00	3.605589951127000e-04	-3.008348841812000e-03	5.258915238867000e-04
6.908000000000000e+00	2.782967518002000e-04	-1.885205862034000e-03	5.271683376154000e-04
6.909000000000000e+00	1.618806135133000e-04	-7.579131287964000e-04	5.279036137651000e-04
6.910000000000000e+00	4.546447522631000e-05	3.693796044364000e-04	5.286388899064999e-04
6.911000000000000e+00	-7.097244006731000e-05	1.495675198198000e-03	5.278382004999000e-04
6.912000000000000e+00	-1.874093553608000e-04	2.621970791959000e-03	5.270375110933000e-04
6.913000000000000e+00	-2.697804301962000e-04	3.743567067872000e-03	5.256922530314000e-04
6.914000000000000e+00	-3.180856653120000e-04	4.860464026040000e-03	5.238024263262000e-04
6.915000000000000e+00	-3.663908999059000e-04	5.977360984115000e-03	5.219125996209001e-04
6.916000000000000e+00	-3.184547758397000e-04	7.077160128601000e-03	5.200178905414000e-04
6.917000000000000e+00	-2.705186517735000e-04	8.176959273085000e-03	5.181231814618000e-04
6.918000000000000e+00	-1.886436376779000e-04	9.264427879438999e-03	5.167691942663000e-04
6.919000000000000e+00	-7.282973428896000e-05	1.033956594793000e-02	5.159559289431000e-04
6.920000000000000e+00	4.298416909818000e-05	1.141470401624000e-02	5.151426636282000e-04
6.921000000000000e+00	1.584905888620000e-04	1.245718546157000e-02	5.158631332870000e-04
6.922000000000000e+00	2.739970086258000e-04	1.349966690690000e-02	5.165836029458000e-04
6.923000000000000e+00	3.553256939084000e-04	1.452150709970000e-02	5.178478811723000e-04
6.924000000000000e+00	4.024766454509000e-04	1.552270604040000e-02	5.196559679549000e-04
6.925000000000000e+00	4.496275964708000e-04	1.652390498083000e-02	5.214640547375000e-04
6.926000000000000e+00	4.003628701911000e-04	1.747489132019000e-02	5.232771275471000e-04
6.927000000000000e+00	3.510981439115000e-04	1.842587765955000e-02	5.250902003567000e-04
6.928000000000000e+00	2.677926565631000e-04	1.934748856309000e-02	5.263634063722000e-04
6.929000000000000e+00	1.504464088842000e-04	2.023972403145000e-02	5.270967456052000e-04
6.930000000000000e+00	3.310016120543000e-05	2.113195949944000e-02	5.278300848298001e-04
6.931000000000000e+00	-8.422683672560000e-05	2.195799136502000e-02	5.270320652039999e-04
6.932000000000000e+00	-2.015538346567000e-04	2.278402323060000e-02	5.262340455781999e-04
6.933000000000000e+00	-2.848882752483000e-04	2.357392918510000e-02	5.248930791642000e-04
6.934000000000000e+00	-3.342301592376000e-04	2.432770922930000e-02	5.230091659739000e-04
6.935000000000000e+00	-3.835720427063000e-04	2.508148927308000e-02	5.211252527835000e-04
6.936000000000000e+00	-3.368910689936000e-04	2.575816327958000e-02	5.192364928302000e-04
6.937000000000000e+00	-2.902100952809000e-04	2.643483728608000e-02	5.173477328769000e-04
6.938000000000000e+00	-2.096544312050000e-04	2.707083472454000e-02	5.159981134959000e-04
6.939000000000000e+00	-9.522407750050000e-05	2.766615559582000e-02	5.151876346754000e-04
6.940000000000000e+00	1.920627620276000e-05	2.826147646665000e-02	5.143771558633000e-04
6.941000000000000e+00	1.334049547157000e-04	2.877121183213000e-02	5.150959058073000e-04
6.942000000000000e+00	2.476036332286000e-04	2.928094719761000e-02	5.158146557513000e-04
6.943000000000000e+00	3.277641073449000e-04	2.974566757696000e-02	5.170755962648000e-04
6.944000000000000e+00	3.738863778025000e-04	3.016537297115000e-02	5.188787273360000e-04
6.945000000000000e+00	4.200086477393000e-04	3.058507836482000e-02	5.206818584072000e-04
6.946000000000000e+00	3.700818602756000e-04	3.091038978496000e-02	5.224898574941000e-04
6.947000000000000e+00	3.201550728118000e-04	3.123570120509000e-02	5.242978565810000e-04
6.948000000000000e+00	2.363331484460000e-04	3.151200306815000e-02	5.255674931497000e-04
6.949000000000000e+00	1.186160879136000e-04	3.173929537521000e-02	5.262987672118000e-04
6.950000000000000e+00	8.990273815859000e-07	3.196658768172000e-02	5.270300412657000e-04
6.951000000000000e+00	-1.166980255244000e-04	3.209362794934000e-02	5.262342659768000e-04
6.952000000000000e+00	-2.342950784302000e-04	3.222066821695000e-02	5.254384906880000e-04
6.953000000000000e+00	-3.179446367314000e-04	3.229730074122000e-02	5.241012828270000e-04
6.954000000000000e+00	-3.676467011639000e-04	3.232352552324000e-02	5.222226424057000e-04
6.955000000000000e+00	-4.173487650767000e-04	3.234975030472000e-02	5.203440019843000e-04
6.956000000000000e+00	-3.711950107998000e-04	3.227601283234000e-02	5.184604415187000e-04
6.957000000000000e+00	-3.250412565229000e-04	3.220227535996000e-02	5.165768810532001e-04
6.958000000000000e+00	-2.450542881882000e-04	3.207937677866000e-02	5.152308784754000e-04
6.959000000000000e+00	-1.312341065297000e-04	3.190731708951000e-02	5.144224337739000e-04
6.960000000000000e+00	-1.741392487196000e-05	3.173525739983000e-02	5.136139890806000e-04
6.961000000000000e+00	9.628896049011000e-05	3.146666554113000e-02	5.143303506167000e-04
6.962000000000000e+00	2.099918458521000e-04	3.119807368243000e-02	5.150467121527000e-04
6.963000000000000e+00	2.898117758842000e-04	3.088204909135000e-02	5.163037173266000e-04
6.964000000000000e+00	3.357487513214000e-04	3.051859176893000e-02	5.181013661264000e-04
6.965000000000000e+00	3.816857262398000e-04	3.015513444600000e-02	5.198990149263000e-04
6.966000000000000e+00	3.319649860101000e-04	2.969859886030000e-02	5.217015894920999e-04
6.967000000000000e+00	2.822442457805000e-04	2.924206327459000e-02	5.235041640578001e-04
6.968000000000000e+00	1.987833767715000e-04	2.874024655941000e-02	5.247699773968000e-04
6.969000000000000e+00	8.158237971506999e-05	2.819314871573000e-02	5.254990295207000e-04
6.970000000000000e+00	-3.561861734003000e-05	2.764605087159000e-02	5.262280816363000e-04
6.971000000000000e+00	-1.525854588116000e-04	2.701223891839000e-02	5.254345989107000e-04
6.972000000000000e+00	-2.695523002832000e-04	2.637842696519000e-02	5.246411161850001e-04
6.973000000000000e+00	-3.526127154247000e-04	2.570396249373000e-02	5.233078198558999e-04
6.974000000000000e+00	-4.017667049715000e-04	2.498884550487000e-02	5.214347099349000e-04
6.975000000000000e+00	-4.509206939994000e-04	2.427372851560000e-02	5.195616000139000e-04
6.976000000000000e+00	-4.043839981223000e-04	2.348397754168000e-02	5.176836974211000e-04
6.977000000000000e+00	-3.578473022451000e-04	2.269422656776000e-02	5.158057948284000e-04
6.978000000000000e+00	-2.775214629564000e-04	2.187078823815000e-02	5.144639518449000e-04
6.979000000000000e+00	-1.634064809888000e-04	2.101366255358000e-02	5.136581684589000e-04
6.980000000000000e+00	-4.929149902122000e-05	2.015653686868000e-02	5.128523850811999e-04
6.981000000000000e+00	6.480746615793000e-05	1.923920484938000e-02	5.135670948094000e-04
6.982000000000000e+00	1.789064313372000e-04	1.832187283007000e-02	5.142818045375000e-04
6.983000000000000e+00	2.592670827708000e-04	1.737781896339000e-02	5.155356253579000e-04
6.984000000000000e+00	3.058894211907000e-04	1.640704324992000e-02	5.173285572587000e-04
6.985000000000000e+00	3.525117590937000e-04	1.543626753620000e-02	5.191214891596000e-04
6.986000000000000e+00	3.038388786233000e-04	1.441860811599000e-02	5.209193489497000e-04
6.987000000000000e+00	2.551659981529000e-04	1.340094869579000e-02	5.227172087398000e-04
6.988000000000000e+00	1.728902035816000e-04	1.236331061088000e-02	5.239798478732000e-04
6.989000000000000e+00	5.701149563852000e-05	1.130569386171000e-02	5.247072663616000e-04
6.990000000000000e+00	-5.886721230305000e-05	1.024807711236000e-02	5.254346848418000e-04
6.991000000000000e+00	-1.744391139501000e-04	9.158362715660000e-03	5.246439318005000e-04
6.992000000000000e+00	-2.900110155970000e-04	8.068648318956000e-03	5.238531787593000e-04
6.993000000000000e+00	-3.717410528609000e-04	6.967379855776000e-03	5.225241608255000e-04
6.994000000000000e+00	-4.196292264757000e-04	5.854557326373000e-03	5.206568780110000e-04
6.995000000000000e+00	-4.675173995729000e-04	4.741734796896000e-03	5.187895951963000e-04
6.996000000000000e+00	-4.199325225101000e-04	3.615597138742000e-03	5.169175463898000e-04
6.997000000000000e+00	-3.723476454473000e-04	2.489459480590000e-03	5.150454975833000e-04
6.998000000000000e+00	-2.910467901549000e-04	1.361614249822000e-03	5.137079833037000e-04
6.999000000000000e+00	-1.760299573641000e-04	2.320614464756000e-04	5.129050035394000e-04
7.000000000000000e+00	-6.101312457331000e-05	-8.974913568375000e-04	5.121020237833000e-04
7.001000000000000e+00	5.402519960355000e-05	-2.021150445256000e-03	5.128152021429000e-04
7.002000000000000e+00	1.690635237803000e-04	-3.144809533674000e-03	5.135283805025000e-04
7.003000000000000e+00	2.504738327853000e-04	-4.261328362227000e-03	5.147791280078000e-04
7.004000000000000e+00	2.982561273477000e-04	-5.370706931069000e-03	5.165674446472000e-04
7.005000000000000e+00	3.460384213949000e-04	-6.480085499791000e-03	5.183557612866000e-04
7.006000000000000e+00	2.988155702159000e-04	-7.567529228856000e-03	5.201489646405000e-04
7.007000000000000e+00	2.515927190369000e-04	-8.654972957921000e-03	5.219421679944000e-04
7.008000000000000e+00	1.708667441785000e-04	-9.727709021318000e-03	5.232016504064000e-04
7.009000000000000e+00	5.663764636726000e-05	-1.078573741937000e-02	5.239274118880000e-04
7.010000000000000e+00	-5.759145144224000e-05	-1.184376581722000e-02	5.246531733614000e-04
7.011000000000000e+00	-1.715173961446000e-04	-1.286451145261000e-02	5.238650111999000e-04
7.012000000000000e+00	-2.854433408469000e-04	-1.388525708801000e-02	5.230768490383999e-04
7.013000000000000e+00	-3.656306963715000e-04	-1.488313629886000e-02	5.217519057499000e-04
7.014000000000000e+00	-4.120794634503000e-04	-1.585814908568000e-02	5.198901813459000e-04
7.015000000000000e+00	-4.585282300129000e-04	-1.683316187221000e-02	5.180284569420000e-04
7.016000000000000e+00	-4.098003520687000e-04	-1.775373047016000e-02	5.161618728578000e-04
7.017000000000000e+00	-3.610724741245000e-04	-1.867429906810000e-02	5.142952887736000e-04
7.018000000000000e+00	-2.787420138026000e-04	-1.956350241231000e-02	5.129616680595000e-04
7.019000000000000e+00	-1.628089718318000e-04	-2.042134050345000e-02	5.121610107039000e-04
7.020000000000000e+00	-4.687592986104000e-05	-2.127917859421000e-02	5.113603533566000e-04
7.021000000000000e+00	6.903403182673000e-05	-2.206710858218000e-02	5.120714633781000e-04
7.022000000000000e+00	1.849439935146000e-04	-2.285503857015000e-02	5.127825733996000e-04
7.023000000000000e+00	2.672948056999000e-04	-2.360513682034000e-02	5.140297003044000e-04
7.024000000000000e+00	3.160864691104000e-04	-2.431740333359000e-02	5.158128440809001e-04
7.025000000000000e+00	3.648781320069000e-04	-2.502966984640000e-02	5.175959878575000e-04
7.026000000000000e+00	3.188726005673000e-04	-2.566173027414000e-02	5.193839861143000e-04
7.027000000000000e+00	2.728670691276000e-04	-2.629379070188000e-02	5.211719843712000e-04
7.028000000000000e+00	1.934184034545000e-04	-2.688379251665000e-02	5.224277782196000e-04
7.029000000000000e+00	8.052660427353000e-05	-2.743173571937000e-02	5.231513676711000e-04
7.030000000000000e+00	-3.236519490633000e-05	-2.797967892160000e-02	5.238749571145000e-04
7.031000000000000e+00	-1.450331484374000e-04	-2.843963822863000e-02	5.230889262866001e-04
7.032000000000000e+00	-2.577011019685000e-04	-2.889959753566000e-02	5.223028954586001e-04
7.033000000000000e+00	-3.367692656632000e-04	-2.931354060759000e-02	5.209816041491000e-04
7.034000000000000e+00	-3.822376402501000e-04	-2.968146744543000e-02	5.191250523695000e-04
7.035000000000000e+00	-4.277060143231000e-04	-3.004939428276000e-02	5.172685005900000e-04
7.036000000000000e+00	-3.783607201776000e-04	-3.032134430863000e-02	5.154070791761999e-04
7.037000000000000e+00	-3.290154260322000e-04	-3.059329433451000e-02	5.135456577625000e-04
7.038000000000000e+00	-2.462122574145000e-04	-3.081565945244000e-02	5.122156681802000e-04
7.039000000000000e+00	-1.299512150503000e-04	-3.098843966351000e-02	5.114171104178000e-04
7.040000000000000e+00	-1.369017268684000e-05	-3.116121987402000e-02	5.106185526636000e-04
7.041000000000000e+00	1.024441689041000e-04	-3.123303057736000e-02	5.113274293362000e-04
7.042000000000000e+00	2.185785104950000e-04	-3.130484128070000e-02	5.120363060089000e-04
7.043000000000000e+00	3.011949387459000e-04	-3.132609932260000e-02	5.132796597326000e-04
7.044000000000000e+00	3.502934543838000e-04	-3.129680470414000e-02	5.150574904957000e-04
7.045000000000000e+00	3.993919695084000e-04	-3.126751008515000e-02	5.168353212589000e-04
7.046000000000000e+00	3.538506345311000e-04	-3.113838536709000e-02	5.186179679817000e-04
7.047000000000000e+00	3.083092995537000e-04	-3.100926064904000e-02	5.204006147045000e-04
7.048000000000000e+00	2.293624411441000e-04	-3.083125141017000e-02	5.216525637795000e-04
7.049000000000000e+00	1.170100600264000e-04	-3.060435765154000e-02	5.223738152182000e-04
7.050000000000000e+00	4.657678909466000e-06	-3.037746389239000e-02	5.230950666487000e-04
7.051000000000000e+00	-1.075880277878000e-04	-3.005501586242000e-02	5.223109970063000e-04
7.052000000000000e+00	-2.198337344851000e-04	-2.973256783245000e-02	5.215269273640000e-04
7.053000000000000e+00	-2.986336750876000e-04	-2.936339021563000e-02	5.202091370694000e-04
7.054000000000000e+00	-3.439878503210000e-04	-2.894748301298000e-02	5.183576261340000e-04
7.055000000000000e+00	-3.893420250422000e-04	-2.853157580983000e-02	5.165061151986000e-04
7.056000000000000e+00	-3.402685891411000e-04	-2.802442204873000e-02	5.146498173526000e-04
7.057000000000000e+00	-2.911951532399000e-04	-2.751726828763000e-02	5.127935195067000e-04
7.058000000000000e+00	-2.088165766028000e-04	-2.696595482834000e-02	5.114671892868000e-04
7.059000000000000e+00	-9.313285995186000e-05	-2.637048167183000e-02	5.106708266814001e-04
7.060000000000000e+00	2.255085669776000e-05	-2.577500851487000e-02	5.098744640843000e-04
7.061000000000000e+00	1.379950064451000e-04	-2.509544985580000e-02	5.105813445357000e-04
7.062000000000000e+00	2.534391561926000e-04	-2.441589119673000e-02	5.112882249871000e-04
7.063000000000000e+00	3.354054831646000e-04	-2.369717133557000e-02	5.125280938043000e-04
7.064000000000000e+00	3.838939880873000e-04	-2.293929027315000e-02	5.143009509759000e-04
7.065000000000000e+00	4.323824924977000e-04	-2.218140921035000e-02	5.160738081475000e-04
7.066000000000000e+00	3.863936095477000e-04	-2.135219960795000e-02	5.178514660367000e-04
7.067000000000000e+00	3.404047265976000e-04	-2.052299000555000e-02	5.196291239258000e-04
7.068000000000000e+00	2.610543982545000e-04	-1.966189425925000e-02	5.208775543748000e-04
7.069000000000000e+00	1.483426252421000e-04	-1.876891236975000e-02	5.215967573951000e-04
7.070000000000000e+00	3.563085222965000e-05	-1.787593047995000e-02	5.223159604073000e-04
7.071000000000000e+00	-7.707073012921000e-05	-1.692662138808000e-02	5.215339848725000e-04
7.072000000000000e+00	-1.897723124882000e-04	-1.597731229622000e-02	5.207520093378000e-04
7.073000000000000e+00	-2.691682982967000e-04	-1.500334968297000e-02	5.194377527468000e-04
7.074000000000000e+00	-3.152586882772000e-04	-1.400473354887000e-02	5.175912151111000e-04
7.075000000000000e+00	-3.613490777476000e-04	-1.300611741454000e-02	5.157446774753000e-04
7.076000000000000e+00	-3.133643979571000e-04	-1.196498724329000e-02	5.138932457096999e-04
7.077000000000000e+00	-2.653797181667000e-04	-1.092385707205000e-02	5.120418139440000e-04
7.078000000000000e+00	-1.842235593481000e-04	-9.865032464407000e-03	5.107188221825000e-04
7.079000000000000e+00	-6.989592222076000e-05	-8.788513420748999e-03	5.099242704139000e-04
7.080000000000000e+00	4.443171490497000e-05	-7.711994376941000e-03	5.091297186533000e-04
7.081000000000000e+00	1.584491149511000e-04	-6.608101262144000e-03	5.098341915608000e-04
7.082000000000000e+00	2.724665149972000e-04	-5.504208147347000e-03	5.105386644682000e-04
7.083000000000000e+00	3.530694700612000e-04	-4.391176252027000e-03	5.117746799193000e-04
7.084000000000000e+00	4.002579808678000e-04	-3.269005576383000e-03	5.135422379025000e-04
7.085000000000000e+00	4.474464911632000e-04	-2.146834900694000e-03	5.153097958858000e-04
7.086000000000000e+00	4.003720847320000e-04	-1.016240987624000e-03	5.170823259444000e-04
7.087000000000000e+00	3.532976783009000e-04	1.143529254452000e-04	5.188548560030001e-04
7.088000000000000e+00	2.729352194751000e-04	1.244196943506000e-03	5.200997564445000e-04
7.089000000000000e+00	1.592847089765000e-04	2.373291066575000e-03	5.208170272803000e-04
7.090000000000000e+00	4.563419847792000e-05	3.502385189584000e-03	5.215342981081000e-04
7.091000000000000e+00	-6.803675882734000e-05	4.620678223248000e-03	5.207548111981000e-04
7.092000000000000e+00	-1.817077161326000e-04	5.738971256913000e-03	5.199753242880999e-04
7.093000000000000e+00	-2.621769598913000e-04	6.847687786372000e-03	5.186651210853000e-04
7.094000000000000e+00	-3.094444908237000e-04	7.946827811835000e-03	5.168242016011000e-04
7.095000000000000e+00	-3.567120212475000e-04	9.045967837153000e-03	5.149832821169000e-04
7.096000000000000e+00	-3.101792951645000e-04	1.011836576899000e-02	5.131375354537000e-04
7.097000000000000e+00	-2.636465690814000e-04	1.119076370084000e-02	5.112917887905000e-04
7.098000000000000e+00	-1.840356640119000e-04	1.224610181790000e-02	5.099729850457000e-04
7.099000000000000e+00	-7.134658067313000e-05	1.328438012056000e-02	5.091811242079000e-04
7.100000000000000e+00	4.134250266402000e-05	1.432265842298000e-02	5.083892633782000e-04
7.101000000000000e+00	1.537323713094000e-04	1.531909738990000e-02	5.090921392399000e-04
7.102000000000000e+00	2.661222399549000e-04	1.631553635682000e-02	5.097950151017000e-04
7.103000000000000e+00	3.452017210690000e-04	1.728692789863000e-02	5.110278912694000e-04
7.104000000000000e+00	3.909708153743000e-04	1.823327201589000e-02	5.127907677316000e-04
7.105000000000000e+00	4.367399091702000e-04	1.917961613282000e-02	5.145536441939000e-04
7.106000000000000e+00	3.885411722095000e-04	2.006739068656000e-02	5.163213808980000e-04
7.107000000000000e+00	3.403424352488000e-04	2.095516524030000e-02	5.180891176022000e-04
7.108000000000000e+00	2.589690673611000e-04	2.180964634381000e-02	5.193306616057001e-04
7.109000000000000e+00	1.444210692661000e-04	2.263083399783000e-02	5.200460129202000e-04
7.110000000000000e+00	2.987307117110000e-05	2.345202165145000e-02	5.207613642265000e-04
7.111000000000000e+00	-8.464628547704000e-05	2.419973621859000e-02	5.199840759602000e-04
7.112000000000000e+00	-1.991656421253000e-04	2.494745078574000e-02	5.192067876938000e-04
7.113000000000000e+00	-2.805475785453000e-04	2.565570529285000e-02	5.179002304810000e-04
7.114000000000000e+00	-3.287920954557000e-04	2.632449974078000e-02	5.160644043331999e-04
7.115000000000000e+00	-3.770366118585000e-04	2.699329418826000e-02	5.142285781854000e-04
7.116000000000000e+00	-3.316778565182000e-04	2.757895203006000e-02	5.123878522967000e-04
7.117000000000000e+00	-2.863191011778000e-04	2.816460987186000e-02	5.105471264081000e-04
7.118000000000000e+00	-2.079378040409000e-04	2.870691843475000e-02	5.092318254463000e-04
7.119000000000000e+00	-9.653396582351000e-05	2.920587771968000e-02	5.084419494000000e-04
7.120000000000000e+00	1.486987239276000e-05	2.970483700411000e-02	5.076520733618000e-04
7.121000000000000e+00	1.260573058751000e-04	3.011360838989000e-02	5.083526845547000e-04
7.122000000000000e+00	2.372447393573000e-04	3.052237977568000e-02	5.090532957476000e-04
7.123000000000000e+00	3.152596997324000e-04	3.088423578850000e-02	5.102824117699000e-04
7.124000000000000e+00	3.601021877197000e-04	3.119917642939000e-02	5.120400326099000e-04
7.125000000000000e+00	4.049446751994000e-04	3.151411706976000e-02	5.137976534500000e-04
7.126000000000000e+00	3.561780982724000e-04	3.173171031821000e-02	5.155601501971000e-04
7.127000000000000e+00	3.074115213454000e-04	3.194930356665000e-02	5.173226469441000e-04
7.128000000000000e+00	2.256137283988000e-04	3.211684586872000e-02	5.185604635994000e-04
7.129000000000000e+00	1.107847201489000e-04	3.223433722548000e-02	5.192736001742001e-04
7.130000000000000e+00	-4.044288100183000e-06	3.235182858169000e-02	5.199867367410000e-04
7.131000000000000e+00	-1.187390886200000e-04	3.236785644433000e-02	5.192115261766000e-04
7.132000000000000e+00	-2.334338891399000e-04	3.238388430698000e-02	5.184363156123000e-04
7.133000000000000e+00	-3.150292435473000e-04	3.234932803463000e-02	5.171333818263999e-04
7.134000000000000e+00	-3.635251525602000e-04	3.226418762838000e-02	5.153027248304001e-04
7.135000000000000e+00	-4.120210610664000e-04	3.217904722160000e-02	5.134720678344000e-04
7.136000000000000e+00	-3.670627809357000e-04	3.199443762464000e-02	5.116366483197000e-04
7.137000000000000e+00	-3.221045008050000e-04	3.180982802767000e-02	5.098012288049000e-04
7.138000000000000e+00	-2.441583229803000e-04	3.157672493397000e-02	5.084898161504000e-04
7.139000000000000e+00	-1.332242481766000e-04	3.129512834457000e-02	5.077024103448000e-04
7.140000000000000e+00	-2.229017337343000e-05	3.101353175466000e-02	5.069150045472000e-04
7.141000000000000e+00	8.854536491539001e-05	3.063758582977000e-02	5.076139941330000e-04
7.142000000000000e+00	1.993809032045000e-04	3.026163990489000e-02	5.083129837188000e-04
7.143000000000000e+00	2.771956981349000e-04	2.983977912034000e-02	5.095390252434000e-04
7.144000000000000e+00	3.219897504234000e-04	2.937200347712000e-02	5.112921186954000e-04
7.145000000000000e+00	3.667838022062000e-04	2.890422783341000e-02	5.130452121475000e-04
7.146000000000000e+00	3.183478198855000e-04	2.834725466907000e-02	5.148031949274001e-04
7.147000000000000e+00	2.699118375647000e-04	2.779028150473000e-02	5.165611777073000e-04
7.148000000000000e+00	1.885946819487000e-04	2.719037495410000e-02	5.177959522607000e-04
7.149000000000000e+00	7.439635375089000e-05	2.654753501812000e-02	5.185075185990000e-04
7.150000000000000e+00	-3.980197444571000e-05	2.590469508171000e-02	5.192190849293000e-04
7.151000000000000e+00	-1.537540232116000e-04	2.518059894074000e-02	5.184464653938000e-04
7.152000000000000e+00	-2.677060719775000e-04	2.445650279978000e-02	5.176738458584000e-04
7.153000000000000e+00	-3.485968304810000e-04	2.369483191114000e-02	5.163749783097000e-04
7.154000000000000e+00	-3.964262994390000e-04	2.289558627563000e-02	5.145498627593000e-04
7.155000000000000e+00	-4.442557678912000e-04	2.209634063975000e-02	5.127247472089000e-04
7.156000000000000e+00	-3.987878358775000e-04	2.122925044987000e-02	5.108948902234000e-04
7.157000000000000e+00	-3.533199038638000e-04	2.036216025999000e-02	5.090650332379000e-04
7.158000000000000e+00	-2.749064987669000e-04	1.946506784368000e-02	5.077577280289000e-04
7.159000000000000e+00	-1.635476213016000e-04	1.853797320161000e-02	5.069729745852000e-04
7.160000000000000e+00	-5.218874383620000e-05	1.761087855924000e-02	5.061882211495001e-04
7.161000000000000e+00	5.916590120496000e-05	1.663148667529000e-02	5.068857349635000e-04
7.162000000000000e+00	1.705205462460000e-04	1.565209479133000e-02	5.075832487775000e-04
7.163000000000000e+00	2.489906263208000e-04	1.465018513370000e-02	5.088063522060000e-04
7.164000000000000e+00	2.945761421425000e-04	1.362575770287000e-02	5.105550452377000e-04
7.165000000000000e+00	3.401616574606000e-04	1.260133027184000e-02	5.123037382694000e-04
7.166000000000000e+00	2.928585147516000e-04	1.153887613509000e-02	5.140573079681000e-04
7.167000000000000e+00	2.455553720426000e-04	1.047642199834000e-02	5.158108776669000e-04
7.168000000000000e+00	1.654995538164000e-04	9.398607447799001e-03	5.170426856921000e-04
7.169000000000000e+00	5.269106078326000e-05	8.305432483811000e-03	5.177527320552000e-04
7.170000000000000e+00	-6.011743224807000e-05	7.212257519702000e-03	5.184627784102000e-04
7.171000000000000e+00	-1.726153366689000e-04	6.096512983796000e-03	5.176927211348000e-04
7.172000000000000e+00	-2.851132410898000e-04	4.980768447889000e-03	5.169226638593000e-04
7.173000000000000e+00	-3.646141678219000e-04	3.858331343440000e-03	5.156277842550000e-04
7.174000000000000e+00	-4.111181175812000e-04	2.729201670589000e-03	5.138080823333000e-04
7.175000000000000e+00	-4.576220668358000e-04	1.600071997721000e-03	5.119883804116000e-04
7.176000000000000e+00	-4.110427034500000e-04	4.674533980239000e-04	5.101638532609000e-04
7.177000000000000e+00	-3.644633400642000e-04	-6.651652016735000e-04	5.083393261103000e-04
7.178000000000000e+00	-2.850123540007000e-04	-1.794565149323000e-03	5.070358467212000e-04
7.179000000000000e+00	-1.726897459723000e-04	-2.920746444996000e-03	5.062534150824000e-04
7.180000000000000e+00	-6.036713794370000e-05	-4.046927740585000e-03	5.054709834516000e-04
7.181000000000000e+00	5.197698145732000e-05	-5.157398261365000e-03	5.061666078380000e-04
7.182000000000000e+00	1.643211008584000e-04	-6.267868782146000e-03	5.068622322243000e-04
7.183000000000000e+00	2.438800014354000e-04	-7.366335691066000e-03	5.080819515327000e-04
7.184000000000000e+00	2.906536838994000e-04	-8.452798988387000e-03	5.098257657519000e-04
7.185000000000000e+00	3.374273658611000e-04	-9.539262285537000e-03	5.115695799710000e-04
7.186000000000000e+00	2.915763286307000e-04	-1.059421513680000e-02	5.133182149510001e-04
7.187000000000000e+00	2.457252914003000e-04	-1.164916798807000e-02	5.150668499309000e-04
7.188000000000000e+00	1.672102980000000e-04	-1.268473847601000e-02	5.162951616189000e-04
7.189000000000000e+00	5.603134913828000e-05	-1.370092660106000e-02	5.170031500261000e-04
7.190000000000000e+00	-5.514759972193000e-05	-1.471711472585000e-02	5.177111384254000e-04
7.191000000000000e+00	-1.660319061678000e-04	-1.568698576641000e-02	5.169431226947000e-04
7.192000000000000e+00	-2.769162126138000e-04	-1.665685680698000e-02	5.161751069639000e-04
7.193000000000000e+00	-3.549079360922000e-04	-1.759954820143000e-02	5.148837216590000e-04
7.194000000000000e+00	-4.000070773164000e-04	-1.851505995037000e-02	5.130689667913000e-04
7.195000000000000e+00	-4.451062180374000e-04	-1.943057169896000e-02	5.112542119235000e-04
7.196000000000000e+00	-3.974160839802000e-04	-2.028350387600000e-02	5.094346333417000e-04
7.197000000000000e+00	-3.497259499230000e-04	-2.113643605303000e-02	5.076150547599000e-04
7.198000000000000e+00	-2.692780182040000e-04	-2.195421274234000e-02	5.063150697119000e-04
7.199000000000000e+00	-1.560722895338000e-04	-2.273683394469000e-02	5.055346781865000e-04
7.200000000000000e+00	-4.286656086362000e-05	-2.351945514663000e-02	5.047542866690000e-04
7.201000000000000e+00	7.030641343995000e-05	-2.422518675221000e-02	5.054478294319000e-04
7.202000000000000e+00	1.834793877434000e-04	-2.493091835779000e-02	5.061413721948000e-04
7.203000000000000e+00	2.639266798295000e-04	-2.559564346444000e-02	5.073575435234000e-04
7.204000000000000e+00	3.116482904077000e-04	-2.621936207303000e-02	5.090963434063000e-04
7.205000000000000e+00	3.593699004849000e-04	-2.684308068116000e-02	5.108351432893000e-04
7.206000000000000e+00	3.146524925023000e-04	-2.738091012895000e-02	5.125787210565000e-04
7.207000000000000e+00	2.699350845198000e-04	-2.791873957674000e-02	5.143222988236000e-04
7.208000000000000e+00	1.926046255792000e-04	-2.841202444995000e-02	5.155469800734000e-04
7.209000000000000e+00	8.266111638782000e-05	-2.886076474956000e-02	5.162527648170000e-04
7.210000000000000e+00	-2.728239280232000e-05	-2.930950504867000e-02	5.169585495526000e-04
7.211000000000000e+00	-1.370191955975000e-04	-2.966605523374000e-02	5.161923943307000e-04
7.212000000000000e+00	-2.467559983926000e-04	-3.002260541880000e-02	5.154262391089000e-04
7.213000000000000e+00	-3.237385214756000e-04	-3.033144657049000e-02	5.141381591297000e-04
7.214000000000000e+00	-3.679667655566000e-04	-3.059257868983000e-02	5.123281544046000e-04
7.215000000000000e+00	-4.121950091363000e-04	-3.085371080863000e-02	5.105181496795000e-04
7.216000000000000e+00	-3.639915921196000e-04	-3.101634323367000e-02	5.087033521090000e-04
7.217000000000000e+00	-3.157881751029000e-04	-3.117897565871000e-02	5.068885545385000e-04
7.218000000000000e+00	-2.349704855505000e-04	-3.129120306286000e-02	5.055919379180000e-04
7.219000000000000e+00	-1.215385241697000e-04	-3.135302544722000e-02	5.048135022362000e-04
7.220000000000000e+00	-8.106562789661001e-06	-3.141484783102000e-02	5.040350665624000e-04
7.221000000000000e+00	1.051833843762000e-04	-3.137494080802000e-02	5.047265679053000e-04
7.222000000000000e+00	2.184733315420000e-04	-3.133503378501000e-02	5.054180692483000e-04
7.223000000000000e+00	2.990722226252000e-04	-3.124462653510000e-02	5.066308006158000e-04
7.224000000000000e+00	3.469800583350000e-04	-3.110371905937000e-02	5.083647619966000e-04
7.225000000000000e+00	3.948878935442000e-04	-3.096281158311000e-02	5.100987233775000e-04
7.226000000000000e+00	3.504989491932000e-04	-3.072302770412000e-02	5.118375297570000e-04
7.227000000000000e+00	3.061100048422000e-04	-3.048324382513000e-02	5.135763361365000e-04
7.228000000000000e+00	2.291409428357000e-04	-3.019547306715000e-02	5.147976992451000e-04
7.229000000000000e+00	1.195917638801000e-04	-2.985971543123000e-02	5.155016190939000e-04
7.230000000000000e+00	1.004258492501000e-05	-2.952395779480000e-02	5.162055389348000e-04
7.231000000000000e+00	-9.941564043837000e-05	-2.909528423326000e-02	5.154415620107000e-04
7.232000000000000e+00	-2.088738658018000e-04	-2.866661067173000e-02	5.146775850865000e-04
7.233000000000000e+00	-2.857260841456000e-04	-2.819294880996000e-02	5.133930814071000e-04
7.234000000000000e+00	-3.299722961767000e-04	-2.767429864895000e-02	5.115880509836000e-04
7.235000000000000e+00	-3.742185077088000e-04	-2.715564848746000e-02	5.097830205601000e-04
7.236000000000000e+00	-3.264037239053000e-04	-2.655006672083000e-02	5.079730797247000e-04
7.237000000000000e+00	-2.785889401018000e-04	-2.594448495420000e-02	5.061631388894000e-04
7.238000000000000e+00	-1.983071020573000e-04	-2.529730030126000e-02	5.048698797000000e-04
7.239000000000000e+00	-8.555821047626001e-05	-2.460851276291000e-02	5.040933021454000e-04
7.240000000000000e+00	2.719068110352000e-05	-2.391972522414000e-02	5.033167245988000e-04
7.241000000000000e+00	1.396857705990000e-04	-2.315270921570000e-02	5.040059246818000e-04
7.242000000000000e+00	2.521808600944000e-04	-2.238569320726000e-02	5.046951247649000e-04
7.243000000000000e+00	3.320207167559000e-04	-2.158278252230000e-02	5.059040996708000e-04
7.244000000000000e+00	3.792053412914000e-04	-2.074397716159000e-02	5.076328493884000e-04
7.245000000000000e+00	4.263899653274000e-04	-1.990517180053000e-02	5.093615991061000e-04
7.246000000000000e+00	3.814283166852000e-04	-1.900218064625000e-02	5.110952292854000e-04
7.247000000000000e+00	3.364666680429000e-04	-1.809918949197000e-02	5.128288594647000e-04
7.248000000000000e+00	2.589656110894000e-04	-1.716816050799000e-02	5.140465352948000e-04
7.249000000000000e+00	1.489251465302000e-04	-1.620909369494000e-02	5.147482567868000e-04
7.250000000000000e+00	3.888468197113000e-05	-1.525002688163000e-02	5.154499782709000e-04
7.251000000000000e+00	-7.115653542099000e-05	-1.424283847115000e-02	5.146880228711000e-04
7.252000000000000e+00	-1.811977528130000e-04	-1.323565006068000e-02	5.139260674714000e-04
7.253000000000000e+00	-2.587647350840000e-04	-1.220814411286000e-02	5.126451132668000e-04
7.254000000000000e+00	-3.038574829381000e-04	-1.116032062814000e-02	5.108451602688000e-04
7.255000000000000e+00	-3.489502302947000e-04	-1.011249714324000e-02	5.090452072707000e-04
7.256000000000000e+00	-3.023111625043000e-04	-9.031245325509999e-03	5.072405228906000e-04
7.257000000000000e+00	-2.556720947139000e-04	-7.949993507784000e-03	5.054358385105000e-04
7.258000000000000e+00	-1.766887887931000e-04	-6.855761404779000e-03	5.041464717518000e-04
7.259000000000000e+00	-6.536124544331000e-05	-5.748549016774000e-03	5.033724226032000e-04
7.260000000000000e+00	4.596629790469000e-05	-4.641336628674000e-03	5.025983734626000e-04
7.261000000000000e+00	1.569830129194000e-04	-3.516432003329000e-03	5.032861236819000e-04
7.262000000000000e+00	2.679997279340000e-04	-2.391527377983000e-03	5.039738739011000e-04
7.263000000000000e+00	3.464268444764000e-04	-1.262402972761000e-03	5.051799667917000e-04
7.264000000000000e+00	3.922643632534000e-04	-1.290587877510000e-04	5.069044023422000e-04
7.265000000000000e+00	4.381018815319000e-04	1.004285397251000e-03	5.086288378927000e-04
7.266000000000000e+00	3.920074806426000e-04	2.136150952189000e-03	5.103580872615000e-04
7.267000000000000e+00	3.459130797533000e-04	3.268016507128000e-03	5.120873366302000e-04
7.268000000000000e+00	2.673538612932000e-04	4.394188114194000e-03	5.133020072270000e-04
7.269000000000000e+00	1.563298259664000e-04	5.514665773512000e-03	5.140020990631000e-04
7.270000000000000e+00	4.530579063957000e-05	6.635143432718000e-03	5.147021908913000e-04
7.271000000000000e+00	-6.573932808594000e-05	7.735008025164000e-03	5.139425267927000e-04
7.272000000000000e+00	-1.767844468115000e-04	8.834872617610999e-03	5.131828626940001e-04
7.273000000000000e+00	-2.554498947203000e-04	9.920320538330000e-03	5.119055738632000e-04
7.274000000000000e+00	-3.017356725145000e-04	1.099135178763000e-02	5.101106603113000e-04
7.275000000000000e+00	-3.480214498127000e-04	1.206238303674000e-02	5.083157467595000e-04
7.276000000000000e+00	-3.028280235794000e-04	1.309718428292000e-02	5.065160186842000e-04
7.277000000000000e+00	-2.576345973461000e-04	1.413198552909000e-02	5.047162906088000e-04
7.278000000000000e+00	-1.801808788456000e-04	1.514511643482000e-02	5.034304234192000e-04
7.279000000000000e+00	-7.046686877746999e-05	1.613657700056000e-02	5.026584171042000e-04
7.280000000000000e+00	3.924714128913000e-05	1.712803756603000e-02	5.018864107970000e-04
7.281000000000000e+00	1.486714587574000e-04	1.806879208376000e-02	5.025721216196000e-04
7.282000000000000e+00	2.580957762256000e-04	1.900954660148000e-02	5.032578324422000e-04
7.283000000000000e+00	3.350352682373000e-04	1.992104299373000e-02	5.044604355644000e-04
7.284000000000000e+00	3.794899354971000e-04	2.080328126114000e-02	5.061799309752000e-04
7.285000000000000e+00	4.239446022600000e-04	2.168551952819000e-02	5.078994263859000e-04
7.286000000000000e+00	3.767601788169000e-04	2.250129337826000e-02	5.096236810962000e-04
7.287000000000000e+00	3.295757553740000e-04	2.331706722834000e-02	5.113479358065000e-04
7.288000000000000e+00	2.500405224695000e-04	2.409589448949000e-02	5.125590116820000e-04
7.289000000000000e+00	1.381544808053000e-04	2.483777516251000e-02	5.132569087338000e-04
7.290000000000000e+00	2.626843914133000e-05	2.557965583510000e-02	5.139548057776000e-04
7.291000000000000e+00	-8.557997170522001e-05	2.624138807468000e-02	5.131969526327000e-04
7.292000000000000e+00	-1.974283825517000e-04	2.690312031426000e-02	5.124390994878000e-04
7.293000000000000e+00	-2.769524049589000e-04	2.752238587907000e-02	5.111650592891001e-04
7.294000000000000e+00	-3.241520396277000e-04	2.809918477003000e-02	5.093748320478000e-04
7.295000000000000e+00	-3.713516738015000e-04	2.867598366051000e-02	5.075846048064000e-04
7.296000000000000e+00	-3.272477909953000e-04	2.916432708100000e-02	5.057896527885000e-04
7.297000000000000e+00	-2.831439081891000e-04	2.965267050148000e-02	5.039947007705000e-04
7.298000000000000e+00	-2.068266738720000e-04	3.009537332164000e-02	5.027122576370001e-04
7.299000000000000e+00	-9.829608874258000e-05	3.049243554247000e-02	5.019423233768000e-04
7.300000000000000e+00	1.023449638565000e-05	3.088949776279000e-02	5.011723891246000e-04
7.301000000000000e+00	1.185666483913000e-04	3.119257678050000e-02	5.018563115432001e-04
7.302000000000000e+00	2.268988003970000e-04	3.149565579821000e-02	5.025402339619000e-04
7.303000000000000e+00	3.028838077465000e-04	3.175034104178000e-02	5.037396983417000e-04
7.304000000000000e+00	3.465216711415000e-04	3.195663251228000e-02	5.054547046715000e-04
7.305000000000000e+00	3.901595340416000e-04	3.216292398223000e-02	5.071697110013000e-04
7.306000000000000e+00	3.425126878408000e-04	3.226978813150000e-02	5.088895678712000e-04
7.307000000000000e+00	2.948658416401000e-04	3.237665228076000e-02	5.106094247411000e-04
7.308000000000000e+00	2.150109091365000e-04	3.243287221037000e-02	5.118175384937000e-04
7.309000000000000e+00	1.029478910286000e-04	3.243844792141000e-02	5.125139091399000e-04
7.310000000000000e+00	-9.115127078476001e-06	3.244402363191000e-02	5.132102797783000e-04
7.311000000000000e+00	-1.210286923324000e-04	3.234783722234000e-02	5.124549022347000e-04
7.312000000000000e+00	-2.329422575864000e-04	3.225165081277000e-02	5.116995246911000e-04
7.313000000000000e+00	-3.125627139722000e-04	3.210516561365000e-02	5.104293663146000e-04
7.314000000000000e+00	-3.598900621902000e-04	3.190838162607000e-02	5.086444271164000e-04
7.315000000000000e+00	-4.072174099140000e-04	3.171159763796000e-02	5.068594879181000e-04
7.316000000000000e+00	-3.633752607370000e-04	3.141676526522000e-02	5.050698170918000e-04
7.317000000000000e+00	-3.195331115600000e-04	3.112193289248000e-02	5.032801462654000e-04
7.318000000000000e+00	-2.435075165613000e-04	3.077973702583000e-02	5.020015797460000e-04
7.319000000000000e+00	-1.352984764391000e-04	3.039017766630000e-02	5.012341175223000e-04
7.320000000000000e+00	-2.708943631722000e-05	3.000061830627000e-02	5.004666553065000e-04
7.321000000000000e+00	8.103814308711000e-05	2.951980624489000e-02	5.011490931728000e-04
7.322000000000000e+00	1.891657224915000e-04	2.903899418351000e-02	5.018315310390000e-04
7.323000000000000e+00	2.650925362441000e-04	2.851423240298000e-02	5.030281209004000e-04
7.324000000000000e+00	3.088185850431000e-04	2.794552090428000e-02	5.047388627460000e-04
7.325000000000000e+00	3.525446333492000e-04	2.737680940511000e-02	5.064496045916001e-04
7.326000000000000e+00	3.053501881397000e-04	2.672364858344000e-02	5.081652261939000e-04
7.327000000000000e+00	2.581557429304000e-04	2.607048776177000e-02	5.098808477963000e-04
7.328000000000000e+00	1.788975825695000e-04	2.537715807589000e-02	5.110861379644000e-04
7.329000000000000e+00	6.757570775266000e-05	2.464365952668000e-02	5.117810967094000e-04
7.330000000000000e+00	-4.374616706289000e-05	2.391016097706000e-02	5.124760554466000e-04
7.331000000000000e+00	-1.548092831945000e-04	2.310165802341000e-02	5.117232296190000e-04
7.332000000000000e+00	-2.658723993257000e-04	2.229315506975000e-02	5.109704037915000e-04
7.333000000000000e+00	-3.446778258518000e-04	2.145052969460000e-02	5.097041864699000e-04
7.334000000000000e+00	-3.912255634721000e-04	2.057378189871000e-02	5.079245776654000e-04
7.335000000000000e+00	-4.377733005987000e-04	1.969703410249000e-02	5.061449688609000e-04
7.336000000000000e+00	-3.933002213811000e-04	1.875993041453000e-02	5.043605854911000e-04
7.337000000000000e+00	-3.488271421635000e-04	1.782282672657000e-02	5.025762021212000e-04
7.338000000000000e+00	-2.722114916166000e-04	1.685972787290000e-02	5.013014947699000e-04
7.339000000000000e+00	-1.634532704378000e-04	1.587063385410000e-02	5.005364634260000e-04
7.340000000000000e+00	-5.469504925895000e-05	1.488153983506000e-02	4.997714320900000e-04
7.341000000000000e+00	5.406884128880000e-05	1.384864031805000e-02	5.004522768426000e-04
7.342000000000000e+00	1.628327318365000e-04	1.281574080104000e-02	5.011331215953000e-04
7.343000000000000e+00	2.395233833286000e-04	1.176478545572000e-02	5.023266828798000e-04
7.344000000000000e+00	2.841407964609000e-04	1.069577428247000e-02	5.040329606850000e-04
7.345000000000000e+00	3.287582091019000e-04	9.626763109067999e-03	5.057392384903000e-04
7.346000000000000e+00	2.827745310667000e-04	8.529026210202999e-03	5.074503165766000e-04
7.347000000000000e+00	2.367908530315000e-04	7.431289311337000e-03	5.091613946629000e-04
7.348000000000000e+00	1.588624431314000e-04	6.322994596311000e-03	5.103634980645000e-04
7.349000000000000e+00	4.898930205903000e-05	5.204142065351000e-03	5.110566267923000e-04
7.350000000000000e+00	-6.088383901160000e-05	4.085289534323000e-03	5.117497555124000e-04
7.351000000000000e+00	-1.704446053051000e-04	2.953686753661000e-03	5.109989754131000e-04
7.352000000000000e+00	-2.800053715986000e-04	1.822083972999000e-03	5.102481953138000e-04
7.353000000000000e+00	-3.573738753098000e-04	6.887564022147000e-04	5.089853909531000e-04
7.354000000000000e+00	-4.025501171368000e-04	-4.462959586551000e-04	5.072105623421000e-04
7.355000000000000e+00	-4.477263584713000e-04	-1.581348319490000e-03	5.054357337311000e-04
7.356000000000000e+00	-4.020947164322000e-04	-2.709930481966000e-03	5.036560983583000e-04
7.357000000000000e+00	-3.564630743930000e-04	-3.838512644444000e-03	5.018764629856000e-04
7.358000000000000e+00	-2.787640385415000e-04	-4.958923843763000e-03	5.006051060061001e-04
7.359000000000000e+00	-1.689976095732000e-04	-6.071164080100000e-03	4.998420274088000e-04
7.360000000000000e+00	-5.923118060477000e-05	-7.183404316300000e-03	4.990789488193000e-04
7.361000000000000e+00	5.055519993257000e-05	-8.270146558678000e-03	4.997578152648999e-04
7.362000000000000e+00	1.603415804700000e-04	-9.356888801056999e-03	5.004366817104000e-04
7.363000000000000e+00	2.381440245221000e-04	-1.042682048013000e-02	5.016268782745000e-04
7.364000000000000e+00	2.839625327827000e-04	-1.147994159627000e-02	5.033284049461000e-04
7.365000000000000e+00	3.297810405532000e-04	-1.253306271218000e-02	5.050299316177000e-04
7.366000000000000e+00	2.852389611730000e-04	-1.354529351253000e-02	5.067362583298000e-04
7.367000000000000e+00	2.406968817928000e-04	-1.455752431288000e-02	5.084425850419000e-04
7.368000000000000e+00	1.642890358675000e-04	-1.554583666083000e-02	5.096413172861000e-04
7.369000000000000e+00	5.601542408840000e-05	-1.651023055691000e-02	5.103324550733000e-04
7.370000000000000e+00	-5.225818768923000e-05	-1.747462445269000e-02	5.110235928528000e-04
7.371000000000000e+00	-1.602459615889000e-04	-1.838402276215000e-02	5.102747123413000e-04
7.372000000000000e+00	-2.682337354885000e-04	-1.929342107160000e-02	5.095258318299000e-04
7.373000000000000e+00	-3.441345983003000e-04	-2.017154181057000e-02	5.082662910835000e-04
7.374000000000000e+00	-3.879485507203000e-04	-2.101838497971000e-02	5.064960901130000e-04
7.375000000000000e+00	-4.317625026494000e-04	-2.186522814848000e-02	5.047258891425000e-04
7.376000000000000e+00	-3.850611816784000e-04	-2.264185762662000e-02	5.029508370960000e-04
7.377000000000000e+00	-3.383598607073000e-04	-2.341848710477000e-02	5.011757850494000e-04
7.378000000000000e+00	-2.597062282033000e-04	-2.415645488233000e-02	4.999076117971000e-04
7.379000000000000e+00	-1.491002848593000e-04	-2.485576096013000e-02	4.991463173281000e-04
7.380000000000000e+00	-3.849434151567000e-05	-2.555506703749000e-02	4.983850228668000e-04
7.381000000000000e+00	7.206593214246000e-05	-2.617113320844000e-02	4.990617556402000e-04
7.382000000000000e+00	1.826262058006000e-04	-2.678719937939000e-02	4.997384884136000e-04
7.383000000000000e+00	2.612522126965000e-04	-2.735942955441000e-02	5.009251822782000e-04
7.384000000000000e+00	3.079439535229000e-04	-2.788782373445000e-02	5.026218372229000e-04
7.385000000000000e+00	3.546356938603000e-04	-2.841621791399000e-02	5.043184921676000e-04
7.386000000000000e+00	3.111301338414000e-04	-2.885378517151000e-02	5.060200044737000e-04
7.387000000000000e+00	2.676245738226000e-04	-2.929135242904000e-02	5.077215167797000e-04
7.388000000000000e+00	1.922954819327000e-04	-2.968228632935000e-02	5.089168544220000e-04
7.389000000000000e+00	8.514285886179000e-05	-3.002658687346000e-02	5.096060174116000e-04
7.390000000000000e+00	-2.200976420808000e-05	-3.037088741706000e-02	5.102951803934000e-04
7.391000000000000e+00	-1.289713442238000e-04	-3.061962814123000e-02	5.095483109681000e-04
7.392000000000000e+00	-2.359329242396000e-04	-3.086836886540000e-02	5.088014415429000e-04
7.393000000000000e+00	-3.109440930722000e-04	-3.106814331784000e-02	5.075453252583000e-04
7.394000000000000e+00	-3.540048514147000e-04	-3.121895149959000e-02	5.057799621255000e-04
7.395000000000000e+00	-3.970656092682000e-04	-3.136975968081000e-02	5.040145989927000e-04
7.396000000000000e+00	-3.499600625485000e-04	-3.142044348177000e-02	5.022444208078000e-04
7.397000000000000e+00	-3.028545158287000e-04	-3.147112728272000e-02	5.004742426230000e-04
7.398000000000000e+00	-2.239372100938000e-04	-3.147104507924000e-02	4.992095609627000e-04
7.399000000000000e+00	-1.132081460339000e-04	-3.142019687243000e-02	4.984503758161000e-04
7.400000000000000e+00	-2.479081974833000e-06	-3.136934866506000e-02	4.976911906773000e-04
7.401000000000000e+00	1.080926257518000e-04	-3.121694303299000e-02	4.983660797668000e-04
7.402000000000000e+00	2.186643334786000e-04	-3.106453740093000e-02	4.990409688562999e-04
7.403000000000000e+00	2.973307725083000e-04	-3.086215360189000e-02	5.002243927569000e-04
7.404000000000000e+00	3.440919435331000e-04	-3.060979163697000e-02	5.019163514575000e-04
7.405000000000000e+00	3.908531140694000e-04	-3.035742967152000e-02	5.036083101580999e-04
7.406000000000000e+00	3.475440196506000e-04	-3.000808498441000e-02	5.053050042860000e-04
7.407000000000000e+00	3.042349252317000e-04	-2.965874029730000e-02	5.070016984139000e-04
7.408000000000000e+00	2.291293115668000e-04	-2.926277303567000e-02	5.081935356904000e-04
7.409000000000000e+00	1.222271793455000e-04	-2.882018320052000e-02	5.088805161264000e-04
7.410000000000000e+00	1.532504712462000e-05	-2.837759336489000e-02	5.095674965546000e-04
7.411000000000000e+00	-9.150475417112000e-05	-2.784564453509000e-02	5.088222584331000e-04
7.412000000000000e+00	-1.983345554668000e-04	-2.731369570529000e-02	5.080770203115000e-04
7.413000000000000e+00	-2.733589171302000e-04	-2.673894765830000e-02	5.068239068179000e-04
7.414000000000000e+00	-3.165778398512000e-04	-2.612140039507000e-02	5.050629179633000e-04
7.415000000000000e+00	-3.597967620852000e-04	-2.550385313139000e-02	5.033019291086000e-04
7.416000000000000e+00	-3.132081865136000e-04	-2.480455408317000e-02	5.015362024095000e-04
7.417000000000000e+00	-2.666196109420000e-04	-2.410525503496000e-02	4.997704757105000e-04
7.418000000000000e+00	-1.883611923956000e-04	-2.336732362429000e-02	4.985089480533000e-04
7.419000000000000e+00	-7.843293156137999e-05	-2.259075985201000e-02	4.977516194271001e-04
7.420000000000000e+00	3.149532927135000e-05	-2.181419607934000e-02	4.969942908086000e-04
7.421000000000000e+00	1.411590844822000e-04	-2.096604518007000e-02	4.976673489293000e-04
7.422000000000000e+00	2.508228396931000e-04	-2.011789428079000e-02	4.983404070500000e-04
7.423000000000000e+00	3.286164418349000e-04	-1.923748330947000e-02	4.995207250557999e-04
7.424000000000000e+00	3.745398915989000e-04	-1.832481226681000e-02	5.012083029355000e-04
7.425000000000000e+00	4.204633408753000e-04	-1.741214122384000e-02	5.028958808153000e-04
7.426000000000000e+00	3.764640720171000e-04	-1.644311012498000e-02	5.045883448419000e-04
7.427000000000000e+00	3.324648031589000e-04	-1.547407902611000e-02	5.062808088686000e-04
7.428000000000000e+00	2.567106027575000e-04	-1.448117062311000e-02	5.074698268340000e-04
7.429000000000000e+00	1.492014715014000e-04	-1.346438491648000e-02	5.081553987490000e-04
7.430000000000000e+00	4.169234024523000e-05	-1.244759920964000e-02	5.088409706563000e-04
7.431000000000000e+00	-6.582562128781000e-05	-1.139145762151000e-02	5.080982046676000e-04
7.432000000000000e+00	-1.733435828209000e-04	-1.033531603338000e-02	5.073554386789000e-04
7.433000000000000e+00	-2.491786002347000e-04	-9.263438000593000e-03	5.061061406420000e-04
7.434000000000000e+00	-2.933306742164000e-04	-8.175823523479999e-03	5.043503105677000e-04
7.435000000000000e+00	-3.374827477127000e-04	-7.088209046237000e-03	5.025944804935000e-04
7.436000000000000e+00	-2.921353373961000e-04	-5.976667537332000e-03	5.008338303478000e-04
7.437000000000000e+00	-2.467879270795000e-04	-4.865126028425000e-03	4.990731802022000e-04
7.438000000000000e+00	-1.698850832765000e-04	-3.745487191070000e-03	4.978153175079000e-04
7.439000000000000e+00	-6.142680667166000e-05	-2.617751025442000e-03	4.970602422539000e-04
7.440000000000000e+00	4.703146993159000e-05	-1.490014859771000e-03	4.963051670077000e-04
7.441000000000000e+00	1.551762039571000e-04	-3.545259566889000e-04	4.969765324796000e-04
7.442000000000000e+00	2.633209379827000e-04	7.809629463943000e-04	4.976478979515000e-04
7.443000000000000e+00	3.396610917149000e-04	1.915664257086000e-03	4.988251215759000e-04
7.444000000000000e+00	3.841966658435000e-04	3.049577975401000e-03	5.005082033418000e-04
7.445000000000000e+00	4.287322394857000e-04	4.183491693656000e-03	5.021912851077000e-04
7.446000000000000e+00	3.835567948145000e-04	5.305929721354000e-03	5.038791833639000e-04
7.447000000000000e+00	3.383813501433000e-04	6.428367749051000e-03	5.055670816201000e-04
7.448000000000000e+00	2.615266104276000e-04	7.540161325557000e-03	5.067528611710000e-04
7.449000000000000e+00	1.529925763545000e-04	8.641310451102001e-03	5.074365220274000e-04
7.450000000000000e+00	4.445854228124000e-05	9.742459576483000e-03	5.081201828761000e-04
7.451000000000000e+00	-6.409306315698000e-05	1.081325392963000e-02	5.073792851009000e-04
7.452000000000000e+00	-1.726446685950000e-04	1.188404828278000e-02	5.066383873256000e-04
7.453000000000000e+00	-2.495976358472000e-04	1.293566281398000e-02	5.053922846144000e-04
7.454000000000000e+00	-2.949519655989000e-04	1.396809752364000e-02	5.036409769782000e-04
7.455000000000000e+00	-3.403062948665000e-04	1.500053223306000e-02	5.018896693419999e-04
7.456000000000000e+00	-2.963899354024000e-04	1.598748649500000e-02	5.001334911147000e-04
7.457000000000000e+00	-2.524735759383000e-04	1.697444075694000e-02	4.983773128873000e-04
7.458000000000000e+00	-1.770759101087000e-04	1.793527374160000e-02	4.971225526759000e-04
7.459000000000000e+00	-7.019693859689999e-05	1.886998544953000e-02	4.963692104694000e-04
7.460000000000000e+00	3.668203291339000e-05	1.980469715713000e-02	4.956158682707001e-04
7.461000000000000e+00	1.432790245885000e-04	2.068023386896000e-02	4.962851428259000e-04
7.462000000000000e+00	2.498760162635000e-04	2.155577058078000e-02	4.969544173811000e-04
7.463000000000000e+00	3.247739654996000e-04	2.239807459118000e-02	4.981282212522000e-04
7.464000000000000e+00	3.679728729844000e-04	2.320714590089000e-02	4.998065544282000e-04
7.465000000000000e+00	4.111717799842000e-04	2.401621721019000e-02	5.014848876043000e-04
7.466000000000000e+00	3.649505904716000e-04	2.475147154860000e-02	5.031681269588000e-04
7.467000000000000e+00	3.187294009588000e-04	2.548672588700000e-02	5.048513663133000e-04
7.468000000000000e+00	2.409439603710000e-04	2.618168453659000e-02	5.060338975945001e-04
7.469000000000000e+00	1.315942693929000e-04	2.683634749823000e-02	5.067157208134000e-04
7.470000000000000e+00	2.224457841507000e-05	2.749101045941000e-02	5.073975440245000e-04
7.471000000000000e+00	-8.705289462037999e-05	2.805951945607000e-02	5.066587559589000e-04
7.472000000000000e+00	-1.963503676556000e-04	2.862802845272000e-02	5.059199678934001e-04
7.473000000000000e+00	-2.740946211579000e-04	2.915142784965000e-02	5.046773820551000e-04
7.474000000000000e+00	-3.202856558115000e-04	2.962971764783000e-02	5.029309984549000e-04
7.475000000000000e+00	-3.664766899818000e-04	3.010800744551000e-02	5.011846148548000e-04
7.476000000000000e+00	-3.235499585787000e-04	3.049330298340000e-02	4.994334463642000e-04
7.477000000000000e+00	-2.806232271756000e-04	3.087859852130000e-02	4.976822778736000e-04
7.478000000000000e+00	-2.062530982303000e-04	3.121637553505000e-02	4.964312039131000e-04
7.479000000000000e+00	-1.004395724248000e-04	3.150663402569000e-02	4.956802244720000e-04
7.480000000000000e+00	5.373953379922000e-06	3.179689251581000e-02	4.949292450386001e-04
7.481000000000000e+00	1.110046363790000e-04	3.199023894551000e-02	4.955970876304000e-04
7.482000000000000e+00	2.166353193781000e-04	3.218358537522000e-02	4.962649302222000e-04
7.483000000000000e+00	2.907034027695000e-04	3.232750881738000e-02	4.974359528034000e-04
7.484000000000000e+00	3.332088872376000e-04	3.242200927307000e-02	4.991101553630000e-04
7.485000000000000e+00	3.757143712226000e-04	3.251650972821000e-02	5.007843579227000e-04
7.486000000000000e+00	3.291464749554000e-04	3.251042550637000e-02	5.024634546427000e-04
7.487000000000000e+00	2.825785786880000e-04	3.250434128453000e-02	5.041425513626000e-04
7.488000000000000e+00	2.045864583877000e-04	3.244748932804000e-02	5.053222825935000e-04
7.489000000000000e+00	9.517011473581000e-05	3.233986963802000e-02	5.060026483460000e-04
7.490000000000000e+00	-1.424622891535000e-05	3.223224994745000e-02	5.066830140908000e-04
7.491000000000000e+00	-1.234962048048000e-04	3.202351928145000e-02	5.059465808457001e-04
7.492000000000000e+00	-2.327461806943000e-04	3.181478861545000e-02	5.052101476006000e-04
7.493000000000000e+00	-3.104690221488000e-04	3.155652128694000e-02	5.039712726850000e-04
7.494000000000000e+00	-3.566647298520000e-04	3.124871729699000e-02	5.022299561098000e-04
7.495000000000000e+00	-4.028604370727000e-04	3.094091330652000e-02	5.004886395345000e-04
7.496000000000000e+00	-3.600588173072000e-04	3.053743233449000e-02	4.987425709859000e-04
7.497000000000000e+00	-3.172571975418000e-04	3.013395136245000e-02	4.969965024373000e-04
7.498000000000000e+00	-2.430372836249000e-04	2.968470700652000e-02	4.957492007750000e-04
7.499000000000000e+00	-1.373990762377000e-04	2.918969926770000e-02	4.950006659881000e-04
7.500000000000000e+00	-3.176086885114000e-05	2.869469152841000e-02	4.942521312088000e-04
7.501000000000000e+00	7.381182445499000e-05	2.811244951679000e-02	4.949186369922000e-04
7.502000000000000e+00	1.793845177611000e-04	2.753020750516000e-02	4.955851427756000e-04
7.503000000000000e+00	2.535363750537000e-04	2.690642850448000e-02	4.967534815962000e-04
7.504000000000000e+00	2.962673970141000e-04	2.624111251564000e-02	4.984236534431999e-04
7.505000000000000e+00	3.389984184935000e-04	2.557579652637000e-02	5.000938252902000e-04
7.506000000000000e+00	2.930061681468000e-04	2.483164025170000e-02	5.017688514362000e-04
7.507000000000000e+00	2.470139178001000e-04	2.408748397703000e-02	5.034438775822000e-04
7.508000000000000e+00	1.697357848425000e-04	2.330633322070000e-02	5.046208463606000e-04
7.509000000000000e+00	6.117176995241000e-05	2.248818798350000e-02	5.052997577822000e-04
7.510000000000000e+00	-4.739224493603000e-05	2.167004274593000e-02	5.059786691961000e-04
7.511000000000000e+00	-1.556855623053000e-04	2.078391773848000e-02	5.052444928112000e-04
7.512000000000000e+00	-2.639788796747000e-04	1.989779273103000e-02	5.045103164263000e-04
7.513000000000000e+00	-3.407793304389000e-04	1.898135804519000e-02	5.032749980170000e-04
7.514000000000000e+00	-3.860869152812000e-04	1.803461368163000e-02	5.015385375940000e-04
7.515000000000000e+00	-4.313944996416000e-04	1.708786931777000e-02	4.998020771710000e-04
7.516000000000000e+00	-3.878485768621000e-04	1.608892157119000e-02	4.980607947969000e-04
7.517000000000000e+00	-3.443026540825000e-04	1.508997382460000e-02	4.963195124227000e-04
7.518000000000000e+00	-2.693790065427000e-04	1.406933878697000e-02	4.950756302130000e-04
7.519000000000000e+00	-1.630776349231000e-04	1.302701645875000e-02	4.943291481569000e-04
7.520000000000000e+00	-5.677626330355000e-05	1.198469413035000e-02	4.935826661084000e-04
7.521000000000000e+00	4.953825031035000e-05	1.090759201378000e-02	4.942473941359999e-04
7.522000000000000e+00	1.558527639244000e-04	9.830489897208999e-03	4.949121221637000e-04
7.523000000000000e+00	2.308652116459000e-04	8.740024443586000e-03	4.960773247471000e-04
7.524000000000000e+00	2.745755941540000e-04	7.636195653198000e-03	4.977430018755000e-04
7.525000000000000e+00	3.182859761826000e-04	6.532366862704000e-03	4.994086790039000e-04
7.526000000000000e+00	2.735709038313000e-04	5.409497172581000e-03	5.010791686800000e-04
7.527000000000000e+00	2.288558314801000e-04	4.286627482458000e-03	5.027496583561000e-04
7.528000000000000e+00	1.529645531161000e-04	3.158154328752000e-03	5.039234075828000e-04
7.529000000000000e+00	4.589706941594000e-05	2.024077711590000e-03	5.046004163707000e-04
7.530000000000000e+00	-6.117041428255000e-05	8.900010944132000e-04	5.052774251510000e-04
7.531000000000000e+00	-1.679241659639000e-04	-2.467850519420000e-04	5.045450962165000e-04
7.532000000000000e+00	-2.746779176450000e-04	-1.383571198295000e-03	5.038127672819999e-04
7.533000000000000e+00	-3.500054202648000e-04	-2.517045135118000e-03	5.025806267002000e-04
7.534000000000000e+00	-3.939066745047000e-04	-3.647206862483000e-03	5.008486744820000e-04
7.535000000000000e+00	-4.378079282641000e-04	-4.777368589760000e-03	4.991167222638000e-04
7.536000000000000e+00	-3.930675663495000e-04	-5.891045976896000e-03	4.973799573771000e-04
7.537000000000000e+00	-3.483272044349000e-04	-7.004723364032000e-03	4.956431924905000e-04
7.538000000000000e+00	-2.722855158712000e-04	-8.105291927731999e-03	4.944025027978000e-04
7.539000000000000e+00	-1.649425013375000e-04	-9.192751668278000e-03	4.936578882884000e-04
7.540000000000000e+00	-5.759948680376000e-05	-1.028021140863000e-02	4.929132737867000e-04
7.541000000000000e+00	4.976003777969000e-05	-1.133249926830000e-02	4.935761070509000e-04
7.542000000000000e+00	1.571195623630000e-04	-1.238478712796000e-02	4.942389403151000e-04
7.543000000000000e+00	2.332565458733000e-04	-1.341555641936000e-02	4.954009071816000e-04
7.544000000000000e+00	2.781709889881000e-04	-1.442480714298000e-02	4.970620076394000e-04
7.545000000000000e+00	3.230854316244000e-04	-1.543405786632000e-02	4.987231080972000e-04
7.546000000000000e+00	2.797914685074000e-04	-1.639332004388000e-02	5.003889743574000e-04
7.547000000000000e+00	2.364975053904000e-04	-1.735258222144000e-02	5.020548406175000e-04
7.548000000000000e+00	1.620960712252000e-04	-1.828357147673000e-02	5.032252655064000e-04
7.549000000000000e+00	5.658716668628000e-05	-1.918628781038000e-02	5.039002490347000e-04
7.550000000000000e+00	-4.892173785112000e-05	-2.008900414369000e-02	5.045752325554000e-04
7.551000000000000e+00	-1.541558416797000e-04	-2.092848776675000e-02	5.038445860325000e-04
7.552000000000000e+00	-2.593899455082000e-04	-2.176797138981000e-02	5.031139395096000e-04
7.553000000000000e+00	-3.333051192769000e-04	-2.257233710609000e-02	5.018848020194000e-04
7.554000000000000e+00	-3.759013636653000e-04	-2.334158491633000e-02	5.001571735725000e-04
7.555000000000000e+00	-4.184976075745000e-04	-2.411083272616000e-02	4.984295451256000e-04
7.556000000000000e+00	-3.727446906510000e-04	-2.480281707256000e-02	4.966971402641000e-04
7.557000000000000e+00	-3.269917737274000e-04	-2.549480141895000e-02	4.949647354025000e-04
7.558000000000000e+00	-2.500536985417000e-04	-2.614494236711000e-02	4.937271208365000e-04
7.559000000000000e+00	-1.419304657702000e-04	-2.675323991793000e-02	4.929842965552000e-04
7.560000000000000e+00	-3.380723299885000e-05	-2.736153746827000e-02	4.922414722815000e-04
7.561000000000000e+00	7.425780564342000e-05	-2.788095419721000e-02	4.929024534882000e-04
7.562000000000000e+00	1.823228442857000e-04	-2.840037092614000e-02	4.935634346948000e-04
7.563000000000000e+00	2.592070190815000e-04	-2.887350477767000e-02	4.947222739893000e-04
7.564000000000000e+00	3.049103307071000e-04	-2.930035575279000e-02	4.963789713611000e-04
7.565000000000000e+00	3.506136418552000e-04	-2.972720672740000e-02	4.980356687328000e-04
7.566000000000000e+00	3.082535470086000e-04	-3.005910881313000e-02	4.996971921490000e-04
7.567000000000000e+00	2.658934521619000e-04	-3.039101089886000e-02	5.013587155653000e-04
7.568000000000000e+00	1.924610471597000e-04	-3.067462083778000e-02	5.025261235898000e-04
7.569000000000000e+00	8.795633267581001e-05	-3.090993863094000e-02	5.031994162334000e-04
7.570000000000000e+00	-1.654838180731000e-05	-3.114525642357000e-02	5.038727088694000e-04
7.571000000000000e+00	-1.208786819480000e-04	-3.128254145253000e-02	5.031440639396000e-04
7.572000000000000e+00	-2.252089820887000e-04	-3.141982648149000e-02	5.024154190099000e-04
7.573000000000000e+00	-2.983555169356000e-04	-3.150735077180000e-02	5.011895619209000e-04
7.574000000000000e+00	-3.403182871649000e-04	-3.154511432454000e-02	4.994664926836000e-04
7.575000000000000e+00	-3.822810569170000e-04	-3.158287787674000e-02	4.977434234462000e-04
7.576000000000000e+00	-3.362376048219000e-04	-3.151983875187000e-02	4.960154766181000e-04
7.577000000000000e+00	-2.901941527268000e-04	-3.145679962700000e-02	4.942875297900000e-04
7.578000000000000e+00	-2.131047274541000e-04	-3.134311342766000e-02	4.930530053764000e-04
7.579000000000000e+00	-1.049693296773000e-04	-3.117878015494000e-02	4.923119033665000e-04
7.580000000000000e+00	3.166068098685000e-06	-3.101444688168000e-02	4.915708013641000e-04
7.581000000000000e+00	1.111265749566000e-04	-3.074969460709000e-02	4.922296992594000e-04
7.582000000000000e+00	2.190870818146000e-04	-3.048494233250000e-02	4.928885971547000e-04
7.583000000000000e+00	2.958895871342000e-04	-3.017121718778000e-02	4.940440140961000e-04
7.584000000000000e+00	3.415340915908000e-04	-2.980851917400000e-02	4.956959500729000e-04
7.585000000000000e+00	3.871785955706000e-04	-2.944582115971000e-02	4.973478860497000e-04
7.586000000000000e+00	3.448725021415000e-04	-2.898899375639000e-02	4.990046493729000e-04
7.587000000000000e+00	3.025664087125000e-04	-2.853216635306000e-02	5.006614126961000e-04
7.588000000000000e+00	2.292105287297000e-04	-2.803055335516000e-02	5.018254034112000e-04
7.589000000000000e+00	1.248048628663000e-04	-2.748415476365000e-02	5.024966215287000e-04
7.590000000000000e+00	2.039919700343000e-05	-2.693775617168000e-02	5.031678396386000e-04
7.591000000000000e+00	-8.394946085122000e-05	-2.630647851370000e-02	5.024409484278000e-04
7.592000000000000e+00	-1.882981187061000e-04	-2.567520085573000e-02	5.017140572168999e-04
7.593000000000000e+00	-2.616021885837000e-04	-2.500375929555000e-02	5.004913456088000e-04
7.594000000000000e+00	-3.038616711578000e-04	-2.429215383403000e-02	4.987728136142000e-04
7.595000000000000e+00	-3.461211532566000e-04	-2.358054837209000e-02	4.970542816197000e-04
7.596000000000000e+00	-3.007163999251000e-04	-2.279322518467000e-02	4.953310507255000e-04
7.597000000000000e+00	-2.553116465938000e-04	-2.200590199724000e-02	4.936078198313000e-04
7.598000000000000e+00	-1.789954368729000e-04	-2.118332160129000e-02	4.923767826794000e-04
7.599000000000000e+00	-7.176777143254001e-05	-2.032548399757000e-02	4.916379392592000e-04
7.600000000000000e+00	3.545989400610000e-05	-1.946764639351000e-02	4.908990958465001e-04
7.601000000000000e+00	1.424129035190000e-04	-1.854562153093000e-02	4.915566619221000e-04
7.602000000000000e+00	2.493659130320000e-04	-1.762359666835000e-02	4.922142279978000e-04
7.603000000000000e+00	3.251957297448000e-04	-1.667329768511000e-02	4.933670246431000e-04
7.604000000000000e+00	3.699023543325000e-04	-1.569472458184000e-02	4.950150518473000e-04
7.605000000000000e+00	4.146089784441000e-04	-1.471615147830000e-02	4.966630790515000e-04
7.606000000000000e+00	3.715083220263000e-04	-1.368968598587000e-02	4.983158979001000e-04
7.607000000000000e+00	3.284076656085000e-04	-1.266322049344000e-02	4.999687167487000e-04
7.608000000000000e+00	2.542982205322000e-04	-1.161732625275000e-02	5.011300233235001e-04
7.609000000000000e+00	1.491799874700000e-04	-1.055200326421000e-02	5.017998176352000e-04
7.610000000000000e+00	4.406175440765000e-05	-9.486680275515001e-03	5.024696119393000e-04
7.611000000000000e+00	-6.107373968404000e-05	-8.391272087216000e-03	5.017448730097001e-04
7.612000000000000e+00	-1.662092337759000e-04	-7.295863898916000e-03	5.010201340801000e-04
7.613000000000000e+00	-2.404149090129000e-04	-6.189514835815000e-03	4.998008252330000e-04
7.614000000000000e+00	-2.836907660658000e-04	-5.072224898153000e-03	4.980869464791000e-04
7.615000000000000e+00	-3.269666226450000e-04	-3.954934960411000e-03	4.963730677252001e-04
7.616000000000000e+00	-2.828664792363000e-04	-2.823568202751000e-03	4.946544101972000e-04
7.617000000000000e+00	-2.387663358279000e-04	-1.692201445094000e-03	4.929357526692000e-04
7.618000000000000e+00	-1.638602880040000e-04	-5.577533737435000e-04	4.917079611179000e-04
7.619000000000000e+00	-5.814833643316000e-05	5.797760112274000e-04	4.909710355327000e-04
7.620000000000000e+00	4.756361513617000e-05	1.717305396187000e-03	4.902341099549999e-04
7.621000000000000e+00	1.529627652744000e-04	2.852466168663000e-03	4.908898774119000e-04
7.622000000000000e+00	2.583619154127000e-04	3.987626941139000e-03	4.915456448688000e-04
7.623000000000000e+00	3.327052955083000e-04	5.116944246349000e-03	4.926953230212999e-04
7.624000000000000e+00	3.759929062348000e-04	6.240418084418000e-03	4.943389118587000e-04
7.625000000000000e+00	4.192805164864000e-04	7.363891922370000e-03	4.959825006961000e-04
7.626000000000000e+00	3.749732109249000e-04	8.465881072151000e-03	4.976308276238000e-04
7.627000000000000e+00	3.306659053636000e-04	9.567870221930000e-03	4.992791545516000e-04
7.628000000000000e+00	2.554273298534000e-04	1.065430109663000e-02	5.004372353869000e-04
7.629000000000000e+00	1.492574850650000e-04	1.172517369658000e-02	5.011050701403000e-04
7.630000000000000e+00	4.308764027675000e-05	1.279604629631000e-02	5.017729048862000e-04
7.631000000000000e+00	-6.309692611855001e-05	1.382698127182000e-02	5.010498186764000e-04
7.632000000000000e+00	-1.692814925140000e-04	1.485791624734000e-02	5.003267324667000e-04
7.633000000000000e+00	-2.446111251622000e-04	1.586503030343000e-02	4.991103596665000e-04
7.634000000000000e+00	-2.890858247325000e-04	1.684832344062000e-02	4.974007002867000e-04
7.635000000000000e+00	-3.335605238303000e-04	1.783161657751000e-02	4.956910409069000e-04
7.636000000000000e+00	-2.908659907368000e-04	1.876050694868000e-02	4.939766264284000e-04
7.637000000000000e+00	-2.481714576434000e-04	1.968939731984000e-02	4.922622119499001e-04
7.638000000000000e+00	-1.747356540698000e-04	2.058792026262000e-02	4.910374078598000e-04
7.639000000000000e+00	-7.055858068255000e-05	2.145607577767000e-02	4.903022141472000e-04
7.640000000000000e+00	3.361849270303000e-05	2.232423129236000e-02	4.895670204423000e-04
7.641000000000000e+00	1.375258495564000e-04	2.312523001546000e-02	4.902209801355000e-04
7.642000000000000e+00	2.414332064100000e-04	2.392622873856000e-02	4.908749398288000e-04
7.643000000000000e+00	3.143923345881000e-04	2.469030019820000e-02	4.920215850981000e-04
7.644000000000000e+00	3.564032347621000e-04	2.541744439518000e-02	4.936609159328000e-04
7.645000000000000e+00	3.984141344627000e-04	2.614458859173000e-02	4.953002467674000e-04
7.646000000000000e+00	3.531218154828000e-04	2.679119121520000e-02	4.969444384082000e-04
7.647000000000000e+00	3.078294965029000e-04	2.743779383867000e-02	4.985886300489000e-04
7.648000000000000e+00	2.317227218382000e-04	2.804109721685000e-02	4.997439111207000e-04
7.649000000000000e+00	1.248014921573000e-04	2.860110135066000e-02	5.004102816341000e-04
7.650000000000000e+00	1.788026247683000e-05	2.916110548398000e-02	5.010766521399000e-04
7.651000000000000e+00	-8.897553163701000e-05	2.962969971884000e-02	5.003557988503000e-04
7.652000000000000e+00	-1.958313257510000e-04	3.009829395369000e-02	4.996349455607000e-04
7.653000000000000e+00	-2.718691983706000e-04	3.051953729423000e-02	4.984221019634000e-04
7.654000000000000e+00	-3.170891501642000e-04	3.089342974150000e-02	4.967172680691000e-04
7.655000000000000e+00	-3.623091014859000e-04	3.126732218825000e-02	4.950124341747000e-04
7.656000000000000e+00	-3.204941856766000e-04	3.154453290907000e-02	4.933028407678000e-04
7.657000000000000e+00	-2.786792698673000e-04	3.182174362989000e-02	4.915932473609000e-04
7.658000000000000e+00	-2.061539966760000e-04	3.205000425124000e-02	4.903719736933000e-04
7.659000000000000e+00	-1.029183667692000e-04	3.222931477419000e-02	4.896390197543000e-04
7.660000000000000e+00	3.172631367683000e-07	3.240862529661000e-02	4.889060658229000e-04
7.661000000000000e+00	1.033875121480000e-04	3.248902127318000e-02	4.895586291293001e-04
7.662000000000000e+00	2.064577611591000e-04	3.256941724975000e-02	4.902111924358000e-04
7.663000000000000e+00	2.787146120747000e-04	3.259983693755000e-02	4.913551631767000e-04
7.664000000000000e+00	3.201580655633000e-04	3.258028033768000e-02	4.929905413413000e-04
7.665000000000000e+00	3.616015185802000e-04	3.256072373727000e-02	4.946259195060000e-04
7.666000000000000e+00	3.160816164244000e-04	3.244039426684000e-02	4.962661820599000e-04
7.667000000000000e+00	2.705617142685000e-04	3.232006479642000e-02	4.979064446139000e-04
7.668000000000000e+00	1.943653659347000e-04	3.214933355195000e-02	4.990590930034000e-04
7.669000000000000e+00	8.749257208853000e-05	3.192820053452000e-02	4.997241272390000e-04
7.670000000000000e+00	-1.938022175662000e-05	3.170706751656000e-02	5.003891614671000e-04
7.671000000000000e+00	-1.260703179628000e-04	3.138645645622000e-02	4.996706203832000e-04
7.672000000000000e+00	-2.327604141687000e-04	3.106584539587000e-02	4.989520792993000e-04
7.673000000000000e+00	-3.086537164911000e-04	3.069694875636000e-02	4.977428347701000e-04
7.674000000000000e+00	-3.537502255979000e-04	3.027976653872000e-02	4.960428868060000e-04
7.675000000000000e+00	-3.988467342332000e-04	2.986258432059000e-02	4.943429388420000e-04
7.676000000000000e+00	-3.570169591540000e-04	2.935306356686000e-02	4.926382283186000e-04
7.677000000000000e+00	-3.151871840747000e-04	2.884354281312000e-02	4.909335177952000e-04
7.678000000000000e+00	-2.426685511994000e-04	2.829033306603000e-02	4.897158382982000e-04
7.679000000000000e+00	-1.394610611935000e-04	2.769343432654000e-02	4.889851898172000e-04
7.680000000000000e+00	-3.625357118769000e-05	2.709653558660000e-02	4.882545413437000e-04
7.681000000000000e+00	6.690392269882000e-05	2.641734292590000e-02	4.889057601250000e-04
7.682000000000000e+00	1.700614165853000e-04	2.573815026520000e-02	4.895569789063000e-04
7.683000000000000e+00	2.425418217261000e-04	2.502027687478000e-02	4.906983037003000e-04
7.684000000000000e+00	2.843451387866000e-04	2.426372275547000e-02	4.923297344964000e-04
7.685000000000000e+00	3.261484553772000e-04	2.350716863577000e-02	4.939611652926000e-04
7.686000000000000e+00	2.813234156629000e-04	2.267822780015000e-02	4.955974213978000e-04
7.687000000000000e+00	2.364983759485000e-04	2.184928696453000e-02	4.972336775030000e-04
7.688000000000000e+00	1.611288615178000e-04	2.098692371030000e-02	4.983835617172000e-04
7.689000000000000e+00	5.521487303320000e-05	2.009113803818000e-02	4.990470740508000e-04
7.690000000000000e+00	-5.069911545009000e-05	1.919535236574000e-02	4.997105863770000e-04
7.691000000000000e+00	-1.563318764790000e-04	1.823935216099000e-02	4.989940588907000e-04
7.692000000000000e+00	-2.619646375079000e-04	1.728335195623000e-02	4.982775314045000e-04
7.693000000000000e+00	-3.368343297877000e-04	1.630119529405000e-02	4.970715401960000e-04
7.694000000000000e+00	-3.809409539855000e-04	1.529288217503000e-02	4.953760852759000e-04
7.695000000000000e+00	-4.250475777127000e-04	1.428456905576000e-02	4.936806303558000e-04
7.696000000000000e+00	-3.823683595024000e-04	1.323282165083000e-02	4.919803516310000e-04
7.697000000000000e+00	-3.396891412922000e-04	1.218107424590000e-02	4.902800729062000e-04
7.698000000000000e+00	-2.663619938017000e-04	1.111222108197000e-02	4.890655283696000e-04
7.699000000000000e+00	-1.623869176956000e-04	1.002626215941000e-02	4.883367180107000e-04
7.700000000000000e+00	-5.841184158933000e-05	8.940303236702000e-03	4.876079076593000e-04
7.701000000000000e+00	4.558268289169000e-05	7.829063232699000e-03	4.882573345861000e-04
7.702000000000000e+00	1.495772073727000e-04	6.717823228696000e-03	4.889067615130000e-04
7.703000000000000e+00	2.230046667149000e-04	5.598109348740000e-03	4.900450149163000e-04
7.704000000000000e+00	2.658650615810000e-04	4.469921593020000e-03	4.916720947855001e-04
7.705000000000000e+00	3.087254559790000e-04	3.341733837250000e-03	4.932991746547999e-04
7.706000000000000e+00	2.652342724573000e-04	2.204501055878000e-03	4.949310755330000e-04
7.707000000000000e+00	2.217430889357000e-04	1.067268274508000e-03	4.965629764112000e-04
7.708000000000000e+00	1.478080758795000e-04	-7.050079136414000e-05	4.977097763842000e-04
7.709000000000000e+00	4.342923394874000e-05	-1.208806141729000e-03	4.983714754625000e-04
7.710000000000000e+00	-6.094960798014000e-05	-2.347111492051000e-03	4.990331745333000e-04
7.711000000000000e+00	-1.650147513856000e-04	-3.477946550754000e-03	4.983184259343000e-04
7.712000000000000e+00	-2.690798947910000e-04	-4.608781609458000e-03	4.976036773353000e-04
7.713000000000000e+00	-3.424501666919000e-04	-5.731241285499000e-03	4.964007318826000e-04
7.714000000000000e+00	-3.851255677536000e-04	-6.845325579056000e-03	4.947095895869000e-04
7.715000000000000e+00	-4.278009683461000e-04	-7.959409872470000e-03	4.930184472911000e-04
7.716000000000000e+00	-3.839028069982000e-04	-9.047029892759999e-03	4.913224682375000e-04
7.717000000000000e+00	-3.400046456504000e-04	-1.013464991305000e-02	4.896264891839000e-04
7.718000000000000e+00	-2.655369790742000e-04	-1.120428353191000e-02	4.884149650275000e-04
7.719000000000000e+00	-1.604998079324000e-04	-1.225593074973000e-02	4.876878957576000e-04
7.720000000000000e+00	-5.546263679075000e-05	-1.330757796731000e-02	4.869608264953000e-04
7.721000000000000e+00	4.958519717512000e-05	-1.431458613641000e-02	4.876083783474000e-04
7.722000000000000e+00	1.546330311412000e-04	-1.532159430550000e-02	4.882559301995000e-04
7.723000000000000e+00	2.291832971940000e-04	-1.630252204085000e-02	4.893910236224000e-04
7.724000000000000e+00	2.732359959954000e-04	-1.725736934300000e-02	4.910136586056000e-04
7.725000000000000e+00	3.172886943295000e-04	-1.821221664484000e-02	4.926362935887000e-04
7.726000000000000e+00	2.751836935891000e-04	-1.910835346987000e-02	4.942637168021000e-04
7.727000000000000e+00	2.330786928486000e-04	-2.000449029489000e-02	4.958911400154000e-04
7.728000000000000e+00	1.605887851289000e-04	-2.086822845433000e-02	4.970347191504000e-04
7.729000000000000e+00	5.771397108872000e-05	-2.169956794886000e-02	4.976944542175000e-04
7.730000000000000e+00	-4.516084294987000e-05	-2.253090744302000e-02	4.983541892772000e-04
7.731000000000000e+00	-1.477722320931000e-04	-2.329131153558000e-02	4.976410645087000e-04
7.732000000000000e+00	-2.503836212366000e-04	-2.405171562814000e-02	4.969279397403000e-04
7.733000000000000e+00	-3.224089140630000e-04	-2.477346465204000e-02	4.957279048306000e-04
7.734000000000000e+00	-3.638481112359000e-04	-2.545655860810000e-02	4.940409597904000e-04
7.735000000000000e+00	-4.052873079410000e-04	-2.613965256371000e-02	4.923540147502001e-04
7.736000000000000e+00	-3.604443206467000e-04	-2.673910618378000e-02	4.906623095219000e-04
7.737000000000000e+00	-3.156013333523000e-04	-2.733855980386000e-02	4.889706042936000e-04
7.738000000000000e+00	-2.403056630666000e-04	-2.789335543669000e-02	4.877621374239000e-04
7.739000000000000e+00	-1.345573104503000e-04	-2.840349308326000e-02	4.870369089023000e-04
7.740000000000000e+00	-2.880895783451000e-05	-2.891363072932000e-02	4.863116803881000e-04
7.741000000000000e+00	7.686710065456000e-05	-2.933003710919000e-02	4.869575870790000e-04
7.742000000000000e+00	1.825431591435000e-04	-2.974644348906000e-02	4.876034937699000e-04
7.743000000000000e+00	2.577556796261000e-04	-3.011454085336000e-02	4.887357052372000e-04
7.744000000000000e+00	3.025046627633000e-04	-3.043432920312000e-02	4.903542214705000e-04
7.745000000000000e+00	3.472536454341000e-04	-3.075411755235000e-02	4.919727377038000e-04
7.746000000000000e+00	3.059719782696000e-04	-3.097572163671000e-02	4.935960387236000e-04
7.747000000000000e+00	2.646903111051000e-04	-3.119732572106000e-02	4.952193397433999e-04
7.748000000000000e+00	1.930517287435000e-04	-3.136944125440000e-02	4.963600270761000e-04
7.749000000000000e+00	9.105623184320000e-05	-3.149206823779000e-02	4.970181007322000e-04
7.750000000000000e+00	-1.093926505624000e-05	-3.161469522064000e-02	4.976761743810000e-04
7.751000000000000e+00	-1.127779757941000e-04	-3.163777156539000e-02	4.969648484488000e-04
7.752000000000000e+00	-2.146166865318000e-04	-3.166084791014000e-02	4.962535225166000e-04
7.753000000000000e+00	-2.860035035844000e-04	-3.163385753877000e-02	4.950564858585000e-04
7.754000000000000e+00	-3.269384276124000e-04	-3.155680045236000e-02	4.933737384852000e-04
7.755000000000000e+00	-3.678733511743000e-04	-3.147974336541000e-02	4.916909911119000e-04
7.756000000000000e+00	-3.228632050571000e-04	-3.130219590159000e-02	4.900033779812000e-04
7.757000000000000e+00	-2.778530589398000e-04	-3.112464843776000e-02	4.883157648505000e-04
7.758000000000000e+00	-2.025275746223000e-04	-3.089707106424000e-02	4.871100990181000e-04
7.759000000000000e+00	-9.688675276214000e-05	-3.061946378210000e-02	4.863863804735000e-04
7.760000000000000e+00	8.754069097012000e-06	-3.034185649943000e-02	4.856626619363000e-04
7.761000000000000e+00	1.142032650760000e-04	-2.996596383727000e-02	4.863065097511000e-04
7.762000000000000e+00	2.196524610548000e-04	-2.959007117511000e-02	4.869503575658000e-04
7.763000000000000e+00	2.946566224357000e-04	-2.916670446633000e-02	4.880792750299000e-04
7.764000000000000e+00	3.392157498791000e-04	-2.869586371196000e-02	4.896932621329001e-04
7.765000000000000e+00	3.837748768566000e-04	-2.822502295711000e-02	4.913072492359000e-04
7.766000000000000e+00	3.424059210465000e-04	-2.766387795772000e-02	4.929261127685000e-04
7.767000000000000e+00	3.010369652364000e-04	-2.710273295833000e-02	4.945449763011001e-04
7.768000000000000e+00	2.293308523043000e-04	-2.649911380565000e-02	4.956825452925000e-04
7.769000000000000e+00	1.272875829082000e-04	-2.585302050061000e-02	4.963388197532000e-04
7.770000000000000e+00	2.524431351215000e-05	-2.520692719513000e-02	4.969950942064000e-04
7.771000000000000e+00	-7.675616150577000e-05	-2.448135264680000e-02	4.962856656558000e-04
7.772000000000000e+00	-1.787566365237000e-04	-2.375577809847000e-02	4.955762371052000e-04
7.773000000000000e+00	-2.504383671426000e-04	-2.299311430703000e-02	4.943824266083000e-04
7.774000000000000e+00	-2.918013540198000e-04	-2.219336127327000e-02	4.927042341755000e-04
7.775000000000000e+00	-3.331643404329000e-04	-2.139360823914000e-02	4.910260417427000e-04
7.776000000000000e+00	-2.889082959042000e-04	-2.052500341168000e-02	4.893431137234000e-04
7.777000000000000e+00	-2.446522513755000e-04	-1.965639858421000e-02	4.876601857041000e-04
7.778000000000000e+00	-1.702087193600000e-04	-1.875630093703000e-02	4.864579969067000e-04
7.779000000000000e+00	-6.557770051223000e-05	-1.782471047083000e-02	4.857365473209000e-04
7.780000000000000e+00	3.905331833412000e-05	-1.689312000431000e-02	4.850150977425000e-04
7.781000000000000e+00	1.433991255866000e-04	-1.590546170433000e-02	4.856577044755000e-04
7.782000000000000e+00	2.477449328390000e-04	-1.491780340434000e-02	4.863003112084000e-04
7.783000000000000e+00	3.216800428872000e-04	-1.390618487424000e-02	4.874267198524000e-04
7.784000000000000e+00	3.652044563902000e-04	-1.287060611453000e-02	4.890369303969000e-04
7.785000000000000e+00	4.087288694281000e-04	-1.183502735461000e-02	4.906471409414000e-04
7.786000000000000e+00	3.664650075308000e-04	-1.076061154590000e-02	4.922621408503000e-04
7.787000000000000e+00	3.242011456335000e-04	-9.686195737197000e-03	4.938771407591000e-04
7.788000000000000e+00	2.516412964034000e-04	-8.597057149624001e-03	4.950120376142000e-04
7.789000000000000e+00	1.487854604972000e-04	-7.493195783501000e-03	4.956668314259000e-04
7.790000000000000e+00	4.592962459113000e-05	-6.389334417270000e-03	4.963216252301000e-04
7.791000000000000e+00	-5.694893946628000e-05	-5.265095783871000e-03	4.956141338261000e-04
7.792000000000000e+00	-1.598275035237000e-04	-4.140857150471000e-03	4.949066424220000e-04
7.793000000000000e+00	-2.324934961948000e-04	-3.010650843682000e-03	4.937159734402000e-04
7.794000000000000e+00	-2.749469181346000e-04	-1.874476863635000e-03	4.920421268912000e-04
7.795000000000000e+00	-3.174003396117000e-04	-7.383028835668001e-04	4.903682803421000e-04
7.796000000000000e+00	-2.745018097898000e-04	4.018279521713000e-04	4.886896473539000e-04
7.797000000000000e+00	-2.316032799680000e-04	1.541958787907000e-03	4.870110143656000e-04
7.798000000000000e+00	-1.586134594328000e-04	2.680063911756000e-03	4.858118623595000e-04
7.799000000000000e+00	-5.553234883662000e-05	3.816143323762000e-03	4.850921913253000e-04
7.800000000000000e+00	4.754876175767000e-05	4.952222735698000e-03	4.843725202983000e-04
7.801000000000000e+00	1.503181359008000e-04	6.075718780535000e-03	4.850133647183000e-04
7.802000000000000e+00	2.530875100441000e-04	7.199214825374000e-03	4.856542091383000e-04
7.803000000000000e+00	3.255157522687000e-04	8.311809088342999e-03	4.867775945071000e-04
7.804000000000000e+00	3.676028632327000e-04	9.413501569679000e-03	4.883835208141000e-04
7.805000000000000e+00	4.096899737327000e-04	1.051519405085000e-02	4.899894471212000e-04
7.806000000000000e+00	3.662023291698000e-04	1.158547594962000e-02	4.916001089672000e-04
7.807000000000000e+00	3.227146846069000e-04	1.265575784839000e-02	4.932107708131000e-04
7.808000000000000e+00	2.490106427642000e-04	1.370565288688000e-02	4.943425412966000e-04
7.809000000000000e+00	1.450902042968000e-04	1.473516106553000e-02	4.949954204279000e-04
7.810000000000000e+00	4.116976582939000e-05	1.576466924392000e-02	4.956482995519000e-04
7.811000000000000e+00	-6.275933618759000e-05	1.674491413960000e-02	4.949423623109999e-04
7.812000000000000e+00	-1.666884382046000e-04	1.772515903527000e-02	4.942364250701000e-04
7.813000000000000e+00	-2.404703648449000e-04	1.867711333794000e-02	4.930485525590000e-04
7.814000000000000e+00	-2.841051167622000e-04	1.960077704821000e-02	4.913787447882000e-04
7.815000000000000e+00	-3.277398682176000e-04	2.052444075814000e-02	4.897089370174000e-04
7.816000000000000e+00	-2.862073177800000e-04	2.138520590851000e-02	4.880344065000000e-04
7.817000000000000e+00	-2.446747673424000e-04	2.224597105888000e-02	4.863598759825000e-04
7.818000000000000e+00	-1.731060285469000e-04	2.307237610402000e-02	4.851636460982000e-04
7.819000000000000e+00	-7.150110204485001e-05	2.386442104467000e-02	4.844457168365000e-04
7.820000000000000e+00	3.010382445594000e-05	2.465646598491000e-02	4.837277875822000e-04
7.821000000000000e+00	1.314516108325000e-04	2.537395519662000e-02	4.843670159881000e-04
7.822000000000000e+00	2.327993972090000e-04	2.609144440832000e-02	4.850062443939000e-04
7.823000000000000e+00	3.039154544890000e-04	2.676863848770000e-02	4.861268441756000e-04
7.824000000000000e+00	3.447997833281000e-04	2.740553743562000e-02	4.877288153229000e-04
7.825000000000000e+00	3.856841117047000e-04	2.804243638307000e-02	4.893307864701000e-04
7.826000000000000e+00	3.412853877473000e-04	2.859278737175000e-02	4.909375898422000e-04
7.827000000000000e+00	2.968866637900000e-04	2.914313836043000e-02	4.925443932144000e-04
7.828000000000000e+00	2.223894524298000e-04	2.964757527065000e-02	4.936735634284000e-04
7.829000000000000e+00	1.177937543193000e-04	3.010609810340000e-02	4.943251004946000e-04
7.830000000000000e+00	1.319805620947000e-05	3.056462093564000e-02	4.949766375535000e-04
7.831000000000000e+00	-9.131757011873000e-05	3.092730915950000e-02	4.942728521042001e-04
7.832000000000000e+00	-1.958331964469000e-04	3.128999738337000e-02	4.935690666548000e-04
7.833000000000000e+00	-2.702311823979000e-04	3.160353310911000e-02	4.923845697071000e-04
7.834000000000000e+00	-3.145115286247000e-04	3.186791633780000e-02	4.907193612716000e-04
7.835000000000000e+00	-3.587918743904000e-04	3.213229956595000e-02	4.890541528360000e-04
7.836000000000000e+00	-3.180221912351000e-04	3.229723488821000e-02	4.873842043707000e-04
7.837000000000000e+00	-2.772525080798000e-04	3.246217021046000e-02	4.857142559053000e-04
7.838000000000000e+00	-2.064709290376000e-04	3.257720185389000e-02	4.845213768137000e-04
7.839000000000000e+00	-1.056774547593000e-04	3.264232981958000e-02	4.838055670853000e-04
7.840000000000000e+00	-4.883980482011000e-06	3.270745778472000e-02	4.830897573643000e-04
7.841000000000000e+00	9.576185026639000e-05	3.267265132565000e-02	4.837276458375000e-04
7.842000000000000e+00	1.964076810150000e-04	3.263784486658000e-02	4.843655343107000e-04
7.843000000000000e+00	2.669551544257000e-04	3.255300914847000e-02	4.854835812297000e-04
7.844000000000000e+00	3.074042711519000e-04	3.241814417238000e-02	4.870817865842000e-04
7.845000000000000e+00	3.478533874175000e-04	3.228327919576000e-02	4.886799919387000e-04
7.846000000000000e+00	3.033525338576000e-04	3.204846341777000e-02	4.902830622514000e-04
7.847000000000000e+00	2.588516802979000e-04	3.181364763979000e-02	4.918861325640000e-04
7.848000000000000e+00	1.843879932846000e-04	3.152930201690000e-02	4.930128082279000e-04
7.849000000000000e+00	7.996147346766001e-05	3.119542655019000e-02	4.936630892534000e-04
7.850000000000000e+00	-2.446504634807000e-05	3.086155108295000e-02	4.943133702716000e-04
7.851000000000000e+00	-1.286927277555000e-04	3.043083678610000e-02	4.936118048284000e-04
7.852000000000000e+00	-2.329204091631000e-04	3.000012248925000e-02	4.929102393851000e-04
7.853000000000000e+00	-3.070477659465000e-04	2.952287048593000e-02	4.917291845043000e-04
7.854000000000000e+00	-3.510747987587000e-04	2.899908077714000e-02	4.900686401964999e-04
7.855000000000000e+00	-3.951018311103000e-04	2.847529106787000e-02	4.884080958887000e-04
7.856000000000000e+00	-3.541779751437000e-04	2.786347493963000e-02	4.867427942690000e-04
7.857000000000000e+00	-3.132541191772000e-04	2.725165881138000e-02	4.850774926493000e-04
7.858000000000000e+00	-2.423372321237000e-04	2.659870112624000e-02	4.838880242404000e-04
7.859000000000000e+00	-1.414273146341000e-04	2.590460188509000e-02	4.831743890318000e-04
7.860000000000000e+00	-4.051739714461000e-05	2.521050264352000e-02	4.824607538306000e-04
7.861000000000000e+00	6.035718523926000e-05	2.443996027401000e-02	4.830973255288000e-04
7.862000000000000e+00	1.612317676233000e-04	2.366941790450000e-02	4.837338972271000e-04
7.863000000000000e+00	2.321386412793000e-04	2.286348443561000e-02	4.848493841293000e-04
7.864000000000000e+00	2.730778068574000e-04	2.202215986811000e-02	4.864437862252000e-04
7.865000000000000e+00	3.140169719766000e-04	2.118083530026000e-02	4.880381883210000e-04
7.866000000000000e+00	2.703259311302000e-04	2.027439317360000e-02	4.896374009858000e-04
7.867000000000000e+00	2.266348902838000e-04	1.936795104695000e-02	4.912366136505000e-04
7.868000000000000e+00	1.531064371901000e-04	1.843203755797000e-02	4.923606193884000e-04
7.869000000000000e+00	4.974057249639000e-05	1.746665270729000e-02	4.930094182096000e-04
7.870000000000000e+00	-5.362529219570000e-05	1.650126785634000e-02	4.936582170234000e-04
7.871000000000000e+00	-1.567005037029000e-04	1.548412870510000e-02	4.929585479263000e-04
7.872000000000000e+00	-2.597757152099000e-04	1.446698955386000e-02	4.922588788292000e-04
7.873000000000000e+00	-3.327844929052000e-04	1.342816084145000e-02	4.910809050487000e-04
7.874000000000000e+00	-3.757268374410000e-04	1.236764256835000e-02	4.894246265952000e-04
7.875000000000000e+00	-4.186691815168000e-04	1.130712429507000e-02	4.877683481417000e-04
7.876000000000000e+00	-3.767992431316000e-04	1.021249615843000e-02	4.861072559488000e-04
7.877000000000000e+00	-3.349293047464000e-04	9.117868021796999e-03	4.844461637559000e-04
7.878000000000000e+00	-2.631082242076000e-04	8.010955093098000e-03	4.832596680607000e-04
7.879000000000000e+00	-1.613360021652000e-04	6.891757372607000e-03	4.825477688530000e-04
7.880000000000000e+00	-5.956378012263000e-05	5.772559652033000e-03	4.818358696526000e-04
7.881000000000000e+00	4.223274783482000e-05	4.637977532222000e-03	4.824707161414000e-04
7.882000000000000e+00	1.440292757921000e-04	3.503395412413000e-03	4.831055626302000e-04
7.883000000000000e+00	2.159593374828000e-04	2.365385391687000e-03	4.842181057196000e-04
7.884000000000000e+00	2.580229335547000e-04	1.223947470115000e-03	4.858083453992000e-04
7.885000000000000e+00	3.000865291690000e-04	8.250954855250999e-05	4.873985850787000e-04
7.886000000000000e+00	2.577757134404000e-04	-1.057752574079000e-03	4.889936377874000e-04
7.887000000000000e+00	2.154648977116000e-04	-2.198014696712000e-03	4.905886904960000e-04
7.888000000000000e+00	1.434081379039000e-04	-3.333678403061000e-03	4.917097524350001e-04
7.889000000000000e+00	4.160543466213000e-05	-4.464743693225000e-03	4.923568236145000e-04
7.890000000000000e+00	-6.019726857807000e-05	-5.595808983295000e-03	4.930038947867000e-04
7.891000000000000e+00	-1.616883038907000e-04	-6.709179544947000e-03	4.923059301959000e-04
7.892000000000000e+00	-2.631793392034000e-04	-7.822550106599000e-03	4.916079656052000e-04
7.893000000000000e+00	-3.346743982407000e-04	-8.922504801503001e-03	4.904329053516000e-04
7.894000000000000e+00	-3.761734816534000e-04	-1.000904362995000e-02	4.887807494454000e-04
7.895000000000000e+00	-4.176725646072000e-04	-1.109558245820000e-02	4.871285935393000e-04
7.896000000000000e+00	-3.745733876729000e-04	-1.214581157212000e-02	4.854716074141000e-04
7.897000000000000e+00	-3.314742107386000e-04	-1.319604068605000e-02	4.838146212888000e-04
7.898000000000000e+00	-2.585047289869000e-04	-1.422351713850000e-02	4.826310075400000e-04
7.899000000000000e+00	-1.556649430656000e-04	-1.522824092998000e-02	4.819207661573000e-04
7.900000000000000e+00	-5.282515714420000e-05	-1.623296472118000e-02	4.812105247820000e-04
7.901000000000000e+00	5.001815954142000e-05	-1.718389201801000e-02	4.818435721212000e-04
7.902000000000000e+00	1.528614762270000e-04	-1.813481931484000e-02	4.824766194604000e-04
7.903000000000000e+00	2.258983197057000e-04	-1.905530196657000e-02	4.835861358761000e-04
7.904000000000000e+00	2.691286906236000e-04	-1.994533997385000e-02	4.851721213582000e-04
7.905000000000000e+00	3.123590610851000e-04	-2.083537798077000e-02	4.867581068402000e-04
7.906000000000000e+00	2.713872057167000e-04	-2.165846204051000e-02	4.883488761390000e-04
7.907000000000000e+00	2.304153503485000e-04	-2.248154610024000e-02	4.899396454379000e-04
7.908000000000000e+00	1.597473028711000e-04	-2.326838470657000e-02	4.910576263175000e-04
7.909000000000000e+00	5.938306392883000e-05	-2.401897786026000e-02	4.917028187882000e-04
7.910000000000000e+00	-4.098117501231000e-05	-2.476957101353000e-02	4.923480112515000e-04
7.911000000000000e+00	-1.410947493178000e-04	-2.544215849890000e-02	4.916515988555000e-04
7.912000000000000e+00	-2.412083236233000e-04	-2.611474598426000e-02	4.909551864594000e-04
7.913000000000000e+00	-3.114362347497000e-04	-2.674549182205000e-02	4.897829087608000e-04
7.914000000000000e+00	-3.517784833450000e-04	-2.733439601317000e-02	4.881347657698000e-04
7.915000000000000e+00	-3.921207314833000e-04	-2.792330020380000e-02	4.864866227788000e-04
7.916000000000000e+00	-3.481556663202000e-04	-2.842295103145000e-02	4.848337233803000e-04
7.917000000000000e+00	-3.041906011572000e-04	-2.892260185910000e-02	4.831808239817000e-04
7.918000000000000e+00	-2.304730142938000e-04	-2.937519039653000e-02	4.820001344424000e-04
7.919000000000000e+00	-1.270029063751000e-04	-2.978071664477000e-02	4.812916547522000e-04
7.920000000000000e+00	-2.353279845709000e-05	-3.018624289247000e-02	4.805831750693000e-04
7.921000000000000e+00	7.984950645067000e-05	-3.049405893127000e-02	4.812146529507000e-04
7.922000000000000e+00	1.832318113586000e-04	-3.080187497008000e-02	4.818461308320000e-04
7.923000000000000e+00	2.568343037693000e-04	-3.105981409420000e-02	4.829528962542000e-04
7.924000000000000e+00	3.006569843288000e-04	-3.126787630473000e-02	4.845349492069000e-04
7.925000000000000e+00	3.444796644323000e-04	-3.147593851471000e-02	4.861170021597000e-04
7.926000000000000e+00	3.042103360776000e-04	-3.158353597448000e-02	4.877038376096000e-04
7.927000000000000e+00	2.639410077230000e-04	-3.169113343425000e-02	4.892906730595000e-04
7.928000000000000e+00	1.939970063223000e-04	-3.174853885420000e-02	4.904058974975000e-04
7.929000000000000e+00	9.437833251910999e-05	-3.175575223541000e-02	4.910495109339000e-04
7.930000000000000e+00	-5.240341283187000e-06	-3.176296561607000e-02	4.916931243631000e-04
7.931000000000000e+00	-1.047198182266000e-04	-3.167011893532000e-02	4.909984433448000e-04
7.932000000000000e+00	-2.041992951703000e-04	-3.157727225457000e-02	4.903037623265000e-04
7.933000000000000e+00	-2.739256464128000e-04	-3.143456404137000e-02	4.891343634778000e-04
7.934000000000000e+00	-3.138988725996000e-04	-3.124199429681000e-02	4.874902468092000e-04
7.935000000000000e+00	-3.538720983310000e-04	-3.104942455171000e-02	4.858461301405000e-04
7.936000000000000e+00	-3.098677715969000e-04	-3.075770430861000e-02	4.841971554845000e-04
7.937000000000000e+00	-2.658634448627000e-04	-3.046598406550000e-02	4.825481808284000e-04
7.938000000000000e+00	-1.922411899338000e-04	-3.012536346163000e-02	4.813701794016000e-04
7.939000000000000e+00	-8.900100745306000e-05	-2.973584249805000e-02	4.806631511939000e-04
7.940000000000000e+00	1.423917502660000e-05	-2.934632153395000e-02	4.799561229933000e-04
7.941000000000000e+00	1.172717039152000e-04	-2.886166330910000e-02	4.805856306481000e-04
7.942000000000000e+00	2.203042328040000e-04	-2.837700508425000e-02	4.812151383030000e-04
7.943000000000000e+00	2.935721635129000e-04	-2.784687017401000e-02	4.823187455572000e-04
7.944000000000000e+00	3.370754966875000e-04	-2.727125857935000e-02	4.838964524007000e-04
7.945000000000000e+00	3.805788294066000e-04	-2.669564698423000e-02	4.854741592442000e-04
7.946000000000000e+00	3.400841794389000e-04	-2.603452866697000e-02	4.870567202945000e-04
7.947000000000000e+00	2.995895294713000e-04	-2.537341034971000e-02	4.886392813446999e-04
7.948000000000000e+00	2.294376192306000e-04	-2.467259931696000e-02	4.897514859708000e-04
7.949000000000000e+00	1.296284493605000e-04	-2.393209556958000e-02	4.903933341829000e-04
7.950000000000000e+00	2.981927949050000e-05	-2.319159182180000e-02	4.910351823877000e-04
7.951000000000000e+00	-6.996140648695999e-05	-2.237790423355000e-02	4.903422644743000e-04
7.952000000000000e+00	-1.697420924643000e-04	-2.156421664531000e-02	4.896493465609000e-04
7.953000000000000e+00	-2.398971703337000e-04	-2.071694008040000e-02	4.884829834588000e-04
7.954000000000000e+00	-2.804266407380000e-04	-1.983607453956000e-02	4.868431751782000e-04
7.955000000000000e+00	-3.209561106885000e-04	-1.895520899839000e-02	4.852033668975000e-04
7.956000000000000e+00	-2.778189069570000e-04	-1.801315313106000e-02	4.835588396835000e-04
7.957000000000000e+00	-2.346817032254000e-04	-1.707109726373000e-02	4.819143124695000e-04
7.958000000000000e+00	-1.620477895522000e-04	-1.610167975385000e-02	4.807396140333000e-04
7.959000000000000e+00	-5.991716657734000e-05	-1.510490060202000e-02	4.800347443649000e-04
7.960000000000000e+00	4.221345639591000e-05	-1.410812144994000e-02	4.793298747036000e-04
7.961000000000000e+00	1.440500985858000e-04	-1.306406030538000e-02	4.799582068081000e-04
7.962000000000000e+00	2.458867407755000e-04	-1.201999916083000e-02	4.805865389126000e-04
7.963000000000000e+00	3.179937233208000e-04	-1.095658908299000e-02	4.816877668259000e-04
7.964000000000000e+00	3.603710468666000e-04	-9.873830072278000e-03	4.832618905377000e-04
7.965000000000000e+00	4.027483699575000e-04	-8.791071061407000e-03	4.848360142495000e-04
7.966000000000000e+00	3.612666614009000e-04	-7.679049406719000e-03	4.864149165645000e-04
7.967000000000000e+00	3.197849528443000e-04	-6.567027752029000e-03	4.879938188796000e-04
7.968000000000000e+00	2.486885203350000e-04	-5.445208867301000e-03	4.891035032881000e-04
7.969000000000000e+00	1.479773645151000e-04	-4.313592752745000e-03	4.897439698003000e-04
7.970000000000000e+00	4.726620869517000e-05	-3.181976638133000e-03	4.903844363052000e-04
7.971000000000000e+00	-5.347172620256000e-05	-2.040046310644000e-03	4.896933976077000e-04
7.972000000000000e+00	-1.542096611001000e-04	-8.981159831565000e-04	4.890023589102001e-04
7.973000000000000e+00	-2.254193337247000e-04	2.446751307507000e-04	4.878390229706000e-04
7.974000000000000e+00	-2.671007447167000e-04	1.388327031061000e-03	4.862033897992000e-04
7.975000000000000e+00	-3.087821552564000e-04	2.531978931335000e-03	4.845677566279000e-04
7.976000000000000e+00	-2.670430881082000e-04	3.669290872041000e-03	4.829273531520000e-04
7.977000000000000e+00	-2.253040209600000e-04	4.806602812750000e-03	4.812869496761000e-04
7.978000000000000e+00	-1.541552826287000e-04	5.936739578086000e-03	4.801151736959000e-04
7.979000000000000e+00	-5.359687375202000e-05	7.059701168206000e-03	4.794120252013000e-04
7.980000000000000e+00	4.696153512313000e-05	8.182662758205001e-03	4.787088767139000e-04
7.981000000000000e+00	1.472111162044000e-04	9.282833459497999e-03	4.793355523703000e-04
7.982000000000000e+00	2.474606972857000e-04	1.038300416079000e-02	4.799622280267000e-04
7.983000000000000e+00	3.180527021082000e-04	1.146726401895000e-02	4.810605975479000e-04
7.984000000000000e+00	3.589871313150000e-04	1.253561303432000e-02	4.826306609238000e-04
7.985000000000000e+00	3.999215600683000e-04	1.360396204946000e-02	4.842007242998000e-04
7.986000000000000e+00	3.572128843526000e-04	1.463116306678000e-02	4.857755158272000e-04
7.987000000000000e+00	3.145042086368000e-04	1.565836408409000e-02	4.873503073546000e-04
7.988000000000000e+00	2.422630961530000e-04	1.666048817683000e-02	4.884570346394000e-04
7.989000000000000e+00	1.404895475415000e-04	1.763753534554000e-02	4.890956976918000e-04
7.990000000000000e+00	3.871599892976000e-05	1.861458251393000e-02	4.897343607369000e-04
7.991000000000000e+00	-6.305802339632000e-05	1.953340483843000e-02	4.890448138955000e-04
7.992000000000000e+00	-1.648320457224000e-04	2.045222716293000e-02	4.883552670540000e-04
7.993000000000000e+00	-2.371337732805000e-04	2.133851382496000e-02	4.871945959822000e-04
7.994000000000000e+00	-2.799632067097000e-04	2.219226482521000e-02	4.855628006902000e-04
7.995000000000000e+00	-3.227926396874000e-04	2.304601582508000e-02	4.839310053981000e-04
7.996000000000000e+00	-2.823650266744000e-04	2.382890393007000e-02	4.822944696075000e-04
7.997000000000000e+00	-2.419374136614000e-04	2.461179203505000e-02	4.806579338168000e-04
7.998000000000000e+00	-1.721463681902000e-04	2.535663216020000e-02	4.794888846610000e-04
7.999000000000000e+00	-7.299189089795000e-05	2.606342430633000e-02	4.787873221300000e-04
8.000000000000000e+00	2.616258639296000e-05	2.677021645202000e-02	4.780857596062000e-04
8.000999999999999e+00	1.250729978906000e-04	2.739573636449000e-02	4.787107992865000e-04
8.002000000000001e+00	2.239834093883000e-04	2.802125627696000e-02	4.793358389669000e-04
8.003000000000000e+00	2.933469769685000e-04	2.860348774512000e-02	4.804314565652000e-04
8.004000000000000e+00	3.331637012720000e-04	2.914243076992000e-02	4.819976520713000e-04
8.005000000000001e+00	3.729804251236000e-04	2.968137379422000e-02	4.835638475774000e-04
8.006000000000000e+00	3.294450218946000e-04	3.012857183173000e-02	4.851348825993000e-04
8.007000000000000e+00	2.859096186655000e-04	3.057576986924000e-02	4.867059176213000e-04
8.007999999999999e+00	2.129605116135000e-04	3.097487063010000e-02	4.878101049577000e-04
8.009000000000000e+00	1.105977013771000e-04	3.132587411537000e-02	4.884474446188000e-04
8.010000000000000e+00	8.234891141107000e-06	3.167687760010000e-02	4.890847842728000e-04
8.010999999999999e+00	-9.403164057950000e-05	3.192853277628000e-02	4.883972814488000e-04
8.012000000000000e+00	-1.962981722999000e-04	3.218018795245000e-02	4.877097786249000e-04
8.013000000000000e+00	-2.691148133061000e-04	3.238136524884000e-02	4.865523309410000e-04
8.013999999999999e+00	-3.124815642366000e-04	3.253206466654000e-02	4.849249384074000e-04
8.015000000000001e+00	-3.558483147163000e-04	3.268276408370000e-02	4.832975458738000e-04
8.016000000000000e+00	-3.160590007597000e-04	3.273223642208000e-02	4.816654018330000e-04
8.016999999999999e+00	-2.762696868031000e-04	3.278170876046000e-02	4.800332577923000e-04
8.018000000000001e+00	-2.071350157664000e-04	3.278083076179000e-02	4.788674193828000e-04
8.019000000000000e+00	-1.086549882863000e-04	3.272960242714000e-02	4.781678865944000e-04
8.020000000000000e+00	-1.017496080693000e-05	3.267837409196000e-02	4.774683538132000e-04
8.021000000000001e+00	8.817490719095999e-05	3.252722360551000e-02	4.780920997094000e-04
8.022000000000000e+00	1.865247751887000e-04	3.237607311907000e-02	4.787158456056000e-04
8.023000000000000e+00	2.554593334996000e-04	3.217536117339000e-02	4.798090014217000e-04
8.023999999999999e+00	2.949785827618000e-04	3.192508776956000e-02	4.813715671475000e-04
8.025000000000000e+00	3.344978315737000e-04	3.167481436521000e-02	4.829341328734000e-04
8.026000000000000e+00	2.909903191256000e-04	3.132645439140000e-02	4.845015596205000e-04
8.026999999999999e+00	2.474828066775000e-04	3.097809441758000e-02	4.860689863677000e-04
8.028000000000000e+00	1.746942458273000e-04	3.058159381938000e-02	4.871707503800000e-04
8.029000000000000e+00	7.262463720998000e-05	3.013695259783000e-02	4.878068516676000e-04
8.029999999999999e+00	-2.944497140619000e-05	2.969231137577000e-02	4.884429529481001e-04
8.031000000000001e+00	-1.312997027993000e-04	2.915448996337000e-02	4.877575482581000e-04
8.032000000000000e+00	-2.331544341923000e-04	2.861666855098000e-02	4.870721435680000e-04
8.032999999999999e+00	-3.055737248190000e-04	2.803455582793000e-02	4.859179725905000e-04
8.034000000000001e+00	-3.485575753180000e-04	2.740815179518000e-02	4.842950353355000e-04
8.035000000000000e+00	-3.915414253665000e-04	2.678174776198000e-02	4.826720980805000e-04
8.036000000000000e+00	-3.514607062163000e-04	2.607259680172000e-02	4.810444141230000e-04
8.037000000000001e+00	-3.113799870661000e-04	2.536344584145000e-02	4.794167301656000e-04
8.038000000000000e+00	-2.419708401202000e-04	2.461616579535000e-02	4.782541783855000e-04
8.039000000000000e+00	-1.432332660148000e-04	2.383075666423000e-02	4.775567587727000e-04
8.039999999999999e+00	-4.449569190924000e-05	2.304534753274000e-02	4.768593391670000e-04
8.041000000000000e+00	5.422007942602000e-05	2.219023091045000e-02	4.774818702798000e-04
8.042000000000000e+00	1.529358507613000e-04	2.133511428817000e-02	4.781044013925000e-04
8.042999999999999e+00	2.223610571401000e-04	2.044831210439000e-02	4.791951560444000e-04
8.044000000000000e+00	2.624956991976000e-04	1.952982435979000e-02	4.807541342250000e-04
8.045000000000000e+00	3.026303408066000e-04	1.861133661487000e-02	4.823131124058000e-04
8.045999999999999e+00	2.600423280625000e-04	1.763577209796000e-02	4.838769023286000e-04
8.047000000000001e+00	2.174543153183000e-04	1.666020758104000e-02	4.854406922514000e-04
8.048000000000000e+00	1.457037797167000e-04	1.565947542097000e-02	4.865399571876000e-04
8.048999999999999e+00	4.479072188989000e-05	1.463357561829000e-02	4.871746971473000e-04
8.050000000000001e+00	-5.612233593542000e-05	1.360767581538000e-02	4.878094370999000e-04
8.051000000000000e+00	-1.567365244478000e-04	1.253911593135000e-02	4.871259081201000e-04
8.052000000000000e+00	-2.573507129601000e-04	1.147055604731000e-02	4.864423791403000e-04
8.053000000000001e+00	-3.285642157319000e-04	1.038505269987000e-02	4.852912199331000e-04
8.054000000000000e+00	-3.703770334006000e-04	9.282605889379000e-03	4.836724305086000e-04
8.055000000000000e+00	-4.121898506197000e-04	8.180159078757000e-03	4.820536410841000e-04
8.055999999999999e+00	-3.710762235498000e-04	7.053405753669000e-03	4.804300524949000e-04
8.057000000000000e+00	-3.299625964800000e-04	5.926652428583000e-03	4.788064639058000e-04
8.058000000000000e+00	-2.595638776061000e-04	4.792633084934000e-03	4.776468209715000e-04
8.058999999999999e+00	-1.598800675629000e-04	3.651347722878000e-03	4.769511236819000e-04
8.060000000000000e+00	-6.019625751975000e-05	2.510062360795000e-03	4.762554263994000e-04
8.061000000000000e+00	3.951513574823000e-05	1.363597834278000e-03	4.768763515176000e-04
8.061999999999999e+00	1.392265290162000e-04	2.171333077600000e-04	4.774972766357000e-04
8.063000000000001e+00	2.097397767772000e-04	-9.276040445256000e-04	4.785852471294000e-04
8.064000000000000e+00	2.510548796642000e-04	-2.070614222613000e-03	4.801402629887000e-04
8.065000000000000e+00	2.923699821040000e-04	-3.213624400638000e-03	4.816952788480000e-04
8.066000000000001e+00	2.511971584085000e-04	-4.345112450538000e-03	4.832550835766000e-04
8.067000000000000e+00	2.100243347131000e-04	-5.476600500437000e-03	4.848148883053000e-04
8.068000000000000e+00	1.397710571233000e-04	-6.598339553118000e-03	4.859113231936000e-04
8.069000000000001e+00	4.043732626958000e-05	-7.710329608794000e-03	4.865443882515000e-04
8.070000000000000e+00	-5.889640458227000e-05	-8.822319664318000e-03	4.871774533022000e-04
8.071000000000000e+00	-1.579226430777000e-04	-9.906452291181001e-03	4.864955319400000e-04
8.071999999999999e+00	-2.569488815732000e-04	-1.099058491805000e-02	4.858136105778000e-04
8.073000000000000e+00	-3.266477598612000e-04	-1.205633820729000e-02	4.846652238287000e-04
8.074000000000000e+00	-3.670192785778000e-04	-1.310371215932000e-02	4.830503717028000e-04
8.074999999999999e+00	-4.073907968459000e-04	-1.415108611110000e-02	4.814355195770000e-04
8.076000000000001e+00	-3.650526667329000e-04	-1.515254953310000e-02	4.798158809793000e-04
8.077000000000000e+00	-3.227145366198000e-04	-1.615401295510000e-02	4.781962423817000e-04
8.077999999999999e+00	-2.511747492115000e-04	-1.712812414958000e-02	4.770393932975000e-04
8.079000000000001e+00	-1.504333051413000e-04	-1.807488311713000e-02	4.763453337166000e-04
8.080000000000000e+00	-4.969186107120000e-05	-1.902164208435000e-02	4.756512741427000e-04
8.081000000000000e+00	5.104492472346000e-05	-1.990586728293000e-02	4.762705490284000e-04
8.082000000000001e+00	1.517817105183000e-04	-2.079009248152000e-02	4.768898239141000e-04
8.083000000000000e+00	2.233714659025000e-04	-2.163976108039000e-02	4.779749697036000e-04
8.084000000000000e+00	2.658141915083000e-04	-2.245487308030000e-02	4.795259863867000e-04
8.085000000000001e+00	3.082569166676000e-04	-2.326998507981000e-02	4.810770030700000e-04
8.086000000000000e+00	2.683637044399000e-04	-2.401048516368000e-02	4.826327584895000e-04
8.087000000000000e+00	2.284704922122000e-04	-2.475098524756000e-02	4.841885139091000e-04
8.087999999999999e+00	1.595379943599000e-04	-2.545172405377000e-02	4.852820300833000e-04
8.089000000000000e+00	6.156621151325000e-05	-2.611270158317000e-02	4.859133070222000e-04
8.090000000000000e+00	-3.640557133213000e-05	-2.677367911212000e-02	4.865445839540000e-04
8.090999999999999e+00	-1.341411069293000e-04	-2.735031333081000e-02	4.858641102492000e-04
8.092000000000001e+00	-2.318766425267000e-04	-2.792694754950000e-02	4.851836365444000e-04
8.093000000000000e+00	-3.003967599740000e-04	-2.845895194595000e-02	4.840378534956000e-04
8.093999999999999e+00	-3.397014599051000e-04	-2.894632652114000e-02	4.824267611128000e-04
8.095000000000001e+00	-3.790061593893000e-04	-2.943370109581000e-02	4.808156687299000e-04
8.096000000000000e+00	-3.358922111494000e-04	-2.982706349465000e-02	4.791998326785000e-04
8.097000000000000e+00	-2.927782629096000e-04	-3.022042589350000e-02	4.775839966271000e-04
8.098000000000001e+00	-2.205815426244000e-04	-3.056477417551000e-02	4.764298340477000e-04
8.099000000000000e+00	-1.193020509249000e-04	-3.086010834175000e-02	4.757373449303000e-04
8.100000000000000e+00	-1.802255922595000e-05	-3.115544250745000e-02	4.750448558199000e-04
8.101000000000001e+00	8.315285853794999e-05	-3.135003669844000e-02	4.756625281798000e-04
8.102000000000000e+00	1.843282763017000e-04	-3.154463088944000e-02	4.762802005397000e-04
8.103000000000000e+00	2.563764235052000e-04	-3.168827364510000e-02	4.773626303130000e-04
8.103999999999999e+00	2.992973007802000e-04	-3.178096496653000e-02	4.789098174894000e-04
8.105000000000000e+00	3.422181776092000e-04	-3.187365628741000e-02	4.804570046660000e-04
8.106000000000000e+00	3.028978450569000e-04	-3.186461952227000e-02	4.820089787856000e-04
8.106999999999999e+00	2.635775125046000e-04	-3.185558275714000e-02	4.835609529053000e-04
8.108000000000001e+00	1.952336382202000e-04	-3.179617023645000e-02	4.846518436830000e-04
8.109000000000000e+00	9.786622283330000e-05	-3.168638196129000e-02	4.852816511286000e-04
8.109999999999999e+00	4.988074470223000e-07	-3.157659368559000e-02	4.859114585671000e-04
8.111000000000001e+00	-9.674744118677999e-05	-3.136728913517000e-02	4.852327421947000e-04
8.112000000000000e+00	-1.939936898204000e-04	-3.115798458475000e-02	4.845540258223000e-04
8.113000000000000e+00	-2.621548548247000e-04	-3.089955258932000e-02	4.834111224745000e-04
8.114000000000001e+00	-3.012309368305000e-04	-3.059199314995000e-02	4.818040321614000e-04
8.115000000000000e+00	-3.403070183912000e-04	-3.028443371005000e-02	4.801969418483000e-04
8.116000000000000e+00	-2.972856529081000e-04	-2.988011718992000e-02	4.785850362482000e-04
8.117000000000001e+00	-2.542642874249000e-04	-2.947580066980000e-02	4.769731306481000e-04
8.118000000000000e+00	-1.822911701970000e-04	-2.902423383460000e-02	4.758217105857000e-04
8.119000000000000e+00	-8.136630185229000e-05	-2.852541668537000e-02	4.751307760511000e-04
8.119999999999999e+00	1.955856649140000e-05	-2.802659953564000e-02	4.744398415235000e-04
8.121000000000000e+00	1.202611703581000e-04	-2.743681405789000e-02	4.750557439389000e-04
8.122000000000000e+00	2.209637742248000e-04	-2.684702858015000e-02	4.756716463544000e-04
8.122999999999999e+00	2.925522673505000e-04	-2.621426046188000e-02	4.767511253531000e-04
8.124000000000001e+00	3.350266503665000e-04	-2.553850970400000e-02	4.782941809250000e-04
8.125000000000000e+00	3.775010329370000e-04	-2.486275894569000e-02	4.798372364969000e-04
8.125999999999999e+00	3.378219297775000e-04	-2.410725760242000e-02	4.813850360841000e-04
8.127000000000001e+00	2.981428266180000e-04	-2.335175625914000e-02	4.829328356712000e-04
8.128000000000000e+00	2.294559785914000e-04	-2.255980176687000e-02	4.840206968462000e-04
8.129000000000000e+00	1.317613863269000e-04	-2.173139412642000e-02	4.846486196190000e-04
8.130000000000001e+00	3.406679406230000e-05	-2.090298648560000e-02	4.852765423848000e-04
8.131000000000000e+00	-6.361367206582000e-05	-2.000855847645000e-02	4.845992337853000e-04
8.132000000000000e+00	-1.612941381940000e-04	-1.911413046730000e-02	4.839219251857000e-04
8.132999999999999e+00	-2.300116618001000e-04	-1.819001786114000e-02	4.827816302077000e-04
8.134000000000000e+00	-2.697662435122000e-04	-1.723622065861000e-02	4.811783488612000e-04
8.135000000000000e+00	-3.095208247808000e-04	-1.628242345580000e-02	4.795750675146000e-04
8.135999999999999e+00	-2.674745259777000e-04	-1.527584082158000e-02	4.779671287834000e-04
8.137000000000000e+00	-2.254282271747000e-04	-1.426925818736000e-02	4.763591900521000e-04
8.138000000000000e+00	-1.545449955999000e-04	-1.323978146220000e-02	4.752106807210000e-04
8.138999999999999e+00	-5.482483187878000e-05	-1.218741064659000e-02	4.745216007801000e-04
8.140000000000001e+00	4.489533184085000e-05	-1.113503983077000e-02	4.738325208462000e-04
8.141000000000000e+00	1.443146151237000e-04	-1.004477016377000e-02	4.744471982532000e-04
8.141999999999999e+00	2.437338984066000e-04	-8.954500496775999e-03	4.750618756603000e-04
8.143000000000001e+00	3.140753506978000e-04	-7.849752139385000e-03	4.761390355310000e-04
8.144000000000000e+00	3.553389726275000e-04	-6.730525091919000e-03	4.776786778554000e-04
8.145000000000000e+00	3.966025941125000e-04	-5.611298044348000e-03	4.792183201798000e-04
8.146000000000001e+00	3.558529782225000e-04	-4.472817658253000e-03	4.807627278220000e-04
8.147000000000000e+00	3.151033623326000e-04	-3.334337272160000e-03	4.823071354642000e-04
8.148000000000000e+00	2.453910065558000e-04	-2.191159408340000e-03	4.833927213962000e-04
8.148999999999999e+00	1.467159115201000e-04	-1.043284066892000e-03	4.840194856281000e-04
8.150000000000000e+00	4.804081648444000e-05	1.045912745531000e-04	4.846462498529000e-04
8.151000000000000e+00	-5.066348710514000e-05	1.252459243261000e-03	4.839709152133000e-04
8.151999999999999e+00	-1.493677906949000e-04	2.400327211971000e-03	4.832955805737000e-04
8.153000000000000e+00	-2.191972462387000e-04	3.543866202833000e-03	4.821583479399000e-04
8.154000000000000e+00	-2.601518543629000e-04	4.683076215942000e-03	4.805592173220000e-04
8.154999999999999e+00	-3.011064620449000e-04	5.822286228961000e-03	4.789600867041000e-04
8.156000000000001e+00	-2.604853704920000e-04	6.944788421260000e-03	4.773562152602000e-04
8.157000000000000e+00	-2.198642789392000e-04	8.067290613557000e-03	4.757523438163000e-04
8.157999999999999e+00	-1.504842397826000e-04	9.177480310340000e-03	4.746067374408000e-04
8.159000000000001e+00	-5.234525364578000e-05	1.027535751188000e-02	4.739193961237000e-04
8.160000000000000e+00	4.579373248926000e-05	1.137323471323000e-02	4.732320548137000e-04
8.161000000000000e+00	1.436285333635000e-04	1.243823244022000e-02	4.738452260457000e-04
8.162000000000001e+00	2.414633342379000e-04	1.350323016720000e-02	4.744583972777000e-04
8.163000000000000e+00	3.102949909691000e-04	1.454741395487000e-02	4.755329037571000e-04
8.164000000000000e+00	3.501235041864000e-04	1.557078380367000e-02	4.770687454738000e-04
8.164999999999999e+00	3.899520169601000e-04	1.659415365221000e-02	4.786045871907000e-04
8.166000000000000e+00	3.479860723133000e-04	1.756694085864000e-02	4.801451616402000e-04
8.167000000000000e+00	3.060201276665000e-04	1.853972806507000e-02	4.816857360898000e-04
8.167999999999999e+00	2.351766771768000e-04	1.948294393197000e-02	4.827685979153000e-04
8.169000000000000e+00	1.354557214705000e-04	2.039658845999000e-02	4.833937471265000e-04
8.170000000000000e+00	3.573476576427000e-05	2.131023298764000e-02	4.840188963306000e-04
8.170999999999999e+00	-6.397654055051999e-05	2.215716847540000e-02	4.833450893549000e-04
8.172000000000001e+00	-1.636878468655000e-04	2.300410396317000e-02	4.826712823792000e-04
8.173000000000000e+00	-2.345708402708000e-04	2.381453897642000e-02	4.815366793998000e-04
8.173999999999999e+00	-2.766255213919000e-04	2.458847351597000e-02	4.799412804268000e-04
8.175000000000001e+00	-3.186802020716000e-04	2.536240805509000e-02	4.783458814537000e-04
8.176000000000000e+00	-2.793016499693000e-04	2.605815522198000e-02	4.767456997684000e-04
8.177000000000000e+00	-2.399230978670000e-04	2.675390238887000e-02	4.751455180831000e-04
8.178000000000001e+00	-1.718231699419000e-04	2.740827080947000e-02	4.740024657579000e-04
8.179000000000000e+00	-7.500186681771000e-05	2.802126048467000e-02	4.733165427830000e-04
8.180000000000000e+00	2.181943630541000e-05	2.863425015939000e-02	4.726306198151000e-04
8.180999999999999e+00	1.184110085395000e-04	2.916003355244000e-02	4.732420404251000e-04
8.182000000000000e+00	2.150025807730000e-04	2.968581694549000e-02	4.738534610351000e-04
8.183000000000000e+00	2.827027556088000e-04	3.016574049081000e-02	4.749251180299000e-04
8.183999999999999e+00	3.215115336733000e-04	3.059980418941000e-02	4.764570113996000e-04
8.185000000000000e+00	3.603203112957000e-04	3.103386788748000e-02	4.779889047693000e-04
8.186000000000000e+00	3.176239206880000e-04	3.137188761492000e-02	4.795256158942000e-04
8.186999999999999e+00	2.749275300802000e-04	3.170990734236000e-02	4.810623270191000e-04
8.188000000000001e+00	2.034724750103000e-04	3.199811922088000e-02	4.821425019858000e-04
8.189000000000000e+00	1.032587561028000e-04	3.223652325156000e-02	4.827661408041000e-04
8.190000000000000e+00	3.045037195655000e-06	3.247492728168000e-02	4.833897796154000e-04
8.191000000000001e+00	-9.705610090868000e-05	3.261145490297000e-02	4.827177478366000e-04
8.192000000000000e+00	-1.971572390127000e-04	3.274798252426000e-02	4.820457160578000e-04
8.193000000000000e+00	-2.684463107638000e-04	3.283321637231000e-02	4.809140582899000e-04
8.194000000000001e+00	-3.109233167872000e-04	3.286715644823000e-02	4.793227745430000e-04
8.195000000000000e+00	-3.534003223693000e-04	3.290109652360000e-02	4.777314907960000e-04
8.196000000000000e+00	-3.145304066082000e-04	3.283307522090000e-02	4.761354919277000e-04
8.196999999999999e+00	-2.756604908470000e-04	3.276505391819000e-02	4.745394930594000e-04
8.198000000000000e+00	-2.080815305246000e-04	3.264676688660000e-02	4.733995191703000e-04
8.199000000000000e+00	-1.117935262636000e-04	3.247821412723000e-02	4.727155702505000e-04
8.199999999999999e+00	-1.550552200310000e-05	3.230966136733000e-02	4.720316213378000e-04
8.201000000000001e+00	8.067084650807001e-05	3.204227000271000e-02	4.726418485843000e-04
8.202000000000000e+00	1.768472150192000e-04	3.177487863809000e-02	4.732520758308000e-04
8.202999999999999e+00	2.442619711834000e-04	3.145892902108000e-02	4.743214099301000e-04
8.204000000000001e+00	2.829151156245000e-04	3.109442115273000e-02	4.758498508723000e-04
8.205000000000000e+00	3.215682596252000e-04	3.072991328386000e-02	4.773782918145000e-04
8.206000000000000e+00	2.790338792692000e-04	3.027024447305000e-02	4.789115254252000e-04
8.207000000000001e+00	2.364994989131000e-04	2.981057566224000e-02	4.804447590359000e-04
8.208000000000000e+00	1.653357410390000e-04	2.930467726694000e-02	4.815225673809000e-04
8.209000000000000e+00	6.554260626796999e-05	2.875254928815000e-02	4.821449504699000e-04
8.210000000000001e+00	-3.425052850197000e-05	2.820042130889000e-02	4.827673335520000e-04
8.211000000000000e+00	-1.338143614702000e-04	2.755978999241000e-02	4.820972126976000e-04
8.212000000000000e+00	-2.333781944384000e-04	2.691915867594000e-02	4.814270918433000e-04
8.212999999999999e+00	-3.041427729026000e-04	2.623697520486000e-02	4.802984754111000e-04
8.214000000000000e+00	-3.461080974873000e-04	2.551323958008000e-02	4.787113634111000e-04
8.215000000000000e+00	-3.880734216313000e-04	2.478950395489000e-02	4.771242514110000e-04
8.215999999999999e+00	-3.487782851865000e-04	2.398924645732000e-02	4.755324643933000e-04
8.217000000000001e+00	-3.094831487417000e-04	2.318898895975000e-02	4.739406773756000e-04
8.218000000000000e+00	-2.414950118093000e-04	2.235406389423000e-02	4.728038193209000e-04
8.218999999999999e+00	-1.448138750118000e-04	2.148447126152000e-02	4.721218902193000e-04
8.220000000000001e+00	-4.813273821420000e-05	2.061487862846000e-02	4.714399611247000e-04
8.221000000000000e+00	4.853998150709000e-05	1.968315708382000e-02	4.720490785521000e-04
8.222000000000000e+00	1.452127012284000e-04	1.875143553919000e-02	4.726581959794000e-04
8.223000000000001e+00	2.132424828311000e-04	1.779212413637000e-02	4.737253057486000e-04
8.224000000000000e+00	2.526293269364000e-04	1.680522287596000e-02	4.752504078498000e-04
8.225000000000000e+00	2.920161706031000e-04	1.581832161529000e-02	4.767755099510000e-04
8.226000000000001e+00	2.505039762398000e-04	1.478309536638000e-02	4.783053792740000e-04
8.227000000000000e+00	2.089917818767000e-04	1.374786911747000e-02	4.798352485970000e-04
8.228000000000000e+00	1.389617247529000e-04	1.269209696491000e-02	4.809107840107000e-04
8.228999999999999e+00	4.041380548691000e-05	1.161577890914000e-02	4.815319855249000e-04
8.230000000000000e+00	-5.813411377727000e-05	1.053946085319000e-02	4.821531870322000e-04
8.231000000000000e+00	-1.563774959349000e-04	9.430133525677000e-03	4.814849807996000e-04
8.231999999999999e+00	-2.546208780925000e-04	8.320806198163000e-03	4.808167745670000e-04
8.233000000000001e+00	-3.241014415410000e-04	7.199518243162000e-03	4.796911609221000e-04
8.234000000000000e+00	-3.648191869042000e-04	6.066269660936000e-03	4.781081398747000e-04
8.234999999999999e+00	-4.055369318274000e-04	4.933021078634000e-03	4.765251188273000e-04
8.236000000000001e+00	-3.651337443992000e-04	3.785656432005000e-03	4.749373825736000e-04
8.237000000000000e+00	-3.247305569711000e-04	2.638291785377000e-03	4.733496463199000e-04
8.238000000000000e+00	-2.556798957853000e-04	1.488828684645000e-03	4.722157106058000e-04
8.239000000000001e+00	-1.579817614632000e-04	3.372671298511000e-04	4.715355754215000e-04
8.240000000000000e+00	-6.028362714096000e-05	-8.142944249123000e-04	4.708554402443000e-04
8.241000000000000e+00	3.744462399116000e-05	-1.960624833270000e-03	4.714631741457000e-04
8.242000000000001e+00	1.351728751234000e-04	-3.106955241629000e-03	4.720709080472000e-04
8.243000000000000e+00	2.043419635475000e-04	-4.246348350497000e-03	4.731355017818000e-04
8.244000000000000e+00	2.449518898832000e-04	-5.378804160026000e-03	4.746569553397000e-04
8.244999999999999e+00	2.855618157814000e-04	-6.511259969438000e-03	4.761784088976000e-04
8.246000000000000e+00	2.454872707883000e-04	-7.621833671543000e-03	4.777045745218000e-04
8.247000000000000e+00	2.054127257952000e-04	-8.732407373649000e-03	4.792307401460000e-04
8.247999999999999e+00	1.368933791428000e-04	-9.828122973441000e-03	4.803036514177000e-04
8.249000000000001e+00	3.992923144774000e-05	-1.090898047124000e-02	4.809233083466000e-04
8.250000000000000e+00	-5.703491624550000e-05	-1.198983796884000e-02	4.815429652685000e-04
8.250999999999999e+00	-1.536982175958000e-04	-1.303285373054000e-02	4.808762998075000e-04
8.252000000000001e+00	-2.503615189462000e-04	-1.407586949225000e-02	4.802096343465000e-04
8.253000000000000e+00	-3.183386044172000e-04	-1.509567829785000e-02	4.790866555436000e-04
8.254000000000000e+00	-3.576294746311000e-04	-1.609228014784000e-02	4.775073634087000e-04
8.255000000000001e+00	-3.969203444064000e-04	-1.708888199755000e-02	4.759280712738000e-04
8.256000000000000e+00	-3.553112716327000e-04	-1.803033489641000e-02	4.743440647707000e-04
8.257000000000000e+00	-3.137021988589000e-04	-1.897178779527000e-02	4.727600582677000e-04
8.257999999999999e+00	-2.435323830069000e-04	-1.988151405465000e-02	4.716287577710000e-04
8.259000000000000e+00	-1.448018246966000e-04	-2.075951367523000e-02	4.709501632708000e-04
8.260000000000000e+00	-4.607126638627000e-05	-2.163751329544000e-02	4.702715687777000e-04
8.260999999999999e+00	5.264496196045000e-05	-2.244477717777000e-02	4.708777474962000e-04
8.262000000000000e+00	1.513611903070000e-04	-2.325204106010000e-02	4.714839262147000e-04
8.263000000000000e+00	2.215606238628000e-04	-2.402094485588000e-02	4.725458701506000e-04
8.263999999999999e+00	2.632432632464000e-04	-2.475148856594000e-02	4.740635792939000e-04
8.265000000000001e+00	3.049259021932000e-04	-2.548203227556000e-02	4.755812884372000e-04
8.266000000000000e+00	2.660570334307000e-04	-2.613100041755000e-02	4.771037057007000e-04
8.266999999999999e+00	2.271881646682000e-04	-2.677996855955000e-02	4.786261229643000e-04
8.268000000000001e+00	1.599079039230000e-04	-2.738604273807000e-02	4.796963734537000e-04
8.269000000000000e+00	6.421625181179000e-05	-2.794922295404000e-02	4.803144571790000e-04
8.270000000000000e+00	-3.147540029825000e-05	-2.851240316953000e-02	4.809325408973000e-04
8.271000000000001e+00	-1.269460790189000e-04	-2.898573412511000e-02	4.802673699793000e-04
8.272000000000000e+00	-2.224167577394000e-04	-2.945906508069000e-02	4.796021990613000e-04
8.273000000000000e+00	-2.893141692065000e-04	-2.988542294823000e-02	4.784817894717000e-04
8.273999999999999e+00	-3.276383140399000e-04	-3.026480772874000e-02	4.769061412204000e-04
8.275000000000000e+00	-3.659624584360000e-04	-3.064419250872000e-02	4.753304929691000e-04
8.276000000000000e+00	-3.236768580052000e-04	-3.092574671970000e-02	4.737500894071000e-04
8.276999999999999e+00	-2.813912575743000e-04	-3.120730093068000e-02	4.721696858451000e-04
8.278000000000000e+00	-2.106645509762000e-04	-3.143838102129000e-02	4.710408801051000e-04
8.279000000000000e+00	-1.114967388279000e-04	-3.161898699263000e-02	4.703636721774000e-04
8.279999999999999e+00	-1.232892668018000e-05	-3.179959296341000e-02	4.696864642567000e-04
8.281000000000001e+00	8.671787936467001e-05	-3.187744889308000e-02	4.702909326858000e-04
8.282000000000000e+00	1.857646854094000e-04	-3.195530482275000e-02	4.708954011149000e-04
8.282999999999999e+00	2.563080806044000e-04	-3.198165905360000e-02	4.719545550230000e-04
8.284000000000001e+00	2.983480655680000e-04	-3.195651158674000e-02	4.734683944005000e-04
8.285000000000000e+00	3.403880500952000e-04	-3.193136411933000e-02	4.749822337779000e-04
8.286000000000000e+00	3.019568950523000e-04	-3.180429485746000e-02	4.765008358247000e-04
8.287000000000001e+00	2.635257400093000e-04	-3.167722559558000e-02	4.780194378714000e-04
8.288000000000000e+00	1.966936087896000e-04	-3.150013802024000e-02	4.790870010529000e-04
8.289000000000000e+00	1.014605020091000e-04	-3.127303213251000e-02	4.797035253789000e-04
8.289999999999999e+00	6.227395229085000e-06	-3.104592624424000e-02	4.803200496979000e-04
8.291000000000000e+00	-8.890303705431000e-05	-3.072093379250000e-02	4.796564799837000e-04
8.292000000000000e+00	-1.840334693377000e-04	-3.039594134077000e-02	4.789929102694000e-04
8.292999999999999e+00	-2.507188195211000e-04	-3.002309562868000e-02	4.778752224091000e-04
8.294000000000000e+00	-2.889590882212000e-04	-2.960239665728000e-02	4.763034164126000e-04
8.295000000000000e+00	-3.271993564858000e-04	-2.918169768537000e-02	4.747316104161000e-04
8.295999999999999e+00	-2.851427895753000e-04	-2.866770044588000e-02	4.731550819311000e-04
8.297000000000001e+00	-2.430862226647000e-04	-2.815370320638000e-02	4.715785534462000e-04
8.298000000000000e+00	-1.727159278616000e-04	-2.759462679237000e-02	4.704525331366000e-04
8.298999999999999e+00	-7.403190578008999e-05	-2.699047120482000e-02	4.697770209928000e-04
8.300000000000001e+00	2.465211630028000e-05	-2.638631561680000e-02	4.691015088559000e-04
8.301000000000000e+00	1.230996907082000e-04	-2.569637194393000e-02	4.697045600295000e-04
8.302000000000000e+00	2.215472651161000e-04	-2.500642827106000e-02	4.703076112031000e-04
8.303000000000001e+00	2.915036805019000e-04	-2.427648261696000e-02	4.713642292354000e-04
8.304000000000000e+00	3.329689374835000e-04	-2.350653498250000e-02	4.728744141165000e-04
8.305000000000000e+00	3.744341940292000e-04	-2.273658734764000e-02	4.743845989976000e-04
8.305999999999999e+00	3.355130444329000e-04	-2.189357328263000e-02	4.758994672477000e-04
8.307000000000000e+00	2.965918948367000e-04	-2.105055921762000e-02	4.774143354977000e-04
8.308000000000000e+00	2.292858274278000e-04	-2.017476930968000e-02	4.784792086058000e-04
8.308999999999999e+00	1.335948428215000e-04	-1.926620355953000e-02	4.790940865817000e-04
8.310000000000000e+00	3.790385821542000e-05	-1.835763780907000e-02	4.797089645507000e-04
8.311000000000000e+00	-5.778437442072000e-05	-1.739103062716000e-02	4.790467407464000e-04
8.311999999999999e+00	-1.534726070569000e-04	-1.642442344524000e-02	4.783845169422000e-04
8.313000000000001e+00	-2.208312792594000e-04	-1.543241014494000e-02	4.772692310799000e-04
8.314000000000000e+00	-2.598603916427000e-04	-1.441499072683000e-02	4.757008831691000e-04
8.315000000000000e+00	-2.988895035923000e-04	-1.339757130847000e-02	4.741325352584000e-04
8.316000000000001e+00	-2.579028443289000e-04	-1.233644576385000e-02	4.725594420338000e-04
8.317000000000000e+00	-2.169161850656000e-04	-1.127532021923000e-02	4.709863488092000e-04
8.318000000000000e+00	-1.477242435350000e-04	-1.019606574149000e-02	4.698626922774000e-04
8.319000000000001e+00	-5.032702034871000e-05	-9.098682331020000e-03	4.691884724286000e-04
8.320000000000000e+00	4.707020283577000e-05	-8.001298920402000e-03	4.685142525868000e-04
8.321000000000000e+00	1.441591398547000e-04	-6.875911572082000e-03	4.691156101362000e-04
8.321999999999999e+00	2.412480768739000e-04	-5.750524223760000e-03	4.697169676856000e-04
8.323000000000000e+00	3.098828223698000e-04	-4.615740922369000e-03	4.707708722639000e-04
8.324000000000000e+00	3.500633769600000e-04	-3.471561668110000e-03	4.722773238611000e-04
8.324999999999999e+00	3.902439311151000e-04	-2.327382413800000e-03	4.737837754584000e-04
8.326000000000001e+00	3.501784386657000e-04	-1.174294473725000e-03	4.752950652205000e-04
8.327000000000000e+00	3.101129462162000e-04	-2.120653364917000e-05	4.768063549826000e-04
8.327999999999999e+00	2.417096640478000e-04	1.131357613966000e-03	4.778688087778000e-04
8.329000000000001e+00	1.449685927748000e-04	2.283397969133000e-03	4.784824266160000e-04
8.330000000000000e+00	4.822752150184000e-05	3.435438324242000e-03	4.790960444473000e-04
8.331000000000000e+00	-4.854218534382000e-05	4.577001472263000e-03	4.784357426380000e-04
8.332000000000001e+00	-1.453118921896000e-04	5.718564620286000e-03	4.777754408287000e-04
8.333000000000000e+00	-2.138304916129000e-04	6.850583276712000e-03	4.766631924148000e-04
8.334000000000000e+00	-2.540979842264000e-04	7.973057441750000e-03	4.750989974061000e-04
8.335000000000001e+00	-2.943654764071000e-04	9.095531606643000e-03	4.735348023974000e-04
8.336000000000000e+00	-2.548199351702000e-04	1.019097634266000e-02	4.719658683025000e-04
8.337000000000000e+00	-2.152743939333000e-04	1.128642107869000e-02	4.703969342076000e-04
8.337999999999999e+00	-1.475916052708000e-04	1.236448786228000e-02	4.692763326785000e-04
8.339000000000000e+00	-5.177156979326000e-05	1.342517669382000e-02	4.686040637053000e-04
8.340000000000000e+00	4.404846568268000e-05	1.448586552512000e-02	4.679317947390000e-04
8.340999999999999e+00	1.395701841387000e-04	1.550382592991000e-02	4.685319678531000e-04
8.342000000000001e+00	2.350919025946000e-04	1.652178633470000e-02	4.691321409672000e-04
8.343000000000000e+00	3.022373114454000e-04	1.751419620200000e-02	4.701837367400000e-04
8.343999999999999e+00	3.410064113065000e-04	1.848105553236000e-02	4.716867551618000e-04
8.345000000000001e+00	3.797755107337000e-04	1.944791486241000e-02	4.731897735835000e-04
8.346000000000000e+00	3.385204379029000e-04	2.035518018900000e-02	4.746975513213000e-04
8.347000000000000e+00	2.972653650721000e-04	2.126244551560000e-02	4.762053290590000e-04
8.348000000000001e+00	2.277602710622000e-04	2.213590023366000e-02	4.772653204576000e-04
8.349000000000000e+00	1.300051564862000e-04	2.297554434393000e-02	4.778775255266000e-04
8.350000000000000e+00	3.225004191027000e-05	2.381518845380000e-02	4.784897305888000e-04
8.351000000000001e+00	-6.548393643238000e-05	2.458023317566000e-02	4.778310276309000e-04
8.352000000000000e+00	-1.632179147749000e-04	2.534527789751000e-02	4.771723246729000e-04
8.353000000000000e+00	-2.327388187785000e-04	2.607019408303000e-02	4.760627396672000e-04
8.353999999999999e+00	-2.740466490553000e-04	2.675498173309000e-02	4.745022726235000e-04
8.355000000000000e+00	-3.153544788999000e-04	2.743976938268000e-02	4.729418055797000e-04
8.356000000000000e+00	-2.769721321994000e-04	2.803979358334000e-02	4.713765737088000e-04
8.356999999999999e+00	-2.385897854990000e-04	2.863981778400000e-02	4.698113418378000e-04
8.358000000000001e+00	-1.720992441613000e-04	2.919554118922000e-02	4.686933489568000e-04
8.359000000000000e+00	-7.750050879641999e-05	2.970696379997000e-02	4.680225950561000e-04
8.359999999999999e+00	1.709822656733000e-05	3.021838641022000e-02	4.673518411623000e-04
8.361000000000001e+00	1.114836629055000e-04	3.063754822748000e-02	4.679504412982000e-04
8.362000000000000e+00	2.058690992435000e-04	3.105671004474000e-02	4.685490414342000e-04
8.363000000000000e+00	2.719917842967000e-04	3.142790761355000e-02	4.695979637794000e-04
8.364000000000001e+00	3.098517186781000e-04	3.175114093496000e-02	4.710972083243000e-04
8.365000000000000e+00	3.477116526271000e-04	3.207437425582000e-02	4.725964528691000e-04
8.366000000000000e+00	3.058364766081000e-04	3.229824525229000e-02	4.741004126243000e-04
8.367000000000001e+00	2.639613005890000e-04	3.252211624877000e-02	4.756043723794000e-04
8.368000000000000e+00	1.939552541045000e-04	3.269497860864000e-02	4.766616078387000e-04
8.369000000000000e+00	9.581833776478000e-05	3.281683233300000e-02	4.772721190118000e-04
8.369999999999999e+00	-2.318578574452000e-06	3.293868605681000e-02	4.778826301781000e-04
8.371000000000000e+00	-1.003265025044000e-04	3.295718630965000e-02	4.772252769932000e-04
8.372000000000000e+00	-1.983344264344000e-04	3.297568656249000e-02	4.765679238084000e-04
8.372999999999999e+00	-2.681408158139000e-04	3.294261464873000e-02	4.754607835257000e-04
8.374000000000001e+00	-3.097456712548000e-04	3.285797056947000e-02	4.739038561547000e-04
8.375000000000000e+00	-3.513505262638000e-04	3.277332648967000e-02	4.723469287838000e-04
8.375999999999999e+00	-3.133407595347000e-04	3.258707777017000e-02	4.707853144591000e-04
8.377000000000001e+00	-2.753309928055000e-04	3.240082905067000e-02	4.692237001345000e-04
8.378000000000000e+00	-2.092215767830000e-04	3.216494845197000e-02	4.681083034441000e-04
8.379000000000000e+00	-1.150125120765000e-04	3.187943597514000e-02	4.674391243782000e-04
8.380000000000001e+00	-2.080344737029000e-05	3.159392349778000e-02	4.667699453192000e-04
8.381000000000000e+00	7.331165381034000e-05	3.121175269448000e-02	4.673671978309000e-04
8.382000000000000e+00	1.674267549910000e-04	3.082958189118000e-02	4.679644503426000e-04
8.382999999999999e+00	2.334064228501000e-04	3.040039882352000e-02	4.690110023849000e-04
8.384000000000000e+00	2.712506579978000e-04	2.992420349253000e-02	4.705068539481000e-04
8.385000000000000e+00	3.090948927150000e-04	2.944800816104000e-02	4.720027055112000e-04
8.385999999999999e+00	2.675139418853000e-04	2.888064278110000e-02	4.735033419336000e-04
8.387000000000000e+00	2.259329910557000e-04	2.831327740116000e-02	4.750039783560000e-04
8.388000000000000e+00	1.563475007669000e-04	2.770211173994000e-02	4.760589778689000e-04
8.388999999999999e+00	5.875747162635000e-05	2.704714579838000e-02	4.766683404818000e-04
8.390000000000001e+00	-3.883255751303000e-05	2.639217985638000e-02	4.772777030878000e-04
8.391000000000000e+00	-1.361779627011000e-04	2.565438753729000e-02	4.766222282846000e-04
8.391999999999999e+00	-2.335233678891000e-04	2.491659521820000e-02	4.759667534814000e-04
8.393000000000001e+00	-3.026784024115000e-04	2.414046816579000e-02	4.748625506836000e-04
8.394000000000000e+00	-3.436430668793000e-04	2.332600638089000e-02	4.733096199011000e-04
8.395000000000000e+00	-3.846077309160000e-04	2.251154459562000e-02	4.717566891185000e-04
8.396000000000001e+00	-3.460402746959000e-04	2.162769193208000e-02	4.701990459916000e-04
8.397000000000000e+00	-3.074728184759000e-04	2.074383926854000e-02	4.686414028647000e-04
8.398000000000000e+00	-2.408218803329000e-04	1.982920466040000e-02	4.675289015733000e-04
8.398999999999999e+00	-1.460874608759000e-04	1.888378810832000e-02	4.668615421078000e-04
8.400000000000000e+00	-5.135304141898000e-05	1.793837155596000e-02	4.661941826491000e-04
8.401000000000000e+00	4.338303334945000e-05	1.693918793029000e-02	4.667902389449000e-04
8.401999999999999e+00	1.381191081180000e-04	1.594000430462000e-02	4.673862952407000e-04
8.403000000000000e+00	2.048311915102000e-04	1.491768219729000e-02	4.684305956474000e-04
8.404000000000000e+00	2.435192841338000e-04	1.387222160881000e-02	4.699231401552000e-04
8.404999999999999e+00	2.822073763284000e-04	1.282676102012000e-02	4.714156846630000e-04
8.406000000000001e+00	2.417413822040000e-04	1.174236044834000e-02	4.729130492422000e-04
8.407000000000000e+00	2.012753880797000e-04	1.065795987657000e-02	4.744104138215000e-04
8.407999999999999e+00	1.329088131120000e-04	9.557910141212000e-03	4.754632251499000e-04
8.409000000000001e+00	3.664165790598000e-05	8.442211242614000e-03	4.760714832371000e-04
8.410000000000000e+00	-5.962549729822000e-05	7.326512343895000e-03	4.766797413174000e-04
8.411000000000000e+00	-1.555821293404000e-04	6.187917850289000e-03	4.760261996873000e-04
8.412000000000001e+00	-2.515387613826000e-04	5.049323356682000e-03	4.753726580571000e-04
8.413000000000000e+00	-3.193433301808000e-04	3.903937446065000e-03	4.742714563216000e-04
8.414000000000000e+00	-3.589958363456000e-04	2.751760118584000e-03	4.727225944906000e-04
8.414999999999999e+00	-3.986483420799000e-04	1.599582791081000e-03	4.711737326595000e-04
8.416000000000000e+00	-3.589101355764000e-04	4.437600272847000e-04	4.696201451390000e-04
8.417000000000000e+00	-3.191719290729000e-04	-7.120627365119000e-04	4.680665576185000e-04
8.417999999999999e+00	-2.513983147242000e-04	-1.864723695681000e-03	4.669570337234000e-04
8.419000000000000e+00	-1.555892931386000e-04	-3.014222850288000e-03	4.662915734442000e-04
8.420000000000000e+00	-5.978027155291000e-05	-4.163722004810000e-03	4.656261131718000e-04
8.420999999999999e+00	3.605718843381000e-05	-5.297491094253000e-03	4.662210233689000e-04
8.422000000000001e+00	1.318946484207000e-04	-6.431260183698000e-03	4.668159335659000e-04
8.423000000000000e+00	1.997828078652000e-04	-7.552886671169000e-03	4.678580046050000e-04
8.423999999999999e+00	2.397216673736000e-04	-8.662370556931000e-03	4.693472364764000e-04
8.425000000000001e+00	2.796605264540000e-04	-9.771854442522000e-03	4.708364683478000e-04
8.426000000000000e+00	2.406391033462000e-04	-1.084920466815000e-02	4.723304795552000e-04
8.427000000000000e+00	2.016176802385000e-04	-1.192655489378000e-02	4.738244907626000e-04
8.428000000000001e+00	1.347596761201000e-04	-1.298404114953000e-02	4.748749904789000e-04
8.429000000000000e+00	4.006509159528000e-05	-1.402166343583000e-02	4.754819787136000e-04
8.430000000000000e+00	-5.462949292800000e-05	-1.505928572188000e-02	4.760889669415000e-04
8.430999999999999e+00	-1.490290828631000e-04	-1.604938447420000e-02	4.754371164962000e-04
8.432000000000000e+00	-2.434286727981000e-04	-1.703948322651000e-02	4.747852660508000e-04
8.433000000000000e+00	-3.097555920599000e-04	-1.800174517022000e-02	4.736867948293000e-04
8.433999999999999e+00	-3.480098412574000e-04	-1.893617030593000e-02	4.721417028414000e-04
8.435000000000000e+00	-3.862640900255000e-04	-1.987059544129000e-02	4.705966108534000e-04
8.436000000000000e+00	-3.453515856297000e-04	-2.074111817737000e-02	4.690467479158000e-04
8.436999999999999e+00	-3.044390812338000e-04	-2.161164091345000e-02	4.674968849782000e-04
8.438000000000001e+00	-2.355806376465000e-04	-2.244634789350000e-02	4.663900030446000e-04
8.439000000000000e+00	-1.387762554739000e-04	-2.324523911830000e-02	4.657261021054000e-04
8.440000000000000e+00	-4.197187330148000e-05	-2.404413034267000e-02	4.650622011730000e-04
8.441000000000001e+00	5.480494278613000e-05	-2.476473605953000e-02	4.656556324700000e-04
8.442000000000000e+00	1.515817588736000e-04	-2.548534177639000e-02	4.662490637670000e-04
8.443000000000000e+00	2.204428684630000e-04	-2.616414860904000e-02	4.672885803887000e-04
8.444000000000001e+00	2.613882721600000e-04	-2.680115655839000e-02	4.687741823254000e-04
8.445000000000000e+00	3.023336754293000e-04	-2.743816450726000e-02	4.702597842622000e-04
8.446000000000000e+00	2.644319916853000e-04	-2.798743458242000e-02	4.717501455471000e-04
8.446999999999999e+00	2.265303079413000e-04	-2.853670465758000e-02	4.732405068321000e-04
8.448000000000000e+00	1.608171300486000e-04	-2.904038161861000e-02	4.742884124828000e-04
8.449000000000000e+00	6.729245861019000e-05	-2.949846546651000e-02	4.748938625088000e-04
8.449999999999999e+00	-2.623221282723000e-05	-2.995654931390000e-02	4.754993125280000e-04
8.451000000000001e+00	-1.195513712917000e-04	-3.032020350349000e-02	4.748489253572000e-04
8.452000000000000e+00	-2.128705297562000e-04	-3.068385769308000e-02	4.741985381864000e-04
8.452999999999999e+00	-2.782310911067000e-04	-3.099868358551000e-02	4.731025969616000e-04
8.454000000000001e+00	-3.156330559498000e-04	-3.126468118183000e-02	4.715611016926000e-04
8.455000000000000e+00	-3.530350203652000e-04	-3.153067877760000e-02	4.700196064235000e-04
8.456000000000000e+00	-3.115586820249000e-04	-3.169604594215000e-02	4.684733588326000e-04
8.457000000000001e+00	-2.700823436844000e-04	-3.186141310670000e-02	4.669271112417000e-04
8.458000000000000e+00	-2.007793465721000e-04	-3.197537261142000e-02	4.658227918630000e-04
8.459000000000000e+00	-1.036496912914000e-04	-3.203792445742000e-02	4.651604006870000e-04
8.460000000000001e+00	-6.520036011316000e-06	-3.210047630285000e-02	4.644980095178000e-04
8.461000000000000e+00	9.047128593470000e-05	-3.205934754189000e-02	4.650899506383000e-04
8.462000000000000e+00	1.874626078807000e-04	-3.201821878092000e-02	4.656818917589000e-04
8.462999999999999e+00	2.565469781103000e-04	-3.192558717638000e-02	4.667188445660000e-04
8.464000000000000e+00	2.977243972286000e-04	-3.178145272937000e-02	4.682008090500000e-04
8.465000000000000e+00	3.389018159198000e-04	-3.163731828181000e-02	4.696827735340000e-04
8.465999999999999e+00	3.013012622792000e-04	-3.139217712719000e-02	4.711694448078000e-04
8.467000000000001e+00	2.637007086386000e-04	-3.114703597257000e-02	4.726561160815000e-04
8.468000000000000e+00	1.982948401366000e-04	-3.085278925566000e-02	4.737013595013000e-04
8.468999999999999e+00	1.050836573762000e-04	-3.050943697752000e-02	4.743051750767000e-04
8.470000000000001e+00	1.187247461615000e-05	-3.016608469887000e-02	4.749089906453000e-04
8.471000000000000e+00	-8.125364284795001e-05	-2.972757877649000e-02	4.742599147671000e-04
8.472000000000000e+00	-1.743797603120000e-04	-2.928907285411000e-02	4.736108388888000e-04
8.473000000000001e+00	-2.396732551713000e-04	-2.880453106350000e-02	4.725172612920000e-04
8.474000000000000e+00	-2.771341280292000e-04	-2.827395340565000e-02	4.709791819861000e-04
8.475000000000000e+00	-3.145950004611000e-04	-2.774337574732000e-02	4.694411026803000e-04
8.476000000000001e+00	-2.734826308904000e-04	-2.712401918312000e-02	4.678983066244000e-04
8.477000000000000e+00	-2.323702613198000e-04	-2.650466261892000e-02	4.663555105685000e-04
8.478000000000000e+00	-1.635552761726000e-04	-2.584291115765000e-02	4.652536230359000e-04
8.478999999999999e+00	-6.703767604945000e-05	-2.513876480022000e-02	4.645926440169000e-04
8.480000000000000e+00	2.947992407217000e-05	-2.443461844236000e-02	4.639316650048000e-04
8.481000000000000e+00	1.257459638061000e-04	-2.365084856780000e-02	4.645221208841000e-04
8.481999999999999e+00	2.220120035401000e-04	-2.286707869323000e-02	4.651125767635000e-04
8.483000000000001e+00	2.903822535805000e-04	-2.204675511243000e-02	4.661470279836000e-04
8.484000000000000e+00	3.308567145320000e-04	-2.118987782618000e-02	4.676254745350000e-04
8.484999999999999e+00	3.713311750568000e-04	-2.033300053958000e-02	4.691039210864000e-04
8.486000000000001e+00	3.331092575201000e-04	-1.941062017302000e-02	4.705871215825000e-04
8.487000000000000e+00	2.948873399834000e-04	-1.848823980645000e-02	4.720703220786000e-04
8.488000000000000e+00	2.288765352828000e-04	-1.753716900450000e-02	4.731131542929000e-04
8.489000000000001e+00	1.350768440207000e-04	-1.655740776778000e-02	4.737156182352000e-04
8.490000000000000e+00	4.127715275880000e-05	-1.557764653079000e-02	4.743180821706000e-04
8.491000000000000e+00	-5.252936965789000e-05	-1.454856909348000e-02	4.736706167566000e-04
8.492000000000001e+00	-1.463358920747000e-04	-1.351949165617000e-02	4.730231513426000e-04
8.493000000000000e+00	-2.124176870503000e-04	-1.246962149567000e-02	4.719322205431000e-04
8.494000000000000e+00	-2.507747551860000e-04	-1.139895861245000e-02	4.703978243677000e-04
8.494999999999999e+00	-2.891318228971000e-04	-1.032829572904000e-02	4.688634281922000e-04
8.496000000000000e+00	-2.491778275632000e-04	-9.223593636866000e-03	4.673242761021000e-04
8.497000000000000e+00	-2.092238322294000e-04	-8.118891544694000e-03	4.657851240119000e-04
8.497999999999999e+00	-1.416669968915000e-04	-7.001076042861000e-03	4.646858065653000e-04
8.499000000000001e+00	-4.650732214799000e-05	-5.870147131649000e-03	4.640263237528000e-04
8.500000000000000e+00	4.865235259363000e-05	-4.739218220343000e-03	4.633668409470000e-04
8.500999999999999e+00	1.435005047221000e-04	-3.590590599083000e-03	4.639557650795000e-04
8.502000000000001e+00	2.383486568507000e-04	-2.441962977820000e-03	4.645446892119000e-04
8.503000000000000e+00	3.053409087677000e-04	-1.289180758501000e-03	4.655765235791000e-04
8.504000000000000e+00	3.444772610775000e-04	-1.322439412133000e-04	4.670512681715000e-04
8.505000000000001e+00	3.836136129614000e-04	1.024692876067000e-03	4.685260127639000e-04
8.506000000000000e+00	3.441966976334000e-04	2.179971717514000e-03	4.700054347401000e-04
8.507000000000000e+00	3.047797823054000e-04	3.335250558960000e-03	4.714848567162000e-04
8.507999999999999e+00	2.376232450591000e-04	4.484721883170000e-03	4.725249279250000e-04
8.509000000000000e+00	1.427270864961000e-04	5.628385690268000e-03	4.731256483760000e-04
8.510000000000000e+00	4.783092793288000e-05	6.772049497252000e-03	4.737263688202000e-04
8.510999999999999e+00	-4.709408512901000e-05	7.894740014859999e-03	4.730801036358000e-04
8.512000000000000e+00	-1.420190981907000e-04	9.017430532466999e-03	4.724338384513000e-04
8.513000000000000e+00	-2.092903611384000e-04	1.012539772409000e-02	4.713451770526000e-04
8.513999999999999e+00	-2.489078745716000e-04	1.121864159005000e-02	4.698141194492000e-04
8.515000000000001e+00	-2.885253875813000e-04	1.231188545581000e-02	4.682830618457000e-04
8.516000000000000e+00	-2.500167682976000e-04	1.336795117807000e-02	4.667473608399000e-04
8.516999999999999e+00	-2.115081490139000e-04	1.442401690033000e-02	4.652116598341000e-04
8.518000000000001e+00	-1.454564983555000e-04	1.545777475060000e-02	4.641148288305000e-04
8.519000000000000e+00	-5.186181691974000e-05	1.646922472936000e-02	4.634568678195000e-04
8.520000000000000e+00	4.173286451444000e-05	1.748067470783000e-02	4.627989068152000e-04
8.521000000000001e+00	1.350379829647000e-04	1.843991395911000e-02	4.633865717025000e-04
8.522000000000000e+00	2.283431014147000e-04	1.939915321039000e-02	4.639742365898000e-04
8.523000000000000e+00	2.938738931296000e-04	2.032833467112000e-02	4.650038399821000e-04
8.523999999999999e+00	3.316303587118000e-04	2.122745834194000e-02	4.664753818697000e-04
8.525000000000000e+00	3.693868238692000e-04	2.212658201239000e-02	4.679469237574000e-04
8.526000000000000e+00	3.288175161999000e-04	2.295764700555000e-02	4.694232272953000e-04
8.526999999999999e+00	2.882482085304000e-04	2.378871199871000e-02	4.708995308332000e-04
8.528000000000000e+00	2.200309876675000e-04	2.458204233756000e-02	4.719375332781000e-04
8.529000000000000e+00	1.241658542107000e-04	2.533763802290000e-02	4.725372346397000e-04
8.529999999999999e+00	2.830072075404000e-05	2.609323370780000e-02	4.731369359945000e-04
8.531000000000001e+00	-6.753070720250000e-05	2.676704944714000e-02	4.724925551543000e-04
8.532000000000000e+00	-1.633621351589000e-04	2.744086518648000e-02	4.718481743140000e-04
8.532999999999999e+00	-2.315692405728000e-04	2.807131646987000e-02	4.707624011909000e-04
8.534000000000001e+00	-2.721520240434000e-04	2.865840329825000e-02	4.692352357945000e-04
8.535000000000000e+00	-3.127348070909000e-04	2.924549012614000e-02	4.677080703981000e-04
8.536000000000000e+00	-2.752961831709000e-04	2.974209055385000e-02	4.661761839571000e-04
8.537000000000001e+00	-2.378575592508000e-04	3.023869098156000e-02	4.646442975161000e-04
8.538000000000000e+00	-1.728977161620000e-04	3.068852620135000e-02	4.635502099622000e-04
8.539000000000000e+00	-8.041665450117000e-05	3.109159621426000e-02	4.628939212860000e-04
8.539999999999999e+00	1.206440715870000e-05	3.149466622664000e-02	4.622376326165000e-04
8.541000000000000e+00	1.043487626801000e-04	3.180139067783000e-02	4.628239869848000e-04
8.542000000000000e+00	1.966331182016000e-04	3.210811512903000e-02	4.634103413531000e-04
8.542999999999999e+00	2.612574870314000e-04	3.236527887855000e-02	4.644375795546000e-04
8.544000000000000e+00	2.982218697693000e-04	3.257288192747000e-02	4.659057015798000e-04
8.545000000000000e+00	3.351862520841000e-04	3.278048497585000e-02	4.673738236049000e-04
8.545999999999999e+00	2.941127757678000e-04	3.288646090035000e-02	4.688466749102000e-04
8.547000000000001e+00	2.530392994514000e-04	3.299243682486000e-02	4.703195262155000e-04
8.548000000000000e+00	1.844374887026000e-04	3.304674477296000e-02	4.713550936976000e-04
8.548999999999999e+00	8.830734411827999e-05	3.304938474577000e-02	4.719533773658000e-04
8.550000000000001e+00	-7.822800465395000e-06	3.305202471802000e-02	4.725516610273000e-04
8.551000000000000e+00	-1.038054153221000e-04	3.295093832013000e-02	4.719087470453000e-04
8.552000000000000e+00	-1.997880301787000e-04	3.284985192225000e-02	4.712658330633000e-04
8.553000000000001e+00	-2.681525081367000e-04	3.269747365861000e-02	4.701825384467000e-04
8.554000000000000e+00	-3.088988497945000e-04	3.249380353034000e-02	4.686588632049000e-04
8.555000000000000e+00	-3.496451910298000e-04	3.229013340152000e-02	4.671351879631000e-04
8.555999999999999e+00	-3.124339633352000e-04	3.198633765029000e-02	4.656067494987000e-04
8.557000000000000e+00	-2.752227356407000e-04	3.168254189907000e-02	4.640783110343000e-04
8.558000000000000e+00	-2.104949849916000e-04	3.133030728418000e-02	4.629866213638000e-04
8.558999999999999e+00	-1.182507119842000e-04	3.092963380668000e-02	4.623316804778000e-04
8.560000000000000e+00	-2.600643897776000e-05	3.052896032868000e-02	4.616767395985000e-04
8.561000000000000e+00	6.616065647263000e-05	3.003491391589000e-02	4.622614987143000e-04
8.561999999999999e+00	1.583277519230000e-04	2.954086750310000e-02	4.628462578302000e-04
8.563000000000001e+00	2.229585392985000e-04	2.900189607871000e-02	4.638708643505000e-04
8.564000000000000e+00	2.600530191958000e-04	2.841799964370000e-02	4.653353182658000e-04
8.565000000000000e+00	2.971474986718000e-04	2.783410320821000e-02	4.667997721811000e-04
8.566000000000001e+00	2.565028339498000e-04	2.716407856250000e-02	4.682689635397000e-04
8.567000000000000e+00	2.158581692280000e-04	2.649405391680000e-02	4.697381548984000e-04
8.568000000000000e+00	1.478064566603000e-04	2.578316382065000e-02	4.707711084976000e-04
8.569000000000001e+00	5.234769684074000e-05	2.503140827496000e-02	4.713678243468000e-04
8.570000000000000e+00	-4.311106297707000e-05	2.427965272885000e-02	4.719645401892000e-04
8.571000000000000e+00	-1.383118920768000e-04	2.345171138179000e-02	4.713230300374000e-04
8.571999999999999e+00	-2.335127211770000e-04	2.262377003473000e-02	4.706815198856000e-04
8.573000000000000e+00	-3.011065717740000e-04	2.176116595979000e-02	4.696007012761000e-04
8.574000000000000e+00	-3.410934444672000e-04	2.086389915773000e-02	4.680805742184000e-04
8.574999999999999e+00	-3.810803167380000e-04	1.996663235534000e-02	4.665604471606000e-04
8.576000000000001e+00	-3.431899363996000e-04	1.900795360080000e-02	4.650356607897000e-04
8.577000000000000e+00	-3.052995560612000e-04	1.804927484627000e-02	4.635108744187000e-04
8.577999999999999e+00	-2.399089650817000e-04	1.706408973295000e-02	4.624218610109000e-04
8.579000000000001e+00	-1.470181640568000e-04	1.605239826142000e-02	4.617686205567000e-04
8.580000000000000e+00	-5.412736303211000e-05	1.504070678965000e-02	4.611153801092000e-04
8.581000000000000e+00	3.877560834474000e-05	1.398431531894000e-02	4.616990171782000e-04
8.582000000000001e+00	1.316785797217000e-04	1.292792384822000e-02	4.622826542471000e-04
8.583000000000000e+00	1.971503748993000e-04	1.185315741743000e-02	4.633051346017000e-04
8.584000000000000e+00	2.351909944727000e-04	1.076001602697000e-02	4.647664582324000e-04
8.585000000000001e+00	2.732316136258000e-04	9.666874636353000e-03	4.662277818631000e-04
8.586000000000000e+00	2.337881134175000e-04	8.544716210492000e-03	4.676938447391000e-04
8.587000000000000e+00	1.943446132092000e-04	7.422557784631000e-03	4.691599076150000e-04
8.587999999999999e+00	1.275904495074000e-04	6.289870609181000e-03	4.701907422239000e-04
8.589000000000000e+00	3.352562290450000e-05	5.146654684375000e-03	4.707863485752000e-04
8.590000000000000e+00	-6.053920369665000e-05	4.003438759501000e-03	4.713819549198000e-04
8.590999999999999e+00	-1.542911619089000e-04	2.847794586964000e-03	4.707421895829000e-04
8.592000000000001e+00	-2.480431201211000e-04	1.692150414430000e-03	4.701024242461000e-04
8.593000000000000e+00	-3.142296659731000e-04	5.350129407052000e-04	4.690243584529000e-04
8.593999999999999e+00	-3.528508000630000e-04	-6.236178341766000e-04	4.675079922128000e-04
8.595000000000001e+00	-3.914719337314000e-04	-1.782248609023000e-03	4.659916259726000e-04
8.596000000000000e+00	-3.523621061803000e-04	-2.933893894343000e-03	4.644705972189000e-04
8.597000000000000e+00	-3.132522786291000e-04	-4.085539179663000e-03	4.629495684652000e-04
8.598000000000001e+00	-2.466939901326000e-04	-5.228731693448000e-03	4.618633043451000e-04
8.599000000000000e+00	-1.526872412862000e-04	-6.363471435876000e-03	4.612118048491000e-04
8.600000000000000e+00	-5.868049243962000e-05	-7.498211178162000e-03	4.605603053599000e-04
8.601000000000001e+00	3.535253999688000e-05	-8.606760450628999e-03	4.611428421701000e-04
8.602000000000000e+00	1.293855724332000e-04	-9.715309723094000e-03	4.617253789802000e-04
8.603000000000000e+00	1.960532216374000e-04	-1.080658052629000e-02	4.627457631117000e-04
8.603999999999999e+00	2.353554882031000e-04	-1.188057286060000e-02	4.642039945548000e-04
8.605000000000000e+00	2.746577543495000e-04	-1.295456519468000e-02	4.656622259980000e-04
8.606000000000000e+00	2.366499939871000e-04	-1.398641094895000e-02	4.671252299177000e-04
8.606999999999999e+00	1.986422336247000e-04	-1.501825670323000e-02	4.685882338374000e-04
8.608000000000001e+00	1.333791948910000e-04	-1.602540088134000e-02	4.696170321618000e-04
8.609000000000000e+00	4.086087837757000e-05	-1.700784348383000e-02	4.702116249005000e-04
8.609999999999999e+00	-5.165743813432000e-05	-1.799028608600000e-02	4.708062176325000e-04
8.611000000000001e+00	-1.438901288467000e-04	-1.891595465486000e-02	4.701683004040000e-04
8.612000000000000e+00	-2.361228195588000e-04	-1.984162322372000e-02	4.695303831755000e-04
8.613000000000000e+00	-3.008726342468000e-04	-2.073508615138000e-02	4.684551652010000e-04
8.614000000000001e+00	-3.381395735068000e-04	-2.159634343854000e-02	4.669426464900000e-04
8.615000000000000e+00	-3.754065123465000e-04	-2.245760072530000e-02	4.654301277790000e-04
8.616000000000000e+00	-3.351704415445000e-04	-2.324681042194000e-02	4.639129051636000e-04
8.617000000000001e+00	-2.949343707424000e-04	-2.403602011858000e-02	4.623956825481000e-04
8.618000000000000e+00	-2.273423039816000e-04	-2.478566982535000e-02	4.613121894796000e-04
8.619000000000000e+00	-1.323942418554000e-04	-2.549575954311000e-02	4.606624259486000e-04
8.619999999999999e+00	-3.744617972931000e-05	-2.620584926042000e-02	4.600126624243000e-04
8.621000000000000e+00	5.746128320364000e-05	-2.683087009426000e-02	4.605940320334000e-04
8.622000000000000e+00	1.523687461366000e-04	-2.745589092810000e-02	4.611754016424000e-04
8.622999999999999e+00	2.199366745975000e-04	-2.803609293627000e-02	4.621935903537000e-04
8.624000000000001e+00	2.601650691794000e-04	-2.857147611977000e-02	4.636485981579000e-04
8.625000000000000e+00	3.003934633425000e-04	-2.910685930275000e-02	4.651036059621000e-04
8.625999999999999e+00	2.634082426624000e-04	-2.954924523443000e-02	4.665633573508000e-04
8.627000000000001e+00	2.264230219823000e-04	-2.999163116611000e-02	4.680231087395000e-04
8.628000000000000e+00	1.622007958746000e-04	-3.038620534348000e-02	4.690496497131000e-04
8.629000000000000e+00	7.074156492999000e-05	-3.073296776758000e-02	4.696429802810000e-04
8.630000000000001e+00	-2.071766601371000e-05	-3.107973019114000e-02	4.702363108423000e-04
8.631000000000000e+00	-1.119882435572000e-04	-3.132849359689000e-02	4.695999500872000e-04
8.632000000000000e+00	-2.032588211007000e-04	-3.157725700263000e-02	4.689635893321000e-04
8.632999999999999e+00	-2.671613884059000e-04	-3.177586309556000e-02	4.678909139596000e-04
8.634000000000000e+00	-3.036959460661000e-04	-3.192431187675000e-02	4.663819239791000e-04
8.635000000000000e+00	-3.402305033076000e-04	-3.207276065739000e-02	4.648729339986000e-04
8.635999999999999e+00	-2.995494776275000e-04	-3.211886409542000e-02	4.633591894920000e-04
8.637000000000000e+00	-2.588684519475000e-04	-3.216496753346000e-02	4.618454449854000e-04
8.638000000000000e+00	-1.909510956505000e-04	-3.215928425465000e-02	4.607643989688000e-04
8.638999999999999e+00	-9.579740932740000e-05	-3.210181426013000e-02	4.601160514329000e-04
8.640000000000001e+00	-6.437230050329000e-07	-3.204434426504000e-02	4.594677039036000e-04
8.641000000000000e+00	9.435316829783000e-05	-3.188338782609000e-02	4.600476089128000e-04
8.641999999999999e+00	1.893500596007000e-04	-3.172243138713000e-02	4.606275139221000e-04
8.643000000000001e+00	2.570113458148000e-04	-3.151053711778000e-02	4.616432266322000e-04
8.644000000000000e+00	2.973370275328000e-04	-3.124770501915000e-02	4.630947470336000e-04
8.645000000000000e+00	3.376627088325000e-04	-3.098487291998000e-02	4.645462674351000e-04
8.646000000000001e+00	3.008335962260000e-04	-3.062308066778000e-02	4.660025444606000e-04
8.647000000000000e+00	2.640044836196000e-04	-3.026128841558000e-02	4.674588214861000e-04
8.648000000000000e+00	1.999414313186000e-04	-2.985186420205000e-02	4.684829074126000e-04
8.648999999999999e+00	1.086444399137000e-04	-2.939480802821000e-02	4.690748022496000e-04
8.650000000000000e+00	1.734744850929000e-05	-2.893775185387000e-02	4.696666970799000e-04
8.651000000000000e+00	-7.388036723749000e-05	-2.838937755761000e-02	4.690317713308000e-04
8.651999999999999e+00	-1.651081829844000e-04	-2.784100326134000e-02	4.683968455818000e-04
8.653000000000000e+00	-2.290900211128000e-04	-2.724894754634000e-02	4.673266167822000e-04
8.654000000000000e+00	-2.658258822139000e-04	-2.661321041355000e-02	4.658210849417000e-04
8.654999999999999e+00	-3.025617428978000e-04	-2.597747328031000e-02	4.643155531011000e-04
8.656000000000001e+00	-2.623758678246000e-04	-2.525851325130000e-02	4.628052573692000e-04
8.657000000000000e+00	-2.221899927514000e-04	-2.453955322229000e-02	4.612949616374000e-04
8.657999999999999e+00	-1.548869982658000e-04	-2.378137805648000e-02	4.602163440890000e-04
8.659000000000001e+00	-6.046688495575000e-05	-2.298398775473000e-02	4.595694047147000e-04
8.660000000000000e+00	3.395322835270000e-05	-2.218659745258000e-02	4.589224653470000e-04
8.661000000000000e+00	1.281080048911000e-04	-2.131668609789000e-02	4.595008919387000e-04
8.662000000000001e+00	2.222627814298000e-04	-2.044677474320000e-02	4.600793185304000e-04
8.663000000000000e+00	2.890929310114000e-04	-1.954419698253000e-02	4.610925244987000e-04
8.664000000000000e+00	3.285984542289000e-04	-1.860895281659000e-02	4.625405098342000e-04
8.664999999999999e+00	3.681039770286000e-04	-1.767370865034000e-02	4.639884951698000e-04
8.666000000000000e+00	3.305341302580000e-04	-1.668133645482000e-02	4.654411984920000e-04
8.667000000000000e+00	2.929642834874000e-04	-1.568896425930000e-02	4.668939018141000e-04
8.667999999999999e+00	2.281772606926000e-04	-1.467235648103000e-02	4.679154082560000e-04
8.669000000000000e+00	1.361730624641000e-04	-1.363151312055000e-02	4.685057178269000e-04
8.670000000000000e+00	4.416886423564000e-05	-1.259066975986000e-02	4.690960273912000e-04
8.670999999999999e+00	-4.785120619923000e-05	-1.150989514442000e-02	4.684623612617000e-04
8.672000000000001e+00	-1.398712766342000e-04	-1.042912052899000e-02	4.678286951322000e-04
8.673000000000000e+00	-2.047466893667000e-04	-9.332453883968000e-03	4.667607457547000e-04
8.673999999999999e+00	-2.424774449855000e-04	-8.219895209717000e-03	4.652585131385000e-04
8.675000000000001e+00	-2.802082001885000e-04	-7.107336535333000e-03	4.637562805223000e-04
8.676000000000000e+00	-2.412630334836000e-04	-5.970889974117000e-03	4.622493389709000e-04
8.677000000000000e+00	-2.023178667788000e-04	-4.834443412900000e-03	4.607423974194000e-04
8.678000000000001e+00	-1.363477784968000e-04	-3.690094129934000e-03	4.596661647568000e-04
8.679000000000000e+00	-4.335276922420000e-05	-2.537842125394000e-03	4.590206409735000e-04
8.680000000000000e+00	4.964224004675000e-05	-1.385590120815000e-03	4.583751171969000e-04
8.680999999999999e+00	1.423227725934000e-04	-2.262382347304000e-04	4.589521894614000e-04
8.682000000000000e+00	2.350033051399000e-04	9.331136513528000e-04	4.595292617258000e-04
8.683000000000000e+00	3.004023538682000e-04	2.091281180788000e-03	4.605401365166000e-04
8.683999999999999e+00	3.385199193702000e-04	3.248264353602000e-03	4.619848138243000e-04
8.685000000000000e+00	3.766374844550000e-04	4.405247526347000e-03	4.634294911320000e-04
8.686000000000000e+00	3.378281007481000e-04	5.549910337293000e-03	4.648789125737000e-04
8.686999999999999e+00	2.990187170411000e-04	6.694573148238000e-03	4.663283340153000e-04
8.688000000000001e+00	2.330456344977000e-04	7.828146969096001e-03	4.673475592631000e-04
8.689000000000000e+00	1.399088537072000e-04	8.950631800101000e-03	4.679365883263000e-04
8.690000000000000e+00	4.677207291654000e-05	1.007311663094000e-02	4.685256173829000e-04
8.691000000000001e+00	-4.638821292187000e-05	1.116423726614000e-02	4.678934758569000e-04
8.692000000000000e+00	-1.395484987601000e-04	1.225535790134000e-02	4.672613343309000e-04
8.693000000000000e+00	-2.056251485959000e-04	1.332667923634000e-02	4.661958877630000e-04
8.694000000000001e+00	-2.446181630168000e-04	1.437820127158000e-02	4.646971361628000e-04
8.695000000000000e+00	-2.836111770227000e-04	1.542972330656000e-02	4.631983845626000e-04
8.696000000000000e+00	-2.460914482848000e-04	1.643422366819000e-02	4.616948667621000e-04
8.696999999999999e+00	-2.085717195469000e-04	1.743872402981000e-02	4.601913489617000e-04
8.698000000000000e+00	-1.440775630330000e-04	1.841618777260000e-02	4.591175077314000e-04
8.699000000000000e+00	-5.260897932814000e-05	1.936661489713000e-02	4.584733430620000e-04
8.699999999999999e+00	3.885960437533000e-05	2.031704202133000e-02	4.578291783992000e-04
8.701000000000001e+00	1.300476614413000e-04	2.120627209642000e-02	4.584047145595000e-04
8.702000000000000e+00	2.212357185073000e-04	2.209550217151000e-02	4.589802507198000e-04
8.702999999999999e+00	2.852264717702000e-04	2.295045977260000e-02	4.599885578784000e-04
8.704000000000001e+00	3.220199218199000e-04	2.377114490044000e-02	4.614296360260000e-04
8.705000000000000e+00	3.588133714536000e-04	2.459183002787000e-02	4.628707141736000e-04
8.706000000000000e+00	3.189090746636000e-04	2.533666108807000e-02	4.643164867406000e-04
8.707000000000001e+00	2.790047778736000e-04	2.608149214828000e-02	4.657622593076000e-04
8.708000000000000e+00	2.120299924319000e-04	2.678503859595000e-02	4.667788248558000e-04
8.709000000000000e+00	1.179847189255000e-04	2.744730043197000e-02	4.673661833946000e-04
8.710000000000001e+00	2.393944541919000e-05	2.810956226752000e-02	4.679535419268000e-04
8.711000000000000e+00	-7.005885543440000e-05	2.868368522357000e-02	4.673225816166000e-04
8.712000000000000e+00	-1.640571562880000e-04	2.925780817962000e-02	4.666916213065000e-04
8.712999999999999e+00	-2.309946028216000e-04	2.978577537436000e-02	4.656283958835000e-04
8.714000000000000e+00	-2.708711956220000e-04	3.026758680878000e-02	4.641329053569000e-04
8.715000000000000e+00	-3.107477880079000e-04	3.074939824269000e-02	4.626374148302000e-04
8.715999999999999e+00	-2.742005357544000e-04	3.113595059536000e-02	4.611372919340000e-04
8.717000000000001e+00	-2.376532835010000e-04	3.152250294803000e-02	4.596371690378000e-04
8.718000000000000e+00	-1.741464310299000e-04	3.186032759174000e-02	4.585658058204000e-04
8.718999999999999e+00	-8.367997892589000e-05	3.214942452753000e-02	4.579232022725000e-04
8.720000000000001e+00	6.786473177292000e-06	3.243852146278000e-02	4.572805987313000e-04
8.721000000000000e+00	9.707399341208000e-05	3.262823709019000e-02	4.578550290702000e-04
8.722000000000000e+00	1.873615136469000e-04	3.281795271760000e-02	4.584294594091000e-04
8.723000000000001e+00	2.505675933959000e-04	3.295705385503000e-02	4.594357188753000e-04
8.724000000000000e+00	2.866922332463000e-04	3.304554050359000e-02	4.608738074594000e-04
8.725000000000000e+00	3.228168726825000e-04	3.313402715158000e-02	4.623118960436000e-04
8.726000000000001e+00	2.825316117339000e-04	3.311973452594000e-02	4.637547223021000e-04
8.727000000000000e+00	2.422463507854000e-04	3.310544190031000e-02	4.651975485605000e-04
8.728000000000000e+00	1.750105542940000e-04	3.303938756449000e-02	4.662121514765000e-04
8.728999999999999e+00	8.082422284392000e-05	3.292157151962000e-02	4.667985310592000e-04
8.730000000000000e+00	-1.336210860507000e-05	3.280375547419000e-02	4.673849106353000e-04
8.731000000000000e+00	-1.073832504721000e-04	3.258298147001000e-02	4.667557146712000e-04
8.731999999999999e+00	-2.014043923391000e-04	3.236220746582000e-02	4.661265187072000e-04
8.733000000000001e+00	-2.683668669020000e-04	3.209099341546000e-02	4.650660082531000e-04
8.734000000000000e+00	-3.082706747476000e-04	3.176933932002000e-02	4.635741833183000e-04
8.734999999999999e+00	-3.481744821792000e-04	3.144768522405000e-02	4.620823583835000e-04
8.736000000000001e+00	-3.117096041735000e-04	3.102852069900000e-02	4.605858246958000e-04
8.737000000000000e+00	-2.752447261678000e-04	3.060935617394000e-02	4.590892910080000e-04
8.738000000000000e+00	-2.118223005750000e-04	3.014350595830000e-02	4.580204983901000e-04
8.739000000000001e+00	-1.214423279796000e-04	2.963097005308000e-02	4.573794468327000e-04
8.740000000000000e+00	-3.106235538464000e-05	2.911843414738000e-02	4.567383952819000e-04
8.741000000000000e+00	5.925733187167000e-05	2.851690581633000e-02	4.573115428755000e-04
8.742000000000001e+00	1.495770191281000e-04	2.791537748528000e-02	4.578846904691000e-04
8.743000000000000e+00	2.129355257571000e-04	2.727154169196000e-02	4.588886666664000e-04
8.744000000000000e+00	2.493328523435000e-04	2.658539843729000e-02	4.603234714582000e-04
8.744999999999999e+00	2.857301785172000e-04	2.589925518218000e-02	4.617582762501000e-04
8.746000000000000e+00	2.460066547199000e-04	2.513304275570000e-02	4.631977965557000e-04
8.747000000000000e+00	2.062831309225000e-04	2.436683032921000e-02	4.646373168613000e-04
8.747999999999999e+00	1.397262246922000e-04	2.356317015397000e-02	4.656495866763000e-04
8.749000000000001e+00	4.633593661053000e-05	2.272206223079000e-02	4.662346060100000e-04
8.750000000000000e+00	-4.705435146946000e-05	2.188095430723000e-02	4.668196253372000e-04
8.750999999999999e+00	-1.401731015451000e-04	2.097120824373000e-02	4.661918217601000e-04
8.752000000000001e+00	-2.332918516210000e-04	2.006146218022000e-02	4.655640181830000e-04
8.753000000000000e+00	-2.993631582068000e-04	1.912114634031000e-02	4.645058641934000e-04
8.754000000000000e+00	-3.383870218893000e-04	1.815026072465000e-02	4.630173598005000e-04
8.755000000000001e+00	-3.774108851582000e-04	1.717937510871000e-02	4.615288554077000e-04
8.756000000000000e+00	-3.401458769681000e-04	1.615582696573000e-02	4.600355990369000e-04
8.757000000000000e+00	-3.028808687779000e-04	1.513227882275000e-02	4.585423426661000e-04
8.757999999999999e+00	-2.386762543502000e-04	1.408684641572000e-02	4.574758247331000e-04
8.759000000000000e+00	-1.475320342694000e-04	1.301952974512000e-02	4.568360452285000e-04
8.760000000000000e+00	-5.638781418843000e-05	1.195221307433000e-02	4.561962657304000e-04
8.760999999999999e+00	3.477553287883000e-05	1.084987307661000e-02	4.567678791783000e-04
8.762000000000000e+00	1.259388799459000e-04	9.747533078894000e-03	4.573394926262000e-04
8.763000000000000e+00	1.902380368748000e-04	8.631841987191999e-03	4.583409486241000e-04
8.763999999999999e+00	2.276730042482000e-04	7.502799801793000e-03	4.597722471628000e-04
8.765000000000001e+00	2.651079712101000e-04	6.373757616291000e-03	4.612035457015000e-04
8.766000000000000e+00	2.266579806417000e-04	5.226048498621000e-03	4.626395761373000e-04
8.766999999999999e+00	1.882079900733000e-04	4.078339380950000e-03	4.640756065730000e-04
8.768000000000001e+00	1.230123922148000e-04	2.925387010344000e-03	4.650853892741000e-04
8.769000000000000e+00	3.107118764664000e-05	1.767191386918000e-03	4.656689242498000e-04
8.770000000000000e+00	-6.087001691985000e-05	6.089957634828000e-04	4.662524592189000e-04
8.771000000000001e+00	-1.524966557652000e-04	-5.509298319659000e-04	4.656260140147000e-04
8.772000000000000e+00	-2.441232946105000e-04	-1.710855427413000e-03	4.649995688105000e-04
8.773000000000000e+00	-3.087472714322000e-04	-2.866910996138000e-03	4.639437978073000e-04
8.773999999999999e+00	-3.463685868161000e-04	-4.019096538227000e-03	4.624587010144000e-04
8.775000000000000e+00	-3.839899017871000e-04	-5.171282080219000e-03	4.609736042215000e-04
8.776000000000000e+00	-3.454726516006000e-04	-6.305821924693000e-03	4.594838529195000e-04
8.776999999999999e+00	-3.069554014140000e-04	-7.440361769169000e-03	4.579941016174000e-04
8.778000000000000e+00	-2.415533287326000e-04	-8.561193936770999e-03	4.569301549063000e-04
8.779000000000000e+00	-1.492664341395000e-04	-9.668318427799000e-03	4.562920127769000e-04
8.779999999999999e+00	-5.697953954629000e-05	-1.077544291863000e-02	4.556538706540000e-04
8.781000000000001e+00	3.532920324675000e-05	-1.184608995811000e-02	4.562244213639000e-04
8.782000000000000e+00	1.276379460396000e-04	-1.291673699758000e-02	4.567949720738000e-04
8.782999999999999e+00	1.931398340970000e-04	-1.396510670181000e-02	4.577944042222000e-04
8.784000000000001e+00	2.318348680003000e-04	-1.499119907127000e-02	4.592227177997000e-04
8.785000000000000e+00	2.705299014928000e-04	-1.601729144045000e-02	4.606510313773000e-04
8.786000000000000e+00	2.334945788063000e-04	-1.699159720525000e-02	4.620840750484000e-04
8.787000000000001e+00	1.964592561197000e-04	-1.796590297004000e-02	4.635171187194000e-04
8.788000000000000e+00	1.327248530468000e-04	-1.891090399901000e-02	4.645248773608000e-04
8.789000000000000e+00	4.229137016654000e-05	-1.982660029280000e-02	4.651073509817000e-04
8.789999999999999e+00	-4.814211271239000e-05	-2.074229658623000e-02	4.656898245961000e-04
8.791000000000000e+00	-1.383009773675000e-04	-2.159252915413000e-02	4.650650416293000e-04
8.792000000000000e+00	-2.284598420226000e-04	-2.244276172203000e-02	4.644402586624000e-04
8.792999999999999e+00	-2.917022769536000e-04	-2.325674368082000e-02	4.633871114645000e-04
8.794000000000000e+00	-3.280282827440000e-04	-2.403447503127000e-02	4.619056000448000e-04
8.795000000000000e+00	-3.643542881229000e-04	-2.481220638129000e-02	4.604240886250000e-04
8.795999999999999e+00	-3.247744590371000e-04	-2.551047409476000e-02	4.589379176736000e-04
8.797000000000001e+00	-2.851946299512000e-04	-2.620874180823000e-02	4.574517467221000e-04
8.798000000000000e+00	-2.188255251802000e-04	-2.686410771438000e-02	4.563904167581000e-04
8.798999999999999e+00	-1.256671453050000e-04	-2.747657181413000e-02	4.557539277723000e-04
8.800000000000001e+00	-3.250876542992000e-05	-2.808903591339000e-02	4.551174387930000e-04
8.801000000000000e+00	6.059419192438000e-05	-2.861052237347000e-02	4.556869293436000e-04
8.802000000000000e+00	1.536971492787000e-04	-2.913200883355000e-02	4.562564198941000e-04
8.803000000000001e+00	2.200118291194000e-04	-2.960612559124000e-02	4.572538416689000e-04
8.804000000000000e+00	2.595382320274000e-04	-3.003287264756000e-02	4.586791946585000e-04
8.805000000000000e+00	2.990646345254000e-04	-3.045961970335000e-02	4.601045476481000e-04
8.805999999999999e+00	2.629413892048000e-04	-3.078910480943000e-02	4.615346659334000e-04
8.807000000000000e+00	2.268181438844000e-04	-3.111858991552000e-02	4.629647842186000e-04
8.808000000000000e+00	1.640077583926000e-04	-3.139856632449000e-02	4.639705961811000e-04
8.808999999999999e+00	7.451023330808000e-05	-3.162903403742000e-02	4.645521018301000e-04
8.810000000000000e+00	-1.498729177536000e-05	-3.185950174980000e-02	4.651336074725000e-04
8.811000000000000e+00	-1.043138396080000e-04	-3.198948454971000e-02	4.645105928350000e-04
8.811999999999999e+00	-1.936403874406000e-04	-3.211946734962000e-02	4.638875781976000e-04
8.813000000000001e+00	-2.561657073882000e-04	-3.219852102082000e-02	4.628371547617000e-04
8.814000000000000e+00	-2.918898000318000e-04	-3.222664556443000e-02	4.613593225367000e-04
8.815000000000000e+00	-3.276138922654000e-04	-3.225477010749000e-02	4.598814903116000e-04
8.816000000000001e+00	-2.877171968045000e-04	-3.217997052656000e-02	4.583989582016000e-04
8.817000000000000e+00	-2.478205013436000e-04	-3.210517094564000e-02	4.569164260915000e-04
8.818000000000000e+00	-1.812535525833000e-04	-3.197878004448000e-02	4.558577453721000e-04
8.819000000000001e+00	-8.801635110191000e-05	-3.180079782422000e-02	4.552229160340000e-04
8.820000000000000e+00	5.220850378430000e-06	-3.162281560341000e-02	4.545880867025000e-04
8.821000000000000e+00	9.828372146534999e-05	-3.134269414701000e-02	4.551564626436000e-04
8.821999999999999e+00	1.913465925524000e-04	-3.106257269062000e-02	4.557248385847000e-04
8.823000000000000e+00	2.576217836091000e-04	-3.073265275373000e-02	4.567201640887000e-04
8.824000000000000e+00	2.971092952165000e-04	-3.035293433743000e-02	4.581424391463000e-04
8.824999999999999e+00	3.365968064139000e-04	-2.997321592061000e-02	4.595647142039000e-04
8.826000000000001e+00	3.004858397062000e-04	-2.949771953567000e-02	4.609917307577000e-04
8.827000000000000e+00	2.643748729985000e-04	-2.902222315073000e-02	4.624187473114000e-04
8.827999999999999e+00	2.015775783665000e-04	-2.850112519660000e-02	4.634224110741000e-04
8.829000000000001e+00	1.120939563889000e-04	-2.793442567427000e-02	4.640027220549000e-04
8.830000000000000e+00	2.261033441165000e-05	-2.736772615146000e-02	4.645830330292000e-04
8.831000000000000e+00	-6.682029234751000e-05	-2.671462630050000e-02	4.639615219499000e-04
8.832000000000001e+00	-1.562509191068000e-04	-2.606152644954000e-02	4.633400108705000e-04
8.833000000000000e+00	-2.189986533911000e-04	-2.536762051719000e-02	4.622920345229000e-04
8.834000000000000e+00	-2.550634957792000e-04	-2.463290850433000e-02	4.608175929165000e-04
8.835000000000001e+00	-2.911283377588000e-04	-2.389819649105000e-02	4.593431513099000e-04
8.836000000000000e+00	-2.518559557467000e-04	-2.308681019262000e-02	4.578639598300000e-04
8.837000000000000e+00	-2.125835737345000e-04	-2.227542389418000e-02	4.563847683500000e-04
8.837999999999999e+00	-1.467556339736000e-04	-2.142847000473000e-02	4.553284399716000e-04
8.839000000000000e+00	-5.437213704014000e-05	-2.054594852504000e-02	4.546949746857000e-04
8.840000000000000e+00	3.801135989182000e-05	-1.966342704500000e-02	4.540615094063000e-04
8.840999999999999e+00	1.301169415052000e-04	-1.871635854480000e-02	4.546284875336000e-04
8.842000000000001e+00	2.222225231184000e-04	-1.776929004461000e-02	4.551954656609000e-04
8.843000000000000e+00	2.875519342413000e-04	-1.679384307424000e-02	4.561884220841000e-04
8.843999999999999e+00	3.261051754546000e-04	-1.579001763432000e-02	4.576073567941000e-04
8.845000000000001e+00	3.646584162585000e-04	-1.478619219413000e-02	4.590262915041000e-04
8.846000000000000e+00	3.276928752443000e-04	-1.373433882521000e-02	4.604499736794000e-04
8.847000000000000e+00	2.907273342302000e-04	-1.268248545630000e-02	4.618736558547000e-04
8.848000000000001e+00	2.270940768401000e-04	-1.161117289266000e-02	4.628749589729000e-04
8.849000000000000e+00	1.367931036526000e-04	-1.052040113471000e-02	4.634538830433000e-04
8.850000000000000e+00	4.649213046485000e-05	-9.429629376600000e-03	4.640328071072000e-04
8.851000000000001e+00	-4.383093937646000e-05	-8.308866857046999e-03	4.634126585413000e-04
8.852000000000000e+00	-1.341540092176000e-04	-7.188104337496000e-03	4.627925099754000e-04
8.853000000000000e+00	-1.978875289908000e-04	-6.056581977890000e-03	4.617468685341000e-04
8.853999999999999e+00	-2.350314992728000e-04	-4.914299778460000e-03	4.602757342266000e-04
8.855000000000000e+00	-2.721754691473000e-04	-3.772017578961000e-03	4.588045999191000e-04
8.856000000000000e+00	-2.342093720602000e-04	-2.616365122747000e-03	4.573287200603000e-04
8.856999999999999e+00	-1.962432749730000e-04	-1.460712666533000e-03	4.558528402016000e-04
8.858000000000001e+00	-1.318053981011000e-04	-3.025015177616000e-04	4.547988537619000e-04
8.859000000000000e+00	-4.089574201860000e-05	8.582683235084000e-04	4.541667607320000e-04
8.859999999999999e+00	5.001391406215000e-05	2.019038164759000e-03	4.535346677086000e-04
8.861000000000001e+00	1.406083170158000e-04	3.176143738657000e-03	4.541002639682000e-04
8.862000000000000e+00	2.312027199692000e-04	4.333249312554000e-03	4.546658602279000e-04
8.863000000000000e+00	2.950674010034000e-04	5.483799980524000e-03	4.556564502277000e-04
8.864000000000001e+00	3.322023606980000e-04	6.627795742712000e-03	4.570720339583000e-04
8.865000000000000e+00	3.693373199840000e-04	7.771791504773000e-03	4.584876176890000e-04
8.866000000000000e+00	3.311062498174000e-04	8.892843608054000e-03	4.599079009305000e-04
8.867000000000001e+00	2.928751796507000e-04	1.001389571134000e-02	4.613281841719000e-04
8.868000000000000e+00	2.280330062745000e-04	1.111864791840000e-02	4.623270307382000e-04
8.869000000000000e+00	1.365797302659000e-04	1.220710022960000e-02	4.629044406384000e-04
8.869999999999999e+00	4.512645425708000e-05	1.329555254058000e-02	4.634818505321000e-04
8.871000000000000e+00	-4.634529377693000e-05	1.434249230558000e-02	4.628628904394000e-04
8.872000000000000e+00	-1.378170418109000e-04	1.538943207059000e-02	4.622439303466000e-04
8.872999999999999e+00	-2.027520843139000e-04	1.641166791853000e-02	4.612004453584000e-04
8.874000000000001e+00	-2.411504218616000e-04	1.740919984995000e-02	4.597324354841000e-04
8.875000000000000e+00	-2.795487590027000e-04	1.840673178107000e-02	4.582644256098000e-04
8.875999999999999e+00	-2.429816006615000e-04	1.934783912979000e-02	4.567917144906000e-04
8.877000000000001e+00	-2.064144423202000e-04	2.028894647851000e-02	4.553190033715000e-04
8.878000000000000e+00	-1.434176116123000e-04	2.119855598944000e-02	4.542672580019000e-04
8.879000000000000e+00	-5.399110911078000e-05	2.207666766326000e-02	4.536364783727000e-04
8.880000000000001e+00	3.543539338938000e-05	2.295477933671000e-02	4.530056987501000e-04
8.881000000000000e+00	1.245926179091000e-04	2.376333247497000e-02	4.535699635531000e-04
8.882000000000000e+00	2.137498424288000e-04	2.457188561323000e-02	4.541342283561000e-04
8.882999999999999e+00	2.762651439450000e-04	2.534230613083000e-02	4.551225565800000e-04
8.884000000000000e+00	3.121385230352000e-04	2.607459402859000e-02	4.565349482156000e-04
8.885000000000000e+00	3.480119017181000e-04	2.680688192589000e-02	4.579473398512000e-04
8.885999999999999e+00	3.087537097920000e-04	2.745630765287000e-02	4.593644663159000e-04
8.887000000000000e+00	2.694955178659000e-04	2.810573337985000e-02	4.607815927807000e-04
8.888000000000000e+00	2.037230270976000e-04	2.871075418406000e-02	4.617782461003000e-04
8.888999999999999e+00	1.114362380622000e-04	2.927137006647000e-02	4.623544262840000e-04
8.890000000000001e+00	1.914944902702000e-05	2.983198594837000e-02	4.629306064611000e-04
8.891000000000000e+00	-7.307361845987000e-05	3.029902898838000e-02	4.623131159709000e-04
8.891999999999999e+00	-1.652966859468000e-04	3.076607202839000e-02	4.616956254807000e-04
8.893000000000001e+00	-2.309979086844000e-04	3.118465999288000e-02	4.606545557622000e-04
8.894000000000000e+00	-2.701772872478000e-04	3.155479288289000e-02	4.591899068244000e-04
8.895000000000000e+00	-3.093566654052000e-04	3.192492577236000e-02	4.577252578866000e-04
8.896000000000001e+00	-2.736428112676000e-04	3.219606259188000e-02	4.562558747388000e-04
8.897000000000000e+00	-2.379289571301000e-04	3.246719941140000e-02	4.547864915911000e-04
8.898000000000000e+00	-1.757937797740000e-04	3.268818565508000e-02	4.537370961103000e-04
8.898999999999999e+00	-8.723727977234000e-05	3.285902132402000e-02	4.531076882873000e-04
8.900000000000000e+00	1.319220228323000e-06	3.302985699240000e-02	4.524782804708000e-04
8.901000000000000e+00	8.971419680135000e-05	3.309938954120000e-02	4.530411564457000e-04
8.901999999999999e+00	1.781091733745000e-04	3.316892209000000e-02	4.536040324206000e-04
8.903000000000000e+00	2.399777624964000e-04	3.318735597558000e-02	4.545899812549000e-04
8.904000000000000e+00	2.753199647424000e-04	3.315469119906000e-02	4.559990029396000e-04
8.904999999999999e+00	3.106621665826000e-04	3.312202642197000e-02	4.574080246243000e-04
8.906000000000001e+00	2.711562494844000e-04	3.298658533560000e-02	4.588217061824000e-04
8.907000000000000e+00	2.316503323863000e-04	3.285114424923000e-02	4.602353877406000e-04
8.907999999999999e+00	1.657482108683000e-04	3.266442865346000e-02	4.612295199192000e-04
8.909000000000001e+00	7.344988550253001e-05	3.242643854943000e-02	4.618041027274000e-04
8.910000000000000e+00	-1.884843986206000e-05	3.218844844484000e-02	4.623786855292000e-04
8.911000000000000e+00	-1.109645999666000e-04	3.184942864515000e-02	4.617622711685000e-04
8.912000000000001e+00	-2.030807600713000e-04	3.151040884545000e-02	4.611458568079000e-04
8.913000000000000e+00	-2.686750107925000e-04	3.112237544295000e-02	4.601068320369000e-04
8.914000000000000e+00	-3.077473527055000e-04	3.068532843871000e-02	4.586451968647000e-04
8.914999999999999e+00	-3.468196942128000e-04	3.024828143397000e-02	4.571835616926000e-04
8.916000000000000e+00	-3.110478525349000e-04	2.971746915644000e-02	4.557172834701000e-04
8.917000000000000e+00	-2.752760108570000e-04	2.918665687892000e-02	4.542510052477000e-04
8.917999999999999e+00	-2.130830447397000e-04	2.861146295014000e-02	4.532038313741000e-04
8.919000000000000e+00	-1.244689547563000e-04	2.799188737108000e-02	4.525757618404000e-04
8.920000000000000e+00	-3.585486477318000e-05	2.737231179157000e-02	4.519476923131000e-04
8.920999999999999e+00	5.271470385391000e-05	2.666918865885000e-02	4.525093706044000e-04
8.922000000000001e+00	1.412842724811000e-04	2.596606552613000e-02	4.530710488958000e-04
8.923000000000000e+00	2.034441320227000e-04	2.522376146910000e-02	4.540549186125000e-04
8.923999999999999e+00	2.391942830514000e-04	2.444227648860000e-02	4.554609797454000e-04
8.925000000000001e+00	2.749444336758000e-04	2.366079150771000e-02	4.568670408784000e-04
8.926000000000000e+00	2.361254994320000e-04	2.280625950928000e-02	4.582778567308000e-04
8.927000000000000e+00	1.973065651881000e-04	2.195172751085000e-02	4.596886725832000e-04
8.928000000000001e+00	1.322040753162000e-04	2.106361577669000e-02	4.606809077324000e-04
8.929000000000000e+00	4.081803038632000e-05	2.014192430754000e-02	4.612545621875000e-04
8.930000000000000e+00	-5.056801454203000e-05	1.922023283806000e-02	4.618282166361000e-04
8.930999999999999e+00	-1.416708260082000e-04	1.823828229282000e-02	4.612135436873000e-04
8.932000000000000e+00	-2.327736374743000e-04	1.725633174758000e-02	4.605988707385000e-04
8.933000000000000e+00	-2.973665720824000e-04	1.624828246024000e-02	4.595625105666000e-04
8.933999999999999e+00	-3.354496304077000e-04	1.521413443136000e-02	4.581044631809000e-04
8.935000000000000e+00	-3.735326883277000e-04	1.417998640226000e-02	4.566464157951000e-04
8.936000000000000e+00	-3.368521612581000e-04	1.310260059323000e-02	4.551836595878000e-04
8.936999999999999e+00	-3.001716341885000e-04	1.202521478421000e-02	4.537209033805000e-04
8.938000000000001e+00	-2.370898561887000e-04	1.093086134979000e-02	4.526762721877000e-04
8.939000000000000e+00	-1.476068278317000e-04	9.819540290351000e-03	4.520497660005000e-04
8.940000000000000e+00	-5.812379947442000e-05	8.708219230777000e-03	4.514232598198000e-04
8.941000000000001e+00	3.138452469535000e-05	7.572049243344000e-03	4.519837700708000e-04
8.942000000000000e+00	1.208928488647000e-04	6.435879255917000e-03	4.525442803217000e-04
8.943000000000000e+00	1.840809091457000e-04	5.291582937250000e-03	4.535260146455000e-04
8.944000000000001e+00	2.209487061093000e-04	4.139160287518000e-03	4.549289730330000e-04
8.945000000000000e+00	2.578165026696000e-04	2.986737637749000e-03	4.563319314205000e-04
8.946000000000000e+00	2.203335760213000e-04	1.826300383669000e-03	4.577396098125000e-04
8.946999999999999e+00	1.828506493729000e-04	6.658631295850000e-04	4.591472882044000e-04
8.948000000000000e+00	1.191640289768000e-04	-4.944317644965000e-04	4.601373154246000e-04
8.949000000000000e+00	2.927371540169000e-05	-1.654584298581000e-03	4.607096914820000e-04
8.949999999999999e+00	-6.061659817222000e-05	-2.814736832622000e-03	4.612820675331000e-04
8.951000000000001e+00	-1.501919271632000e-04	-3.965824018008000e-03	4.606687581535000e-04
8.952000000000000e+00	-2.397672561540000e-04	-5.116911203392000e-03	4.600554487738000e-04
8.952999999999999e+00	-3.028809024330000e-04	-6.258768207532000e-03	4.590213819363000e-04
8.954000000000001e+00	-3.395328665737000e-04	-7.391395030628000e-03	4.575665576499000e-04
8.955000000000000e+00	-3.761848303098000e-04	-8.524021853567000e-03	4.561117333635000e-04
8.956000000000000e+00	-3.382288634140000e-04	-9.628452068656000e-03	4.546521726675000e-04
8.957000000000001e+00	-3.002728965179000e-04	-1.073288228375000e-02	4.531926119716000e-04
8.958000000000000e+00	-2.359744441199000e-04	-1.181845562266000e-02	4.521502194239000e-04
8.959000000000000e+00	-1.453335067913000e-04	-1.288517208581000e-02	4.515249950156000e-04
8.960000000000001e+00	-5.469256946254000e-05	-1.395188854870000e-02	4.508997706136000e-04
8.961000000000000e+00	3.596302425065000e-05	-1.497215288161000e-02	4.514588676582000e-04
8.962000000000000e+00	1.266186179638000e-04	-1.599241721451000e-02	4.520179647029000e-04
8.962999999999999e+00	1.910020135658000e-04	-1.698561102159000e-02	4.529973288519000e-04
8.964000000000000e+00	2.291132116262000e-04	-1.795173430341000e-02	4.543969600963000e-04
8.965000000000000e+00	2.672244092841000e-04	-1.891785758491000e-02	4.557965913407000e-04
8.965999999999999e+00	2.311189507796000e-04	-1.982306184458000e-02	4.572009170332000e-04
8.967000000000001e+00	1.950134922751000e-04	-2.072826610425000e-02	4.586052427256000e-04
8.968000000000000e+00	1.327418034390000e-04	-2.159986241880000e-02	4.595928525706000e-04
8.968999999999999e+00	4.430388483891000e-05	-2.243785078896000e-02	4.601637465771000e-04
8.970000000000001e+00	-4.413403375990000e-05	-2.327583915872000e-02	4.607346405773000e-04
8.971000000000000e+00	-1.323094613287000e-04	-2.404036119875000e-02	4.601225237171000e-04
8.972000000000000e+00	-2.204848888975000e-04	-2.480488323877000e-02	4.595104068569000e-04
8.973000000000001e+00	-2.822882433237000e-04	-2.552949385343000e-02	4.584784966342000e-04
8.974000000000000e+00	-3.177195251792000e-04	-2.621419304358000e-02	4.570267930581000e-04
8.975000000000000e+00	-3.531508066314000e-04	-2.689889223327000e-02	4.555750894821000e-04
8.976000000000001e+00	-3.142106264753000e-04	-2.749755480668000e-02	4.541187305658000e-04
8.977000000000000e+00	-2.752704463192000e-04	-2.809621738010000e-02	4.526623716496000e-04
8.978000000000000e+00	-2.100857240475000e-04	-2.864909192330000e-02	4.516222929298000e-04
8.978999999999999e+00	-1.186564602294000e-04	-2.915617843729000e-02	4.509984943975000e-04
8.980000000000000e+00	-2.722719641177000e-05	-2.966326495075000e-02	4.503746958716000e-04
8.981000000000000e+00	6.413064975619000e-05	-3.007443760496000e-02	4.509326672889000e-04
8.981999999999999e+00	1.554884959243000e-04	-3.048561025917000e-02	4.514906387063000e-04
8.983000000000001e+00	2.205862588037000e-04	-3.084737572802000e-02	4.524679803272000e-04
8.984000000000000e+00	2.594239389642000e-04	-3.115973401258000e-02	4.538646921425000e-04
8.984999999999999e+00	2.982616187226000e-04	-3.147209229659000e-02	4.552614039579000e-04
8.986000000000001e+00	2.629490847273000e-04	-3.168399727842000e-02	4.566628564878000e-04
8.987000000000000e+00	2.276365507319000e-04	-3.189590226025000e-02	4.580643090178000e-04
8.988000000000000e+00	1.661639366132000e-04	-3.205715731971000e-02	4.590499863231000e-04
8.989000000000001e+00	7.853124293831000e-05	-3.216776245790000e-02	4.596198884128000e-04
8.990000000000000e+00	-9.101450735610001e-06	-3.227836759554000e-02	4.601897904961000e-04
8.991000000000000e+00	-9.658127642243999e-05	-3.228714227161000e-02	4.595793082996000e-04
8.992000000000001e+00	-1.840611021094000e-04	-3.229591694768000e-02	4.589688261031000e-04
8.993000000000000e+00	-2.452841952762000e-04	-3.225357051778000e-02	4.579394694637000e-04
8.994000000000000e+00	-2.802505564927000e-04	-3.216010298303000e-02	4.564912383905000e-04
8.994999999999999e+00	-3.152169173073000e-04	-3.206663544773000e-02	4.550430073172000e-04
8.996000000000000e+00	-2.760941660213000e-04	-3.187083444669000e-02	4.535900930043000e-04
8.997000000000000e+00	-2.369714147354000e-04	-3.167503344566000e-02	4.521371786913000e-04
8.997999999999999e+00	-1.717222704441000e-04	-3.142842149805000e-02	4.510996047750000e-04
8.999000000000001e+00	-8.034673371389000e-05	-3.113099860497000e-02	4.504773712462000e-04
9.000000000000000e+00	1.102880301511000e-05	-3.083357571134000e-02	4.498551377239000e-04
9.000999999999999e+00	1.022120320588000e-04	-3.043652240526000e-02	4.504120423474000e-04
9.002000000000001e+00	1.933952611027000e-04	-3.003946909918000e-02	4.509689469709000e-04
9.003000000000000e+00	2.583161678946000e-04	-2.959432898819000e-02	4.519443011881000e-04
9.004000000000000e+00	2.969747530045000e-04	-2.910110207333000e-02	4.533381049898000e-04
9.005000000000001e+00	3.356333377125000e-04	-2.860787515797000e-02	4.547319087916000e-04
9.006000000000000e+00	3.001863823242000e-04	-2.802317148966000e-02	4.561304858800000e-04
9.007000000000000e+00	2.647394269359000e-04	-2.743846782135000e-02	4.575290629684000e-04
9.007999999999999e+00	2.031315667438000e-04	-2.681073525306000e-02	4.585128124629000e-04
9.009000000000000e+00	1.153628023155000e-04	-2.613997378573000e-02	4.590817343724000e-04
9.010000000000000e+00	2.759403788752000e-05	-2.546921231796000e-02	4.596506562756000e-04
9.010999999999999e+00	-6.013701830401000e-05	-2.471800941340000e-02	4.590418515343000e-04
9.012000000000000e+00	-1.478680744954000e-04	-2.396680650883000e-02	4.584330467930000e-04
9.013000000000000e+00	-2.094562619709000e-04	-2.317816728064000e-02	4.574063039284000e-04
9.013999999999999e+00	-2.449015812976000e-04	-2.235209172965000e-02	4.559616229496000e-04
9.015000000000001e+00	-2.803469002241000e-04	-2.152601617828000e-02	4.545169419707000e-04
9.016000000000000e+00	-2.419744566684000e-04	-2.063074331401000e-02	4.530675745469000e-04
9.016999999999999e+00	-2.036020131128000e-04	-1.973547044975000e-02	4.516182071230000e-04
9.018000000000001e+00	-1.392121736332000e-04	-1.880870780587000e-02	4.505832416657000e-04
9.019000000000000e+00	-4.880493879435000e-05	-1.785045538308000e-02	4.499626781660000e-04
9.020000000000000e+00	4.160229604294000e-05	-1.689220295999000e-02	4.493421146727000e-04
9.021000000000001e+00	1.317212335657000e-04	-1.587816382187000e-02	4.498980314855000e-04
9.022000000000000e+00	2.218401710884000e-04	-1.486412468376000e-02	4.504539482983000e-04
9.023000000000000e+00	2.857100924196000e-04	-1.382634817308000e-02	4.514273670592000e-04
9.023999999999999e+00	3.233309981290000e-04	-1.276483429034000e-02	4.528182877592000e-04
9.025000000000000e+00	3.609519034368000e-04	-1.170332040740000e-02	4.542092084592000e-04
9.026000000000000e+00	3.245491836692000e-04	-1.060349983463000e-02	4.556048619094000e-04
9.026999999999999e+00	2.881464639016000e-04	-9.503679261847000e-03	4.570005153596000e-04
9.028000000000000e+00	2.256037986898000e-04	-8.389441376005001e-03	4.579822502400000e-04
9.029000000000000e+00	1.369211886009000e-04	-7.260786177410000e-03	4.585500665596000e-04
9.029999999999999e+00	4.823857851188000e-05	-6.132130978709000e-03	4.591178828728000e-04
9.031000000000001e+00	-4.047147806144000e-05	-4.983861701698000e-03	4.585105647372000e-04
9.032000000000000e+00	-1.291815346346000e-04	-3.835592424689000e-03	4.579032466016000e-04
9.032999999999999e+00	-1.918344645557000e-04	-2.681864168472000e-03	4.568789053024000e-04
9.034000000000001e+00	-2.284302683900000e-04	-1.522676933164000e-03	4.554375408487000e-04
9.035000000000000e+00	-2.650260718250000e-04	-3.634896978433000e-04	4.539961763949000e-04
9.036000000000000e+00	-2.280135650668000e-04	7.983147588298000e-04	4.525501042329000e-04
9.037000000000001e+00	-1.910010583085000e-04	1.960119215505000e-03	4.511040320709000e-04
9.038000000000000e+00	-1.280468023665000e-04	3.119072541009000e-03	4.500714231707000e-04
9.039000000000000e+00	-3.915079780356000e-05	4.275174735407000e-03	4.494522775233000e-04
9.039999999999999e+00	4.974520675785000e-05	5.431276929728000e-03	4.488331318823000e-04
9.041000000000000e+00	1.383275495366000e-04	6.572923596561000e-03	4.493878136762000e-04
9.042000000000000e+00	2.269098923153000e-04	7.714570263393000e-03	4.499424954701000e-04
9.042999999999999e+00	2.892934533313000e-04	8.844329998075001e-03	4.509137317574000e-04
9.044000000000000e+00	3.254782331529000e-04	9.962202800861001e-03	4.523015225291000e-04
9.045000000000000e+00	3.616630125739000e-04	1.108007560347000e-02	4.536893133008000e-04
9.045999999999999e+00	3.239827368141000e-04	1.216456168484000e-02	4.550817896821000e-04
9.047000000000001e+00	2.863024610543000e-04	1.324904776621000e-02	4.564742660634000e-04
9.048000000000000e+00	2.225427905778000e-04	1.431216406568000e-02	4.574537296394000e-04
9.048999999999999e+00	1.327037259504000e-04	1.535391058373000e-02	4.580201804191000e-04
9.050000000000001e+00	4.286466132283000e-05	1.639565710150000e-02	4.585866311924000e-04
9.051000000000000e+00	-4.698559601555000e-05	1.738612477760000e-02	4.579805462862000e-04
9.052000000000000e+00	-1.368358533539000e-04	1.837659245370000e-02	4.573744613801000e-04
9.053000000000001e+00	-2.006731608561000e-04	1.933769141599000e-02	4.563522839162000e-04
9.054000000000000e+00	-2.384975190861000e-04	2.026942166509000e-02	4.549140139037000e-04
9.055000000000000e+00	-2.763218769176000e-04	2.120115191384000e-02	4.534757438911000e-04
9.055999999999999e+00	-2.406632740662000e-04	2.206762852335000e-02	4.520328036705000e-04
9.057000000000000e+00	-2.050046712150000e-04	2.293410513286000e-02	4.505898634499000e-04
9.058000000000000e+00	-1.434378764720000e-04	2.376495445873000e-02	4.495594859920000e-04
9.058999999999999e+00	-5.596289039904000e-05	2.456017650173000e-02	4.489416712879000e-04
9.060000000000000e+00	3.151209567239000e-05	2.535539854431000e-02	4.483238565902000e-04
9.061000000000000e+00	1.187314404416000e-04	2.607344818932000e-02	4.488772904417000e-04
9.061999999999999e+00	2.059507852108000e-04	2.679149783432000e-02	4.494307242931000e-04
9.063000000000001e+00	2.670625228244000e-04	2.746796734720000e-02	4.503997896233000e-04
9.064000000000000e+00	3.020666538484000e-04	2.810285672884000e-02	4.517844864230000e-04
9.065000000000000e+00	3.370707844730000e-04	2.873774611001000e-02	4.531691832228000e-04
9.066000000000001e+00	2.984482662077000e-04	2.928366126873000e-02	4.545585265528000e-04
9.067000000000000e+00	2.598257479424000e-04	2.982957642745000e-02	4.559478698828000e-04
9.068000000000000e+00	1.952230428032000e-04	3.032844625694000e-02	4.569250889513000e-04
9.069000000000001e+00	1.046401513534000e-04	3.078027075822000e-02	4.574901837672000e-04
9.070000000000000e+00	1.405725990413000e-05	3.123209525896000e-02	4.580552785768000e-04
9.071000000000000e+00	-7.644634658459000e-05	3.158592937824000e-02	4.574503731519000e-04
9.071999999999999e+00	-1.669499530735000e-04	3.193976349752000e-02	4.568454677270000e-04
9.073000000000000e+00	-2.314495894041000e-04	3.224337602273000e-02	4.558253661804000e-04
9.074000000000000e+00	-2.699452561407000e-04	3.249676695497000e-02	4.543900685210000e-04
9.074999999999999e+00	-3.084409224793000e-04	3.275015788665000e-02	4.529547708617000e-04
9.076000000000001e+00	-2.735132651018000e-04	3.290192249251000e-02	4.515147922660000e-04
9.077000000000000e+00	-2.385856077244000e-04	3.305368709836000e-02	4.500748136704000e-04
9.077999999999999e+00	-1.777531933350000e-04	3.315444781321000e-02	4.490464920405000e-04
9.079000000000001e+00	-9.101602249518999e-05	3.320420463815000e-02	4.484298273675000e-04
9.080000000000000e+00	-4.278851656332000e-06	3.325396146254000e-02	4.478131627009000e-04
9.081000000000000e+00	8.231495491017999e-05	3.320165539617000e-02	4.483651995866000e-04
9.082000000000001e+00	1.689087614768000e-04	3.314934932980000e-02	4.489172364722000e-04
9.083000000000000e+00	2.295101902582000e-04	3.304604802796000e-02	4.498840152566000e-04
9.084000000000000e+00	2.641192418184000e-04	3.289175149175000e-02	4.512655359306000e-04
9.085000000000001e+00	2.987282929809000e-04	3.273745495498000e-02	4.526470566047000e-04
9.086000000000000e+00	2.599911893557000e-04	3.248156373217000e-02	4.540332713508000e-04
9.087000000000000e+00	2.212540857305000e-04	3.222567250936000e-02	4.554194860970000e-04
9.087999999999999e+00	1.566541288294000e-04	3.191958037394000e-02	4.563945098799000e-04
9.089000000000000e+00	6.619131921357000e-05	3.156328732700000e-02	4.569583427086000e-04
9.090000000000000e+00	-2.427149040114000e-05	3.120699427954000e-02	4.575221755310000e-04
9.090999999999999e+00	-1.145341306332000e-04	3.075275785027000e-02	4.569186220275000e-04
9.092000000000001e+00	-2.047967708652000e-04	3.029852142101000e-02	4.563150685241000e-04
9.093000000000000e+00	-2.690523126107000e-04	2.979726518800000e-02	4.552972442809000e-04
9.093999999999999e+00	-3.073007564337000e-04	2.924898915228000e-02	4.538651493069000e-04
9.095000000000001e+00	-3.455491998589000e-04	2.870071311607000e-02	4.524330543329000e-04
9.096000000000000e+00	-3.104165643695000e-04	2.806351975552000e-02	4.509962987544000e-04
9.097000000000000e+00	-2.752839288800000e-04	2.742632639498000e-02	4.495595431759000e-04
9.098000000000001e+00	-2.142450365794000e-04	2.674758649448000e-02	4.485335384598000e-04
9.099000000000000e+00	-1.272998880297000e-04	2.602730005495000e-02	4.479182845972000e-04
9.100000000000000e+00	-4.035473948025000e-05	2.530701361499000e-02	4.473030307410000e-04
9.101000000000001e+00	4.656117649022000e-05	2.450963718589000e-02	4.478538951989000e-04
9.102000000000000e+00	1.334770924605000e-04	2.371226075680000e-02	4.484047596568000e-04
9.103000000000000e+00	1.945127256112000e-04	2.287930727466000e-02	4.493694397743000e-04
9.103999999999999e+00	2.296680765036000e-04	2.201077674023000e-02	4.507479355426000e-04
9.105000000000000e+00	2.648234269996000e-04	2.114224620546000e-02	4.521264313109000e-04
9.106000000000000e+00	2.268989850542000e-04	2.020857950076000e-02	4.535095623193000e-04
9.106999999999999e+00	1.889745431087000e-04	1.927491279606000e-02	4.548926933278000e-04
9.108000000000001e+00	1.252938054700000e-04	1.831194221321000e-02	4.558655028857000e-04
9.109000000000000e+00	3.585677269690000e-05	1.731966775284000e-02	4.564279910019000e-04
9.109999999999999e+00	-5.358026007460000e-05	1.632739329220000e-02	4.569904791118000e-04
9.111000000000001e+00	-1.427248303746000e-04	1.528397543703000e-02	4.563880656348000e-04
9.112000000000000e+00	-2.318694006745000e-04	1.424055758187000e-02	4.557856521577000e-04
9.113000000000000e+00	-2.950214754503000e-04	1.317583814613000e-02	4.547698399909000e-04
9.114000000000001e+00	-3.321810552657000e-04	1.208981713028000e-02	4.533406291434000e-04
9.115000000000000e+00	-3.693406346836000e-04	1.100379611425000e-02	4.519114182958000e-04
9.116000000000000e+00	-3.332037228605000e-04	9.884525158792000e-03	4.504775061455000e-04
9.117000000000001e+00	-2.970668110373000e-04	8.765254203335000e-03	4.490435939952000e-04
9.118000000000000e+00	-2.350467443937000e-04	7.634166980779000e-03	4.480195271109000e-04
9.119000000000000e+00	-1.471435234912000e-04	6.491263491379000e-03	4.474053054838000e-04
9.119999999999999e+00	-5.924030258831000e-05	5.348360001900000e-03	4.467910838630000e-04
9.121000000000000e+00	2.869205588718000e-05	4.191153624900000e-03	4.473404660731000e-04
9.122000000000000e+00	1.166244143627000e-04	3.033947247900000e-03	4.478898482832000e-04
9.122999999999999e+00	1.787577914956000e-04	1.873974461461000e-03	4.488521850670000e-04
9.124000000000001e+00	2.150921878456000e-04	7.112352656407000e-04	4.502274764154000e-04
9.125000000000000e+00	2.514265838003000e-04	-4.515039301621000e-04	4.516027677639000e-04
9.125999999999999e+00	2.148812364564000e-04	-1.611438960144000e-03	4.529828107489000e-04
9.127000000000001e+00	1.783358891125000e-04	-2.771373990127000e-03	4.543628537340000e-04
9.128000000000000e+00	1.161058873631000e-04	-3.925750431950000e-03	4.553335428356000e-04
9.129000000000000e+00	2.819123176527000e-05	-5.074568285735000e-03	4.558948780625000e-04
9.130000000000001e+00	-5.972342383105000e-05	-6.223386139414000e-03	4.564562132831000e-04
9.131000000000000e+00	-1.473256910737000e-04	-7.352387423172000e-03	4.558553207102000e-04
9.132000000000000e+00	-2.349279583163000e-04	-8.481388706930000e-03	4.552544281373000e-04
9.132999999999999e+00	-2.965895180789000e-04	-9.595873937564999e-03	4.542410857776000e-04
9.134000000000000e+00	-3.323103709239000e-04	-1.069584311539000e-02	4.528152936400000e-04
9.135000000000000e+00	-3.680312233723000e-04	-1.179581229300000e-02	4.513895015024000e-04
9.135999999999999e+00	-3.306164785070000e-04	-1.285728546971000e-02	4.499590607842000e-04
9.137000000000000e+00	-2.932017336417000e-04	-1.391875864642000e-02	4.485286200659000e-04
9.138000000000000e+00	-2.299661492808000e-04	-1.495640201743000e-02	4.475071268757000e-04
9.138999999999999e+00	-1.409097259843000e-04	-1.597021558325000e-02	4.468945812047000e-04
9.140000000000001e+00	-5.185330268760000e-05	-1.698402914877000e-02	4.462820355400000e-04
9.141000000000000e+00	3.720997365848000e-05	-1.794186712554000e-02	4.468305115862000e-04
9.141999999999999e+00	1.262732500046000e-04	-1.889970510231000e-02	4.473789876325000e-04
9.143000000000001e+00	1.895775277528000e-04	-1.982595282515000e-02	4.483394862525000e-04
9.144000000000000e+00	2.271228074617000e-04	-2.072061029476000e-02	4.497120074375000e-04
9.145000000000000e+00	2.646680867761000e-04	-2.161526776398000e-02	4.510845286224000e-04
9.146000000000001e+00	2.294497431981000e-04	-2.244051251150000e-02	4.524617258518000e-04
9.147000000000000e+00	1.942313996202000e-04	-2.326575725902000e-02	4.538389230811000e-04
9.148000000000000e+00	1.333579434869000e-04	-2.405345358572000e-02	4.548076302653000e-04
9.148999999999999e+00	4.682937535446000e-05	-2.480360149242000e-02	4.553678474133000e-04
9.150000000000000e+00	-3.969919277649000e-05	-2.555374939868000e-02	4.559280645549000e-04
9.151000000000000e+00	-1.259788079379000e-04	-2.622323446478000e-02	4.553285419584000e-04
9.151999999999999e+00	-2.122584230995000e-04	-2.689271953088000e-02	4.547290193620000e-04
9.153000000000000e+00	-2.726898975203000e-04	-2.751907225780000e-02	4.537179287590000e-04
9.154000000000000e+00	-3.072732317613000e-04	-2.810229264648000e-02	4.522952701585000e-04
9.154999999999999e+00	-3.418565656071000e-04	-2.868551303467000e-02	4.508726115579000e-04
9.156000000000001e+00	-3.035442221727000e-04	-2.917707001719000e-02	4.494452885350000e-04
9.157000000000000e+00	-2.652318787384000e-04	-2.966862699971000e-02	4.480179655121000e-04
9.157999999999999e+00	-2.011989841227000e-04	-3.011201229059000e-02	4.469986885557000e-04
9.159000000000001e+00	-1.114455388833000e-04	-3.050722589087000e-02	4.463874576568000e-04
9.160000000000000e+00	-2.169209364460000e-05	-3.090243949061000e-02	4.457762267642000e-04
9.161000000000000e+00	6.797357272788000e-05	-3.119785953570000e-02	4.463234691043000e-04
9.162000000000001e+00	1.576392391005000e-04	-3.149327958080000e-02	4.468707114445000e-04
9.163000000000000e+00	2.215518187970000e-04	-3.173780502731000e-02	4.478290682617000e-04
9.164000000000000e+00	2.597113123761000e-04	-3.193143587634000e-02	4.491985395470000e-04
9.164999999999999e+00	2.978708055609000e-04	-3.212506672481000e-02	4.505680108324000e-04
9.166000000000000e+00	2.633195577785000e-04	-3.221618836429000e-02	4.519421211296000e-04
9.167000000000000e+00	2.287683099960000e-04	-3.230731000377000e-02	4.533162314268000e-04
9.167999999999999e+00	1.685626573800000e-04	-3.234722137723000e-02	4.542827242743000e-04
9.169000000000000e+00	8.270260048709999e-05	-3.233592248577000e-02	4.548415996810000e-04
9.170000000000000e+00	-3.157456405053000e-06	-3.232462359376000e-02	4.554004750814000e-04
9.170999999999999e+00	-8.888361861307000e-05	-3.221132718399000e-02	4.548020978402000e-04
9.172000000000001e+00	-1.746097808212000e-04	-3.209803077422000e-02	4.542037205991000e-04
9.173000000000000e+00	-2.346030601054000e-04	-3.193401395592000e-02	4.531946543135000e-04
9.173999999999999e+00	-2.688634570239000e-04	-3.171927673020000e-02	4.517748989922000e-04
9.175000000000001e+00	-3.031238535486000e-04	-3.150453950394000e-02	4.503551436710000e-04
9.176000000000000e+00	-2.647676583525000e-04	-3.118924192224000e-02	4.489307156946000e-04
9.177000000000000e+00	-2.264114631564000e-04	-3.087394434054000e-02	4.475062877181000e-04
9.178000000000001e+00	-1.624515056843000e-04	-3.050920129648000e-02	4.464890219739000e-04
9.179000000000000e+00	-7.288778649195000e-05	-3.009501279112000e-02	4.458789184532000e-04
9.180000000000000e+00	1.667593269931000e-05	-2.968082428524000e-02	4.452688149387000e-04
9.180999999999999e+00	1.060305428170000e-04	-2.917066333016000e-02	4.458147048572000e-04
9.182000000000000e+00	1.953851529345000e-04	-2.866050237509000e-02	4.463605947757000e-04
9.183000000000000e+00	2.589826126973000e-04	-2.810452605255000e-02	4.473167401507000e-04
9.183999999999999e+00	2.968229226639000e-04	-2.750273436355000e-02	4.486831409732000e-04
9.185000000000000e+00	3.346632322364000e-04	-2.690094267409000e-02	4.500495417959000e-04
9.186000000000000e+00	2.998331573157000e-04	-2.621305687314000e-02	4.514206608486000e-04
9.186999999999999e+00	2.650030823949000e-04	-2.552517107220000e-02	4.527917799014000e-04
9.188000000000001e+00	2.045170985024000e-04	-2.479734641284000e-02	4.537562137658000e-04
9.189000000000000e+00	1.183752061949000e-04	-2.402958289595000e-02	4.543139624506000e-04
9.190000000000000e+00	3.223331388757000e-05	-2.326181937866000e-02	4.548717111292000e-04
9.191000000000001e+00	-5.388567779064000e-05	-2.242055276977000e-02	4.542748013402000e-04
9.192000000000000e+00	-1.400046694687000e-04	-2.157928616087000e-02	4.536778915512000e-04
9.193000000000000e+00	-2.004998052411000e-04	-2.070441090422000e-02	4.526712122465000e-04
9.194000000000001e+00	-2.353710856635000e-04	-1.979592700055000e-02	4.512547634351000e-04
9.195000000000000e+00	-2.702423656935000e-04	-1.888744309654000e-02	4.498383146236000e-04
9.196000000000000e+00	-2.327558341379000e-04	-1.791808342088000e-02	4.484172290845000e-04
9.196999999999999e+00	-1.952693025821000e-04	-1.694872374521000e-02	4.469961435453000e-04
9.198000000000000e+00	-1.322821263832000e-04	-1.595233540947000e-02	4.459813363780000e-04
9.199000000000000e+00	-4.379430609409000e-05	-1.492891841424000e-02	4.453728075735000e-04
9.199999999999999e+00	4.469351419357000e-05	-1.390550141875000e-02	4.447642787754000e-04
9.201000000000001e+00	1.328845122472000e-04	-1.283574099938000e-02	4.453092178086000e-04
9.202000000000000e+00	2.210755103008000e-04	-1.176598058002000e-02	4.458541568419000e-04
9.202999999999999e+00	2.835249972580000e-04	-1.067742113194000e-02	4.468084497295000e-04
9.204000000000001e+00	3.202329736772000e-04	-9.570062655559000e-03	4.481720964628000e-04
9.205000000000000e+00	3.569409497029000e-04	-8.462704179029000e-03	4.495357431960000e-04
9.206000000000000e+00	3.210639403771000e-04	-7.327261910700000e-03	4.509040781721000e-04
9.207000000000001e+00	2.851869310513000e-04	-6.191819642368000e-03	4.522724131481000e-04
9.208000000000000e+00	2.236778732430000e-04	-5.047204351037000e-03	4.532349397759000e-04
9.209000000000000e+00	1.365367675082000e-04	-3.893416036902000e-03	4.537916580643000e-04
9.210000000000001e+00	4.939566177301000e-05	-2.739627722717000e-03	4.543483763465000e-04
9.211000000000000e+00	-3.777710125290000e-05	-1.576906349733000e-03	4.537529421152000e-04
9.212000000000000e+00	-1.249498642788000e-04	-4.141849767500000e-04	4.531575078839000e-04
9.212999999999999e+00	-1.865768292673000e-04	7.485940861181000e-04	4.521532002479000e-04
9.214000000000000e+00	-2.226579967724000e-04	1.911430838866000e-03	4.507400192162000e-04
9.215000000000000e+00	-2.587391638863000e-04	3.074267591569000e-03	4.493268381845000e-04
9.215999999999999e+00	-2.226543458624000e-04	4.228873157925000e-03	4.479090574942000e-04
9.217000000000001e+00	-1.865695278385000e-04	5.383478724278000e-03	4.464912768038000e-04
9.218000000000000e+00	-1.250515352414000e-04	6.529828774886000e-03	4.454789109324000e-04
9.218999999999999e+00	-3.810036862277000e-05	7.667923309928000e-03	4.448719598713000e-04
9.220000000000001e+00	4.885079799436000e-05	8.806017844835000e-03	4.442650088163000e-04
9.221000000000000e+00	1.354923738409000e-04	9.918982248066000e-03	4.448090590425000e-04
9.222000000000000e+00	2.221339496873000e-04	1.103194665130000e-02	4.453531092686000e-04
9.223000000000001e+00	2.830886592818000e-04	1.212780257827000e-02	4.463056374192000e-04
9.224000000000000e+00	3.183565031809000e-04	1.320655002936000e-02	4.476666434852000e-04
9.225000000000000e+00	3.536243466875000e-04	1.428529748022000e-02	4.490276495512000e-04
9.226000000000001e+00	3.164732107735000e-04	1.532053829852000e-02	4.503933356680000e-04
9.227000000000000e+00	2.793220748595000e-04	1.635577911682000e-02	4.517590217849000e-04
9.228000000000000e+00	2.166041140276000e-04	1.736479167478000e-02	4.527197674996000e-04
9.228999999999999e+00	1.283193288321000e-04	1.834757597296000e-02	4.532755728210000e-04
9.230000000000000e+00	4.003454363672000e-05	1.933036027082000e-02	4.538313781361000e-04
9.231000000000000e+00	-4.825224512736000e-05	2.025261900087000e-02	4.532374838253000e-04
9.231999999999999e+00	-1.365390338916000e-04	2.117487773093000e-02	4.526435895146000e-04
9.233000000000001e+00	-1.993156668978000e-04	2.206340935957000e-02	4.516416814410000e-04
9.234000000000000e+00	-2.365821446994000e-04	2.291821388752000e-02	4.502317596133000e-04
9.234999999999999e+00	-2.738486221104000e-04	2.377301841507000e-02	4.488218377856000e-04
9.236000000000001e+00	-2.390565175368000e-04	2.455444190314000e-02	4.474072798239000e-04
9.237000000000000e+00	-2.042644129633000e-04	2.533586539121000e-02	4.459927218623000e-04
9.238000000000000e+00	-1.440650947191000e-04	2.607792463876000e-02	4.449826857472000e-04
9.239000000000001e+00	-5.845856335519000e-05	2.678061964665000e-02	4.443771714700000e-04
9.240000000000000e+00	2.714796800727000e-05	2.748331465408000e-02	4.437716571991000e-04
9.241000000000000e+00	1.125129942646000e-04	2.810208511698000e-02	4.443146398781000e-04
9.242000000000001e+00	1.978780205221000e-04	2.872085557988000e-02	4.448576225572000e-04
9.243000000000000e+00	2.576499586569000e-04	2.929506394149000e-02	4.458081973649000e-04
9.244000000000000e+00	2.918288092242000e-04	2.982471020277000e-02	4.471663642926000e-04
9.244999999999999e+00	3.260076594001000e-04	3.035435646354000e-02	4.485245312202000e-04
9.246000000000000e+00	2.880090461416000e-04	3.078990913900000e-02	4.498873596614000e-04
9.247000000000000e+00	2.500104328831000e-04	3.122546181446000e-02	4.512501881025000e-04
9.247999999999999e+00	1.865465248713000e-04	3.161185197029000e-02	4.522089392146000e-04
9.249000000000001e+00	9.761732265854999e-05	3.194907960757000e-02	4.527636130064000e-04
9.250000000000000e+00	8.688120446446999e-06	3.228630724430000e-02	4.533182867920000e-04
9.250999999999999e+00	-8.014407514407000e-05	3.252221924652000e-02	4.527257003616000e-04
9.252000000000001e+00	-1.689762707347000e-04	3.275813124874000e-02	4.521331139312000e-04
9.253000000000000e+00	-2.323012554441000e-04	3.294262017013000e-02	4.511333656916000e-04
9.254000000000000e+00	-2.701190298256000e-04	3.307568601181000e-02	4.497264556516000e-04
9.255000000000001e+00	-3.079368038165000e-04	3.320875185293000e-02	4.483195456116000e-04
9.256000000000000e+00	-2.737429365092000e-04	3.323872042606000e-02	4.469079522429000e-04
9.257000000000000e+00	-2.395490692019000e-04	3.326868899920000e-02	4.454963588742000e-04
9.257999999999999e+00	-1.799466757304000e-04	3.324739007624000e-02	4.444883952788000e-04
9.259000000000000e+00	-9.493575664589000e-05	3.317482365831000e-02	4.438840614479000e-04
9.260000000000000e+00	-9.924837562085001e-06	3.310225723982000e-02	4.432797276232000e-04
9.260999999999999e+00	7.496059216920000e-05	3.292805798885000e-02	4.438214063121000e-04
9.262000000000000e+00	1.598460219003000e-04	3.275385873788000e-02	4.443630850010000e-04
9.263000000000000e+00	2.192526766532000e-04	3.252936282224000e-02	4.453114895096000e-04
9.263999999999999e+00	2.531805569804000e-04	3.225457024301000e-02	4.466666198292000e-04
9.265000000000001e+00	2.871084369178000e-04	3.197977766325000e-02	4.480217501488000e-04
9.266000000000000e+00	2.491347486247000e-04	3.160575295464000e-02	4.493815773634000e-04
9.266999999999999e+00	2.111610603316000e-04	3.123172824603000e-02	4.507414045779000e-04
9.268000000000001e+00	1.478376189716000e-04	3.080915733506000e-02	4.516980478210000e-04
9.269000000000000e+00	5.916442509470000e-05	3.033804022279000e-02	4.522515071015000e-04
9.270000000000000e+00	-2.950876878103000e-05	2.986692311002000e-02	4.528049663757000e-04
9.271000000000001e+00	-1.179640983459000e-04	2.930208362997000e-02	4.522136613704000e-04
9.272000000000000e+00	-2.064194279106000e-04	2.873724414992000e-02	4.516223563650000e-04
9.273000000000000e+00	-2.693627521649000e-04	2.812792803684000e-02	4.506247622440000e-04
9.273999999999999e+00	-3.067940716622000e-04	2.747413529169000e-02	4.492208790160000e-04
9.275000000000000e+00	-3.442253907691000e-04	2.682034254609000e-02	4.478169957881000e-04
9.276000000000000e+00	-3.096834681245000e-04	2.608353491196000e-02	4.464083994244000e-04
9.276999999999999e+00	-2.751415454799000e-04	2.534672727782000e-02	4.449998030608000e-04
9.278000000000000e+00	-2.151893447238000e-04	2.457170916588000e-02	4.439939387017000e-04
9.279000000000000e+00	-1.298268664073000e-04	2.375848057696000e-02	4.433908063386000e-04
9.279999999999999e+00	-4.446438809097000e-05	2.294525198766000e-02	4.427876739816000e-04
9.281000000000001e+00	4.088127554750000e-05	2.206233198339000e-02	4.433280313709000e-04
9.282000000000000e+00	1.262269391858000e-04	2.117941197912000e-02	4.438683887601000e-04
9.282999999999999e+00	1.862002940081000e-04	2.026495485240000e-02	4.448145777503000e-04
9.284000000000001e+00	2.208013405646000e-04	1.931896060391000e-02	4.461665983324000e-04
9.285000000000000e+00	2.554023867326000e-04	1.837296635511000e-02	4.475186189146000e-04
9.286000000000000e+00	2.183540677188000e-04	1.737054269542000e-02	4.488753145358000e-04
9.287000000000001e+00	1.813057487051000e-04	1.636811903573000e-02	4.502320101570000e-04
9.288000000000000e+00	1.190077175383000e-04	1.534102403547000e-02	4.511863953934000e-04
9.289000000000000e+00	3.145997476627000e-05	1.428925769516000e-02	4.517384702536000e-04
9.289999999999999e+00	-5.608776800431000e-05	1.323749135462000e-02	4.522905451077000e-04
9.291000000000000e+00	-1.433343517442000e-04	1.214432279739000e-02	4.517003463627000e-04
9.292000000000000e+00	-2.305809354841000e-04	1.105115424016000e-02	4.511101476178000e-04
9.292999999999999e+00	-2.923324994925000e-04	9.941747855142000e-03	4.501145511227000e-04
9.294000000000000e+00	-3.285890443218000e-04	8.816103642704000e-03	4.487135568862000e-04
9.295000000000000e+00	-3.648455887615000e-04	7.690459430143000e-03	4.473125626496000e-04
9.295999999999999e+00	-3.292165527678000e-04	6.541990123301000e-03	4.459069018411000e-04
9.297000000000001e+00	-2.935875167741000e-04	5.393520816457000e-03	4.445012410326000e-04
9.298000000000000e+00	-2.325738692250000e-04	4.238555278798000e-03	4.434974645899000e-04
9.298999999999999e+00	-1.461756106710000e-04	3.077093510462000e-03	4.428955725043000e-04
9.300000000000001e+00	-5.977735211662000e-05	1.915631742106000e-03	4.422936804249000e-04
9.301000000000000e+00	2.665251970263000e-05	7.506477770140000e-04	4.428328572390000e-04
9.302000000000000e+00	1.130823915219000e-04	-4.143361880777000e-04	4.433720340531000e-04
9.303000000000001e+00	1.742137849667000e-04	-1.576661870455000e-03	4.443161888555000e-04
9.304000000000000e+00	2.100467005854000e-04	-2.736329270172000e-03	4.456653216372000e-04
9.305000000000000e+00	2.458796158166000e-04	-3.895996669814000e-03	4.470144544190000e-04
9.305999999999999e+00	2.102457204694000e-04	-5.042018125407000e-03	4.483682850508000e-04
9.307000000000000e+00	1.746118251222000e-04	-6.188039580998000e-03	4.497221156826000e-04
9.308000000000000e+00	1.137916428116000e-04	-7.323128086222000e-03	4.506745107161000e-04
9.308999999999999e+00	2.778517408376000e-05	-8.447283641320000e-03	4.512254701599000e-04
9.310000000000000e+00	-5.822129464228000e-05	-9.571439196252000e-03	4.517764295975000e-04
9.311000000000000e+00	-1.439193843390000e-04	-1.066521641702000e-02	4.511875700264000e-04
9.311999999999999e+00	-2.296174740357000e-04	-1.175899363779000e-02	4.505987104552000e-04
9.313000000000001e+00	-2.898767256858000e-04	-1.283311551792000e-02	4.496053118668000e-04
9.314000000000000e+00	-3.246971398407000e-04	-1.388758205781000e-02	4.482073742699000e-04
9.315000000000000e+00	-3.595175536068000e-04	-1.494204859745000e-02	4.468094366730000e-04
9.316000000000001e+00	-3.226204659857000e-04	-1.594811393790000e-02	4.454067946673000e-04
9.317000000000000e+00	-2.857233783646000e-04	-1.695417927835000e-02	4.440041526615000e-04
9.318000000000000e+00	-2.235084712219000e-04	-1.793168793751000e-02	4.430024995215000e-04
9.319000000000001e+00	-1.359757451067000e-04	-1.888063991600000e-02	4.424018352386000e-04
9.320000000000000e+00	-4.844301899162000e-05	-1.982959189413000e-02	4.418011709618000e-04
9.321000000000000e+00	3.908596717869000e-05	-2.071363133602000e-02	4.423390536257000e-04
9.321999999999999e+00	1.266149533493000e-04	-2.159767077792000e-02	4.428769362897000e-04
9.323000000000000e+00	1.888769250994000e-04	-2.244593864826000e-02	4.438188936434000e-04
9.324000000000000e+00	2.258718829776000e-04	-2.325843494783000e-02	4.451649256779000e-04
9.324999999999999e+00	2.628668404688000e-04	-2.407093124699000e-02	4.465109577125000e-04
9.326000000000001e+00	2.284927360208000e-04	-2.480628329960000e-02	4.478616243601000e-04
9.327000000000000e+00	1.941186315728000e-04	-2.554163535222000e-02	4.492122910078000e-04
9.327999999999999e+00	1.345797529133000e-04	-2.623591927179000e-02	4.501623689536000e-04
9.329000000000001e+00	4.987610058763000e-05	-2.688913505920000e-02	4.507118582061000e-04
9.330000000000000e+00	-3.482755173633000e-05	-2.754235084614000e-02	4.512613474525000e-04
9.331000000000000e+00	-1.192974186821000e-04	-2.810862115262000e-02	4.506734658950000e-04
9.332000000000001e+00	-2.037672856282000e-04	-2.867489145909000e-02	4.500855843374000e-04
9.333000000000000e+00	-2.628939732555000e-04	-2.919529774633000e-02	4.490940513869000e-04
9.334000000000000e+00	-2.966774821141000e-04	-2.966984001532000e-02	4.476988670521000e-04
9.335000000000001e+00	-3.304609905851000e-04	-3.014438228379000e-02	4.463036827173000e-04
9.336000000000000e+00	-2.927705372310000e-04	-3.052266931003000e-02	4.449038812946000e-04
9.337000000000000e+00	-2.550800838771000e-04	-3.090095633627000e-02	4.435040798718000e-04
9.337999999999999e+00	-1.921743291802000e-04	-3.122922963408000e-02	4.425044616743000e-04
9.339000000000000e+00	-1.040532736877000e-04	-3.150748920455000e-02	4.419050266932000e-04
9.340000000000000e+00	-1.593221819586000e-05	-3.178574877446000e-02	4.413055917183000e-04
9.340999999999999e+00	7.208283875814000e-05	-3.196145844814000e-02	4.418423879514000e-04
9.342000000000001e+00	1.600978957120000e-04	-3.213716812181000e-02	4.423791841845000e-04
9.343000000000000e+00	2.228465452781000e-04	-3.226107334201000e-02	4.433192496337000e-04
9.343999999999999e+00	2.603287880047000e-04	-3.233317410986000e-02	4.446625842902000e-04
9.345000000000001e+00	2.978110303445000e-04	-3.240527487714000e-02	4.460059189468000e-04
9.346000000000000e+00	2.639661380168000e-04	-3.237398867381000e-02	4.473539735432000e-04
9.347000000000000e+00	2.301212456892000e-04	-3.234270247049000e-02	4.487020281396000e-04
9.348000000000001e+00	1.711084236965000e-04	-3.226024160227000e-02	4.496503783873000e-04
9.349000000000000e+00	8.692767258487000e-05	-3.212660607028000e-02	4.501990242950000e-04
9.350000000000000e+00	2.746921473865000e-06	-3.199297053773000e-02	4.507476701966000e-04
9.351000000000001e+00	-8.131718786550999e-05	-3.175836629158000e-02	4.501613841462000e-04
9.352000000000000e+00	-1.653812972048000e-04	-3.152376204542000e-02	4.495750980958000e-04
9.353000000000000e+00	-2.242158017802000e-04	-3.123943301427000e-02	4.485860046236000e-04
9.353999999999999e+00	-2.578207021393000e-04	-3.090537919922000e-02	4.471941037382000e-04
9.355000000000000e+00	-2.914256021122000e-04	-3.057132538363000e-02	4.458022028529000e-04
9.356000000000000e+00	-2.538295343897000e-04	-3.013965836607000e-02	4.444056266393000e-04
9.356999999999999e+00	-2.162334666670000e-04	-2.970799134850000e-02	4.430090504258000e-04
9.358000000000001e+00	-1.535363392872000e-04	-2.922881880957000e-02	4.420117634008000e-04
9.359000000000000e+00	-6.573815279475000e-05	-2.870214075031000e-02	4.414137655556000e-04
9.359999999999999e+00	2.206003369649000e-05	-2.817546269055000e-02	4.408157677165000e-04
9.361000000000001e+00	1.096324013032000e-04	-2.755758517638000e-02	4.413515054456000e-04
9.362000000000000e+00	1.972047689097000e-04	-2.693970766220000e-02	4.418872431746000e-04
9.363000000000000e+00	2.595056406000000e-04	-2.627882263382000e-02	4.428253653329000e-04
9.364000000000001e+00	2.965350169221000e-04	-2.557493009214000e-02	4.441658719116000e-04
9.365000000000000e+00	3.335643928576000e-04	-2.487103755004000e-02	4.455063784903000e-04
9.366000000000000e+00	2.993039861178000e-04	-2.408745605158000e-02	4.468515706698000e-04
9.367000000000001e+00	2.650435793780000e-04	-2.330387455312000e-02	4.481967628494000e-04
9.368000000000000e+00	2.056135892395000e-04	-2.248392629809000e-02	4.491430993637000e-04
9.369000000000000e+00	1.210140162482000e-04	-2.162761128730000e-02	4.496905802214000e-04
9.369999999999999e+00	3.641444325677000e-05	-2.077129627614000e-02	4.502380610730000e-04
9.371000000000000e+00	-4.817448874837000e-05	-1.984931426352000e-02	4.496530261518000e-04
9.372000000000000e+00	-1.327634207535000e-04	-1.892733225090000e-02	4.490679912306000e-04
9.372999999999999e+00	-1.922266221084000e-04	-1.797598113833000e-02	4.480810016221000e-04
9.374000000000001e+00	-2.265640933580000e-04	-1.699526092643000e-02	4.466920573351000e-04
9.375000000000000e+00	-2.609015642228000e-04	-1.601454071425000e-02	4.453031130480000e-04
9.375999999999999e+00	-2.242837711475000e-04	-1.498200910384000e-02	4.439094773469000e-04
9.377000000000001e+00	-1.876659780721000e-04	-1.394947749342000e-02	4.425158416458000e-04
9.378000000000000e+00	-1.260441250464000e-04	-1.289470634227000e-02	4.415206249954000e-04
9.379000000000000e+00	-3.941821261284000e-05	-1.181769565086000e-02	4.409238273869000e-04
9.380000000000001e+00	4.720769981922000e-05	-1.074068495925000e-02	4.403270297846000e-04
9.381000000000000e+00	1.335288968418000e-04	-9.627338432322000e-03	4.408615085330000e-04
9.382000000000000e+00	2.198500938643000e-04	-8.513991905389999e-03	4.413959872815000e-04
9.382999999999999e+00	2.809180991146000e-04	-7.387019002391000e-03	4.423319734717000e-04
9.384000000000000e+00	3.167329131402000e-04	-6.246419723622000e-03	4.436694670951000e-04
9.385000000000000e+00	3.525477267797000e-04	-5.105820444758000e-03	4.450069607185000e-04
9.385999999999999e+00	3.171624357411000e-04	-3.947729861751000e-03	4.463491021360000e-04
9.387000000000000e+00	2.817771447026000e-04	-2.789639278747000e-03	4.476912435535000e-04
9.388000000000000e+00	2.212494724027000e-04	-1.627753788743000e-03	4.486353730858000e-04
9.388999999999999e+00	1.355794193867000e-04	-4.620733918221000e-04	4.491814907415000e-04
9.390000000000001e+00	4.990936637044000e-05	7.036070050904000e-04	4.497276083910000e-04
9.391000000000000e+00	-3.579312717174000e-05	1.867376191191000e-03	4.491436294090000e-04
9.391999999999999e+00	-1.214956207139000e-04	3.031145377291000e-03	4.485596504270000e-04
9.393000000000001e+00	-1.821423762359000e-04	4.189542442062000e-03	4.475745863466000e-04
9.394000000000000e+00	-2.177333942811000e-04	5.342567385615000e-03	4.461884371766000e-04
9.395000000000000e+00	-2.533244119424000e-04	6.495592329066000e-03	4.448022880065000e-04
9.396000000000001e+00	-2.181338503094000e-04	7.629587682951000e-03	4.434115051152000e-04
9.397000000000000e+00	-1.829432886764000e-04	8.763583036834000e-03	4.420207222240000e-04
9.398000000000000e+00	-1.228078847938000e-04	9.883996845960001e-03	4.410275432907000e-04
9.398999999999999e+00	-3.772763920252000e-05	1.099082911063000e-02	4.404319683067000e-04
9.400000000000000e+00	4.735260638694000e-05	1.209766137510000e-02	4.398363933289000e-04
9.401000000000000e+00	1.321276775844000e-04	1.316895078346000e-02	4.403697655585000e-04
9.401999999999999e+00	2.169027487820000e-04	1.424024019183000e-02	4.409031377880000e-04
9.403000000000000e+00	2.764833286626000e-04	1.528938183792000e-02	4.418372036323000e-04
9.404000000000000e+00	3.108694177728000e-04	1.631637572221000e-02	4.431719630826000e-04
9.404999999999999e+00	3.452555064979000e-04	1.734336960622000e-02	4.445067225329000e-04
9.406000000000001e+00	3.086139318214000e-04	1.831720087469000e-02	4.458461909397000e-04
9.407000000000000e+00	2.719723571450000e-04	1.929103214316000e-02	4.471856593466000e-04
9.407999999999999e+00	2.102577713545000e-04	2.023405650166000e-02	4.481279871472000e-04
9.409000000000001e+00	1.234701749937000e-04	2.114627395086000e-02	4.486731743502000e-04
9.410000000000000e+00	3.668257863310000e-05	2.205849139968000e-02	4.492183615470000e-04
9.411000000000000e+00	-5.009523011684000e-05	2.290158784157000e-02	4.486358763221000e-04
9.412000000000001e+00	-1.368730388669000e-04	2.374468428346000e-02	4.480533910972000e-04
9.413000000000000e+00	-1.986224137416000e-04	2.455006435808000e-02	4.470706701743000e-04
9.414000000000000e+00	-2.353433552839000e-04	2.531772806627000e-02	4.456877135621000e-04
9.414999999999999e+00	-2.720642964429000e-04	2.608539177401000e-02	4.443047569499000e-04
9.416000000000000e+00	-2.380930547916000e-04	2.677236675693000e-02	4.429171503309000e-04
9.417000000000000e+00	-2.041218131404000e-04	2.745934173984000e-02	4.415295437120000e-04
9.417999999999999e+00	-1.452239449269000e-04	2.810366289127000e-02	4.405386797956000e-04
9.419000000000000e+00	-6.139945069203000e-05	2.870533021212000e-02	4.399445585733000e-04
9.420000000000000e+00	2.242504354159000e-05	2.930699753248000e-02	4.393504373571000e-04
9.420999999999999e+00	1.060226528187000e-04	2.981895052990000e-02	4.398828390965000e-04
9.422000000000001e+00	1.896202620959000e-04	3.033090352732000e-02	4.404152408359000e-04
9.423000000000000e+00	2.481195423586000e-04	3.079582342775000e-02	4.413474805102000e-04
9.423999999999999e+00	2.815204941516000e-04	3.121371023221000e-02	4.426795581107000e-04
9.425000000000001e+00	3.149214455607000e-04	3.163159703613000e-02	4.440116357113000e-04
9.426000000000000e+00	2.775381044592000e-04	3.195134401593000e-02	4.453484230270000e-04
9.427000000000000e+00	2.401547633576000e-04	3.227109099573000e-02	4.466852103427000e-04
9.428000000000001e+00	1.778012718951000e-04	3.254011617383000e-02	4.476257139814000e-04
9.429000000000000e+00	9.047763061342000e-05	3.275841955135000e-02	4.481699339517000e-04
9.430000000000000e+00	3.153989332403000e-06	3.297672292830000e-02	4.487141539159000e-04
9.430999999999999e+00	-8.405461362692999e-05	3.309153542569000e-02	4.481331315713000e-04
9.432000000000000e+00	-1.712632165861000e-04	3.320634792307000e-02	4.475521092268000e-04
9.433000000000000e+00	-2.334412993727000e-04	3.326912363093000e-02	4.465717184622000e-04
9.433999999999999e+00	-2.705888625296000e-04	3.327986255040000e-02	4.451919592860000e-04
9.435000000000000e+00	-3.077364253032000e-04	3.329060146930000e-02	4.438122001098000e-04
9.436000000000000e+00	-2.742272736852000e-04	3.319796429501000e-02	4.424278271411000e-04
9.436999999999999e+00	-2.407181220671000e-04	3.310532712072000e-02	4.410434541724000e-04
9.438000000000001e+00	-1.822764294250000e-04	3.296175846070000e-02	4.400549876403000e-04
9.439000000000000e+00	-9.890219629978000e-05	3.276725831605000e-02	4.394624275362000e-04
9.440000000000000e+00	-1.552796317518000e-05	3.257275817086000e-02	4.388698674382000e-04
9.441000000000001e+00	6.773947421382000e-05	3.227825177291000e-02	4.394014334025000e-04
9.442000000000000e+00	1.510069116027000e-04	3.198374537495000e-02	4.399329993668000e-04
9.443000000000000e+00	2.092895676920000e-04	3.164023282781000e-02	4.408635429320000e-04
9.444000000000001e+00	2.425874430238000e-04	3.124771413253000e-02	4.421930640894000e-04
9.445000000000000e+00	2.758853179731000e-04	3.085519543674000e-02	4.435225852469000e-04
9.446000000000000e+00	2.386697456939000e-04	3.036696875555000e-02	4.448567684982000e-04
9.446999999999999e+00	2.014541734146000e-04	2.987874207435000e-02	4.461909517495000e-04
9.448000000000000e+00	1.393813816866000e-04	2.934418896299000e-02	4.471296698973000e-04
9.449000000000000e+00	5.245137104896000e-05	2.876330942246000e-02	4.476729229501000e-04
9.449999999999999e+00	-3.447863958752000e-05	2.818242988145000e-02	4.482161759968000e-04
9.451000000000001e+00	-1.211755185009000e-04	2.751313905846000e-02	4.476365319159000e-04
9.452000000000000e+00	-2.078723974142000e-04	2.684384823546000e-02	4.470568878349000e-04
9.452999999999999e+00	-2.695339094503000e-04	2.613314487812000e-02	4.460787068784000e-04
9.454000000000001e+00	-3.061600551524000e-04	2.538102898735000e-02	4.447019890549000e-04
9.455000000000000e+00	-3.427862004714000e-04	2.462891309616000e-02	4.433252712313000e-04
9.456000000000000e+00	-3.087930176101000e-04	2.380067044696000e-02	4.419439325587000e-04
9.457000000000001e+00	-2.747998347487000e-04	2.297242779775000e-02	4.405625938862000e-04
9.458000000000000e+00	-2.158729384964000e-04	2.210977157313000e-02	4.395763190205000e-04
9.459000000000000e+00	-1.320123293939000e-04	2.121270177385000e-02	4.389851079533000e-04
9.460000000000001e+00	-4.815172029127000e-05	2.031563197422000e-02	4.383938968921000e-04
9.461000000000000e+00	3.570512349755000e-05	1.935711932213000e-02	4.389244229512000e-04
9.462000000000000e+00	1.195619672864000e-04	1.839860667003000e-02	4.394549490103000e-04
9.462999999999999e+00	1.785353591294000e-04	1.741298236048000e-02	4.403835984400000e-04
9.464000000000000e+00	2.126252995663000e-04	1.640024639406000e-02	4.417103712316000e-04
9.465000000000000e+00	2.467152396220000e-04	1.538751042739000e-02	4.430371440232000e-04
9.465999999999999e+00	2.105311415868000e-04	1.432773752486000e-02	4.443685331858000e-04
9.467000000000001e+00	1.743470435517000e-04	1.326796462234000e-02	4.456999223484000e-04
9.468000000000000e+00	1.133996585195000e-04	1.218845039951000e-02	4.466366580030000e-04
9.468999999999999e+00	2.768898702736000e-05	1.108919485680000e-02	4.471787401582000e-04
9.470000000000001e+00	-5.802168446328000e-05	9.989939313910000e-03	4.477208223073000e-04
9.471000000000000e+00	-1.434253321338000e-04	8.859522609579999e-03	4.471423287329000e-04
9.472000000000000e+00	-2.288289798043000e-04	7.729105905249000e-03	4.465638351585000e-04
9.473000000000001e+00	-2.892175127096000e-04	6.587715790821000e-03	4.455876266982000e-04
9.474000000000000e+00	-3.245909313919000e-04	5.435352266536000e-03	4.442137033607000e-04
9.475000000000000e+00	-3.599643496918000e-04	4.282988742186000e-03	4.428397800232000e-04
9.476000000000001e+00	-3.248118966040000e-04	3.118524904399000e-03	4.414612301159000e-04
9.477000000000000e+00	-2.896594435162000e-04	1.954061066614000e-03	4.400826802086000e-04
9.478000000000000e+00	-2.296029744402000e-04	7.885191016312000e-04	4.390983670370000e-04
9.478999999999999e+00	-1.446424899158000e-04	-3.781009905277000e-04	4.385082905925000e-04
9.480000000000000e+00	-5.968200539146000e-05	-1.544721082645000e-03	4.379182141542000e-04
9.481000000000000e+00	2.531078953552000e-05	-2.703992282442000e-03	4.384475449427000e-04
9.481999999999999e+00	1.103035844626000e-04	-3.863263482241000e-03	4.389768757313000e-04
9.483000000000001e+00	1.704785547061000e-04	-5.014459992582000e-03	4.399035127453000e-04
9.484000000000000e+00	2.058357008046000e-04	-6.157581813642000e-03	4.412274559763000e-04
9.484999999999999e+00	2.411928465230000e-04	-7.300703634569000e-03	4.425513992072000e-04
9.486000000000001e+00	2.064404863566000e-04	-8.419461500339001e-03	4.438799833943000e-04
9.487000000000000e+00	1.716881261903000e-04	-9.538219366106999e-03	4.452085675813000e-04
9.488000000000000e+00	1.122277177141000e-04	-1.064078491085000e-02	4.461433339902000e-04
9.489000000000001e+00	2.805926146378000e-05	-1.172715813493000e-02	4.466842826295000e-04
9.490000000000000e+00	-5.610919478478000e-05	-1.281353135878000e-02	4.472252312627000e-04
9.491000000000000e+00	-1.399759190968000e-04	-1.385929851231000e-02	4.466479405860000e-04
9.492000000000001e+00	-2.238426434090000e-04	-1.490506566585000e-02	4.460706499094000e-04
9.493000000000000e+00	-2.827548167694000e-04	-1.592625566196000e-02	4.450964566140000e-04
9.494000000000000e+00	-3.167124397195000e-04	-1.692286850120000e-02	4.437253607084000e-04
9.494999999999999e+00	-3.506700622883000e-04	-1.791948134012000e-02	4.423542648028000e-04
9.496000000000000e+00	-3.142772466700000e-04	-1.885831986163000e-02	4.409784909215000e-04
9.497000000000000e+00	-2.778844310518000e-04	-1.979715838314000e-02	4.396027170403000e-04
9.497999999999999e+00	-2.166589297800000e-04	-2.070302586393000e-02	4.386203240115000e-04
9.499000000000001e+00	-1.306007433930000e-04	-2.157592230471000e-02	4.380313118268000e-04
9.500000000000000e+00	-4.454255700621000e-05	-2.244881874509000e-02	4.374422996482000e-04
9.500999999999999e+00	4.149978381073000e-05	-2.324857911555000e-02	4.379703113465000e-04
9.502000000000001e+00	1.275421246278000e-04	-2.404833948602000e-02	4.384983230448000e-04
9.503000000000000e+00	1.887900446622000e-04	-2.480854530069000e-02	4.394228062786000e-04
9.504000000000000e+00	2.252435444517000e-04	-2.552919656044000e-02	4.407437610393000e-04
9.505000000000001e+00	2.616970438616000e-04	-2.624984781973000e-02	4.420647157999000e-04
9.506000000000000e+00	2.281220438569000e-04	-2.688649729033000e-02	4.433903292365000e-04
9.507000000000000e+00	1.945470438523000e-04	-2.752314676092000e-02	4.447159426731000e-04
9.507999999999999e+00	1.362785755636000e-04	-2.811568058500000e-02	4.456485868723000e-04
9.509000000000000e+00	5.331663952673000e-05	-2.866409876351000e-02	4.461882618428000e-04
9.510000000000000e+00	-2.964529650894000e-05	-2.921251694153000e-02	4.467279368072000e-04
9.510999999999999e+00	-1.123887689260000e-04	-2.966871400340000e-02	4.461517651709000e-04
9.512000000000000e+00	-1.951322413430000e-04	-3.012491106526000e-02	4.455755935347000e-04
9.513000000000000e+00	-2.530186667601000e-04	-3.053304301006000e-02	4.446033711443000e-04
9.513999999999999e+00	-2.860480457165000e-04	-3.089310983883000e-02	4.432350980083000e-04
9.515000000000001e+00	-3.190774242928000e-04	-3.125317666707000e-02	4.418668248722000e-04
9.516000000000000e+00	-2.820012334714000e-04	-3.151350300723000e-02	4.404939116420000e-04
9.516999999999999e+00	-2.449250426499000e-04	-3.177382934740000e-02	4.391209984119000e-04
9.518000000000001e+00	-1.831199384357000e-04	-3.198287155527000e-02	4.381406519622000e-04
9.519000000000000e+00	-9.658592136530000e-05	-3.214062963197000e-02	4.375528722844000e-04
9.520000000000000e+00	-1.005190429558000e-05	-3.229838770809000e-02	4.369650926127000e-04
9.521000000000001e+00	7.635790181703000e-05	-3.235201078414000e-02	4.374920159059000e-04
9.522000000000000e+00	1.627677079295000e-04	-3.240563386019000e-02	4.380189391991000e-04
9.523000000000000e+00	2.243788991119000e-04	-3.240713783772000e-02	4.389415141108000e-04
9.523999999999999e+00	2.611914759021000e-04	-3.235652271786000e-02	4.402597406324000e-04
9.525000000000000e+00	2.980040523126000e-04	-3.230590759743000e-02	4.415779671540000e-04
9.526000000000000e+00	2.648195418491000e-04	-3.215222825600000e-02	4.429008615512000e-04
9.526999999999999e+00	2.316350313856000e-04	-3.199854891457000e-02	4.442237559484000e-04
9.528000000000000e+00	1.737499839338000e-04	-3.179433105357000e-02	4.451545074084000e-04
9.529000000000000e+00	9.116440002945000e-05	-3.153957467409000e-02	4.456931159398000e-04
9.529999999999999e+00	8.578816125658000e-06	-3.128481829407000e-02	4.462317244651000e-04
9.531000000000001e+00	-7.390800596189000e-05	-3.093131381391000e-02	4.456568065032000e-04
9.532000000000000e+00	-1.563948280493000e-04	-3.057780933375000e-02	4.450818885413000e-04
9.532999999999999e+00	-2.141367623472000e-04	-3.017616200017000e-02	4.441117266181000e-04
9.534000000000001e+00	-2.471338093922000e-04	-2.972637181421000e-02	4.427463207421000e-04
9.535000000000000e+00	-2.801308560584000e-04	-2.927658162775000e-02	4.413809148661000e-04
9.536000000000000e+00	-2.432894643623000e-04	-2.873326920479000e-02	4.400108094504000e-04
9.537000000000001e+00	-2.064480726661000e-04	-2.818995678183000e-02	4.386407040347000e-04
9.538000000000000e+00	-1.449892783053000e-04	-2.760163176405000e-02	4.376623034841000e-04
9.539000000000000e+00	-5.891308181359000e-05	-2.696829415241000e-02	4.370756077903000e-04
9.539999999999999e+00	2.716311467695000e-05	-2.633495654031000e-02	4.364889121024000e-04
9.541000000000000e+00	1.129978243315000e-04	-2.561625219772000e-02	4.370145124641000e-04
9.542000000000000e+00	1.988325339861000e-04	-2.489754785513000e-02	4.375401128258000e-04
9.542999999999999e+00	2.598632691232000e-04	-2.413914664211000e-02	4.384605113451000e-04
9.544000000000000e+00	2.960900302806000e-04	-2.334104855952000e-02	4.397757080133000e-04
9.545000000000000e+00	3.323167910586000e-04	-2.254295047654000e-02	4.410909046816000e-04
9.545999999999999e+00	2.985824119119000e-04	-2.167251239201000e-02	4.424107420272000e-04
9.547000000000001e+00	2.648480327651000e-04	-2.080207430749000e-02	4.437305793728000e-04
9.548000000000000e+00	2.064119646771000e-04	-1.989927883025000e-02	4.446591038813000e-04
9.548999999999999e+00	1.232742081834000e-04	-1.896412596101000e-02	4.451963155612000e-04
9.550000000000001e+00	4.013645168962000e-05	-1.802897309145000e-02	4.457335272351000e-04
9.551000000000000e+00	-4.300274468620000e-05	-1.703678727348000e-02	4.451595950718000e-04
9.552000000000000e+00	-1.261419410620000e-04	-1.604460145550000e-02	4.445856629085000e-04
9.553000000000001e+00	-1.846347670050000e-04	-1.502764338179000e-02	4.436173538144000e-04
9.554000000000000e+00	-2.184812230495000e-04	-1.398591305290000e-02	4.422546677979000e-04
9.555000000000000e+00	-2.523276787167000e-04	-1.294418272378000e-02	4.408919817814000e-04
9.555999999999999e+00	-2.165679527100000e-04	-1.186033060103000e-02	4.395247055759000e-04
9.557000000000000e+00	-1.808082267033000e-04	-1.077647847828000e-02	4.381574293705000e-04
9.558000000000000e+00	-1.205215873388000e-04	-9.675441403499000e-03	4.371810929944000e-04
9.558999999999999e+00	-3.570803514848000e-05	-8.557219377050999e-03	4.365956964391000e-04
9.560000000000000e+00	4.910551704004000e-05	-7.438997350465000e-03	4.360102998899000e-04
9.561000000000000e+00	1.336090194895000e-04	-6.294879882524000e-03	4.365349779118000e-04
9.561999999999999e+00	2.181125219389000e-04	-5.150762414584000e-03	4.370596559337000e-04
9.563000000000001e+00	2.778341541479000e-04	-3.998357093606000e-03	4.379783496052000e-04
9.564000000000000e+00	3.127739166538000e-04	-2.837663919773000e-03	4.392910589179000e-04
9.565000000000000e+00	3.477136787809000e-04	-1.676970745905000e-03	4.406037682307000e-04
9.566000000000001e+00	3.127889868985000e-04	-5.096071439645000e-04	4.419211617624000e-04
9.567000000000000e+00	2.778642950162000e-04	6.577564579737000e-04	4.432385552941000e-04
9.568000000000000e+00	2.182698112202000e-04	1.823475245326000e-03	4.441654596052000e-04
9.569000000000001e+00	1.340055360455000e-04	2.987549218130000e-03	4.447018747041000e-04
9.570000000000000e+00	4.974126087073000e-05	4.151623190862000e-03	4.452382897970000e-04
9.571000000000000e+00	-3.455383243655000e-05	5.302924989532000e-03	4.446658524368000e-04
9.571999999999999e+00	-1.188489257440000e-04	6.454226788204000e-03	4.440934150766000e-04
9.573000000000000e+00	-1.785588284516000e-04	7.594771884175000e-03	4.431273934235000e-04
9.574000000000000e+00	-2.136835410928000e-04	8.724560277680000e-03	4.417677874862000e-04
9.574999999999999e+00	-2.488082533574000e-04	9.854348671027000e-03	4.404081815489000e-04
9.576000000000001e+00	-2.144815485366000e-04	1.095450632201000e-02	4.390439179839000e-04
9.577000000000000e+00	-1.801548437157000e-04	1.205466397299000e-02	4.376796544189000e-04
9.577999999999999e+00	-1.213520584401000e-04	1.313606529178000e-02	4.367054783839000e-04
9.579000000000001e+00	-3.807319324038000e-05	1.419871027879000e-02	4.361213898707000e-04
9.580000000000000e+00	4.520567195756000e-05	1.526135526554000e-02	4.355373013634000e-04
9.581000000000000e+00	1.281863184546000e-04	1.627844965231000e-02	4.360609181097000e-04
9.582000000000001e+00	2.111669649518000e-04	1.729554403908000e-02	4.365845348560000e-04
9.583000000000000e+00	2.694283986094000e-04	1.828570327491000e-02	4.375013316600000e-04
9.584000000000000e+00	3.029706199638000e-04	1.924892736039000e-02	4.388113085131000e-04
9.585000000000001e+00	3.365128409403000e-04	2.021215144553000e-02	4.401212853663000e-04
9.586000000000000e+00	3.003690470911000e-04	2.111315522681000e-02	4.414359304904000e-04
9.587000000000000e+00	2.642252532420000e-04	2.201415900808000e-02	4.427505756145000e-04
9.587999999999999e+00	2.034847693302000e-04	2.288012127112000e-02	4.436755469973000e-04
9.589000000000000e+00	1.181475958896000e-04	2.371104201668000e-02	4.442108446473000e-04
9.590000000000000e+00	3.281042244914000e-05	2.454196276182000e-02	4.447461422912000e-04
9.590999999999999e+00	-5.250407797792000e-05	2.529593985292000e-02	4.441748961595000e-04
9.592000000000001e+00	-1.378185784048000e-04	2.604991694403000e-02	4.436036500278000e-04
9.593000000000000e+00	-1.985676994619000e-04	2.676261434554000e-02	4.426396309344000e-04
9.593999999999999e+00	-2.347514416820000e-04	2.743403205837000e-02	4.412828388876000e-04
9.595000000000001e+00	-2.709351835259000e-04	2.810544977072000e-02	4.399260468409000e-04
9.596000000000000e+00	-2.377406549002000e-04	2.868979565994000e-02	4.385645723591000e-04
9.597000000000000e+00	-2.045461262745000e-04	2.927414154916000e-02	4.372030978774000e-04
9.598000000000001e+00	-1.468866971479000e-04	2.981303899655000e-02	4.362308758944000e-04
9.599000000000000e+00	-6.476236805133000e-05	3.030648800309000e-02	4.356479064018000e-04
9.600000000000000e+00	1.736196104411000e-05	3.079993700911000e-02	4.350649369151000e-04
9.601000000000001e+00	9.927577729066001e-05	3.119892905650000e-02	4.355873212387000e-04
9.602000000000000e+00	1.811895935371000e-04	3.159792110388000e-02	4.361097055622000e-04
9.603000000000000e+00	2.384826674590000e-04	3.194795682834000e-02	4.370244344895000e-04
9.603999999999999e+00	2.711549995904000e-04	3.224903623094000e-02	4.383315080120000e-04
9.605000000000000e+00	3.038273313451000e-04	3.255011563299000e-02	4.396385815346000e-04
9.606000000000000e+00	2.670590167795000e-04	3.275014389431000e-02	4.409502978421000e-04
9.606999999999999e+00	2.302907022138000e-04	3.295017215563000e-02	4.422620141495000e-04
9.608000000000001e+00	1.690298215708000e-04	3.309850200224000e-02	4.431848698656000e-04
9.609000000000000e+00	8.327637538173001e-05	3.319513343526000e-02	4.437188649985000e-04
9.609999999999999e+00	-2.477070806641000e-06	3.329176486771000e-02	4.442528601255000e-04
9.611000000000001e+00	-8.809732823564000e-05	3.328391707902000e-02	4.436826371953000e-04
9.612000000000000e+00	-1.737175856645000e-04	3.327606929034000e-02	4.431124142650000e-04
9.613000000000000e+00	-2.347664023444000e-04	3.321617080143000e-02	4.421502553668000e-04
9.614000000000001e+00	-2.712437788084000e-04	3.310422161341000e-02	4.407961605092000e-04
9.615000000000000e+00	-3.077211548963000e-04	3.299227242485000e-02	4.394420656515000e-04
9.616000000000000e+00	-2.748473781748000e-04	3.277787148572000e-02	4.380833519795000e-04
9.617000000000001e+00	-2.419736014533000e-04	3.256347054660000e-02	4.367246383075000e-04
9.618000000000000e+00	-1.846262093264000e-04	3.229907274815000e-02	4.357544002415000e-04
9.619000000000000e+00	-1.028052023249000e-04	3.198467809147000e-02	4.351726377732000e-04
9.619999999999999e+00	-2.098419532382000e-05	3.167028343426000e-02	4.345908753109000e-04
9.621000000000000e+00	6.074710958970000e-05	3.125869057503000e-02	4.351122401024000e-04
9.622000000000000e+00	1.424784145032000e-04	3.084709771580000e-02	4.356336048940000e-04
9.622999999999999e+00	1.997005357630000e-04	3.038836714661000e-02	4.365465338569000e-04
9.624000000000001e+00	2.324134739005000e-04	2.988249886848000e-02	4.378510269828000e-04
9.625000000000000e+00	2.651264116630000e-04	2.937663058985000e-02	4.391555201087000e-04
9.625999999999999e+00	2.286632794921000e-04	2.877969916502000e-02	4.404647052289000e-04
9.627000000000001e+00	1.922001473210000e-04	2.818276774018000e-02	4.417738903491000e-04
9.628000000000000e+00	1.313547131289000e-04	2.754226797777000e-02	4.426950417974000e-04
9.629000000000000e+00	4.612697744439000e-05	2.685819987873000e-02	4.432281595820000e-04
9.630000000000001e+00	-3.910075823889000e-05	2.617413177924000e-02	4.437612773607000e-04
9.631000000000000e+00	-1.240794863212000e-04	2.540798787509000e-02	4.431924823992000e-04
9.632000000000000e+00	-2.090582144034000e-04	2.464184397093000e-02	4.426236874378000e-04
9.632999999999999e+00	-2.694603992391000e-04	2.383783389651000e-02	4.416637637393000e-04
9.634000000000000e+00	-3.052860413610000e-04	2.299595765265000e-02	4.403127113125000e-04
9.635000000000000e+00	-3.411116831072000e-04	2.215408140842000e-02	4.389616588856000e-04
9.635999999999999e+00	-3.076228265927000e-04	2.124386394886000e-02	4.376059671607000e-04
9.637000000000000e+00	-2.741339700783000e-04	2.033364648929000e-02	4.362502754358000e-04
9.638000000000000e+00	-2.161715480905000e-04	1.939322397443000e-02	4.352822360890000e-04
9.638999999999999e+00	-1.337355611601000e-04	1.842259640493000e-02	4.347018491118000e-04
9.640000000000001e+00	-5.129957422958000e-05	1.745196883515000e-02	4.341214621405000e-04
9.641000000000000e+00	3.114187787073000e-05	1.642888921235000e-02	4.346418891095000e-04
9.641999999999999e+00	1.135833299710000e-04	1.540580958955000e-02	4.351623160785000e-04
9.643000000000001e+00	1.716104201451000e-04	1.436037121972000e-02	4.360734921923000e-04
9.644000000000000e+00	2.052231489223000e-04	1.329257410334000e-02	4.373754174424000e-04
9.645000000000000e+00	2.388358773256000e-04	1.222477698676000e-02	4.386773426926000e-04
9.646000000000001e+00	2.034964826964000e-04	1.111989740721000e-02	4.399839660339000e-04
9.647000000000000e+00	1.681570880673000e-04	1.001501782766000e-02	4.412905893752000e-04
9.648000000000000e+00	1.085222062392000e-04	8.895559252863000e-03	4.422099998654000e-04
9.648999999999999e+00	2.459183773905000e-05	7.761521683138000e-03	4.427421975129000e-04
9.650000000000000e+00	-5.933853075931000e-05	6.627484113304000e-03	4.432743951544000e-04
9.651000000000000e+00	-1.429563991668000e-04	5.472890268738000e-03	4.427070039572000e-04
9.651999999999999e+00	-2.265742675744000e-04	4.318296424171000e-03	4.421396127600000e-04
9.653000000000000e+00	-2.856390723324000e-04	3.158123895971000e-03	4.411819214119000e-04
9.654000000000000e+00	-3.201508139736000e-04	1.992372684258000e-03	4.398339299216000e-04
9.654999999999999e+00	-3.546625552394000e-04	8.266214725384001e-04	4.384859384312000e-04
9.656000000000001e+00	-3.199581698924000e-04	-3.403495975675000e-04	4.371333404589000e-04
9.657000000000000e+00	-2.852537845455000e-04	-1.507320667672000e-03	4.357807424865000e-04
9.657999999999999e+00	-2.261089719540000e-04	-2.669926999587000e-03	4.348149964934000e-04
9.659000000000001e+00	-1.425237326481000e-04	-3.828168593410000e-03	4.342361024713000e-04
9.660000000000000e+00	-5.893849334207000e-05	-4.986410187133000e-03	4.336572084551000e-04
9.661000000000000e+00	2.467685273682000e-05	-6.126489115324000e-03	4.341768350985000e-04
9.662000000000001e+00	1.082921988158000e-04	-7.266568043517000e-03	4.346964617418000e-04
9.663000000000000e+00	1.675507239939000e-04	-8.393237946743000e-03	4.356060139563000e-04
9.664000000000000e+00	2.024524287995000e-04	-9.506498825296000e-03	4.369054917333000e-04
9.664999999999999e+00	2.373541332320000e-04	-1.061975970366000e-02	4.382049695104000e-04
9.666000000000000e+00	2.034496486491000e-04	-1.169820860956000e-02	4.395090971242000e-04
9.667000000000000e+00	1.695451640662000e-04	-1.277665751546000e-02	4.408132247380000e-04
9.667999999999999e+00	1.113916669125000e-04	-1.383384159250000e-02	4.417309206272000e-04
9.669000000000000e+00	2.898915771434000e-05	-1.486976084112000e-02	4.422621848002000e-04
9.670000000000000e+00	-5.341335148226000e-05	-1.590568008947000e-02	4.427934489673000e-04
9.670999999999999e+00	-1.355223843591000e-04	-1.689123973596000e-02	4.422273643622000e-04
9.672000000000001e+00	-2.176314172361000e-04	-1.787679938245000e-02	4.416612797571000e-04
9.673000000000000e+00	-2.752526698104000e-04	-1.883314530673000e-02	4.407056900901000e-04
9.673999999999999e+00	-3.083861426132000e-04	-1.976027750942000e-02	4.393605953698000e-04
9.675000000000001e+00	-3.415196150416000e-04	-2.068740971176000e-02	4.380155006494000e-04
9.676000000000000e+00	-3.056194140175000e-04	-2.154805646764000e-02	4.366657958725000e-04
9.677000000000000e+00	-2.697192129935000e-04	-2.240870322352000e-02	4.353160910955000e-04
9.678000000000001e+00	-2.094537237560000e-04	-2.323233870306000e-02	4.343524355744000e-04
9.679000000000000e+00	-1.248229468337000e-04	-2.401896290706000e-02	4.337748293007000e-04
9.680000000000000e+00	-4.019216991161000e-05	-2.480558711062000e-02	4.331972230329000e-04
9.680999999999999e+00	4.441003456908000e-05	-2.551168061692000e-02	4.337158601211000e-04
9.682000000000000e+00	1.290122390496000e-04	-2.621777412323000e-02	4.342344972093000e-04
9.683000000000000e+00	1.892742024647000e-04	-2.688098181438000e-02	4.351422457767000e-04
9.683999999999999e+00	2.251959253423000e-04	-2.750130369132000e-02	4.364391058147000e-04
9.685000000000000e+00	2.611176478471000e-04	-2.812162556776000e-02	4.377359658528000e-04
9.686000000000000e+00	2.282993979678000e-04	-2.865205926189000e-02	4.390374337035000e-04
9.686999999999999e+00	1.954811480886000e-04	-2.918249295602000e-02	4.403389015543000e-04
9.688000000000001e+00	1.384219941707000e-04	-2.966627906272000e-02	4.412547122969000e-04
9.689000000000000e+00	5.712193674012000e-05	-3.010341758298000e-02	4.417848659399000e-04
9.690000000000000e+00	-2.417812068940000e-05	-3.054055610273000e-02	4.423150195769000e-04
9.691000000000001e+00	-1.052768485620000e-04	-3.088128051935000e-02	4.417500377462000e-04
9.692000000000000e+00	-1.863755764344000e-04	-3.122200493597000e-02	4.411850559155000e-04
9.693000000000000e+00	-2.430863578262000e-04	-3.151302570198000e-02	4.402313512305000e-04
9.694000000000001e+00	-2.754091932665000e-04	-3.175434281845000e-02	4.388889236996000e-04
9.695000000000000e+00	-3.077320283338000e-04	-3.199565993437000e-02	4.375464961687000e-04
9.696000000000000e+00	-2.712684529424000e-04	-3.213490970887000e-02	4.361994472709000e-04
9.696999999999999e+00	-2.348048775509000e-04	-3.227415948338000e-02	4.348523983731000e-04
9.698000000000000e+00	-1.740812694452000e-04	-3.236144597515000e-02	4.338906068952000e-04
9.699000000000000e+00	-8.909762915137000e-05	-3.239676918533000e-02	4.333140728291000e-04
9.699999999999999e+00	-4.113988858029000e-06	-3.243209239493000e-02	4.327375387689000e-04
9.701000000000001e+00	8.072720579125000e-05	-3.236289310515000e-02	4.332550227529000e-04
9.702000000000000e+00	1.655684004407000e-04	-3.229369381536000e-02	4.337725067369000e-04
9.702999999999999e+00	2.260612023052000e-04	-3.217266262949000e-02	4.346783238939000e-04
9.704000000000001e+00	2.622056119130000e-04	-3.199979954866000e-02	4.359724742155000e-04
9.705000000000000e+00	2.983500211482000e-04	-3.182693646729000e-02	4.372666245371000e-04
9.706000000000000e+00	2.657777604278000e-04	-3.155253250212000e-02	4.385654138068000e-04
9.707000000000001e+00	2.332054997073000e-04	-3.127812853696000e-02	4.398642030766000e-04
9.708000000000000e+00	1.763826215740000e-04	-3.095441618521000e-02	4.407781378079000e-04
9.709000000000000e+00	9.530912655378999e-05	-3.058139544794000e-02	4.413072180090000e-04
9.710000000000001e+00	1.423563153371000e-05	-3.020837471015000e-02	4.418362982043000e-04
9.711000000000000e+00	-6.675665727038000e-05	-2.973999211464000e-02	4.412724814294000e-04
9.712000000000000e+00	-1.477489460743000e-04	-2.927160951913000e-02	4.407086646546000e-04
9.712999999999999e+00	-2.044632938056000e-04	-2.875723279703000e-02	4.397569022968000e-04
9.714000000000000e+00	-2.368997009903000e-04	-2.819686194932000e-02	4.384171943644000e-04
9.715000000000000e+00	-2.693361078035000e-04	-2.763649110114000e-02	4.370774864320000e-04
9.715999999999999e+00	-2.332464563614000e-04	-2.698778123338000e-02	4.357331060259000e-04
9.717000000000001e+00	-1.971568049195000e-04	-2.633907136563000e-02	4.343887256199000e-04
9.718000000000000e+00	-1.369155345536000e-04	-2.564836296452000e-02	4.334287820790000e-04
9.718999999999999e+00	-5.252264578776000e-05	-2.491565603098000e-02	4.328532753949000e-04
9.720000000000001e+00	3.187024297709000e-05	-2.418294909701000e-02	4.322777687168000e-04
9.721000000000000e+00	1.160069673461000e-04	-2.337169253013000e-02	4.327939954076000e-04
9.722000000000000e+00	2.001436917152000e-04	-2.256043596324000e-02	4.333102220984000e-04
9.723000000000001e+00	2.599272102158000e-04	-2.171325275104000e-02	4.342139807281000e-04
9.724000000000000e+00	2.953575233759000e-04	-2.083014289429000e-02	4.355052712883000e-04
9.725000000000000e+00	3.307878361636000e-04	-1.994703303720000e-02	4.367965618485000e-04
9.726000000000001e+00	2.975383606228000e-04	-1.899977915625000e-02	4.380925023308000e-04
9.727000000000000e+00	2.642888850821000e-04	-1.805252527530000e-02	4.393884428130000e-04
9.728000000000000e+00	2.067895662542000e-04	-1.707730746564000e-02	4.403003375408000e-04
9.728999999999999e+00	1.250404046653000e-04	-1.607412572787000e-02	4.408281865225000e-04
9.730000000000000e+00	4.329124307643000e-05	-1.507094398984000e-02	4.413560354983000e-04
9.731000000000000e+00	-3.846814357035000e-05	-1.402004634395000e-02	4.407932714309000e-04
9.731999999999999e+00	-1.202275302173000e-04	-1.296914869807000e-02	4.402305073636000e-04
9.733000000000001e+00	-1.778008086900000e-04	-1.189837159698000e-02	4.392806110234000e-04
9.734000000000000e+00	-2.111879795133000e-04	-1.080771504113000e-02	4.379435824189000e-04
9.734999999999999e+00	-2.445751499663000e-04	-9.717058485101000e-03	4.366065538144000e-04
9.736000000000001e+00	-2.096530980416000e-04	-8.594465556126000e-03	4.352648881742000e-04
9.737000000000000e+00	-1.747310461170000e-04	-7.471872627153000e-03	4.339232225340000e-04
9.738000000000000e+00	-1.157408174355000e-04	-6.337347220210000e-03	4.329652158840000e-04
9.739000000000001e+00	-3.268241251894000e-05	-5.190889335555000e-03	4.323908682160000e-04
9.740000000000000e+00	5.037599239577000e-05	-4.044431450820000e-03	4.318165205538000e-04
9.741000000000000e+00	1.331201248050000e-04	-2.882811406383000e-03	4.323316901561000e-04
9.742000000000001e+00	2.158642572144000e-04	-1.721191361943000e-03	4.328468597583000e-04
9.743000000000000e+00	2.742807228451000e-04	-5.567160477290000e-04	4.337487800489000e-04
9.744000000000000e+00	3.083695222253000e-04	6.106145361993000e-04	4.350374510194000e-04
9.744999999999999e+00	3.424583212335000e-04	1.777945120107000e-03	4.363261219900000e-04
9.746000000000000e+00	3.079696717183000e-04	2.941043078360000e-03	4.376194598311000e-04
9.747000000000000e+00	2.734810222032000e-04	4.104141036613000e-03	4.389127976723000e-04
9.747999999999999e+00	2.147782963484000e-04	5.260166663153000e-03	4.398228852798000e-04
9.749000000000001e+00	1.318614946794000e-04	6.409119958132000e-03	4.403497226620000e-04
9.750000000000000e+00	4.894469301034000e-05	7.558073252983000e-03	4.408765600382000e-04
9.750999999999999e+00	-3.399957257845000e-05	8.683524516007001e-03	4.403150157609000e-04
9.752000000000001e+00	-1.169438381674000e-04	9.808975779034000e-03	4.397534714836000e-04
9.753000000000000e+00	-1.757549202746000e-04	1.091840435639000e-02	4.388055730974000e-04
9.754000000000000e+00	-2.104328194239000e-04	1.201181024842000e-02	4.374713206106000e-04
9.755000000000001e+00	-2.451107182035000e-04	1.310521614023000e-02	4.361370681238000e-04
9.756000000000000e+00	-2.116156622917000e-04	1.415873185207000e-02	4.347981331457000e-04
9.757000000000000e+00	-1.781206063799000e-04	1.521224756391000e-02	4.334591981675000e-04
9.757999999999999e+00	-1.205996718858000e-04	1.624205391818000e-02	4.325031011065000e-04
9.759000000000000e+00	-3.905285933069000e-05	1.724815091537000e-02	4.319298419541000e-04
9.760000000000000e+00	4.249395322281000e-05	1.825424791227000e-02	4.313565828076000e-04
9.760999999999999e+00	1.237514142955000e-04	1.920532807539000e-02	4.318705373860000e-04
9.762000000000000e+00	2.050088753681000e-04	2.015640823852000e-02	4.323844919645000e-04
9.763000000000000e+00	2.620057201587000e-04	2.107608324917000e-02	4.332843750708000e-04
9.763999999999999e+00	2.947419491936000e-04	2.196435310802000e-02	4.345701866966000e-04
9.765000000000001e+00	3.274781778577000e-04	2.285262296649000e-02	4.358559983224000e-04
9.766000000000000e+00	2.918218463031000e-04	2.367033754613000e-02	4.371464286310000e-04
9.766999999999999e+00	2.561655147486000e-04	2.448805212577000e-02	4.384368589396000e-04
9.768000000000001e+00	1.963717677512000e-04	2.526689305239000e-02	4.393448178974000e-04
9.769000000000000e+00	1.124406058347000e-04	2.600686032685000e-02	4.398703055128000e-04
9.770000000000000e+00	2.850944391836000e-05	2.674682760086000e-02	4.403957931222000e-04
9.771000000000001e+00	-5.538567485183000e-05	2.740290970931000e-02	4.398351447418000e-04
9.772000000000000e+00	-1.392807936219000e-04	2.805899181777000e-02	4.392744963615000e-04
9.773000000000000e+00	-1.990560137712000e-04	2.867070631444000e-02	4.383283081160000e-04
9.773999999999999e+00	-2.347113358230000e-04	2.923805320030000e-02	4.369965800138000e-04
9.775000000000000e+00	-2.703666575053000e-04	2.980540008565000e-02	4.356648519117000e-04
9.776000000000000e+00	-2.379080818073000e-04	3.028030530191000e-02	4.343285251856000e-04
9.776999999999999e+00	-2.054495061092000e-04	3.075521051818000e-02	4.329921984595000e-04
9.778000000000000e+00	-1.489701273374000e-04	3.118240652111000e-02	4.320379745218000e-04
9.779000000000000e+00	-6.846994601291000e-05	3.156189331175000e-02	4.314658533642000e-04
9.779999999999999e+00	1.203023531052000e-05	3.194138010185000e-02	4.308937322125000e-04
9.781000000000001e+00	9.233701896149999e-05	3.222278062607000e-02	4.314067089749000e-04
9.782000000000000e+00	1.726438026124000e-04	3.250418115030000e-02	4.319196857373000e-04
9.782999999999999e+00	2.287905791222000e-04	3.273527698238000e-02	4.328178542520000e-04
9.784000000000001e+00	2.607773490152000e-04	3.291606812342000e-02	4.341012145106000e-04
9.785000000000000e+00	2.927641185386000e-04	3.309685926390000e-02	4.353845747692000e-04
9.786000000000000e+00	2.566060421551000e-04	3.317486462375000e-02	4.366726287483000e-04
9.787000000000001e+00	2.204479657715000e-04	3.325286998360000e-02	4.379606827274000e-04
9.788000000000000e+00	1.602582155653000e-04	3.327879747657000e-02	4.388670716677000e-04
9.789000000000000e+00	7.603679205765001e-05	3.325264710379000e-02	4.393917955775000e-04
9.789999999999999e+00	-8.184631449299001e-06	3.322649673043000e-02	4.399165194815000e-04
9.791000000000000e+00	-9.225353017497001e-05	3.309608161978000e-02	4.393573328087000e-04
9.792000000000000e+00	-1.763224289006000e-04	3.296566650914000e-02	4.387981461360000e-04
9.792999999999999e+00	-2.362611915284000e-04	3.278378791451000e-02	4.378541898764000e-04
9.794000000000000e+00	-2.720698185815000e-04	3.255044583702000e-02	4.365254640383000e-04
9.795000000000000e+00	-3.078784452653000e-04	3.231710375898000e-02	4.351967382002000e-04
9.795999999999999e+00	-2.755920052317000e-04	3.198342675911000e-02	4.338633601689000e-04
9.797000000000001e+00	-2.433055651980000e-04	3.164974975925000e-02	4.325299821376000e-04
9.798000000000000e+00	-1.869871068417000e-04	3.126759717228000e-02	4.315778901953000e-04
9.798999999999999e+00	-1.066366306839000e-04	3.083696899924000e-02	4.310070843338000e-04
9.800000000000001e+00	-2.628615452644000e-05	3.040634082570000e-02	4.304362784781000e-04
9.801000000000000e+00	5.399128780784000e-05	2.988246701588000e-02	4.309482903587000e-04
9.802000000000000e+00	1.342687301421000e-04	2.935859320606000e-02	4.314603022393000e-04
9.803000000000001e+00	1.904948548012000e-04	2.879000325481000e-02	4.323566970310000e-04
9.804000000000000e+00	2.226696623066000e-04	2.817669716310000e-02	4.336374747255000e-04
9.805000000000000e+00	2.548444694438000e-04	2.756339107092000e-02	4.349182524199000e-04
9.805999999999999e+00	2.191303983047000e-04	2.686472562653000e-02	4.362036910429000e-04
9.807000000000000e+00	1.834163271657000e-04	2.616606018213000e-02	4.374891296658000e-04
9.808000000000000e+00	1.237767788437000e-04	2.542708613537000e-02	4.383936783468000e-04
9.808999999999999e+00	4.021175385760000e-05	2.464780348710000e-02	4.389173370941000e-04
9.810000000000000e+00	-4.335327112695000e-05	2.386852083843000e-02	4.394409958355000e-04
9.811000000000000e+00	-1.266552084488000e-04	2.301443785502000e-02	4.388829533911000e-04
9.811999999999999e+00	-2.099571457707000e-04	2.216035487160000e-02	4.383249109467000e-04
9.813000000000001e+00	-2.691249562217000e-04	2.127238692959000e-02	4.373828806458000e-04
9.814000000000000e+00	-3.041586403252000e-04	2.035053402974000e-02	4.360568624965000e-04
9.815000000000000e+00	-3.391923240596000e-04	1.942868112957000e-02	4.347308443473000e-04
9.816000000000001e+00	-3.061688957855000e-04	1.844706536746000e-02	4.334001673943000e-04
9.817000000000000e+00	-2.731454675113000e-04	1.746544960535000e-02	4.320694904413000e-04
9.818000000000000e+00	-2.160918038484000e-04	1.645819212472000e-02	4.311193088831000e-04
9.819000000000001e+00	-1.350079053176000e-04	1.542529292612000e-02	4.305496227115000e-04
9.820000000000000e+00	-5.392400678696000e-05	1.439239372729000e-02	4.299799365457000e-04
9.821000000000000e+00	2.717414641397000e-05	1.331665379074000e-02	4.304908270536000e-04
9.821999999999999e+00	1.082722996150000e-04	1.224091385419000e-02	4.310017175616000e-04
9.823000000000000e+00	1.654077587639000e-04	1.114783110526000e-02	4.318961896580000e-04
9.824000000000000e+00	1.985805243805000e-04	1.003740554431000e-02	4.331742433345000e-04
9.824999999999999e+00	2.317532896302000e-04	8.926979983226000e-03	4.344522970110000e-04
9.826000000000001e+00	1.972462780762000e-04	7.789853556310000e-03	4.357349694049000e-04
9.827000000000000e+00	1.627392665222000e-04	6.652727129395000e-03	4.370176417988000e-04
9.827999999999999e+00	1.043864468816000e-04	5.506346457656000e-03	4.379201878453000e-04
9.829000000000001e+00	2.218781967149000e-05	4.350711541291000e-03	4.384426075526000e-04
9.830000000000000e+00	-6.001080753676000e-05	3.195076624876000e-03	4.389650272540000e-04
9.831000000000000e+00	-1.418944171354000e-04	2.029710673426000e-03	4.384079369154000e-04
9.832000000000001e+00	-2.237780267341000e-04	8.643447219736000e-04	4.378508465768000e-04
9.833000000000000e+00	-2.815553539593000e-04	-3.011478961671000e-04	4.369105528843000e-04
9.834000000000000e+00	-3.152263993341000e-04	-1.466767180996000e-03	4.355870558461000e-04
9.835000000000001e+00	-3.488974443404000e-04	-2.632386465774000e-03	4.342635588078000e-04
9.836000000000000e+00	-3.146176034185000e-04	-3.788336925618000e-03	4.329354382305000e-04
9.837000000000000e+00	-2.803377624965000e-04	-4.944287385461000e-03	4.316073176532000e-04
9.837999999999999e+00	-2.220656974555000e-04	-6.090479337954000e-03	4.306589415616000e-04
9.839000000000000e+00	-1.398014088162000e-04	-7.226912783302000e-03	4.300903099474000e-04
9.840000000000000e+00	-5.753712017677000e-05	-8.363346228495000e-03	4.295216783391000e-04
9.840999999999999e+00	2.475259705091000e-05	-9.471007399992000e-03	4.300314893873000e-04
9.842000000000001e+00	1.070423142784000e-04	-1.057866857149000e-02	4.305413004354000e-04
9.843000000000000e+00	1.654184376283000e-04	-1.166774087599000e-02	4.314339499783000e-04
9.843999999999999e+00	1.998809676190000e-04	-1.273822431390000e-02	4.327094380077000e-04
9.845000000000001e+00	2.343434972434000e-04	-1.380870775157000e-02	4.339849260371000e-04
9.846000000000000e+00	2.012542659293000e-04	-1.483434289666000e-02	4.352650965356000e-04
9.847000000000000e+00	1.681650346152000e-04	-1.585997804174000e-02	4.365452670341000e-04
9.848000000000001e+00	1.112685610703000e-04	-1.685953143056000e-02	4.374461144384000e-04
9.849000000000000e+00	3.056484581146000e-05	-1.783300306367000e-02	4.379676387567000e-04
9.850000000000000e+00	-5.013886944588000e-05	-1.880647469646000e-02	4.384891630691000e-04
9.851000000000001e+00	-1.305582038103000e-04	-1.972043946029000e-02	4.379334119110000e-04
9.852000000000000e+00	-2.109775381746000e-04	-2.063440422412000e-02	4.373776607528000e-04
9.853000000000000e+00	-2.673596531181000e-04	-2.151486675676000e-02	4.364394934027000e-04
9.853999999999999e+00	-2.997045491623000e-04	-2.236182705896000e-02	4.351189098691000e-04
9.855000000000000e+00	-3.320494448389000e-04	-2.320878736075000e-02	4.337983263355000e-04
9.856000000000000e+00	-2.966317423516000e-04	-2.398133119804000e-02	4.324731247060000e-04
9.856999999999999e+00	-2.612140398642000e-04	-2.475387503534000e-02	4.311479230765000e-04
9.858000000000001e+00	-2.018828868457000e-04	-2.548579631471000e-02	4.302016855622000e-04
9.859000000000000e+00	-1.186382838149000e-04	-2.617709503702000e-02	4.296344121549000e-04
9.859999999999999e+00	-3.539368078428000e-05	-2.686839375887000e-02	4.290671387534000e-04
9.861000000000001e+00	4.780682858089000e-05	-2.747269636254000e-02	4.295760940889000e-04
9.862000000000000e+00	1.310073379459000e-04	-2.807699896620000e-02	4.300850494245000e-04
9.863000000000000e+00	1.903037062846000e-04	-2.863558128823000e-02	4.309760549432000e-04
9.864000000000001e+00	2.256959341154000e-04	-2.914844332960000e-02	4.322491106368000e-04
9.865000000000000e+00	2.610881615801000e-04	-2.966130537046000e-02	4.335221663304000e-04
9.866000000000000e+00	2.289796153715000e-04	-3.007944326007000e-02	4.347998804287000e-04
9.867000000000001e+00	1.968710691629000e-04	-3.049758114967000e-02	4.360775945270000e-04
9.868000000000000e+00	1.409569753861000e-04	-3.086708899877000e-02	4.369767536384000e-04
9.869000000000000e+00	6.123733455755000e-05	-3.118796680842000e-02	4.374973577712000e-04
9.869999999999999e+00	-1.848230627009000e-05	-3.150884461754000e-02	4.380179618982000e-04
9.871000000000000e+00	-9.801768970676000e-05	-3.173025388465000e-02	4.374634859421000e-04
9.872000000000000e+00	-1.775530731434000e-04	-3.195166315177000e-02	4.369090099861000e-04
9.872999999999999e+00	-2.331525403507000e-04	-3.212231458171000e-02	4.359729048438000e-04
9.874000000000001e+00	-2.648160918476000e-04	-3.224220817556000e-02	4.346551705236000e-04
9.875000000000000e+00	-2.964796429783000e-04	-3.236210176886000e-02	4.333374362034000e-04
9.875999999999999e+00	-2.606278743832000e-04	-3.237879045651000e-02	4.320151257395000e-04
9.877000000000001e+00	-2.247761057881000e-04	-3.239547914416000e-02	4.306928152757000e-04
9.878000000000000e+00	-1.651162630744000e-04	-3.236012563104000e-02	4.297487187132000e-04
9.879000000000000e+00	-8.164834675831000e-05	-3.227272991828000e-02	4.291828360439000e-04
9.880000000000001e+00	1.819569557021000e-06	-3.218533420497000e-02	4.286169533804000e-04
9.881000000000000e+00	8.512669752071000e-05	-3.199423092441000e-02	4.291251486141000e-04
9.882000000000000e+00	1.684338254844000e-04	-3.180312764386000e-02	4.296333438479000e-04
9.882999999999999e+00	2.278258500405000e-04	-3.156107732004000e-02	4.305228225950000e-04
9.884000000000000e+00	2.633027717075000e-04	-3.126807995405000e-02	4.317935848473000e-04
9.885000000000000e+00	2.987796930085000e-04	-3.097508258753000e-02	4.330643470996000e-04
9.885999999999999e+00	2.667727154955000e-04	-3.058324668436000e-02	4.343397507684000e-04
9.887000000000000e+00	2.347657379824000e-04	-3.019141078120000e-02	4.356151544373000e-04
9.888000000000000e+00	1.789413861382000e-04	-2.975207332144000e-02	4.365127543813000e-04
9.888999999999999e+00	9.929966047920000e-05	-2.926523430612000e-02	4.370325506088000e-04
9.890000000000001e+00	1.965793482045000e-05	-2.877839529030000e-02	4.375523468304000e-04
9.891000000000000e+00	-5.991942554896000e-05	-2.820069902043000e-02	4.369991924853000e-04
9.891999999999999e+00	-1.394967859184000e-04	-2.762300275056000e-02	4.364460381402000e-04
9.893000000000001e+00	-1.952457825173000e-04	-2.700199811524000e-02	4.355120016200000e-04
9.894000000000000e+00	-2.271664158623000e-04	-2.633768511539000e-02	4.341970829329000e-04
9.895000000000000e+00	-2.590870488427000e-04	-2.567337211510000e-02	4.328821642458000e-04
9.896000000000001e+00	-2.237450304245000e-04	-2.492692430434000e-02	4.315626377747000e-04
9.897000000000000e+00	-1.884030120063000e-04	-2.418047649357000e-02	4.302431113036000e-04
9.898000000000000e+00	-1.293575231954000e-04	-2.339552413594000e-02	4.293010227082000e-04
9.898999999999999e+00	-4.660856450563000e-05	-2.257206723228000e-02	4.287363719802000e-04
9.900000000000000e+00	3.614039418250000e-05	-2.174861032823000e-02	4.281717212580000e-04
9.901000000000000e+00	1.186203185296000e-04	-2.085431230996000e-02	4.286789737743000e-04
9.901999999999999e+00	2.011002428769000e-04	-1.996001429169000e-02	4.291862262906000e-04
9.903000000000000e+00	2.596618625687000e-04	-1.903396803592000e-02	4.300739954188000e-04
9.904000000000000e+00	2.943051781241000e-04	-1.807617354333000e-02	4.313422811506000e-04
9.904999999999999e+00	3.289484933138000e-04	-1.711837905045000e-02	4.326105668824000e-04
9.906000000000001e+00	2.961476673168000e-04	-1.610537165921000e-02	4.338834886020000e-04
9.907000000000000e+00	2.633468413199000e-04	-1.509236426798000e-02	4.351564103216000e-04
9.907999999999999e+00	2.067320373530000e-04	-1.405611046704000e-02	4.360522850069000e-04
9.909000000000001e+00	1.263032559324000e-04	-1.299661025689000e-02	4.365711126661000e-04
9.910000000000000e+00	4.587447451186000e-05	-1.193711004653000e-02	4.370899403194000e-04
9.911000000000000e+00	-3.457191654930000e-05	-1.083976661270000e-02	4.365379481010000e-04
9.912000000000001e+00	-1.150183076106000e-04	-9.742423178873000e-03	4.359859558826000e-04
9.913000000000000e+00	-1.717214380800000e-04	-8.630322271750999e-03	4.350538230985000e-04
9.914000000000000e+00	-2.046813084725000e-04	-7.503463891658000e-03	4.337415497570000e-04
9.914999999999999e+00	-2.376411785015000e-04	-6.376605511448000e-03	4.324292764155000e-04
9.916000000000000e+00	-2.035399949356000e-04	-5.228353346303000e-03	4.311123452871000e-04
9.917000000000000e+00	-1.694388113697000e-04	-4.080101181158000e-03	4.297954141587000e-04
9.917999999999999e+00	-1.117105903103000e-04	-2.925295593214000e-03	4.288551363616000e-04
9.919000000000000e+00	-3.035533227019000e-05	-1.763936582618000e-03	4.282915118875000e-04
9.920000000000000e+00	5.099992576824000e-05	-6.025775719991000e-04	4.277278874192000e-04
9.920999999999999e+00	1.320387910318000e-04	5.630628464017001e-04	4.282339857910000e-04
9.922000000000001e+00	2.130776562955000e-04	1.728703264804000e-03	4.287400841627000e-04
9.923000000000000e+00	2.702275405437000e-04	2.891745845454000e-03	4.296259389006000e-04
9.923999999999999e+00	3.034884442946000e-04	4.052190588410000e-03	4.308915499964000e-04
9.925000000000001e+00	3.367493476804000e-04	5.212635331286000e-03	4.321571610922000e-04
9.926000000000000e+00	3.026750117607000e-04	6.358009784934000e-03	4.334274381704000e-04
9.927000000000000e+00	2.686006758411000e-04	7.503384238583000e-03	4.346977152486000e-04
9.928000000000001e+00	2.107523979982000e-04	8.636344497151000e-03	4.355917292769000e-04
9.929000000000000e+00	1.291301787480000e-04	9.756890560901999e-03	4.361094802633000e-04
9.930000000000000e+00	4.750795949767000e-05	1.087743662447000e-02	4.366272312439000e-04
9.930999999999999e+00	-3.413656418332000e-05	1.196402696544000e-02	4.360763578438000e-04
9.932000000000000e+00	-1.157810878642000e-04	1.305061730640000e-02	4.355254844437000e-04
9.933000000000000e+00	-1.737270745756000e-04	1.411610860984000e-02	4.345952428386000e-04
9.933999999999999e+00	-2.079745248318000e-04	1.516050087620000e-02	4.332856330369000e-04
9.935000000000000e+00	-2.422219747249000e-04	1.620489314230000e-02	4.319760232351000e-04
9.936000000000000e+00	-2.095266726430000e-04	1.719961544183000e-02	4.306617487940000e-04
9.936999999999999e+00	-1.768313705611000e-04	1.819433774136000e-02	4.293474743530000e-04
9.938000000000001e+00	-1.205431476902000e-04	1.916068577630000e-02	4.284090748836000e-04
9.939000000000000e+00	-4.066200454227000e-05	2.009865954726000e-02	4.278465503776000e-04
9.940000000000000e+00	3.921913860415000e-05	2.103663331788000e-02	4.272840258774000e-04
9.941000000000001e+00	1.188213081047000e-04	2.191079197391000e-02	4.277890199918000e-04
9.942000000000000e+00	1.984234776051000e-04	2.278495062994000e-02	4.282940141061000e-04
9.943000000000000e+00	2.542079801037000e-04	2.362361110556000e-02	4.291779766421000e-04
9.944000000000001e+00	2.861748161172000e-04	2.442677340154000e-02	4.304409075915000e-04
9.945000000000000e+00	3.181416517665000e-04	2.522993569710000e-02	4.317038385410000e-04
9.946000000000000e+00	2.829647368934000e-04	2.595504139892000e-02	4.329713932855000e-04
9.946999999999999e+00	2.477878220203000e-04	2.668014710074000e-02	4.342389480301000e-04
9.948000000000000e+00	1.889174324831000e-04	2.736300039360000e-02	4.351309899449000e-04
9.949000000000000e+00	1.063535687954000e-04	2.800360127842000e-02	4.356475190381000e-04
9.949999999999999e+00	2.378970510797000e-05	2.864420216276000e-02	4.361640481256000e-04
9.951000000000001e+00	-5.872227468449000e-05	2.919494933061000e-02	4.356141071304000e-04
9.952000000000000e+00	-1.412342544769000e-04	2.974569649846000e-02	4.350641661352000e-04
9.952999999999999e+00	-2.000541520488000e-04	3.024950406903000e-02	4.341356292547000e-04
9.954000000000001e+00	-2.351819679141000e-04	3.070637204334000e-02	4.328284964972000e-04
9.955000000000000e+00	-2.703097834166000e-04	3.116324001712000e-02	4.315213637396000e-04
9.956000000000000e+00	-2.385395157027000e-04	3.152337939182000e-02	4.302096032939000e-04
9.957000000000001e+00	-2.067692479889000e-04	3.188351876652000e-02	4.288978428482000e-04
9.958000000000000e+00	-1.514051614183000e-04	3.219425085617000e-02	4.279612178173000e-04
9.959000000000000e+00	-7.244725650281001e-05	3.245557566184000e-02	4.273997281929000e-04
9.960000000000001e+00	6.510648411893000e-06	3.271690046696000e-02	4.268382385743000e-04
9.961000000000000e+00	8.529272935363000e-05	3.287766840191000e-02	4.273421556522000e-04
9.962000000000000e+00	1.640748102954000e-04	3.303843633685000e-02	4.278460727302000e-04
9.962999999999999e+00	2.191409740456000e-04	3.314814243399000e-02	4.287282132075000e-04
9.964000000000000e+00	2.504912211187000e-04	3.320678669444000e-02	4.299885770761000e-04
9.965000000000000e+00	2.818414678290000e-04	3.326543095433000e-02	4.312489409447000e-04
9.965999999999999e+00	2.462950835255000e-04	3.322075135977000e-02	4.325139496451000e-04
9.967000000000001e+00	2.107486992221000e-04	3.317607176522000e-02	4.337789583454000e-04
9.968000000000000e+00	1.516143665123000e-04	3.307953546896000e-02	4.346692212665000e-04
9.968999999999999e+00	6.889208590757000e-05	3.293114247214000e-02	4.351847384165000e-04
9.970000000000001e+00	-1.383019469633000e-05	3.278274947476000e-02	4.357002555607000e-04
9.971000000000000e+00	-9.638208646083000e-05	3.253150292016000e-02	4.351514630801000e-04
9.972000000000000e+00	-1.789339782253000e-04	3.228025636556000e-02	4.346026705994000e-04
9.973000000000001e+00	-2.377811865457000e-04	3.197872508973000e-02	4.336760474111000e-04
9.974000000000000e+00	-2.729237119361000e-04	3.162690909378000e-02	4.323715935234000e-04
9.975000000000000e+00	-3.080662369638000e-04	3.127509309730000e-02	4.310671396357000e-04
9.976000000000001e+00	-2.763239587539000e-04	3.082621940815000e-02	4.297580669480000e-04
9.977000000000000e+00	-2.445816805440000e-04	3.037734571900000e-02	4.284489942603000e-04
9.978000000000000e+00	-1.892326179806000e-04	2.988208196674000e-02	4.275142977397000e-04
9.978999999999999e+00	-1.102767715754000e-04	2.934042815239000e-02	4.269539773783000e-04
9.980000000000000e+00	-3.132092517074000e-05	2.879877433755000e-02	4.263936570225000e-04
9.981000000000000e+00	4.757873152609000e-05	2.816891482342000e-02	4.268965787289000e-04
9.981999999999999e+00	1.264783882230000e-04	2.753905530928000e-02	4.273995004354000e-04
9.983000000000001e+00	1.817682147462000e-04	2.686741983456000e-02	4.282798658657000e-04
9.984000000000000e+00	2.134482116078000e-04	2.615400840016000e-02	4.295376750118000e-04
9.984999999999999e+00	2.451282081081000e-04	2.544059696534000e-02	4.307954841579000e-04
9.986000000000001e+00	2.101596291444000e-04	2.464850857200000e-02	4.320578736088000e-04
9.987000000000000e+00	1.751910501808000e-04	2.385642017866000e-02	4.333202630597000e-04
9.988000000000000e+00	1.167367456712000e-04	2.302773905065000e-02	4.342086266529000e-04
9.989000000000001e+00	3.479671612488000e-05	2.216246518876000e-02	4.347229643968000e-04
9.990000000000000e+00	-4.714331341981000e-05	2.129719132650000e-02	4.352373021348000e-04
9.991000000000000e+00	-1.288084225926000e-04	2.036523163906000e-02	4.346894028600000e-04
9.992000000000001e+00	-2.104735317655000e-04	1.943327195162000e-02	4.341415035851000e-04
9.993000000000000e+00	-2.684319909063000e-04	1.847178832568000e-02	4.332165076657000e-04
9.994000000000000e+00	-3.026838005294000e-04	1.748078076190000e-02	4.319144151100000e-04
9.994999999999999e+00	-3.369356097901000e-04	1.648977319784000e-02	4.306123225541000e-04
9.996000000000000e+00	-3.043444657104000e-04	1.544825561721000e-02	4.293056010160000e-04
9.997000000000000e+00	-2.717533216308000e-04	1.440673803658000e-02	4.279988794779000e-04
9.997999999999999e+00	-2.155603361088000e-04	1.334443409234000e-02	4.270657920507000e-04
9.999000000000001e+00	-1.357655096566000e-04	1.226134378494000e-02	4.265063387262000e-04
1.000000000000000e+01	-5.597068320425000e-05	1.117825347736000e-02	4.259468854076000e-04
