# time[ns]	wake_long[V/pC]	wake_dip_x[V/pC/mm]	wake_dip_y[V/pC/mm]
-33356.41	0.0	0.0	0.0
-0.166782	0.0	0.0	0.0
-0.1667404	0.0	0.0	0.0
-0.1666987	0.0	0.0	0.0
-0.166657	0.0	0.0	0.0
-0.1666153	0.0	0.0	0.0
-0.1665736	0.0	0.0	0.0
-0.1665319	0.0	0.0	0.0
-0.1664902	0.0	0.0	0.0
-0.1664485	0.0	0.0	0.0
-0.1664068	0.0	0.0	0.0
-0.1663651	0.0	0.0	0.0
-0.1663234	0.0	0.0	0.0
-0.1662817	0.0	0.0	0.0
-0.16624	0.0	0.0	0.0
-0.1661983	0.0	0.0	0.0
-0.1661566	0.0	0.0	0.0
-0.1661149	0.0	0.0	0.0
-0.1660732	0.0	0.0	0.0
-0.1660315	0.0	0.0	0.0
-0.1659898	0.0	0.0	0.0
-0.1659481	0.0	0.0	0.0
-0.1659064	0.0	0.0	0.0
-0.1658647	0.0	0.0	0.0
-0.165823	0.0	0.0	0.0
-0.1657813	0.0	0.0	0.0
-0.1657396	0.0	0.0	0.0
-0.1656979	0.0	0.0	0.0
-0.1656562	0.0	0.0	0.0
-0.1656145	0.0	0.0	0.0
-0.1655728	0.0	0.0	0.0
-0.1655311	0.0	0.0	0.0
-0.1654894	0.0	0.0	0.0
-0.1654477	0.0	0.0	0.0
-0.165406	0.0	0.0	0.0
-0.1653643	0.0	0.0	0.0
-0.1653226	0.0	0.0	0.0
-0.1652809	0.0	0.0	0.0
-0.1652392	0.0	0.0	0.0
-0.1651975	0.0	0.0	0.0
-0.1651558	0.0	0.0	0.0
-0.1651141	0.0	0.0	0.0
-0.1650724	0.0	0.0	0.0
-0.1650307	0.0	0.0	0.0
-0.1649891	0.0	0.0	0.0
-0.1649474	0.0	0.0	0.0
-0.1649057	0.0	0.0	0.0
-0.164864	0.0	0.0	0.0
-0.1648223	0.0	0.0	0.0
-0.1647806	0.0	0.0	0.0
-0.1647389	0.0	0.0	0.0
-0.1646972	0.0	0.0	0.0
-0.1646555	0.0	0.0	0.0
-0.1646138	0.0	0.0	0.0
-0.1645721	0.0	0.0	0.0
-0.1645304	0.0	0.0	0.0
-0.1644887	0.0	0.0	0.0
-0.164447	0.0	0.0	0.0
-0.1644053	0.0	0.0	0.0
-0.1643636	0.0	0.0	0.0
-0.1643219	0.0	0.0	0.0
-0.1642802	0.0	0.0	0.0
-0.1642385	0.0	0.0	0.0
-0.1641968	0.0	0.0	0.0
-0.1641551	0.0	0.0	0.0
-0.1641134	0.0	0.0	0.0
-0.1640717	0.0	0.0	0.0
-0.16403	0.0	0.0	0.0
-0.1639883	0.0	0.0	0.0
-0.1639466	0.0	0.0	0.0
-0.1639049	0.0	0.0	0.0
-0.1638632	0.0	0.0	0.0
-0.1638215	0.0	0.0	0.0
-0.1637798	0.0	0.0	0.0
-0.1637381	0.0	0.0	0.0
-0.1636964	0.0	0.0	0.0
-0.1636547	0.0	0.0	0.0
-0.163613	0.0	0.0	0.0
-0.1635713	0.0	0.0	0.0
-0.1635296	0.0	0.0	0.0
-0.1634879	0.0	0.0	0.0
-0.1634462	0.0	0.0	0.0
-0.1634045	0.0	0.0	0.0
-0.1633628	0.0	0.0	0.0
-0.1633211	0.0	0.0	0.0
-0.1632794	0.0	0.0	0.0
-0.1632378	0.0	0.0	0.0
-0.1631961	0.0	0.0	0.0
-0.1631544	0.0	0.0	0.0
-0.1631127	0.0	0.0	0.0
-0.163071	0.0	0.0	0.0
-0.1630293	0.0	0.0	0.0
-0.1629876	0.0	0.0	0.0
-0.1629459	0.0	0.0	0.0
-0.1629042	0.0	0.0	0.0
-0.1628625	0.0	0.0	0.0
-0.1628208	0.0	0.0	0.0
-0.1627791	0.0	0.0	0.0
-0.1627374	0.0	0.0	0.0
-0.1626957	0.0	0.0	0.0
-0.162654	0.0	0.0	0.0
-0.1626123	0.0	0.0	0.0
-0.1625706	0.0	0.0	0.0
-0.1625289	0.0	0.0	0.0
-0.1624872	0.0	0.0	0.0
-0.1624455	0.0	0.0	0.0
-0.1624038	0.0	0.0	0.0
-0.1623621	0.0	0.0	0.0
-0.1623204	0.0	0.0	0.0
-0.1622787	0.0	0.0	0.0
-0.162237	0.0	0.0	0.0
-0.1621953	0.0	0.0	0.0
-0.1621536	0.0	0.0	0.0
-0.1621119	0.0	0.0	0.0
-0.1620702	0.0	0.0	0.0
-0.1620285	0.0	0.0	0.0
-0.1619868	0.0	0.0	0.0
-0.1619451	0.0	0.0	0.0
-0.1619034	0.0	0.0	0.0
-0.1618617	0.0	0.0	0.0
-0.16182	0.0	0.0	0.0
-0.1617783	0.0	0.0	0.0
-0.1617366	0.0	0.0	0.0
-0.1616949	0.0	0.0	0.0
-0.1616532	0.0	0.0	0.0
-0.1616115	0.0	0.0	0.0
-0.1615698	0.0	0.0	0.0
-0.1615282	0.0	0.0	0.0
-0.1614865	0.0	0.0	0.0
-0.1614448	0.0	0.0	0.0
-0.1614031	0.0	0.0	0.0
-0.1613614	0.0	0.0	0.0
-0.1613197	0.0	0.0	0.0
-0.161278	0.0	0.0	0.0
-0.1612363	0.0	0.0	0.0
-0.1611946	0.0	0.0	0.0
-0.1611529	0.0	0.0	0.0
-0.1611112	0.0	0.0	0.0
-0.1610695	0.0	0.0	0.0
-0.1610278	0.0	0.0	0.0
-0.1609861	0.0	0.0	0.0
-0.1609444	0.0	0.0	0.0
-0.1609027	0.0	0.0	0.0
-0.160861	0.0	0.0	0.0
-0.1608193	0.0	0.0	0.0
-0.1607776	0.0	0.0	0.0
-0.1607359	0.0	0.0	0.0
-0.1606942	0.0	0.0	0.0
-0.1606525	0.0	0.0	0.0
-0.1606108	0.0	0.0	0.0
-0.1605691	0.0	0.0	0.0
-0.1605274	0.0	0.0	0.0
-0.1604857	0.0	0.0	0.0
-0.160444	0.0	0.0	0.0
-0.1604023	0.0	0.0	0.0
-0.1603606	0.0	0.0	0.0
-0.1603189	0.0	0.0	0.0
-0.1602772	0.0	0.0	0.0
-0.1602355	0.0	0.0	0.0
-0.1601938	0.0	0.0	0.0
-0.1601521	0.0	0.0	0.0
-0.1601104	0.0	0.0	0.0
-0.1600687	0.0	0.0	0.0
-0.160027	0.0	0.0	0.0
-0.1599853	0.0	0.0	0.0
-0.1599436	0.0	0.0	0.0
-0.1599019	0.0	0.0	0.0
-0.1598602	0.0	0.0	0.0
-0.1598185	0.0	0.0	0.0
-0.1597769	0.0	0.0	0.0
-0.1597352	0.0	0.0	0.0
-0.1596935	0.0	0.0	0.0
-0.1596518	0.0	0.0	0.0
-0.1596101	0.0	0.0	0.0
-0.1595684	0.0	0.0	0.0
-0.1595267	0.0	0.0	0.0
-0.159485	0.0	0.0	0.0
-0.1594433	0.0	0.0	0.0
-0.1594016	0.0	0.0	0.0
-0.1593599	0.0	0.0	0.0
-0.1593182	0.0	0.0	0.0
-0.1592765	0.0	0.0	0.0
-0.1592348	0.0	0.0	0.0
-0.1591931	0.0	0.0	0.0
-0.1591514	0.0	0.0	0.0
-0.1591097	0.0	0.0	0.0
-0.159068	0.0	0.0	0.0
-0.1590263	0.0	0.0	0.0
-0.1589846	0.0	0.0	0.0
-0.1589429	0.0	0.0	0.0
-0.1589012	0.0	0.0	0.0
-0.1588595	0.0	0.0	0.0
-0.1588178	0.0	0.0	0.0
-0.1587761	0.0	0.0	0.0
-0.1587344	0.0	0.0	0.0
-0.1586927	0.0	0.0	0.0
-0.158651	0.0	0.0	0.0
-0.1586093	0.0	0.0	0.0
-0.1585676	0.0	0.0	0.0
-0.1585259	0.0	0.0	0.0
-0.1584842	0.0	0.0	0.0
-0.1584425	0.0	0.0	0.0
-0.1584008	0.0	0.0	0.0
-0.1583591	0.0	0.0	0.0
-0.1583174	0.0	0.0	0.0
-0.1582757	0.0	0.0	0.0
-0.158234	0.0	0.0	0.0
-0.1581923	0.0	0.0	0.0
-0.1581506	0.0	0.0	0.0
-0.1581089	0.0	0.0	0.0
-0.1580672	0.0	0.0	0.0
-0.1580256	0.0	0.0	0.0
-0.1579839	0.0	0.0	0.0
-0.1579422	0.0	0.0	0.0
-0.1579005	0.0	0.0	0.0
-0.1578588	0.0	0.0	0.0
-0.1578171	0.0	0.0	0.0
-0.1577754	0.0	0.0	0.0
-0.1577337	0.0	0.0	0.0
-0.157692	0.0	0.0	0.0
-0.1576503	0.0	0.0	0.0
-0.1576086	0.0	0.0	0.0
-0.1575669	0.0	0.0	0.0
-0.1575252	0.0	0.0	0.0
-0.1574835	0.0	0.0	0.0
-0.1574418	0.0	0.0	0.0
-0.1574001	0.0	0.0	0.0
-0.1573584	0.0	0.0	0.0
-0.1573167	0.0	0.0	0.0
-0.157275	0.0	0.0	0.0
-0.1572333	0.0	0.0	0.0
-0.1571916	0.0	0.0	0.0
-0.1571499	0.0	0.0	0.0
-0.1571082	0.0	0.0	0.0
-0.1570665	0.0	0.0	0.0
-0.1570248	0.0	0.0	0.0
-0.1569831	0.0	0.0	0.0
-0.1569414	0.0	0.0	0.0
-0.1568997	0.0	0.0	0.0
-0.156858	0.0	0.0	0.0
-0.1568163	0.0	0.0	0.0
-0.1567746	0.0	0.0	0.0
-0.1567329	0.0	0.0	0.0
-0.1566912	0.0	0.0	0.0
-0.1566495	0.0	0.0	0.0
-0.1566078	0.0	0.0	0.0
-0.1565661	0.0	0.0	0.0
-0.1565244	0.0	0.0	0.0
-0.1564827	0.0	0.0	0.0
-0.156441	0.0	0.0	0.0
-0.1563993	0.0	0.0	0.0
-0.1563576	0.0	0.0	0.0
-0.156316	0.0	0.0	0.0
-0.1562743	0.0	0.0	0.0
-0.1562326	0.0	0.0	0.0
-0.1561909	0.0	0.0	0.0
-0.1561492	0.0	0.0	0.0
-0.1561075	0.0	0.0	0.0
-0.1560658	0.0	0.0	0.0
-0.1560241	0.0	0.0	0.0
-0.1559824	0.0	0.0	0.0
-0.1559407	0.0	0.0	0.0
-0.155899	0.0	0.0	0.0
-0.1558573	0.0	0.0	0.0
-0.1558156	0.0	0.0	0.0
-0.1557739	0.0	0.0	0.0
-0.1557322	0.0	0.0	0.0
-0.1556905	0.0	0.0	0.0
-0.1556488	0.0	0.0	0.0
-0.1556071	0.0	0.0	0.0
-0.1555654	0.0	0.0	0.0
-0.1555237	0.0	0.0	0.0
-0.155482	0.0	0.0	0.0
-0.1554403	0.0	0.0	0.0
-0.1553986	0.0	0.0	0.0
-0.1553569	0.0	0.0	0.0
-0.1553152	0.0	0.0	0.0
-0.1552735	0.0	0.0	0.0
-0.1552318	0.0	0.0	0.0
-0.1551901	0.0	0.0	0.0
-0.1551484	0.0	0.0	0.0
-0.1551067	0.0	0.0	0.0
-0.155065	0.0	0.0	0.0
-0.1550233	0.0	0.0	0.0
-0.1549816	0.0	0.0	0.0
-0.1549399	0.0	0.0	0.0
-0.1548982	0.0	0.0	0.0
-0.1548565	0.0	0.0	0.0
-0.1548148	0.0	0.0	0.0
-0.1547731	0.0	0.0	0.0
-0.1547314	0.0	0.0	0.0
-0.1546897	0.0	0.0	0.0
-0.154648	0.0	0.0	0.0
-0.1546063	0.0	0.0	0.0
-0.1545647	0.0	0.0	0.0
-0.154523	0.0	0.0	0.0
-0.1544813	0.0	0.0	0.0
-0.1544396	0.0	0.0	0.0
-0.1543979	0.0	0.0	0.0
-0.1543562	0.0	0.0	0.0
-0.1543145	0.0	0.0	0.0
-0.1542728	0.0	0.0	0.0
-0.1542311	0.0	0.0	0.0
-0.1541894	0.0	0.0	0.0
-0.1541477	0.0	0.0	0.0
-0.154106	0.0	0.0	0.0
-0.1540643	0.0	0.0	0.0
-0.1540226	0.0	0.0	0.0
-0.1539809	0.0	0.0	0.0
-0.1539392	0.0	0.0	0.0
-0.1538975	0.0	0.0	0.0
-0.1538558	0.0	0.0	0.0
-0.1538141	0.0	0.0	0.0
-0.1537724	0.0	0.0	0.0
-0.1537307	0.0	0.0	0.0
-0.153689	0.0	0.0	0.0
-0.1536473	0.0	0.0	0.0
-0.1536056	0.0	0.0	0.0
-0.1535639	0.0	0.0	0.0
-0.1535222	0.0	0.0	0.0
-0.1534805	0.0	0.0	0.0
-0.1534388	0.0	0.0	0.0
-0.1533971	0.0	0.0	0.0
-0.1533554	0.0	0.0	0.0
-0.1533137	0.0	0.0	0.0
-0.153272	0.0	0.0	0.0
-0.1532303	0.0	0.0	0.0
-0.1531886	0.0	0.0	0.0
-0.1531469	0.0	0.0	0.0
-0.1531052	0.0	0.0	0.0
-0.1530635	0.0	0.0	0.0
-0.1530218	0.0	0.0	0.0
-0.1529801	0.0	0.0	0.0
-0.1529384	0.0	0.0	0.0
-0.1528967	0.0	0.0	0.0
-0.1528551	0.0	0.0	0.0
-0.1528134	0.0	0.0	0.0
-0.1527717	0.0	0.0	0.0
-0.15273	0.0	0.0	0.0
-0.1526883	0.0	0.0	0.0
-0.1526466	0.0	0.0	0.0
-0.1526049	0.0	0.0	0.0
-0.1525632	0.0	0.0	0.0
-0.1525215	0.0	0.0	0.0
-0.1524798	0.0	0.0	0.0
-0.1524381	0.0	0.0	0.0
-0.1523964	0.0	0.0	0.0
-0.1523547	0.0	0.0	0.0
-0.152313	0.0	0.0	0.0
-0.1522713	0.0	0.0	0.0
-0.1522296	0.0	0.0	0.0
-0.1521879	0.0	0.0	0.0
-0.1521462	0.0	0.0	0.0
-0.1521045	0.0	0.0	0.0
-0.1520628	0.0	0.0	0.0
-0.1520211	0.0	0.0	0.0
-0.1519794	0.0	0.0	0.0
-0.1519377	0.0	0.0	0.0
-0.151896	0.0	0.0	0.0
-0.1518543	0.0	0.0	0.0
-0.1518126	0.0	0.0	0.0
-0.1517709	0.0	0.0	0.0
-0.1517292	0.0	0.0	0.0
-0.1516875	0.0	0.0	0.0
-0.1516458	0.0	0.0	0.0
-0.1516041	0.0	0.0	0.0
-0.1515624	0.0	0.0	0.0
-0.1515207	0.0	0.0	0.0
-0.151479	0.0	0.0	0.0
-0.1514373	0.0	0.0	0.0
-0.1513956	0.0	0.0	0.0
-0.1513539	0.0	0.0	0.0
-0.1513122	0.0	0.0	0.0
-0.1512705	0.0	0.0	0.0
-0.1512288	0.0	0.0	0.0
-0.1511871	0.0	0.0	0.0
-0.1511454	0.0	0.0	0.0
-0.1511038	0.0	0.0	0.0
-0.1510621	0.0	0.0	0.0
-0.1510204	0.0	0.0	0.0
-0.1509787	0.0	0.0	0.0
-0.150937	0.0	0.0	0.0
-0.1508953	0.0	0.0	0.0
-0.1508536	0.0	0.0	0.0
-0.1508119	0.0	0.0	0.0
-0.1507702	0.0	0.0	0.0
-0.1507285	0.0	0.0	0.0
-0.1506868	0.0	0.0	0.0
-0.1506451	0.0	0.0	0.0
-0.1506034	0.0	0.0	0.0
-0.1505617	0.0	0.0	0.0
-0.15052	0.0	0.0	0.0
-0.1504783	0.0	0.0	0.0
-0.1504366	0.0	0.0	0.0
-0.1503949	0.0	0.0	0.0
-0.1503532	0.0	0.0	0.0
-0.1503115	0.0	0.0	0.0
-0.1502698	0.0	0.0	0.0
-0.1502281	0.0	0.0	0.0
-0.1501864	0.0	0.0	0.0
-0.1501447	0.0	0.0	0.0
-0.150103	0.0	0.0	0.0
-0.1500613	0.0	0.0	0.0
-0.1500196	0.0	0.0	0.0
-0.1499779	0.0	0.0	0.0
-0.1499362	0.0	0.0	0.0
-0.1498945	0.0	0.0	0.0
-0.1498528	0.0	0.0	0.0
-0.1498111	0.0	0.0	0.0
-0.1497694	0.0	0.0	0.0
-0.1497277	0.0	0.0	0.0
-0.149686	0.0	0.0	0.0
-0.1496443	0.0	0.0	0.0
-0.1496026	0.0	0.0	0.0
-0.1495609	0.0	0.0	0.0
-0.1495192	0.0	0.0	0.0
-0.1494775	0.0	0.0	0.0
-0.1494358	0.0	0.0	0.0
-0.1493941	0.0	0.0	0.0
-0.1493525	0.0	0.0	0.0
-0.1493108	0.0	0.0	0.0
-0.1492691	0.0	0.0	0.0
-0.1492274	0.0	0.0	0.0
-0.1491857	0.0	0.0	0.0
-0.149144	0.0	0.0	0.0
-0.1491023	0.0	0.0	0.0
-0.1490606	0.0	0.0	0.0
-0.1490189	0.0	0.0	0.0
-0.1489772	0.0	0.0	0.0
-0.1489355	0.0	0.0	0.0
-0.1488938	0.0	0.0	0.0
-0.1488521	0.0	0.0	0.0
-0.1488104	0.0	0.0	0.0
-0.1487687	0.0	0.0	0.0
-0.148727	0.0	0.0	0.0
-0.1486853	0.0	0.0	0.0
-0.1486436	0.0	0.0	0.0
-0.1486019	0.0	0.0	0.0
-0.1485602	0.0	0.0	0.0
-0.1485185	0.0	0.0	0.0
-0.1484768	0.0	0.0	0.0
-0.1484351	0.0	0.0	0.0
-0.1483934	0.0	0.0	0.0
-0.1483517	0.0	0.0	0.0
-0.14831	0.0	0.0	0.0
-0.1482683	0.0	0.0	0.0
-0.1482266	0.0	0.0	0.0
-0.1481849	0.0	0.0	0.0
-0.1481432	0.0	0.0	0.0
-0.1481015	0.0	0.0	0.0
-0.1480598	0.0	0.0	0.0
-0.1480181	0.0	0.0	0.0
-0.1479764	0.0	0.0	0.0
-0.1479347	0.0	0.0	0.0
-0.147893	0.0	0.0	0.0
-0.1478513	0.0	0.0	0.0
-0.1478096	0.0	0.0	0.0
-0.1477679	0.0	0.0	0.0
-0.1477262	0.0	0.0	0.0
-0.1476845	0.0	0.0	0.0
-0.1476429	0.0	0.0	0.0
-0.1476012	0.0	0.0	0.0
-0.1475595	0.0	0.0	0.0
-0.1475178	0.0	0.0	0.0
-0.1474761	0.0	0.0	0.0
-0.1474344	0.0	0.0	0.0
-0.1473927	0.0	0.0	0.0
-0.147351	0.0	0.0	0.0
-0.1473093	0.0	0.0	0.0
-0.1472676	0.0	0.0	0.0
-0.1472259	0.0	0.0	0.0
-0.1471842	0.0	0.0	0.0
-0.1471425	0.0	0.0	0.0
-0.1471008	0.0	0.0	0.0
-0.1470591	0.0	0.0	0.0
-0.1470174	0.0	0.0	0.0
-0.1469757	0.0	0.0	0.0
-0.146934	0.0	0.0	0.0
-0.1468923	0.0	0.0	0.0
-0.1468506	0.0	0.0	0.0
-0.1468089	0.0	0.0	0.0
-0.1467672	0.0	0.0	0.0
-0.1467255	0.0	0.0	0.0
-0.1466838	0.0	0.0	0.0
-0.1466421	0.0	0.0	0.0
-0.1466004	0.0	0.0	0.0
-0.1465587	0.0	0.0	0.0
-0.146517	0.0	0.0	0.0
-0.1464753	0.0	0.0	0.0
-0.1464336	0.0	0.0	0.0
-0.1463919	0.0	0.0	0.0
-0.1463502	0.0	0.0	0.0
-0.1463085	0.0	0.0	0.0
-0.1462668	0.0	0.0	0.0
-0.1462251	0.0	0.0	0.0
-0.1461834	0.0	0.0	0.0
-0.1461417	0.0	0.0	0.0
-0.1461	0.0	0.0	0.0
-0.1460583	0.0	0.0	0.0
-0.1460166	0.0	0.0	0.0
-0.1459749	0.0	0.0	0.0
-0.1459332	0.0	0.0	0.0
-0.1458916	0.0	0.0	0.0
-0.1458499	0.0	0.0	0.0
-0.1458082	0.0	0.0	0.0
-0.1457665	0.0	0.0	0.0
-0.1457248	0.0	0.0	0.0
-0.1456831	0.0	0.0	0.0
-0.1456414	0.0	0.0	0.0
-0.1455997	0.0	0.0	0.0
-0.145558	0.0	0.0	0.0
-0.1455163	0.0	0.0	0.0
-0.1454746	0.0	0.0	0.0
-0.1454329	0.0	0.0	0.0
-0.1453912	0.0	0.0	0.0
-0.1453495	0.0	0.0	0.0
-0.1453078	0.0	0.0	0.0
-0.1452661	0.0	0.0	0.0
-0.1452244	0.0	0.0	0.0
-0.1451827	0.0	0.0	0.0
-0.145141	0.0	0.0	0.0
-0.1450993	0.0	0.0	0.0
-0.1450576	0.0	0.0	0.0
-0.1450159	0.0	0.0	0.0
-0.1449742	0.0	0.0	0.0
-0.1449325	0.0	0.0	0.0
-0.1448908	0.0	0.0	0.0
-0.1448491	0.0	0.0	0.0
-0.1448074	0.0	0.0	0.0
-0.1447657	0.0	0.0	0.0
-0.144724	0.0	0.0	0.0
-0.1446823	0.0	0.0	0.0
-0.1446406	0.0	0.0	0.0
-0.1445989	0.0	0.0	0.0
-0.1445572	0.0	0.0	0.0
-0.1445155	0.0	0.0	0.0
-0.1444738	0.0	0.0	0.0
-0.1444321	0.0	0.0	0.0
-0.1443904	0.0	0.0	0.0
-0.1443487	0.0	0.0	0.0
-0.144307	0.0	0.0	0.0
-0.1442653	0.0	0.0	0.0
-0.1442236	0.0	0.0	0.0
-0.144182	0.0	0.0	0.0
-0.1441403	0.0	0.0	0.0
-0.1440986	0.0	0.0	0.0
-0.1440569	0.0	0.0	0.0
-0.1440152	0.0	0.0	0.0
-0.1439735	0.0	0.0	0.0
-0.1439318	0.0	0.0	0.0
-0.1438901	0.0	0.0	0.0
-0.1438484	0.0	0.0	0.0
-0.1438067	0.0	0.0	0.0
-0.143765	0.0	0.0	0.0
-0.1437233	0.0	0.0	0.0
-0.1436816	0.0	0.0	0.0
-0.1436399	0.0	0.0	0.0
-0.1435982	0.0	0.0	0.0
-0.1435565	0.0	0.0	0.0
-0.1435148	0.0	0.0	0.0
-0.1434731	0.0	0.0	0.0
-0.1434314	0.0	0.0	0.0
-0.1433897	0.0	0.0	0.0
-0.143348	0.0	0.0	0.0
-0.1433063	0.0	0.0	0.0
-0.1432646	0.0	0.0	0.0
-0.1432229	0.0	0.0	0.0
-0.1431812	0.0	0.0	0.0
-0.1431395	0.0	0.0	0.0
-0.1430978	0.0	0.0	0.0
-0.1430561	0.0	0.0	0.0
-0.1430144	0.0	0.0	0.0
-0.1429727	0.0	0.0	0.0
-0.142931	0.0	0.0	0.0
-0.1428893	0.0	0.0	0.0
-0.1428476	0.0	0.0	0.0
-0.1428059	0.0	0.0	0.0
-0.1427642	0.0	0.0	0.0
-0.1427225	0.0	0.0	0.0
-0.1426808	0.0	0.0	0.0
-0.1426391	0.0	0.0	0.0
-0.1425974	0.0	0.0	0.0
-0.1425557	0.0	0.0	0.0
-0.142514	0.0	0.0	0.0
-0.1424723	0.0	0.0	0.0
-0.1424307	0.0	0.0	0.0
-0.142389	0.0	0.0	0.0
-0.1423473	0.0	0.0	0.0
-0.1423056	0.0	0.0	0.0
-0.1422639	0.0	0.0	0.0
-0.1422222	0.0	0.0	0.0
-0.1421805	0.0	0.0	0.0
-0.1421388	0.0	0.0	0.0
-0.1420971	0.0	0.0	0.0
-0.1420554	0.0	0.0	0.0
-0.1420137	0.0	0.0	0.0
-0.141972	0.0	0.0	0.0
-0.1419303	0.0	0.0	0.0
-0.1418886	0.0	0.0	0.0
-0.1418469	0.0	0.0	0.0
-0.1418052	0.0	0.0	0.0
-0.1417635	0.0	0.0	0.0
-0.1417218	0.0	0.0	0.0
-0.1416801	0.0	0.0	0.0
-0.1416384	0.0	0.0	0.0
-0.1415967	0.0	0.0	0.0
-0.141555	0.0	0.0	0.0
-0.1415133	0.0	0.0	0.0
-0.1414716	0.0	0.0	0.0
-0.1414299	0.0	0.0	0.0
-0.1413882	0.0	0.0	0.0
-0.1413465	0.0	0.0	0.0
-0.1413048	0.0	0.0	0.0
-0.1412631	0.0	0.0	0.0
-0.1412214	0.0	0.0	0.0
-0.1411797	0.0	0.0	0.0
-0.141138	0.0	0.0	0.0
-0.1410963	0.0	0.0	0.0
-0.1410546	0.0	0.0	0.0
-0.1410129	0.0	0.0	0.0
-0.1409712	0.0	0.0	0.0
-0.1409295	0.0	0.0	0.0
-0.1408878	0.0	0.0	0.0
-0.1408461	0.0	0.0	0.0
-0.1408044	0.0	0.0	0.0
-0.1407627	0.0	0.0	0.0
-0.140721	0.0	0.0	0.0
-0.1406794	0.0	0.0	0.0
-0.1406377	0.0	0.0	0.0
-0.140596	0.0	0.0	0.0
-0.1405543	0.0	0.0	0.0
-0.1405126	0.0	0.0	0.0
-0.1404709	0.0	0.0	0.0
-0.1404292	0.0	0.0	0.0
-0.1403875	0.0	0.0	0.0
-0.1403458	0.0	0.0	0.0
-0.1403041	0.0	0.0	0.0
-0.1402624	0.0	0.0	0.0
-0.1402207	0.0	0.0	0.0
-0.140179	0.0	0.0	0.0
-0.1401373	0.0	0.0	0.0
-0.1400956	0.0	0.0	0.0
-0.1400539	0.0	0.0	0.0
-0.1400122	0.0	0.0	0.0
-0.1399705	0.0	0.0	0.0
-0.1399288	0.0	0.0	0.0
-0.1398871	0.0	0.0	0.0
-0.1398454	0.0	0.0	0.0
-0.1398037	0.0	0.0	0.0
-0.139762	0.0	0.0	0.0
-0.1397203	0.0	0.0	0.0
-0.1396786	0.0	0.0	0.0
-0.1396369	0.0	0.0	0.0
-0.1395952	0.0	0.0	0.0
-0.1395535	0.0	0.0	0.0
-0.1395118	0.0	0.0	0.0
-0.1394701	0.0	0.0	0.0
-0.1394284	0.0	0.0	0.0
-0.1393867	0.0	0.0	0.0
-0.139345	0.0	0.0	0.0
-0.1393033	0.0	0.0	0.0
-0.1392616	0.0	0.0	0.0
-0.1392199	0.0	0.0	0.0
-0.1391782	0.0	0.0	0.0
-0.1391365	0.0	0.0	0.0
-0.1390948	0.0	0.0	0.0
-0.1390531	0.0	0.0	0.0
-0.1390114	0.0	0.0	0.0
-0.1389698	0.0	0.0	0.0
-0.1389281	0.0	0.0	0.0
-0.1388864	0.0	0.0	0.0
-0.1388447	0.0	0.0	0.0
-0.138803	0.0	0.0	0.0
-0.1387613	0.0	0.0	0.0
-0.1387196	0.0	0.0	0.0
-0.1386779	0.0	0.0	0.0
-0.1386362	0.0	0.0	0.0
-0.1385945	0.0	0.0	0.0
-0.1385528	0.0	0.0	0.0
-0.1385111	0.0	0.0	0.0
-0.1384694	0.0	0.0	0.0
-0.1384277	0.0	0.0	0.0
-0.138386	0.0	0.0	0.0
-0.1383443	0.0	0.0	0.0
-0.1383026	0.0	0.0	0.0
-0.1382609	0.0	0.0	0.0
-0.1382192	0.0	0.0	0.0
-0.1381775	0.0	0.0	0.0
-0.1381358	0.0	0.0	0.0
-0.1380941	0.0	0.0	0.0
-0.1380524	0.0	0.0	0.0
-0.1380107	0.0	0.0	0.0
-0.137969	0.0	0.0	0.0
-0.1379273	0.0	0.0	0.0
-0.1378856	0.0	0.0	0.0
-0.1378439	0.0	0.0	0.0
-0.1378022	0.0	0.0	0.0
-0.1377605	0.0	0.0	0.0
-0.1377188	0.0	0.0	0.0
-0.1376771	0.0	0.0	0.0
-0.1376354	0.0	0.0	0.0
-0.1375937	0.0	0.0	0.0
-0.137552	0.0	0.0	0.0
-0.1375103	0.0	0.0	0.0
-0.1374686	0.0	0.0	0.0
-0.1374269	0.0	0.0	0.0
-0.1373852	0.0	0.0	0.0
-0.1373435	0.0	0.0	0.0
-0.1373018	0.0	0.0	0.0
-0.1372601	0.0	0.0	0.0
-0.1372185	0.0	0.0	0.0
-0.1371768	0.0	0.0	0.0
-0.1371351	0.0	0.0	0.0
-0.1370934	0.0	0.0	0.0
-0.1370517	0.0	0.0	0.0
-0.13701	0.0	0.0	0.0
-0.1369683	0.0	0.0	0.0
-0.1369266	0.0	0.0	0.0
-0.1368849	0.0	0.0	0.0
-0.1368432	0.0	0.0	0.0
-0.1368015	0.0	0.0	0.0
-0.1367598	0.0	0.0	0.0
-0.1367181	0.0	0.0	0.0
-0.1366764	0.0	0.0	0.0
-0.1366347	0.0	0.0	0.0
-0.136593	0.0	0.0	0.0
-0.1365513	0.0	0.0	0.0
-0.1365096	0.0	0.0	0.0
-0.1364679	0.0	0.0	0.0
-0.1364262	0.0	0.0	0.0
-0.1363845	0.0	0.0	0.0
-0.1363428	0.0	0.0	0.0
-0.1363011	0.0	0.0	0.0
-0.1362594	0.0	0.0	0.0
-0.1362177	0.0	0.0	0.0
-0.136176	0.0	0.0	0.0
-0.1361343	0.0	0.0	0.0
-0.1360926	0.0	0.0	0.0
-0.1360509	0.0	0.0	0.0
-0.1360092	0.0	0.0	0.0
-0.1359675	0.0	0.0	0.0
-0.1359258	0.0	0.0	0.0
-0.1358841	0.0	0.0	0.0
-0.1358424	0.0	0.0	0.0
-0.1358007	0.0	0.0	0.0
-0.135759	0.0	0.0	0.0
-0.1357173	0.0	0.0	0.0
-0.1356756	0.0	0.0	0.0
-0.1356339	0.0	0.0	0.0
-0.1355922	0.0	0.0	0.0
-0.1355505	0.0	0.0	0.0
-0.1355089	0.0	0.0	0.0
-0.1354672	0.0	0.0	0.0
-0.1354255	0.0	0.0	0.0
-0.1353838	0.0	0.0	0.0
-0.1353421	0.0	0.0	0.0
-0.1353004	0.0	0.0	0.0
-0.1352587	0.0	0.0	0.0
-0.135217	0.0	0.0	0.0
-0.1351753	0.0	0.0	0.0
-0.1351336	0.0	0.0	0.0
-0.1350919	0.0	0.0	0.0
-0.1350502	0.0	0.0	0.0
-0.1350085	0.0	0.0	0.0
-0.1349668	0.0	0.0	0.0
-0.1349251	0.0	0.0	0.0
-0.1348834	0.0	0.0	0.0
-0.1348417	0.0	0.0	0.0
-0.1348	0.0	0.0	0.0
-0.1347583	0.0	0.0	0.0
-0.1347166	0.0	0.0	0.0
-0.1346749	0.0	0.0	0.0
-0.1346332	0.0	0.0	0.0
-0.1345915	0.0	0.0	0.0
-0.1345498	0.0	0.0	0.0
-0.1345081	0.0	0.0	0.0
-0.1344664	0.0	0.0	0.0
-0.1344247	0.0	0.0	0.0
-0.134383	0.0	0.0	0.0
-0.1343413	0.0	0.0	0.0
-0.1342996	0.0	0.0	0.0
-0.1342579	0.0	0.0	0.0
-0.1342162	0.0	0.0	0.0
-0.1341745	0.0	0.0	0.0
-0.1341328	0.0	0.0	0.0
-0.1340911	0.0	0.0	0.0
-0.1340494	0.0	0.0	0.0
-0.1340077	0.0	0.0	0.0
-0.133966	0.0	0.0	0.0
-0.1339243	0.0	0.0	0.0
-0.1338826	0.0	0.0	0.0
-0.1338409	0.0	0.0	0.0
-0.1337992	0.0	0.0	0.0
-0.1337576	0.0	0.0	0.0
-0.1337159	0.0	0.0	0.0
-0.1336742	0.0	0.0	0.0
-0.1336325	0.0	0.0	0.0
-0.1335908	0.0	0.0	0.0
-0.1335491	0.0	0.0	0.0
-0.1335074	0.0	0.0	0.0
-0.1334657	0.0	0.0	0.0
-0.133424	0.0	0.0	0.0
-0.1333823	0.0	0.0	0.0
-0.1333406	0.0	0.0	0.0
-0.1332989	0.0	0.0	0.0
-0.1332572	0.0	0.0	0.0
-0.1332155	0.0	0.0	0.0
-0.1331738	0.0	0.0	0.0
-0.1331321	0.0	0.0	0.0
-0.1330904	0.0	0.0	0.0
-0.1330487	0.0	0.0	0.0
-0.133007	0.0	0.0	0.0
-0.1329653	0.0	0.0	0.0
-0.1329236	0.0	0.0	0.0
-0.1328819	0.0	0.0	0.0
-0.1328402	0.0	0.0	0.0
-0.1327985	0.0	0.0	0.0
-0.1327568	0.0	0.0	0.0
-0.1327151	0.0	0.0	0.0
-0.1326734	0.0	0.0	0.0
-0.1326317	0.0	0.0	0.0
-0.13259	0.0	0.0	0.0
-0.1325483	0.0	0.0	0.0
-0.1325066	0.0	0.0	0.0
-0.1324649	0.0	0.0	0.0
-0.1324232	0.0	0.0	0.0
-0.1323815	0.0	0.0	0.0
-0.1323398	0.0	0.0	0.0
-0.1322981	0.0	0.0	0.0
-0.1322564	0.0	0.0	0.0
-0.1322147	0.0	0.0	0.0
-0.132173	0.0	0.0	0.0
-0.1321313	0.0	0.0	0.0
-0.1320896	0.0	0.0	0.0
-0.1320479	0.0	0.0	0.0
-0.1320063	0.0	0.0	0.0
-0.1319646	0.0	0.0	0.0
-0.1319229	0.0	0.0	0.0
-0.1318812	0.0	0.0	0.0
-0.1318395	0.0	0.0	0.0
-0.1317978	0.0	0.0	0.0
-0.1317561	0.0	0.0	0.0
-0.1317144	0.0	0.0	0.0
-0.1316727	0.0	0.0	0.0
-0.131631	0.0	0.0	0.0
-0.1315893	0.0	0.0	0.0
-0.1315476	0.0	0.0	0.0
-0.1315059	0.0	0.0	0.0
-0.1314642	0.0	0.0	0.0
-0.1314225	0.0	0.0	0.0
-0.1313808	0.0	0.0	0.0
-0.1313391	0.0	0.0	0.0
-0.1312974	0.0	0.0	0.0
-0.1312557	0.0	0.0	0.0
-0.131214	0.0	0.0	0.0
-0.1311723	0.0	0.0	0.0
-0.1311306	0.0	0.0	0.0
-0.1310889	0.0	0.0	0.0
-0.1310472	0.0	0.0	0.0
-0.1310055	0.0	0.0	0.0
-0.1309638	0.0	0.0	0.0
-0.1309221	0.0	0.0	0.0
-0.1308804	0.0	0.0	0.0
-0.1308387	0.0	0.0	0.0
-0.130797	0.0	0.0	0.0
-0.1307553	0.0	0.0	0.0
-0.1307136	0.0	0.0	0.0
-0.1306719	0.0	0.0	0.0
-0.1306302	0.0	0.0	0.0
-0.1305885	0.0	0.0	0.0
-0.1305468	0.0	0.0	0.0
-0.1305051	0.0	0.0	0.0
-0.1304634	0.0	0.0	0.0
-0.1304217	0.0	0.0	0.0
-0.13038	0.0	0.0	0.0
-0.1303383	0.0	0.0	0.0
-0.1302967	0.0	0.0	0.0
-0.130255	0.0	0.0	0.0
-0.1302133	0.0	0.0	0.0
-0.1301716	0.0	0.0	0.0
-0.1301299	0.0	0.0	0.0
-0.1300882	0.0	0.0	0.0
-0.1300465	0.0	0.0	0.0
-0.1300048	0.0	0.0	0.0
-0.1299631	0.0	0.0	0.0
-0.1299214	0.0	0.0	0.0
-0.1298797	0.0	0.0	0.0
-0.129838	0.0	0.0	0.0
-0.1297963	0.0	0.0	0.0
-0.1297546	0.0	0.0	0.0
-0.1297129	0.0	0.0	0.0
-0.1296712	0.0	0.0	0.0
-0.1296295	0.0	0.0	0.0
-0.1295878	0.0	0.0	0.0
-0.1295461	0.0	0.0	0.0
-0.1295044	0.0	0.0	0.0
-0.1294627	0.0	0.0	0.0
-0.129421	0.0	0.0	0.0
-0.1293793	0.0	0.0	0.0
-0.1293376	0.0	0.0	0.0
-0.1292959	0.0	0.0	0.0
-0.1292542	0.0	0.0	0.0
-0.1292125	0.0	0.0	0.0
-0.1291708	0.0	0.0	0.0
-0.1291291	0.0	0.0	0.0
-0.1290874	0.0	0.0	0.0
-0.1290457	0.0	0.0	0.0
-0.129004	0.0	0.0	0.0
-0.1289623	0.0	0.0	0.0
-0.1289206	0.0	0.0	0.0
-0.1288789	0.0	0.0	0.0
-0.1288372	0.0	0.0	0.0
-0.1287955	0.0	0.0	0.0
-0.1287538	0.0	0.0	0.0
-0.1287121	0.0	0.0	0.0
-0.1286704	0.0	0.0	0.0
-0.1286287	0.0	0.0	0.0
-0.128587	0.0	0.0	0.0
-0.1285454	0.0	0.0	0.0
-0.1285037	0.0	0.0	0.0
-0.128462	0.0	0.0	0.0
-0.1284203	0.0	0.0	0.0
-0.1283786	0.0	0.0	0.0
-0.1283369	0.0	0.0	0.0
-0.1282952	0.0	0.0	0.0
-0.1282535	0.0	0.0	0.0
-0.1282118	0.0	0.0	0.0
-0.1281701	0.0	0.0	0.0
-0.1281284	0.0	0.0	0.0
-0.1280867	0.0	0.0	0.0
-0.128045	0.0	0.0	0.0
-0.1280033	0.0	0.0	0.0
-0.1279616	0.0	0.0	0.0
-0.1279199	0.0	0.0	0.0
-0.1278782	0.0	0.0	0.0
-0.1278365	0.0	0.0	0.0
-0.1277948	0.0	0.0	0.0
-0.1277531	0.0	0.0	0.0
-0.1277114	0.0	0.0	0.0
-0.1276697	0.0	0.0	0.0
-0.127628	0.0	0.0	0.0
-0.1275863	0.0	0.0	0.0
-0.1275446	0.0	0.0	0.0
-0.1275029	0.0	0.0	0.0
-0.1274612	0.0	0.0	0.0
-0.1274195	0.0	0.0	0.0
-0.1273778	0.0	0.0	0.0
-0.1273361	0.0	0.0	0.0
-0.1272944	0.0	0.0	0.0
-0.1272527	0.0	0.0	0.0
-0.127211	0.0	0.0	0.0
-0.1271693	0.0	0.0	0.0
-0.1271276	0.0	0.0	0.0
-0.1270859	0.0	0.0	0.0
-0.1270442	0.0	0.0	0.0
-0.1270025	0.0	0.0	0.0
-0.1269608	0.0	0.0	0.0
-0.1269191	0.0	0.0	0.0
-0.1268774	0.0	0.0	0.0
-0.1268357	0.0	0.0	0.0
-0.1267941	0.0	0.0	0.0
-0.1267524	0.0	0.0	0.0
-0.1267107	0.0	0.0	0.0
-0.126669	0.0	0.0	0.0
-0.1266273	0.0	0.0	0.0
-0.1265856	0.0	0.0	0.0
-0.1265439	0.0	0.0	0.0
-0.1265022	0.0	0.0	0.0
-0.1264605	0.0	0.0	0.0
-0.1264188	0.0	0.0	0.0
-0.1263771	0.0	0.0	0.0
-0.1263354	0.0	0.0	0.0
-0.1262937	0.0	0.0	0.0
-0.126252	0.0	0.0	0.0
-0.1262103	0.0	0.0	0.0
-0.1261686	0.0	0.0	0.0
-0.1261269	0.0	0.0	0.0
-0.1260852	0.0	0.0	0.0
-0.1260435	0.0	0.0	0.0
-0.1260018	0.0	0.0	0.0
-0.1259601	0.0	0.0	0.0
-0.1259184	0.0	0.0	0.0
-0.1258767	0.0	0.0	0.0
-0.125835	0.0	0.0	0.0
-0.1257933	0.0	0.0	0.0
-0.1257516	0.0	0.0	0.0
-0.1257099	0.0	0.0	0.0
-0.1256682	0.0	0.0	0.0
-0.1256265	0.0	0.0	0.0
-0.1255848	0.0	0.0	0.0
-0.1255431	0.0	0.0	0.0
-0.1255014	0.0	0.0	0.0
-0.1254597	0.0	0.0	0.0
-0.125418	0.0	0.0	0.0
-0.1253763	0.0	0.0	0.0
-0.1253346	0.0	0.0	0.0
-0.1252929	0.0	0.0	0.0
-0.1252512	0.0	0.0	0.0
-0.1252095	0.0	0.0	0.0
-0.1251678	0.0	0.0	0.0
-0.1251261	0.0	0.0	0.0
-0.1250845	0.0	0.0	0.0
-0.1250428	0.0	0.0	0.0
-0.1250011	0.0	0.0	0.0
-0.1249594	0.0	0.0	0.0
-0.1249177	0.0	0.0	0.0
-0.124876	0.0	0.0	0.0
-0.1248343	0.0	0.0	0.0
-0.1247926	0.0	0.0	0.0
-0.1247509	0.0	0.0	0.0
-0.1247092	0.0	0.0	0.0
-0.1246675	0.0	0.0	0.0
-0.1246258	0.0	0.0	0.0
-0.1245841	0.0	0.0	0.0
-0.1245424	0.0	0.0	0.0
-0.1245007	0.0	0.0	0.0
-0.124459	0.0	0.0	0.0
-0.1244173	0.0	0.0	0.0
-0.1243756	0.0	0.0	0.0
-0.1243339	0.0	0.0	0.0
-0.1242922	0.0	0.0	0.0
-0.1242505	0.0	0.0	0.0
-0.1242088	0.0	0.0	0.0
-0.1241671	0.0	0.0	0.0
-0.1241254	0.0	0.0	0.0
-0.1240837	0.0	0.0	0.0
-0.124042	0.0	0.0	0.0
-0.1240003	0.0	0.0	0.0
-0.1239586	0.0	0.0	0.0
-0.1239169	0.0	0.0	0.0
-0.1238752	0.0	0.0	0.0
-0.1238335	0.0	0.0	0.0
-0.1237918	0.0	0.0	0.0
-0.1237501	0.0	0.0	0.0
-0.1237084	0.0	0.0	0.0
-0.1236667	0.0	0.0	0.0
-0.123625	0.0	0.0	0.0
-0.1235833	0.0	0.0	0.0
-0.1235416	0.0	0.0	0.0
-0.1234999	0.0	0.0	0.0
-0.1234582	0.0	0.0	0.0
-0.1234165	0.0	0.0	0.0
-0.1233748	0.0	0.0	0.0
-0.1233332	0.0	0.0	0.0
-0.1232915	0.0	0.0	0.0
-0.1232498	0.0	0.0	0.0
-0.1232081	0.0	0.0	0.0
-0.1231664	0.0	0.0	0.0
-0.1231247	0.0	0.0	0.0
-0.123083	0.0	0.0	0.0
-0.1230413	0.0	0.0	0.0
-0.1229996	0.0	0.0	0.0
-0.1229579	0.0	0.0	0.0
-0.1229162	0.0	0.0	0.0
-0.1228745	0.0	0.0	0.0
-0.1228328	0.0	0.0	0.0
-0.1227911	0.0	0.0	0.0
-0.1227494	0.0	0.0	0.0
-0.1227077	0.0	0.0	0.0
-0.122666	0.0	0.0	0.0
-0.1226243	0.0	0.0	0.0
-0.1225826	0.0	0.0	0.0
-0.1225409	0.0	0.0	0.0
-0.1224992	0.0	0.0	0.0
-0.1224575	0.0	0.0	0.0
-0.1224158	0.0	0.0	0.0
-0.1223741	0.0	0.0	0.0
-0.1223324	0.0	0.0	0.0
-0.1222907	0.0	0.0	0.0
-0.122249	0.0	0.0	0.0
-0.1222073	0.0	0.0	0.0
-0.1221656	0.0	0.0	0.0
-0.1221239	0.0	0.0	0.0
-0.1220822	0.0	0.0	0.0
-0.1220405	0.0	0.0	0.0
-0.1219988	0.0	0.0	0.0
-0.1219571	0.0	0.0	0.0
-0.1219154	0.0	0.0	0.0
-0.1218737	0.0	0.0	0.0
-0.121832	0.0	0.0	0.0
-0.1217903	0.0	0.0	0.0
-0.1217486	0.0	0.0	0.0
-0.1217069	0.0	0.0	0.0
-0.1216652	0.0	0.0	0.0
-0.1216236	0.0	0.0	0.0
-0.1215819	0.0	0.0	0.0
-0.1215402	0.0	0.0	0.0
-0.1214985	0.0	0.0	0.0
-0.1214568	0.0	0.0	0.0
-0.1214151	0.0	0.0	0.0
-0.1213734	0.0	0.0	0.0
-0.1213317	0.0	0.0	0.0
-0.12129	0.0	0.0	0.0
-0.1212483	0.0	0.0	0.0
-0.1212066	0.0	0.0	0.0
-0.1211649	0.0	0.0	0.0
-0.1211232	0.0	0.0	0.0
-0.1210815	0.0	0.0	0.0
-0.1210398	0.0	0.0	0.0
-0.1209981	0.0	0.0	0.0
-0.1209564	0.0	0.0	0.0
-0.1209147	0.0	0.0	0.0
-0.120873	0.0	0.0	0.0
-0.1208313	0.0	0.0	0.0
-0.1207896	0.0	0.0	0.0
-0.1207479	0.0	0.0	0.0
-0.1207062	0.0	0.0	0.0
-0.1206645	0.0	0.0	0.0
-0.1206228	0.0	0.0	0.0
-0.1205811	0.0	0.0	0.0
-0.1205394	0.0	0.0	0.0
-0.1204977	0.0	0.0	0.0
-0.120456	0.0	0.0	0.0
-0.1204143	0.0	0.0	0.0
-0.1203726	0.0	0.0	0.0
-0.1203309	0.0	0.0	0.0
-0.1202892	0.0	0.0	0.0
-0.1202475	0.0	0.0	0.0
-0.1202058	0.0	0.0	0.0
-0.1201641	0.0	0.0	0.0
-0.1201224	0.0	0.0	0.0
-0.1200807	0.0	0.0	0.0
-0.120039	0.0	0.0	0.0
-0.1199973	0.0	0.0	0.0
-0.1199556	0.0	0.0	0.0
-0.1199139	0.0	0.0	0.0
-0.1198723	0.0	0.0	0.0
-0.1198306	0.0	0.0	0.0
-0.1197889	0.0	0.0	0.0
-0.1197472	0.0	0.0	0.0
-0.1197055	0.0	0.0	0.0
-0.1196638	0.0	0.0	0.0
-0.1196221	0.0	0.0	0.0
-0.1195804	0.0	0.0	0.0
-0.1195387	0.0	0.0	0.0
-0.119497	0.0	0.0	0.0
-0.1194553	0.0	0.0	0.0
-0.1194136	0.0	0.0	0.0
-0.1193719	0.0	0.0	0.0
-0.1193302	0.0	0.0	0.0
-0.1192885	0.0	0.0	0.0
-0.1192468	0.0	0.0	0.0
-0.1192051	0.0	0.0	0.0
-0.1191634	0.0	0.0	0.0
-0.1191217	0.0	0.0	0.0
-0.11908	0.0	0.0	0.0
-0.1190383	0.0	0.0	0.0
-0.1189966	0.0	0.0	0.0
-0.1189549	0.0	0.0	0.0
-0.1189132	0.0	0.0	0.0
-0.1188715	0.0	0.0	0.0
-0.1188298	0.0	0.0	0.0
-0.1187881	0.0	0.0	0.0
-0.1187464	0.0	0.0	0.0
-0.1187047	0.0	0.0	0.0
-0.118663	0.0	0.0	0.0
-0.1186213	0.0	0.0	0.0
-0.1185796	0.0	0.0	0.0
-0.1185379	0.0	0.0	0.0
-0.1184962	0.0	0.0	0.0
-0.1184545	0.0	0.0	0.0
-0.1184128	0.0	0.0	0.0
-0.1183711	0.0	0.0	0.0
-0.1183294	0.0	0.0	0.0
-0.1182877	0.0	0.0	0.0
-0.118246	0.0	0.0	0.0
-0.1182043	0.0	0.0	0.0
-0.1181626	0.0	0.0	0.0
-0.118121	0.0	0.0	0.0
-0.1180793	0.0	0.0	0.0
-0.1180376	0.0	0.0	0.0
-0.1179959	0.0	0.0	0.0
-0.1179542	0.0	0.0	0.0
-0.1179125	0.0	0.0	0.0
-0.1178708	0.0	0.0	0.0
-0.1178291	0.0	0.0	0.0
-0.1177874	0.0	0.0	0.0
-0.1177457	0.0	0.0	0.0
-0.117704	0.0	0.0	0.0
-0.1176623	0.0	0.0	0.0
-0.1176206	0.0	0.0	0.0
-0.1175789	0.0	0.0	0.0
-0.1175372	0.0	0.0	0.0
-0.1174955	0.0	0.0	0.0
-0.1174538	0.0	0.0	0.0
-0.1174121	0.0	0.0	0.0
-0.1173704	0.0	0.0	0.0
-0.1173287	0.0	0.0	0.0
-0.117287	0.0	0.0	0.0
-0.1172453	0.0	0.0	0.0
-0.1172036	0.0	0.0	0.0
-0.1171619	0.0	0.0	0.0
-0.1171202	0.0	0.0	0.0
-0.1170785	0.0	0.0	0.0
-0.1170368	0.0	0.0	0.0
-0.1169951	0.0	0.0	0.0
-0.1169534	0.0	0.0	0.0
-0.1169117	0.0	0.0	0.0
-0.11687	0.0	0.0	0.0
-0.1168283	0.0	0.0	0.0
-0.1167866	0.0	0.0	0.0
-0.1167449	0.0	0.0	0.0
-0.1167032	0.0	0.0	0.0
-0.1166615	0.0	0.0	0.0
-0.1166198	0.0	0.0	0.0
-0.1165781	0.0	0.0	0.0
-0.1165364	0.0	0.0	0.0
-0.1164947	0.0	0.0	0.0
-0.116453	0.0	0.0	0.0
-0.1164114	0.0	0.0	0.0
-0.1163697	0.0	0.0	0.0
-0.116328	0.0	0.0	0.0
-0.1162863	0.0	0.0	0.0
-0.1162446	0.0	0.0	0.0
-0.1162029	0.0	0.0	0.0
-0.1161612	0.0	0.0	0.0
-0.1161195	0.0	0.0	0.0
-0.1160778	0.0	0.0	0.0
-0.1160361	0.0	0.0	0.0
-0.1159944	0.0	0.0	0.0
-0.1159527	0.0	0.0	0.0
-0.115911	0.0	0.0	0.0
-0.1158693	0.0	0.0	0.0
-0.1158276	0.0	0.0	0.0
-0.1157859	0.0	0.0	0.0
-0.1157442	0.0	0.0	0.0
-0.1157025	0.0	0.0	0.0
-0.1156608	0.0	0.0	0.0
-0.1156191	0.0	0.0	0.0
-0.1155774	0.0	0.0	0.0
-0.1155357	0.0	0.0	0.0
-0.115494	0.0	0.0	0.0
-0.1154523	0.0	0.0	0.0
-0.1154106	0.0	0.0	0.0
-0.1153689	0.0	0.0	0.0
-0.1153272	0.0	0.0	0.0
-0.1152855	0.0	0.0	0.0
-0.1152438	0.0	0.0	0.0
-0.1152021	0.0	0.0	0.0
-0.1151604	0.0	0.0	0.0
-0.1151187	0.0	0.0	0.0
-0.115077	0.0	0.0	0.0
-0.1150353	0.0	0.0	0.0
-0.1149936	0.0	0.0	0.0
-0.1149519	0.0	0.0	0.0
-0.1149102	0.0	0.0	0.0
-0.1148685	0.0	0.0	0.0
-0.1148268	0.0	0.0	0.0
-0.1147851	0.0	0.0	0.0
-0.1147434	0.0	0.0	0.0
-0.1147017	0.0	0.0	0.0
-0.1146601	0.0	0.0	0.0
-0.1146184	0.0	0.0	0.0
-0.1145767	0.0	0.0	0.0
-0.114535	0.0	0.0	0.0
-0.1144933	0.0	0.0	0.0
-0.1144516	0.0	0.0	0.0
-0.1144099	0.0	0.0	0.0
-0.1143682	0.0	0.0	0.0
-0.1143265	0.0	0.0	0.0
-0.1142848	0.0	0.0	0.0
-0.1142431	0.0	0.0	0.0
-0.1142014	0.0	0.0	0.0
-0.1141597	0.0	0.0	0.0
-0.114118	0.0	0.0	0.0
-0.1140763	0.0	0.0	0.0
-0.1140346	0.0	0.0	0.0
-0.1139929	0.0	0.0	0.0
-0.1139512	0.0	0.0	0.0
-0.1139095	0.0	0.0	0.0
-0.1138678	0.0	0.0	0.0
-0.1138261	0.0	0.0	0.0
-0.1137844	0.0	0.0	0.0
-0.1137427	0.0	0.0	0.0
-0.113701	0.0	0.0	0.0
-0.1136593	0.0	0.0	0.0
-0.1136176	0.0	0.0	0.0
-0.1135759	0.0	0.0	0.0
-0.1135342	0.0	0.0	0.0
-0.1134925	0.0	0.0	0.0
-0.1134508	0.0	0.0	0.0
-0.1134091	0.0	0.0	0.0
-0.1133674	0.0	0.0	0.0
-0.1133257	0.0	0.0	0.0
-0.113284	0.0	0.0	0.0
-0.1132423	0.0	0.0	0.0
-0.1132006	0.0	0.0	0.0
-0.1131589	0.0	0.0	0.0
-0.1131172	0.0	0.0	0.0
-0.1130755	0.0	0.0	0.0
-0.1130338	0.0	0.0	0.0
-0.1129921	0.0	0.0	0.0
-0.1129505	0.0	0.0	0.0
-0.1129088	0.0	0.0	0.0
-0.1128671	0.0	0.0	0.0
-0.1128254	0.0	0.0	0.0
-0.1127837	0.0	0.0	0.0
-0.112742	0.0	0.0	0.0
-0.1127003	0.0	0.0	0.0
-0.1126586	0.0	0.0	0.0
-0.1126169	0.0	0.0	0.0
-0.1125752	0.0	0.0	0.0
-0.1125335	0.0	0.0	0.0
-0.1124918	0.0	0.0	0.0
-0.1124501	0.0	0.0	0.0
-0.1124084	0.0	0.0	0.0
-0.1123667	0.0	0.0	0.0
-0.112325	0.0	0.0	0.0
-0.1122833	0.0	0.0	0.0
-0.1122416	0.0	0.0	0.0
-0.1121999	0.0	0.0	0.0
-0.1121582	0.0	0.0	0.0
-0.1121165	0.0	0.0	0.0
-0.1120748	0.0	0.0	0.0
-0.1120331	0.0	0.0	0.0
-0.1119914	0.0	0.0	0.0
-0.1119497	0.0	0.0	0.0
-0.111908	0.0	0.0	0.0
-0.1118663	0.0	0.0	0.0
-0.1118246	0.0	0.0	0.0
-0.1117829	0.0	0.0	0.0
-0.1117412	0.0	0.0	0.0
-0.1116995	0.0	0.0	0.0
-0.1116578	0.0	0.0	0.0
-0.1116161	0.0	0.0	0.0
-0.1115744	0.0	0.0	0.0
-0.1115327	0.0	0.0	0.0
-0.111491	0.0	0.0	0.0
-0.1114493	0.0	0.0	0.0
-0.1114076	0.0	0.0	0.0
-0.1113659	0.0	0.0	0.0
-0.1113242	0.0	0.0	0.0
-0.1112825	0.0	0.0	0.0
-0.1112408	0.0	0.0	0.0
-0.1111992	0.0	0.0	0.0
-0.1111575	0.0	0.0	0.0
-0.1111158	0.0	0.0	0.0
-0.1110741	0.0	0.0	0.0
-0.1110324	0.0	0.0	0.0
-0.1109907	0.0	0.0	0.0
-0.110949	0.0	0.0	0.0
-0.1109073	0.0	0.0	0.0
-0.1108656	0.0	0.0	0.0
-0.1108239	0.0	0.0	0.0
-0.1107822	0.0	0.0	0.0
-0.1107405	0.0	0.0	0.0
-0.1106988	0.0	0.0	0.0
-0.1106571	0.0	0.0	0.0
-0.1106154	0.0	0.0	0.0
-0.1105737	0.0	0.0	0.0
-0.110532	0.0	0.0	0.0
-0.1104903	0.0	0.0	0.0
-0.1104486	0.0	0.0	0.0
-0.1104069	0.0	0.0	0.0
-0.1103652	0.0	0.0	0.0
-0.1103235	0.0	0.0	0.0
-0.1102818	0.0	0.0	0.0
-0.1102401	0.0	0.0	0.0
-0.1101984	0.0	0.0	0.0
-0.1101567	0.0	0.0	0.0
-0.110115	0.0	0.0	0.0
-0.1100733	0.0	0.0	0.0
-0.1100316	0.0	0.0	0.0
-0.1099899	0.0	0.0	0.0
-0.1099482	0.0	0.0	0.0
-0.1099065	0.0	0.0	0.0
-0.1098648	0.0	0.0	0.0
-0.1098231	0.0	0.0	0.0
-0.1097814	0.0	0.0	0.0
-0.1097397	0.0	0.0	0.0
-0.109698	0.0	0.0	0.0
-0.1096563	0.0	0.0	0.0
-0.1096146	0.0	0.0	0.0
-0.1095729	0.0	0.0	0.0
-0.1095312	0.0	0.0	0.0
-0.1094895	0.0	0.0	0.0
-0.1094479	0.0	0.0	0.0
-0.1094062	0.0	0.0	0.0
-0.1093645	0.0	0.0	0.0
-0.1093228	0.0	0.0	0.0
-0.1092811	0.0	0.0	0.0
-0.1092394	0.0	0.0	0.0
-0.1091977	0.0	0.0	0.0
-0.109156	0.0	0.0	0.0
-0.1091143	0.0	0.0	0.0
-0.1090726	0.0	0.0	0.0
-0.1090309	0.0	0.0	0.0
-0.1089892	0.0	0.0	0.0
-0.1089475	0.0	0.0	0.0
-0.1089058	0.0	0.0	0.0
-0.1088641	0.0	0.0	0.0
-0.1088224	0.0	0.0	0.0
-0.1087807	0.0	0.0	0.0
-0.108739	0.0	0.0	0.0
-0.1086973	0.0	0.0	0.0
-0.1086556	0.0	0.0	0.0
-0.1086139	0.0	0.0	0.0
-0.1085722	0.0	0.0	0.0
-0.1085305	0.0	0.0	0.0
-0.1084888	0.0	0.0	0.0
-0.1084471	0.0	0.0	0.0
-0.1084054	0.0	0.0	0.0
-0.1083637	0.0	0.0	0.0
-0.108322	0.0	0.0	0.0
-0.1082803	0.0	0.0	0.0
-0.1082386	0.0	0.0	0.0
-0.1081969	0.0	0.0	0.0
-0.1081552	0.0	0.0	0.0
-0.1081135	0.0	0.0	0.0
-0.1080718	0.0	0.0	0.0
-0.1080301	0.0	0.0	0.0
-0.1079884	0.0	0.0	0.0
-0.1079467	0.0	0.0	0.0
-0.107905	0.0	0.0	0.0
-0.1078633	0.0	0.0	0.0
-0.1078216	0.0	0.0	0.0
-0.1077799	0.0	0.0	0.0
-0.1077383	0.0	0.0	0.0
-0.1076966	0.0	0.0	0.0
-0.1076549	0.0	0.0	0.0
-0.1076132	0.0	0.0	0.0
-0.1075715	0.0	0.0	0.0
-0.1075298	0.0	0.0	0.0
-0.1074881	0.0	0.0	0.0
-0.1074464	0.0	0.0	0.0
-0.1074047	0.0	0.0	0.0
-0.107363	0.0	0.0	0.0
-0.1073213	0.0	0.0	0.0
-0.1072796	0.0	0.0	0.0
-0.1072379	0.0	0.0	0.0
-0.1071962	0.0	0.0	0.0
-0.1071545	0.0	0.0	0.0
-0.1071128	0.0	0.0	0.0
-0.1070711	0.0	0.0	0.0
-0.1070294	0.0	0.0	0.0
-0.1069877	0.0	0.0	0.0
-0.106946	0.0	0.0	0.0
-0.1069043	0.0	0.0	0.0
-0.1068626	0.0	0.0	0.0
-0.1068209	0.0	0.0	0.0
-0.1067792	0.0	0.0	0.0
-0.1067375	0.0	0.0	0.0
-0.1066958	0.0	0.0	0.0
-0.1066541	0.0	0.0	0.0
-0.1066124	0.0	0.0	0.0
-0.1065707	0.0	0.0	0.0
-0.106529	0.0	0.0	0.0
-0.1064873	0.0	0.0	0.0
-0.1064456	0.0	0.0	0.0
-0.1064039	0.0	0.0	0.0
-0.1063622	0.0	0.0	0.0
-0.1063205	0.0	0.0	0.0
-0.1062788	0.0	0.0	0.0
-0.1062371	0.0	0.0	0.0
-0.1061954	0.0	0.0	0.0
-0.1061537	0.0	0.0	0.0
-0.106112	0.0	0.0	0.0
-0.1060703	0.0	0.0	0.0
-0.1060286	0.0	0.0	0.0
-0.105987	0.0	0.0	0.0
-0.1059453	0.0	0.0	0.0
-0.1059036	0.0	0.0	0.0
-0.1058619	0.0	0.0	0.0
-0.1058202	0.0	0.0	0.0
-0.1057785	0.0	0.0	0.0
-0.1057368	0.0	0.0	0.0
-0.1056951	0.0	0.0	0.0
-0.1056534	0.0	0.0	0.0
-0.1056117	0.0	0.0	0.0
-0.10557	0.0	0.0	0.0
-0.1055283	0.0	0.0	0.0
-0.1054866	0.0	0.0	0.0
-0.1054449	0.0	0.0	0.0
-0.1054032	0.0	0.0	0.0
-0.1053615	0.0	0.0	0.0
-0.1053198	0.0	0.0	0.0
-0.1052781	0.0	0.0	0.0
-0.1052364	0.0	0.0	0.0
-0.1051947	0.0	0.0	0.0
-0.105153	0.0	0.0	0.0
-0.1051113	0.0	0.0	0.0
-0.1050696	0.0	0.0	0.0
-0.1050279	0.0	0.0	0.0
-0.1049862	0.0	0.0	0.0
-0.1049445	0.0	0.0	0.0
-0.1049028	0.0	0.0	0.0
-0.1048611	0.0	0.0	0.0
-0.1048194	0.0	0.0	0.0
-0.1047777	0.0	0.0	0.0
-0.104736	0.0	0.0	0.0
-0.1046943	0.0	0.0	0.0
-0.1046526	0.0	0.0	0.0
-0.1046109	0.0	0.0	0.0
-0.1045692	0.0	0.0	0.0
-0.1045275	0.0	0.0	0.0
-0.1044858	0.0	0.0	0.0
-0.1044441	0.0	0.0	0.0
-0.1044024	0.0	0.0	0.0
-0.1043607	0.0	0.0	0.0
-0.104319	0.0	0.0	0.0
-0.1042774	0.0	0.0	0.0
-0.1042357	0.0	0.0	0.0
-0.104194	0.0	0.0	0.0
-0.1041523	0.0	0.0	0.0
-0.1041106	0.0	0.0	0.0
-0.1040689	0.0	0.0	0.0
-0.1040272	0.0	0.0	0.0
-0.1039855	0.0	0.0	0.0
-0.1039438	0.0	0.0	0.0
-0.1039021	0.0	0.0	0.0
-0.1038604	0.0	0.0	0.0
-0.1038187	0.0	0.0	0.0
-0.103777	0.0	0.0	0.0
-0.1037353	0.0	0.0	0.0
-0.1036936	0.0	0.0	0.0
-0.1036519	0.0	0.0	0.0
-0.1036102	0.0	0.0	0.0
-0.1035685	0.0	0.0	0.0
-0.1035268	0.0	0.0	0.0
-0.1034851	0.0	0.0	0.0
-0.1034434	0.0	0.0	0.0
-0.1034017	0.0	0.0	0.0
-0.10336	0.0	0.0	0.0
-0.1033183	0.0	0.0	0.0
-0.1032766	0.0	0.0	0.0
-0.1032349	0.0	0.0	0.0
-0.1031932	0.0	0.0	0.0
-0.1031515	0.0	0.0	0.0
-0.1031098	0.0	0.0	0.0
-0.1030681	0.0	0.0	0.0
-0.1030264	0.0	0.0	0.0
-0.1029847	0.0	0.0	0.0
-0.102943	0.0	0.0	0.0
-0.1029013	0.0	0.0	0.0
-0.1028596	0.0	0.0	0.0
-0.1028179	0.0	0.0	0.0
-0.1027762	0.0	0.0	0.0
-0.1027345	0.0	0.0	0.0
-0.1026928	0.0	0.0	0.0
-0.1026511	0.0	0.0	0.0
-0.1026094	0.0	0.0	0.0
-0.1025677	0.0	0.0	0.0
-0.1025261	0.0	0.0	0.0
-0.1024844	0.0	0.0	0.0
-0.1024427	0.0	0.0	0.0
-0.102401	0.0	0.0	0.0
-0.1023593	0.0	0.0	0.0
-0.1023176	0.0	0.0	0.0
-0.1022759	0.0	0.0	0.0
-0.1022342	0.0	0.0	0.0
-0.1021925	0.0	0.0	0.0
-0.1021508	0.0	0.0	0.0
-0.1021091	0.0	0.0	0.0
-0.1020674	0.0	0.0	0.0
-0.1020257	0.0	0.0	0.0
-0.101984	0.0	0.0	0.0
-0.1019423	0.0	0.0	0.0
-0.1019006	0.0	0.0	0.0
-0.1018589	0.0	0.0	0.0
-0.1018172	0.0	0.0	0.0
-0.1017755	0.0	0.0	0.0
-0.1017338	0.0	0.0	0.0
-0.1016921	0.0	0.0	0.0
-0.1016504	0.0	0.0	0.0
-0.1016087	0.0	0.0	0.0
-0.101567	0.0	0.0	0.0
-0.1015253	0.0	0.0	0.0
-0.1014836	0.0	0.0	0.0
-0.1014419	0.0	0.0	0.0
-0.1014002	0.0	0.0	0.0
-0.1013585	0.0	0.0	0.0
-0.1013168	0.0	0.0	0.0
-0.1012751	0.0	0.0	0.0
-0.1012334	0.0	0.0	0.0
-0.1011917	0.0	0.0	0.0
-0.10115	0.0	0.0	0.0
-0.1011083	0.0	0.0	0.0
-0.1010666	0.0	0.0	0.0
-0.1010249	0.0	0.0	0.0
-0.1009832	0.0	0.0	0.0
-0.1009415	0.0	0.0	0.0
-0.1008998	0.0	0.0	0.0
-0.1008581	0.0	0.0	0.0
-0.1008164	0.0	0.0	0.0
-0.1007748	0.0	0.0	0.0
-0.1007331	0.0	0.0	0.0
-0.1006914	0.0	0.0	0.0
-0.1006497	0.0	0.0	0.0
-0.100608	0.0	0.0	0.0
-0.1005663	0.0	0.0	0.0
-0.1005246	0.0	0.0	0.0
-0.1004829	0.0	0.0	0.0
-0.1004412	0.0	0.0	0.0
-0.1003995	0.0	0.0	0.0
-0.1003578	0.0	0.0	0.0
-0.1003161	0.0	0.0	0.0
-0.1002744	0.0	0.0	0.0
-0.1002327	0.0	0.0	0.0
-0.100191	0.0	0.0	0.0
-0.1001493	0.0	0.0	0.0
-0.1001076	0.0	0.0	0.0
-0.1000659	0.0	0.0	0.0
-0.1000242	0.0	0.0	0.0
-0.0999825	0.0	0.0	0.0
-0.0999408	0.0	0.0	0.0
-0.0998991	0.0	0.0	0.0
-0.0998574	0.0	0.0	0.0
-0.09981571	0.0	0.0	0.0
-0.09977401	0.0	0.0	0.0
-0.09973231	0.0	0.0	0.0
-0.09969061	0.0	0.0	0.0
-0.09964892	0.0	0.0	0.0
-0.09960722	0.0	0.0	0.0
-0.09956552	0.0	0.0	0.0
-0.09952382	0.0	0.0	0.0
-0.09948213	0.0	0.0	0.0
-0.09944043	0.0	0.0	0.0
-0.09939873	0.0	0.0	0.0
-0.09935703	0.0	0.0	0.0
-0.09931534	0.0	0.0	0.0
-0.09927364	0.0	0.0	0.0
-0.09923194	0.0	0.0	0.0
-0.09919024	0.0	0.0	0.0
-0.09914855	0.0	0.0	0.0
-0.09910685	0.0	0.0	0.0
-0.09906515	0.0	0.0	0.0
-0.09902345	0.0	0.0	0.0
-0.09898176	0.0	0.0	0.0
-0.09894006	0.0	0.0	0.0
-0.09889836	0.0	0.0	0.0
-0.09885666	0.0	0.0	0.0
-0.09881496	0.0	0.0	0.0
-0.09877327	0.0	0.0	0.0
-0.09873157	0.0	0.0	0.0
-0.09868987	0.0	0.0	0.0
-0.09864817	0.0	0.0	0.0
-0.09860648	0.0	0.0	0.0
-0.09856478	0.0	0.0	0.0
-0.09852308	0.0	0.0	0.0
-0.09848138	0.0	0.0	0.0
-0.09843969	0.0	0.0	0.0
-0.09839799	0.0	0.0	0.0
-0.09835629	0.0	0.0	0.0
-0.09831459	0.0	0.0	0.0
-0.0982729	0.0	0.0	0.0
-0.0982312	0.0	0.0	0.0
-0.0981895	0.0	0.0	0.0
-0.0981478	0.0	0.0	0.0
-0.09810611	0.0	0.0	0.0
-0.09806441	0.0	0.0	0.0
-0.09802271	0.0	0.0	0.0
-0.09798101	0.0	0.0	0.0
-0.09793932	0.0	0.0	0.0
-0.09789762	0.0	0.0	0.0
-0.09785592	0.0	0.0	0.0
-0.09781422	0.0	0.0	0.0
-0.09777252	0.0	0.0	0.0
-0.09773083	0.0	0.0	0.0
-0.09768913	0.0	0.0	0.0
-0.09764743	0.0	0.0	0.0
-0.09760573	0.0	0.0	0.0
-0.09756404	0.0	0.0	0.0
-0.09752234	0.0	0.0	0.0
-0.09748064	0.0	0.0	0.0
-0.09743894	0.0	0.0	0.0
-0.09739725	0.0	0.0	0.0
-0.09735555	0.0	0.0	0.0
-0.09731385	0.0	0.0	0.0
-0.09727215	0.0	0.0	0.0
-0.09723046	0.0	0.0	0.0
-0.09718876	0.0	0.0	0.0
-0.09714706	0.0	0.0	0.0
-0.09710536	0.0	0.0	0.0
-0.09706367	0.0	0.0	0.0
-0.09702197	0.0	0.0	0.0
-0.09698027	0.0	0.0	0.0
-0.09693857	0.0	0.0	0.0
-0.09689688	0.0	0.0	0.0
-0.09685518	0.0	0.0	0.0
-0.09681348	0.0	0.0	0.0
-0.09677178	0.0	0.0	0.0
-0.09673009	0.0	0.0	0.0
-0.09668839	0.0	0.0	0.0
-0.09664669	0.0	0.0	0.0
-0.09660499	0.0	0.0	0.0
-0.09656329	0.0	0.0	0.0
-0.0965216	0.0	0.0	0.0
-0.0964799	0.0	0.0	0.0
-0.0964382	0.0	0.0	0.0
-0.0963965	0.0	0.0	0.0
-0.09635481	0.0	0.0	0.0
-0.09631311	0.0	0.0	0.0
-0.09627141	0.0	0.0	0.0
-0.09622971	0.0	0.0	0.0
-0.09618802	0.0	0.0	0.0
-0.09614632	0.0	0.0	0.0
-0.09610462	0.0	0.0	0.0
-0.09606292	0.0	0.0	0.0
-0.09602123	0.0	0.0	0.0
-0.09597953	0.0	0.0	0.0
-0.09593783	0.0	0.0	0.0
-0.09589613	0.0	0.0	0.0
-0.09585444	0.0	0.0	0.0
-0.09581274	0.0	0.0	0.0
-0.09577104	0.0	0.0	0.0
-0.09572934	0.0	0.0	0.0
-0.09568765	0.0	0.0	0.0
-0.09564595	0.0	0.0	0.0
-0.09560425	0.0	0.0	0.0
-0.09556255	0.0	0.0	0.0
-0.09552085	0.0	0.0	0.0
-0.09547916	0.0	0.0	0.0
-0.09543746	0.0	0.0	0.0
-0.09539576	0.0	0.0	0.0
-0.09535406	0.0	0.0	0.0
-0.09531237	0.0	0.0	0.0
-0.09527067	0.0	0.0	0.0
-0.09522897	0.0	0.0	0.0
-0.09518727	0.0	0.0	0.0
-0.09514558	0.0	0.0	0.0
-0.09510388	0.0	0.0	0.0
-0.09506218	0.0	0.0	0.0
-0.09502048	0.0	0.0	0.0
-0.09497879	0.0	0.0	0.0
-0.09493709	0.0	0.0	0.0
-0.09489539	0.0	0.0	0.0
-0.09485369	0.0	0.0	0.0
-0.094812	0.0	0.0	0.0
-0.0947703	0.0	0.0	0.0
-0.0947286	0.0	0.0	0.0
-0.0946869	0.0	0.0	0.0
-0.09464521	0.0	0.0	0.0
-0.09460351	0.0	0.0	0.0
-0.09456181	0.0	0.0	0.0
-0.09452011	0.0	0.0	0.0
-0.09447841	0.0	0.0	0.0
-0.09443672	0.0	0.0	0.0
-0.09439502	0.0	0.0	0.0
-0.09435332	0.0	0.0	0.0
-0.09431162	0.0	0.0	0.0
-0.09426993	0.0	0.0	0.0
-0.09422823	0.0	0.0	0.0
-0.09418653	0.0	0.0	0.0
-0.09414483	0.0	0.0	0.0
-0.09410314	0.0	0.0	0.0
-0.09406144	0.0	0.0	0.0
-0.09401974	0.0	0.0	0.0
-0.09397804	0.0	0.0	0.0
-0.09393635	0.0	0.0	0.0
-0.09389465	0.0	0.0	0.0
-0.09385295	0.0	0.0	0.0
-0.09381125	0.0	0.0	0.0
-0.09376956	0.0	0.0	0.0
-0.09372786	0.0	0.0	0.0
-0.09368616	0.0	0.0	0.0
-0.09364446	0.0	0.0	0.0
-0.09360277	0.0	0.0	0.0
-0.09356107	0.0	0.0	0.0
-0.09351937	0.0	0.0	0.0
-0.09347767	0.0	0.0	0.0
-0.09343597	0.0	0.0	0.0
-0.09339428	0.0	0.0	0.0
-0.09335258	0.0	0.0	0.0
-0.09331088	0.0	0.0	0.0
-0.09326918	0.0	0.0	0.0
-0.09322749	0.0	0.0	0.0
-0.09318579	0.0	0.0	0.0
-0.09314409	0.0	0.0	0.0
-0.09310239	0.0	0.0	0.0
-0.0930607	0.0	0.0	0.0
-0.093019	0.0	0.0	0.0
-0.0929773	0.0	0.0	0.0
-0.0929356	0.0	0.0	0.0
-0.09289391	0.0	0.0	0.0
-0.09285221	0.0	0.0	0.0
-0.09281051	0.0	0.0	0.0
-0.09276881	0.0	0.0	0.0
-0.09272712	0.0	0.0	0.0
-0.09268542	0.0	0.0	0.0
-0.09264372	0.0	0.0	0.0
-0.09260202	0.0	0.0	0.0
-0.09256033	0.0	0.0	0.0
-0.09251863	0.0	0.0	0.0
-0.09247693	0.0	0.0	0.0
-0.09243523	0.0	0.0	0.0
-0.09239353	0.0	0.0	0.0
-0.09235184	0.0	0.0	0.0
-0.09231014	0.0	0.0	0.0
-0.09226844	0.0	0.0	0.0
-0.09222674	0.0	0.0	0.0
-0.09218505	0.0	0.0	0.0
-0.09214335	0.0	0.0	0.0
-0.09210165	0.0	0.0	0.0
-0.09205995	0.0	0.0	0.0
-0.09201826	0.0	0.0	0.0
-0.09197656	0.0	0.0	0.0
-0.09193486	0.0	0.0	0.0
-0.09189316	0.0	0.0	0.0
-0.09185147	0.0	0.0	0.0
-0.09180977	0.0	0.0	0.0
-0.09176807	0.0	0.0	0.0
-0.09172637	0.0	0.0	0.0
-0.09168468	0.0	0.0	0.0
-0.09164298	0.0	0.0	0.0
-0.09160128	0.0	0.0	0.0
-0.09155958	0.0	0.0	0.0
-0.09151789	0.0	0.0	0.0
-0.09147619	0.0	0.0	0.0
-0.09143449	0.0	0.0	0.0
-0.09139279	0.0	0.0	0.0
-0.0913511	0.0	0.0	0.0
-0.0913094	0.0	0.0	0.0
-0.0912677	0.0	0.0	0.0
-0.091226	0.0	0.0	0.0
-0.0911843	0.0	0.0	0.0
-0.09114261	0.0	0.0	0.0
-0.09110091	0.0	0.0	0.0
-0.09105921	0.0	0.0	0.0
-0.09101751	0.0	0.0	0.0
-0.09097582	0.0	0.0	0.0
-0.09093412	0.0	0.0	0.0
-0.09089242	0.0	0.0	0.0
-0.09085072	0.0	0.0	0.0
-0.09080903	0.0	0.0	0.0
-0.09076733	0.0	0.0	0.0
-0.09072563	0.0	0.0	0.0
-0.09068393	0.0	0.0	0.0
-0.09064224	0.0	0.0	0.0
-0.09060054	0.0	0.0	0.0
-0.09055884	0.0	0.0	0.0
-0.09051714	0.0	0.0	0.0
-0.09047545	0.0	0.0	0.0
-0.09043375	0.0	0.0	0.0
-0.09039205	0.0	0.0	0.0
-0.09035035	0.0	0.0	0.0
-0.09030866	0.0	0.0	0.0
-0.09026696	0.0	0.0	0.0
-0.09022526	0.0	0.0	0.0
-0.09018356	0.0	0.0	0.0
-0.09014186	0.0	0.0	0.0
-0.09010017	0.0	0.0	0.0
-0.09005847	0.0	0.0	0.0
-0.09001677	0.0	0.0	0.0
-0.08997507	0.0	0.0	0.0
-0.08993338	0.0	0.0	0.0
-0.08989168	0.0	0.0	0.0
-0.08984998	0.0	0.0	0.0
-0.08980828	0.0	0.0	0.0
-0.08976659	0.0	0.0	0.0
-0.08972489	0.0	0.0	0.0
-0.08968319	0.0	0.0	0.0
-0.08964149	0.0	0.0	0.0
-0.0895998	0.0	0.0	0.0
-0.0895581	0.0	0.0	0.0
-0.0895164	0.0	0.0	0.0
-0.0894747	0.0	0.0	0.0
-0.08943301	0.0	0.0	0.0
-0.08939131	0.0	0.0	0.0
-0.08934961	0.0	0.0	0.0
-0.08930791	0.0	0.0	0.0
-0.08926622	0.0	0.0	0.0
-0.08922452	0.0	0.0	0.0
-0.08918282	0.0	0.0	0.0
-0.08914112	0.0	0.0	0.0
-0.08909942	0.0	0.0	0.0
-0.08905773	0.0	0.0	0.0
-0.08901603	0.0	0.0	0.0
-0.08897433	0.0	0.0	0.0
-0.08893263	0.0	0.0	0.0
-0.08889094	0.0	0.0	0.0
-0.08884924	0.0	0.0	0.0
-0.08880754	0.0	0.0	0.0
-0.08876584	0.0	0.0	0.0
-0.08872415	0.0	0.0	0.0
-0.08868245	0.0	0.0	0.0
-0.08864075	0.0	0.0	0.0
-0.08859905	0.0	0.0	0.0
-0.08855736	0.0	0.0	0.0
-0.08851566	0.0	0.0	0.0
-0.08847396	0.0	0.0	0.0
-0.08843226	0.0	0.0	0.0
-0.08839057	0.0	0.0	0.0
-0.08834887	0.0	0.0	0.0
-0.08830717	0.0	0.0	0.0
-0.08826547	0.0	0.0	0.0
-0.08822378	0.0	0.0	0.0
-0.08818208	0.0	0.0	0.0
-0.08814038	0.0	0.0	0.0
-0.08809868	0.0	0.0	0.0
-0.08805698	0.0	0.0	0.0
-0.08801529	0.0	0.0	0.0
-0.08797359	0.0	0.0	0.0
-0.08793189	0.0	0.0	0.0
-0.08789019	0.0	0.0	0.0
-0.0878485	0.0	0.0	0.0
-0.0878068	0.0	0.0	0.0
-0.0877651	0.0	0.0	0.0
-0.0877234	0.0	0.0	0.0
-0.08768171	0.0	0.0	0.0
-0.08764001	0.0	0.0	0.0
-0.08759831	0.0	0.0	0.0
-0.08755661	0.0	0.0	0.0
-0.08751492	0.0	0.0	0.0
-0.08747322	0.0	0.0	0.0
-0.08743152	0.0	0.0	0.0
-0.08738982	0.0	0.0	0.0
-0.08734813	0.0	0.0	0.0
-0.08730643	0.0	0.0	0.0
-0.08726473	0.0	0.0	0.0
-0.08722303	0.0	0.0	0.0
-0.08718134	0.0	0.0	0.0
-0.08713964	0.0	0.0	0.0
-0.08709794	0.0	0.0	0.0
-0.08705624	0.0	0.0	0.0
-0.08701454	0.0	0.0	0.0
-0.08697285	0.0	0.0	0.0
-0.08693115	0.0	0.0	0.0
-0.08688945	0.0	0.0	0.0
-0.08684775	0.0	0.0	0.0
-0.08680606	0.0	0.0	0.0
-0.08676436	0.0	0.0	0.0
-0.08672266	0.0	0.0	0.0
-0.08668096	0.0	0.0	0.0
-0.08663927	0.0	0.0	0.0
-0.08659757	0.0	0.0	0.0
-0.08655587	0.0	0.0	0.0
-0.08651417	0.0	0.0	0.0
-0.08647248	0.0	0.0	0.0
-0.08643078	0.0	0.0	0.0
-0.08638908	0.0	0.0	0.0
-0.08634738	0.0	0.0	0.0
-0.08630569	0.0	0.0	0.0
-0.08626399	0.0	0.0	0.0
-0.08622229	0.0	0.0	0.0
-0.08618059	0.0	0.0	0.0
-0.0861389	0.0	0.0	0.0
-0.0860972	0.0	0.0	0.0
-0.0860555	0.0	0.0	0.0
-0.0860138	0.0	0.0	0.0
-0.08597211	0.0	0.0	0.0
-0.08593041	0.0	0.0	0.0
-0.08588871	0.0	0.0	0.0
-0.08584701	0.0	0.0	0.0
-0.08580531	0.0	0.0	0.0
-0.08576362	0.0	0.0	0.0
-0.08572192	0.0	0.0	0.0
-0.08568022	0.0	0.0	0.0
-0.08563852	0.0	0.0	0.0
-0.08559683	0.0	0.0	0.0
-0.08555513	0.0	0.0	0.0
-0.08551343	0.0	0.0	0.0
-0.08547173	0.0	0.0	0.0
-0.08543004	0.0	0.0	0.0
-0.08538834	0.0	0.0	0.0
-0.08534664	0.0	0.0	0.0
-0.08530494	0.0	0.0	0.0
-0.08526325	0.0	0.0	0.0
-0.08522155	0.0	0.0	0.0
-0.08517985	0.0	0.0	0.0
-0.08513815	0.0	0.0	0.0
-0.08509646	0.0	0.0	0.0
-0.08505476	0.0	0.0	0.0
-0.08501306	0.0	0.0	0.0
-0.08497136	0.0	0.0	0.0
-0.08492967	0.0	0.0	0.0
-0.08488797	0.0	0.0	0.0
-0.08484627	0.0	0.0	0.0
-0.08480457	0.0	0.0	0.0
-0.08476287	0.0	0.0	0.0
-0.08472118	0.0	0.0	0.0
-0.08467948	0.0	0.0	0.0
-0.08463778	0.0	0.0	0.0
-0.08459608	0.0	0.0	0.0
-0.08455439	0.0	0.0	0.0
-0.08451269	0.0	0.0	0.0
-0.08447099	0.0	0.0	0.0
-0.08442929	0.0	0.0	0.0
-0.0843876	0.0	0.0	0.0
-0.0843459	0.0	0.0	0.0
-0.0843042	0.0	0.0	0.0
-0.0842625	0.0	0.0	0.0
-0.08422081	0.0	0.0	0.0
-0.08417911	0.0	0.0	0.0
-0.08413741	0.0	0.0	0.0
-0.08409571	0.0	0.0	0.0
-0.08405402	0.0	0.0	0.0
-0.08401232	0.0	0.0	0.0
-0.08397062	0.0	0.0	0.0
-0.08392892	0.0	0.0	0.0
-0.08388723	0.0	0.0	0.0
-0.08384553	0.0	0.0	0.0
-0.08380383	0.0	0.0	0.0
-0.08376213	0.0	0.0	0.0
-0.08372043	0.0	0.0	0.0
-0.08367874	0.0	0.0	0.0
-0.08363704	0.0	0.0	0.0
-0.08359534	0.0	0.0	0.0
-0.08355364	0.0	0.0	0.0
-0.08351195	0.0	0.0	0.0
-0.08347025	0.0	0.0	0.0
-0.08342855	0.0	0.0	0.0
-0.08338685	0.0	0.0	0.0
-0.08334516	0.0	0.0	0.0
-0.08330346	0.0	0.0	0.0
-0.08326176	0.0	0.0	0.0
-0.08322006	0.0	0.0	0.0
-0.08317837	0.0	0.0	0.0
-0.08313667	0.0	0.0	0.0
-0.08309497	0.0	0.0	0.0
-0.08305327	0.0	0.0	0.0
-0.08301158	0.0	0.0	0.0
-0.08296988	0.0	0.0	0.0
-0.08292818	0.0	0.0	0.0
-0.08288648	0.0	0.0	0.0
-0.08284479	0.0	0.0	0.0
-0.08280309	0.0	0.0	0.0
-0.08276139	0.0	0.0	0.0
-0.08271969	0.0	0.0	0.0
-0.08267799	0.0	0.0	0.0
-0.0826363	0.0	0.0	0.0
-0.0825946	0.0	0.0	0.0
-0.0825529	0.0	0.0	0.0
-0.0825112	0.0	0.0	0.0
-0.08246951	0.0	0.0	0.0
-0.08242781	0.0	0.0	0.0
-0.08238611	0.0	0.0	0.0
-0.08234441	0.0	0.0	0.0
-0.08230272	0.0	0.0	0.0
-0.08226102	0.0	0.0	0.0
-0.08221932	0.0	0.0	0.0
-0.08217762	0.0	0.0	0.0
-0.08213593	0.0	0.0	0.0
-0.08209423	0.0	0.0	0.0
-0.08205253	0.0	0.0	0.0
-0.08201083	0.0	0.0	0.0
-0.08196914	0.0	0.0	0.0
-0.08192744	0.0	0.0	0.0
-0.08188574	0.0	0.0	0.0
-0.08184404	0.0	0.0	0.0
-0.08180235	0.0	0.0	0.0
-0.08176065	0.0	0.0	0.0
-0.08171895	0.0	0.0	0.0
-0.08167725	0.0	0.0	0.0
-0.08163555	0.0	0.0	0.0
-0.08159386	0.0	0.0	0.0
-0.08155216	0.0	0.0	0.0
-0.08151046	0.0	0.0	0.0
-0.08146876	0.0	0.0	0.0
-0.08142707	0.0	0.0	0.0
-0.08138537	0.0	0.0	0.0
-0.08134367	0.0	0.0	0.0
-0.08130197	0.0	0.0	0.0
-0.08126028	0.0	0.0	0.0
-0.08121858	0.0	0.0	0.0
-0.08117688	0.0	0.0	0.0
-0.08113518	0.0	0.0	0.0
-0.08109349	0.0	0.0	0.0
-0.08105179	0.0	0.0	0.0
-0.08101009	0.0	0.0	0.0
-0.08096839	0.0	0.0	0.0
-0.0809267	0.0	0.0	0.0
-0.080885	0.0	0.0	0.0
-0.0808433	0.0	0.0	0.0
-0.0808016	0.0	0.0	0.0
-0.08075991	0.0	0.0	0.0
-0.08071821	0.0	0.0	0.0
-0.08067651	0.0	0.0	0.0
-0.08063481	0.0	0.0	0.0
-0.08059312	0.0	0.0	0.0
-0.08055142	0.0	0.0	0.0
-0.08050972	0.0	0.0	0.0
-0.08046802	0.0	0.0	0.0
-0.08042632	0.0	0.0	0.0
-0.08038463	0.0	0.0	0.0
-0.08034293	0.0	0.0	0.0
-0.08030123	0.0	0.0	0.0
-0.08025953	0.0	0.0	0.0
-0.08021784	0.0	0.0	0.0
-0.08017614	0.0	0.0	0.0
-0.08013444	0.0	0.0	0.0
-0.08009274	0.0	0.0	0.0
-0.08005105	0.0	0.0	0.0
-0.08000935	0.0	0.0	0.0
-0.07996765	0.0	0.0	0.0
-0.07992595	0.0	0.0	0.0
-0.07988426	0.0	0.0	0.0
-0.07984256	0.0	0.0	0.0
-0.07980086	0.0	0.0	0.0
-0.07975916	0.0	0.0	0.0
-0.07971747	0.0	0.0	0.0
-0.07967577	0.0	0.0	0.0
-0.07963407	0.0	0.0	0.0
-0.07959237	0.0	0.0	0.0
-0.07955068	0.0	0.0	0.0
-0.07950898	0.0	0.0	0.0
-0.07946728	0.0	0.0	0.0
-0.07942558	0.0	0.0	0.0
-0.07938388	0.0	0.0	0.0
-0.07934219	0.0	0.0	0.0
-0.07930049	0.0	0.0	0.0
-0.07925879	0.0	0.0	0.0
-0.07921709	0.0	0.0	0.0
-0.0791754	0.0	0.0	0.0
-0.0791337	0.0	0.0	0.0
-0.079092	0.0	0.0	0.0
-0.0790503	0.0	0.0	0.0
-0.07900861	0.0	0.0	0.0
-0.07896691	0.0	0.0	0.0
-0.07892521	0.0	0.0	0.0
-0.07888351	0.0	0.0	0.0
-0.07884182	0.0	0.0	0.0
-0.07880012	0.0	0.0	0.0
-0.07875842	0.0	0.0	0.0
-0.07871672	0.0	0.0	0.0
-0.07867503	0.0	0.0	0.0
-0.07863333	0.0	0.0	0.0
-0.07859163	0.0	0.0	0.0
-0.07854993	0.0	0.0	0.0
-0.07850824	0.0	0.0	0.0
-0.07846654	0.0	0.0	0.0
-0.07842484	0.0	0.0	0.0
-0.07838314	0.0	0.0	0.0
-0.07834144	0.0	0.0	0.0
-0.07829975	0.0	0.0	0.0
-0.07825805	0.0	0.0	0.0
-0.07821635	0.0	0.0	0.0
-0.07817465	0.0	0.0	0.0
-0.07813296	0.0	0.0	0.0
-0.07809126	0.0	0.0	0.0
-0.07804956	0.0	0.0	0.0
-0.07800786	0.0	0.0	0.0
-0.07796617	0.0	0.0	0.0
-0.07792447	0.0	0.0	0.0
-0.07788277	0.0	0.0	0.0
-0.07784107	0.0	0.0	0.0
-0.07779938	0.0	0.0	0.0
-0.07775768	0.0	0.0	0.0
-0.07771598	0.0	0.0	0.0
-0.07767428	0.0	0.0	0.0
-0.07763259	0.0	0.0	0.0
-0.07759089	0.0	0.0	0.0
-0.07754919	0.0	0.0	0.0
-0.07750749	0.0	0.0	0.0
-0.0774658	0.0	0.0	0.0
-0.0774241	0.0	0.0	0.0
-0.0773824	0.0	0.0	0.0
-0.0773407	0.0	0.0	0.0
-0.077299	0.0	0.0	0.0
-0.07725731	0.0	0.0	0.0
-0.07721561	0.0	0.0	0.0
-0.07717391	0.0	0.0	0.0
-0.07713221	0.0	0.0	0.0
-0.07709052	0.0	0.0	0.0
-0.07704882	0.0	0.0	0.0
-0.07700712	0.0	0.0	0.0
-0.07696542	0.0	0.0	0.0
-0.07692373	0.0	0.0	0.0
-0.07688203	0.0	0.0	0.0
-0.07684033	0.0	0.0	0.0
-0.07679863	0.0	0.0	0.0
-0.07675694	0.0	0.0	0.0
-0.07671524	0.0	0.0	0.0
-0.07667354	0.0	0.0	0.0
-0.07663184	0.0	0.0	0.0
-0.07659015	0.0	0.0	0.0
-0.07654845	0.0	0.0	0.0
-0.07650675	0.0	0.0	0.0
-0.07646505	0.0	0.0	0.0
-0.07642336	0.0	0.0	0.0
-0.07638166	0.0	0.0	0.0
-0.07633996	0.0	0.0	0.0
-0.07629826	0.0	0.0	0.0
-0.07625656	0.0	0.0	0.0
-0.07621487	0.0	0.0	0.0
-0.07617317	0.0	0.0	0.0
-0.07613147	0.0	0.0	0.0
-0.07608977	0.0	0.0	0.0
-0.07604808	0.0	0.0	0.0
-0.07600638	0.0	0.0	0.0
-0.07596468	0.0	0.0	0.0
-0.07592298	0.0	0.0	0.0
-0.07588129	0.0	0.0	0.0
-0.07583959	0.0	0.0	0.0
-0.07579789	0.0	0.0	0.0
-0.07575619	0.0	0.0	0.0
-0.0757145	0.0	0.0	0.0
-0.0756728	0.0	0.0	0.0
-0.0756311	0.0	0.0	0.0
-0.0755894	0.0	0.0	0.0
-0.07554771	0.0	0.0	0.0
-0.07550601	0.0	0.0	0.0
-0.07546431	0.0	0.0	0.0
-0.07542261	0.0	0.0	0.0
-0.07538092	0.0	0.0	0.0
-0.07533922	0.0	0.0	0.0
-0.07529752	0.0	0.0	0.0
-0.07525582	0.0	0.0	0.0
-0.07521413	0.0	0.0	0.0
-0.07517243	0.0	0.0	0.0
-0.07513073	0.0	0.0	0.0
-0.07508903	0.0	0.0	0.0
-0.07504733	0.0	0.0	0.0
-0.07500564	0.0	0.0	0.0
-0.07496394	0.0	0.0	0.0
-0.07492224	0.0	0.0	0.0
-0.07488054	0.0	0.0	0.0
-0.07483885	0.0	0.0	0.0
-0.07479715	0.0	0.0	0.0
-0.07475545	0.0	0.0	0.0
-0.07471375	0.0	0.0	0.0
-0.07467206	0.0	0.0	0.0
-0.07463036	0.0	0.0	0.0
-0.07458866	0.0	0.0	0.0
-0.07454696	0.0	0.0	0.0
-0.07450527	0.0	0.0	0.0
-0.07446357	0.0	0.0	0.0
-0.07442187	0.0	0.0	0.0
-0.07438017	0.0	0.0	0.0
-0.07433848	0.0	0.0	0.0
-0.07429678	0.0	0.0	0.0
-0.07425508	0.0	0.0	0.0
-0.07421338	0.0	0.0	0.0
-0.07417169	0.0	0.0	0.0
-0.07412999	0.0	0.0	0.0
-0.07408829	0.0	0.0	0.0
-0.07404659	0.0	0.0	0.0
-0.07400489	0.0	0.0	0.0
-0.0739632	0.0	0.0	0.0
-0.0739215	0.0	0.0	0.0
-0.0738798	0.0	0.0	0.0
-0.0738381	0.0	0.0	0.0
-0.07379641	0.0	0.0	0.0
-0.07375471	0.0	0.0	0.0
-0.07371301	0.0	0.0	0.0
-0.07367131	0.0	0.0	0.0
-0.07362962	0.0	0.0	0.0
-0.07358792	0.0	0.0	0.0
-0.07354622	0.0	0.0	0.0
-0.07350452	0.0	0.0	0.0
-0.07346283	0.0	0.0	0.0
-0.07342113	0.0	0.0	0.0
-0.07337943	0.0	0.0	0.0
-0.07333773	0.0	0.0	0.0
-0.07329604	0.0	0.0	0.0
-0.07325434	0.0	0.0	0.0
-0.07321264	0.0	0.0	0.0
-0.07317094	0.0	0.0	0.0
-0.07312925	0.0	0.0	0.0
-0.07308755	0.0	0.0	0.0
-0.07304585	0.0	0.0	0.0
-0.07300415	0.0	0.0	0.0
-0.07296245	0.0	0.0	0.0
-0.07292076	0.0	0.0	0.0
-0.07287906	0.0	0.0	0.0
-0.07283736	0.0	0.0	0.0
-0.07279566	0.0	0.0	0.0
-0.07275397	0.0	0.0	0.0
-0.07271227	0.0	0.0	0.0
-0.07267057	0.0	0.0	0.0
-0.07262887	0.0	0.0	0.0
-0.07258718	0.0	0.0	0.0
-0.07254548	0.0	0.0	0.0
-0.07250378	0.0	0.0	0.0
-0.07246208	0.0	0.0	0.0
-0.07242039	0.0	0.0	0.0
-0.07237869	0.0	0.0	0.0
-0.07233699	0.0	0.0	0.0
-0.07229529	0.0	0.0	0.0
-0.0722536	0.0	0.0	0.0
-0.0722119	0.0	0.0	0.0
-0.0721702	0.0	0.0	0.0
-0.0721285	0.0	0.0	0.0
-0.07208681	0.0	0.0	0.0
-0.07204511	0.0	0.0	0.0
-0.07200341	0.0	0.0	0.0
-0.07196171	0.0	0.0	0.0
-0.07192001	0.0	0.0	0.0
-0.07187832	0.0	0.0	0.0
-0.07183662	0.0	0.0	0.0
-0.07179492	0.0	0.0	0.0
-0.07175322	0.0	0.0	0.0
-0.07171153	0.0	0.0	0.0
-0.07166983	0.0	0.0	0.0
-0.07162813	0.0	0.0	0.0
-0.07158643	0.0	0.0	0.0
-0.07154474	0.0	0.0	0.0
-0.07150304	0.0	0.0	0.0
-0.07146134	0.0	0.0	0.0
-0.07141964	0.0	0.0	0.0
-0.07137795	0.0	0.0	0.0
-0.07133625	0.0	0.0	0.0
-0.07129455	0.0	0.0	0.0
-0.07125285	0.0	0.0	0.0
-0.07121116	0.0	0.0	0.0
-0.07116946	0.0	0.0	0.0
-0.07112776	0.0	0.0	0.0
-0.07108606	0.0	0.0	0.0
-0.07104437	0.0	0.0	0.0
-0.07100267	0.0	0.0	0.0
-0.07096097	0.0	0.0	0.0
-0.07091927	0.0	0.0	0.0
-0.07087758	0.0	0.0	0.0
-0.07083588	0.0	0.0	0.0
-0.07079418	0.0	0.0	0.0
-0.07075248	0.0	0.0	0.0
-0.07071078	0.0	0.0	0.0
-0.07066909	0.0	0.0	0.0
-0.07062739	0.0	0.0	0.0
-0.07058569	0.0	0.0	0.0
-0.07054399	0.0	0.0	0.0
-0.0705023	0.0	0.0	0.0
-0.0704606	0.0	0.0	0.0
-0.0704189	0.0	0.0	0.0
-0.0703772	0.0	0.0	0.0
-0.07033551	0.0	0.0	0.0
-0.07029381	0.0	0.0	0.0
-0.07025211	0.0	0.0	0.0
-0.07021041	0.0	0.0	0.0
-0.07016872	0.0	0.0	0.0
-0.07012702	0.0	0.0	0.0
-0.07008532	0.0	0.0	0.0
-0.07004362	0.0	0.0	0.0
-0.07000193	0.0	0.0	0.0
-0.06996023	0.0	0.0	0.0
-0.06991853	0.0	0.0	0.0
-0.06987683	0.0	0.0	0.0
-0.06983514	0.0	0.0	0.0
-0.06979344	0.0	0.0	0.0
-0.06975174	0.0	0.0	0.0
-0.06971004	0.0	0.0	0.0
-0.06966834	0.0	0.0	0.0
-0.06962665	0.0	0.0	0.0
-0.06958495	0.0	0.0	0.0
-0.06954325	0.0	0.0	0.0
-0.06950155	0.0	0.0	0.0
-0.06945986	0.0	0.0	0.0
-0.06941816	0.0	0.0	0.0
-0.06937646	0.0	0.0	0.0
-0.06933476	0.0	0.0	0.0
-0.06929307	0.0	0.0	0.0
-0.06925137	0.0	0.0	0.0
-0.06920967	0.0	0.0	0.0
-0.06916797	0.0	0.0	0.0
-0.06912628	0.0	0.0	0.0
-0.06908458	0.0	0.0	0.0
-0.06904288	0.0	0.0	0.0
-0.06900118	0.0	0.0	0.0
-0.06895949	0.0	0.0	0.0
-0.06891779	0.0	0.0	0.0
-0.06887609	0.0	0.0	0.0
-0.06883439	0.0	0.0	0.0
-0.0687927	0.0	0.0	0.0
-0.068751	0.0	0.0	0.0
-0.0687093	0.0	0.0	0.0
-0.0686676	0.0	0.0	0.0
-0.0686259	0.0	0.0	0.0
-0.06858421	0.0	0.0	0.0
-0.06854251	0.0	0.0	0.0
-0.06850081	0.0	0.0	0.0
-0.06845911	0.0	0.0	0.0
-0.06841742	0.0	0.0	0.0
-0.06837572	0.0	0.0	0.0
-0.06833402	0.0	0.0	0.0
-0.06829232	0.0	0.0	0.0
-0.06825063	0.0	0.0	0.0
-0.06820893	0.0	0.0	0.0
-0.06816723	0.0	0.0	0.0
-0.06812553	0.0	0.0	0.0
-0.06808384	0.0	0.0	0.0
-0.06804214	0.0	0.0	0.0
-0.06800044	0.0	0.0	0.0
-0.06795874	0.0	0.0	0.0
-0.06791705	0.0	0.0	0.0
-0.06787535	0.0	0.0	0.0
-0.06783365	0.0	0.0	0.0
-0.06779195	0.0	0.0	0.0
-0.06775026	0.0	0.0	0.0
-0.06770856	0.0	0.0	0.0
-0.06766686	0.0	0.0	0.0
-0.06762516	0.0	0.0	0.0
-0.06758346	0.0	0.0	0.0
-0.06754177	0.0	0.0	0.0
-0.06750007	0.0	0.0	0.0
-0.06745837	0.0	0.0	0.0
-0.06741667	0.0	0.0	0.0
-0.06737498	0.0	0.0	0.0
-0.06733328	0.0	0.0	0.0
-0.06729158	0.0	0.0	0.0
-0.06724988	0.0	0.0	0.0
-0.06720819	0.0	0.0	0.0
-0.06716649	0.0	0.0	0.0
-0.06712479	0.0	0.0	0.0
-0.06708309	0.0	0.0	0.0
-0.0670414	0.0	0.0	0.0
-0.0669997	0.0	0.0	0.0
-0.066958	0.0	0.0	0.0
-0.0669163	0.0	0.0	0.0
-0.06687461	0.0	0.0	0.0
-0.06683291	0.0	0.0	0.0
-0.06679121	0.0	0.0	0.0
-0.06674951	0.0	0.0	0.0
-0.06670782	0.0	0.0	0.0
-0.06666612	0.0	0.0	0.0
-0.06662442	0.0	0.0	0.0
-0.06658272	0.0	0.0	0.0
-0.06654102	0.0	0.0	0.0
-0.06649933	0.0	0.0	0.0
-0.06645763	0.0	0.0	0.0
-0.06641593	0.0	0.0	0.0
-0.06637423	0.0	0.0	0.0
-0.06633254	0.0	0.0	0.0
-0.06629084	0.0	0.0	0.0
-0.06624914	0.0	0.0	0.0
-0.06620744	0.0	0.0	0.0
-0.06616575	0.0	0.0	0.0
-0.06612405	0.0	0.0	0.0
-0.06608235	0.0	0.0	0.0
-0.06604065	0.0	0.0	0.0
-0.06599896	0.0	0.0	0.0
-0.06595726	0.0	0.0	0.0
-0.06591556	0.0	0.0	0.0
-0.06587386	0.0	0.0	0.0
-0.06583217	0.0	0.0	0.0
-0.06579047	0.0	0.0	0.0
-0.06574877	0.0	0.0	0.0
-0.06570707	0.0	0.0	0.0
-0.06566538	0.0	0.0	0.0
-0.06562368	0.0	0.0	0.0
-0.06558198	0.0	0.0	0.0
-0.06554028	0.0	0.0	0.0
-0.06549859	0.0	0.0	0.0
-0.06545689	0.0	0.0	0.0
-0.06541519	0.0	0.0	0.0
-0.06537349	0.0	0.0	0.0
-0.06533179	0.0	0.0	0.0
-0.0652901	0.0	0.0	0.0
-0.0652484	0.0	0.0	0.0
-0.0652067	0.0	0.0	0.0
-0.065165	0.0	0.0	0.0
-0.06512331	0.0	0.0	0.0
-0.06508161	0.0	0.0	0.0
-0.06503991	0.0	0.0	0.0
-0.06499821	0.0	0.0	0.0
-0.06495652	0.0	0.0	0.0
-0.06491482	0.0	0.0	0.0
-0.06487312	0.0	0.0	0.0
-0.06483142	0.0	0.0	0.0
-0.06478973	0.0	0.0	0.0
-0.06474803	0.0	0.0	0.0
-0.06470633	0.0	0.0	0.0
-0.06466463	0.0	0.0	0.0
-0.06462294	0.0	0.0	0.0
-0.06458124	0.0	0.0	0.0
-0.06453954	0.0	0.0	0.0
-0.06449784	0.0	0.0	0.0
-0.06445615	0.0	0.0	0.0
-0.06441445	0.0	0.0	0.0
-0.06437275	0.0	0.0	0.0
-0.06433105	0.0	0.0	0.0
-0.06428935	0.0	0.0	0.0
-0.06424766	0.0	0.0	0.0
-0.06420596	0.0	0.0	0.0
-0.06416426	0.0	0.0	0.0
-0.06412256	0.0	0.0	0.0
-0.06408087	0.0	0.0	0.0
-0.06403917	0.0	0.0	0.0
-0.06399747	0.0	0.0	0.0
-0.06395577	0.0	0.0	0.0
-0.06391408	0.0	0.0	0.0
-0.06387238	0.0	0.0	0.0
-0.06383068	0.0	0.0	0.0
-0.06378898	0.0	0.0	0.0
-0.06374729	0.0	0.0	0.0
-0.06370559	0.0	0.0	0.0
-0.06366389	0.0	0.0	0.0
-0.06362219	0.0	0.0	0.0
-0.0635805	0.0	0.0	0.0
-0.0635388	0.0	0.0	0.0
-0.0634971	0.0	0.0	0.0
-0.0634554	0.0	0.0	0.0
-0.06341371	0.0	0.0	0.0
-0.06337201	0.0	0.0	0.0
-0.06333031	0.0	0.0	0.0
-0.06328861	0.0	0.0	0.0
-0.06324691	0.0	0.0	0.0
-0.06320522	0.0	0.0	0.0
-0.06316352	0.0	0.0	0.0
-0.06312182	0.0	0.0	0.0
-0.06308012	0.0	0.0	0.0
-0.06303843	0.0	0.0	0.0
-0.06299673	0.0	0.0	0.0
-0.06295503	0.0	0.0	0.0
-0.06291333	0.0	0.0	0.0
-0.06287164	0.0	0.0	0.0
-0.06282994	0.0	0.0	0.0
-0.06278824	0.0	0.0	0.0
-0.06274654	0.0	0.0	0.0
-0.06270485	0.0	0.0	0.0
-0.06266315	0.0	0.0	0.0
-0.06262145	0.0	0.0	0.0
-0.06257975	0.0	0.0	0.0
-0.06253806	0.0	0.0	0.0
-0.06249636	0.0	0.0	0.0
-0.06245466	0.0	0.0	0.0
-0.06241296	0.0	0.0	0.0
-0.06237127	0.0	0.0	0.0
-0.06232957	0.0	0.0	0.0
-0.06228787	0.0	0.0	0.0
-0.06224617	0.0	0.0	0.0
-0.06220447	0.0	0.0	0.0
-0.06216278	0.0	0.0	0.0
-0.06212108	0.0	0.0	0.0
-0.06207938	0.0	0.0	0.0
-0.06203768	0.0	0.0	0.0
-0.06199599	0.0	0.0	0.0
-0.06195429	0.0	0.0	0.0
-0.06191259	0.0	0.0	0.0
-0.06187089	0.0	0.0	0.0
-0.0618292	0.0	0.0	0.0
-0.0617875	0.0	0.0	0.0
-0.0617458	0.0	0.0	0.0
-0.0617041	0.0	0.0	0.0
-0.06166241	0.0	0.0	0.0
-0.06162071	0.0	0.0	0.0
-0.06157901	0.0	0.0	0.0
-0.06153731	0.0	0.0	0.0
-0.06149562	0.0	0.0	0.0
-0.06145392	0.0	0.0	0.0
-0.06141222	0.0	0.0	0.0
-0.06137052	0.0	0.0	0.0
-0.06132883	0.0	0.0	0.0
-0.06128713	0.0	0.0	0.0
-0.06124543	0.0	0.0	0.0
-0.06120373	0.0	0.0	0.0
-0.06116203	0.0	0.0	0.0
-0.06112034	0.0	0.0	0.0
-0.06107864	0.0	0.0	0.0
-0.06103694	0.0	0.0	0.0
-0.06099524	0.0	0.0	0.0
-0.06095355	0.0	0.0	0.0
-0.06091185	0.0	0.0	0.0
-0.06087015	0.0	0.0	0.0
-0.06082845	0.0	0.0	0.0
-0.06078676	0.0	0.0	0.0
-0.06074506	0.0	0.0	0.0
-0.06070336	0.0	0.0	0.0
-0.06066166	0.0	0.0	0.0
-0.06061997	0.0	0.0	0.0
-0.06057827	0.0	0.0	0.0
-0.06053657	0.0	0.0	0.0
-0.06049487	0.0	0.0	0.0
-0.06045318	0.0	0.0	0.0
-0.06041148	0.0	0.0	0.0
-0.06036978	0.0	0.0	0.0
-0.06032808	0.0	0.0	0.0
-0.06028639	0.0	0.0	0.0
-0.06024469	0.0	0.0	0.0
-0.06020299	0.0	0.0	0.0
-0.06016129	0.0	0.0	0.0
-0.0601196	0.0	0.0	0.0
-0.0600779	0.0	0.0	0.0
-0.0600362	0.0	0.0	0.0
-0.0599945	0.0	0.0	0.0
-0.0599528	0.0	0.0	0.0
-0.05991111	0.0	0.0	0.0
-0.05986941	0.0	0.0	0.0
-0.05982771	0.0	0.0	0.0
-0.05978601	0.0	0.0	0.0
-0.05974432	0.0	0.0	0.0
-0.05970262	0.0	0.0	0.0
-0.05966092	0.0	0.0	0.0
-0.05961922	0.0	0.0	0.0
-0.05957753	0.0	0.0	0.0
-0.05953583	0.0	0.0	0.0
-0.05949413	0.0	0.0	0.0
-0.05945243	0.0	0.0	0.0
-0.05941074	0.0	0.0	0.0
-0.05936904	0.0	0.0	0.0
-0.05932734	0.0	0.0	0.0
-0.05928564	0.0	0.0	0.0
-0.05924395	0.0	0.0	0.0
-0.05920225	0.0	0.0	0.0
-0.05916055	0.0	0.0	0.0
-0.05911885	0.0	0.0	0.0
-0.05907716	0.0	0.0	0.0
-0.05903546	0.0	0.0	0.0
-0.05899376	0.0	0.0	0.0
-0.05895206	0.0	0.0	0.0
-0.05891036	0.0	0.0	0.0
-0.05886867	0.0	0.0	0.0
-0.05882697	0.0	0.0	0.0
-0.05878527	0.0	0.0	0.0
-0.05874357	0.0	0.0	0.0
-0.05870188	0.0	0.0	0.0
-0.05866018	0.0	0.0	0.0
-0.05861848	0.0	0.0	0.0
-0.05857678	0.0	0.0	0.0
-0.05853509	0.0	0.0	0.0
-0.05849339	0.0	0.0	0.0
-0.05845169	0.0	0.0	0.0
-0.05840999	0.0	0.0	0.0
-0.0583683	0.0	0.0	0.0
-0.0583266	0.0	0.0	0.0
-0.0582849	0.0	0.0	0.0
-0.0582432	0.0	0.0	0.0
-0.05820151	0.0	0.0	0.0
-0.05815981	0.0	0.0	0.0
-0.05811811	0.0	0.0	0.0
-0.05807641	0.0	0.0	0.0
-0.05803472	0.0	0.0	0.0
-0.05799302	0.0	0.0	0.0
-0.05795132	0.0	0.0	0.0
-0.05790962	0.0	0.0	0.0
-0.05786792	0.0	0.0	0.0
-0.05782623	0.0	0.0	0.0
-0.05778453	0.0	0.0	0.0
-0.05774283	0.0	0.0	0.0
-0.05770113	0.0	0.0	0.0
-0.05765944	0.0	0.0	0.0
-0.05761774	0.0	0.0	0.0
-0.05757604	0.0	0.0	0.0
-0.05753434	0.0	0.0	0.0
-0.05749265	0.0	0.0	0.0
-0.05745095	0.0	0.0	0.0
-0.05740925	0.0	0.0	0.0
-0.05736755	0.0	0.0	0.0
-0.05732586	0.0	0.0	0.0
-0.05728416	0.0	0.0	0.0
-0.05724246	0.0	0.0	0.0
-0.05720076	0.0	0.0	0.0
-0.05715907	0.0	0.0	0.0
-0.05711737	0.0	0.0	0.0
-0.05707567	0.0	0.0	0.0
-0.05703397	0.0	0.0	0.0
-0.05699228	0.0	0.0	0.0
-0.05695058	0.0	0.0	0.0
-0.05690888	0.0	0.0	0.0
-0.05686718	0.0	0.0	0.0
-0.05682548	0.0	0.0	0.0
-0.05678379	0.0	0.0	0.0
-0.05674209	0.0	0.0	0.0
-0.05670039	0.0	0.0	0.0
-0.05665869	0.0	0.0	0.0
-0.056617	0.0	0.0	0.0
-0.0565753	0.0	0.0	0.0
-0.0565336	0.0	0.0	0.0
-0.0564919	0.0	0.0	0.0
-0.05645021	0.0	0.0	0.0
-0.05640851	0.0	0.0	0.0
-0.05636681	0.0	0.0	0.0
-0.05632511	0.0	0.0	0.0
-0.05628342	0.0	0.0	0.0
-0.05624172	0.0	0.0	0.0
-0.05620002	0.0	0.0	0.0
-0.05615832	0.0	0.0	0.0
-0.05611663	0.0	0.0	0.0
-0.05607493	0.0	0.0	0.0
-0.05603323	0.0	0.0	0.0
-0.05599153	0.0	0.0	0.0
-0.05594984	0.0	0.0	0.0
-0.05590814	0.0	0.0	0.0
-0.05586644	0.0	0.0	0.0
-0.05582474	0.0	0.0	0.0
-0.05578304	0.0	0.0	0.0
-0.05574135	0.0	0.0	0.0
-0.05569965	0.0	0.0	0.0
-0.05565795	0.0	0.0	0.0
-0.05561625	0.0	0.0	0.0
-0.05557456	0.0	0.0	0.0
-0.05553286	0.0	0.0	0.0
-0.05549116	0.0	0.0	0.0
-0.05544946	0.0	0.0	0.0
-0.05540777	0.0	0.0	0.0
-0.05536607	0.0	0.0	0.0
-0.05532437	0.0	0.0	0.0
-0.05528267	0.0	0.0	0.0
-0.05524098	0.0	0.0	0.0
-0.05519928	0.0	0.0	0.0
-0.05515758	0.0	0.0	0.0
-0.05511588	0.0	0.0	0.0
-0.05507419	0.0	0.0	0.0
-0.05503249	0.0	0.0	0.0
-0.05499079	0.0	0.0	0.0
-0.05494909	0.0	0.0	0.0
-0.0549074	0.0	0.0	0.0
-0.0548657	0.0	0.0	0.0
-0.054824	0.0	0.0	0.0
-0.0547823	0.0	0.0	0.0
-0.05474061	0.0	0.0	0.0
-0.05469891	0.0	0.0	0.0
-0.05465721	0.0	0.0	0.0
-0.05461551	0.0	0.0	0.0
-0.05457381	0.0	0.0	0.0
-0.05453212	0.0	0.0	0.0
-0.05449042	0.0	0.0	0.0
-0.05444872	0.0	0.0	0.0
-0.05440702	0.0	0.0	0.0
-0.05436533	0.0	0.0	0.0
-0.05432363	0.0	0.0	0.0
-0.05428193	0.0	0.0	0.0
-0.05424023	0.0	0.0	0.0
-0.05419854	0.0	0.0	0.0
-0.05415684	0.0	0.0	0.0
-0.05411514	0.0	0.0	0.0
-0.05407344	0.0	0.0	0.0
-0.05403175	0.0	0.0	0.0
-0.05399005	0.0	0.0	0.0
-0.05394835	0.0	0.0	0.0
-0.05390665	0.0	0.0	0.0
-0.05386496	0.0	0.0	0.0
-0.05382326	0.0	0.0	0.0
-0.05378156	0.0	0.0	0.0
-0.05373986	0.0	0.0	0.0
-0.05369817	0.0	0.0	0.0
-0.05365647	0.0	0.0	0.0
-0.05361477	0.0	0.0	0.0
-0.05357307	0.0	0.0	0.0
-0.05353137	0.0	0.0	0.0
-0.05348968	0.0	0.0	0.0
-0.05344798	0.0	0.0	0.0
-0.05340628	0.0	0.0	0.0
-0.05336458	0.0	0.0	0.0
-0.05332289	0.0	0.0	0.0
-0.05328119	0.0	0.0	0.0
-0.05323949	0.0	0.0	0.0
-0.05319779	0.0	0.0	0.0
-0.0531561	0.0	0.0	0.0
-0.0531144	0.0	0.0	0.0
-0.0530727	0.0	0.0	0.0
-0.053031	0.0	0.0	0.0
-0.05298931	0.0	0.0	0.0
-0.05294761	0.0	0.0	0.0
-0.05290591	0.0	0.0	0.0
-0.05286421	0.0	0.0	0.0
-0.05282252	0.0	0.0	0.0
-0.05278082	0.0	0.0	0.0
-0.05273912	0.0	0.0	0.0
-0.05269742	0.0	0.0	0.0
-0.05265573	0.0	0.0	0.0
-0.05261403	0.0	0.0	0.0
-0.05257233	0.0	0.0	0.0
-0.05253063	0.0	0.0	0.0
-0.05248893	0.0	0.0	0.0
-0.05244724	0.0	0.0	0.0
-0.05240554	0.0	0.0	0.0
-0.05236384	0.0	0.0	0.0
-0.05232214	0.0	0.0	0.0
-0.05228045	0.0	0.0	0.0
-0.05223875	0.0	0.0	0.0
-0.05219705	0.0	0.0	0.0
-0.05215535	0.0	0.0	0.0
-0.05211366	0.0	0.0	0.0
-0.05207196	0.0	0.0	0.0
-0.05203026	0.0	0.0	0.0
-0.05198856	0.0	0.0	0.0
-0.05194687	0.0	0.0	0.0
-0.05190517	0.0	0.0	0.0
-0.05186347	0.0	0.0	0.0
-0.05182177	0.0	0.0	0.0
-0.05178008	0.0	0.0	0.0
-0.05173838	0.0	0.0	0.0
-0.05169668	0.0	0.0	0.0
-0.05165498	0.0	0.0	0.0
-0.05161329	0.0	0.0	0.0
-0.05157159	0.0	0.0	0.0
-0.05152989	0.0	0.0	0.0
-0.05148819	-1.20967e-319	0.0	0.0
-0.05144649	-4.77243e-319	5e-324	5e-324
-0.0514048	-1.94468e-318	4e-323	4e-323
-0.0513631	-6.301007e-318	1.1e-322	1.2e-322
-0.0513214	-2.162054e-317	4.15e-322	4.45e-322
-0.0512797	-7.152851e-317	1.36e-321	1.457e-321
-0.05123801	-2.364144e-316	4.53e-321	4.876e-321
-0.05119631	-7.8e-316	1.491e-320	1.6047e-320
-0.05115461	-2.58926e-315	4.9476e-320	5.324e-320
-0.05111291	-8.646114e-315	1.6548e-319	1.78076e-319
-0.05107122	-2.875899e-314	5.51017e-319	5.92943e-319
-0.05102952	-9.531473e-314	1.827796e-318	1.966865e-318
-0.05098782	-3.148466e-313	6.04294e-318	6.50273e-318
-0.05094612	-1.036781e-312	1.99165e-317	2.143189e-317
-0.05090443	-3.404152e-312	6.545055e-317	7.043048e-317
-0.05086273	-1.114648e-311	2.144958e-316	2.308162e-316
-0.05082103	-3.671572e-311	7.07155e-316	7.609602e-316
-0.05077933	-1.216311e-310	2.344731e-315	2.523135e-315
-0.05073764	-4.013882e-310	7.744568e-315	8.333829e-315
-0.05069594	-1.319899e-309	2.548919e-314	2.742858e-314
-0.05065424	-4.325966e-309	8.36142e-314	8.997615e-314
-0.05061254	-1.413472e-308	2.734417e-313	2.94247e-313
-0.05057085	-4.605062e-308	8.916466e-313	9.594893e-313
-0.05052915	-1.496237e-307	2.899591e-312	3.120212e-312
-0.05048745	-4.8908650000000005e-307	9.4865e-312	1.02083e-311
-0.05044575	-1.607428e-306	3.120615e-311	3.358053e-311
-0.05040405	-5.262888e-306	1.022632e-310	1.100441e-310
-0.05036236	-1.717076e-305	3.339411e-310	3.593497e-310
-0.05032066	-5.583871e-305	1.086926e-309	1.169626e-309
-0.05027896	-1.81032e-304	3.526977e-309	3.795334e-309
-0.05023726	-5.852349e-304	1.141195e-308	1.228025e-308
-0.05019557	-1.886823e-303	3.682496e-308	3.962686e-308
-0.05015387	-6.120483e-303	1.195593e-307	1.286562e-307
-0.05011217	-1.995655e-302	3.90188e-307	4.198762e-307
-0.05007047	-6.482632e-302	1.2686119999999999e-306	1.365137e-306
-0.05002878	-2.098487e-301	4.110278e-306	4.423017e-306
-0.04998708	-6.771048e-301	1.3274169999999999e-305	1.428416e-305
-0.04994538	-2.17817e-300	4.2739409999999995e-305	4.599132e-305
-0.04990368	-6.987041e-300	1.372192e-304	1.4765969999999999e-304
-0.04986199	-2.235272e-299	4.3937540000000004e-304	4.728061e-304
-0.04982029	-7.195356e-299	1.41562e-303	1.52333e-303
-0.04977859	-2.327592e-298	4.583472e-303	4.932214e-303
-0.04973689	-7.501471000000001e-298	1.478514e-302	1.59101e-302
-0.0496952	-2.409302e-297	4.752919e-302	5.114554e-302
-0.0496535	-7.713381e-297	1.52301e-301	1.638892e-301
-0.0496118	-2.462049e-296	4.86567e-301	5.235884e-301
-0.0495701	-7.83655e-296	1.550094e-300	1.668036e-300
-0.04952841	-2.4876999999999997e-295	4.925127e-300	5.299865e-300
-0.04948671	-7.946679e-295	1.5746970000000002e-299	1.694511e-299
-0.04944501	-2.550326e-294	5.058277e-299	5.443146000000001e-299
-0.04940331	-8.154726999999999e-294	1.6188640000000001e-298	1.742038e-298
-0.04936162	-2.59863e-293	5.1634260000000005e-298	5.556295e-298
-0.04931992	-8.254716e-293	1.641674e-297	1.766584e-297
-0.04927822	-2.614389e-292	5.204098e-297	5.600062e-297
-0.04923652	-8.257054000000001e-292	1.6450909999999998e-296	1.770261e-296
-0.04919482	-2.6009629999999998e-291	5.186661999999999e-296	5.5813e-296
-0.04915313	-8.244910999999999e-291	1.645637e-295	1.770849e-295
-0.04911143	-2.6251380000000003e-290	5.244432e-295	5.643465e-295
-0.04906973	-8.327996e-290	1.665265e-294	1.79197e-294
-0.04902803	-2.633093e-289	5.2699209999999996e-294	5.6708929999999996e-294
-0.04898634	-8.299045e-289	1.662494e-293	1.7889879999999998e-293
-0.04894464	-2.6080289999999998e-288	5.229225e-293	5.627101e-293
-0.04890294	-8.173237999999999e-288	1.640254e-292	1.765056e-292
-0.04886124	-2.554695e-287	5.131539e-292	5.521982e-292
-0.04881955	-8.036248000000001e-287	1.615693e-291	1.738626e-291
-0.04877785	-2.538495e-286	5.108373e-291	5.4970529999999996e-291
-0.04873615	-7.989873e-286	1.60933e-290	1.731779e-290
-0.04869445	-2.506435e-285	5.0531170000000003e-290	5.437593e-290
-0.04865276	-7.838318000000001e-285	1.581694e-289	1.70204e-289
-0.04861106	-2.444126e-284	4.936494e-289	5.3120970000000005e-289
-0.04856936	-7.600322999999999e-284	1.5364619999999999e-288	1.653367e-288
-0.04852766	-2.35729e-283	4.7697629999999995e-288	5.1326799999999996e-288
-0.04848597	-7.358476999999999e-283	1.4902920000000002e-287	1.6036840000000002e-287
-0.04844427	-2.306048e-282	4.6747160000000005e-287	5.0304010000000005e-287
-0.04840257	-7.201245e-282	1.461154e-286	1.572329e-286
-0.04836087	-2.2413789999999998e-281	4.552019e-286	4.898369e-286
-0.04831918	-6.954831e-281	1.413756e-285	1.521324e-285
-0.04827748	-2.151809e-280	4.3781420000000004e-285	4.711261e-285
-0.04823578	-6.639556e-280	1.352142e-284	1.4550229999999998e-284
-0.04819408	-2.043412e-279	4.1652009999999996e-284	4.482118e-284
-0.04815238	-6.3297990000000005e-279	1.2914349999999998e-283	1.389696e-283
-0.04811069	-1.9680159999999997e-278	4.0189909999999997e-283	4.324783999999999e-283
-0.04806899	-6.097388e-278	1.24634e-282	1.34117e-282
-0.04802729	-1.882969e-277	3.852466e-282	4.145588e-282
-0.04798559	-5.797213e-277	1.1871799999999998e-281	1.2775089999999999e-281
-0.0479439	-1.779726e-276	3.64797e-281	3.9255329999999994e-281
-0.0479022	-5.44898e-276	1.117927e-280	1.202987e-280
-0.0478605	-1.664056e-275	3.417161e-280	3.677162e-280
-0.0478188	-5.1151629999999996e-275	1.051386e-279	1.131383e-279
-0.04777711	-1.577818e-274	3.246148e-279	3.493137e-279
-0.04773541	-4.850078999999999e-274	9.987736e-279	1.074767e-278
-0.04769371	-1.4860719999999999e-273	3.0631179999999997e-278	3.296182e-278
-0.04765201	-4.5396379999999995e-273	9.365899999999999e-278	1.007852e-277
-0.04761032	-1.382839e-272	2.8556400000000004e-277	3.072917e-277
-0.04756862	-4.2010770000000005e-272	8.683507000000001e-277	9.344209e-277
-0.04752692	-1.273061e-271	2.633818e-276	2.834217e-276
-0.04748522	-3.883262e-271	8.041577e-276	8.653436e-276
-0.04744353	-1.1883759999999999e-270	2.463256e-275	2.650677e-275
-0.04740183	-3.624287e-270	7.519483e-275	8.091618e-275
-0.04736013	-1.101808e-269	2.2881239999999998e-274	2.462221e-274
-0.04731843	-3.339585e-269	6.94182e-274	7.470001999999999e-274
-0.04727674	-1.0093920000000001e-268	2.1001329999999998e-273	2.2599259999999998e-273
-0.04723504	-3.0428160000000003e-268	6.336772999999999e-273	6.818918e-273
-0.04719334	-9.149556000000001e-268	1.907204e-272	2.0523180000000002e-272
-0.04715164	-2.769503e-267	5.77843e-272	6.218094e-272
-0.04710994	-8.408509e-267	1.756067e-271	1.889681e-271
-0.04706825	-2.544283e-266	5.31863e-271	5.723309e-271
-0.04702655	-7.674342999999999e-266	1.6057819999999999e-270	1.727961e-270
-0.04698485	-2.3079870000000002e-265	4.8338e-270	5.201589e-270
-0.04694315	-6.921775e-265	1.451048e-269	1.561454e-269
-0.04690146	-2.070429e-264	4.34443e-269	4.674984e-269
-0.04685976	-6.1776089999999994e-264	1.297479e-268	1.3962e-268
-0.04681806	-1.8555599999999998e-263	3.900935e-268	4.1977450000000004e-268
-0.04677636	-5.589243e-263	1.176152e-267	1.265642e-267
-0.04673467	-1.677943e-262	3.5342960000000003e-267	3.80321e-267
-0.04669297	-5.021644e-262	1.05873e-266	1.139286e-266
-0.04665127	-1.498455e-261	3.162248e-266	3.402854e-266
-0.04660957	-4.459076e-261	9.419086999999999e-266	1.013576e-265
-0.04656788	-1.323472e-260	2.798269e-265	3.011181e-265
-0.04652618	-3.918416e-260	8.292696e-265	8.923662e-265
-0.04648448	-1.1679289999999999e-259	2.474105e-264	2.662353e-264
-0.04644278	-3.4902439999999996e-259	7.400774999999999e-264	7.963877e-264
-0.04640109	-1.039582e-258	2.20647e-263	2.3743529999999998e-263
-0.04635939	-3.086884e-258	6.558073999999999e-263	7.057058e-263
-0.04631769	-9.139531999999999e-258	1.943549e-262	2.091428e-262
-0.04627599	-2.698623e-257	5.744184e-262	6.181241e-262
-0.0462343	-7.947653e-257	1.693319e-261	1.822159e-261
-0.0461926	-2.334912e-256	4.979476e-261	5.3583490000000005e-261
-0.0461509	-6.905992e-256	1.4742079999999999e-260	1.586376e-260
-0.0461092	-2.0475180000000002e-255	4.375047e-260	4.707931e-260
-0.0460675	-6.050751000000001e-255	1.2941519999999999e-259	1.39262e-259
-0.04602581	-1.7826429999999998e-254	3.816452e-259	4.1068339999999995e-259
-0.04598411	-5.2368979999999995e-254	1.122246e-258	1.207634e-258
-0.04594241	-1.534297e-253	3.291098e-258	3.541508e-258
-0.04590071	-4.4836660000000004e-253	9.626784e-258	1.035926e-257
-0.04585902	-1.307075e-252	2.809083e-257	3.022817e-257
-0.04581732	-3.836227e-252	8.252602e-257	8.880518e-257
-0.04577562	-1.128414e-251	2.429856e-256	2.614736e-256
-0.04573392	-3.308489e-251	7.131242e-256	7.673837e-256
-0.04569223	-9.671157e-251	2.086586e-255	2.2453490000000003e-255
-0.04565053	-2.818996e-250	6.087987e-255	6.551203000000001e-255
-0.04560883	-8.194966e-250	1.7715229999999998e-254	1.906313e-254
-0.04556713	-2.376281e-249	5.141823e-254	5.5330479999999994e-254
-0.04552544	-6.873861e-249	1.4888090000000002e-253	1.602088e-253
-0.04548374	-2.0019410000000002e-248	4.340254e-253	4.6704910000000006e-253
-0.04544204	-5.8422350000000006e-248	1.2678589999999998e-252	1.364327e-252
-0.04540034	-1.699495e-247	3.691802e-252	3.9727e-252
-0.04535865	-4.929042e-247	1.071782e-251	1.1533309999999999e-251
-0.04531695	-1.425558e-246	3.102796e-251	3.338878e-251
-0.04527525	-4.1120179999999996e-246	8.958734e-251	9.640377e-251
-0.04523355	-1.1831309999999999e-245	2.580162e-250	2.776478e-250
-0.04519186	-3.396028e-245	7.413229e-250	7.977279e-250
-0.04515016	-9.814478e-245	2.1445290000000001e-249	2.3077e-249
-0.04510846	-2.8415740000000003e-244	6.215196e-249	6.688091e-249
-0.04506676	-8.201246e-244	1.7955830000000002e-248	1.9322030000000003e-248
-0.04502507	-2.3600270000000003e-243	5.172146e-248	5.5656790000000004e-248
-0.04498337	-6.772452000000001e-243	1.485686e-247	1.5987280000000002e-247
-0.04494167	-1.938356e-242	4.2563850000000005e-247	4.580241e-247
-0.04489997	-5.533989e-242	1.216386e-246	1.3089369999999998e-246
-0.04485827	-1.5762040000000002e-241	3.4679299999999995e-246	3.7317939999999996e-246
-0.04481658	-4.520142e-241	9.955015e-246	1.071246e-245
-0.04477488	-1.2984e-240	2.862414e-245	3.0802059999999997e-245
-0.04473318	-3.718006e-240	8.204774e-245	8.829049999999999e-245
-0.04469148	-1.061553e-239	2.344929e-244	2.523347e-244
-0.04464979	-3.0225779999999997e-239	6.683373e-244	7.191891000000001e-244
-0.04460809	-8.583859e-239	1.899898e-243	2.044455e-243
-0.04456639	-2.4317249999999997e-238	5.387541e-243	5.797463e-243
-0.04452469	-6.872646999999999e-238	1.5241519999999999e-242	1.6401199999999999e-242
-0.044483	-1.9557179999999998e-237	4.341556e-242	4.671892e-242
-0.0444413	-5.573498e-237	1.238523e-241	1.332759e-241
-0.0443996	-1.583472e-236	3.522269e-241	3.790268e-241
-0.0443579	-4.48577e-236	9.988115e-241	1.074808e-240
-0.04431621	-1.267301e-235	2.8246179999999996e-240	3.039534e-240
-0.04427451	-3.571104e-235	7.967367e-240	8.57358e-240
-0.04423281	-1.003833e-234	2.241844e-239	2.412419e-239
-0.04419111	-2.815182e-234	6.293346e-239	6.7721879999999995e-239
-0.04414942	-7.949318e-234	1.778865e-238	1.914214e-238
-0.04410772	-2.247591e-233	5.034668e-238	5.417739999999999e-238
-0.04406602	-6.335508e-233	1.420606e-237	1.5286959999999998e-237
-0.04402432	-1.7807509999999998e-232	3.99699e-237	4.301108e-237
-0.04398263	-4.991752e-232	1.1215519999999998e-236	1.206888e-236
-0.04394093	-1.395704e-231	3.1390299999999997e-236	3.377869e-236
-0.04389923	-3.8929550000000004e-231	8.764279999999999e-236	9.431128e-236
-0.04385753	-1.083328e-230	2.4413559999999997e-235	2.627111e-235
-0.04381583	-3.0354489999999996e-230	6.847554e-235	7.368564e-235
-0.04377414	-8.514846999999999e-230	1.922794e-234	2.069094e-234
-0.04373244	-2.381348e-229	5.382956e-234	5.792529e-234
-0.04369074	-6.641101e-229	1.502722e-233	1.61706e-233
-0.04364904	-1.847129e-228	4.183845e-233	4.502181e-233
-0.04360735	-5.1245469999999997e-228	1.1619099999999999e-232	1.250316e-232
-0.04356565	-1.4183020000000001e-227	3.21902e-232	3.463945e-232
-0.04352395	-3.916377e-227	8.897683999999999e-232	9.574681999999999e-232
-0.04348225	-1.088895e-226	2.476413e-231	2.664836e-231
-0.04344056	-3.030448e-226	6.899071e-231	7.424000000000001e-231
-0.04339886	-8.408823999999999e-226	1.9163029999999999e-230	2.0621089999999997e-230
-0.04335716	-2.3267409999999998e-225	5.307878e-230	5.711739e-230
-0.04331546	-6.421149999999999e-225	1.466319e-229	1.5778869999999999e-229
-0.04327377	-1.7676199999999998e-224	4.0406069999999995e-229	4.3480439999999996e-229
-0.04323207	-4.854327e-224	1.11078e-228	1.195296e-228
-0.04319037	-1.330088e-223	3.046632e-228	3.278441e-228
-0.04314867	-3.6696e-223	8.414076e-228	9.054277e-228
-0.04310698	-1.013228e-222	2.325653e-227	2.502605e-227
-0.04306528	-2.78945e-222	6.409209e-227	6.896867e-227
-0.04302358	-7.658211e-222	1.7614099999999998e-226	1.89543e-226
-0.04298188	-2.0970059999999998e-221	4.82813e-226	5.1954879999999995e-226
-0.04294019	-5.727877999999999e-221	1.320135e-225	1.4205799999999998e-225
-0.04289849	-1.560849e-220	3.6010579999999997e-225	3.875051e-225
-0.04285679	-4.243729e-220	9.800779e-225	1.0546489999999999e-224
-0.04281509	-1.1617740000000001e-219	2.6858769999999996e-224	2.8902369999999997e-224
-0.04277339	-3.182574e-219	7.365395999999999e-224	7.925805999999999e-224
-0.0427317	-8.693064e-219	2.01392e-223	2.167153e-223
-0.04269	-2.36798e-218	5.491586e-223	5.909424e-223
-0.0426483	-6.433661e-218	1.493576e-222	1.607218e-222
-0.0426066	-1.7436939999999999e-217	4.0521730000000006e-222	4.3604910000000004e-222
-0.04256491	-4.7148149999999995e-217	1.096807e-221	1.18026e-221
-0.04252321	-1.2719979999999999e-216	2.962098e-221	3.187475e-221
-0.04248151	-3.4553729999999997e-216	8.054948999999999e-221	8.667825999999999e-221
-0.04243981	-9.391189e-216	2.191517e-220	2.3582630000000003e-220
-0.04239812	-2.545063e-215	5.945357e-220	6.397721e-220
-0.04235642	-6.878601999999999e-215	1.6085460000000002e-219	1.730935e-219
-0.04231472	-1.854336e-214	4.3408460000000006e-219	4.671127e-219
-0.04227302	-4.98676e-214	1.1685750000000001e-218	1.257488e-218
-0.04223133	-1.33795e-213	3.1385510000000003e-218	3.377354e-218
-0.04218963	-3.581765e-213	8.410792e-218	9.050744e-218
-0.04214793	-9.654699e-213	2.269535e-217	2.4422169999999997e-217
-0.04210623	-2.603357e-212	6.126209e-217	6.592334e-217
-0.04206454	-6.999961999999999e-212	1.648968e-216	1.7744329999999998e-216
-0.04202284	-1.8771290000000001e-211	4.426576e-216	4.763381e-216
-0.04198114	-5.0210020000000006e-211	1.185279e-215	1.275463e-215
-0.04193944	-1.339796e-210	3.166097e-215	3.406995e-215
-0.04189775	-3.566871e-210	8.437767e-215	9.079770999999999e-215
-0.04185605	-9.475007999999999e-210	2.243746e-214	2.414466e-214
-0.04181435	-2.5342710000000003e-209	6.007714e-214	6.4648220000000004e-214
-0.04177265	-6.779819000000001e-209	1.608931e-213	1.73135e-213
-0.04173095	-1.8086910000000001e-208	4.296806e-213	4.623737e-213
-0.04168926	-4.8123810000000005e-208	1.1444639999999999e-212	1.231542e-212
-0.04164756	-1.277217e-207	3.040649e-212	3.2720029999999995e-212
-0.04160586	-3.381669e-207	8.059195999999999e-212	8.672396e-212
-0.04156416	-8.933198e-207	2.131207e-211	2.2933640000000002e-211
-0.04152247	-2.3546930000000003e-206	5.623549e-211	6.051428000000001e-211
-0.04148077	-6.249401e-206	1.494102e-210	1.607783e-210
-0.04143907	-1.658723e-205	3.969927e-210	4.271987e-210
-0.04139737	-4.39041e-205	1.051911e-209	1.1319480000000001e-209
-0.04135568	-1.1590390000000001e-204	2.779945e-209	2.9914620000000003e-209
-0.04131398	-3.052186e-204	7.328455000000001e-209	7.886055000000001e-209
-0.04127228	-8.018550000000001e-204	1.9273460000000002e-208	2.073992e-208
-0.04123058	-2.101836e-203	5.057365e-208	5.442165000000001e-208
-0.04118889	-5.497447e-203	1.324182e-207	1.424935e-207
-0.04114719	-1.447754e-202	3.491005e-207	3.756625e-207
-0.04110549	-3.812425e-202	9.202958e-207	9.903184e-207
-0.04106379	-1.001193e-201	2.4194280000000004e-206	2.603515e-206
-0.0410221	-2.622455e-201	6.344115e-206	6.82682e-206
-0.0409804	-6.852195e-201	1.659432e-205	1.785693e-205
-0.0409387	-1.786212e-200	4.3304070000000005e-205	4.659895e-205
-0.040897	-4.645827e-200	1.12752e-204	1.2133090000000001e-204
-0.04085531	-1.205758e-199	2.92945e-204	3.1523430000000002e-204
-0.04081361	-3.1508099999999997e-199	7.663387e-204	8.246471000000001e-204
-0.04077191	-8.231907e-199	2.0043469999999999e-203	2.156852e-203
-0.04073021	-2.144877e-198	5.228143e-203	5.625936999999999e-203
-0.04068851	-5.574305e-198	1.360214e-202	1.463709e-202
-0.04064682	-1.445177e-197	3.530271e-202	3.798879e-202
-0.04060512	-3.73803e-197	9.141121e-202	9.836641e-202
-0.04056342	-9.647172e-197	2.361705e-201	2.5413989999999997e-201
-0.04052172	-2.4844610000000003e-196	6.0887209999999994e-201	6.551994e-201
-0.04048003	-6.442005000000001e-196	1.58049e-200	1.700744e-200
-0.04043833	-1.669827e-195	4.1012829999999996e-200	4.413337e-200
-0.04039663	-4.316775e-195	1.061412e-199	1.142171e-199
-0.04035493	-1.11313e-194	2.739968e-199	2.948444e-199
-0.04031324	-2.863421e-194	7.056005e-199	7.592875e-199
-0.04027154	-7.348953e-194	1.812894e-198	1.950832e-198
-0.04022984	-1.881957e-193	4.647607e-198	5.001229e-198
-0.04018814	-4.809243999999999e-193	1.188963e-197	1.2794280000000001e-197
-0.04014645	-1.2373469999999999e-192	3.062413e-197	3.295423e-197
-0.04010475	-3.182107e-192	7.884394e-197	8.484294e-197
-0.04006305	-8.161858e-192	2.0245220000000002e-196	2.1785620000000004e-196
-0.04002135	-2.0882090000000002e-191	5.185448000000001e-196	5.579993e-196
-0.03997966	-5.329939e-191	1.32499e-195	1.425804e-195
-0.03993796	-1.357316e-190	3.377913e-195	3.6349279999999996e-195
-0.03989626	-3.4489940000000004e-190	8.592831e-195	9.246632999999999e-195
-0.03985456	-8.745694000000001e-190	2.181293e-194	2.34726e-194
-0.03981287	-2.232718e-189	5.574909e-194	5.999087e-194
-0.03977117	-5.6967920000000005e-189	1.424031e-193	1.5323809999999998e-193
-0.03972947	-1.449744e-188	3.6279749999999995e-193	3.9040159999999994e-193
-0.03968777	-3.6802290000000004e-188	9.219989e-193	9.921509999999999e-193
-0.03964608	-9.320353e-188	2.337597e-192	2.515458e-192
-0.03960438	-2.3551029999999997e-187	5.913274e-192	6.363197e-192
-0.03956268	-5.938111999999999e-187	1.4926110000000002e-191	1.60618e-191
-0.03952098	-1.494118e-186	3.759785e-191	4.045855e-191
-0.03947928	-3.7848439999999995e-186	9.534862e-191	1.026034e-190
-0.03943759	-9.581166999999999e-186	2.416427e-190	2.6002860000000003e-190
-0.03939589	-2.419171e-185	6.108147e-190	6.572898000000001e-190
-0.03935419	-6.093249e-185	1.540205e-189	1.657394e-189
-0.03931249	-1.531143e-184	3.8746360000000005e-189	4.169445e-189
-0.0392708	-3.8389449999999996e-184	9.725497e-189	1.046548e-188
-0.0392291	-9.604562e-184	2.435912e-188	2.6212530000000003e-188
-0.0391874	-2.397998e-183	6.088585e-188	6.551846e-188
-0.0391457	-6.027461e-183	1.5321249999999998e-187	1.6487e-187
-0.03910401	-1.513837e-182	3.8524049999999996e-187	4.145523e-187
-0.03906231	-3.792405e-182	9.661823999999999e-187	1.039696e-186
-0.03902061	-9.477554e-182	2.417303e-186	2.601228e-186
-0.03897891	-2.3630480000000004e-181	6.033884e-186	6.492984e-186
-0.03893722	-5.878784e-181	1.5027979999999998e-185	1.617141e-185
-0.03889552	-1.45942e-180	3.734921e-185	4.0191e-185
-0.03885382	-3.615647e-180	9.263491999999999e-185	9.968322999999999e-185
-0.03881212	-9.017644e-180	2.3130139999999997e-184	2.489004e-184
-0.03877043	-2.2470500000000002e-179	5.770250999999999e-184	6.209292e-184
-0.03872873	-5.585168e-179	1.435865e-183	1.545116e-183
-0.03868703	-1.384896e-178	3.564421e-183	3.8356269999999996e-183
-0.03864533	-3.426124e-178	8.828127e-183	9.499832e-183
-0.03860364	-8.457399e-178	2.1817e-182	2.347699e-182
-0.03856194	-2.0833230000000003e-177	5.380305e-182	5.789676e-182
-0.03852024	-5.121496e-177	1.324155e-181	1.424906e-181
-0.03847854	-1.2674309999999999e-176	3.2807020000000003e-181	3.530321e-181
-0.03843684	-3.1334259999999997e-176	8.120125000000001e-181	8.737961000000001e-181
-0.03839515	-7.727359e-176	2.004814e-180	2.157354e-180
-0.03835345	-1.9011290000000003e-175	4.938022e-180	5.313741e-180
-0.03831175	-4.6666730000000004e-175	1.2135180000000001e-179	1.3058510000000001e-179
-0.03827005	-1.143036e-174	2.975746e-179	3.202161e-179
-0.03822836	-2.793874e-174	7.281802e-179	7.835852e-179
-0.03818666	-6.815245e-174	1.778317e-178	1.9136239999999998e-178
-0.03814496	-1.67351e-173	4.371805e-178	4.704442e-178
-0.03810326	-4.104869e-173	1.073586e-177	1.155272e-177
-0.03806157	-1.004384e-172	2.629909e-177	2.8300110000000004e-177
-0.03801987	-2.451771e-172	6.427229e-177	6.916257e-177
-0.03797817	-5.971528999999999e-172	1.567224e-176	1.6864699999999997e-176
-0.03793647	-1.4513e-171	3.813324e-176	4.1034679999999995e-176
-0.03789478	-3.519905e-171	9.259294e-176	9.963805999999999e-176
-0.03785308	-8.520008e-171	2.243814e-175	2.414539e-175
-0.03781138	-2.075893e-170	5.473447000000001e-175	5.889905e-175
-0.03776968	-5.0518749999999996e-170	1.333575e-174	1.435043e-174
-0.03772799	-1.2264270000000001e-169	3.241266e-174	3.487884e-174
-0.03768629	-2.97045e-169	7.859628e-174	8.457643e-174
-0.03764459	-7.178569000000001e-169	1.90162e-173	2.046308e-173
-0.03760289	-1.7311249999999999e-168	4.591127e-173	4.940452e-173
-0.0375612	-4.1660959999999997e-168	1.1061769999999999e-172	1.190343e-172
-0.0375195	-1.000628e-167	2.659943e-172	2.86233e-172
-0.0374778	-2.419106e-167	6.438252e-172	6.928119e-172
-0.0374361	-5.840895e-167	1.556345e-171	1.6747619999999999e-171
-0.0373944	-1.406883e-166	3.753156e-171	4.038722e-171
-0.03735271	-3.38095e-166	9.030014e-171	9.71708e-171
-0.03731101	-8.107080999999999e-166	2.167826e-170	2.33277e-170
-0.03726931	-1.939876e-165	5.193301e-170	5.588444e-170
-0.03722761	-4.632356e-165	1.241596e-169	1.336065e-169
-0.03718592	-1.104027e-164	2.962554e-169	3.187966e-169
-0.03714422	-2.648367e-164	7.115128e-169	7.656496e-169
-0.03710252	-6.344246e-164	1.706485e-168	1.836326e-168
-0.03706082	-1.5161710000000002e-163	4.0830729999999996e-168	4.393741e-168
-0.03701913	-3.615177e-163	9.747289999999999e-168	1.048893e-167
-0.03697743	-8.601331e-163	2.321852e-167	2.498515e-167
-0.03693573	-2.042181e-162	5.519212e-167	5.939152e-167
-0.03689403	-4.838927e-162	1.309318e-166	1.40894e-166
-0.03685234	-1.144355e-161	3.1000569999999995e-166	3.3359309999999995e-166
-0.03681064	-2.723797e-161	7.387643e-166	7.949745999999999e-166
-0.03676894	-6.473731e-161	1.757956e-165	1.891713e-165
-0.03672724	-1.535016e-160	4.173372e-165	4.490911e-165
-0.03668555	-3.631574e-160	9.885282e-165	1.0637419999999999e-164
-0.03664385	-8.57317e-160	2.33644e-164	2.514213e-164
-0.03660215	-2.0197100000000002e-159	5.510876e-164	5.930182e-164
-0.03656045	-4.748658e-159	1.29724e-163	1.3959430000000002e-163
-0.03651876	-1.114337e-158	3.0477780000000004e-163	3.279674e-163
-0.03647706	-2.631752e-158	7.206732000000001e-163	7.75507e-163
-0.03643536	-6.205879e-158	1.701466e-162	1.830926e-162
-0.03639366	-1.459997e-157	4.00772e-162	4.3126550000000003e-162
-0.03635196	-3.427164e-157	9.419001e-162	1.013566e-161
-0.03631027	-8.027717000000001e-157	2.208948e-161	2.37702e-161
-0.03626857	-1.876544e-156	5.169817e-161	5.5631719999999996e-161
-0.03622687	-4.3779170000000004e-156	1.2075530000000001e-160	1.299432e-160
-0.03618517	-1.019406e-155	2.8151900000000003e-160	3.02939e-160
-0.03614348	-2.38885e-155	6.605122e-160	7.107686000000001e-160
-0.03610178	-5.588899e-155	1.5472100000000002e-159	1.664933e-159
-0.03606008	-1.3045649999999999e-154	3.6159190000000003e-159	3.891043e-159
-0.03601838	-3.038434e-154	8.432026000000001e-159	9.073593000000001e-159
-0.03597669	-7.061836e-154	1.96213e-158	2.111423e-158
-0.03593499	-1.637961e-153	4.556604e-158	4.903302e-158
-0.03589329	-3.7917460000000005e-153	1.056097e-157	1.136452e-157
-0.03585159	-8.760985e-153	2.4431150000000002e-157	2.629005e-157
-0.0358099	-2.0370750000000003e-152	5.6876680000000003e-157	6.120426000000001e-157
-0.0357682	-4.728504e-152	1.3218640000000002e-156	1.422441e-156
-0.0357265	-1.095101e-151	3.0651510000000004e-156	3.298369e-156
-0.0356848	-2.530695e-151	7.092041e-156	7.631653000000001e-156
-0.03564311	-5.836041e-151	1.6375049999999999e-155	1.762098e-155
-0.03560141	-1.343147e-150	3.773288e-155	4.060386e-155
-0.03555971	-3.085219e-150	8.677889e-155	9.338163e-155
-0.03551801	-7.073487e-150	1.992016e-154	2.143582e-154
-0.03547632	-1.631921e-149	4.6015e-154	4.951614e-154
-0.03543462	-3.758338e-149	1.0610520000000001e-153	1.141784e-153
-0.03539292	-8.636098e-149	2.441169e-153	2.62691e-153
-0.03535122	-1.980181e-148	5.604329e-153	6.030745e-153
-0.03530952	-4.531003e-148	1.283957e-152	1.3816500000000002e-152
-0.03526783	-1.03471e-147	2.9357020000000003e-152	3.1590710000000004e-152
-0.03522613	-2.358349e-147	6.6994280000000005e-152	7.209167e-152
-0.03518443	-5.365243e-147	1.5260010000000001e-151	1.64211e-151
-0.03514273	-1.22819e-146	3.497656e-151	3.763782e-151
-0.03510104	-2.806356e-146	8.00202e-151	8.61087e-151
-0.03505934	-6.3981759999999995e-146	1.826658e-150	1.965643e-150
-0.03501764	-1.455611e-145	4.160924e-150	4.4775160000000003e-150
-0.03497594	-3.304805e-145	9.458728e-150	1.017841e-149
-0.03493425	-7.488409e-145	2.145943e-149	2.309222e-149
-0.03489255	-1.69358e-144	4.859322e-149	5.229053e-149
-0.03485085	-3.823143e-144	1.098326e-148	1.181895e-148
-0.03480915	-8.683735e-144	2.497861e-148	2.687916e-148
-0.03476746	-1.968632e-143	5.669916e-148	6.101323e-148
-0.03472576	-4.453179e-143	1.284196e-147	1.381906e-147
-0.03468406	-1.005221e-142	2.90249e-147	3.123332e-147
-0.03464236	-2.264503e-142	6.54681e-147	7.044937e-147
-0.03460067	-5.091386e-142	1.473803e-146	1.585941e-146
-0.03455897	-1.1425600000000001e-141	3.3115299999999998e-146	3.5634939999999998e-146
-0.03451727	-2.559336e-141	7.427161999999999e-146	7.992272e-146
-0.03447557	-5.76796e-141	1.676e-145	1.8035209999999998e-145
-0.03443388	-1.297363e-140	3.774579e-145	4.061775e-145
-0.03439218	-2.911786e-140	8.482435e-145	9.127838e-145
-0.03435048	-6.521583e-140	1.902249e-144	2.046985e-144
-0.03430878	-1.457726e-139	4.257382e-144	4.581313e-144
-0.03426709	-3.2520580000000002e-139	9.50992e-144	1.02335e-143
-0.03422539	-7.241488e-139	2.1203019999999997e-143	2.2816289999999997e-143
-0.03418369	-1.609569e-138	4.718788e-143	5.077825999999999e-143
-0.03414199	-3.599256e-138	1.0565609999999999e-142	1.1369519999999999e-142
-0.03410029	-8.032189e-138	2.360893e-142	2.540526e-142
-0.0340586	-1.788646e-137	5.264124e-142	5.6646549999999994e-142
-0.0340169	-3.974848e-137	1.1713330000000001e-141	1.260457e-141
-0.0339752	-8.815656999999999e-137	2.6011910000000002e-141	2.799108e-141
-0.0339335	-1.9514459999999998e-136	5.765420000000001e-141	6.204094e-141
-0.03389181	-4.311741e-136	1.275509e-140	1.372559e-140
-0.03385011	-9.509724e-136	2.816793e-140	3.031114e-140
-0.03380841	-2.1099789999999998e-135	6.257945000000001e-140	6.734093e-140
-0.03376671	-4.671772e-135	1.387397e-139	1.49296e-139
-0.03372502	-1.032203e-134	3.069367e-139	3.302906e-139
-0.03368332	-2.2759569999999997e-134	6.776588e-139	7.292198e-139
-0.03364162	-5.008522e-134	1.493205e-138	1.606819e-138
-0.03359992	-1.100096e-133	3.2839979999999996e-138	3.533868e-138
-0.03355823	-2.411868e-133	7.209207e-138	7.757734e-138
-0.03351653	-5.278397e-133	1.579782e-137	1.699983e-137
-0.03347483	-1.162034e-132	3.482458e-137	3.747428e-137
-0.03343313	-2.552731e-132	7.660249999999999e-137	8.243095e-137
-0.03339144	-5.596054e-132	1.681472e-136	1.80941e-136
-0.03334974	-1.224288e-131	3.6834949999999995e-136	3.9637609999999995e-136
-0.03330804	-2.673257e-131	8.053514e-136	8.666281e-136
-0.03326634	-5.826144e-131	1.757493e-135	1.891215e-135
-0.03322465	-1.26745e-130	3.828337e-135	4.119623e-135
-0.03318295	-2.752516e-130	8.324842e-135	8.958254e-135
-0.03314125	-6.0122169999999996e-130	1.820783e-134	1.9593209999999998e-134
-0.03309955	-1.310401e-129	3.9737789999999997e-134	4.2761319999999997e-134
-0.03305785	-2.8501950000000002e-129	8.654648999999999e-134	9.313155e-134
-0.03301616	-6.186988e-129	1.881172e-133	2.0243039999999997e-133
-0.03297446	-1.340442e-128	4.08104e-133	4.391554e-133
-0.03293276	-2.8987320000000003e-128	8.836981e-133	9.509359999999999e-133
-0.03289106	-6.257259e-128	1.910084e-132	2.0554159999999998e-132
-0.03284937	-1.348494e-127	4.1218259999999996e-132	4.435444e-132
-0.03280767	-2.922308e-127	8.944364999999999e-132	9.624915e-132
-0.03276597	-6.319446e-127	1.936797e-131	2.084162e-131
-0.03272427	-1.363777e-126	4.1853269999999996e-131	4.503775e-131
-0.03268258	-2.937321e-126	9.026454e-131	9.713249e-131
-0.03264088	-6.314399e-126	1.943018e-130	2.090856e-130
-0.03259918	-1.354913e-125	4.174793e-130	4.49244e-130
-0.03255748	-2.902111e-125	8.953968e-130	9.635247999999999e-130
-0.03251579	-6.206449000000001e-125	1.9174440000000002e-129	2.0633370000000002e-129
-0.03247409	-1.334421e-124	4.128202e-129	4.442304e-129
-0.03243239	-2.863057e-124	8.869217000000001e-129	9.544048000000001e-129
-0.03239069	-6.130398e-124	1.9016490000000002e-128	2.046339e-128
-0.032349	-1.310087e-123	4.0693700000000004e-128	4.3789960000000003e-128
-0.0323073	-2.794425e-123	8.691693000000001e-128	9.353018000000001e-128
-0.0322656	-5.94965e-123	1.853052e-127	1.994045e-127
-0.0322239	-1.2645039999999999e-122	3.943668e-127	4.243729e-127
-0.03218221	-2.6835669999999997e-122	8.380621e-127	9.018277e-127
-0.03214051	-5.724473e-122	1.790166e-126	1.926375e-126
-0.03209881	-1.218588e-121	3.815996e-126	4.106344e-126
-0.03205711	-2.58887e-121	8.118079e-126	8.735759e-126
-0.03201541	-5.489407000000001e-121	1.7236920000000002e-125	1.8548420000000003e-125
-0.03197372	-1.1617960000000001e-120	3.65304e-125	3.9309890000000003e-125
-0.03193202	-2.4544160000000003e-120	7.727925000000001e-125	8.315919e-125
-0.03189032	-5.176109000000001e-120	1.6319539999999998e-124	1.7561239999999998e-124
-0.03184862	-1.090076e-119	3.441526e-124	3.7033809999999996e-124
-0.03180693	-2.307034e-119	7.293703e-124	7.848657999999999e-124
-0.03176523	-4.8725960000000003e-119	1.5426e-123	1.659972e-123
-0.03172353	-1.02709e-118	3.256112e-123	3.50386e-123
-0.03168183	-2.160864e-118	6.859862e-123	7.381808e-123
-0.03164014	-4.537783e-118	1.442541e-122	1.552299e-122
-0.03159844	-9.512214e-118	3.028042e-122	3.258437e-122
-0.03155674	-1.9905050000000002e-117	6.345108999999999e-122	6.827889e-122
-0.03151504	-4.159841e-117	1.3278480000000001e-121	1.4288800000000001e-121
-0.03147335	-8.734706e-117	2.792067e-121	3.004507e-121
-0.03143165	-1.830375e-116	5.858986e-121	6.304778e-121
-0.03138995	-3.8281e-116	1.2270710000000001e-120	1.3204350000000001e-120
-0.03134825	-7.991094e-116	2.5650480000000002e-120	2.7602150000000002e-120
-0.03130656	-1.665078e-115	5.3521270000000005e-120	5.7593540000000004e-120
-0.03126486	-3.463315e-115	1.114771e-119	1.199591e-119
-0.03122316	-7.191176e-115	2.3179030000000001e-119	2.494265e-119
-0.03118146	-1.491324e-114	4.8135920000000003e-119	5.179844e-119
-0.03113977	-3.106839e-114	1.004218e-118	1.080626e-118
-0.03109807	-6.4594610000000004e-114	2.090819e-118	2.249903e-118
-0.03105637	-1.340401e-113	4.3447510000000005e-118	4.67533e-118
-0.03101467	-2.7762720000000004e-113	9.011587000000001e-118	9.697251000000001e-118
-0.03097297	-5.739877e-113	1.865737e-117	2.007695e-117
-0.03093128	-1.184621e-112	3.855986e-117	4.149376e-117
-0.03088958	-2.440695e-112	7.955678e-117	8.561002e-117
-0.03084788	-5.022765e-112	1.639513e-116	1.764258e-116
-0.03080618	-1.038162e-111	3.393558e-116	3.651764e-116
-0.03076449	-2.141554e-111	7.010291999999999e-116	7.543684e-116
-0.03072279	-4.409235e-111	1.445395e-115	1.555371e-115
-0.03068109	-9.061388e-111	2.974634e-115	3.200965e-115
-0.03063939	-1.858864e-110	6.110845e-115	6.575801e-115
-0.0305977	-3.806658e-110	1.253176e-114	1.348526e-114
-0.030556	-7.782229999999999e-110	2.565584e-114	2.760791e-114
-0.0305143	-1.589239e-109	5.246699e-114	5.645905e-114
-0.0304726	-3.259027e-109	1.07748e-113	1.159462e-113
-0.03043091	-6.670191e-109	2.2084260000000002e-113	2.376459e-113
-0.03038921	-1.3626e-108	4.517891e-113	4.8616440000000004e-113
-0.03034751	-2.778462e-108	9.225579e-113	9.927525000000001e-113
-0.03030581	-5.655482e-108	1.8805290000000001e-112	2.0236130000000002e-112
-0.03026412	-1.1491729999999999e-107	3.8266320000000003e-112	4.117789e-112
-0.03022242	-2.331158e-107	7.7736210000000005e-112	8.365092e-112
-0.03018072	-4.7240179999999997e-107	1.577555e-111	1.697586e-111
-0.03013902	-9.611406e-107	3.214332e-111	3.458901e-111
-0.03009733	-1.9517500000000002e-106	6.5366899999999995e-111	7.034047e-111
-0.03005563	-3.95595e-106	1.326824e-110	1.427779e-110
-0.03001393	-8.003711e-106	2.68833e-110	2.8928759999999997e-110
-0.02997223	-1.616475e-105	5.437357e-110	5.851069e-110
-0.02993053	-3.259149e-105	1.097869e-109	1.181403e-109
-0.02988884	-6.5601900000000004e-105	2.213042e-109	2.381426e-109
-0.02984714	-1.319197e-104	4.456673e-109	4.795767e-109
-0.02980544	-2.662945e-104	9.009506e-109	9.695011999999999e-109
-0.02976374	-5.3652129999999996e-104	1.817867e-108	1.9561829999999998e-108
-0.02972205	-1.078971e-103	3.6611779999999996e-108	3.9397459999999996e-108
-0.02968035	-2.165985e-103	7.3604e-108	7.92043e-108
-0.02963865	-4.340557e-103	1.477154e-107	1.589547e-107
-0.02959695	-8.683608e-103	2.959475e-107	3.184653e-107
-0.02955526	-1.7343559999999999e-102	5.91952e-107	6.369918e-107
-0.02951356	-3.4608539999999998e-102	1.18295e-106	1.272957e-106
-0.02947186	-6.9312889999999995e-102	2.3726910000000004e-106	2.5532220000000003e-106
-0.02943016	-1.385563e-101	4.750036e-106	5.111452e-106
-0.02938847	-2.764689e-101	9.492032e-106	1.021425e-105
-0.02934677	-5.5067670000000003e-101	1.89344e-105	2.037506e-105
-0.02930507	-1.094962e-100	3.770469e-105	4.0573520000000005e-105
-0.02926337	-2.1735689999999997e-100	7.49567e-105	8.065992e-105
-0.02922168	-4.3076189999999997e-100	1.487698e-104	1.600893e-104
-0.02917998	-8.529684999999999e-100	2.950206e-104	3.174679e-104
-0.02913828	-1.694892e-99	5.871007e-104	6.317714e-104
-0.02909658	-3.361574e-99	1.1661740000000001e-103	1.254905e-103
-0.02905489	-6.655175e-99	2.312222e-103	2.488152e-103
-0.02901319	-1.315271e-98	4.576506e-103	4.924718e-103
-0.02897149	-2.594957e-98	9.042685e-103	9.730715000000001e-103
-0.02892979	-5.111211e-98	1.78377e-102	1.919492e-102
-0.0288881	-1.00511e-97	3.512983e-102	3.780276e-102
-0.0288464	-1.974961e-97	6.913057e-102	7.439051e-102
-0.0288047	-3.893557e-97	1.364949e-101	1.468803e-101
-0.028763	-7.661886e-97	2.6900640000000002e-101	2.894743e-101
-0.0287213	-1.505046e-96	5.292164e-101	5.694829e-101
-0.02867961	-2.951282e-96	1.0393219999999999e-100	1.118401e-100
-0.02863791	-5.77748e-96	2.0376669999999998e-100	2.1927069999999998e-100
-0.02859621	-1.12915e-95	3.9884239999999996e-100	4.2918909999999995e-100
-0.02855451	-2.203265e-95	7.794195999999999e-100	8.387231999999999e-100
-0.02851282	-4.295958e-95	1.522022e-99	1.6378280000000002e-99
-0.02847112	-8.402867e-95	2.9816300000000002e-99	3.2084930000000002e-99
-0.02842942	-1.640611e-94	5.830371e-99	6.273986e-99
-0.02838772	-3.197548e-94	1.138077e-98	1.22467e-98
-0.02834603	-6.221333e-94	2.217691e-98	2.386429e-98
-0.02830433	-1.2084370000000001e-93	4.314239e-98	4.642497e-98
-0.02826263	-2.343453e-93	8.379131e-98	9.016673e-98
-0.02822093	-4.5372940000000005e-93	1.624807e-97	1.748434e-97
-0.02817924	-8.778842e-93	3.148515e-97	3.388076e-97
-0.02813754	-1.703667e-92	6.119641e-97	6.585266e-97
-0.02809584	-3.300289e-92	1.187313e-96	1.277652e-96
-0.02805414	-6.382068e-92	2.299565e-96	2.474532e-96
-0.02801245	-1.232064e-91	4.446192e-96	4.784489e-96
-0.02797075	-2.374578e-91	8.582455e-96	9.235468e-96
-0.02792905	-4.569179e-91	1.653991e-95	1.779838e-95
-0.02788735	-8.778175999999999e-91	3.1825030000000004e-95	3.42465e-95
-0.02784566	-1.685351e-90	6.119645e-95	6.58527e-95
-0.02780396	-3.2450259999999997e-90	1.180142e-94	1.269936e-94
-0.02776226	-6.236992e-90	2.271803e-94	2.444658e-94
-0.02772056	-1.196692e-89	4.365731e-94	4.697906e-94
-0.02767886	-2.29224e-89	8.375539e-94	9.012807999999999e-94
-0.02763717	-4.383551e-89	1.604193e-93	1.726251e-93
-0.02759547	-8.369452e-89	3.067644e-93	3.301052e-93
-0.02755377	-1.5954689999999998e-88	5.85698e-93	6.3026200000000005e-93
-0.02751207	-3.039618e-88	1.1175930000000001e-92	1.202627e-92
-0.02747038	-5.806681e-88	2.138358e-92	2.301059e-92
-0.02742868	-1.107324e-87	4.08427e-92	4.39503e-92
-0.02738698	-2.108048e-87	7.787653e-92	8.380192e-92
-0.02734528	-4.0064889999999997e-87	1.482436e-91	1.5952299999999998e-91
-0.02730359	-7.602258999999999e-87	2.8173479999999996e-91	3.0317109999999997e-91
-0.02726189	-1.4402329999999999e-86	5.345839999999999e-91	5.752588999999999e-91
-0.02722019	-2.724266e-86	1.012786e-90	1.089846e-90
-0.02717849	-5.1501919999999995e-86	1.917692e-90	2.0636039999999998e-90
-0.0271368	-9.761439e-86	3.640535e-90	3.9175319999999996e-90
-0.0270951	-1.846933e-85	6.899179999999999e-90	7.424117999999999e-90
-0.0270534	-3.4886319999999996e-85	1.305257e-89	1.40457e-89
-0.0270117	-6.578767e-85	2.465355e-89	2.652936e-89
-0.02697001	-1.238614e-84	4.649054e-89	5.002787e-89
-0.02692831	-2.328335e-84	8.753211e-89	9.419217e-89
-0.02688661	-4.370057000000001e-84	1.645517e-88	1.770719e-88
-0.02684491	-8.197914000000001e-84	3.091818e-88	3.327065e-88
-0.02680322	-1.541614e-83	5.823581999999999e-88	6.26668e-88
-0.02676152	-2.894033e-83	1.0950179999999999e-87	1.178335e-87
-0.02671982	-5.423833e-83	2.055544e-87	2.211944e-87
-0.02667812	-1.01485e-82	3.8523369999999997e-87	4.145449e-87
-0.02663642	-1.895859e-82	7.2082609999999995e-87	7.756716e-87
-0.02659473	-3.536182e-82	1.346668e-86	1.449132e-86
-0.02655303	-6.585690000000001e-82	2.5120529999999998e-86	2.703187e-86
-0.02651133	-1.22591e-81	4.683708e-86	5.0400769999999996e-86
-0.02646963	-2.287248e-81	8.752997e-86	9.418985999999999e-86
-0.02642794	-4.260221e-81	1.633004e-85	1.7572539999999997e-85
-0.02638624	-7.921981e-81	3.041584e-85	3.2730089999999995e-85
-0.02634454	-1.470738e-80	5.656033e-85	6.086383e-85
-0.02630284	-2.726168e-80	1.050121e-84	1.1300220000000001e-84
-0.02626115	-5.045453e-80	1.946691e-84	2.0948090000000003e-84
-0.02621945	-9.323772e-80	3.6032840000000003e-84	3.8774470000000003e-84
-0.02617775	-1.722221e-79	6.666656e-84	7.173901e-84
-0.02613605	-3.18806e-79	1.236136e-83	1.33019e-83
-0.02609436	-5.891646e-79	2.288214e-83	2.4623170000000002e-83
-0.02605266	-1.0870199999999999e-78	4.228797e-83	4.550554e-83
-0.02601096	-2.002374e-78	7.80268e-83	8.396363e-83
-0.02596926	-3.682776e-78	1.43745e-82	1.546821e-82
-0.02592757	-6.763037999999999e-78	2.6441010000000003e-82	2.845283e-82
-0.02588587	-1.240104e-77	4.856382e-82	5.22589e-82
-0.02584417	-2.272972e-77	8.915999000000001e-82	9.594391e-82
-0.02580247	-4.174601e-77	1.6402890000000002e-81	1.765094e-81
-0.02576078	-7.654499999999999e-77	3.0126660000000002e-81	3.241891e-81
-0.02571908	-1.4012540000000002e-76	5.524326e-81	5.944655e-81
-0.02567738	-2.5611260000000002e-76	1.011396e-80	1.08835e-80
-0.02563568	-4.67384e-76	1.848809e-80	1.989479e-80
-0.02559398	-8.516466e-76	3.3744669999999996e-80	3.631219e-80
-0.02555229	-1.5495300000000001e-75	6.149975e-80	6.617908e-80
-0.02551059	-2.818213e-75	1.120411e-79	1.205659e-79
-0.02546889	-5.135451000000001e-75	2.0451269999999998e-79	2.200735e-79
-0.02542719	-9.342699e-75	3.7269349999999997e-79	4.010506e-79
-0.0253855	-1.696961e-74	6.780919e-79	7.296858999999999e-79
-0.0253438	-3.077459e-74	1.231817e-78	1.325542e-78
-0.0253021	-5.572475e-74	2.234286e-78	2.404286e-78
-0.0252604	-1.0075170000000001e-73	4.0465009999999997e-78	4.354387e-78
-0.02521871	-1.818937e-73	7.3178139999999995e-78	7.874605e-78
-0.02517701	-3.282676e-73	1.322913e-77	1.4235689999999999e-77
-0.02513531	-5.934948e-73	2.3958939999999998e-77	2.57819e-77
-0.02509361	-1.07128e-72	4.33212e-77	4.6617379999999995e-77
-0.02505192	-1.930643e-72	7.820709e-77	8.415763e-77
-0.02501022	-3.473993e-72	1.409676e-76	1.516934e-76
-0.02496852	-6.241625e-72	2.53708e-76	2.7301190000000002e-76
-0.02492682	-1.119749e-71	4.559353e-76	4.90626e-76
-0.02488513	-2.005904e-71	8.181604e-76	8.804118e-76
-0.02484343	-3.592163e-71	1.467687e-75	1.579358e-75
-0.02480173	-6.4436150000000005e-71	2.637325e-75	2.837991e-75
-0.02476003	-1.154006e-70	4.731497e-75	5.091503000000001e-75
-0.02471834	-2.063512e-70	8.475269e-75	9.120127e-75
-0.02467664	-3.684177e-70	1.515803e-74	1.631136e-74
-0.02463494	-6.567832e-70	2.706948e-74	2.912911e-74
-0.02459324	-1.169133e-69	4.826999e-74	5.19427e-74
-0.02455154	-2.0781510000000002e-69	8.595005e-74	9.248973e-74
-0.02450985	-3.692816e-69	1.529978e-73	1.646389e-73
-0.02446815	-6.572282e-69	2.727786e-73	2.9353350000000004e-73
-0.02442645	-1.167851e-68	4.855653e-73	5.225104e-73
-0.02438475	-2.071984e-68	8.630028e-73	9.28666e-73
-0.02434306	-3.6705110000000003e-68	1.531503e-72	1.648031e-72
-0.02430136	-6.492632e-68	2.713798e-72	2.920283e-72
-0.02425966	-1.146783e-67	4.80179e-72	5.167144e-72
-0.02421796	-2.0226390000000002e-67	8.484100999999999e-72	9.129631e-72
-0.02417627	-3.566418e-67	1.498609e-71	1.612634e-71
-0.02413457	-6.297617e-67	2.650994e-71	2.8527e-71
-0.02409287	-1.1103000000000001e-66	4.68219e-71	5.038444e-71
-0.02405117	-1.9545170000000002e-66	8.257028e-71	8.88528e-71
-0.02400948	-3.435472e-66	1.453939e-70	1.564565e-70
-0.02396778	-6.029668e-66	2.5563989999999998e-70	2.7509069999999997e-70
-0.02392608	-1.05675e-65	4.488308e-70	4.8298099999999995e-70
-0.02388438	-1.849409e-65	7.868992999999999e-70	8.467721e-70
-0.02384269	-3.2357829999999997e-65	1.3792540000000001e-69	1.4841980000000002e-69
-0.02380099	-5.669034999999999e-65	2.4208100000000004e-69	2.605002e-69
-0.02375929	-9.91669e-65	4.2423310000000003e-69	4.565117e-69
-0.02371759	-1.732072e-64	7.423176000000001e-69	7.987983000000001e-69
-0.0236759	-3.0207829999999997e-64	1.2969680000000001e-68	1.39565e-68
-0.0236342	-5.2606479999999995e-64	2.26274e-68	2.434905e-68
-0.0235925	-9.148211999999999e-64	3.942006e-68	4.241942e-68
-0.0235508	-1.5886229999999998e-63	6.857846e-68	7.379638000000001e-68
-0.02350911	-2.7580259999999996e-63	1.192765e-67	1.283519e-67
-0.02346741	-4.7941799999999995e-63	2.07715e-67	2.235194e-67
-0.02342571	-8.320807e-63	3.611733e-67	3.886539e-67
-0.02338401	-1.441999e-62	6.270638e-67	6.747752e-67
-0.02334231	-2.4953150000000003e-62	1.087097e-66	1.169811e-66
-0.02330062	-4.3117910000000006e-62	1.8819030000000002e-66	2.0250910000000002e-66
-0.02325892	-7.439998000000001e-62	3.253184e-66	3.5007090000000003e-66
-0.02321722	-1.281978e-61	5.615818e-66	6.043109000000001e-66
-0.02317552	-2.2084550000000002e-61	9.692175e-66	1.0429619999999999e-65
-0.02313383	-3.808825e-61	1.674679e-65	1.8021e-65
-0.02309213	-6.558975000000001e-61	2.889242e-65	3.109076e-65
-0.02305043	-1.12781e-60	4.977272e-65	5.355978e-65
-0.02300873	-1.9364360000000002e-60	8.561811e-65	9.213254e-65
-0.02296704	-3.320076e-60	1.4706789999999999e-64	1.5825779999999997e-64
-0.02292534	-5.684354000000001e-60	2.5226579999999998e-64	2.714599e-64
-0.02288364	-9.718785000000001e-60	4.321124e-64	4.649905e-64
-0.02284194	-1.661305e-59	7.400233999999999e-64	7.963294999999999e-64
-0.02280025	-2.84275e-59	1.268684e-63	1.365215e-63
-0.02275855	-4.857106e-59	2.171757e-63	2.3369989999999998e-63
-0.02271685	-8.286635e-59	3.7121909999999996e-63	3.99464e-63
-0.02267515	-1.4117309999999999e-58	6.336107e-63	6.818202e-63
-0.02263346	-2.401648e-58	1.079937e-62	1.162106e-62
-0.02259176	-4.080001e-58	1.8380950000000001e-62	1.9779500000000003e-62
-0.02255006	-6.921719e-58	3.124212e-62	3.3619240000000003e-62
-0.02250836	-1.174031e-57	5.309198e-62	5.713159e-62
-0.02246667	-1.9932239999999998e-57	9.030997e-62	9.718138e-62
-0.02242497	-3.3790089999999996e-57	1.533906e-61	1.650617e-61
-0.02238327	-5.719928999999999e-57	2.601537e-61	2.799481e-61
-0.02234157	-9.668767e-57	4.405959e-61	4.7411960000000004e-61
-0.02229987	-1.632078e-56	7.451442e-61	8.018399000000001e-61
-0.02225818	-2.751119e-56	1.258459e-60	1.354211e-60
-0.02221648	-4.6311159999999995e-56	2.1224910000000002e-60	2.2839850000000002e-60
-0.02217478	-7.794328e-56	3.579097e-60	3.851419e-60
-0.02213308	-1.312934e-55	6.040590000000001e-60	6.500201e-60
-0.02209139	-2.2083620000000003e-55	1.0180020000000001e-59	1.095459e-59
-0.02204969	-3.7091320000000004e-55	1.713138e-59	1.843486e-59
-0.02200799	-6.220989e-55	2.878866e-59	3.09791e-59
-0.02196629	-1.041937e-54	4.831092e-59	5.198675e-59
-0.0219246	-1.74272e-54	8.096056e-59	8.71206e-59
-0.0218829	-2.9108920000000003e-54	1.354923e-58	1.458015e-58
-0.0218412	-4.861221e-54	2.267152e-58	2.439652e-58
-0.0217995	-8.124511e-54	3.796526e-58	4.085392e-58
-0.02175781	-1.355874e-53	6.348371e-58	6.831399e-58
-0.02171611	-2.259551e-53	1.060032e-57	1.1406869999999999e-57
-0.02167441	-3.760243e-53	1.76753e-57	1.902016e-57
-0.02163271	-6.248994e-53	2.9431689999999996e-57	3.167105e-57
-0.02159102	-1.0370830000000001e-52	4.8940999999999996e-57	5.266476999999999e-57
-0.02154932	-1.7188340000000003e-52	8.127336999999999e-57	8.745721e-57
-0.02150762	-2.8482530000000003e-52	1.3494349999999999e-56	1.45211e-56
-0.02146592	-4.723007e-52	2.242118e-56	2.412714e-56
-0.02142423	-7.820513000000001e-52	3.719987e-56	4.0030289999999996e-56
-0.02138253	-1.2931199999999999e-51	6.163275e-56	6.63222e-56
-0.02134083	-2.135204e-51	1.0197140000000001e-55	1.097301e-55
-0.02129913	-3.520834e-51	1.6848120000000002e-55	1.813004e-55
-0.02125743	-5.797833999999999e-51	2.779961e-55	2.9914800000000003e-55
-0.02121574	-9.534724e-51	4.5808770000000004e-55	4.929422e-55
-0.02117404	-1.5677509999999998e-50	7.547266e-55	8.121515e-55
-0.02113234	-2.5793209999999996e-50	1.2442200000000001e-54	1.338889e-54
-0.02109064	-4.2375699999999997e-50	2.0482730000000002e-54	2.20412e-54
-0.02104895	-6.952186999999999e-50	3.3672210000000004e-54	3.6234230000000004e-54
-0.02100725	-1.139012e-49	5.527873000000001e-54	5.948472e-54
-0.02096555	-1.863573e-49	9.062662e-54	9.752212000000001e-54
-0.02092385	-3.044972e-49	1.483792e-53	1.596689e-53
-0.02088216	-4.96875e-49	2.426148e-53	2.610747e-53
-0.02084046	-8.106614e-49	3.966386e-53	4.268177e-53
-0.02079876	-1.3232939999999998e-48	6.487901e-53	6.981546e-53
-0.02075706	-2.157063e-48	1.059749e-52	1.1403820000000002e-52
-0.02071537	-3.511302e-48	1.728626e-52	1.860152e-52
-0.02067367	-5.707968e-48	2.815836e-52	3.030084e-52
-0.02063197	-9.266401e-48	4.580681e-52	4.929211e-52
-0.02059027	-1.502328e-47	7.441786000000001e-52	8.008009e-52
-0.02054858	-2.432481e-47	1.2074139999999999e-51	1.299282e-51
-0.02050688	-3.937896e-47	1.958709e-51	2.1077409999999998e-51
-0.02046518	-6.377785e-47	3.1789339999999996e-51	3.420809e-51
-0.02042348	-1.031505e-46	5.1521559999999996e-51	5.544168e-51
-0.02038179	-1.66601e-46	8.338763e-51	8.973233999999999e-51
-0.02034009	-2.687183e-46	1.3478079999999998e-50	1.4503579999999999e-50
-0.02029839	-4.328507e-46	2.175584e-50	2.341118e-50
-0.02025669	-6.963185e-46	3.5071399999999995e-50	3.7739879999999995e-50
-0.02021499	-1.1187e-45	5.646336999999999e-50	6.07595e-50
-0.0201733	-1.797007e-45	9.088997999999999e-50	9.780551999999999e-50
-0.0201316	-2.887648e-45	1.463628e-49	1.574991e-49
-0.0200899	-4.633837e-45	2.35368e-49	2.532764e-49
-0.0200482	-7.425878e-45	3.779853e-49	4.06745e-49
-0.02000651	-1.1884299999999999e-44	6.062078e-49	6.523323e-49
-0.01996481	-1.8994409999999998e-44	9.709457e-49	1.0448219999999999e-48
-0.01992311	-3.031876e-44	1.553111e-48	1.6712819999999998e-48
-0.01988141	-4.833229e-44	2.4811379999999997e-48	2.6699199999999997e-48
-0.01983972	-7.703603e-44	3.9630999999999996e-48	4.264641e-48
-0.01979802	-1.2282240000000001e-43	6.332180999999999e-48	6.813978e-48
-0.01975632	-1.955551e-43	1.010368e-47	1.087244e-47
-0.01971462	-3.109403e-43	1.609988e-47	1.732487e-47
-0.01967293	-4.937519e-43	2.562064e-47	2.757003e-47
-0.01963123	-7.830182e-43	4.071825e-47	4.381637e-47
-0.01958953	-1.240147e-42	6.462893e-47	6.954635e-47
-0.01954783	-1.9616389999999998e-42	1.024496e-46	1.102447e-46
-0.01950614	-3.1023799999999996e-42	1.623786e-46	1.747335e-46
-0.01946444	-4.9075859999999995e-42	2.574254e-46	2.770121e-46
-0.01942274	-7.752729999999999e-42	4.075566e-46	4.385663e-46
-0.01938104	-1.2231029999999998e-41	6.443867e-46	6.934161e-46
-0.01933935	-1.927084e-41	1.0175010000000001e-45	1.09492e-45
-0.01929765	-3.032315e-41	1.604574e-45	1.726662e-45
-0.01925595	-4.765306e-41	2.527134e-45	2.719416e-45
-0.01921425	-7.479217999999999e-41	3.975085e-45	4.2775370000000003e-45
-0.01917255	-1.173682e-40	6.251712e-45	6.727386e-45
-0.01913086	-1.842099e-40	9.833913e-45	1.0582149999999999e-44
-0.01908916	-2.887319e-40	1.5448049999999998e-44	1.662344e-44
-0.01904746	-4.519638e-40	2.42353e-44	2.607929e-44
-0.01900576	-7.065563e-40	3.7971519999999996e-44	4.0860649999999996e-44
-0.01896407	-1.10314e-39	5.941678e-44	6.393762e-44
-0.01892237	-1.720133e-39	9.285562e-44	9.992072e-44
-0.01888067	-2.678839e-39	1.4493100000000002e-43	1.559584e-43
-0.01883897	-4.1711740000000006e-39	2.2617640000000003e-43	2.433855e-43
-0.01879728	-6.495462e-39	3.5300440000000004e-43	3.798634e-43
-0.01875558	-1.0101529999999999e-38	5.502227e-43	5.920875e-43
-0.01871388	-1.568904e-38	8.565049000000001e-43	9.216737e-43
-0.01867218	-2.4335749999999996e-38	1.331561e-42	1.432875e-42
-0.01863049	-3.769977e-38	2.0674659999999998e-42	2.224773e-42
-0.01858879	-5.832897999999999e-38	3.206035e-42	3.449972e-42
-0.01854709	-9.013374999999999e-38	4.965425e-42	5.3432289999999995e-42
-0.01850539	-1.392565e-37	7.689097e-42	8.274137e-42
-0.0184637	-2.151576e-37	1.190733e-41	1.281332e-41
-0.018422	-3.319928e-37	1.8415529999999999e-41	1.9816719999999999e-41
-0.0183803	-5.116089e-37	2.8444119999999997e-41	3.060835e-41
-0.0183386	-7.87393e-37	4.387787e-41	4.72164e-41
-0.01829691	-1.210306e-36	6.760043e-41	7.274394e-41
-0.01825521	-1.858039e-36	1.040184e-40	1.119329e-40
-0.01821351	-2.8488909999999997e-36	1.598577e-40	1.720207e-40
-0.01817181	-4.367362e-36	2.45632e-40	2.643214e-40
-0.01813012	-6.69499e-36	3.774249e-40	4.06142e-40
-0.01808842	-1.024983e-35	5.791788e-40	6.232468e-40
-0.01804672	-1.567206e-35	8.876427e-40	9.551807e-40
-0.01800502	-2.393229e-35	1.3586680000000002e-39	1.4620450000000002e-39
-0.01796332	-3.650035e-35	2.077035e-39	2.2350710000000003e-39
-0.01792163	-5.55994e-35	3.171288e-39	3.412582e-39
-0.01787993	-8.458798e-35	4.836087e-39	5.20405e-39
-0.01783823	-1.286667e-34	7.373567e-39	7.934599000000001e-39
-0.01779653	-1.9569799999999997e-34	1.1241659999999999e-38	1.2097e-38
-0.01775484	-2.972678e-34	1.711691e-38	1.841928e-38
-0.01771314	-4.509796e-34	2.602965e-38	2.8010169999999996e-38
-0.01767144	-6.8331259999999994e-34	3.9533549999999997e-38	4.2541539999999996e-38
-0.01762974	-1.0340490000000001e-33	5.996852999999999e-38	6.453134999999999e-38
-0.01758805	-1.5628850000000002e-33	9.085447999999999e-38	9.776733e-38
-0.01754635	-2.359296e-33	1.374801e-37	1.479405e-37
-0.01750465	-3.560845e-33	2.07996e-37	2.2382179999999998e-37
-0.01746295	-5.373567e-33	3.146413e-37	3.385814e-37
-0.01742126	-8.098762e-33	4.75361e-37	5.115298e-37
-0.01737956	-1.219065e-32	7.172734e-37	7.718485e-37
-0.01733786	-1.8327090000000002e-32	1.0809479999999999e-36	1.163194e-36
-0.01729616	-2.75184e-32	1.627007e-36	1.750801e-36
-0.01725447	-4.126877e-32	2.445928e-36	2.6320309999999997e-36
-0.01721277	-6.18149e-32	3.67259e-36	3.952026e-36
-0.01717107	-9.257121000000001e-32	5.513392e-36	5.932889e-36
-0.01712937	-1.386037e-31	8.275379e-36	8.905028e-36
-0.01708768	-2.072645e-31	1.240536e-35	1.334924e-35
-0.01704598	-3.095511e-31	1.857329e-35	1.998647e-35
-0.01700428	-4.61745e-31	2.777358e-35	2.988679e-35
-0.01696258	-6.879228e-31	4.148047e-35	4.46366e-35
-0.01692088	-1.023646e-30	6.1877e-35	6.658503e-35
-0.01687919	-1.5213769999999999e-30	9.219199e-35	9.920659999999999e-35
-0.01683749	-2.260635e-30	1.373316e-34	1.477807e-34
-0.01679579	-3.358291e-30	2.04526e-34	2.200877e-34
-0.01675409	-4.9826749999999995e-30	3.042172e-34	3.2736419999999997e-34
-0.0167124	-7.383605e-30	4.519413e-34	4.863281e-34
-0.0166707	-1.092802e-29	6.705764e-34	7.215985e-34
-0.016629	-1.615422e-29	9.937737e-34	1.069387e-33
-0.0165873	-2.385102e-29	1.470972e-33	1.5828940000000002e-33
-0.01654561	-3.5172950000000003e-29	2.174722e-33	2.3401900000000002e-33
-0.01650391	-5.185758e-29	3.2144850000000004e-33	3.459065e-33
-0.01646221	-7.643441e-29	4.750058e-33	5.111475e-33
-0.01642051	-1.125192e-28	7.010494000000001e-33	7.543901e-33
-0.01637882	-1.6543630000000001e-28	1.0333940000000001e-32	1.112022e-32
-0.01633712	-2.429439e-28	1.521442e-32	1.637204e-32
-0.01629542	-3.5633390000000004e-28	2.2372900000000001e-32	2.407519e-32
-0.01625372	-5.220215e-28	3.286025e-32	3.536048e-32
-0.01621203	-7.638432000000001e-28	4.820646e-32	5.187435e-32
-0.01617033	-1.117419e-27	7.070385e-32	7.608349e-32
-0.01612863	-1.63411e-27	1.03667e-31	1.1155470000000001e-31
-0.01608693	-2.3867790000000003e-27	1.518117e-31	1.633625e-31
-0.01604524	-3.481881e-27	2.220453e-31	2.389401e-31
-0.01600354	-5.073305e-27	3.243807e-31	3.490618e-31
-0.01596184	-7.383253e-27	4.733142e-31	5.093272e-31
-0.01592014	-1.0732199999999999e-26	6.898102e-31	7.422957e-31
-0.01587844	-1.558179e-26	1.004152e-30	1.080554e-30
-0.01583675	-2.261709e-26	1.461392e-30	1.5725849999999999e-30
-0.01579505	-3.281632e-26	2.126056e-30	2.287822e-30
-0.01575335	-4.7556899999999996e-26	3.0892609999999998e-30	3.3243129999999996e-30
-0.01571165	-6.883546e-26	4.4834339999999996e-30	4.8245639999999996e-30
-0.01566996	-9.951541e-26	6.499019999999999e-30	6.993511e-30
-0.01562826	-1.436985e-25	9.409581e-30	1.012553e-29
-0.01558656	-2.072534e-25	1.360761e-29	1.464298e-29
-0.01554486	-2.985675e-25	1.965563e-29	2.115116e-29
-0.01550317	-4.299993e-25	2.838466e-29	3.054436e-29
-0.01546147	-6.190257e-25	4.097347e-29	4.4091020000000003e-29
-0.01541977	-8.900706e-25	5.907424e-29	6.356902e-29
-0.01537807	-1.2782609999999999e-24	8.506958e-29	9.154226e-29
-0.01533638	-1.833572e-24	1.2235890000000002e-28	1.316688e-28
-0.01529468	-2.627023e-24	1.7578660000000001e-28	1.8916170000000001e-28
-0.01525298	-3.7594209999999996e-24	2.5224880000000002e-28	2.714417e-28
-0.01521128	-5.373694e-24	3.615507e-28	3.8906000000000003e-28
-0.01516959	-7.678966e-24	5.180778000000001e-28	5.574967e-28
-0.01512789	-1.0968090000000002e-23	7.420371e-28	7.984964e-28
-0.01508619	-1.564726e-23	1.061541e-27	1.142311e-27
-0.01504449	-2.2296090000000003e-23	1.5168170000000002e-27	1.6322270000000002e-27
-0.0150028	-3.173268e-23	2.164805e-27	2.329518e-27
-0.0149611	-4.511031e-23	3.0860090000000003e-27	3.320814e-27
-0.0149194	-6.405302000000001e-23	4.394123e-27	4.728458e-27
-0.0148777	-9.084512000000001e-23	6.24953e-27	6.725038e-27
-0.014836	-1.2880550000000001e-22	8.885904e-27	9.562006e-27
-0.01479431	-1.8253630000000001e-22	1.262828e-26	1.358913e-26
-0.01475261	-2.5837310000000003e-22	1.792553e-26	1.928943e-26
-0.01471091	-3.652857e-22	2.5414919999999999e-26	2.734867e-26
-0.01466921	-5.158331e-22	3.599139e-26	3.872987e-26
-0.01462752	-7.275794e-22	5.0910239999999997e-26	5.478384e-26
-0.01458582	-1.025061e-21	7.19303e-26	7.740325e-26
-0.01454412	-1.442516e-21	1.015131e-25	1.0923690000000001e-25
-0.01450242	-2.029342e-21	1.432203e-25	1.541175e-25
-0.01446073	-2.853355e-21	2.019573e-25	2.173237e-25
-0.01441903	-4.007226e-21	2.844487e-25	3.060916e-25
-0.01437733	-5.621122e-21	4.001673e-25	4.306148e-25
-0.01433563	-7.875843e-21	5.623101e-25	6.050946e-25
-0.01429394	-1.1022219999999999e-20	7.892428000000001e-25	8.492938e-25
-0.01425224	-1.540788e-20	1.106494e-24	1.190684e-24
-0.01421054	-2.1514e-20	1.549509e-24	1.667407e-24
-0.01416884	-3.003004e-20	2.1692239999999998e-24	2.334274e-24
-0.01412715	-4.1893019999999997e-20	3.035096e-24	3.266027e-24
-0.01408545	-5.83739e-20	4.24164e-24	4.564373e-24
-0.01404375	-8.066848999999999e-20	5.920961e-24	6.371469e-24
-0.01400205	-1.112554e-19	8.255649e-24	8.883796e-24
-0.01396036	-1.5448889999999997e-19	1.149778e-23	1.2372620000000001e-23
-0.01391866	-2.1427819999999998e-19	1.5995e-23	1.7212010000000003e-23
-0.01387696	-2.9687019999999995e-19	2.2226150000000002e-23	2.3917270000000003e-23
-0.01383526	-4.1115349999999995e-19	3.087464e-23	3.32238e-23
-0.01379357	-5.690860999999999e-19	4.286305e-23	4.6124370000000005e-23
-0.01375187	-7.867688999999999e-19	5.943766e-23	6.396009e-23
-0.01371017	-1.0864630000000001e-18	8.232681000000001e-23	8.85908e-23
-0.01366847	-1.506322e-18	1.139003e-22	1.225667e-22
-0.01362677	-2.075349e-18	1.5740410000000002e-22	1.693805e-22
-0.01358508	-2.856093e-18	2.17279e-22	2.338111e-22
-0.01354338	-3.926125e-18	2.995935e-22	3.223887e-22
-0.01350168	-5.395067e-18	4.129498e-22	4.443698e-22
-0.01345998	-7.409345e-18	5.688425e-22	6.12124e-22
-0.01341829	-1.016329e-17	7.826871000000001e-22	8.422394e-22
-0.01337659	-1.392487e-17	1.075695e-21	1.157541e-21
-0.01333489	-1.9059640000000002e-17	1.4767179999999999e-21	1.589077e-21
-0.01329319	-2.6057090000000002e-17	2.024962e-21	2.179035e-21
-0.0132515	-3.557679e-17	2.773638e-21	2.984676e-21
-0.0132098	-4.8524510000000005e-17	3.794889e-21	4.083631e-21
-0.0131681	-6.61589e-17	5.190277e-21	5.585189e-21
-0.0131264	-9.014171000000001e-17	7.094132e-21	7.633903e-21
-0.01308471	-1.226778e-16	9.687127e-21	1.042419e-20
-0.01304301	-1.667728e-16	1.321044e-20	1.4215579999999998e-20
-0.01300131	-2.264576e-16	1.7994939999999998e-20	1.936412e-20
-0.01295961	-3.071511e-16	2.4484879999999998e-20	2.634786e-20
-0.01291792	-4.161346e-16	3.3278379999999996e-20	3.581043e-20
-0.01287622	-5.631567e-16	4.5176119999999996e-20	4.8613429999999995e-20
-0.01283452	-7.618112e-16	6.131623e-20	6.598159e-20
-0.01279282	-1.029827e-15	8.315691999999999e-20	8.948406999999999e-20
-0.01275113	-1.390528e-15	1.126497e-19	1.2122089999999998e-19
-0.01270943	-1.875475e-15	1.524312e-19	1.6402919999999999e-19
-0.01266773	-2.526726e-15	2.0603069999999997e-19	2.21707e-19
-0.01262603	-3.400286e-15	2.7816819999999997e-19	2.9933309999999997e-19
-0.01258433	-4.570778e-15	3.751481e-19	4.0369199999999997e-19
-0.01254264	-6.13742e-15	5.053827e-19	5.438356999999999e-19
-0.01250094	-8.237657e-15	6.805558999999999e-19	7.323373e-19
-0.01245924	-1.104842e-14	9.157521e-19	9.854288999999998e-19
-0.01241754	-1.480153e-14	1.230911e-18	1.324567e-18
-0.01237585	-1.980728e-14	1.652687e-18	1.778435e-18
-0.01233415	-2.647671e-14	2.216546e-18	2.385196e-18
-0.01229245	-3.535153e-14	2.969479e-18	3.195418e-18
-0.01225075	-4.71496e-14	3.973853e-18	4.2762110000000004e-18
-0.01220906	-6.281613e-14	5.312105e-18	5.716287e-18
-0.01216736	-8.365027e-14	7.097972e-18	7.638035e-18
-0.01212566	-1.113118e-13	9.477304e-18	1.0198400000000001e-17
-0.01208396	-1.479543e-13	1.2640200000000002e-17	1.3601960000000002e-17
-0.01204227	-1.964391e-13	1.6839950000000003e-17	1.8121250000000002e-17
-0.01200057	-2.605249e-13	2.2410090000000002e-17	2.411521e-17
-0.01195887	-3.451346e-13	2.979177e-17	3.2058530000000003e-17
-0.01191717	-4.567199e-13	3.955777e-17	4.25676e-17
-0.01187548	-6.037204e-13	5.2470860000000004e-17	5.646321000000001e-17
-0.01183378	-7.976626e-13	6.956828e-17	7.486151000000001e-17
-0.01179208	-1.053098e-12	9.21676e-17	9.918035e-17
-0.01175038	-1.388782e-12	1.219731e-16	1.312537e-16
-0.01170869	-1.829437e-12	1.612397e-16	1.73508e-16
-0.01166699	-2.40725e-12	2.129143e-16	2.291143e-16
-0.01162529	-3.16408e-12	2.808431e-16	3.022115e-16
-0.01158359	-4.154305e-12	3.700415e-16	3.981969e-16
-0.01154189	-5.448487e-12	4.870439e-16	5.241015e-16
-0.0115002	-7.142371e-12	6.40747e-16	6.894995e-16
-0.0114585	-9.355464e-12	8.423035e-16	9.063919e-16
-0.0114168	-1.224072e-11	1.106046e-15	1.190202e-15
-0.0113751	-1.599813e-11	1.450776e-15	1.561161e-15
-0.01133341	-2.088598e-11	1.900902e-15	2.045536e-15
-0.01129171	-2.723739e-11	2.487973e-15	2.677276e-15
-0.01125001	-3.548159e-11	3.252843e-15	3.500342e-15
-0.01120831	-4.617104e-11	4.248286e-15	4.571525e-15
-0.01116662	-6.005042e-11	5.545691e-15	5.967646e-15
-0.01112492	-7.803866e-11	7.233573e-15	7.783954e-15
-0.01108322	-1.013037e-10	9.424881e-15	1.014199e-14
-0.01104152	-1.313603e-10	1.226667e-14	1.320001e-14
-0.01099983	-1.701487e-10	1.594805e-14	1.716149e-14
-0.01095813	-2.20151e-10	2.071194e-14	2.228784e-14
-0.01091643	-2.845392e-10	2.687e-14	2.891446e-14
-0.01087473	-3.673624e-10	3.482169e-14	3.747117e-14
-0.01083304	-4.74043e-10	4.510407e-14	4.853591e-14
-0.01079134	-6.11195e-10	5.837516e-14	6.281675e-14
-0.01074964	-7.871654e-10	7.546911e-14	8.121132e-14
-0.01070794	-1.012695e-09	9.746333e-14	1.04879e-13
-0.01066625	-1.301425e-09	1.257321e-13	1.352986e-13
-0.01062455	-1.670666e-09	1.620265e-13	1.743546e-13
-0.01058285	-2.142356e-09	2.08575e-13	2.244449e-13
-0.01054115	-2.74427e-09	2.682111e-13	2.886185e-13
-0.01049945	-3.513364e-09	3.447183e-13	3.709468e-13
-0.01045776	-4.49418e-09	4.426818e-13	4.763641e-13
-0.01041606	-5.742542e-09	5.678725e-13	6.110802e-13
-0.01037436	-7.329711e-09	7.276855e-13	7.830528e-13
-0.01033266	-9.345445e-09	9.314769e-13	1.00235e-12
-0.01029097	-1.190269e-08	1.191072e-12	1.281697e-12
-0.01024927	-1.514342e-08	1.521397e-12	1.637156e-12
-0.01020757	-1.92459e-08	1.94128e-12	2.088986e-12
-0.01016587	-2.444577e-08	2.475701e-12	2.66407e-12
-0.01012418	-3.102367e-08	3.154573e-12	3.394595e-12
-0.01008248	-3.932913e-08	4.015296e-12	4.320808e-12
-0.01004078	-4.980364e-08	5.105414e-12	5.49387e-12
-0.009999084	-6.300037e-08	6.48459e-12	6.977983e-12
-0.009957386	-7.960846e-08	8.227615e-12	8.85363e-12
-0.009915689	-1.004873e-07	1.042814e-11	1.122159e-11
-0.009873991	-1.267068e-07	1.320331e-11	1.420791e-11
-0.009832293	-1.596728e-07	1.67076e-11	1.797883e-11
-0.009790596	-2.010381e-07	2.112376e-11	2.273101e-11
-0.009748898	-2.528469e-07	2.667877e-11	2.870868e-11
-0.009707201	-3.176653e-07	3.365886e-11	3.621986e-11
-0.009665503	-3.986728e-07	4.242029e-11	4.564792e-11
-0.009623805	-4.998036e-07	5.340602e-11	5.746952e-11
-0.009582108	-6.259214e-07	6.716616e-11	7.227663e-11
-0.00954041	-7.830311e-07	8.438321e-11	9.080368e-11
-0.009498713	-9.789727e-07	1.059517e-10	1.140133e-10
-0.009457015	-1.222848e-06	1.329168e-10	1.4303e-10
-0.009415317	-1.525836e-06	1.66568e-10	1.792416e-10
-0.00937362	-1.901859e-06	2.085186e-10	2.243841e-10
-0.009331922	-2.36802e-06	2.607601e-10	2.806006e-10
-0.009290225	-2.945304e-06	3.257483e-10	3.505335e-10
-0.009248527	-3.659437e-06	4.065081e-10	4.37438e-10
-0.009206829	-4.541913e-06	5.067615e-10	5.453194e-10
-0.009165132	-5.6336e-06	6.313576e-10	6.793957e-10
-0.009123434	-6.981318e-06	7.858892e-10	8.456852e-10
-0.009081737	-8.642201e-06	9.772143e-10	1.051568e-09
-0.009040039	-1.068681e-05	1.213842e-09	1.3062e-09
-0.008998341	-1.320111e-05	1.506192e-09	1.620793e-09
-0.008956644	-1.628966e-05	1.867003e-09	2.009057e-09
-0.008914946	-2.007958e-05	2.311841e-09	2.487742e-09
-0.008873249	-2.472515e-05	2.859699e-09	3.077284e-09
-0.008831551	-3.042539e-05	3.535176e-09	3.804157e-09
-0.008789853	-3.74052e-05	4.36624e-09	4.698454e-09
-0.008748156	-4.593727e-05	5.387107e-09	5.796995e-09
-0.008706458	-5.63556e-05	6.639672e-09	7.144865e-09
-0.008664761	-6.906352e-05	8.174959e-09	8.796967e-09
-0.008623063	-8.454762e-05	1.005479e-08	1.081983e-08
-0.008581365	-0.0001033942	1.23541e-08	1.329409e-08
-0.008539668	-0.000126309	1.516354e-08	1.631728e-08
-0.00849797	-0.0001541968	1.859985e-08	2.001505e-08
-0.008456273	-0.0001880659	2.27941e-08	2.452844e-08
-0.008414575	-0.0002291308	2.790506e-08	3.002827e-08
-0.008372877	-0.000278867	3.412652e-08	3.67231e-08
-0.00833118	-0.0003390409	4.169181e-08	4.486402e-08
-0.008289482	-0.0004117649	5.088159e-08	5.475301e-08
-0.008247785	-0.0004995626	6.203299e-08	6.675289e-08
-0.008206087	-0.0006054453	7.555064e-08	8.129906e-08
-0.008164389	-0.000733252	9.195262e-08	9.894901e-08
-0.008122692	-0.000887197	1.118124e-07	1.203199e-07
-0.008080994	-0.001072327	1.358206e-07	1.461547e-07
-0.008039297	-0.00129472	1.648131e-07	1.773532e-07
-0.007997599	-0.00156159	1.997882e-07	2.149895e-07
-0.007955901	-0.001881488	2.419362e-07	2.603444e-07
-0.007914204	-0.002264543	2.926753e-07	3.149441e-07
-0.007872506	-0.002722732	3.536929e-07	3.806044e-07
-0.007830809	-0.003271244	4.271382e-07	4.596379e-07
-0.007789111	-0.003926491	5.153552e-07	5.54567e-07
-0.007747413	-0.004708016	6.2115e-07	6.684114e-07
-0.007705716	-0.005639154	7.478923e-07	8.047972e-07
-0.007664018	-0.006747353	8.995712e-07	9.680168e-07
-0.007622321	-0.008064869	1.080903e-06	1.163146e-06
-0.007580623	-0.009629561	1.29746e-06	1.39618e-06
-0.007538925	-0.01148581	1.555816e-06	1.674193e-06
-0.007497228	-0.01368961	1.864297e-06	2.006146e-06
-0.00745553	-0.01630045	2.23185e-06	2.401665e-06
-0.007413833	-0.01938879	2.669122e-06	2.872207e-06
-0.007372135	-0.02303803	3.188795e-06	3.43142e-06
-0.007330438	-0.02734541	3.805751e-06	4.095319e-06
-0.00728874	-0.03242415	4.53744e-06	4.88268e-06
-0.007247042	-0.03840597	5.404294e-06	5.81549e-06
-0.007205345	-0.0454439	6.430217e-06	6.919472e-06
-0.007163647	-0.05372995	7.645338e-06	8.227048e-06
-0.00712195	-0.06346476	9.081495e-06	9.772478e-06
-0.007080252	-0.07488454	1.07764e-05	1.159634e-05
-0.007038554	-0.0882665	1.277457e-05	1.374655e-05
-0.006996857	-0.1039309	1.512783e-05	1.627886e-05
-0.006955159	-0.1222472	1.789638e-05	1.925806e-05
-0.006913462	-0.1436414	2.115013e-05	2.275938e-05
-0.006871764	-0.1686038	2.497014e-05	2.687004e-05
-0.006830066	-0.1977468	2.945811e-05	3.169949e-05
-0.006788369	-0.2316983	3.471968e-05	3.73614e-05
-0.006746671	-0.271194	4.087934e-05	4.398973e-05
-0.006704974	-0.3170896	4.808287e-05	5.174135e-05
-0.006663276	-0.3703644	5.649838e-05	6.079717e-05
-0.006621578	-0.4321378	6.631996e-05	7.136605e-05
-0.006579881	-0.5036883	7.776928e-05	8.368651e-05
-0.006538183	-0.5864745	9.110372e-05	9.803553e-05
-0.006496486	-0.6823077	0.0001066429	0.000114757
-0.006454788	-0.7930107	0.0001247131	0.0001342022
-0.00641309	-0.9207069	0.0001456973	0.0001567829
-0.006371393	-1.067847	0.0001700398	0.0001829777
-0.006329695	-1.237206	0.0001982489	0.000213333
-0.006287998	-1.431927	0.0002309045	0.0002484733
-0.0062463	-1.655565	0.0002686682	0.0002891103
-0.006204602	-1.912134	0.0003122936	0.0003360551
-0.006162905	-2.206608	0.0003627185	0.0003903166
-0.006121207	-2.543876	0.0004208803	0.0004529038
-0.00607951	-2.929615	0.0004878747	0.0005249955
-0.006037812	-3.370311	0.0005649623	0.0006079486
-0.005996114	-3.873239	0.0006535713	0.0007032995
-0.005954417	-4.446561	0.0007553174	0.0008127872
-0.005912719	-5.099412	0.0008720266	0.0009383765
-0.005871022	-5.842011	0.00100576	0.001082285
-0.005829324	-6.686969	0.001159073	0.001247264
-0.005787626	-7.646391	0.001334467	0.001436003
-0.005745929	-8.734284	0.001534854	0.001651637
-0.005704231	-9.966488	0.001763557	0.001897741
-0.005662534	-11.3606	0.002024304	0.002178327
-0.005620836	-12.93616	0.002321273	0.002497892
-0.005579138	-14.71481	0.002659144	0.002861471
-0.005537441	-16.72051	0.00304315	0.003274694
-0.005495743	-18.98274	0.003479757	0.003744521
-0.005454046	-21.52905	0.00397515	0.004277607
-0.005412348	-24.39123	0.004536517	0.004881687
-0.00537065	-27.60486	0.005171958	0.005565476
-0.005328953	-31.20906	0.005890513	0.006338704
-0.005287255	-35.24679	0.006702195	0.007212145
-0.005245558	-39.76512	0.007618113	0.008197752
-0.00520386	-44.81559	0.008650569	0.009308765
-0.005162162	-50.46156	0.009814743	0.01056152
-0.005120465	-56.76033	0.01112477	0.01197122
-0.005078767	-63.77795	0.01259703	0.0135555
-0.00503707	-71.58761	0.01424989	0.01533412
-0.004995372	-80.26884	0.01610354	0.01732881
-0.004953674	-89.90795	0.01818019	0.01956346
-0.004911977	-100.5985	0.0205042	0.02206431
-0.004870279	-112.4415	0.02310233	0.02486011
-0.004828582	-125.5616	0.02600749	0.02798632
-0.004786884	-140.0668	0.02924948	0.03147498
-0.004745187	-156.0821	0.0328625	0.03536291
-0.004703489	-173.7495	0.03688571	0.03969223
-0.004661791	-193.2005	0.04135992	0.04450687
-0.004620094	-214.6076	0.04633078	0.04985595
-0.004578396	-238.1343	0.05184758	0.05579251
-0.004536699	-263.9601	0.05796372	0.062374
-0.004495001	-292.3067	0.06474534	0.06967161
-0.004453303	-323.3578	0.07224976	0.07774702
-0.004411606	-357.3261	0.08054386	0.0866722
-0.004369908	-394.442	0.08970098	0.09652606
-0.004328211	-434.9489	0.09980014	0.1073936
-0.004286513	-479.1043	0.1109269	0.119367
-0.004244815	-527.1794	0.1231711	0.1325428
-0.004203118	-579.4597	0.1366324	0.1470284
-0.00416142	-636.2989	0.1514311	0.162953
-0.004119723	-697.9722	0.167669	0.1804264
-0.004078025	-764.8011	0.1854641	0.1995755
-0.004036327	-837.1286	0.2049449	0.2205386
-0.00399463	-915.3113	0.2262482	0.2434627
-0.003952932	-999.7197	0.2495192	0.2685044
-0.003911235	-1090.737	0.2749125	0.2958297
-0.003869537	-1188.76	0.3025917	0.325615
-0.003827839	-1294.284	0.3327599	0.3580786
-0.003786142	-1407.663	0.3655786	0.3933944
-0.003744444	-1529.313	0.401237	0.4317659
-0.003702747	-1659.673	0.4399408	0.4734145
-0.003661049	-1799.189	0.481902	0.5185685
-0.003619351	-1948.313	0.5273462	0.5674703
-0.003577654	-2107.501	0.5765086	0.6203733
-0.003535956	-2277.212	0.6296354	0.6775424
-0.003494259	-2458.036	0.6870316	0.7393057
-0.003452561	-2650.326	0.7489361	0.8059204
-0.003410863	-2854.521	0.8156116	0.877669
-0.003369166	-3071.069	0.8873519	0.9548679
-0.003327468	-3300.407	0.964452	1.037834
-0.003285771	-3542.96	1.047225	1.126906
-0.003244073	-3799.138	1.135989	1.222423
-0.003202375	-4069.333	1.231071	1.32474
-0.003160678	-4354.086	1.332889	1.434305
-0.00311898	-4653.594	1.441723	1.55142
-0.003077283	-4968.153	1.557917	1.676454
-0.003035585	-5298.043	1.681828	1.809793
-0.002993887	-5643.507	1.813821	1.951829
-0.00295219	-6004.746	1.954263	2.102957
-0.002910492	-6381.917	2.103571	2.263626
-0.002868795	-6775.126	2.261986	2.434093
-0.002827097	-7184.615	2.430127	2.615028
-0.002785399	-7610.208	2.608234	2.806686
-0.002743702	-8051.819	2.796679	3.00947
-0.002702004	-8509.313	2.995812	3.223754
-0.002660307	-8982.487	3.206003	3.449938
-0.002618609	-9471.065	3.42761	3.688406
-0.002576911	-9974.694	3.660981	3.939534
-0.002535214	-10492.94	3.906452	4.203682
-0.002493516	-11025.44	4.1645	4.481364
-0.002451819	-11571.44	4.435302	4.772771
-0.002410121	-12130.22	4.719138	5.078203
-0.002368423	-12701.01	5.01628	5.397954
-0.002326726	-13282.92	5.326981	5.732295
-0.002285028	-13875.0	5.651468	6.08147
-0.002243331	-14476.16	5.989942	6.445698
-0.002201633	-15085.27	6.342577	6.825164
-0.002159936	-15701.13	6.709689	7.220209
-0.002118238	-16322.3	7.091229	7.630779
-0.00207654	-16947.48	7.487263	8.056946
-0.002034843	-17574.75	7.897825	8.498746
-0.001993145	-18202.88	8.322913	8.956179
-0.001951448	-18830.06	8.762486	9.429197
-0.00190975	-19454.52	9.216458	9.91771
-0.001868052	-20074.41	9.684697	10.42158
-0.001826355	-20687.7	10.16719	10.94078
-0.001784657	-21292.49	10.66357	11.47492
-0.00174296	-21886.94	11.17352	12.02368
-0.001701262	-22468.37	11.69673	12.5867
-0.001659564	-23035.27	12.23282	13.16358
-0.001617867	-23585.29	12.78136	13.75386
-0.001576169	-24116.09	13.34189	14.35704
-0.001534472	-24626.01	13.91385	14.97251
-0.001492774	-25112.02	14.49667	15.59968
-0.001451076	-25572.39	15.08992	16.23806
-0.001409379	-26004.96	15.69255	16.88655
-0.001367681	-26407.62	16.30394	17.54446
-0.001325984	-26778.29	16.9233	18.21095
-0.001284286	-27114.94	17.54978	18.88509
-0.001242588	-27415.61	18.18249	19.56594
-0.001200891	-27678.43	18.8205	20.2525
-0.001159193	-27901.08	19.46287	20.94374
-0.001117496	-28082.34	20.10852	21.63851
-0.001075798	-28220.63	20.75639	22.33568
-0.0010341	-28314.5	21.40539	23.03406
-0.0009924028	-28362.63	22.05439	23.73244
-0.0009507052	-28363.84	22.70224	24.42959
-0.0009090076	-28317.09	23.34778	25.12425
-0.00086731	-28221.51	23.98981	25.81512
-0.0008256124	-28075.78	24.62704	26.50083
-0.0007839148	-27879.96	25.25832	27.18014
-0.0007422172	-27633.72	25.88232	27.85163
-0.0007005196	-27337.0	26.49788	28.51402
-0.000658822	-26989.66	27.10387	29.16612
-0.0006171244	-26592.0	27.69892	29.80645
-0.0005754268	-26144.45	28.28188	30.43377
-0.0005337292	-25647.52	28.85154	31.04676
-0.0004920316	-25101.61	29.40656	31.64401
-0.000450334	-24508.25	29.94593	32.22442
-0.0004086364	-23868.65	30.46855	32.78681
-0.0003669389	-23184.19	30.97337	33.33004
-0.0003252413	-22456.46	31.4593	33.85295
-0.0002835437	-21687.27	31.92539	34.35449
-0.0002418461	-20878.32	32.37066	34.83365
-0.0002001485	-20031.91	32.79425	35.28946
-0.0001584509	-19149.77	33.19501	35.72072
-0.0001167533	-18234.75	33.57245	36.12688
-7.505567e-05	-17289.37	33.92587	36.50718
-3.335808e-05	-16316.25	34.25482	36.86116
8.339519e-06	-15318.12	34.55811	37.18753
5.003712e-05	-14297.81	34.83585	37.48641
9.173471e-05	-13258.22	35.08755	37.75726
0.0001334323	-12202.32	35.31245	37.99927
0.0001751299	-11133.01	35.51032	38.21219
0.0002168275	-10053.55	35.68118	38.39605
0.0002585251	-8967.016	35.82489	38.55069
0.0003002227	-7876.497	35.94137	38.67604
0.0003419203	-6784.957	36.03071	38.77217
0.0003836179	-5695.783	36.09299	38.83919
0.0004253155	-4611.654	36.12839	38.87729
0.0004670131	-3535.645	36.13717	38.88673
0.0005087107	-2470.825	36.11932	38.86752
0.0005504083	-1419.903	36.07557	38.82045
0.0005921059	-385.598	36.0064	38.74602
0.0006338035	629.4719	35.91234	38.6448
0.0006755011	1622.39	35.79396	38.51741
0.0007171987	2592.027	35.65195	38.3646
0.0007588963	3534.896	35.48699	38.18708
0.0008005939	4449.301	35.29983	37.98568
0.0008422915	5332.903	35.09103	37.761
0.0008839891	6183.975	34.86172	37.51424
0.0009256866	7000.908	34.61278	37.24636
0.0009673842	7783.941	34.34515	36.95837
0.001009082	8529.624	34.05977	36.65127
0.001050779	9237.425	33.75707	36.32554
0.001092477	9906.694	33.43989	35.98423
0.001134175	10536.48	33.10708	35.62609
0.001175872	11125.73	32.76055	35.2532
0.00121757	11674.53	32.40142	34.86675
0.001259267	12182.6	32.03067	34.46778
0.001300965	12649.87	31.64938	34.05748
0.001342663	13076.4	31.25861	33.63699
0.00138436	13462.41	30.85938	33.20738
0.001426058	13808.26	30.45271	32.76976
0.001467755	14114.44	30.03961	32.32524
0.001509453	14381.15	29.62104	31.87481
0.001551151	14609.46	29.19801	31.4196
0.001592848	14800.79	28.7715	30.96064
0.001634546	14955.6	28.34246	30.49896
0.001676243	15075.15	27.91171	30.03543
0.001717941	15160.65	27.48017	29.57106
0.001759639	15213.33	27.04859	29.10663
0.001801336	15234.39	26.61786	28.64313
0.001843034	15225.15	26.1887	28.18132
0.001884731	15187.31	25.76182	27.72196
0.001926429	15122.36	25.3379	27.26578
0.001968127	15032.02	24.91758	26.81349
0.002009824	14917.3	24.50152	26.36576
0.002051522	14780.31	24.09003	25.92297
0.002093219	14622.35	23.68391	25.48595
0.002134917	14445.04	23.28351	25.05508
0.002176615	14249.78	22.88933	24.63091
0.002218312	14038.33	22.5017	24.21379
0.00226001	13812.94	22.12098	23.8041
0.002301707	13572.89	21.74748	23.40218
0.002343405	13321.88	21.38118	23.00801
0.002385103	13060.58	21.02319	22.62278
0.0024268	12790.47	20.67279	22.24572
0.002468498	12512.7	20.33058	21.87747
0.002510195	12228.57	19.99665	21.51814
0.002551893	11939.37	19.67103	21.16774
0.002593591	11646.24	19.35385	20.82643
0.002635288	11350.32	19.0451	20.49418
0.002676986	11054.81	18.7448	20.17104
0.002718683	10754.69	18.45296	19.85699
0.002760381	10456.65	18.16953	19.552
0.002802079	10159.6	17.89448	19.25602
0.002843776	9864.573	17.62781	18.96906
0.002885474	9574.763	17.36934	18.69092
0.002927171	9282.902	17.11899	18.42153
0.002968869	8997.593	16.87609	18.16015
0.003010566	8716.728	16.6419	17.90813
0.003052264	8440.802	16.41495	17.66391
0.003093962	8170.382	16.1955	17.42777
0.003135659	7905.472	15.98339	17.19952
0.003177357	7646.931	15.77846	16.979
0.003219054	7394.636	15.58058	16.76605
0.003260752	7149.003	15.38925	16.56017
0.00330245	6910.204	15.20487	16.36176
0.003344147	6678.368	15.02646	16.16978
0.003385845	6453.687	14.85463	15.98487
0.003427542	6235.954	14.68856	15.80616
0.00346924	6025.541	14.52826	15.63367
0.003510938	5822.501	14.37315	15.46676
0.003552635	5626.365	14.22426	15.30654
0.003594333	5437.478	14.08009	15.1514
0.00363603	5255.636	13.94084	15.00156
0.003677728	5080.748	13.8064	14.85689
0.003719426	4912.929	13.67654	14.71714
0.003761123	4751.364	13.55104	14.5821
0.003802821	4596.606	13.42975	14.45158
0.003844518	4448.331	13.31254	14.32545
0.003886216	4306.368	13.19916	14.20344
0.003927914	4170.219	13.08946	14.08539
0.003969611	4040.289	12.98328	13.97114
0.004011309	3915.843	12.88048	13.86051
0.004053006	3796.947	12.78085	13.7533
0.004094704	3684.605	12.68432	13.64943
0.004136402	3574.877	12.59067	13.54866
0.004178099	3472.487	12.49987	13.45094
0.004219797	3372.544	12.41171	13.35608
0.004261494	3278.241	12.32611	13.26396
0.004303192	3188.209	12.24288	13.17441
0.00434489	3102.951	12.16197	13.08734
0.004386587	3018.607	12.08325	13.00263
0.004428285	2942.286	12.00685	12.92042
0.004469982	2867.699	11.93199	12.83986
0.00451168	2796.347	11.85927	12.76161
0.004553378	2728.64	11.78837	12.68531
0.004595075	2663.789	11.71917	12.61085
0.004636773	2601.85	11.65164	12.53817
0.00467847	2542.673	11.58569	12.46721
0.004720168	2486.118	11.52123	12.39784
0.004761866	2432.027	11.45821	12.33003
0.004803563	2380.29	11.39654	12.26366
0.004845261	2330.797	11.3362	12.19874
0.004886958	2283.397	11.27713	12.13517
0.004928656	2237.976	11.21924	12.07287
0.004970354	2194.426	11.16251	12.01183
0.005012051	2152.637	11.10686	11.95195
0.005053749	2112.525	11.05228	11.89322
0.005095446	2073.99	10.99871	11.83557
0.005137144	2036.737	10.94612	11.77897
0.005178842	2001.321	10.89447	11.72339
0.005220539	1967.028	10.84371	11.66878
0.005262237	1933.941	10.79383	11.61509
0.005303934	1902.119	10.74479	11.56232
0.005345632	1871.377	10.69652	11.51039
0.00538733	1841.804	10.64904	11.4593
0.005429027	1813.008	10.60231	11.409
0.005470725	1785.277	10.55631	11.35951
0.005512422	1758.448	10.51129	11.31107
0.00555412	1732.473	10.46638	11.26274
0.005595817	1707.292	10.42243	11.21544
0.005637515	1682.879	10.3791	11.16881
0.005679213	1659.191	10.33638	11.12285
0.00572091	1636.182	10.29426	11.07752
0.005762608	1613.854	10.2527	11.03279
0.005804305	1592.129	10.21175	10.98873
0.005846003	1570.998	10.17134	10.94524
0.005887701	1550.437	10.13144	10.90231
0.005929398	1530.407	10.09207	10.85995
0.005971096	1510.907	10.05321	10.81813
0.006012793	1491.889	10.01484	10.77683
0.006054491	1473.341	9.976939	10.73605
0.006096189	1455.241	9.939516	10.69578
0.006137886	1437.573	9.902555	10.65601
0.006179584	1420.322	9.866037	10.61671
0.006221281	1403.469	9.829949	10.57788
0.006262979	1386.993	9.794294	10.53951
0.006304677	1370.877	9.759055	10.50159
0.006346374	1355.124	9.72424	10.46413
0.006388072	1339.71	9.689788	10.42705
0.006429769	1324.616	9.65574	10.39042
0.006471467	1309.84	9.622077	10.35419
0.006513165	1295.37	9.588788	10.31837
0.006554862	1281.194	9.555867	10.28294
0.00659656	1267.287	9.523304	10.2479
0.006638257	1253.68	9.491096	10.21324
0.006679955	1240.324	9.459243	10.17897
0.006721653	1227.228	9.427693	10.14502
0.00676335	1214.38	9.396479	10.11143
0.006805048	1201.773	9.365618	10.07822
0.006846745	1189.401	9.335067	10.04534
0.006888443	1177.264	9.304827	10.0128
0.006930141	1165.337	9.274895	9.980593
0.006971838	1153.629	9.245264	9.948708
0.007013536	1142.136	9.215929	9.917141
0.007055233	1130.83	9.186893	9.885895
0.007096931	1119.729	9.15814	9.854955
0.007138629	1108.82	9.12965	9.824298
0.007180326	1098.099	9.101457	9.793959
0.007222024	1087.562	9.073529	9.763906
0.007263721	1077.197	9.045865	9.734137
0.007305419	1066.968	9.01847	9.704658
0.007347117	1056.985	8.991328	9.675451
0.007388814	1047.129	8.964443	9.646521
0.007430512	1037.417	8.937804	9.617854
0.007472209	1027.887	8.911412	9.589454
0.007513907	1018.499	8.885263	9.561315
0.007555605	1009.254	8.859355	9.533436
0.007597302	1000.168	8.833678	9.505806
0.007639	991.2129	8.808246	9.478438
0.007680697	982.3986	8.783013	9.451286
0.007722395	973.7196	8.758018	9.424389
0.007764093	965.173	8.733241	9.397726
0.00780579	956.7557	8.708678	9.371295
0.007847488	948.5298	8.684342	9.345107
0.007889185	940.3008	8.660199	9.319127
0.007930883	932.2488	8.636277	9.293385
0.007972581	924.3287	8.612543	9.267845
0.008014278	916.5116	8.589031	9.242544
0.008055976	908.8203	8.565703	9.217441
0.008097673	901.2338	8.542572	9.19255
0.008139371	893.756	8.519631	9.167864
0.008181068	886.3854	8.496887	9.14339
0.008222766	879.1193	8.474338	9.119125
0.008264464	871.9531	8.451955	9.095039
0.008306161	864.8903	8.429758	9.071152
0.008347859	857.9245	8.407742	9.047461
0.008389556	851.0556	8.385902	9.02396
0.008431254	844.2774	8.364239	9.000648
0.008472952	837.5937	8.342745	8.977519
0.008514649	830.9972	8.321414	8.954565
0.008556347	824.4955	8.30027	8.931812
0.008598044	818.079	8.279279	8.909224
0.008639742	811.7489	8.25845	8.88681
0.00868144	805.5004	8.237785	8.864573
0.008723137	799.3342	8.217276	8.842504
0.008764835	793.2497	8.196919	8.820598
0.008806532	787.255	8.176712	8.798853
0.00884823	781.3916	8.156673	8.777289
0.008889928	775.5159	8.136786	8.755889
0.008931625	769.6876	8.117042	8.734643
0.008973323	763.9823	8.097441	8.713551
0.00901502	758.352	8.077987	8.692617
0.009056718	752.7921	8.058677	8.671837
0.009098416	747.3007	8.039506	8.651207
0.009140113	741.8778	8.020476	8.630729
0.009181811	736.5223	8.001575	8.610391
0.009223508	731.2335	7.982827	8.590216
0.009265206	726.0089	7.964204	8.570176
0.009306904	720.8475	7.945715	8.55028
0.009348601	715.7488	7.927356	8.530524
0.009390299	710.7115	7.909124	8.510905
0.009431996	705.7355	7.891026	8.49143
0.009473694	700.8169	7.873053	8.47209
0.009515392	695.9596	7.855204	8.452883
0.009557089	691.1576	7.837479	8.433809
0.009598787	686.4134	7.819877	8.414868
0.009640484	681.7232	7.802393	8.396053
0.009682182	677.0876	7.785033	8.377372
0.00972388	672.5046	7.767786	8.358813
0.009765577	667.9759	7.750649	8.340372
0.009807275	663.4989	7.733636	8.322065
0.009848972	659.0754	7.716738	8.303881
0.00989067	654.6964	7.699951	8.285817
0.009932368	650.3701	7.683276	8.267873
0.009974065	646.0918	7.666708	8.250044
0.01001576	641.8614	7.650249	8.232334
0.01005746	637.6779	7.633898	8.214738
0.01009916	633.5406	7.617661	8.197266
0.01014086	629.4489	7.601511	8.179886
0.01018255	625.4023	7.585479	8.162635
0.01022425	621.3997	7.569548	8.145492
0.01026595	617.4404	7.553719	8.128458
0.01030765	613.5237	7.53799	8.111533
0.01034934	609.6489	7.522368	8.094722
0.01039104	605.8156	7.506843	8.078016
0.01043274	602.0229	7.491407	8.061405
0.01047444	598.2766	7.476071	8.044903
0.01051613	594.5578	7.460836	8.028508
0.01055783	590.8839	7.445686	8.012205
0.01059953	587.2483	7.430633	7.996008
0.01064123	583.6489	7.415674	7.97991
0.01068292	580.0899	7.400805	7.96391
0.01072462	576.5655	7.386028	7.948009
0.01076632	573.0773	7.371338	7.9322
0.01080802	569.6248	7.35674	7.916492
0.01084971	566.207	7.342229	7.900877
0.01089141	562.8249	7.327805	7.885355
0.01093311	559.4761	7.313468	7.869927
0.01097481	556.1608	7.299215	7.85459
0.01101651	552.8785	7.285045	7.839342
0.0110582	549.6297	7.27096	7.824185
0.0110999	546.411	7.256957	7.809117
0.0111416	543.2264	7.243034	7.794134
0.0111833	540.0707	7.229194	7.779241
0.01122499	536.9469	7.215435	7.764436
0.01126669	533.8522	7.201757	7.749716
0.01130839	530.79	7.188157	7.735082
0.01135009	527.756	7.174633	7.720529
0.01139178	524.7511	7.161186	7.706059
0.01143348	521.7752	7.147816	7.691671
0.01147518	518.8272	7.134521	7.677365
0.01151688	515.9075	7.121302	7.66314
0.01155857	513.0155	7.108157	7.648995
0.01160027	510.1507	7.095085	7.634929
0.01164197	507.3126	7.082086	7.620941
0.01168367	504.5011	7.069159	7.60703
0.01172536	501.7157	7.056303	7.593196
0.01176706	498.9561	7.043518	7.579438
0.01180876	496.2221	7.030804	7.565756
0.01185046	493.5134	7.01816	7.552151
0.01189215	490.8296	7.005584	7.538618
0.01193385	488.1702	6.993075	7.525157
0.01197555	485.535	6.980635	7.511771
0.01201725	482.9236	6.968262	7.498456
0.01205894	480.3355	6.955954	7.485211
0.01210064	477.7714	6.943712	7.472038
0.01214234	475.2299	6.931536	7.458935
0.01218404	472.7114	6.919424	7.445902
0.01222574	470.2153	6.907377	7.432938
0.01226743	467.7412	6.895392	7.420041
0.01230913	465.2879	6.88347	7.407212
0.01235083	462.8584	6.871611	7.394451
0.01239253	460.449	6.859813	7.381755
0.01243422	458.0609	6.848076	7.369126
0.01247592	455.6935	6.836401	7.356562
0.01251762	453.3468	6.824785	7.344062
0.01255932	451.0197	6.813229	7.331627
0.01260101	448.714	6.801732	7.319255
0.01264271	446.4275	6.790293	7.306946
0.01268441	444.1604	6.778913	7.2947
0.01272611	441.9126	6.76759	7.282515
0.0127678	439.684	6.756323	7.270391
0.0128095	437.4742	6.745114	7.258329
0.0128512	435.2832	6.733962	7.246329
0.0128929	433.1106	6.722865	7.234388
0.01293459	430.9562	6.711823	7.222506
0.01297629	428.8197	6.700836	7.210683
0.01301799	426.701	6.689905	7.19892
0.01305969	424.5994	6.679026	7.187213
0.01310138	422.5159	6.6682	7.175563
0.01314308	420.4492	6.657427	7.163971
0.01318478	418.3995	6.646707	7.152434
0.01322648	416.3661	6.636039	7.140955
0.01326818	414.3502	6.625424	7.129533
0.01330987	412.3501	6.614857	7.118161
0.01335157	410.3662	6.604343	7.106847
0.01339327	408.3983	6.593882	7.09559
0.01343497	406.4461	6.583467	7.084383
0.01347666	404.5094	6.573103	7.073231
0.01351836	402.5887	6.562789	7.062132
0.01356006	400.6837	6.552524	7.051085
0.01360176	398.7923	6.542307	7.040091
0.01364345	396.9167	6.532138	7.029148
0.01368515	395.0558	6.522016	7.018257
0.01372685	393.2094	6.511942	7.007416
0.01376855	391.3775	6.501915	6.996626
0.01381024	389.5599	6.491935	6.985887
0.01385194	387.7569	6.482001	6.975197
0.01389364	385.9673	6.472113	6.964557
0.01393534	384.1917	6.462271	6.953965
0.01397703	382.4302	6.452473	6.943422
0.01401873	380.6816	6.442721	6.932928
0.01406043	378.9467	6.433013	6.922481
0.01410213	377.225	6.423349	6.912082
0.01414382	375.5166	6.413729	6.90173
0.01418552	373.8196	6.404153	6.891425
0.01422722	372.1387	6.39462	6.881167
0.01426892	370.4687	6.385129	6.870954
0.01431062	368.8117	6.375681	6.860787
0.01435231	367.167	6.366275	6.850666
0.01439401	365.5347	6.356912	6.84059
0.01443571	363.9145	6.347589	6.830558
0.01447741	362.3065	6.338308	6.820571
0.0145191	360.7105	6.329068	6.810628
0.0145608	359.1264	6.319869	6.800729
0.0146025	357.5541	6.31071	6.790873
0.0146442	355.9934	6.301591	6.78106
0.01468589	354.4441	6.292512	6.77129
0.01472759	352.9063	6.283472	6.761562
0.01476929	351.3798	6.274471	6.751877
0.01481099	349.8646	6.26551	6.742233
0.01485268	348.3604	6.256587	6.732632
0.01489438	346.8671	6.247702	6.723071
0.01493608	345.3849	6.238856	6.713551
0.01497778	343.9132	6.230047	6.704072
0.01501947	342.4522	6.221276	6.694634
0.01506117	341.0017	6.212541	6.685235
0.01510287	339.5616	6.203844	6.675876
0.01514457	338.1319	6.195184	6.666556
0.01518626	336.7124	6.18656	6.657277
0.01522796	335.3031	6.177972	6.648036
0.01526966	333.9038	6.169421	6.638833
0.01531136	332.5143	6.160905	6.629669
0.01535306	331.1347	6.152424	6.620543
0.01539475	329.7647	6.143978	6.611455
0.01543645	328.4043	6.135568	6.602404
0.01547815	327.0534	6.127192	6.593391
0.01551985	325.712	6.118851	6.584415
0.01556154	324.3798	6.110544	6.575476
0.01560324	323.057	6.102271	6.566574
0.01564494	321.7431	6.094031	6.557707
0.01568664	320.4383	6.085825	6.548877
0.01572833	319.1423	6.077653	6.540083
0.01577003	317.8552	6.069514	6.531325
0.01581173	316.5768	6.061407	6.522601
0.01585343	315.3071	6.053333	6.513913
0.01589512	314.0459	6.045291	6.505259
0.01593682	312.7932	6.037282	6.496641
0.01597852	311.5487	6.029305	6.488056
0.01602022	310.3126	6.021359	6.479506
0.01606191	309.0846	6.013445	6.47099
0.01610361	307.8646	6.005562	6.462507
0.01614531	306.6528	5.997711	6.454058
0.01618701	305.4491	5.98989	6.445643
0.0162287	304.2527	5.9821	6.43726
0.0162704	303.0642	5.974341	6.428911
0.0163121	301.8834	5.966612	6.420594
0.0163538	300.7104	5.958913	6.412309
0.0163955	299.5448	5.951244	6.404056
0.01643719	298.3865	5.943605	6.395836
0.01647889	297.2357	5.935995	6.387647
0.01652059	296.0921	5.928415	6.37949
0.01656229	294.9558	5.920864	6.371365
0.01660398	293.8266	5.913342	6.363271
0.01664568	292.7044	5.905849	6.355207
0.01668738	291.5893	5.898384	6.347175
0.01672908	290.4811	5.890948	6.339173
0.01677077	289.3797	5.88354	6.331201
0.01681247	288.2851	5.876161	6.32326
0.01685417	287.1974	5.868809	6.315348
0.01689587	286.1163	5.861484	6.307467
0.01693756	285.0418	5.854188	6.299615
0.01697926	283.9739	5.846919	6.291793
0.01702096	282.9122	5.839676	6.284
0.01706266	281.8574	5.832461	6.276235
0.01710435	280.8086	5.825273	6.2685
0.01714605	279.7666	5.818111	6.260794
0.01718775	278.7308	5.810977	6.253116
0.01722945	277.7011	5.803868	6.245467
0.01727114	276.6777	5.796786	6.237845
0.01731284	275.6604	5.789729	6.230252
0.01735454	274.6492	5.782699	6.222687
0.01739624	273.644	5.775694	6.215149
0.01743793	272.645	5.768714	6.207638
0.01747963	271.6518	5.76176	6.200155
0.01752133	270.6647	5.754832	6.1927
0.01756303	269.6834	5.747928	6.185271
0.01760473	268.708	5.74105	6.177869
0.01764642	267.7383	5.734196	6.170493
0.01768812	266.7746	5.727367	6.163144
0.01772982	265.8165	5.720562	6.155822
0.01777152	264.8641	5.713781	6.148525
0.01781321	263.9175	5.707025	6.141255
0.01785491	262.9765	5.700293	6.134011
0.01789661	262.041	5.693584	6.126792
0.01793831	261.1115	5.6869	6.119599
0.01798	260.1871	5.680239	6.112431
0.0180217	259.2681	5.673601	6.105288
0.0180634	258.3547	5.666987	6.09817
0.0181051	257.4467	5.660395	6.091078
0.01814679	256.5442	5.653827	6.08401
0.01818849	255.6471	5.647282	6.076967
0.01823019	254.7552	5.64076	6.069948
0.01827189	253.8691	5.63426	6.062954
0.01831358	252.9874	5.627783	6.055984
0.01835528	252.1113	5.621328	6.049038
0.01839698	251.2404	5.614895	6.042116
0.01843868	250.3747	5.608485	6.035217
0.01848037	249.514	5.602096	6.028343
0.01852207	248.6585	5.59573	6.021492
0.01856377	247.8081	5.589385	6.014664
0.01860547	246.9626	5.583062	6.00786
0.01864717	246.1222	5.57676	6.001078
0.01868886	245.2866	5.570479	5.99432
0.01873056	244.4559	5.56422	5.987585
0.01877226	243.6301	5.557982	5.980872
0.01881396	242.8091	5.551765	5.974182
0.01885565	241.9929	5.545569	5.967515
0.01889735	241.1813	5.539394	5.96087
0.01893905	240.3747	5.53324	5.954247
0.01898075	239.5727	5.527106	5.947646
0.01902244	238.7752	5.520992	5.941067
0.01906414	237.9823	5.514899	5.934511
0.01910584	237.194	5.508826	5.927975
0.01914754	236.4101	5.502773	5.921462
0.01918923	235.6308	5.49674	5.91497
0.01923093	234.8559	5.490727	5.9085
0.01927263	234.0853	5.484734	5.902051
0.01931433	233.3192	5.478761	5.895623
0.01935602	232.5572	5.472807	5.889216
0.01939772	231.7995	5.466873	5.88283
0.01943942	231.046	5.460958	5.876465
0.01948112	230.2808	5.455062	5.870121
0.01952281	229.552	5.449185	5.863797
0.01956451	228.8106	5.443328	5.857494
0.01960621	228.0738	5.43749	5.851212
0.01964791	227.3409	5.43167	5.844949
0.01968961	226.6116	5.425869	5.838707
0.0197313	225.8865	5.420087	5.832485
0.019773	225.1653	5.414323	5.826282
0.0198147	224.448	5.408578	5.8201
0.0198564	223.7345	5.402851	5.813938
0.01989809	223.0249	5.397143	5.807795
0.01993979	222.3188	5.391452	5.801671
0.01998149	221.6164	5.38578	5.795567
0.02002319	220.9178	5.380125	5.789483
0.02006488	220.2229	5.374489	5.783417
0.02010658	219.5315	5.36887	5.777371
0.02014828	218.8436	5.363269	5.771344
0.02018998	218.1593	5.357686	5.765336
0.02023167	217.4785	5.35212	5.759346
0.02027337	216.8012	5.346571	5.753375
0.02031507	216.1273	5.34104	5.747423
0.02035677	215.4568	5.335525	5.741489
0.02039846	214.7896	5.330028	5.735574
0.02044016	214.1258	5.324548	5.729677
0.02048186	213.4654	5.319085	5.723798
0.02052356	212.8082	5.313639	5.717938
0.02056525	212.1541	5.30821	5.712095
0.02060695	211.5036	5.302797	5.70627
0.02064865	210.8561	5.2974	5.700463
0.02069035	210.2118	5.29202	5.694674
0.02073205	209.5707	5.286657	5.688902
0.02077374	208.9327	5.28131	5.683148
0.02081544	208.2979	5.275979	5.677412
0.02085714	207.6661	5.270664	5.671693
0.02089884	207.0375	5.265365	5.665991
0.02094053	206.4106	5.260082	5.660306
0.02098223	205.7893	5.254815	5.654638
0.02102393	205.1698	5.249564	5.648987
0.02106563	204.5532	5.244328	5.643353
0.02110732	203.9397	5.239108	5.637736
0.02114902	203.3291	5.233904	5.632136
0.02119072	202.7215	5.228715	5.626552
0.02123242	202.1169	5.223542	5.620985
0.02127411	201.5152	5.218384	5.615435
0.02131581	200.9163	5.213241	5.609901
0.02135751	200.3204	5.208113	5.604383
0.02139921	199.7274	5.203	5.598881
0.0214409	199.1373	5.197903	5.593395
0.0214826	198.55	5.19282	5.587926
0.0215243	197.9656	5.187752	5.582473
0.021566	197.3841	5.182699	5.577035
0.02160769	196.8053	5.177661	5.571614
0.02164939	196.2294	5.172638	5.566208
0.02169109	195.6563	5.167629	5.560818
0.02173279	195.0861	5.162634	5.555443
0.02177449	194.5185	5.157654	5.550084
0.02181618	193.9538	5.152688	5.544741
0.02185788	193.3918	5.147737	5.539413
0.02189958	192.8326	5.1428	5.5341
0.02194128	192.2771	5.137877	5.528803
0.02198297	191.7225	5.132969	5.523521
0.02202467	191.1715	5.128074	5.518254
0.02206637	190.6232	5.123195	5.513004
0.02210807	190.0777	5.118329	5.507767
0.02214976	189.5348	5.113474	5.502543
0.02219146	188.9935	5.108635	5.497336
0.02223316	188.4572	5.10381	5.492143
0.02227486	187.9223	5.098998	5.486966
0.02231655	187.3902	5.094201	5.481803
0.02235825	186.8606	5.089416	5.476655
0.02239995	186.3337	5.084646	5.471521
0.02244165	185.8093	5.079888	5.466402
0.02248334	185.2876	5.075144	5.461297
0.02252504	184.7685	5.070414	5.456206
0.02256674	184.252	5.065697	5.45113
0.02260844	183.738	5.060993	5.446068
0.02265013	183.2266	5.056302	5.441021
0.02269183	182.7179	5.051624	5.435987
0.02273353	182.2113	5.04696	5.430967
0.02277523	181.7074	5.042308	5.425962
0.02281692	181.206	5.037669	5.42097
0.02285862	180.7071	5.033043	5.415992
0.02290032	180.2106	5.02843	5.411028
0.02294202	179.7166	5.02383	5.406078
0.02298372	179.2249	5.019242	5.401141
0.02302541	178.7357	5.014668	5.396218
0.02306711	178.2488	5.010105	5.391309
0.02310881	177.7643	5.005555	5.386413
0.02315051	177.2826	5.001018	5.38153
0.0231922	176.8023	4.996493	5.376661
0.0232339	176.3248	4.991981	5.371805
0.0232756	175.8495	4.98748	5.366963
0.0233173	175.3963	4.982992	5.362132
0.02335899	174.9058	4.978516	5.357316
0.02340069	174.4373	4.974053	5.352513
0.02344239	173.9709	4.969601	5.347723
0.02348409	173.5067	4.965161	5.342945
0.02352578	173.0447	4.960734	5.338181
0.02356748	172.5848	4.956322	5.333433
0.02360918	172.127	4.951916	5.328692
0.02365088	171.6704	4.947522	5.323964
0.02369257	171.2176	4.943141	5.31925
0.02373427	170.766	4.938773	5.314549
0.02377597	170.3164	4.934415	5.30986
0.02381767	169.8688	4.93007	5.305184
0.02385936	169.4221	4.925736	5.30052
0.02390106	168.9795	4.921413	5.295869
0.02394276	168.5378	4.917102	5.29123
0.02398446	168.0979	4.912802	5.286603
0.02402616	167.6599	4.908514	5.281988
0.02406785	167.2238	4.904236	5.277385
0.02410955	166.7895	4.89997	5.272794
0.02415125	166.357	4.895715	5.268215
0.02419295	165.9263	4.891471	5.263649
0.02423464	165.4974	4.887239	5.259094
0.02427634	165.0703	4.883017	5.254551
0.02431804	164.6449	4.878806	5.250019
0.02435974	164.2205	4.874606	5.2455
0.02440143	163.7992	4.870416	5.240992
0.02444313	163.3788	4.866238	5.236495
0.02448483	162.9601	4.86207	5.23201
0.02452653	162.5431	4.857913	5.227537
0.02456822	162.1277	4.853767	5.223075
0.02460992	161.7139	4.849631	5.218625
0.02465162	161.3017	4.845506	5.214186
0.02469332	160.891	4.841391	5.209758
0.02473501	160.4819	4.837287	5.205341
0.02477671	160.0743	4.833193	5.200936
0.02481841	159.6684	4.82911	5.196542
0.02486011	159.2639	4.825037	5.192159
0.0249018	158.8609	4.820974	5.187787
0.0249435	158.4594	4.816921	5.183426
0.0249852	158.0595	4.812879	5.179076
0.0250269	157.6609	4.808847	5.174737
0.0250686	157.2638	4.804825	5.170409
0.02511029	156.8682	4.800813	5.166092
0.02515199	156.4741	4.796811	5.161786
0.02519369	156.0814	4.792819	5.15749
0.02523539	155.6902	4.788837	5.153205
0.02527708	155.3003	4.784865	5.148931
0.02531878	154.9119	4.780903	5.144667
0.02536048	154.525	4.776951	5.140414
0.02540218	154.1394	4.773008	5.136172
0.02544387	153.7552	4.769075	5.13194
0.02548557	153.3726	4.765153	5.127718
0.02552727	152.9913	4.761239	5.123508
0.02556897	152.6113	4.757336	5.119307
0.02561066	152.2329	4.753442	5.115117
0.02565236	151.8558	4.749558	5.110937
0.02569406	151.4827	4.745683	5.106767
0.02573576	151.1059	4.741818	5.102608
0.02577745	150.7331	4.737962	5.098459
0.02581915	150.3617	4.734116	5.09432
0.02586085	149.9917	4.730279	5.090191
0.02590255	149.6231	4.726451	5.086073
0.02594424	149.2561	4.722633	5.081964
0.02598594	148.8902	4.718824	5.077865
0.02602764	148.5259	4.715025	5.073777
0.02606934	148.1631	4.711234	5.069698
0.02611104	147.8016	4.707453	5.065629
0.02615273	147.4416	4.703681	5.06157
0.02619443	147.083	4.699918	5.05752
0.02623613	146.7259	4.696164	5.053481
0.02627783	146.3702	4.69242	5.049452
0.02631952	146.016	4.688684	5.045432
0.02636122	145.6633	4.684957	5.041422
0.02640292	145.3121	4.68124	5.037421
0.02644462	144.9621	4.677531	5.03343
0.02648631	144.6137	4.673831	5.029448
0.02652801	144.2667	4.67014	5.025476
0.02656971	143.9212	4.666457	5.021514
0.02661141	143.5772	4.662784	5.017561
0.0266531	143.2347	4.659119	5.013617
0.0266948	142.8936	4.655462	5.009682
0.0267365	142.554	4.651815	5.005757
0.0267782	142.2158	4.648176	5.001841
0.02681989	141.8791	4.644545	4.997934
0.02686159	141.5438	4.640923	4.994037
0.02690329	141.21	4.63731	4.990149
0.02694499	140.8777	4.633705	4.986269
0.02698668	140.5465	4.630108	4.982399
0.02702838	140.2174	4.62652	4.978538
0.02707008	139.8894	4.62294	4.974686
0.02711178	139.5628	4.619369	4.970842
0.02715348	139.2377	4.615805	4.967008
0.02719517	138.914	4.61225	4.963182
0.02723687	138.5924	4.608703	4.959366
0.02727857	138.2708	4.605165	4.955558
0.02732027	137.9514	4.601634	4.951759
0.02736196	137.6333	4.598112	4.947968
0.02740366	137.3165	4.594597	4.944186
0.02744536	137.0012	4.591091	4.940413
0.02748706	136.6872	4.587592	4.936648
0.02752875	136.3746	4.584102	4.932892
0.02757045	136.0633	4.580619	4.929145
0.02761215	135.7533	4.577145	4.925406
0.02765385	135.4446	4.573678	4.921675
0.02769554	135.1373	4.570219	4.917953
0.02773724	134.8312	4.566767	4.914239
0.02777894	134.5264	4.563324	4.910533
0.02782064	134.2228	4.559888	4.906836
0.02786233	133.9205	4.55646	4.903148
0.02790403	133.6195	4.55304	4.899467
0.02794573	133.3196	4.549627	4.895795
0.02798743	133.0209	4.546222	4.89213
0.02802912	132.7235	4.542825	4.888474
0.02807082	132.4272	4.539435	4.884826
0.02811252	132.132	4.536052	4.881187
0.02815422	131.8381	4.532677	4.877555
0.02819591	131.5452	4.52931	4.873931
0.02823761	131.2535	4.52595	4.870316
0.02827931	130.9629	4.522597	4.866708
0.02832101	130.6733	4.519252	4.863108
0.02836271	130.3849	4.515914	4.859517
0.0284044	130.0975	4.512584	4.855933
0.0284461	129.8111	4.509261	4.852357
0.0284878	129.5258	4.505945	4.848789
0.0285295	129.2416	4.502637	4.845229
0.02857119	128.9583	4.499335	4.841676
0.02861289	128.6761	4.496041	4.838132
0.02865459	128.3949	4.492755	4.834595
0.02869629	128.1146	4.489475	4.831066
0.02873798	127.8354	4.486203	4.827544
0.02877968	127.5571	4.482937	4.82403
0.02882138	127.2798	4.479679	4.820524
0.02886308	127.001	4.476428	4.817026
0.02890477	126.728	4.473184	4.813535
0.02894647	126.4535	4.469947	4.810052
0.02898817	126.18	4.466717	4.806576
0.02902987	125.9073	4.463495	4.803108
0.02907156	125.6358	4.460279	4.799648
0.02911326	125.365	4.45707	4.796195
0.02915496	125.0952	4.453868	4.792749
0.02919666	124.8264	4.450673	4.789311
0.02923835	124.5584	4.447485	4.78588
0.02928005	124.2914	4.444303	4.782457
0.02932175	124.0253	4.441129	4.779041
0.02936345	123.76	4.437961	4.775632
0.02940515	123.4958	4.4348	4.772231
0.02944684	123.2323	4.431646	4.768837
0.02948854	122.9699	4.428499	4.76545
0.02953024	122.7084	4.425359	4.762071
0.02957194	122.4478	4.422225	4.758699
0.02961363	122.1881	4.419098	4.755334
0.02965533	121.9293	4.415977	4.751976
0.02969703	121.6715	4.412864	4.748625
0.02973873	121.4145	4.409756	4.745281
0.02978042	121.1585	4.406656	4.741945
0.02982212	120.9035	4.403562	4.738615
0.02986382	120.6493	4.400474	4.735293
0.02990552	120.3961	4.397393	4.731978
0.02994721	120.1439	4.394319	4.728669
0.02998891	119.8925	4.391251	4.725368
0.03003061	119.6421	4.388189	4.722073
0.03007231	119.3927	4.385134	4.718786
0.030114	119.1441	4.382086	4.715505
0.0301557	118.8966	4.379043	4.712231
0.0301974	118.65	4.376007	4.708964
0.0302391	118.4043	4.372978	4.705704
0.03028079	118.1595	4.369954	4.702451
0.03032249	117.9157	4.366937	4.699204
0.03036419	117.6729	4.363926	4.695964
0.03040589	117.4309	4.360922	4.692731
0.03044759	117.1899	4.357923	4.689505
0.03048928	116.9499	4.354931	4.686285
0.03053098	116.7108	4.351945	4.683072
0.03057268	116.4726	4.348965	4.679865
0.03061438	116.2353	4.345992	4.676665
0.03065607	115.999	4.343024	4.673472
0.03069777	115.7636	4.340062	4.670285
0.03073947	115.529	4.337107	4.667104
0.03078117	115.2954	4.334157	4.66393
0.03082286	115.0628	4.331214	4.660763
0.03086456	114.8309	4.328276	4.657602
0.03090626	114.5998	4.325345	4.654447
0.03094796	114.3698	4.322419	4.651299
0.03098965	114.1406	4.3195	4.648157
0.03103135	113.9122	4.316586	4.645022
0.03107305	113.6847	4.313678	4.641893
0.03111475	113.458	4.310776	4.63877
0.03115644	113.2321	4.30788	4.635653
0.03119814	113.007	4.30499	4.632543
0.03123984	112.7827	4.302105	4.629439
0.03128154	112.5593	4.299227	4.626342
0.03132323	112.3365	4.296354	4.62325
0.03136493	112.1146	4.293487	4.620165
0.03140663	111.8932	4.290625	4.617086
0.03144833	111.6728	4.287769	4.614013
0.03149003	111.4531	4.28492	4.610946
0.03153172	111.234	4.282075	4.607885
0.03157342	111.0156	4.279237	4.604831
0.03161512	110.7979	4.276404	4.601782
0.03165682	110.5809	4.273577	4.59874
0.03169851	110.3645	4.270755	4.595704
0.03174021	110.1488	4.267939	4.592673
0.03178191	109.9336	4.265129	4.589649
0.03182361	109.7191	4.262324	4.586631
0.0318653	109.5052	4.259525	4.583619
0.031907	109.2919	4.256731	4.580613
0.0319487	109.0791	4.253943	4.577612
0.0319904	108.8669	4.25116	4.574618
0.03203209	108.6553	4.248383	4.571629
0.03207379	108.4441	4.245611	4.568647
0.03211549	108.2336	4.242845	4.56567
0.03215719	108.0235	4.240084	4.562699
0.03219888	107.814	4.237329	4.559734
0.03224058	107.6049	4.234579	4.556775
0.03228228	107.3963	4.231835	4.553822
0.03232398	107.1883	4.229096	4.550875
0.03236567	106.9807	4.226362	4.547933
0.03240737	106.7735	4.223634	4.544997
0.03244907	106.5669	4.220911	4.542067
0.03249077	106.3607	4.218193	4.539142
0.03253247	106.1549	4.21548	4.536223
0.03257416	105.9496	4.212773	4.53331
0.03261586	105.7448	4.210071	4.530403
0.03265756	105.5403	4.207375	4.527501
0.03269926	105.3363	4.204683	4.524605
0.03274095	105.1328	4.201997	4.521714
0.03278265	104.9297	4.199316	4.518829
0.03282435	104.7271	4.19664	4.51595
0.03286605	104.5248	4.19397	4.513076
0.03290774	104.3231	4.191304	4.510208
0.03294944	104.1218	4.188644	4.507345
0.03299114	103.9209	4.185988	4.504488
0.03303284	103.7205	4.183338	4.501636
0.03307453	103.5205	4.180693	4.498789
0.03311623	103.321	4.178053	4.495948
0.03315793	103.1219	4.175418	4.493113
0.03319963	102.9234	4.172788	4.490282
0.03324132	102.7252	4.170162	4.487457
0.03328302	102.5276	4.167542	4.484638
0.03332472	102.3304	4.164927	4.481823
0.03336642	102.1338	4.162316	4.479014
0.03340811	101.9376	4.159711	4.476211
0.03344981	101.7419	4.15711	4.473412
0.03349151	101.5467	4.154515	4.470619
0.03353321	101.3524	4.151924	4.467831
0.0335749	101.158	4.149337	4.465048
0.0336166	100.9644	4.146756	4.46227
0.0336583	100.7713	4.14418	4.459498
0.0337	100.5788	4.141608	4.45673
0.0337417	100.3869	4.139041	4.453968
0.03378339	100.1955	4.136478	4.45121
0.03382509	100.0047	4.133921	4.448458
0.03386679	99.81448	4.131368	4.445711
0.03390849	99.62485	4.128819	4.442969
0.03395018	99.43582	4.126276	4.440232
0.03399188	99.2474	4.123737	4.437499
0.03403358	99.05957	4.121202	4.434772
0.03407528	98.87237	4.118673	4.43205
0.03411697	98.68581	4.116147	4.429332
0.03415867	98.49985	4.113627	4.42662
0.03420037	98.31465	4.111111	4.423913
0.03424207	98.12999	4.108599	4.42121
0.03428376	97.94603	4.106092	4.418512
0.03432546	97.76274	4.10359	4.415819
0.03436716	97.58012	4.101092	4.413131
0.03440886	97.39818	4.098598	4.410448
0.03445055	97.21693	4.096109	4.407769
0.03449225	97.03638	4.093624	4.405096
0.03453395	96.85653	4.091145	4.402427
0.03457565	96.67738	4.088669	4.399763
0.03461734	96.49909	4.086198	4.397104
0.03465904	96.32121	4.083731	4.394449
0.03470074	96.1442	4.081268	4.3918
0.03474244	95.96757	4.07881	4.389155
0.03478414	95.79234	4.076356	4.386514
0.03482583	95.61751	4.073907	4.383878
0.03486753	95.44343	4.071462	4.381247
0.03490923	95.27009	4.069022	4.378621
0.03495093	95.09739	4.066586	4.376
0.03499262	94.92548	4.064154	4.373383
0.03503432	94.75431	4.061726	4.37077
0.03507602	94.58386	4.059303	4.368163
0.03511772	94.41415	4.056884	4.36556
0.03515941	94.24518	4.054469	4.362962
0.03520111	94.07693	4.052059	4.360368
0.03524281	93.9094	4.049653	4.357779
0.03528451	93.74262	4.047251	4.355195
0.0353262	93.57654	4.044854	4.352615
0.0353679	93.41118	4.042461	4.350039
0.0354096	93.24653	4.040072	4.347469
0.0354513	93.08259	4.037687	4.344903
0.03549299	92.91936	4.035307	4.342341
0.03553469	92.75682	4.032931	4.339784
0.03557639	92.59496	4.030559	4.337232
0.03561809	92.43379	4.028191	4.334684
0.03565978	92.2733	4.025828	4.332141
0.03570148	92.11346	4.023469	4.329602
0.03574318	91.95429	4.021113	4.327068
0.03578488	91.79579	4.018763	4.324538
0.03582658	91.6379	4.016416	4.322013
0.03586827	91.48065	4.014073	4.319492
0.03590997	91.32398	4.011735	4.316975
0.03595167	91.16796	4.0094	4.314464
0.03599337	91.01247	4.00707	4.311956
0.03603506	90.85768	4.004744	4.309453
0.03607676	90.70341	4.002422	4.306954
0.03611846	90.5497	4.000104	4.30446
0.03616016	90.39656	3.997791	4.30197
0.03620185	90.24395	3.995481	4.299485
0.03624355	90.09186	3.993175	4.297004
0.03628525	89.94029	3.990874	4.294527
0.03632695	89.7892	3.988576	4.292055
0.03636864	89.63865	3.986283	4.289587
0.03641034	89.48858	3.983993	4.287123
0.03645204	89.33892	3.981708	4.284664
0.03649374	89.18973	3.979426	4.282208
0.03653543	89.04097	3.977148	4.279758
0.03657713	88.89266	3.974875	4.277311
0.03661883	88.74476	3.972605	4.274869
0.03666053	88.59725	3.970339	4.27243
0.03670222	88.45014	3.968077	4.269996
0.03674392	88.30339	3.965819	4.267567
0.03678562	88.15701	3.963565	4.265141
0.03682732	88.01	3.961315	4.26272
0.03686902	87.86528	3.959069	4.260302
0.03691071	87.71995	3.956826	4.257889
0.03695241	87.57495	3.954588	4.25548
0.03699411	87.43019	3.952353	4.253075
0.03703581	87.28574	3.950122	4.250674
0.0370775	87.14159	3.947894	4.248278
0.0371192	86.99771	3.945671	4.245885
0.0371609	86.85411	3.943451	4.243496
0.0372026	86.71075	3.941235	4.241112
0.03724429	86.56765	3.939023	4.238731
0.03728599	86.42479	3.936814	4.236354
0.03732769	86.28215	3.934609	4.233982
0.03736939	86.13975	3.932408	4.231613
0.03741108	85.99755	3.930211	4.229249
0.03745278	85.85557	3.928017	4.226888
0.03749448	85.71377	3.925827	4.224531
0.03753618	85.57224	3.923641	4.222179
0.03757787	85.43085	3.921458	4.21983
0.03761957	85.28965	3.919279	4.217485
0.03766127	85.14863	3.917103	4.215144
0.03770297	85.0078	3.914932	4.212807
0.03774466	84.86716	3.912763	4.210474
0.03778636	84.72668	3.910599	4.208144
0.03782806	84.58638	3.908438	4.205819
0.03786976	84.44626	3.90628	4.203497
0.03791145	84.30632	3.904126	4.201179
0.03795315	84.16654	3.901976	4.198865
0.03799485	84.02694	3.899829	4.196555
0.03803655	83.88752	3.897686	4.194249
0.03807825	83.74827	3.895546	4.191946
0.03811994	83.6092	3.89341	4.189648
0.03816164	83.47031	3.891277	4.187353
0.03820334	83.33168	3.889148	4.185062
0.03824504	83.19309	3.887023	4.182775
0.03828673	83.05477	3.884901	4.180491
0.03832843	82.91665	3.882782	4.178211
0.03837013	82.77875	3.880667	4.175935
0.03841183	82.64101	3.878555	4.173663
0.03845352	82.50352	3.876447	4.171394
0.03849522	82.36624	3.874342	4.169129
0.03853692	82.2292	3.872241	4.166868
0.03857862	82.0924	3.870143	4.164611
0.03862031	81.95584	3.868049	4.162357
0.03866201	81.81954	3.865958	4.160107
0.03870371	81.6835	3.86387	4.15786
0.03874541	81.54773	3.861786	4.155618
0.0387871	81.41225	3.859705	4.153378
0.0388288	81.27706	3.857628	4.151143
0.0388705	81.14216	3.855554	4.148911
0.0389122	81.00761	3.853483	4.146683
0.03895389	80.87336	3.851416	4.144458
0.03899559	80.73945	3.849352	4.142237
0.03903729	80.60588	3.847291	4.14002
0.03907899	80.47267	3.845234	4.137806
0.03912069	80.33983	3.84318	4.135596
0.03916238	80.20737	3.841129	4.133389
0.03920408	80.0753	3.839082	4.131186
0.03924578	79.94363	3.837038	4.128986
0.03928748	79.81236	3.834997	4.12679
0.03932917	79.68152	3.832959	4.124597
0.03937087	79.55112	3.830924	4.122408
0.03941257	79.42115	3.828893	4.120222
0.03945427	79.29164	3.826865	4.11804
0.03949596	79.16259	3.82484	4.115861
0.03953766	79.03401	3.822819	4.113685
0.03957936	78.90592	3.8208	4.111513
0.03962106	78.77829	3.818785	4.109345
0.03966275	78.65117	3.816773	4.10718
0.03970445	78.52455	3.814764	4.105018
0.03974615	78.39843	3.812758	4.102859
0.03978785	78.27283	3.810755	4.100704
0.03982954	78.14829	3.808756	4.098552
0.03987124	78.02321	3.806759	4.096404
0.03991294	77.89923	3.804766	4.094259
0.03995464	77.77569	3.802775	4.092117
0.03999633	77.65272	3.800788	4.089978
0.04003803	77.53042	3.798804	4.087843
0.04007973	77.40841	3.796822	4.085711
0.04012143	77.28705	3.794844	4.083582
0.04016313	77.16623	3.792869	4.081457
0.04020482	77.04595	3.790897	4.079334
0.04024652	76.92617	3.788927	4.077215
0.04028822	76.80696	3.786961	4.0751
0.04032992	76.68826	3.784998	4.072987
0.04037161	76.57007	3.783038	4.070878
0.04041331	76.45239	3.78108	4.068771
0.04045501	76.33522	3.779126	4.066668
0.04049671	76.21855	3.777175	4.064568
0.0405384	76.10237	3.775226	4.062472
0.0405801	75.98665	3.773281	4.060378
0.0406218	75.87145	3.771338	4.058288
0.0406635	75.75678	3.769398	4.056201
0.04070519	75.64236	3.767462	4.054116
0.04074689	75.52849	3.765528	4.052035
0.04078859	75.41504	3.763597	4.049958
0.04083029	75.302	3.761669	4.047883
0.04087198	75.19388	3.759744	4.045811
0.04091368	75.07711	3.757822	4.043743
0.04095538	74.96522	3.755902	4.041678
0.04099708	74.85371	3.753986	4.039615
0.04103877	74.74252	3.752073	4.037556
0.04108047	74.63167	3.750162	4.0355
0.04112217	74.52113	3.748254	4.033447
0.04116387	74.41092	3.746349	4.031397
0.04120557	74.29851	3.744447	4.029351
0.04124726	74.19125	3.742548	4.027307
0.04128896	74.08181	3.740652	4.025267
0.04133066	73.97261	3.738759	4.023229
0.04137236	73.86367	3.736868	4.021195
0.04141405	73.75485	3.734981	4.019164
0.04145575	73.64627	3.733096	4.017136
0.04149745	73.53786	3.731214	4.01511
0.04153915	73.42964	3.729335	4.013089
0.04158084	73.32154	3.727459	4.01107
0.04162254	73.21359	3.725585	4.009054
0.04166424	73.10573	3.723715	4.007041
0.04170594	72.99807	3.721847	4.005032
0.04174763	72.89047	3.719983	4.003025
0.04178933	72.78296	3.718121	4.001021
0.04183103	72.67554	3.716262	3.999021
0.04187273	72.5682	3.714406	3.997024
0.04191442	72.46093	3.712552	3.995029
0.04195612	72.35376	3.710702	3.993038
0.04199782	72.2464	3.708854	3.99105
0.04203952	72.13948	3.707009	3.989065
0.04208121	72.03243	3.705167	3.987082
0.04212291	71.92539	3.703328	3.985103
0.04216461	71.81845	3.701492	3.983127
0.04220631	71.7115	3.699658	3.981154
0.04224801	71.60468	3.697828	3.979184
0.0422897	71.49785	3.696	3.977217
0.0423314	71.39107	3.694175	3.975253
0.0423731	71.28432	3.692352	3.973292
0.0424148	71.17763	3.690533	3.971334
0.04245649	71.07099	3.688716	3.969379
0.04249819	70.96442	3.686902	3.967427
0.04253989	70.8579	3.685091	3.965478
0.04258159	70.75148	3.683283	3.963532
0.04262328	70.64513	3.681477	3.961589
0.04266498	70.53886	3.679674	3.959649
0.04270668	70.43272	3.677874	3.957712
0.04274838	70.32666	3.676076	3.955778
0.04279007	70.22097	3.674281	3.953846
0.04283177	70.11457	3.672489	3.951918
0.04287347	70.00927	3.6707	3.949992
0.04291517	69.90377	3.668913	3.94807
0.04295686	69.79843	3.667129	3.94615
0.04299856	69.69326	3.665348	3.944233
0.04304026	69.58829	3.663569	3.942319
0.04308196	69.48352	3.661793	3.940408
0.04312365	69.37896	3.66002	3.9385
0.04316535	69.27463	3.658249	3.936594
0.04320705	69.17055	3.656481	3.934692
0.04324875	69.06672	3.654716	3.932792
0.04329044	68.96315	3.652953	3.930895
0.04333214	68.85987	3.651193	3.929001
0.04337384	68.75687	3.649435	3.927109
0.04341554	68.65418	3.64768	3.925221
0.04345724	68.5518	3.645928	3.923335
0.04349893	68.44972	3.644178	3.921452
0.04354063	68.34804	3.64243	3.919571
0.04358233	68.24668	3.640685	3.917693
0.04362403	68.14566	3.638942	3.915818
0.04366572	68.04507	3.637202	3.913946
0.04370742	67.94474	3.635465	3.912076
0.04374912	67.84485	3.63373	3.910209
0.04379082	67.74534	3.631997	3.908345
0.04383251	67.64623	3.630267	3.906483
0.04387421	67.54752	3.62854	3.904624
0.04391591	67.44922	3.626815	3.902768
0.04395761	67.35132	3.625092	3.900914
0.0439993	67.25383	3.623372	3.899063
0.044041	67.15676	3.621654	3.897215
0.0440827	67.0601	3.619939	3.895369
0.0441244	66.96386	3.618226	3.893526
0.04416609	66.86804	3.616515	3.891685
0.04420779	66.77264	3.614807	3.889847
0.04424949	66.67765	3.613102	3.888011
0.04429119	66.58308	3.611398	3.886179
0.04433288	66.48892	3.609697	3.884348
0.04437458	66.39517	3.607999	3.88252
0.04441628	66.30182	3.606302	3.880695
0.04445798	66.20887	3.604609	3.878872
0.04449968	66.11632	3.602917	3.877052
0.04454137	66.02416	3.601228	3.875235
0.04458307	65.93239	3.599541	3.873419
0.04462477	65.84099	3.597857	3.871607
0.04466647	65.74996	3.596175	3.869797
0.04470816	65.6593	3.594495	3.867989
0.04474986	65.56899	3.592818	3.866184
0.04479156	65.47904	3.591143	3.864382
0.04483326	65.3894	3.58947	3.862582
0.04487495	65.30014	3.587799	3.860784
0.04491665	65.21119	3.586131	3.858989
0.04495835	65.12255	3.584465	3.857196
0.04500005	65.03422	3.582802	3.855406
0.04504174	64.94618	3.581141	3.853619
0.04508344	64.85842	3.579482	3.851834
0.04512514	64.77098	3.577825	3.850051
0.04516684	64.6838	3.576171	3.848271
0.04520853	64.59688	3.574519	3.846493
0.04525023	64.51022	3.572869	3.844717
0.04529193	64.4238	3.571221	3.842944
0.04533363	64.33763	3.569576	3.841174
0.04537532	64.25179	3.567933	3.839406
0.04541702	64.16598	3.566292	3.83764
0.04545872	64.08049	3.564653	3.835877
0.04550042	63.99521	3.563017	3.834116
0.04554212	63.91013	3.561383	3.832358
0.04558381	63.82523	3.559751	3.830602
0.04562551	63.74057	3.558122	3.828848
0.04566721	63.65607	3.556494	3.827097
0.04570891	63.57175	3.554869	3.825348
0.0457506	63.48762	3.553246	3.823601
0.0457923	63.40364	3.551625	3.821857
0.045834	63.31983	3.550006	3.820115
0.0458757	63.23618	3.54839	3.818376
0.04591739	63.15272	3.546776	3.816639
0.04595909	63.06935	3.545163	3.814904
0.04600079	62.98616	3.543553	3.813172
0.04604249	62.90306	3.541946	3.811441
0.04608418	62.8202	3.54034	3.809714
0.04612588	62.73743	3.538736	3.807988
0.04616758	62.65408	3.537135	3.806265
0.04620928	62.57224	3.535536	3.804544
0.04625097	62.48992	3.533938	3.802825
0.04629267	62.40765	3.532343	3.801108
0.04633437	62.32551	3.53075	3.799394
0.04637607	62.2435	3.529159	3.797682
0.04641776	62.1616	3.527571	3.795973
0.04645946	62.07982	3.525984	3.794265
0.04650116	61.99815	3.524399	3.79256
0.04654286	61.91659	3.522817	3.790857
0.04658456	61.83515	3.521236	3.789156
0.04662625	61.75377	3.519658	3.787458
0.04666795	61.67252	3.518081	3.785761
0.04670965	61.59135	3.516507	3.784067
0.04675135	61.5103	3.514934	3.782375
0.04679304	61.42932	3.513364	3.780685
0.04683474	61.34844	3.511796	3.778998
0.04687644	61.26765	3.51023	3.777312
0.04691814	61.18694	3.508666	3.775629
0.04695983	61.10631	3.507103	3.773948
0.04700153	61.02576	3.505543	3.772269
0.04704323	60.94348	3.503985	3.770593
0.04708493	60.86488	3.502429	3.768918
0.04712662	60.78454	3.500875	3.767246
0.04716832	60.70427	3.499323	3.765576
0.04721002	60.62406	3.497773	3.763908
0.04725172	60.54391	3.496225	3.762242
0.04729341	60.46382	3.494679	3.760579
0.04733511	60.38378	3.493135	3.758917
0.04737681	60.30379	3.491593	3.757258
0.04741851	60.22385	3.490053	3.755601
0.0474602	60.14393	3.488515	3.753946
0.0475019	60.06408	3.486979	3.752293
0.0475436	59.98428	3.485446	3.750642
0.0475853	59.90452	3.483914	3.748994
0.047627	59.82478	3.482384	3.747348
0.04766869	59.74508	3.480856	3.745704
0.04771039	59.66542	3.47933	3.744062
0.04775209	59.58577	3.477806	3.742422
0.04779379	59.50617	3.476285	3.740784
0.04783548	59.4266	3.474765	3.739149
0.04787718	59.34706	3.473247	3.737516
0.04791888	59.26756	3.471731	3.735885
0.04796058	59.18808	3.470218	3.734256
0.04800227	59.10865	3.468706	3.732629
0.04804397	59.02924	3.467196	3.731005
0.04808567	58.94988	3.465689	3.729382
0.04812737	58.87055	3.464183	3.727762
0.04816906	58.79122	3.462679	3.726144
0.04821076	58.71205	3.461178	3.724528
0.04825246	58.63287	3.459678	3.722914
0.04829416	58.55375	3.45818	3.721303
0.04833585	58.47468	3.456685	3.719693
0.04837755	58.39567	3.455191	3.718086
0.04841925	58.31677	3.4537	3.716481
0.04846095	58.23793	3.45221	3.714878
0.04850264	58.15917	3.450723	3.713277
0.04854434	58.0805	3.449237	3.711679
0.04858604	58.00194	3.447753	3.710082
0.04862774	57.92348	3.446272	3.708488
0.04866943	57.84514	3.444792	3.706896
0.04871113	57.76693	3.443314	3.705306
0.04875283	57.68885	3.441839	3.703718
0.04879453	57.61224	3.440365	3.702132
0.04883623	57.53314	3.438893	3.700548
0.04887792	57.45552	3.437423	3.698966
0.04891962	57.38021	3.435955	3.697387
0.04896132	57.30082	3.434489	3.695809
0.04900302	57.22371	3.433025	3.694234
0.04904471	57.14688	3.431563	3.692661
0.04908641	57.07023	3.430103	3.691089
0.04912811	56.9938	3.428645	3.68952
0.04916981	56.91597	3.427189	3.687953
0.0492115	56.84165	3.425734	3.686388
0.0492532	56.76599	3.424282	3.684825
0.0492949	56.69052	3.422831	3.683264
0.0493366	56.61535	3.421382	3.681705
0.04937829	56.54047	3.419935	3.680148
0.04941999	56.46587	3.41849	3.678593
0.04946169	56.39158	3.417047	3.67704
0.04950339	56.31759	3.415606	3.675489
0.04954508	56.24391	3.414166	3.67394
0.04958678	56.16644	3.412729	3.672393
0.04962848	56.09753	3.411293	3.670848
0.04967018	56.02483	3.409859	3.669305
0.04971187	55.95246	3.408427	3.667763
0.04975357	55.88043	3.406996	3.666224
0.04979527	55.80876	3.405568	3.664687
0.04983697	55.73743	3.404141	3.663152
0.04987867	55.6664	3.402716	3.661618
0.04992036	55.59584	3.401293	3.660087
0.04996206	55.52557	3.399871	3.658557
0.05000376	55.45566	3.398452	3.657029
0.05004546	55.3861	3.397034	3.655504
0.05008715	55.3169	3.395618	3.65398
0.05012885	55.24818	3.394203	3.652458
0.05017055	55.17956	3.392791	3.650938
0.05021225	55.11142	3.39138	3.64942
0.05025394	55.04362	3.389971	3.647903
0.05029564	54.97615	3.388563	3.646389
0.05033734	54.90912	3.387158	3.644876
0.05037904	54.84362	3.385754	3.643365
0.05042073	54.77576	3.384352	3.641857
0.05046243	54.7096	3.382951	3.64035
0.05050413	54.64376	3.381553	3.638845
0.05054583	54.57821	3.380156	3.637341
0.05058752	54.51296	3.37876	3.63584
0.05062922	54.44799	3.377367	3.63434
0.05067092	54.3833	3.375975	3.632843
0.05071262	54.31887	3.374584	3.631346
0.05075431	54.25469	3.373196	3.629853
0.05079601	54.19076	3.37181	3.628361
0.05083771	54.12706	3.370425	3.62687
0.05087941	54.06354	3.369042	3.625382
0.05092111	54.00032	3.36766	3.623895
0.0509628	53.93725	3.36628	3.62241
0.0510045	53.87438	3.364902	3.620927
0.0510462	53.81167	3.363526	3.619446
0.0510879	53.74908	3.362151	3.617967
0.05112959	53.68673	3.360778	3.61649
0.05117129	53.62432	3.359407	3.615014
0.05121299	53.56235	3.358037	3.61354
0.05125469	53.50035	3.356669	3.612068
0.05129638	53.43843	3.355303	3.610598
0.05133808	53.37671	3.353938	3.609129
0.05137978	53.31488	3.352575	3.607663
0.05142148	53.25322	3.351214	3.606198
0.05146317	53.19161	3.349855	3.604735
0.05150487	53.13006	3.348497	3.603274
0.05154657	53.06856	3.347141	3.601815
0.05158827	53.00704	3.345786	3.600357
0.05162996	52.94557	3.344434	3.598901
0.05167166	52.8841	3.343083	3.597448
0.05171336	52.82266	3.341733	3.595995
0.05175506	52.7612	3.340385	3.594545
0.05179675	52.69983	3.339039	3.593097
0.05183845	52.63823	3.337695	3.59165
0.05188015	52.57671	3.336352	3.590205
0.05192185	52.51517	3.335011	3.588762
0.05196355	52.45358	3.333671	3.58732
0.05200524	52.39196	3.332333	3.585881
0.05204694	52.33024	3.330997	3.584443
0.05208864	52.26858	3.329663	3.583006
0.05213034	52.20682	3.32833	3.581572
0.05217203	52.14501	3.326998	3.580139
0.05221373	52.08315	3.325668	3.578708
0.05225543	52.02125	3.32434	3.577279
0.05229713	51.95929	3.323014	3.575852
0.05233882	51.89726	3.321689	3.574426
0.05238052	51.8352	3.320365	3.573002
0.05242222	51.77313	3.319044	3.57158
0.05246392	51.71096	3.317723	3.570159
0.05250561	51.64876	3.316405	3.56874
0.05254731	51.58654	3.315088	3.567323
0.05258901	51.52429	3.313772	3.565907
0.05263071	51.46201	3.312458	3.564493
0.0526724	51.39972	3.311146	3.563081
0.0527141	51.33741	3.309835	3.56167
0.0527558	51.2751	3.308526	3.560261
0.0527975	51.21278	3.307218	3.558854
0.05283919	51.15048	3.305911	3.557448
0.05288089	51.0882	3.304607	3.556044
0.05292259	51.02593	3.303303	3.554642
0.05296429	50.96371	3.302002	3.553241
0.05300599	50.90153	3.300701	3.551842
0.05304768	50.83939	3.299403	3.550444
0.05308938	50.77732	3.298105	3.549048
0.05313108	50.71532	3.29681	3.547654
0.05317278	50.65341	3.295515	3.546261
0.05321447	50.59157	3.294222	3.54487
0.05325617	50.52984	3.292931	3.54348
0.05329787	50.46822	3.291641	3.542092
0.05333957	50.40672	3.290353	3.540706
0.05338126	50.34534	3.289066	3.539321
0.05342296	50.2841	3.28778	3.537937
0.05346466	50.22301	3.286496	3.536556
0.05350636	50.16207	3.285213	3.535175
0.05354805	50.10129	3.283932	3.533797
0.05358975	50.04068	3.282653	3.53242
0.05363145	49.98025	3.281374	3.531044
0.05367315	49.92001	3.280097	3.52967
0.05371484	49.85996	3.278822	3.528298
0.05375654	49.80011	3.277548	3.526927
0.05379824	49.74047	3.276276	3.525557
0.05383994	49.68103	3.275005	3.52419
0.05388163	49.62181	3.273735	3.522823
0.05392333	49.5628	3.272467	3.521459
0.05396503	49.50402	3.2712	3.520096
0.05400673	49.44546	3.269935	3.518734
0.05404842	49.38714	3.268671	3.517374
0.05409012	49.32905	3.267408	3.516015
0.05413182	49.27119	3.266147	3.514658
0.05417352	49.21356	3.264888	3.513303
0.05421522	49.15617	3.26363	3.511949
0.05425691	49.09901	3.262373	3.510597
0.05429861	49.04221	3.261118	3.509246
0.05434031	48.98538	3.259864	3.507897
0.05438201	48.92892	3.258611	3.506549
0.0544237	48.87268	3.25736	3.505203
0.0544654	48.81666	3.256111	3.503858
0.0545071	48.76087	3.254862	3.502515
0.0545488	48.70529	3.253616	3.501173
0.05459049	48.64993	3.25237	3.499833
0.05463219	48.59477	3.251127	3.498495
0.05467389	48.53982	3.249884	3.497158
0.05471559	48.48506	3.248643	3.495822
0.05475728	48.43051	3.247403	3.494488
0.05479898	48.37613	3.246165	3.493156
0.05484068	48.32205	3.244928	3.491825
0.05488238	48.26792	3.243693	3.490496
0.05492407	48.21407	3.242459	3.489168
0.05496577	48.16038	3.241226	3.487842
0.05500747	48.10684	3.239995	3.486517
0.05504917	48.05346	3.238766	3.485193
0.05509086	48.00021	3.237537	3.483871
0.05513256	47.94726	3.23631	3.482551
0.05517426	47.89413	3.235084	3.481232
0.05521596	47.84127	3.23386	3.479915
0.05525766	47.78853	3.232637	3.478599
0.05529935	47.73589	3.231416	3.477284
0.05534105	47.68337	3.230196	3.475971
0.05538275	47.63094	3.228977	3.47466
0.05542445	47.5786	3.22776	3.47335
0.05546614	47.52635	3.226544	3.472042
0.05550784	47.47418	3.225329	3.470735
0.05554954	47.42209	3.224116	3.469429
0.05559124	47.37007	3.222904	3.468125
0.05563293	47.31819	3.221693	3.466822
0.05567463	47.26623	3.220484	3.465521
0.05571633	47.2144	3.219276	3.464221
0.05575803	47.16263	3.218069	3.462922
0.05579972	47.11091	3.216864	3.461625
0.05584142	47.05925	3.21566	3.46033
0.05588312	47.00763	3.214457	3.459036
0.05592482	46.95605	3.213256	3.457743
0.05596651	46.90452	3.212056	3.456451
0.05600821	46.85304	3.210857	3.455161
0.05604991	46.8016	3.20966	3.453873
0.05609161	46.75018	3.208464	3.452586
0.0561333	46.69881	3.207269	3.4513
0.056175	46.64747	3.206075	3.450016
0.0562167	46.59616	3.204883	3.448733
0.0562584	46.5449	3.203692	3.447451
0.0563001	46.4937	3.202502	3.446171
0.05634179	46.44251	3.201314	3.444892
0.05638349	46.39136	3.200127	3.443615
0.05642519	46.34025	3.198941	3.442339
0.05646689	46.28917	3.197757	3.441065
0.05650858	46.23813	3.196574	3.439791
0.05655028	46.18713	3.195392	3.43852
0.05659198	46.13616	3.194212	3.43725
0.05663368	46.08523	3.193032	3.43598
0.05667537	46.03435	3.191854	3.434713
0.05671707	45.98354	3.190678	3.433447
0.05675877	45.93271	3.189502	3.432182
0.05680047	45.88195	3.188328	3.430919
0.05684216	45.83123	3.187156	3.429656
0.05688386	45.78057	3.185984	3.428396
0.05692556	45.72995	3.184814	3.427137
0.05696726	45.67937	3.183645	3.425879
0.05700895	45.62885	3.182478	3.424623
0.05705065	45.57837	3.181312	3.423368
0.05709235	45.52794	3.180147	3.422115
0.05713405	45.47756	3.178984	3.420863
0.05717574	45.42723	3.177821	3.419612
0.05721744	45.37696	3.176661	3.418363
0.05725914	45.32671	3.175501	3.417115
0.05730084	45.27656	3.174343	3.415869
0.05734254	45.22645	3.173186	3.414624
0.05738423	45.17641	3.172031	3.413381
0.05742593	45.12642	3.170877	3.412139
0.05746763	45.07649	3.169724	3.410899
0.05750933	45.02661	3.168573	3.40966
0.05755102	44.97669	3.167423	3.408422
0.05759272	44.92706	3.166274	3.407186
0.05763442	44.87737	3.165127	3.405952
0.05767612	44.82776	3.163981	3.404719
0.05771781	44.77821	3.162836	3.403487
0.05775951	44.72872	3.161693	3.402256
0.05780121	44.67931	3.160551	3.401028
0.05784291	44.62997	3.15941	3.3998
0.0578846	44.58071	3.158271	3.398574
0.0579263	44.53151	3.157133	3.39735
0.057968	44.4824	3.155996	3.396127
0.0580097	44.43336	3.154861	3.394905
0.05805139	44.3844	3.153727	3.393685
0.05809309	44.33553	3.152595	3.392466
0.05813479	44.28673	3.151463	3.391249
0.05817649	44.23803	3.150333	3.390033
0.05821818	44.18941	3.149205	3.388818
0.05825988	44.14088	3.148077	3.387605
0.05830158	44.09244	3.146951	3.386393
0.05834328	44.0441	3.145827	3.385183
0.05838498	43.99583	3.144703	3.383974
0.05842667	43.94768	3.143581	3.382767
0.05846837	43.89962	3.14246	3.38156
0.05851007	43.85167	3.141341	3.380356
0.05855177	43.80381	3.140223	3.379152
0.05859346	43.75613	3.139106	3.37795
0.05863516	43.70842	3.13799	3.37675
0.05867686	43.66088	3.136875	3.375551
0.05871856	43.61345	3.135762	3.374353
0.05876025	43.56613	3.13465	3.373156
0.05880195	43.51892	3.133539	3.371961
0.05884365	43.47181	3.13243	3.370767
0.05888535	43.42484	3.131322	3.369574
0.05892704	43.37797	3.130215	3.368383
0.05896874	43.33121	3.129109	3.367193
0.05901044	43.28459	3.128004	3.366004
0.05905214	43.23806	3.126901	3.364817
0.05909383	43.19165	3.125798	3.363631
0.05913553	43.14536	3.124697	3.362446
0.05917723	43.09939	3.123597	3.361262
0.05921893	43.05313	3.122499	3.36008
0.05926062	43.00719	3.121401	3.358899
0.05930232	42.96137	3.120305	3.357719
0.05934402	42.91565	3.119209	3.356541
0.05938572	42.87005	3.118115	3.355363
0.05942741	42.82457	3.117022	3.354187
0.05946911	42.7792	3.11593	3.353012
0.05951081	42.73393	3.11484	3.351838
0.05955251	42.68878	3.11375	3.350666
0.05959421	42.64373	3.112662	3.349495
0.0596359	42.59876	3.111574	3.348324
0.0596776	42.55395	3.110488	3.347155
0.0597193	42.50921	3.109402	3.345987
0.059761	42.46457	3.108318	3.344821
0.05980269	42.42003	3.107235	3.343655
0.05984439	42.37558	3.106153	3.342491
0.05988609	42.33123	3.105072	3.341328
0.05992779	42.28694	3.103992	3.340166
0.05996948	42.24279	3.102914	3.339005
0.06001118	42.19869	3.101836	3.337845
0.06005288	42.15468	3.100759	3.336686
0.06009458	42.11075	3.099683	3.335529
0.06013627	42.06689	3.098609	3.334372
0.06017797	42.02311	3.097535	3.333217
0.06021967	41.97941	3.096462	3.332063
0.06026137	41.93577	3.095391	3.33091
0.06030306	41.8922	3.09432	3.329758
0.06034476	41.84869	3.093251	3.328607
0.06038646	41.80525	3.092182	3.327457
0.06042816	41.76187	3.091115	3.326308
0.06046985	41.71855	3.090048	3.32516
0.06051155	41.67529	3.088983	3.324014
0.06055325	41.63208	3.087918	3.322868
0.06059495	41.58892	3.086855	3.321724
0.06063665	41.54583	3.085792	3.320581
0.06067834	41.50278	3.084731	3.319439
0.06072004	41.45979	3.08367	3.318297
0.06076174	41.41685	3.082611	3.317157
0.06080344	41.37396	3.081552	3.316018
0.06084513	41.33111	3.080495	3.31488
0.06088683	41.28834	3.079438	3.313743
0.06092853	41.24495	3.078383	3.312608
0.06097023	41.20292	3.077328	3.311473
0.06101192	41.16029	3.076275	3.310339
0.06105362	41.11772	3.075222	3.309206
0.06109532	41.07521	3.074171	3.308075
0.06113702	41.03275	3.07312	3.306944
0.06117871	40.99046	3.072071	3.305815
0.06122041	40.94803	3.071022	3.304687
0.06126211	40.90581	3.069974	3.303559
0.06130381	40.86357	3.068928	3.302433
0.0613455	40.82145	3.067882	3.301308
0.0613872	40.77941	3.066838	3.300184
0.0614289	40.73744	3.065794	3.299061
0.0614706	40.69554	3.064751	3.297939
0.06151229	40.65375	3.06371	3.296818
0.06155399	40.61204	3.062669	3.295698
0.06159569	40.57043	3.061629	3.294579
0.06163739	40.52892	3.060591	3.293462
0.06167909	40.4875	3.059553	3.292345
0.06172078	40.4462	3.058517	3.29123
0.06176248	40.40505	3.057481	3.290115
0.06180418	40.36393	3.056446	3.289002
0.06184588	40.32298	3.055413	3.28789
0.06188757	40.28216	3.05438	3.286778
0.06192927	40.24146	3.053348	3.285668
0.06197097	40.20089	3.052318	3.284559
0.06201267	40.16047	3.051288	3.283451
0.06205436	40.12019	3.050259	3.282344
0.06209606	40.08007	3.049232	3.281238
0.06213776	40.04009	3.048205	3.280134
0.06217946	40.00026	3.047179	3.27903
0.06222115	39.96064	3.046155	3.277927
0.06226285	39.92107	3.045131	3.276826
0.06230455	39.88172	3.044108	3.275725
0.06234625	39.84253	3.043087	3.274626
0.06238794	39.80352	3.042066	3.273528
0.06242964	39.76467	3.041047	3.272431
0.06247134	39.72599	3.040028	3.271335
0.06251304	39.68749	3.039011	3.27024
0.06255473	39.64915	3.037994	3.269146
0.06259643	39.61098	3.036978	3.268053
0.06263813	39.57298	3.035964	3.266961
0.06267983	39.53514	3.034951	3.265871
0.06272153	39.49749	3.033938	3.264781
0.06276322	39.45999	3.032927	3.263693
0.06280492	39.42265	3.031916	3.262606
0.06284662	39.38548	3.030907	3.261519
0.06288832	39.3485	3.029899	3.260434
0.06293001	39.31158	3.028891	3.259351
0.06297171	39.27485	3.027885	3.258268
0.06301341	39.23826	3.02688	3.257186
0.06305511	39.20182	3.025876	3.256106
0.0630968	39.16547	3.024873	3.255026
0.0631385	39.12927	3.023871	3.253948
0.0631802	39.09317	3.02287	3.252871
0.0632219	39.05719	3.02187	3.251795
0.06326359	39.02131	3.020871	3.25072
0.06330529	38.98551	3.019873	3.249646
0.06334699	38.94979	3.018876	3.248574
0.06338869	38.91414	3.017881	3.247502
0.06343038	38.87856	3.016886	3.246432
0.06347208	38.84303	3.015893	3.245363
0.06351378	38.80754	3.0149	3.244295
0.06355548	38.77209	3.013909	3.243228
0.06359717	38.73666	3.012919	3.242162
0.06363887	38.70124	3.011929	3.241098
0.06368057	38.66582	3.010941	3.240034
0.06372227	38.6304	3.009954	3.238972
0.06376396	38.59496	3.008968	3.237911
0.06380566	38.55949	3.007983	3.236851
0.06384736	38.52399	3.006999	3.235793
0.06388906	38.48844	3.006017	3.234735
0.06393076	38.45283	3.005035	3.233679
0.06397245	38.41716	3.004054	3.232624
0.06401415	38.38142	3.003075	3.23157
0.06405585	38.34559	3.002096	3.230517
0.06409755	38.30968	3.001119	3.229465
0.06413924	38.27366	3.000143	3.228414
0.06418094	38.23754	2.999167	3.227365
0.06422264	38.20131	2.998193	3.226317
0.06426434	38.16496	2.99722	3.225269
0.06430603	38.12849	2.996248	3.224223
0.06434773	38.09189	2.995277	3.223179
0.06438943	38.05516	2.994307	3.222135
0.06443113	38.0183	2.993338	3.221092
0.06447282	37.98129	2.99237	3.220051
0.06451452	37.94415	2.991403	3.21901
0.06455622	37.90687	2.990438	3.217971
0.06459792	37.86946	2.989473	3.216933
0.06463961	37.83188	2.988509	3.215895
0.06468131	37.79417	2.987546	3.214859
0.06472301	37.75634	2.986584	3.213824
0.06476471	37.71836	2.985623	3.21279
0.0648064	37.68025	2.984663	3.211757
0.0648481	37.64201	2.983705	3.210726
0.0648898	37.60365	2.982747	3.209695
0.0649315	37.56471	2.98179	3.208665
0.0649732	37.52658	2.980834	3.207636
0.06501489	37.48788	2.979879	3.206608
0.06505659	37.44909	2.978924	3.205582
0.06509829	37.41021	2.977971	3.204556
0.06513999	37.37124	2.977019	3.203531
0.06518168	37.33221	2.976067	3.202507
0.06522338	37.29311	2.975117	3.201484
0.06526508	37.25396	2.974167	3.200462
0.06530678	37.21477	2.973218	3.199442
0.06534847	37.17556	2.97227	3.198421
0.06539017	37.13632	2.971323	3.197402
0.06543187	37.09707	2.970377	3.196384
0.06547357	37.05784	2.969432	3.195367
0.06551526	37.01861	2.968487	3.194351
0.06555696	36.97942	2.967544	3.193335
0.06559866	36.94027	2.966601	3.192321
0.06564036	36.90117	2.965659	3.191307
0.06568205	36.86214	2.964718	3.190294
0.06572375	36.82318	2.963778	3.189282
0.06576545	36.78431	2.962838	3.188271
0.06580715	36.74554	2.961899	3.187261
0.06584884	36.70689	2.960961	3.186252
0.06589054	36.66837	2.960024	3.185244
0.06593224	36.62997	2.959088	3.184236
0.06597394	36.59172	2.958153	3.183229
0.06601564	36.55363	2.957218	3.182224
0.06605733	36.51569	2.956284	3.181219
0.06609903	36.47794	2.955351	3.180215
0.06614073	36.44037	2.954419	3.179211
0.06618243	36.40298	2.953487	3.178209
0.06622412	36.36579	2.952557	3.177208
0.06626582	36.32881	2.951627	3.176207
0.06630752	36.29204	2.950698	3.175207
0.06634922	36.25548	2.949769	3.174208
0.06639091	36.21913	2.948842	3.17321
0.06643261	36.18301	2.947915	3.172213
0.06647431	36.14712	2.946989	3.171217
0.06651601	36.11146	2.946064	3.170222
0.0665577	36.07588	2.94514	3.169227
0.0665994	36.04082	2.944217	3.168233
0.0666411	36.00585	2.943294	3.167241
0.0666828	35.97111	2.942372	3.166249
0.06672449	35.9366	2.941452	3.165258
0.06676619	35.90231	2.940531	3.164268
0.06680789	35.86826	2.939612	3.163278
0.06684959	35.83442	2.938694	3.16229
0.06689128	35.80095	2.937776	3.161303
0.06693298	35.7674	2.93686	3.160316
0.06697468	35.73471	2.935944	3.159331
0.06701638	35.70122	2.935029	3.158346
0.06705808	35.66842	2.934114	3.157362
0.06709977	35.63582	2.933201	3.156379
0.06714147	35.6034	2.932289	3.155398
0.06718317	35.57116	2.931377	3.154417
0.06722487	35.53909	2.930466	3.153437
0.06726656	35.50718	2.929556	3.152457
0.06730826	35.47543	2.928647	3.151479
0.06734996	35.44383	2.927739	3.150502
0.06739166	35.41237	2.926832	3.149526
0.06743335	35.38107	2.925926	3.14855
0.06747505	35.34982	2.92502	3.147576
0.06751675	35.31873	2.924115	3.146602
0.06755845	35.28774	2.923212	3.14563
0.06760014	35.25685	2.922309	3.144658
0.06764184	35.22605	2.921407	3.143688
0.06768354	35.19533	2.920506	3.142718
0.06772524	35.16468	2.919605	3.141749
0.06776693	35.1341	2.918706	3.140781
0.06780863	35.10358	2.917807	3.139814
0.06785033	35.07311	2.91691	3.138848
0.06789203	35.04269	2.916013	3.137883
0.06793372	35.0123	2.915117	3.136919
0.06797542	34.98195	2.914222	3.135956
0.06801712	34.95162	2.913328	3.134994
0.06805882	34.92131	2.912434	3.134032
0.06810052	34.89102	2.911542	3.133072
0.06814221	34.86074	2.91065	3.132113
0.06818391	34.83047	2.909759	3.131154
0.06822561	34.80019	2.908869	3.130196
0.06826731	34.76992	2.90798	3.12924
0.068309	34.73964	2.907092	3.128284
0.0683507	34.70936	2.906204	3.127329
0.0683924	34.67906	2.905318	3.126375
0.0684341	34.64875	2.904432	3.125421
0.06847579	34.61844	2.903547	3.124469
0.06851749	34.5881	2.902663	3.123518
0.06855919	34.55775	2.90178	3.122567
0.06860089	34.52738	2.900897	3.121618
0.06864258	34.49699	2.900015	3.120669
0.06868428	34.46659	2.899134	3.119721
0.06872598	34.43617	2.898254	3.118774
0.06876768	34.40574	2.897375	3.117827
0.06880937	34.37528	2.896497	3.116882
0.06885107	34.34482	2.895619	3.115938
0.06889277	34.31434	2.894742	3.114994
0.06893447	34.28385	2.893866	3.114051
0.06897616	34.25335	2.89299	3.113109
0.06901786	34.22285	2.892116	3.112168
0.06905956	34.19234	2.891242	3.111228
0.06910126	34.16182	2.890369	3.110288
0.06914295	34.13131	2.889496	3.109349
0.06918465	34.10079	2.888625	3.108412
0.06922635	34.07028	2.887754	3.107474
0.06926805	34.03978	2.886884	3.106538
0.06930975	34.00928	2.886015	3.105603
0.06935144	33.97878	2.885146	3.104668
0.06939314	33.94832	2.884278	3.103734
0.06943484	33.91787	2.883411	3.102801
0.06947654	33.88744	2.882545	3.101869
0.06951823	33.85703	2.88168	3.100938
0.06955993	33.82665	2.880815	3.100007
0.06960163	33.79626	2.879951	3.099077
0.06964333	33.76596	2.879087	3.098148
0.06968502	33.73568	2.878225	3.09722
0.06972672	33.7054	2.877363	3.096293
0.06976842	33.6752	2.876502	3.095366
0.06981012	33.64502	2.875642	3.09444
0.06985181	33.61489	2.874782	3.093515
0.06989351	33.58481	2.873923	3.092591
0.06993521	33.55477	2.873065	3.091667
0.06997691	33.52478	2.872207	3.090745
0.0700186	33.49487	2.871351	3.089823
0.0700603	33.46495	2.870495	3.088902
0.070102	33.43513	2.86964	3.087982
0.0701437	33.40536	2.868785	3.087062
0.07018539	33.37565	2.867931	3.086144
0.07022709	33.346	2.867078	3.085226
0.07026879	33.31643	2.866226	3.084309
0.07031049	33.28689	2.865375	3.083392
0.07035219	33.25744	2.864524	3.082477
0.07039388	33.22805	2.863674	3.081562
0.07043558	33.19872	2.862824	3.080648
0.07047728	33.16947	2.861976	3.079735
0.07051898	33.14028	2.861128	3.078823
0.07056067	33.11118	2.860281	3.077911
0.07060237	33.08214	2.859435	3.077
0.07064407	33.05317	2.858589	3.07609
0.07068577	33.02428	2.857744	3.075181
0.07072746	32.99546	2.8569	3.074273
0.07076916	32.96672	2.856056	3.073365
0.07081086	32.93805	2.855214	3.072458
0.07085256	32.90945	2.854372	3.071552
0.07089425	32.88094	2.853531	3.070647
0.07093595	32.85249	2.85269	3.069743
0.07097765	32.82412	2.85185	3.068839
0.07101935	32.79583	2.851011	3.067936
0.07106104	32.76761	2.850173	3.067034
0.07110274	32.73947	2.849336	3.066133
0.07114444	32.7114	2.848499	3.065232
0.07118614	32.68341	2.847663	3.064333
0.07122783	32.65548	2.846827	3.063434
0.07126953	32.62763	2.845993	3.062536
0.07131123	32.59985	2.845159	3.061638
0.07135293	32.57213	2.844326	3.060742
0.07139463	32.54449	2.843493	3.059846
0.07143632	32.51691	2.842662	3.058951
0.07147802	32.48939	2.841831	3.058057
0.07151972	32.46193	2.841001	3.057164
0.07156142	32.43453	2.840171	3.056271
0.07160311	32.40719	2.839342	3.055379
0.07164481	32.37991	2.838514	3.054488
0.07168651	32.35267	2.837687	3.053598
0.07172821	32.32548	2.836861	3.052709
0.0717699	32.29834	2.836035	3.05182
0.0718116	32.27123	2.83521	3.050932
0.0718533	32.24446	2.834385	3.050045
0.071895	32.21712	2.833562	3.049159
0.07193669	32.19014	2.832739	3.048273
0.07197839	32.16316	2.831917	3.047389
0.07202009	32.13621	2.831095	3.046505
0.07206179	32.10927	2.830275	3.045622
0.07210348	32.08234	2.829455	3.044739
0.07214518	32.05542	2.828635	3.043858
0.07218688	32.02851	2.827817	3.042977
0.07222858	32.0016	2.826999	3.042097
0.07227027	31.97466	2.826182	3.041218
0.07231197	31.94772	2.825366	3.040339
0.07235367	31.92076	2.82455	3.039462
0.07239537	31.89378	2.823735	3.038585
0.07243707	31.86677	2.822921	3.037709
0.07247876	31.83973	2.822108	3.036834
0.07252046	31.81264	2.821296	3.035959
0.07256216	31.78552	2.820484	3.035086
0.07260386	31.75834	2.819673	3.034213
0.07264555	31.73111	2.818862	3.033341
0.07268725	31.70383	2.818053	3.03247
0.07272895	31.67647	2.817244	3.031599
0.07277065	31.64907	2.816436	3.03073
0.07281234	31.62158	2.815628	3.029861
0.07285404	31.59403	2.814822	3.028993
0.07289574	31.56639	2.814016	3.028126
0.07293744	31.53869	2.813211	3.02726
0.07297913	31.51088	2.812407	3.026394
0.07302083	31.48298	2.811603	3.025529
0.07306253	31.45502	2.8108	3.024666
0.07310423	31.42698	2.809998	3.023802
0.07314592	31.39884	2.809197	3.02294
0.07318762	31.37011	2.808396	3.022079
0.07322932	31.34229	2.807597	3.021218
0.07327102	31.31389	2.806798	3.020358
0.07331271	31.2854	2.805999	3.019499
0.07335441	31.25683	2.805202	3.018641
0.07339611	31.22818	2.804405	3.017784
0.07343781	31.19945	2.803609	3.016927
0.07347951	31.17064	2.802814	3.016071
0.0735212	31.14177	2.802019	3.015217
0.0735629	31.11283	2.801226	3.014362
0.0736046	31.08384	2.800433	3.013509
0.0736463	31.05479	2.79964	3.012656
0.07368799	31.02569	2.798849	3.011805
0.07372969	30.99655	2.798058	3.010954
0.07377139	30.96738	2.797268	3.010103
0.07381309	30.93819	2.796478	3.009254
0.07385478	30.90897	2.79569	3.008405
0.07389648	30.87975	2.794902	3.007557
0.07393818	30.85053	2.794115	3.00671
0.07397988	30.82132	2.793328	3.005864
0.07402157	30.79213	2.792542	3.005018
0.07406327	30.76301	2.791757	3.004173
0.07410497	30.73386	2.790973	3.003329
0.07414667	30.70478	2.790189	3.002486
0.07418836	30.67578	2.789406	3.001643
0.07423006	30.64684	2.788623	3.000801
0.07427176	30.61799	2.787842	2.99996
0.07431346	30.58922	2.78706	2.999119
0.07435515	30.56056	2.78628	2.99828
0.07439685	30.53203	2.7855	2.99744
0.07443855	30.50359	2.784721	2.996602
0.07448025	30.47529	2.783942	2.995764
0.07452194	30.44714	2.783164	2.994927
0.07456364	30.41913	2.782387	2.99409
0.07460534	30.39129	2.78161	2.993254
0.07464704	30.36361	2.780834	2.992419
0.07468874	30.3361	2.780059	2.991585
0.07473043	30.30869	2.779284	2.990751
0.07477213	30.28164	2.778509	2.989918
0.07481383	30.2547	2.777736	2.989085
0.07485553	30.22795	2.776962	2.988253
0.07489722	30.20141	2.77619	2.987422
0.07493892	30.17508	2.775418	2.986591
0.07498062	30.14895	2.774646	2.985761
0.07502232	30.12304	2.773875	2.984931
0.07506401	30.09735	2.773105	2.984102
0.07510571	30.07187	2.772335	2.983274
0.07514741	30.04661	2.771566	2.982446
0.07518911	30.02156	2.770797	2.981619
0.0752308	29.99673	2.770029	2.980792
0.0752725	29.97211	2.769262	2.979966
0.0753142	29.94766	2.768495	2.979141
0.0753559	29.92286	2.767728	2.978316
0.07539759	29.8995	2.766962	2.977492
0.07543929	29.87569	2.766197	2.976668
0.07548099	29.85209	2.765432	2.975845
0.07552269	29.82867	2.764667	2.975023
0.07556438	29.80543	2.763904	2.974201
0.07560608	29.78236	2.76314	2.973379
0.07564778	29.75946	2.762378	2.972559
0.07568948	29.73672	2.761616	2.971739
0.07573118	29.71413	2.760854	2.970919
0.07577287	29.69166	2.760093	2.9701
0.07581457	29.66935	2.759333	2.969282
0.07585627	29.64716	2.758573	2.968464
0.07589797	29.62508	2.757813	2.967647
0.07593966	29.60311	2.757055	2.966831
0.07598136	29.58123	2.756296	2.966015
0.07602306	29.55944	2.755539	2.965199
0.07606476	29.53772	2.754782	2.964385
0.07610645	29.51606	2.754025	2.963571
0.07614815	29.49448	2.753269	2.962757
0.07618985	29.47293	2.752514	2.961944
0.07623155	29.45143	2.751759	2.961132
0.07627324	29.42995	2.751005	2.960321
0.07631494	29.4085	2.750252	2.95951
0.07635664	29.38706	2.749499	2.9587
0.07639834	29.36563	2.748747	2.95789
0.07644003	29.34419	2.747995	2.957082
0.07648173	29.32275	2.747244	2.956273
0.07652343	29.30128	2.746494	2.955466
0.07656513	29.2798	2.745744	2.954659
0.07660682	29.25829	2.744995	2.953853
0.07664852	29.23675	2.744246	2.953047
0.07669022	29.21516	2.743498	2.952243
0.07673192	29.19354	2.742751	2.951439
0.07677362	29.17187	2.742004	2.950635
0.07681531	29.15015	2.741258	2.949832
0.07685701	29.12837	2.740513	2.94903
0.07689871	29.10655	2.739768	2.948229
0.07694041	29.08466	2.739024	2.947428
0.0769821	29.06272	2.738281	2.946628
0.0770238	29.04072	2.737538	2.945829
0.0770655	29.01866	2.736796	2.94503
0.0771072	28.99655	2.736054	2.944232
0.07714889	28.9744	2.735314	2.943435
0.07719059	28.95213	2.734573	2.942639
0.07723229	28.92985	2.733834	2.941843
0.07727399	28.9075	2.733095	2.941048
0.07731568	28.88516	2.732357	2.940253
0.07735738	28.86265	2.731619	2.93946
0.07739908	28.84015	2.730882	2.938666
0.07744078	28.81761	2.730146	2.937874
0.07748247	28.79502	2.72941	2.937082
0.07752417	28.77238	2.728675	2.936291
0.07756587	28.74971	2.72794	2.935501
0.07760757	28.727	2.727206	2.934711
0.07764926	28.70425	2.726473	2.933922
0.07769096	28.68151	2.72574	2.933134
0.07773266	28.65871	2.725008	2.932346
0.07777436	28.63589	2.724277	2.931559
0.07781606	28.61305	2.723546	2.930772
0.07785775	28.5902	2.722816	2.929987
0.07789945	28.56733	2.722086	2.929201
0.07794115	28.54445	2.721357	2.928417
0.07798285	28.52155	2.720629	2.927633
0.07802454	28.49865	2.719901	2.92685
0.07806624	28.47575	2.719173	2.926067
0.07810794	28.45283	2.718447	2.925285
0.07814964	28.42992	2.71772	2.924504
0.07819133	28.40707	2.716995	2.923723
0.07823303	28.38409	2.71627	2.922943
0.07827473	28.36117	2.715545	2.922163
0.07831643	28.33826	2.714821	2.921384
0.07835812	28.31535	2.714098	2.920606
0.07839982	28.29244	2.713375	2.919828
0.07844152	28.26953	2.712653	2.919051
0.07848322	28.24662	2.711931	2.918274
0.07852491	28.22372	2.71121	2.917498
0.07856661	28.20082	2.71049	2.916723
0.07860831	28.17792	2.70977	2.915948
0.07865001	28.15501	2.70905	2.915173
0.0786917	28.13211	2.708331	2.9144
0.0787334	28.10919	2.707613	2.913627
0.0787751	28.08628	2.706895	2.912854
0.0788168	28.06336	2.706178	2.912082
0.0788585	28.04043	2.705461	2.911311
0.07890019	28.0175	2.704745	2.91054
0.07894189	27.99455	2.704029	2.90977
0.07898359	27.9716	2.703314	2.909001
0.07902529	27.94868	2.702599	2.908232
0.07906698	27.92564	2.701885	2.907464
0.07910868	27.90265	2.701172	2.906696
0.07915038	27.87963	2.700459	2.905929
0.07919208	27.85659	2.699747	2.905162
0.07923377	27.83355	2.699035	2.904396
0.07927547	27.81049	2.698324	2.903631
0.07931717	27.7874	2.697613	2.902866
0.07935887	27.7643	2.696903	2.902102
0.07940056	27.74118	2.696194	2.901339
0.07944226	27.71806	2.695485	2.900576
0.07948396	27.69488	2.694777	2.899814
0.07952566	27.67171	2.694069	2.899052
0.07956735	27.64853	2.693362	2.898291
0.07960905	27.62533	2.692655	2.897531
0.07965075	27.60211	2.691949	2.896771
0.07969245	27.5789	2.691244	2.896012
0.07973414	27.55567	2.690539	2.895254
0.07977584	27.53244	2.689835	2.894496
0.07981754	27.51279	2.689131	2.893739
0.07985924	27.48598	2.688428	2.892983
0.07990093	27.46276	2.687726	2.892227
0.07994263	27.43955	2.687024	2.891472
0.07998433	27.41635	2.686323	2.890717
0.08002603	27.39318	2.685623	2.889963
0.08006773	27.36999	2.684923	2.88921
0.08010942	27.34691	2.684223	2.888458
0.08015112	27.32382	2.683525	2.887706
0.08019282	27.3008	2.682826	2.886955
0.08023452	27.27778	2.682129	2.886204
0.08027621	27.25484	2.681432	2.885454
0.08031791	27.23196	2.680736	2.884705
0.08035961	27.20917	2.68004	2.883956
0.08040131	27.18639	2.679345	2.883209
0.080443	27.16384	2.678651	2.882461
0.0804847	27.14113	2.677957	2.881714
0.0805264	27.11863	2.677264	2.880968
0.0805681	27.09622	2.676571	2.880223
0.08060979	27.07392	2.675879	2.879478
0.08065149	27.05172	2.675187	2.878734
0.08069319	27.02963	2.674496	2.877991
0.08073489	27.00767	2.673806	2.877248
0.08077658	26.98582	2.673116	2.876506
0.08081828	26.9641	2.672427	2.875764
0.08085998	26.94262	2.671739	2.875023
0.08090168	26.92107	2.67105	2.874283
0.08094337	26.89976	2.670363	2.873543
0.08098507	26.8786	2.669676	2.872804
0.08102677	26.85757	2.66899	2.872065
0.08106847	26.8367	2.668304	2.871327
0.08111017	26.81598	2.667618	2.870589
0.08115186	26.79541	2.666934	2.869853
0.08119356	26.77498	2.666249	2.869116
0.08123526	26.75472	2.665566	2.86838
0.08127696	26.73461	2.664882	2.867645
0.08131865	26.71465	2.6642	2.866911
0.08136035	26.69546	2.663518	2.866177
0.08140205	26.67519	2.662836	2.865443
0.08144375	26.65568	2.662155	2.86471
0.08148544	26.63631	2.661474	2.863977
0.08152714	26.61708	2.660794	2.863245
0.08156884	26.59801	2.660114	2.862514
0.08161054	26.57905	2.659435	2.861783
0.08165223	26.56023	2.658756	2.861053
0.08169393	26.54153	2.658078	2.860323
0.08173563	26.52294	2.6574	2.859593
0.08177733	26.50446	2.656723	2.858864
0.08181902	26.48608	2.656046	2.858136
0.08186072	26.46781	2.655369	2.857408
0.08190242	26.44961	2.654693	2.856681
0.08194412	26.4315	2.654018	2.855954
0.08198581	26.41346	2.653343	2.855228
0.08202751	26.39548	2.652668	2.854502
0.08206921	26.37756	2.651994	2.853776
0.08211091	26.35968	2.65132	2.853051
0.08215261	26.34184	2.650647	2.852327
0.0821943	26.32402	2.649975	2.851603
0.082236	26.30627	2.649302	2.85088
0.0822777	26.28843	2.64863	2.850157
0.0823194	26.27064	2.647959	2.849434
0.08236109	26.25283	2.647288	2.848712
0.08240279	26.235	2.646618	2.847991
0.08244449	26.21715	2.645948	2.84727
0.08248619	26.19926	2.645278	2.84655
0.08252788	26.18132	2.644609	2.84583
0.08256958	26.16334	2.643941	2.84511
0.08261128	26.14528	2.643273	2.844391
0.08265298	26.12716	2.642605	2.843673
0.08269467	26.10896	2.641938	2.842955
0.08273637	26.09068	2.641272	2.842238
0.08277807	26.07231	2.640605	2.841521
0.08281977	26.05385	2.63994	2.840805
0.08286146	26.03528	2.639275	2.840089
0.08290316	26.01662	2.63861	2.839374
0.08294486	25.99782	2.637946	2.838659
0.08298656	25.97896	2.637282	2.837945
0.08302825	25.95996	2.636619	2.837231
0.08306995	25.94085	2.635956	2.836518
0.08311165	25.92162	2.635294	2.835805
0.08315335	25.90228	2.634632	2.835093
0.08319505	25.88282	2.633971	2.834382
0.08323674	25.86323	2.63331	2.833671
0.08327844	25.84354	2.63265	2.83296
0.08332014	25.82374	2.63199	2.83225
0.08336184	25.80382	2.631331	2.831541
0.08340353	25.7838	2.630672	2.830832
0.08344523	25.76367	2.630014	2.830124
0.08348693	25.74344	2.629356	2.829416
0.08352863	25.72312	2.628699	2.828708
0.08357032	25.70271	2.628042	2.828002
0.08361202	25.68222	2.627386	2.827295
0.08365372	25.66165	2.62673	2.82659
0.08369542	25.64101	2.626075	2.825885
0.08373711	25.62031	2.62542	2.82518
0.08377881	25.59955	2.624766	2.824476
0.08382051	25.57874	2.624112	2.823772
0.08386221	25.55789	2.623458	2.823069
0.0839039	25.53701	2.622806	2.822367
0.0839456	25.5161	2.622153	2.821665
0.0839873	25.49518	2.621501	2.820963
0.084029	25.47425	2.62085	2.820262
0.08407069	25.45332	2.620199	2.819562
0.08411239	25.4324	2.619549	2.818862
0.08415409	25.4115	2.618899	2.818163
0.08419579	25.39059	2.618249	2.817464
0.08423749	25.36978	2.6176	2.816765
0.08427918	25.34898	2.616951	2.816067
0.08432088	25.32823	2.616303	2.81537
0.08436258	25.30753	2.615656	2.814673
0.08440428	25.2869	2.615009	2.813977
0.08444597	25.26634	2.614362	2.813281
0.08448767	25.24585	2.613716	2.812585
0.08452937	25.22545	2.61307	2.81189
0.08457107	25.20514	2.612425	2.811196
0.08461276	25.18492	2.61178	2.810502
0.08465446	25.1648	2.611135	2.809809
0.08469616	25.14478	2.610492	2.809116
0.08473786	25.12486	2.609848	2.808423
0.08477955	25.10506	2.609205	2.807732
0.08482125	25.08537	2.608563	2.80704
0.08486295	25.06579	2.607921	2.806349
0.08490465	25.04633	2.607279	2.805659
0.08494634	25.02699	2.606638	2.804969
0.08498804	25.00777	2.605997	2.80428
0.08502974	24.98866	2.605357	2.803591
0.08507144	24.96968	2.604717	2.802902
0.08511313	24.95081	2.604078	2.802214
0.08515483	24.93207	2.603439	2.801527
0.08519653	24.91344	2.602801	2.80084
0.08523823	24.89492	2.602163	2.800154
0.08527992	24.87652	2.601526	2.799468
0.08532162	24.85822	2.600889	2.798783
0.08536332	24.84004	2.600253	2.798098
0.08540502	24.82195	2.599617	2.797414
0.08544672	24.80397	2.598981	2.79673
0.08548841	24.78609	2.598346	2.796047
0.08553011	24.76831	2.597712	2.795364
0.08557181	24.75059	2.597078	2.794682
0.08561351	24.733	2.596445	2.794
0.0856552	24.71547	2.595812	2.793319
0.0856969	24.69801	2.595179	2.792639
0.0857386	24.68064	2.594547	2.791958
0.0857803	24.66333	2.593916	2.791279
0.08582199	24.64609	2.593285	2.7906
0.08586369	24.62891	2.592654	2.789922
0.08590539	24.61179	2.592024	2.789244
0.08594709	24.59472	2.591395	2.788566
0.08598878	24.5777	2.590766	2.787889
0.08603048	24.56072	2.590138	2.787213
0.08607218	24.54379	2.58951	2.786537
0.08611388	24.5269	2.588882	2.785862
0.08615557	24.51004	2.588255	2.785188
0.08619727	24.49322	2.587629	2.784513
0.08623897	24.47642	2.587003	2.78384
0.08628067	24.45966	2.586377	2.783167
0.08632236	24.44291	2.585752	2.782494
0.08636406	24.4262	2.585128	2.781822
0.08640576	24.4095	2.584504	2.781151
0.08644746	24.39282	2.58388	2.78048
0.08648916	24.37616	2.583257	2.77981
0.08653085	24.35954	2.582635	2.77914
0.08657255	24.34289	2.582013	2.77847
0.08661425	24.32629	2.581391	2.777801
0.08665595	24.30969	2.58077	2.777133
0.08669764	24.29311	2.58015	2.776465
0.08673934	24.27654	2.579529	2.775798
0.08678104	24.25999	2.57891	2.775131
0.08682274	24.24345	2.578291	2.774465
0.08686443	24.22692	2.577672	2.773799
0.08690613	24.2105	2.577053	2.773134
0.08694783	24.19391	2.576436	2.772469
0.08698953	24.17742	2.575818	2.771804
0.08703122	24.16095	2.575201	2.77114
0.08707292	24.14449	2.574585	2.770477
0.08711462	24.12805	2.573969	2.769814
0.08715632	24.11162	2.573353	2.769152
0.08719801	24.09521	2.572738	2.76849
0.08723971	24.07881	2.572123	2.767828
0.08728141	24.06242	2.571509	2.767167
0.08732311	24.04605	2.570895	2.766506
0.0873648	24.0297	2.570281	2.765846
0.0874065	24.01335	2.569668	2.765186
0.0874482	23.99702	2.569055	2.764527
0.0874899	23.98069	2.568443	2.763868
0.0875316	23.96438	2.567831	2.763209
0.08757329	23.94807	2.56722	2.762551
0.08761499	23.93177	2.566608	2.761894
0.08765669	23.91547	2.565998	2.761237
0.08769839	23.89918	2.565387	2.76058
0.08774008	23.88289	2.564777	2.759924
0.08778178	23.8666	2.564168	2.759268
0.08782348	23.8503	2.563559	2.758612
0.08786518	23.834	2.56295	2.757957
0.08790687	23.81768	2.562342	2.757302
0.08794857	23.80135	2.561734	2.756648
0.08799027	23.78501	2.561126	2.755994
0.08803197	23.76864	2.560519	2.755341
0.08807366	23.75225	2.559912	2.754688
0.08811536	23.73584	2.559305	2.754035
0.08815706	23.71939	2.558699	2.753383
0.08819876	23.70291	2.558094	2.752731
0.08824045	23.6864	2.557489	2.75208
0.08828215	23.66984	2.556884	2.751429
0.08832385	23.65324	2.556279	2.750779
0.08836555	23.63659	2.555675	2.750129
0.08840724	23.61989	2.555072	2.749479
0.08844894	23.60314	2.554468	2.74883
0.08849064	23.58632	2.553865	2.748181
0.08853234	23.56946	2.553263	2.747533
0.08857404	23.5525	2.552661	2.746885
0.08861573	23.53553	2.552059	2.746238
0.08865743	23.51847	2.551458	2.745591
0.08869913	23.50134	2.550857	2.744944
0.08874083	23.48414	2.550257	2.744298
0.08878252	23.46683	2.549657	2.743653
0.08882422	23.44952	2.549058	2.743008
0.08886592	23.43212	2.548459	2.742363
0.08890762	23.41464	2.54786	2.741719
0.08894931	23.39709	2.547262	2.741075
0.08899101	23.37948	2.546664	2.740432
0.08903271	23.3618	2.546067	2.739789
0.08907441	23.34405	2.54547	2.739147
0.0891161	23.32625	2.544874	2.738505
0.0891578	23.30838	2.544278	2.737864
0.0891995	23.29046	2.543682	2.737223
0.0892412	23.2725	2.543087	2.736583
0.08928289	23.25448	2.542493	2.735944
0.08932459	23.23643	2.541899	2.735304
0.08936629	23.21834	2.541305	2.734666
0.08940799	23.20022	2.540712	2.734027
0.08944968	23.18208	2.54012	2.73339
0.08949138	23.16393	2.539528	2.732752
0.08953308	23.14538	2.538936	2.732116
0.08957478	23.1276	2.538345	2.73148
0.08961647	23.10944	2.537754	2.730844
0.08965817	23.0913	2.537164	2.730209
0.08969987	23.07318	2.536574	2.729574
0.08974157	23.05509	2.535985	2.72894
0.08978327	23.03687	2.535396	2.728307
0.08982496	23.01905	2.534808	2.727673
0.08986666	23.00111	2.53422	2.727041
0.08990836	22.98324	2.533632	2.726409
0.08995006	22.96545	2.533046	2.725777
0.08999175	22.94774	2.532459	2.725146
0.09003345	22.93013	2.531873	2.724516
0.09007515	22.91262	2.531288	2.723885
0.09011685	22.89523	2.530702	2.723256
0.09015854	22.87795	2.530118	2.722627
0.09020024	22.86081	2.529534	2.721998
0.09024194	22.84381	2.52895	2.72137
0.09028364	22.82695	2.528367	2.720742
0.09032533	22.81024	2.527784	2.720115
0.09036703	22.79369	2.527201	2.719488
0.09040873	22.77731	2.526619	2.718862
0.09045043	22.7611	2.526038	2.718236
0.09049212	22.74507	2.525456	2.717611
0.09053382	22.72922	2.524876	2.716986
0.09057552	22.71356	2.524295	2.716361
0.09061722	22.69808	2.523715	2.715737
0.09065891	22.68279	2.523136	2.715114
0.09070061	22.6677	2.522557	2.71449
0.09074231	22.6528	2.521978	2.713867
0.09078401	22.6381	2.521399	2.713245
0.09082571	22.6236	2.520821	2.712623
0.0908674	22.60928	2.520243	2.712001
0.0909091	22.59516	2.519666	2.71138
0.0909508	22.58123	2.519089	2.710759
0.0909925	22.56748	2.518512	2.710138
0.09103419	22.55391	2.517936	2.709518
0.09107589	22.53688	2.51736	2.708898
0.09111759	22.5273	2.516784	2.708279
0.09115929	22.51424	2.516209	2.70766
0.09120098	22.50134	2.515634	2.707041
0.09124268	22.48858	2.51506	2.706423
0.09128438	22.47596	2.514485	2.705805
0.09132608	22.46346	2.513911	2.705187
0.09136777	22.45109	2.513337	2.70457
0.09140947	22.43881	2.512764	2.703953
0.09145117	22.42664	2.512191	2.703336
0.09149287	22.41454	2.511618	2.70272
0.09153456	22.40252	2.511046	2.702104
0.09157626	22.39054	2.510474	2.701488
0.09161796	22.37861	2.509902	2.700873
0.09165966	22.36672	2.50933	2.700258
0.09170135	22.35482	2.508759	2.699643
0.09174305	22.34291	2.508188	2.699029
0.09178475	22.33101	2.507618	2.698415
0.09182645	22.31907	2.507047	2.697801
0.09186815	22.30709	2.506477	2.697188
0.09190984	22.29505	2.505908	2.696575
0.09195154	22.28294	2.505338	2.695962
0.09199324	22.27075	2.504769	2.69535
0.09203494	22.25845	2.504201	2.694738
0.09207663	22.24603	2.503632	2.694126
0.09211833	22.23348	2.503064	2.693515
0.09216003	22.22078	2.502497	2.692904
0.09220173	22.20793	2.501929	2.692294
0.09224342	22.19492	2.501362	2.691683
0.09228512	22.18172	2.500796	2.691074
0.09232682	22.16834	2.500229	2.690464
0.09236852	22.15476	2.499664	2.689855
0.09241021	22.14096	2.499098	2.689247
0.09245191	22.12696	2.498533	2.688639
0.09249361	22.11274	2.497968	2.688031
0.09253531	22.09829	2.497404	2.687423
0.092577	22.0836	2.496839	2.686816
0.0926187	22.06868	2.496276	2.68621
0.0926604	22.05352	2.495712	2.685604
0.0927021	22.03812	2.49515	2.684998
0.09274379	22.02248	2.494587	2.684393
0.09278549	22.00659	2.494025	2.683788
0.09282719	21.99048	2.493463	2.683183
0.09286889	21.97411	2.492902	2.682579
0.09291059	21.95752	2.492341	2.681976
0.09295228	21.9407	2.49178	2.681372
0.09299398	21.92366	2.49122	2.68077
0.09303568	21.90641	2.490661	2.680167
0.09307738	21.88896	2.490101	2.679566
0.09311907	21.87131	2.489542	2.678964
0.09316077	21.85347	2.488984	2.678363
0.09320247	21.83545	2.488426	2.677763
0.09324417	21.81728	2.487868	2.677163
0.09328586	21.79896	2.487311	2.676563
0.09332756	21.7805	2.486754	2.675964
0.09336926	21.76193	2.486198	2.675365
0.09341096	21.74325	2.485642	2.674767
0.09345265	21.72448	2.485087	2.674169
0.09349435	21.70564	2.484531	2.673572
0.09353605	21.68674	2.483977	2.672975
0.09357775	21.66781	2.483422	2.672379
0.09361944	21.64885	2.482869	2.671783
0.09366114	21.6299	2.482315	2.671187
0.09370284	21.61094	2.481762	2.670592
0.09374454	21.59203	2.48121	2.669997
0.09378623	21.57316	2.480657	2.669403
0.09382793	21.55436	2.480106	2.668809
0.09386963	21.53565	2.479554	2.668216
0.09391133	21.51703	2.479003	2.667623
0.09395303	21.49853	2.478453	2.66703
0.09399472	21.48016	2.477902	2.666438
0.09403642	21.46195	2.477352	2.665847
0.09407812	21.44389	2.476803	2.665255
0.09411982	21.42601	2.476254	2.664665
0.09416151	21.40833	2.475705	2.664074
0.09420321	21.39084	2.475157	2.663484
0.09424491	21.37357	2.474609	2.662895
0.09428661	21.35653	2.474062	2.662306
0.0943283	21.33972	2.473515	2.661717
0.09437	21.32315	2.472968	2.661128
0.0944117	21.30682	2.472421	2.66054
0.0944534	21.29077	2.471875	2.659953
0.09449509	21.27497	2.47133	2.659366
0.09453679	21.25945	2.470785	2.658779
0.09457849	21.24419	2.47024	2.658193
0.09462019	21.22919	2.469695	2.657607
0.09466188	21.21448	2.469151	2.657021
0.09470358	21.20004	2.468607	2.656436
0.09474528	21.18587	2.468064	2.655851
0.09478698	21.17197	2.467521	2.655267
0.09482867	21.15834	2.466978	2.654683
0.09487037	21.14496	2.466435	2.654099
0.09491207	21.13185	2.465893	2.653516
0.09495377	21.11898	2.465352	2.652933
0.09499546	21.10635	2.46481	2.65235
0.09503716	21.09395	2.464269	2.651768
0.09507886	21.08178	2.463729	2.651186
0.09512056	21.06983	2.463188	2.650605
0.09516226	21.05808	2.462649	2.650024
0.09520395	21.04653	2.462109	2.649443
0.09524565	21.03518	2.46157	2.648863
0.09528735	21.02394	2.461031	2.648283
0.09532905	21.0129	2.460492	2.647704
0.09537074	21.00199	2.459954	2.647125
0.09541244	20.99121	2.459416	2.646546
0.09545414	20.98056	2.458879	2.645968
0.09549584	20.97	2.458342	2.64539
0.09553753	20.95954	2.457805	2.644812
0.09557923	20.94915	2.457269	2.644235
0.09562093	20.93882	2.456732	2.643658
0.09566263	20.92854	2.456197	2.643081
0.09570432	20.9183	2.455661	2.642505
0.09574602	20.90808	2.455126	2.641929
0.09578772	20.89787	2.454592	2.641354
0.09582942	20.88766	2.454057	2.640779
0.09587111	20.87744	2.453523	2.640204
0.09591281	20.86719	2.45299	2.63963
0.09595451	20.8569	2.452456	2.639056
0.09599621	20.84656	2.451923	2.638483
0.0960379	20.83617	2.451391	2.63791
0.0960796	20.82571	2.450858	2.637337
0.0961213	20.81518	2.450327	2.636764
0.096163	20.80456	2.449795	2.636192
0.0962047	20.79386	2.449264	2.635621
0.09624639	20.78305	2.448733	2.635049
0.09628809	20.77215	2.448202	2.634479
0.09632979	20.76114	2.447672	2.633908
0.09637149	20.75002	2.447142	2.633338
0.09641318	20.73879	2.446613	2.632768
0.09645488	20.72745	2.446084	2.632199
0.09649658	20.71598	2.445555	2.63163
0.09653828	20.70441	2.445026	2.631061
0.09657997	20.69269	2.444498	2.630493
0.09662167	20.68087	2.44397	2.629925
0.09666337	20.66902	2.443443	2.629357
0.09670507	20.65686	2.442916	2.62879
0.09674676	20.64468	2.442389	2.628223
0.09678846	20.63239	2.441863	2.627656
0.09683016	20.61999	2.441336	2.62709
0.09687186	20.60749	2.440811	2.626525
0.09691355	20.59488	2.440285	2.625959
0.09695525	20.58218	2.43976	2.625394
0.09699695	20.56938	2.439235	2.624829
0.09703865	20.55649	2.438711	2.624265
0.09708034	20.54352	2.438187	2.623701
0.09712204	20.53048	2.437663	2.623138
0.09716374	20.51736	2.43714	2.622574
0.09720544	20.50418	2.436617	2.622012
0.09724714	20.49093	2.436094	2.621449
0.09728883	20.47763	2.435572	2.620887
0.09733053	20.46429	2.43505	2.620325
0.09737223	20.4509	2.434528	2.619764
0.09741393	20.43747	2.434007	2.619203
0.09745562	20.42401	2.433486	2.618642
0.09749732	20.41053	2.432965	2.618082
0.09753902	20.39702	2.432444	2.617522
0.09758072	20.3835	2.431924	2.616962
0.09762241	20.36996	2.431405	2.616403
0.09766411	20.35642	2.430885	2.615844
0.09770581	20.34287	2.430366	2.615286
0.09774751	20.32936	2.429848	2.614727
0.0977892	20.31578	2.429329	2.61417
0.0978309	20.30224	2.428811	2.613612
0.0978726	20.28871	2.428294	2.613055
0.0979143	20.27519	2.427776	2.612499
0.09795599	20.26168	2.42726	2.611942
0.09799769	20.24819	2.426743	2.611386
0.09803939	20.2347	2.426227	2.610831
0.09808109	20.22124	2.425711	2.610276
0.09812278	20.20778	2.425195	2.609721
0.09816448	20.19435	2.42468	2.609166
0.09820618	20.18092	2.424165	2.608612
0.09824788	20.16751	2.42365	2.608059
0.09828958	20.15411	2.423136	2.607505
0.09833127	20.14072	2.422622	2.606952
0.09837297	20.12733	2.422109	2.6064
0.09841467	20.11396	2.421596	2.605848
0.09845637	20.10059	2.421083	2.605296
0.09849806	20.08722	2.420571	2.604744
0.09853976	20.07385	2.420058	2.604193
0.09858146	20.06048	2.419547	2.603643
0.09862316	20.0471	2.419035	2.603092
0.09866485	20.03372	2.418524	2.602542
0.09870655	20.02033	2.418014	2.601993
0.09874825	20.00692	2.417503	2.601444
0.09878995	19.9935	2.416993	2.600895
0.09883164	19.98007	2.416484	2.600346
0.09887334	19.96661	2.415974	2.599798
0.09891504	19.95314	2.415465	2.599251
0.09895674	19.93964	2.414957	2.598703
0.09899843	19.92613	2.414448	2.598156
0.09904013	19.91258	2.41394	2.59761
0.09908183	19.89902	2.413433	2.597064
0.09912353	19.88542	2.412926	2.596518
0.09916522	19.87181	2.412419	2.595972
0.09920692	19.85817	2.411912	2.595427
0.09924862	19.8445	2.411406	2.594883
0.09929032	19.83081	2.4109	2.594338
0.09933202	19.8171	2.410394	2.593794
0.09937371	19.80337	2.409889	2.59325
0.09941541	19.78963	2.409384	2.592707
0.09945711	19.77587	2.40888	2.592164
0.09949881	19.76209	2.408375	2.591621
0.0995405	19.74831	2.407871	2.591079
0.0995822	19.73452	2.407368	2.590537
0.0996239	19.72074	2.406864	2.589995
0.0996656	19.70695	2.406361	2.589454
0.09970729	19.69317	2.405858	2.588913
0.09974899	19.6794	2.405356	2.588372
0.09979069	19.66565	2.404854	2.587832
0.09983239	19.65192	2.404352	2.587292
0.09987408	19.63822	2.40385	2.586752
0.09991578	19.62455	2.403349	2.586212
0.09995748	19.61091	2.402848	2.585673
0.09999918	19.59732	2.402347	2.585134
0.1000409	19.58377	2.401846	2.584595
0.1000826	19.57028	2.401346	2.584057
0.1001243	19.55693	2.400846	2.583519
0.100166	19.54347	2.400346	2.582981
0.1002077	19.53016	2.399846	2.582443
0.1002494	19.5165	2.399347	2.581906
0.1002911	19.50376	2.398848	2.581369
0.1003328	19.49067	2.398349	2.580832
0.1003745	19.47766	2.39785	2.580295
0.1004162	19.46475	2.397352	2.579759
0.1004579	19.45192	2.396853	2.579223
0.1004995	19.43919	2.396355	2.578687
0.1005412	19.42654	2.395858	2.578151
0.1005829	19.41399	2.39536	2.577616
0.1006246	19.40153	2.394863	2.577081
0.1006663	19.38916	2.394366	2.576546
0.100708	19.3769	2.393869	2.576011
0.1007497	19.36472	2.393372	2.575477
0.1007914	19.35264	2.392876	2.574942
0.1008331	19.34065	2.39238	2.574408
0.1008748	19.32876	2.391884	2.573875
0.1009165	19.31694	2.391388	2.573341
0.1009582	19.30522	2.390892	2.572808
0.1009999	19.29357	2.390397	2.572275
0.1010416	19.28201	2.389902	2.571742
0.1010833	19.27052	2.389407	2.57121
0.101125	19.25909	2.388912	2.570678
0.1011667	19.24772	2.388418	2.570146
0.1012084	19.23643	2.387924	2.569614
0.1012501	19.22517	2.38743	2.569082
0.1012918	19.21396	2.386937	2.568551
0.1013335	19.2028	2.386443	2.56802
0.1013752	19.19167	2.38595	2.56749
0.1014169	19.18057	2.385457	2.56696
0.1014586	19.1695	2.384965	2.56643
0.1015003	19.15843	2.384473	2.5659
0.101542	19.14739	2.383981	2.565371
0.1015837	19.13634	2.383489	2.564842
0.1016254	19.12529	2.382998	2.564313
0.1016671	19.11424	2.382507	2.563785
0.1017088	19.10317	2.382016	2.563256
0.1017505	19.09208	2.381526	2.562729
0.1017922	19.08096	2.381036	2.562201
0.1018339	19.06982	2.380546	2.561674
0.1018756	19.05864	2.380057	2.561148
0.1019173	19.04743	2.379568	2.560622
0.101959	19.03617	2.379079	2.560096
0.1020007	19.02486	2.378591	2.55957
0.1020424	19.01351	2.378103	2.559045
0.1020841	19.00211	2.377615	2.558521
0.1021258	18.99066	2.377128	2.557996
0.1021675	18.97915	2.376641	2.557472
0.1022091	18.96759	2.376154	2.556949
0.1022508	18.95598	2.375668	2.556426
0.1022925	18.94431	2.375183	2.555903
0.1023342	18.93259	2.374697	2.555381
0.1023759	18.92082	2.374212	2.554859
0.1024176	18.909	2.373728	2.554338
0.1024593	18.89713	2.373244	2.553817
0.102501	18.88522	2.37276	2.553296
0.1025427	18.87327	2.372277	2.552776
0.1025844	18.86129	2.371794	2.552256
0.1026261	18.84927	2.371311	2.551737
0.1026678	18.83723	2.370829	2.551218
0.1027095	18.82517	2.370347	2.5507
0.1027512	18.81309	2.369866	2.550182
0.1027929	18.80101	2.369385	2.549664
0.1028346	18.78892	2.368904	2.549147
0.1028763	18.77686	2.368424	2.54863
0.102918	18.76476	2.367944	2.548114
0.1029597	18.75271	2.367465	2.547598
0.1030014	18.74066	2.366986	2.547083
0.1030431	18.72867	2.366507	2.546568
0.1030848	18.71671	2.366029	2.546053
0.1031265	18.7048	2.365551	2.545539
0.1031682	18.69294	2.365074	2.545025
0.1032099	18.68125	2.364597	2.544511
0.1032516	18.6694	2.36412	2.543998
0.1032933	18.65773	2.363643	2.543486
0.103335	18.64614	2.363167	2.542974
0.1033767	18.63464	2.362692	2.542462
0.1034184	18.62323	2.362216	2.54195
0.1034601	18.61191	2.361741	2.541439
0.1035018	18.60075	2.361267	2.540928
0.1035435	18.58957	2.360793	2.540418
0.1035852	18.57856	2.360319	2.539908
0.1036269	18.56763	2.359845	2.539398
0.1036686	18.55688	2.359372	2.538889
0.1037103	18.5462	2.358899	2.53838
0.103752	18.53565	2.358426	2.537872
0.1037937	18.52521	2.357954	2.537363
0.1038354	18.51489	2.357482	2.536855
0.1038771	18.50468	2.35701	2.536348
0.1039188	18.49459	2.356539	2.535841
0.1039604	18.48462	2.356068	2.535334
0.1040021	18.47476	2.355597	2.534827
0.1040438	18.46501	2.355126	2.534321
0.1040855	18.45536	2.354656	2.533815
0.1041272	18.44582	2.354186	2.533309
0.1041689	18.43638	2.353717	2.532804
0.1042106	18.42703	2.353247	2.532299
0.1042523	18.41777	2.352778	2.531794
0.104294	18.40859	2.352309	2.531289
0.1043357	18.39949	2.351841	2.530785
0.1043774	18.39045	2.351372	2.530281
0.1044191	18.38148	2.350904	2.529777
0.1044608	18.37254	2.350436	2.529274
0.1045025	18.36369	2.349969	2.528771
0.1045442	18.35485	2.349502	2.528268
0.1045859	18.34606	2.349035	2.527766
0.1046276	18.33728	2.348568	2.527263
0.1046693	18.32852	2.348101	2.526761
0.104711	18.31977	2.347635	2.526259
0.1047527	18.311	2.347169	2.525758
0.1047944	18.30224	2.346703	2.525257
0.1048361	18.29346	2.346238	2.524756
0.1048778	18.28466	2.345772	2.524255
0.1049195	18.27578	2.345307	2.523754
0.1049612	18.2669	2.344842	2.523254
0.1050029	18.25796	2.344378	2.522754
0.1050446	18.24896	2.343913	2.522254
0.1050863	18.2399	2.343449	2.521755
0.105128	18.23075	2.342985	2.521256
0.1051697	18.22154	2.342521	2.520756
0.1052114	18.21223	2.342058	2.520258
0.1052531	18.20284	2.341594	2.519759
0.1052948	18.19334	2.341131	2.519261
0.1053365	18.18375	2.340668	2.518763
0.1053782	18.17405	2.340206	2.518265
0.1054199	18.16424	2.339743	2.517767
0.1054616	18.15432	2.339281	2.51727
0.1055033	18.14428	2.338819	2.516772
0.105545	18.13412	2.338357	2.516275
0.1055867	18.12385	2.337895	2.515779
0.1056284	18.11338	2.337434	2.515282
0.10567	18.10293	2.336973	2.514786
0.1057117	18.09228	2.336512	2.51429
0.1057534	18.08151	2.336051	2.513794
0.1057951	18.07061	2.33559	2.513298
0.1058368	18.0596	2.33513	2.512803
0.1058785	18.04847	2.33467	2.512308
0.1059202	18.03722	2.33421	2.511813
0.1059619	18.02585	2.33375	2.511318
0.1060036	18.01439	2.33329	2.510823
0.1060453	18.0028	2.332831	2.510329
0.106087	17.99103	2.332372	2.509835
0.1061287	17.97931	2.331913	2.509341
0.1061704	17.96743	2.331454	2.508847
0.1062121	17.95545	2.330995	2.508354
0.1062538	17.94339	2.330537	2.507861
0.1062955	17.93125	2.330079	2.507368
0.1063372	17.91903	2.329621	2.506875
0.1063789	17.90675	2.329163	2.506382
0.1064206	17.89441	2.328706	2.50589
0.1064623	17.88201	2.328248	2.505398
0.106504	17.86956	2.327791	2.504906
0.1065457	17.85707	2.327334	2.504414
0.1065874	17.84454	2.326878	2.503923
0.1066291	17.83199	2.326421	2.503432
0.1066708	17.81942	2.325965	2.502941
0.1067125	17.80683	2.325509	2.50245
0.1067542	17.79423	2.325053	2.50196
0.1067959	17.78163	2.324598	2.501469
0.1068376	17.76904	2.324142	2.500979
0.1068793	17.75646	2.323687	2.50049
0.106921	17.7439	2.323232	2.5
0.1069627	17.73136	2.322778	2.499511
0.1070044	17.71886	2.322323	2.499022
0.1070461	17.7064	2.321869	2.498533
0.1070878	17.69397	2.321415	2.498044
0.1071295	17.6816	2.320961	2.497556
0.1071712	17.66928	2.320508	2.497068
0.1072129	17.65702	2.320055	2.49658
0.1072546	17.64482	2.319602	2.496093
0.1072963	17.63269	2.319149	2.495606
0.107338	17.62064	2.318696	2.495119
0.1073797	17.60872	2.318244	2.494632
0.1074213	17.59676	2.317792	2.494146
0.107463	17.58494	2.317341	2.49366
0.1075047	17.57321	2.316889	2.493174
0.1075464	17.56157	2.316438	2.492689
0.1075881	17.55001	2.315987	2.492204
0.1076298	17.53855	2.315537	2.491719
0.1076715	17.52718	2.315086	2.491234
0.1077132	17.5159	2.314636	2.49075
0.1077549	17.50472	2.314187	2.490266
0.1077966	17.49363	2.313737	2.489783
0.1078383	17.48266	2.313288	2.489299
0.10788	17.47175	2.312839	2.488816
0.1079217	17.46093	2.312391	2.488334
0.1079634	17.45021	2.311943	2.487852
0.1080051	17.43958	2.311495	2.48737
0.1080468	17.42904	2.311048	2.486888
0.1080885	17.41859	2.3106	2.486407
0.1081302	17.40823	2.310153	2.485926
0.1081719	17.39794	2.309707	2.485445
0.1082136	17.38774	2.309261	2.484965
0.1082553	17.37761	2.308815	2.484485
0.108297	17.36755	2.308369	2.484006
0.1083387	17.35757	2.307924	2.483527
0.1083804	17.34765	2.307479	2.483048
0.1084221	17.33779	2.307035	2.48257
0.1084638	17.328	2.30659	2.482092
0.1085055	17.31826	2.306146	2.481614
0.1085472	17.30857	2.305703	2.481137
0.1085889	17.29893	2.30526	2.48066
0.1086306	17.28934	2.304817	2.480183
0.1086723	17.2798	2.304374	2.479707
0.108714	17.27029	2.303932	2.479231
0.1087557	17.26082	2.30349	2.478756
0.1087974	17.25137	2.303049	2.478281
0.1088391	17.24196	2.302608	2.477806
0.1088808	17.23258	2.302167	2.477332
0.1089225	17.22322	2.301726	2.476857
0.1089642	17.21389	2.301286	2.476384
0.1090059	17.20455	2.300846	2.47591
0.1090476	17.19525	2.300406	2.475437
0.1090893	17.18596	2.299967	2.474965
0.109131	17.17668	2.299528	2.474492
0.1091726	17.16741	2.299089	2.47402
0.1092143	17.15815	2.298651	2.473548
0.109256	17.14889	2.298213	2.473077
0.1092977	17.13964	2.297775	2.472606
0.1093394	17.1304	2.297338	2.472135
0.1093811	17.12117	2.296901	2.471665
0.1094228	17.11194	2.296464	2.471195
0.1094645	17.10272	2.296027	2.470725
0.1095062	17.0935	2.29559	2.470255
0.1095479	17.08429	2.295154	2.469786
0.1095896	17.07508	2.294718	2.469317
0.1096313	17.06588	2.294283	2.468848
0.109673	17.05668	2.293847	2.468379
0.1097147	17.04749	2.293412	2.467911
0.1097564	17.03826	2.292977	2.467443
0.1097981	17.02914	2.292543	2.466975
0.1098398	17.01996	2.292108	2.466508
0.1098815	17.01083	2.291674	2.46604
0.1099232	17.00169	2.29124	2.465573
0.1099649	16.99257	2.290806	2.465107
0.1100066	16.98345	2.290372	2.46464
0.1100483	16.97435	2.289939	2.464174
0.11009	16.96527	2.289506	2.463707
0.1101317	16.95621	2.289073	2.463242
0.1101734	16.94716	2.28864	2.462776
0.1102151	16.93812	2.288208	2.46231
0.1102568	16.92911	2.287775	2.461845
0.1102985	16.92011	2.287343	2.46138
0.1103402	16.91113	2.286911	2.460915
0.1103819	16.90216	2.286479	2.460451
0.1104236	16.89322	2.286048	2.459986
0.1104653	16.88429	2.285617	2.459522
0.110507	16.87538	2.285185	2.459058
0.1105487	16.86649	2.284754	2.458594
0.1105904	16.85761	2.284324	2.458131
0.1106321	16.84874	2.283893	2.457668
0.1106738	16.83989	2.283463	2.457205
0.1107155	16.83105	2.283033	2.456742
0.1107572	16.82222	2.282603	2.456279
0.1107989	16.81339	2.282173	2.455817
0.1108406	16.80459	2.281744	2.455354
0.1108822	16.79576	2.281314	2.454892
0.1109239	16.78695	2.280885	2.454431
0.1109656	16.77815	2.280456	2.453969
0.1110073	16.76934	2.280028	2.453508
0.111049	16.76052	2.279599	2.453047
0.1110907	16.7517	2.279171	2.452586
0.1111324	16.74287	2.278743	2.452126
0.1111741	16.73403	2.278315	2.451666
0.1112158	16.72518	2.277888	2.451206
0.1112575	16.71631	2.277461	2.450746
0.1112992	16.70742	2.277034	2.450286
0.1113409	16.69852	2.276607	2.449827
0.1113826	16.68959	2.276181	2.449368
0.1114243	16.68064	2.275754	2.44891
0.111466	16.67166	2.275328	2.448451
0.1115077	16.66268	2.274903	2.447993
0.1115494	16.65365	2.274477	2.447535
0.1115911	16.64459	2.274052	2.447078
0.1116328	16.63549	2.273627	2.44662
0.1116745	16.62637	2.273202	2.446163
0.1117162	16.61721	2.272778	2.445707
0.1117579	16.60802	2.272354	2.44525
0.1117996	16.59879	2.27193	2.444794
0.1118413	16.58953	2.271506	2.444338
0.111883	16.58022	2.271083	2.443882
0.1119247	16.5709	2.270659	2.443427
0.1119664	16.56154	2.270237	2.442972
0.1120081	16.55216	2.269814	2.442517
0.1120498	16.54274	2.269392	2.442063
0.1120915	16.5333	2.268969	2.441608
0.1121332	16.52383	2.268548	2.441154
0.1121749	16.51434	2.268126	2.440701
0.1122166	16.50482	2.267705	2.440247
0.1122583	16.49528	2.267283	2.439794
0.1123	16.48573	2.266862	2.439341
0.1123417	16.47616	2.266442	2.438888
0.1123834	16.46657	2.266021	2.438436
0.1124251	16.45698	2.265601	2.437984
0.1124668	16.44739	2.265181	2.437532
0.1125085	16.43778	2.264762	2.43708
0.1125502	16.42818	2.264342	2.436629
0.1125919	16.41858	2.263923	2.436178
0.1126335	16.40899	2.263504	2.435727
0.1126752	16.3994	2.263085	2.435276
0.1127169	16.38983	2.262667	2.434826
0.1127586	16.38028	2.262248	2.434376
0.1128003	16.37074	2.26183	2.433926
0.112842	16.36123	2.261412	2.433476
0.1128837	16.35174	2.260994	2.433026
0.1129254	16.34228	2.260577	2.432577
0.1129671	16.33285	2.260159	2.432128
0.1130088	16.32345	2.259742	2.431679
0.1130505	16.31409	2.259325	2.431231
0.1130922	16.30478	2.258909	2.430782
0.1131339	16.2955	2.258492	2.430334
0.1131756	16.28626	2.258076	2.429886
0.1132173	16.27707	2.25766	2.429438
0.113259	16.26793	2.257244	2.428991
0.1133007	16.25883	2.256828	2.428544
0.1133424	16.24979	2.256413	2.428096
0.1133841	16.24079	2.255998	2.42765
0.1134258	16.23185	2.255582	2.427203
0.1134675	16.22296	2.255168	2.426756
0.1135092	16.21411	2.254753	2.42631
0.1135509	16.20532	2.254338	2.425864
0.1135926	16.19659	2.253924	2.425418
0.1136343	16.1879	2.25351	2.424973
0.113676	16.17926	2.253096	2.424528
0.1137177	16.17067	2.252683	2.424082
0.1137594	16.16213	2.252269	2.423637
0.1138011	16.15364	2.251856	2.423193
0.1138428	16.14518	2.251443	2.422748
0.1138845	16.13678	2.25103	2.422304
0.1139262	16.12842	2.250617	2.42186
0.1139679	16.12009	2.250205	2.421416
0.1140096	16.11183	2.249793	2.420973
0.1140513	16.10355	2.249381	2.42053
0.114093	16.09533	2.248969	2.420087
0.1141347	16.08713	2.248558	2.419644
0.1141764	16.07894	2.248147	2.419201
0.1142181	16.07081	2.247736	2.418759
0.1142598	16.06268	2.247325	2.418317
0.1143015	16.05457	2.246914	2.417875
0.1143431	16.04647	2.246504	2.417433
0.1143848	16.03838	2.246094	2.416992
0.1144265	16.03029	2.245684	2.416551
0.1144682	16.0222	2.245274	2.41611
0.1145099	16.01411	2.244865	2.41567
0.1145516	16.00602	2.244456	2.415229
0.1145933	15.99792	2.244047	2.414789
0.114635	15.9898	2.243638	2.41435
0.1146767	15.98167	2.24323	2.41391
0.1147184	15.97352	2.242821	2.413471
0.1147601	15.96534	2.242413	2.413032
0.1148018	15.95714	2.242006	2.412593
0.1148435	15.94891	2.241598	2.412155
0.1148852	15.94064	2.241191	2.411716
0.1149269	15.93234	2.240784	2.411278
0.1149686	15.924	2.240377	2.410841
0.1150103	15.91561	2.239971	2.410403
0.115052	15.90718	2.239564	2.409966
0.1150937	15.89871	2.239158	2.409529
0.1151354	15.89019	2.238752	2.409092
0.1151771	15.88161	2.238347	2.408656
0.1152188	15.87298	2.237941	2.40822
0.1152605	15.86429	2.237536	2.407784
0.1153022	15.85555	2.237131	2.407348
0.1153439	15.84674	2.236727	2.406912
0.1153856	15.83788	2.236322	2.406477
0.1154273	15.82896	2.235918	2.406042
0.115469	15.81998	2.235514	2.405607
0.1155107	15.81093	2.23511	2.405173
0.1155524	15.80185	2.234707	2.404739
0.1155941	15.79266	2.234303	2.404305
0.1156358	15.78344	2.2339	2.403871
0.1156775	15.77415	2.233497	2.403437
0.1157192	15.76481	2.233094	2.403004
0.1157609	15.75541	2.232692	2.402571
0.1158026	15.74595	2.23229	2.402138
0.1158443	15.73644	2.231887	2.401705
0.115886	15.72689	2.231486	2.401272
0.1159277	15.71728	2.231084	2.40084
0.1159694	15.70763	2.230682	2.400408
0.1160111	15.69794	2.230281	2.399976
0.1160528	15.68821	2.22988	2.399545
0.1160944	15.67844	2.229479	2.399113
0.1161361	15.66865	2.229078	2.398682
0.1161778	15.65883	2.228678	2.398251
0.1162195	15.64898	2.228277	2.39782
0.1162612	15.63913	2.227877	2.39739
0.1163029	15.62926	2.227477	2.396959
0.1163446	15.61938	2.227077	2.396529
0.1163863	15.60951	2.226678	2.396099
0.116428	15.59964	2.226279	2.395669
0.1164697	15.58978	2.225879	2.39524
0.1165114	15.57998	2.22548	2.39481
0.1165531	15.57011	2.225082	2.394381
0.1165948	15.56032	2.224683	2.393952
0.1166365	15.55056	2.224285	2.393524
0.1166782	15.54084	2.223887	2.393095
0.1167199	15.53116	2.223489	2.392667
0.1167616	15.52154	2.223091	2.392239
0.1168033	15.51198	2.222693	2.391811
0.116845	15.50248	2.222296	2.391384
0.1168867	15.49304	2.221899	2.390956
0.1169284	15.48369	2.221502	2.390529
0.1169701	15.47441	2.221105	2.390102
0.1170118	15.46521	2.220709	2.389675
0.1170535	15.4561	2.220312	2.389249
0.1170952	15.44709	2.219916	2.388823
0.1171369	15.43817	2.21952	2.388397
0.1171786	15.42935	2.219125	2.387971
0.1172203	15.42064	2.218729	2.387546
0.117262	15.4115	2.218334	2.38712
0.1173037	15.40355	2.217939	2.386695
0.1173454	15.39515	2.217545	2.386271
0.1173871	15.38687	2.21715	2.385846
0.1174288	15.37871	2.216756	2.385422
0.1174705	15.37067	2.216362	2.384998
0.1175122	15.36274	2.215968	2.384574
0.1175539	15.3548	2.215575	2.384151
0.1175956	15.34722	2.215181	2.383728
0.1176373	15.33963	2.214789	2.383305
0.117679	15.33216	2.214396	2.382882
0.1177207	15.32477	2.214003	2.38246
0.1177624	15.31751	2.213611	2.382038
0.1178041	15.31034	2.213219	2.381616
0.1178457	15.30328	2.212828	2.381195
0.1178874	15.2963	2.212436	2.380774
0.1179291	15.28943	2.212045	2.380353
0.1179708	15.28263	2.211654	2.379932
0.1180125	15.27592	2.211263	2.379512
0.1180542	15.26928	2.210873	2.379092
0.1180959	15.2627	2.210483	2.378672
0.1181376	15.25619	2.210093	2.378252
0.1181793	15.24974	2.209703	2.377833
0.118221	15.24333	2.209314	2.377414
0.1182627	15.23696	2.208925	2.376995
0.1183044	15.23063	2.208536	2.376577
0.1183461	15.22432	2.208148	2.376159
0.1183878	15.21803	2.207759	2.375741
0.1184295	15.21175	2.207371	2.375323
0.1184712	15.20548	2.206983	2.374906
0.1185129	15.1992	2.206596	2.374489
0.1185546	15.1929	2.206208	2.374072
0.1185963	15.18659	2.205821	2.373655
0.118638	15.18025	2.205434	2.373239
0.1186797	15.17387	2.205048	2.372823
0.1187214	15.16746	2.204661	2.372407
0.1187631	15.16099	2.204275	2.371991
0.1188048	15.15446	2.203889	2.371576
0.1188465	15.14787	2.203503	2.371161
0.1188882	15.14122	2.203117	2.370746
0.1189299	15.13448	2.202732	2.370331
0.1189716	15.12767	2.202347	2.369917
0.1190133	15.12076	2.201962	2.369502
0.119055	15.11377	2.201577	2.369088
0.1190967	15.10668	2.201193	2.368675
0.1191384	15.09948	2.200808	2.368261
0.1191801	15.09218	2.200424	2.367847
0.1192218	15.08478	2.20004	2.367434
0.1192635	15.07726	2.199656	2.367021
0.1193052	15.06963	2.199272	2.366608
0.1193469	15.06189	2.198889	2.366195
0.1193886	15.05403	2.198505	2.365783
0.1194303	15.04605	2.198122	2.365371
0.119472	15.03795	2.197739	2.364958
0.1195137	15.02972	2.197356	2.364546
0.1195553	15.02139	2.196974	2.364135
0.119597	15.01294	2.196591	2.363723
0.1196387	15.00438	2.196209	2.363312
0.1196804	14.9957	2.195826	2.3629
0.1197221	14.98691	2.195444	2.362489
0.1197638	14.97802	2.195062	2.362078
0.1198055	14.96902	2.194681	2.361667
0.1198472	14.95992	2.194299	2.361256
0.1198889	14.95073	2.193917	2.360846
0.1199306	14.94145	2.193536	2.360436
0.1199723	14.93209	2.193155	2.360026
0.120014	14.92275	2.192774	2.359616
0.1200557	14.91313	2.192393	2.359206
0.1200974	14.90355	2.192013	2.358796
0.1201391	14.89391	2.191632	2.358387
0.1201808	14.88421	2.191252	2.357977
0.1202225	14.87448	2.190871	2.357568
0.1202642	14.8647	2.190491	2.357159
0.1203059	14.85489	2.190112	2.356751
0.1203476	14.84506	2.189732	2.356342
0.1203893	14.83522	2.189352	2.355934
0.120431	14.82538	2.188973	2.355525
0.1204727	14.81554	2.188594	2.355117
0.1205144	14.80571	2.188215	2.35471
0.1205561	14.7959	2.187836	2.354302
0.1205978	14.78612	2.187458	2.353894
0.1206395	14.77638	2.187079	2.353487
0.1206812	14.76668	2.186701	2.35308
0.1207229	14.75704	2.186323	2.352673
0.1207646	14.74746	2.185945	2.352267
0.1208063	14.73796	2.185567	2.35186
0.120848	14.72853	2.18519	2.351454
0.1208897	14.7192	2.184812	2.351048
0.1209314	14.70996	2.184435	2.350642
0.1209731	14.70082	2.184058	2.350237
0.1210148	14.69179	2.183682	2.349831
0.1210565	14.68288	2.183305	2.349426
0.1210982	14.67409	2.182929	2.349021
0.1211399	14.66544	2.182553	2.348617
0.1211816	14.65692	2.182177	2.348212
0.1212233	14.64854	2.181801	2.347808
0.121265	14.64031	2.181426	2.347404
0.1213066	14.63223	2.18105	2.347
0.1213483	14.6243	2.180675	2.346596
0.12139	14.61653	2.1803	2.346193
0.1214317	14.60893	2.179926	2.345789
0.1214734	14.60149	2.179551	2.345386
0.1215151	14.59422	2.179177	2.344984
0.1215568	14.58711	2.178802	2.344581
0.1215985	14.58018	2.178428	2.344178
0.1216402	14.57341	2.178055	2.343776
0.1216819	14.56681	2.177681	2.343374
0.1217236	14.56039	2.177308	2.342972
0.1217653	14.55413	2.176934	2.342571
0.121807	14.54805	2.176561	2.342169
0.1218487	14.54212	2.176188	2.341768
0.1218904	14.53635	2.175816	2.341367
0.1219321	14.53074	2.175443	2.340966
0.1219738	14.52529	2.175071	2.340565
0.1220155	14.51999	2.174698	2.340164
0.1220572	14.51483	2.174326	2.339764
0.1220989	14.50982	2.173954	2.339364
0.1221406	14.50494	2.173582	2.338964
0.1221823	14.50018	2.173211	2.338564
0.122224	14.49555	2.172839	2.338164
0.1222657	14.49103	2.172468	2.337765
0.1223074	14.48662	2.172097	2.337365
0.1223491	14.48231	2.171726	2.336966
0.1223908	14.47809	2.171355	2.336567
0.1224325	14.47395	2.170984	2.336168
0.1224742	14.46988	2.170614	2.335769
0.1225159	14.46587	2.170243	2.33537
0.1225576	14.46192	2.169873	2.334972
0.1225993	14.45802	2.169503	2.334574
0.122641	14.45414	2.169133	2.334176
0.1226827	14.45029	2.168763	2.333778
0.1227244	14.44646	2.168393	2.33338
0.1227661	14.44263	2.168024	2.332982
0.1228078	14.43877	2.167655	2.332585
0.1228495	14.43497	2.167285	2.332188
0.1228912	14.43107	2.166916	2.33179
0.1229329	14.42713	2.166547	2.331393
0.1229746	14.42316	2.166179	2.330997
0.1230163	14.41913	2.16581	2.3306
0.1230579	14.41503	2.165442	2.330204
0.1230996	14.41084	2.165074	2.329808
0.1231413	14.40657	2.164706	2.329411
0.123183	14.40221	2.164338	2.329016
0.1232247	14.39771	2.16397	2.32862
0.1232664	14.39311	2.163603	2.328225
0.1233081	14.38837	2.163235	2.327829
0.1233498	14.3835	2.162868	2.327434
0.1233915	14.37848	2.162501	2.32704
0.1234332	14.37331	2.162135	2.326645
0.1234749	14.36797	2.161768	2.326251
0.1235166	14.36246	2.161402	2.325857
0.1235583	14.35677	2.161036	2.325463
0.1236	14.3509	2.16067	2.325069
0.1236417	14.34484	2.160305	2.324676
0.1236834	14.33858	2.159939	2.324282
0.1237251	14.33212	2.159574	2.32389
0.1237668	14.32544	2.159209	2.323497
0.1238085	14.31857	2.158845	2.323105
0.1238502	14.31148	2.15848	2.322712
0.1238919	14.30416	2.158116	2.322321
0.1239336	14.29663	2.157752	2.321929
0.1239753	14.28888	2.157389	2.321538
0.124017	14.2809	2.157025	2.321147
0.1240587	14.2727	2.156662	2.320756
0.1241004	14.26428	2.156299	2.320365
0.1241421	14.25563	2.155937	2.319975
0.1241838	14.24677	2.155574	2.319585
0.1242255	14.23768	2.155212	2.319196
0.1242672	14.22838	2.154851	2.318807
0.1243089	14.21887	2.154489	2.318418
0.1243506	14.20915	2.154128	2.318029
0.1243923	14.19922	2.153767	2.317641
0.124434	14.1891	2.153406	2.317252
0.1244757	14.17878	2.153046	2.316865
0.1245174	14.16828	2.152686	2.316477
0.1245591	14.15761	2.152326	2.31609
0.1246008	14.14676	2.151966	2.315703
0.1246425	14.13575	2.151607	2.315316
0.1246842	14.1246	2.151248	2.31493
0.1247259	14.1133	2.150889	2.314544
0.1247675	14.10187	2.150531	2.314158
0.1248092	14.09032	2.150173	2.313773
0.1248509	14.07866	2.149815	2.313388
0.1248926	14.0669	2.149457	2.313003
0.1249343	14.05506	2.1491	2.312618
0.124976	14.04315	2.148742	2.312234
0.1250177	14.03117	2.148385	2.311849
0.1250594	14.01915	2.148029	2.311466
0.1251011	14.0071	2.147672	2.311082
0.1251428	13.99503	2.147316	2.310699
0.1251845	13.98296	2.14696	2.310316
0.1252262	13.97089	2.146604	2.309933
0.1252679	13.95885	2.146248	2.30955
0.1253096	13.94684	2.145893	2.309168
0.1253513	13.93489	2.145538	2.308785
0.125393	13.923	2.145183	2.308403
0.1254347	13.91119	2.144828	2.308021
0.1254764	13.89948	2.144473	2.30764
0.1255181	13.88781	2.144119	2.307258
0.1255598	13.87637	2.143765	2.306877
0.1256015	13.86503	2.143411	2.306496
0.1256432	13.85382	2.143057	2.306115
0.1256849	13.84277	2.142703	2.305734
0.1257266	13.83189	2.142349	2.305354
0.1257683	13.8212	2.141996	2.304973
0.12581	13.8107	2.141642	2.304593
0.1258517	13.8004	2.141289	2.304213
0.1258934	13.79032	2.140936	2.303833
0.1259351	13.78045	2.140583	2.303453
0.1259768	13.77082	2.14023	2.303073
0.1260185	13.76143	2.139877	2.302694
0.1260602	13.75228	2.139524	2.302314
0.1261019	13.74338	2.139172	2.301935
0.1261436	13.73475	2.138819	2.301556
0.1261853	13.72638	2.138467	2.301176
0.126227	13.71827	2.138115	2.300797
0.1262687	13.71043	2.137762	2.300418
0.1263104	13.70286	2.13741	2.300039
0.1263521	13.69557	2.137058	2.299661
0.1263938	13.68854	2.136706	2.299282
0.1264355	13.6818	2.136355	2.298903
0.1264772	13.67532	2.136003	2.298525
0.1265188	13.66912	2.135651	2.298147
0.1265605	13.66318	2.1353	2.297768
0.1266022	13.65751	2.134948	2.29739
0.1266439	13.65209	2.134597	2.297012
0.1266856	13.64694	2.134245	2.296634
0.1267273	13.64203	2.133894	2.296256
0.126769	13.63736	2.133543	2.295878
0.1268107	13.63292	2.133192	2.2955
0.1268524	13.62872	2.132841	2.295122
0.1268941	13.62473	2.13249	2.294745
0.1269358	13.62095	2.132139	2.294367
0.1269775	13.61737	2.131789	2.29399
0.1270192	13.61402	2.131438	2.293613
0.1270609	13.61077	2.131088	2.293236
0.1271026	13.60771	2.130737	2.292858
0.1271443	13.60481	2.130387	2.292482
0.127186	13.60206	2.130037	2.292105
0.1272277	13.59944	2.129687	2.291728
0.1272694	13.59694	2.129337	2.291351
0.1273111	13.59455	2.128987	2.290975
0.1273528	13.59225	2.128637	2.290599
0.1273945	13.59004	2.128288	2.290222
0.1274362	13.58787	2.127938	2.289846
0.1274779	13.58577	2.127589	2.289471
0.1275196	13.58371	2.12724	2.289095
0.1275613	13.58168	2.126891	2.288719
0.127603	13.57967	2.126542	2.288344
0.1276447	13.57765	2.126193	2.287968
0.1276864	13.57563	2.125844	2.287593
0.1277281	13.57359	2.125496	2.287218
0.1277698	13.57152	2.125147	2.286843
0.1278115	13.5694	2.124799	2.286469
0.1278532	13.56723	2.124451	2.286094
0.1278949	13.56498	2.124103	2.28572
0.1279366	13.56268	2.123755	2.285345
0.1279783	13.56028	2.123408	2.284971
0.12802	13.55779	2.12306	2.284598
0.1280617	13.5552	2.122713	2.284224
0.1281034	13.55249	2.122366	2.28385
0.1281451	13.54966	2.122019	2.283477
0.1281868	13.54671	2.121672	2.283104
0.1282284	13.54362	2.121326	2.282731
0.1282701	13.54039	2.120979	2.282358
0.1283118	13.53702	2.120633	2.281985
0.1283535	13.5335	2.120287	2.281613
0.1283952	13.52983	2.119941	2.281241
0.1284369	13.52599	2.119595	2.280868
0.1284786	13.522	2.119249	2.280496
0.1285203	13.51784	2.118904	2.280125
0.128562	13.51352	2.118558	2.279753
0.1286037	13.50902	2.118213	2.279382
0.1286454	13.50436	2.117868	2.279011
0.1286871	13.49953	2.117524	2.278639
0.1287288	13.49453	2.117179	2.278269
0.1287705	13.48936	2.116835	2.277898
0.1288122	13.48402	2.11649	2.277528
0.1288539	13.4785	2.116146	2.277157
0.1288956	13.47283	2.115802	2.276787
0.1289373	13.46699	2.115459	2.276417
0.128979	13.46098	2.115115	2.276048
0.1290207	13.45481	2.114772	2.275678
0.1290624	13.44849	2.114428	2.275309
0.1291041	13.44201	2.114085	2.27494
0.1291458	13.43538	2.113743	2.274571
0.1291875	13.4286	2.1134	2.274202
0.1292292	13.42168	2.113058	2.273834
0.1292709	13.41462	2.112715	2.273465
0.1293126	13.40742	2.112373	2.273097
0.1293543	13.40009	2.112031	2.272729
0.129396	13.39263	2.11169	2.272362
0.1294377	13.38505	2.111348	2.271995
0.1294794	13.37735	2.111007	2.271627
0.1295211	13.36954	2.110666	2.27126
0.1295628	13.36162	2.110326	2.270894
0.1296045	13.3536	2.109985	2.270527
0.1296462	13.34544	2.109645	2.270161
0.1296879	13.33727	2.109305	2.269795
0.1297296	13.32898	2.108965	2.26943
0.1297713	13.3206	2.108625	2.269064
0.129813	13.31214	2.108286	2.268699
0.1298547	13.30362	2.107947	2.268334
0.1298964	13.29503	2.107608	2.267969
0.1299381	13.28638	2.107269	2.267605
0.1299797	13.27768	2.106931	2.267241
0.1300214	13.26894	2.106593	2.266877
0.1300631	13.26015	2.106255	2.266514
0.1301048	13.25132	2.105918	2.26615
0.1301465	13.24246	2.10558	2.265787
0.1301882	13.23358	2.105243	2.265425
0.1302299	13.22469	2.104907	2.265062
0.1302716	13.21578	2.10457	2.2647
0.1303133	13.20685	2.104234	2.264339
0.130355	13.19795	2.103898	2.263977
0.1303967	13.18905	2.103562	2.263616
0.1304384	13.18017	2.103227	2.263255
0.1304801	13.17128	2.102892	2.262894
0.1305218	13.16244	2.102557	2.262534
0.1305635	13.15362	2.102222	2.262174
0.1306052	13.14484	2.101888	2.261814
0.1306469	13.13612	2.101554	2.261455
0.1306886	13.12742	2.10122	2.261096
0.1307303	13.11879	2.100887	2.260737
0.130772	13.11022	2.100553	2.260378
0.1308137	13.10172	2.10022	2.26002
0.1308554	13.09329	2.099888	2.259662
0.1308971	13.08494	2.099555	2.259304
0.1309388	13.07667	2.099223	2.258946
0.1309805	13.06849	2.098891	2.258589
0.1310222	13.0604	2.098559	2.258232
0.1310639	13.05241	2.098227	2.257875
0.1311056	13.04452	2.097896	2.257519
0.1311473	13.03674	2.097565	2.257162
0.131189	13.02907	2.097234	2.256806
0.1312307	13.02149	2.096903	2.25645
0.1312724	13.01407	2.096572	2.256094
0.1313141	13.00674	2.096242	2.255739
0.1313558	12.99954	2.095912	2.255383
0.1313975	12.99246	2.095581	2.255028
0.1314392	12.9855	2.095251	2.254673
0.1314809	12.97867	2.094922	2.254318
0.1315226	12.97196	2.094592	2.253963
0.1315643	12.96538	2.094262	2.253608
0.131606	12.95892	2.093933	2.253254
0.1316477	12.95259	2.093604	2.252899
0.1316894	12.94638	2.093274	2.252545
0.131731	12.94029	2.092945	2.252191
0.1317727	12.93432	2.092616	2.251837
0.1318144	12.92855	2.092287	2.251483
0.1318561	12.92272	2.091958	2.251129
0.1318978	12.91709	2.091629	2.250775
0.1319395	12.91155	2.0913	2.250421
0.1319812	12.90612	2.090972	2.250067
0.1320229	12.90078	2.090643	2.249714
0.1320646	12.89553	2.090314	2.24936
0.1321063	12.89035	2.089986	2.249006
0.132148	12.88526	2.089657	2.248653
0.1321897	12.88023	2.089329	2.248299
0.1322314	12.87527	2.089	2.247946
0.1322731	12.87035	2.088671	2.247592
0.1323148	12.86548	2.088343	2.247239
0.1323565	12.86066	2.088015	2.246885
0.1323982	12.85585	2.087686	2.246532
0.1324399	12.85109	2.087358	2.246178
0.1324816	12.84632	2.087029	2.245825
0.1325233	12.84157	2.086701	2.245472
0.132565	12.83681	2.086372	2.245118
0.1326067	12.83204	2.086044	2.244765
0.1326484	12.82725	2.085716	2.244412
0.1326901	12.82244	2.085388	2.244058
0.1327318	12.81759	2.085059	2.243705
0.1327735	12.81269	2.084731	2.243352
0.1328152	12.80775	2.084403	2.242999
0.1328569	12.80273	2.084075	2.242646
0.1328986	12.79768	2.083747	2.242293
0.1329403	12.79255	2.083419	2.241939
0.132982	12.78733	2.083091	2.241587
0.1330237	12.78204	2.082763	2.241234
0.1330654	12.77666	2.082435	2.240881
0.1331071	12.77118	2.082107	2.240528
0.1331488	12.76561	2.081779	2.240175
0.1331905	12.75994	2.081451	2.239823
0.1332322	12.75417	2.081124	2.23947
0.1332739	12.74828	2.080796	2.239118
0.1333156	12.7423	2.080469	2.238766
0.1333573	12.7362	2.080142	2.238414
0.133399	12.72999	2.079815	2.238062
0.1334406	12.72367	2.079488	2.23771
0.1334823	12.71725	2.079161	2.237358
0.133524	12.71071	2.078834	2.237006
0.1335657	12.70407	2.078507	2.236655
0.1336074	12.69732	2.078181	2.236304
0.1336491	12.69048	2.077855	2.235952
0.1336908	12.68353	2.077529	2.235601
0.1337325	12.67649	2.077203	2.235251
0.1337742	12.66936	2.076877	2.2349
0.1338159	12.66215	2.076551	2.23455
0.1338576	12.65486	2.076226	2.234199
0.1338993	12.6475	2.0759	2.233849
0.133941	12.64007	2.075575	2.2335
0.1339827	12.63259	2.075251	2.23315
0.1340244	12.62506	2.074926	2.232801
0.1340661	12.61748	2.074601	2.232452
0.1341078	12.60989	2.074277	2.232103
0.1341495	12.60223	2.073953	2.231754
0.1341912	12.59457	2.073629	2.231405
0.1342329	12.5869	2.073306	2.231057
0.1342746	12.57923	2.072982	2.230709
0.1343163	12.57157	2.072659	2.230361
0.134358	12.56393	2.072336	2.230014
0.1343997	12.55632	2.072013	2.229666
0.1344414	12.54873	2.071691	2.229319
0.1344831	12.5412	2.071368	2.228972
0.1345248	12.53372	2.071046	2.228626
0.1345665	12.52629	2.070724	2.228279
0.1346082	12.51894	2.070402	2.227933
0.1346499	12.51167	2.070081	2.227587
0.1346916	12.50448	2.06976	2.227241
0.1347333	12.49739	2.069439	2.226896
0.134775	12.49083	2.069118	2.226551
0.1348167	12.48351	2.068797	2.226206
0.1348584	12.47674	2.068477	2.225861
0.1349001	12.47009	2.068156	2.225516
0.1349418	12.46357	2.067836	2.225172
0.1349835	12.45717	2.067516	2.224827
0.1350252	12.45091	2.067197	2.224483
0.1350669	12.44479	2.066877	2.22414
0.1351086	12.43881	2.066558	2.223796
0.1351503	12.43297	2.066239	2.223453
0.1351919	12.42728	2.06592	2.22311
0.1352336	12.42174	2.065601	2.222767
0.1352753	12.41635	2.065283	2.222424
0.135317	12.4111	2.064964	2.222081
0.1353587	12.406	2.064646	2.221739
0.1354004	12.40105	2.064328	2.221396
0.1354421	12.39624	2.06401	2.221054
0.1354838	12.39158	2.063692	2.220712
0.1355255	12.38706	2.063375	2.220371
0.1355672	12.38267	2.063057	2.220029
0.1356089	12.3784	2.06274	2.219688
0.1356506	12.37427	2.062423	2.219346
0.1356923	12.37026	2.062106	2.219005
0.135734	12.36636	2.061789	2.218664
0.1357757	12.36257	2.061473	2.218324
0.1358174	12.35888	2.061156	2.217983
0.1358591	12.35529	2.06084	2.217643
0.1359008	12.35178	2.060524	2.217302
0.1359425	12.34835	2.060207	2.216962
0.1359842	12.34499	2.059892	2.216622
0.1360259	12.34169	2.059576	2.216283
0.1360676	12.33844	2.05926	2.215943
0.1361093	12.33523	2.058945	2.215604
0.136151	12.33206	2.058629	2.215264
0.1361927	12.32892	2.058314	2.214925
0.1362344	12.32577	2.057999	2.214586
0.1362761	12.32264	2.057685	2.214247
0.1363178	12.31951	2.05737	2.213909
0.1363595	12.31635	2.057055	2.21357
0.1364012	12.31318	2.056741	2.213232
0.1364429	12.30997	2.056427	2.212894
0.1364846	12.30672	2.056113	2.212556
0.1365263	12.30337	2.055799	2.212218
0.136568	12.30006	2.055485	2.211881
0.1366097	12.29663	2.055172	2.211543
0.1366514	12.29313	2.054858	2.211206
0.1366931	12.28955	2.054545	2.210869
0.1367348	12.28587	2.054232	2.210532
0.1367765	12.28211	2.053919	2.210195
0.1368182	12.27824	2.053606	2.209859
0.1368599	12.27426	2.053294	2.209523
0.1369015	12.27018	2.052981	2.209186
0.1369432	12.26598	2.052669	2.208851
0.1369849	12.26167	2.052357	2.208515
0.1370266	12.25724	2.052045	2.208179
0.1370683	12.25268	2.051734	2.207844
0.13711	12.248	2.051422	2.207509
0.1371517	12.2432	2.051111	2.207174
0.1371934	12.23827	2.0508	2.206839
0.1372351	12.23322	2.050489	2.206504
0.1372768	12.22805	2.050178	2.20617
0.1373185	12.22276	2.049867	2.205835
0.1373602	12.21736	2.049557	2.205501
0.1374019	12.21183	2.049246	2.205167
0.1374436	12.2062	2.048936	2.204834
0.1374853	12.20047	2.048626	2.2045
0.137527	12.19469	2.048316	2.204167
0.1375687	12.18869	2.048007	2.203833
0.1376104	12.18267	2.047697	2.2035
0.1376521	12.17657	2.047388	2.203167
0.1376938	12.17038	2.047079	2.202835
0.1377355	12.16413	2.04677	2.202502
0.1377772	12.15782	2.046461	2.20217
0.1378189	12.15145	2.046152	2.201837
0.1378606	12.14503	2.045843	2.201505
0.1379023	12.13857	2.045535	2.201173
0.137944	12.13208	2.045226	2.200841
0.1379857	12.12557	2.044918	2.200509
0.1380274	12.11904	2.04461	2.200178
0.1380691	12.11251	2.044302	2.199846
0.1381108	12.10597	2.043994	2.199515
0.1381525	12.09945	2.043686	2.199184
0.1381942	12.09293	2.043378	2.198852
0.1382359	12.08644	2.04307	2.198521
0.1382776	12.07999	2.042763	2.19819
0.1383193	12.07356	2.042455	2.19786
0.138361	12.06718	2.042148	2.197529
0.1384027	12.06085	2.041841	2.197198
0.1384444	12.05457	2.041534	2.196868
0.1384861	12.04835	2.041227	2.196537
0.1385278	12.0422	2.04092	2.196207
0.1385695	12.03611	2.040613	2.195877
0.1386112	12.03009	2.040306	2.195547
0.1386528	12.02409	2.039999	2.195216
0.1386945	12.01828	2.039692	2.194886
0.1387362	12.01248	2.039386	2.194557
0.1387779	12.00677	2.039079	2.194227
0.1388196	12.00114	2.038773	2.193897
0.1388613	11.99559	2.038467	2.193567
0.138903	11.99011	2.038161	2.193238
0.1389447	11.98472	2.037854	2.192909
0.1389864	11.97939	2.037548	2.192579
0.1390281	11.97415	2.037242	2.19225
0.1390698	11.96897	2.036937	2.191921
0.1391115	11.96386	2.036631	2.191592
0.1391532	11.95881	2.036325	2.191263
0.1391949	11.95382	2.03602	2.190934
0.1392366	11.94888	2.035714	2.190605
0.1392783	11.944	2.035409	2.190277
0.13932	11.93915	2.035104	2.189948
0.1393617	11.93435	2.034799	2.18962
0.1394034	11.92958	2.034494	2.189292
0.1394451	11.92483	2.034189	2.188964
0.1394868	11.9201	2.033884	2.188636
0.1395285	11.91556	2.033579	2.188308
0.1395702	11.91066	2.033275	2.18798
0.1396119	11.90594	2.03297	2.187653
0.1396536	11.90121	2.032666	2.187326
0.1396953	11.89647	2.032362	2.186998
0.139737	11.8917	2.032058	2.186671
0.1397787	11.8869	2.031754	2.186344
0.1398204	11.88206	2.031451	2.186018
0.1398621	11.87718	2.031147	2.185691
0.1399038	11.87224	2.030844	2.185365
0.1399455	11.86725	2.030541	2.185039
0.1399872	11.86219	2.030238	2.184713
0.1400289	11.85707	2.029935	2.184387
0.1400706	11.85187	2.029632	2.184061
0.1401123	11.84659	2.02933	2.183735
0.140154	11.8412	2.029028	2.18341
0.1401957	11.83576	2.028725	2.183085
0.1402374	11.83022	2.028423	2.18276
0.1402791	11.82457	2.028122	2.182435
0.1403208	11.81883	2.02782	2.182111
0.1403625	11.81298	2.027518	2.181786
0.1404041	11.80704	2.027217	2.181462
0.1404458	11.80097	2.026916	2.181138
0.1404875	11.79482	2.026615	2.180814
0.1405292	11.78855	2.026314	2.18049
0.1405709	11.78218	2.026013	2.180167
0.1406126	11.7757	2.025713	2.179843
0.1406543	11.76911	2.025412	2.17952
0.140696	11.76242	2.025112	2.179197
0.1407377	11.75563	2.024812	2.178874
0.1407794	11.74874	2.024512	2.178551
0.1408211	11.74176	2.024213	2.178229
0.1408628	11.73468	2.023913	2.177906
0.1409045	11.72752	2.023613	2.177584
0.1409462	11.72027	2.023314	2.177262
0.1409879	11.71294	2.023015	2.17694
0.1410296	11.70555	2.022716	2.176618
0.1410713	11.69808	2.022417	2.176296
0.141113	11.69056	2.022118	2.175975
0.1411547	11.68297	2.021819	2.175653
0.1411964	11.67534	2.021521	2.175332
0.1412381	11.66767	2.021222	2.175011
0.1412798	11.65997	2.020924	2.17469
0.1413215	11.65224	2.020626	2.174369
0.1413632	11.64448	2.020327	2.174048
0.1414049	11.63672	2.020029	2.173727
0.1414466	11.62895	2.019731	2.173407
0.1414883	11.62118	2.019434	2.173086
0.14153	11.61343	2.019136	2.172766
0.1415717	11.6057	2.018838	2.172445
0.1416134	11.59799	2.018541	2.172125
0.1416551	11.59032	2.018243	2.171805
0.1416968	11.5827	2.017946	2.171485
0.1417385	11.57512	2.017648	2.171165
0.1417802	11.5676	2.017351	2.170845
0.1418219	11.56015	2.017054	2.170526
0.1418636	11.55277	2.016757	2.170206
0.1419053	11.54546	2.01646	2.169886
0.141947	11.53825	2.016163	2.169567
0.1419887	11.53112	2.015866	2.169248
0.1420304	11.5241	2.01557	2.168928
0.1420721	11.51718	2.015273	2.168609
0.1421137	11.51037	2.014977	2.16829
0.1421554	11.50368	2.01468	2.167971
0.1421971	11.4971	2.014384	2.167652
0.1422388	11.49064	2.014088	2.167334
0.1422805	11.48432	2.013792	2.167015
0.1423222	11.47814	2.013496	2.166696
0.1423639	11.47207	2.0132	2.166378
0.1424056	11.46616	2.012904	2.16606
0.1424473	11.46037	2.012608	2.165742
0.142489	11.45473	2.012313	2.165424
0.1425307	11.44923	2.012017	2.165106
0.1425724	11.44388	2.011722	2.164788
0.1426141	11.43868	2.011427	2.16447
0.1426558	11.43362	2.011132	2.164153
0.1426975	11.4287	2.010837	2.163835
0.1427392	11.42393	2.010542	2.163518
0.1427809	11.4193	2.010247	2.163201
0.1428226	11.41482	2.009953	2.162884
0.1428643	11.41047	2.009659	2.162567
0.142906	11.40627	2.009364	2.162251
0.1429477	11.40219	2.00907	2.161934
0.1429894	11.39825	2.008776	2.161618
0.1430311	11.39445	2.008483	2.161302
0.1430728	11.39077	2.008189	2.160986
0.1431145	11.38721	2.007896	2.16067
0.1431562	11.38378	2.007602	2.160355
0.1431979	11.38045	2.007309	2.160039
0.1432396	11.37724	2.007017	2.159724
0.1432813	11.37413	2.006724	2.159409
0.143323	11.37107	2.006431	2.159095
0.1433647	11.36827	2.006139	2.15878
0.1434064	11.36545	2.005847	2.158466
0.1434481	11.36267	2.005555	2.158152
0.1434898	11.36003	2.005263	2.157838
0.1435315	11.35746	2.004972	2.157524
0.1435732	11.35495	2.00468	2.15721
0.1436149	11.35252	2.004389	2.156897
0.1436566	11.35015	2.004098	2.156584
0.1436983	11.34783	2.003807	2.156271
0.14374	11.34556	2.003517	2.155958
0.1437817	11.34334	2.003226	2.155646
0.1438234	11.34116	2.002936	2.155333
0.143865	11.33901	2.002646	2.155021
0.1439067	11.33689	2.002356	2.154709
0.1439484	11.3348	2.002066	2.154398
0.1439901	11.33273	2.001777	2.154086
0.1440318	11.33067	2.001488	2.153775
0.1440735	11.32863	2.001198	2.153464
0.1441152	11.32659	2.000909	2.153153
0.1441569	11.32456	2.000621	2.152842
0.1441986	11.32258	2.000332	2.152531
0.1442403	11.32054	2.000044	2.152221
0.144282	11.31846	1.999755	2.151911
0.1443237	11.31638	1.999467	2.151601
0.1443654	11.31431	1.999179	2.151291
0.1444071	11.31221	1.998891	2.150981
0.1444488	11.3101	1.998604	2.150671
0.1444905	11.30796	1.998316	2.150362
0.1445322	11.30579	1.998029	2.150053
0.1445739	11.30359	1.997742	2.149744
0.1446156	11.30136	1.997454	2.149435
0.1446573	11.29909	1.997167	2.149126
0.144699	11.29678	1.99688	2.148817
0.1447407	11.29444	1.996594	2.148508
0.1447824	11.29204	1.996307	2.1482
0.1448241	11.28961	1.996021	2.147892
0.1448658	11.28712	1.995734	2.147583
0.1449075	11.28459	1.995448	2.147275
0.1449492	11.282	1.995162	2.146967
0.1449909	11.27935	1.994876	2.14666
0.1450326	11.27665	1.99459	2.146352
0.1450743	11.27389	1.994304	2.146044
0.145116	11.27107	1.994018	2.145737
0.1451577	11.26818	1.993732	2.145429
0.1451994	11.26523	1.993446	2.145122
0.1452411	11.26221	1.993161	2.144814
0.1452828	11.25911	1.992875	2.144507
0.1453245	11.25594	1.99259	2.1442
0.1453662	11.25269	1.992305	2.143893
0.1454079	11.24937	1.992019	2.143586
0.1454496	11.24595	1.991734	2.143279
0.1454913	11.24246	1.991449	2.142973
0.145533	11.23888	1.991164	2.142666
0.1455746	11.23521	1.990879	2.142359
0.1456163	11.23144	1.990595	2.142053
0.145658	11.22758	1.99031	2.141746
0.1456997	11.22362	1.990025	2.14144
0.1457414	11.21956	1.989741	2.141134
0.1457831	11.21539	1.989456	2.140828
0.1458248	11.21112	1.989172	2.140522
0.1458665	11.20674	1.988888	2.140216
0.1459082	11.20224	1.988603	2.13991
0.1459499	11.19763	1.988319	2.139604
0.1459916	11.1929	1.988035	2.139299
0.1460333	11.18805	1.987751	2.138993
0.146075	11.18308	1.987468	2.138688
0.1461167	11.17798	1.987184	2.138383
0.1461584	11.17277	1.9869	2.138078
0.1462001	11.16742	1.986617	2.137773
0.1462418	11.16194	1.986334	2.137468
0.1462835	11.15634	1.98605	2.137163
0.1463252	11.1506	1.985767	2.136858
0.1463669	11.14474	1.985484	2.136554
0.1464086	11.13874	1.985201	2.136249
0.1464503	11.13261	1.984919	2.135945
0.146492	11.12635	1.984636	2.135641
0.1465337	11.11997	1.984353	2.135337
0.1465754	11.11346	1.984071	2.135033
0.1466171	11.10682	1.983789	2.134729
0.1466588	11.10006	1.983507	2.134426
0.1467005	11.09318	1.983225	2.134122
0.1467422	11.08618	1.982943	2.133819
0.1467839	11.07907	1.982661	2.133516
0.1468256	11.07184	1.982379	2.133212
0.1468673	11.06451	1.982098	2.13291
0.146909	11.05708	1.981816	2.132607
0.1469507	11.04955	1.981535	2.132304
0.1469924	11.04193	1.981254	2.132002
0.1470341	11.03422	1.980973	2.131699
0.1470758	11.02644	1.980692	2.131397
0.1471175	11.01858	1.980411	2.131095
0.1471592	11.01066	1.980131	2.130793
0.1472009	11.00253	1.97985	2.130491
0.1472426	10.99464	1.97957	2.130189
0.1472843	10.98657	1.97929	2.129888
0.1473259	10.97846	1.979009	2.129586
0.1473676	10.97033	1.978729	2.129285
0.1474093	10.96217	1.978449	2.128984
0.147451	10.95401	1.97817	2.128682
0.1474927	10.94584	1.97789	2.128381
0.1475344	10.93769	1.97761	2.128081
0.1475761	10.92955	1.977331	2.12778
0.1476178	10.92144	1.977051	2.127479
0.1476595	10.91336	1.976772	2.127179
0.1477012	10.90532	1.976493	2.126878
0.1477429	10.89736	1.976214	2.126578
0.1477846	10.88942	1.975935	2.126277
0.1478263	10.88156	1.975656	2.125977
0.147868	10.87378	1.975377	2.125677
0.1479097	10.86609	1.975098	2.125377
0.1479514	10.85849	1.974819	2.125077
0.1479931	10.85099	1.974541	2.124778
0.1480348	10.84359	1.974262	2.124478
0.1480765	10.83631	1.973984	2.124178
0.1481182	10.82915	1.973706	2.123879
0.1481599	10.82211	1.973427	2.123579
0.1482016	10.8152	1.973149	2.12328
0.1482433	10.80843	1.972871	2.122981
0.148285	10.80179	1.972593	2.122682
0.1483267	10.7953	1.972315	2.122383
0.1483684	10.78895	1.972037	2.122084
0.1484101	10.78276	1.97176	2.121785
0.1484518	10.77671	1.971482	2.121486
0.1484935	10.77082	1.971205	2.121188
0.1485352	10.76509	1.970927	2.120889
0.1485769	10.7595	1.97065	2.120591
0.1486186	10.75408	1.970373	2.120292
0.1486603	10.7488	1.970095	2.119994
0.148702	10.74373	1.969818	2.119696
0.1487437	10.73872	1.969541	2.119398
0.1487854	10.73391	1.969264	2.1191
0.1488271	10.72924	1.968988	2.118802
0.1488688	10.72472	1.968711	2.118504
0.1489105	10.72035	1.968434	2.118207
0.1489522	10.71611	1.968158	2.117909
0.1489939	10.71201	1.967882	2.117612
0.1490356	10.70804	1.967606	2.117315
0.1490772	10.70419	1.967329	2.117018
0.1491189	10.70047	1.967053	2.116721
0.1491606	10.69687	1.966778	2.116424
0.1492023	10.69339	1.966502	2.116127
0.149244	10.68998	1.966226	2.115831
0.1492857	10.6867	1.965951	2.115534
0.1493274	10.6835	1.965676	2.115238
0.1493691	10.68039	1.9654	2.114942
0.1494108	10.67736	1.965125	2.114646
0.1494525	10.67441	1.96485	2.11435
0.1494942	10.67153	1.964576	2.114054
0.1495359	10.66872	1.964301	2.113759
0.1495776	10.66595	1.964027	2.113463
0.1496193	10.66324	1.963752	2.113168
0.149661	10.66058	1.963478	2.112873
0.1497027	10.65795	1.963204	2.112578
0.1497444	10.65535	1.96293	2.112284
0.1497861	10.65279	1.962656	2.111989
0.1498278	10.65024	1.962383	2.111695
0.1498695	10.64771	1.962109	2.1114
0.1499112	10.64519	1.961836	2.111106
0.1499529	10.64268	1.961563	2.110812
0.1499946	10.64016	1.96129	2.110519
0.1500363	10.63765	1.961017	2.110225
0.150078	10.63513	1.960745	2.109932
0.1501197	10.63259	1.960472	2.109638
0.1501614	10.63005	1.9602	2.109345
0.1502031	10.62748	1.959927	2.109052
0.1502448	10.62489	1.959655	2.108759
0.1502865	10.62227	1.959383	2.108467
0.1503282	10.61964	1.959112	2.108174
0.1503699	10.61697	1.95884	2.107882
0.1504116	10.61428	1.958568	2.10759
0.1504533	10.61154	1.958297	2.107298
0.150495	10.60878	1.958026	2.107006
0.1505367	10.60597	1.957755	2.106714
0.1505784	10.60313	1.957484	2.106423
0.1506201	10.60026	1.957213	2.106131
0.1506618	10.59734	1.956942	2.10584
0.1507035	10.59439	1.956672	2.105549
0.1507452	10.59139	1.956401	2.105258
0.1507868	10.58835	1.956131	2.104967
0.1508285	10.58529	1.955861	2.104676
0.1508702	10.58218	1.955591	2.104386
0.1509119	10.57904	1.955321	2.104095
0.1509536	10.57583	1.955051	2.103805
0.1509953	10.57263	1.954781	2.103515
0.151037	10.56938	1.954512	2.103225
0.1510787	10.56609	1.954242	2.102935
0.1511204	10.56276	1.953973	2.102645
0.1511621	10.5594	1.953704	2.102355
0.1512038	10.55601	1.953435	2.102066
0.1512455	10.55259	1.953166	2.101776
0.1512872	10.54914	1.952897	2.101487
0.1513289	10.54566	1.952628	2.101198
0.1513706	10.54216	1.95236	2.100909
0.1514123	10.53862	1.952091	2.10062
0.151454	10.53503	1.951823	2.100331
0.1514957	10.53148	1.951554	2.100042
0.1515374	10.52787	1.951286	2.099754
0.1515791	10.52426	1.951018	2.099465
0.1516208	10.52058	1.95075	2.099177
0.1516625	10.5169	1.950482	2.098889
0.1517042	10.5132	1.950215	2.0986
0.1517459	10.50947	1.949947	2.098312
0.1517876	10.50572	1.949679	2.098025
0.1518293	10.50196	1.949412	2.097737
0.151871	10.49817	1.949145	2.097449
0.1519127	10.49435	1.948877	2.097162
0.1519544	10.49055	1.94861	2.096874
0.1519961	10.48665	1.948343	2.096587
0.1520378	10.48277	1.948076	2.0963
0.1520795	10.47885	1.94781	2.096013
0.1521212	10.47492	1.947543	2.095726
0.1521629	10.47095	1.947276	2.095439
0.1522046	10.46696	1.94701	2.095152
0.1522463	10.46294	1.946744	2.094865
0.152288	10.45889	1.946477	2.094579
0.1523297	10.45481	1.946211	2.094292
0.1523714	10.45069	1.945945	2.094006
0.1524131	10.44654	1.945679	2.09372
0.1524548	10.44236	1.945413	2.093434
0.1524965	10.43814	1.945148	2.093148
0.1525381	10.43388	1.944882	2.092862
0.1525798	10.42958	1.944617	2.092577
0.1526215	10.42524	1.944351	2.092291
0.1526632	10.42086	1.944086	2.092006
0.1527049	10.41644	1.943821	2.09172
0.1527466	10.41197	1.943556	2.091435
0.1527883	10.40747	1.943291	2.09115
0.15283	10.40291	1.943026	2.090865
0.1528717	10.39832	1.942761	2.09058
0.1529134	10.39368	1.942497	2.090295
0.1529551	10.38899	1.942232	2.090011
0.1529968	10.38427	1.941968	2.089726
0.1530385	10.37949	1.941704	2.089442
0.1530802	10.37468	1.941439	2.089158
0.1531219	10.36983	1.941175	2.088874
0.1531636	10.36493	1.940911	2.08859
0.1532053	10.36	1.940648	2.088306
0.153247	10.35503	1.940384	2.088022
0.1532887	10.35003	1.94012	2.087738
0.1533304	10.345	1.939857	2.087455
0.1533721	10.33994	1.939593	2.087171
0.1534138	10.33485	1.93933	2.086888
0.1534555	10.32974	1.939067	2.086604
0.1534972	10.32461	1.938804	2.086321
0.1535389	10.31947	1.938541	2.086038
0.1535806	10.31432	1.938278	2.085755
0.1536223	10.30916	1.938015	2.085472
0.153664	10.30399	1.937752	2.08519
0.1537057	10.29884	1.937489	2.084907
0.1537474	10.29368	1.937227	2.084625
0.1537891	10.28854	1.936964	2.084342
0.1538308	10.28342	1.936702	2.08406
0.1538725	10.27832	1.93644	2.083777
0.1539142	10.27324	1.936177	2.083495
0.1539559	10.26823	1.935915	2.083213
0.1539976	10.26319	1.935653	2.082931
0.1540393	10.25823	1.935391	2.082649
0.154081	10.25331	1.935129	2.082367
0.1541227	10.24844	1.934867	2.082085
0.1541644	10.24362	1.934605	2.081804
0.1542061	10.23887	1.934344	2.081522
0.1542478	10.23418	1.934082	2.08124
0.1542894	10.22955	1.93382	2.080959
0.1543311	10.22499	1.933559	2.080678
0.1543728	10.2205	1.933297	2.080396
0.1544145	10.21609	1.933036	2.080115
0.1544562	10.21176	1.932775	2.079834
0.1544979	10.2075	1.932513	2.079552
0.1545396	10.20332	1.932252	2.079271
0.1545813	10.19924	1.931991	2.07899
0.154623	10.19518	1.93173	2.078709
0.1546647	10.19264	1.931469	2.078428
0.1547064	10.18739	1.931208	2.078148
0.1547481	10.1836	1.930947	2.077867
0.1547898	10.17989	1.930686	2.077586
0.1548315	10.17624	1.930425	2.077306
0.1548732	10.17267	1.930165	2.077025
0.1549149	10.16913	1.929904	2.076745
0.1549566	10.16571	1.929643	2.076464
0.1549983	10.16231	1.929383	2.076184
0.15504	10.15896	1.929123	2.075904
0.1550817	10.15566	1.928862	2.075623
0.1551234	10.1524	1.928602	2.075343
0.1551651	10.14917	1.928342	2.075064
0.1552068	10.14596	1.928082	2.074784
0.1552485	10.14277	1.927822	2.074504
0.1552902	10.13959	1.927562	2.074224
0.1553319	10.13643	1.927302	2.073945
0.1553736	10.13324	1.927043	2.073665
0.1554153	10.13005	1.926783	2.073386
0.155457	10.12683	1.926524	2.073107
0.1554987	10.12359	1.926264	2.072828
0.1555404	10.12032	1.926005	2.072549
0.1555821	10.117	1.925746	2.07227
0.1556238	10.11362	1.925487	2.071992
0.1556655	10.11019	1.925228	2.071713
0.1557072	10.1067	1.92497	2.071435
0.1557489	10.10312	1.924711	2.071156
0.1557906	10.09947	1.924453	2.070878
0.1558323	10.09574	1.924194	2.070601
0.155874	10.09191	1.923936	2.070323
0.1559157	10.08799	1.923678	2.070045
0.1559574	10.08397	1.923421	2.069768
0.155999	10.07984	1.923163	2.069491
0.1560407	10.0756	1.922905	2.069213
0.1560824	10.07125	1.922648	2.068936
0.1561241	10.06679	1.922391	2.06866
0.1561658	10.06221	1.922134	2.068383
0.1562075	10.05752	1.921877	2.068107
0.1562492	10.05271	1.92162	2.06783
0.1562909	10.04779	1.921364	2.067554
0.1563326	10.04275	1.921107	2.067278
0.1563743	10.03761	1.920851	2.067003
0.156416	10.03235	1.920595	2.066727
0.1564577	10.02699	1.920339	2.066452
0.1564994	10.02153	1.920083	2.066176
0.1565411	10.01597	1.919828	2.065901
0.1565828	10.01033	1.919572	2.065626
0.1566245	10.0046	1.919317	2.065352
0.1566662	9.99879	1.919062	2.065077
0.1567079	9.992914	1.918806	2.064803
0.1567496	9.986976	1.918552	2.064528
0.1567913	9.980984	1.918297	2.064254
0.156833	9.974948	1.918042	2.06398
0.1568747	9.968861	1.917787	2.063706
0.1569164	9.962777	1.917533	2.063432
0.1569581	9.956662	1.917279	2.063159
0.1569998	9.950537	1.917025	2.062885
0.1570415	9.944421	1.91677	2.062612
0.1570832	9.938314	1.916516	2.062338
0.1571249	9.931983	1.916263	2.062065
0.1571666	9.926184	1.916009	2.061792
0.1572083	9.9202	1.915755	2.061519
0.15725	9.914225	1.915502	2.061246
0.1572917	9.908334	1.915248	2.060973
0.1573334	9.902513	1.914995	2.060701
0.1573751	9.896779	1.914741	2.060428
0.1574168	9.891132	1.914488	2.060156
0.1574585	9.885583	1.914235	2.059883
0.1575002	9.880141	1.913982	2.059611
0.1575419	9.874812	1.913729	2.059339
0.1575836	9.869596	1.913476	2.059066
0.1576253	9.86452	1.913223	2.058794
0.157667	9.859568	1.91297	2.058522
0.1577087	9.854756	1.912717	2.05825
0.1577503	9.85009	1.912465	2.057978
0.157792	9.845561	1.912212	2.057706
0.1578337	9.841184	1.911959	2.057435
0.1578754	9.836959	1.911707	2.057163
0.1579171	9.832885	1.911455	2.056891
0.1579588	9.828965	1.911202	2.05662
0.1580005	9.825198	1.91095	2.056348
0.1580422	9.821585	1.910698	2.056077
0.1580839	9.818124	1.910446	2.055806
0.1581256	9.814814	1.910193	2.055534
0.1581673	9.811652	1.909941	2.055263
0.158209	9.808633	1.90969	2.054992
0.1582507	9.805755	1.909438	2.054721
0.1582924	9.803013	1.909186	2.05445
0.1583341	9.800399	1.908934	2.054179
0.1583758	9.797916	1.908683	2.053908
0.1584175	9.795551	1.908431	2.053638
0.1584592	9.793298	1.90818	2.053367
0.1585009	9.79115	1.907928	2.053097
0.1585426	9.789114	1.907677	2.052826
0.1585843	9.787142	1.907426	2.052556
0.158626	9.785264	1.907175	2.052286
0.1586677	9.78346	1.906924	2.052016
0.1587094	9.781721	1.906673	2.051746
0.1587511	9.780038	1.906422	2.051476
0.1587928	9.778403	1.906171	2.051206
0.1588345	9.776804	1.905921	2.050937
0.1588762	9.775233	1.90567	2.050667
0.1589179	9.773688	1.90542	2.050398
0.1589596	9.772139	1.90517	2.050128
0.1590013	9.770597	1.90492	2.049859
0.159043	9.769048	1.90467	2.04959
0.1590847	9.767479	1.90442	2.049321
0.1591264	9.765884	1.90417	2.049053
0.1591681	9.764254	1.90392	2.048784
0.1592098	9.76258	1.903671	2.048516
0.1592515	9.760855	1.903422	2.048247
0.1592932	9.75907	1.903172	2.047979
0.1593349	9.757218	1.902923	2.047711
0.1593766	9.755292	1.902674	2.047443
0.1594183	9.753285	1.902425	2.047175
0.1594599	9.75119	1.902177	2.046907
0.1595016	9.749003	1.901928	2.04664
0.1595433	9.746718	1.901679	2.046372
0.159585	9.74433	1.901431	2.046105
0.1596267	9.741835	1.901183	2.045838
0.1596684	9.739229	1.900934	2.045571
0.1597101	9.736508	1.900686	2.045304
0.1597518	9.73367	1.900439	2.045037
0.1597935	9.730712	1.900191	2.04477
0.1598352	9.727633	1.899943	2.044504
0.1598769	9.724431	1.899695	2.044238
0.1599186	9.721107	1.899448	2.043971
0.1599603	9.717661	1.899201	2.043705
0.160002	9.71409	1.898953	2.043439
0.1600437	9.710398	1.898706	2.043173
0.1600854	9.706585	1.898459	2.042907
0.1601271	9.702653	1.898212	2.042642
0.1601688	9.698606	1.897966	2.042376
0.1602105	9.694446	1.897719	2.042111
0.1602522	9.690175	1.897472	2.041845
0.1602939	9.685799	1.897226	2.04158
0.1603356	9.681322	1.896979	2.041315
0.1603773	9.676744	1.896733	2.04105
0.160419	9.672074	1.896487	2.040785
0.1604607	9.667317	1.896241	2.04052
0.1605024	9.662478	1.895995	2.040255
0.1605441	9.65756	1.895749	2.039991
0.1605858	9.652577	1.895503	2.039726
0.1606275	9.647528	1.895257	2.039462
0.1606692	9.642422	1.895012	2.039197
0.1607109	9.637264	1.894766	2.038933
0.1607526	9.632063	1.894521	2.038669
0.1607943	9.626824	1.894275	2.038405
0.160836	9.621553	1.89403	2.038141
0.1608777	9.616263	1.893785	2.037877
0.1609194	9.610951	1.89354	2.037613
0.1609611	9.605638	1.893295	2.03735
0.1610028	9.600319	1.89305	2.037086
0.1610445	9.594997	1.892805	2.036823
0.1610862	9.589703	1.89256	2.036559
0.1611279	9.58442	1.892315	2.036296
0.1611696	9.579159	1.892071	2.036033
0.1612112	9.573934	1.891826	2.03577
0.1612529	9.568746	1.891582	2.035507
0.1612946	9.563602	1.891338	2.035244
0.1613363	9.558508	1.891093	2.034981
0.161378	9.553469	1.890849	2.034718
0.1614197	9.548492	1.890605	2.034455
0.1614614	9.543581	1.890361	2.034193
0.1615031	9.538741	1.890117	2.033931
0.1615448	9.533976	1.889873	2.033668
0.1615865	9.529289	1.88963	2.033406
0.1616282	9.524689	1.889386	2.033144
0.1616699	9.520174	1.889143	2.032882
0.1617116	9.515749	1.888899	2.03262
0.1617533	9.511418	1.888656	2.032358
0.161795	9.507183	1.888413	2.032096
0.1618367	9.503045	1.88817	2.031835
0.1618784	9.499006	1.887927	2.031573
0.1619201	9.495068	1.887684	2.031312
0.1619618	9.491232	1.887441	2.031051
0.1620035	9.487498	1.887198	2.030789
0.1620452	9.483867	1.886956	2.030528
0.1620869	9.480335	1.886713	2.030267
0.1621286	9.476911	1.886471	2.030006
0.1621703	9.473592	1.886228	2.029746
0.162212	9.47037	1.885986	2.029485
0.1622537	9.467247	1.885744	2.029224
0.1622954	9.464222	1.885502	2.028964
0.1623371	9.461102	1.88526	2.028704
0.1623788	9.458458	1.885018	2.028443
0.1624205	9.455716	1.884776	2.028183
0.1624622	9.453062	1.884535	2.027923
0.1625039	9.450495	1.884293	2.027663
0.1625456	9.44801	1.884052	2.027403
0.1625873	9.445605	1.88381	2.027144
0.162629	9.443275	1.883569	2.026884
0.1626707	9.441016	1.883328	2.026624
0.1627124	9.438826	1.883086	2.026365
0.1627541	9.436704	1.882845	2.026105
0.1627958	9.434634	1.882604	2.025846
0.1628375	9.432727	1.882364	2.025587
0.1628792	9.430662	1.882123	2.025328
0.1629209	9.428747	1.881882	2.025069
0.1629625	9.426873	1.881641	2.02481
0.1630042	9.425031	1.881401	2.024551
0.1630459	9.423274	1.88116	2.024292
0.1630876	9.42145	1.880919	2.024033
0.1631293	9.419691	1.880679	2.023774
0.163171	9.417948	1.880439	2.023515
0.1632127	9.416216	1.880198	2.023257
0.1632544	9.414488	1.879958	2.022998
0.1632961	9.412763	1.879718	2.02274
0.1633378	9.411032	1.879477	2.022481
0.1633795	9.409291	1.879237	2.022223
0.1634212	9.407488	1.878997	2.021964
0.1634629	9.405756	1.878757	2.021706
0.1635046	9.403952	1.878517	2.021448
0.1635463	9.402115	1.878277	2.021189
0.163588	9.400245	1.878037	2.020931
0.1636297	9.398332	1.877797	2.020673
0.1636714	9.396373	1.877557	2.020415
0.1637131	9.394363	1.877317	2.020157
0.1637548	9.392294	1.877077	2.019899
0.1637965	9.390164	1.876838	2.019641
0.1638382	9.387967	1.876598	2.019383
0.1638799	9.3857	1.876358	2.019125
0.1639216	9.383357	1.876118	2.018867
0.1639633	9.380934	1.875879	2.018609
0.164005	9.378427	1.875639	2.018351
0.1640467	9.375831	1.8754	2.018093
0.1640884	9.373142	1.87516	2.017835
0.1641301	9.370355	1.87492	2.017577
0.1641718	9.367468	1.874681	2.01732
0.1642135	9.364493	1.874442	2.017062
0.1642552	9.361379	1.874202	2.016805
0.1642969	9.358171	1.873963	2.016547
0.1643386	9.354847	1.873724	2.01629
0.1643803	9.351409	1.873485	2.016032
0.164422	9.34785	1.873245	2.015775
0.1644637	9.34417	1.873006	2.015518
0.1645054	9.340368	1.872767	2.015261
0.1645471	9.336441	1.872529	2.015004
0.1645888	9.332388	1.87229	2.014747
0.1646305	9.328209	1.872051	2.01449
0.1646721	9.323904	1.871813	2.014233
0.1647138	9.319468	1.871574	2.013977
0.1647555	9.314904	1.871336	2.01372
0.1647972	9.310213	1.871098	2.013464
0.1648389	9.305431	1.87086	2.013208
0.1648806	9.300452	1.870622	2.012951
0.1649223	9.295386	1.870384	2.012696
0.164964	9.290197	1.870146	2.01244
0.1650057	9.284889	1.869908	2.012184
0.1650474	9.279464	1.869671	2.011929
0.1650891	9.273925	1.869434	2.011673
0.1651308	9.268275	1.869197	2.011418
0.1651725	9.26252	1.86896	2.011163
0.1652142	9.256663	1.868723	2.010908
0.1652559	9.25071	1.868486	2.010654
0.1652976	9.244665	1.86825	2.0104
0.1653393	9.238531	1.868014	2.010145
0.165381	9.232325	1.867778	2.009891
0.1654227	9.226042	1.867542	2.009637
0.1654644	9.21969	1.867306	2.009384
0.1655061	9.21328	1.867071	2.00913
0.1655478	9.206817	1.866835	2.008877
0.1655895	9.20031	1.8666	2.008624
0.1656312	9.193766	1.866365	2.008371
0.1656729	9.187194	1.86613	2.008119
0.1657146	9.180464	1.865896	2.007866
0.1657563	9.173997	1.865661	2.007614
0.165798	9.16739	1.865427	2.007362
0.1658397	9.160789	1.865193	2.00711
0.1658814	9.154205	1.864959	2.006858
0.1659231	9.147642	1.864726	2.006607
0.1659648	9.141106	1.864492	2.006356
0.1660065	9.134629	1.864259	2.006104
0.1660482	9.128185	1.864025	2.005853
0.1660899	9.121807	1.863792	2.005603
0.1661316	9.115498	1.86356	2.005352
0.1661733	9.109265	1.863327	2.005102
0.166215	9.103117	1.863094	2.004851
0.1662567	9.097061	1.862862	2.004601
0.1662984	9.091107	1.862629	2.004351
0.1663401	9.08526	1.862397	2.004101
0.1663818	9.079528	1.862165	2.003852
0.1664234	9.07392	1.861933	2.003602
0.1664651	9.068441	1.861701	2.003353
0.1665068	9.063093	1.86147	2.003103
0.1665485	9.057889	1.861238	2.002854
0.1665902	9.052828	1.861007	2.002605
0.1666319	9.047917	1.860775	2.002356
0.1666736	9.043158	1.860544	2.002107
0.1667153	9.038556	1.860313	2.001858
0.166757	9.034116	1.860082	2.00161
0.1667987	9.029837	1.859851	2.001361
0.1668404	9.025722	1.85962	2.001112
0.1668821	9.021774	1.859389	2.000864
0.1669238	9.017989	1.859158	2.000616
0.1669655	9.01437	1.858927	2.000367
0.1670072	9.010917	1.858696	2.000119
0.1670489	9.007628	1.858466	1.999871
0.1670906	9.004504	1.858235	1.999622
0.1671323	9.001541	1.858004	1.999374
0.167174	8.998736	1.857774	1.999126
0.1672157	8.996085	1.857543	1.998878
0.1672574	8.993587	1.857313	1.99863
0.1672991	8.991237	1.857082	1.998382
0.1673408	8.989029	1.856852	1.998134
0.1673825	8.98696	1.856622	1.997886
0.1674242	8.985026	1.856391	1.997639
0.1674659	8.98322	1.856161	1.997391
0.1675076	8.981531	1.855931	1.997143
0.1675493	8.979968	1.855701	1.996895
0.167591	8.97851	1.85547	1.996647
0.1676327	8.977154	1.85524	1.9964
0.1676744	8.975895	1.85501	1.996152
0.1677161	8.974727	1.85478	1.995905
0.1677578	8.973643	1.85455	1.995657
0.1677995	8.972634	1.85432	1.99541
0.1678412	8.971825	1.85409	1.995162
0.1678829	8.970816	1.85386	1.994915
0.1679246	8.970293	1.85363	1.994667
0.1679663	8.969218	1.8534	1.99442
0.168008	8.968485	1.85317	1.994173
0.1680497	8.967786	1.852941	1.993925
0.1680914	8.967119	1.852711	1.993678
0.168133	8.966465	1.852481	1.993431
0.1681747	8.96583	1.852252	1.993184
0.1682164	8.965205	1.852022	1.992937
0.1682581	8.964582	1.851793	1.99269
0.1682998	8.963957	1.851563	1.992443
0.1683415	8.963325	1.851334	1.992196
0.1683832	8.96268	1.851104	1.991949
0.1684249	8.962017	1.850875	1.991703
0.1684666	8.961331	1.850646	1.991456
0.1685083	8.960618	1.850417	1.991209
0.16855	8.959875	1.850188	1.990963
0.1685917	8.959096	1.849959	1.990716
0.1686334	8.958277	1.84973	1.99047
0.1686751	8.95742	1.849501	1.990224
0.1687168	8.95652	1.849272	1.989977
0.1687585	8.955571	1.849043	1.989731
0.1688002	8.954571	1.848814	1.989485
0.1688419	8.95352	1.848586	1.989239
0.1688836	8.952417	1.848357	1.988993
0.1689253	8.951254	1.848129	1.988747
0.168967	8.950035	1.8479	1.988501
0.1690087	8.948758	1.847672	1.988256
0.1690504	8.94742	1.847444	1.98801
0.1690921	8.946024	1.847215	1.987764
0.1691338	8.94456	1.846987	1.987519
0.1691755	8.943034	1.846759	1.987273
0.1692172	8.941445	1.846531	1.987028
0.1692589	8.939792	1.846303	1.986783
0.1693006	8.938074	1.846075	1.986537
0.1693423	8.936286	1.845847	1.986292
0.169384	8.934441	1.84562	1.986047
0.1694257	8.932524	1.845392	1.985802
0.1694674	8.93054	1.845164	1.985557
0.1695091	8.928489	1.844937	1.985312
0.1695508	8.926371	1.844709	1.985068
0.1695925	8.924183	1.844482	1.984823
0.1696342	8.921931	1.844254	1.984578
0.1696759	8.919601	1.844027	1.984334
0.1697176	8.917215	1.8438	1.984089
0.1697593	8.914773	1.843573	1.983845
0.169801	8.912221	1.843346	1.9836
0.1698427	8.909619	1.843118	1.983356
0.1698843	8.906951	1.842891	1.983111
0.169926	8.904201	1.842664	1.982867
0.1699677	8.901384	1.842438	1.982623
0.1700094	8.898495	1.842211	1.982379
0.1700511	8.895532	1.841984	1.982135
0.1700928	8.892494	1.841757	1.981891
0.1701345	8.889382	1.84153	1.981647
0.1701762	8.886196	1.841304	1.981403
0.1702179	8.882931	1.841077	1.981159
0.1702596	8.879591	1.840851	1.980915
0.1703013	8.876174	1.840624	1.980672
0.170343	8.872679	1.840398	1.980428
0.1703847	8.869104	1.840172	1.980185
0.1704264	8.865451	1.839945	1.979941
0.1704681	8.861718	1.839719	1.979698
0.1705098	8.857905	1.839493	1.979455
0.1705515	8.854012	1.839267	1.979211
0.1705932	8.850038	1.839041	1.978968
0.1706349	8.845985	1.838815	1.978725
0.1706766	8.841851	1.838589	1.978482
0.1707183	8.837637	1.838364	1.978239
0.17076	8.833342	1.838138	1.977996
0.1708017	8.828969	1.837913	1.977754
0.1708434	8.824517	1.837687	1.977511
0.1708851	8.819987	1.837462	1.977269
0.1709268	8.815381	1.837236	1.977026
0.1709685	8.810731	1.837011	1.976784
0.1710102	8.805945	1.836786	1.976542
0.1710519	8.801119	1.836561	1.9763
0.1710936	8.796222	1.836336	1.976058
0.1711353	8.791258	1.836112	1.975816
0.171177	8.786228	1.835887	1.975574
0.1712187	8.781137	1.835663	1.975333
0.1712604	8.775985	1.835438	1.975091
0.1713021	8.770778	1.835214	1.97485
0.1713438	8.765518	1.83499	1.974609
0.1713855	8.759573	1.834766	1.974367
0.1714272	8.754854	1.834542	1.974127
0.1714689	8.749458	1.834318	1.973886
0.1715106	8.744027	1.834094	1.973645
0.1715523	8.738564	1.833871	1.973405
0.171594	8.733075	1.833648	1.973164
0.1716356	8.727534	1.833424	1.972924
0.1716773	8.722038	1.833201	1.972684
0.171719	8.716505	1.832978	1.972444
0.1717607	8.71096	1.832756	1.972204
0.1718024	8.70542	1.832533	1.971965
0.1718441	8.699886	1.83231	1.971725
0.1718858	8.694366	1.832088	1.971486
0.1719275	8.688865	1.831866	1.971247
0.1719692	8.68339	1.831644	1.971008
0.1720109	8.677941	1.831422	1.970769
0.1720526	8.672543	1.8312	1.97053
0.1720943	8.667183	1.830978	1.970292
0.172136	8.661874	1.830757	1.970054
0.1721777	8.656623	1.830535	1.969815
0.1722194	8.651435	1.830314	1.969577
0.1722611	8.646316	1.830093	1.969339
0.1723028	8.641272	1.829872	1.969102
0.1723445	8.636309	1.829651	1.968864
0.1723862	8.631433	1.829431	1.968626
0.1724279	8.626649	1.82921	1.968389
0.1724696	8.622082	1.82899	1.968152
0.1725113	8.617376	1.828769	1.967915
0.172553	8.612896	1.828549	1.967678
0.1725947	8.608525	1.828329	1.967441
0.1726364	8.604273	1.828109	1.967204
0.1726781	8.600133	1.827889	1.966967
0.1727198	8.596112	1.827669	1.966731
0.1727615	8.592213	1.827449	1.966494
0.1728032	8.588439	1.82723	1.966258
0.1728449	8.584788	1.82701	1.966022
0.1728866	8.581266	1.826791	1.965785
0.1729283	8.57787	1.826571	1.965549
0.17297	8.574596	1.826352	1.965313
0.1730117	8.571447	1.826133	1.965077
0.1730534	8.568427	1.825913	1.964842
0.1730951	8.565532	1.825694	1.964606
0.1731368	8.562769	1.825475	1.96437
0.1731785	8.5601	1.825256	1.964134
0.1732202	8.557559	1.825037	1.963899
0.1732619	8.555128	1.824818	1.963663
0.1733036	8.552805	1.824599	1.963428
0.1733452	8.550584	1.82438	1.963192
0.1733869	8.54846	1.824162	1.962957
0.1734286	8.546429	1.823943	1.962721
0.1734703	8.544484	1.823724	1.962486
0.173512	8.542618	1.823506	1.962251
0.1735537	8.540825	1.823287	1.962015
0.1735954	8.539097	1.823068	1.96178
0.1736371	8.537428	1.82285	1.961545
0.1736788	8.53581	1.822631	1.96131
0.1737205	8.534235	1.822413	1.961075
0.1737622	8.532696	1.822194	1.960839
0.1738039	8.531185	1.821976	1.960604
0.1738456	8.529694	1.821757	1.960369
0.1738873	8.528213	1.821539	1.960134
0.173929	8.526736	1.821321	1.959899
0.1739707	8.525254	1.821102	1.959664
0.1740124	8.52376	1.820884	1.95943
0.1740541	8.522245	1.820666	1.959195
0.1740958	8.520702	1.820448	1.95896
0.1741375	8.519123	1.82023	1.958725
0.1741792	8.517503	1.820012	1.958491
0.1742209	8.515834	1.819793	1.958256
0.1742626	8.51411	1.819576	1.958021
0.1743043	8.512325	1.819358	1.957787
0.174346	8.510473	1.81914	1.957553
0.1743877	8.508551	1.818922	1.957318
0.1744294	8.506551	1.818704	1.957084
0.1744711	8.50447	1.818487	1.95685
0.1745128	8.502307	1.818269	1.956616
0.1745545	8.500056	1.818052	1.956382
0.1745962	8.497717	1.817834	1.956148
0.1746379	8.495288	1.817617	1.955914
0.1746796	8.492769	1.8174	1.95568
0.1747213	8.490156	1.817182	1.955446
0.174763	8.487447	1.816965	1.955213
0.1748047	8.484649	1.816748	1.954979
0.1748464	8.481761	1.816532	1.954746
0.1748881	8.478784	1.816315	1.954513
0.1749298	8.475721	1.816098	1.95428
0.1749715	8.472575	1.815882	1.954047
0.1750132	8.469349	1.815665	1.953814
0.1750549	8.466046	1.815449	1.953581
0.1750965	8.462672	1.815233	1.953348
0.1751382	8.45923	1.815016	1.953116
0.1751799	8.455728	1.8148	1.952883
0.1752216	8.452169	1.814584	1.952651
0.1752633	8.448561	1.814369	1.952418
0.175305	8.444908	1.814153	1.952186
0.1753467	8.441219	1.813937	1.951954
0.1753884	8.437498	1.813722	1.951722
0.1754301	8.433753	1.813506	1.951491
0.1754718	8.429993	1.813291	1.951259
0.1755135	8.42622	1.813076	1.951027
0.1755552	8.422446	1.812861	1.950796
0.1755969	8.41868	1.812646	1.950564
0.1756386	8.414915	1.812431	1.950333
0.1756803	8.411173	1.812216	1.950102
0.175722	8.407455	1.812001	1.949871
0.1757637	8.403773	1.811787	1.94964
0.1758054	8.400154	1.811572	1.949409
0.1758471	8.396512	1.811358	1.949178
0.1758888	8.392953	1.811143	1.948947
0.1759305	8.389448	1.810929	1.948717
0.1759722	8.386002	1.810714	1.948486
0.1760139	8.38262	1.8105	1.948256
0.1760556	8.379304	1.810286	1.948025
0.1760973	8.376061	1.810072	1.947795
0.176139	8.37291	1.809858	1.947565
0.1761807	8.369799	1.809644	1.947334
0.1762224	8.366785	1.80943	1.947104
0.1762641	8.363853	1.809216	1.946874
0.1763058	8.361002	1.809002	1.946644
0.1763475	8.358235	1.808788	1.946414
0.1763892	8.355552	1.808575	1.946184
0.1764309	8.352951	1.808361	1.945954
0.1764726	8.350433	1.808147	1.945724
0.1765143	8.347996	1.807934	1.945494
0.176556	8.345639	1.80772	1.945264
0.1765977	8.343359	1.807507	1.945034
0.1766394	8.341155	1.807293	1.944804
0.1766811	8.33902	1.80708	1.944575
0.1767228	8.336956	1.806866	1.944345
0.1767645	8.334959	1.806653	1.944115
0.1768061	8.333022	1.806439	1.943886
0.1768478	8.331143	1.806226	1.943656
0.1768895	8.329316	1.806013	1.943427
0.1769312	8.327538	1.805799	1.943197
0.1769729	8.325803	1.805586	1.942968
0.1770146	8.324106	1.805373	1.942738
0.1770563	8.322444	1.80516	1.942509
0.177098	8.320807	1.804946	1.942279
0.1771397	8.319193	1.804733	1.94205
0.1771814	8.317595	1.80452	1.941821
0.1772231	8.315989	1.804307	1.941592
0.1772648	8.314427	1.804094	1.941362
0.1773065	8.312847	1.803882	1.941133
0.1773482	8.311261	1.803669	1.940904
0.1773899	8.30966	1.803456	1.940675
0.1774316	8.308053	1.803243	1.940447
0.1774733	8.306421	1.803031	1.940218
0.177515	8.304764	1.802818	1.939989
0.1775567	8.303077	1.802606	1.93976
0.1775984	8.301356	1.802393	1.939532
0.1776401	8.299597	1.802181	1.939303
0.1776818	8.297735	1.801969	1.939075
0.1777235	8.295949	1.801756	1.938847
0.1777652	8.294132	1.801544	1.938618
0.1778069	8.292099	1.801332	1.93839
0.1778486	8.290093	1.80112	1.938162
0.1778903	8.288029	1.800908	1.937934
0.177932	8.285904	1.800697	1.937706
0.1779737	8.283718	1.800485	1.937479
0.1780154	8.28147	1.800274	1.937251
0.1780571	8.279149	1.800062	1.937023
0.1780988	8.276766	1.799851	1.936796
0.1781405	8.274313	1.799639	1.936569
0.1781822	8.271792	1.799428	1.936341
0.1782239	8.269143	1.799217	1.936114
0.1782656	8.266545	1.799006	1.935887
0.1783073	8.263819	1.798796	1.93566
0.178349	8.261031	1.798585	1.935434
0.1783907	8.258164	1.798374	1.935207
0.1784324	8.255235	1.798164	1.93498
0.1784741	8.252242	1.797953	1.934754
0.1785158	8.249185	1.797743	1.934528
0.1785574	8.246064	1.797533	1.934302
0.1785991	8.242883	1.797323	1.934076
0.1786408	8.239643	1.797113	1.93385
0.1786825	8.236346	1.796903	1.933624
0.1787242	8.232998	1.796693	1.933398
0.1787659	8.229591	1.796483	1.933172
0.1788076	8.226136	1.796274	1.932947
0.1788493	8.222634	1.796064	1.932721
0.178891	8.219097	1.795855	1.932496
0.1789327	8.215497	1.795646	1.932271
0.1789744	8.211868	1.795437	1.932046
0.1790161	8.208151	1.795228	1.931821
0.1790578	8.2045	1.795019	1.931596
0.1790995	8.200766	1.79481	1.931371
0.1791412	8.197004	1.794601	1.931147
0.1791829	8.193215	1.794392	1.930922
0.1792246	8.189402	1.794184	1.930698
0.1792663	8.185569	1.793975	1.930473
0.179308	8.181716	1.793767	1.930249
0.1793497	8.177846	1.793558	1.930025
0.1793914	8.173964	1.79335	1.929801
0.1794331	8.170069	1.793142	1.929577
0.1794748	8.166165	1.792934	1.929353
0.1795165	8.162254	1.792726	1.929129
0.1795582	8.158338	1.792518	1.928905
0.1795999	8.154418	1.79231	1.928681
0.1796416	8.150496	1.792102	1.928458
0.1796833	8.146574	1.791894	1.928234
0.179725	8.142653	1.791687	1.928011
0.1797667	8.138735	1.791479	1.927788
0.1798084	8.134822	1.791272	1.927564
0.1798501	8.130925	1.791064	1.927341
0.1798918	8.127009	1.790857	1.927118
0.1799335	8.123112	1.79065	1.926895
0.1799752	8.119224	1.790443	1.926672
0.1800169	8.115342	1.790236	1.926449
0.1800586	8.111469	1.790029	1.926226
0.1801003	8.107605	1.789822	1.926004
0.180142	8.103749	1.789615	1.925781
0.1801837	8.099904	1.789408	1.925558
0.1802254	8.096068	1.789201	1.925336
0.1802671	8.092242	1.788994	1.925114
0.1803087	8.088421	1.788788	1.924891
0.1803504	8.084611	1.788581	1.924669
0.1803921	8.080811	1.788375	1.924447
0.1804338	8.077019	1.788168	1.924225
0.1804755	8.073235	1.787962	1.924003
0.1805172	8.06946	1.787756	1.923781
0.1805589	8.06569	1.78755	1.923559
0.1806006	8.061934	1.787344	1.923337
0.1806423	8.058184	1.787138	1.923116
0.180684	8.054441	1.786932	1.922894
0.1807257	8.050708	1.786726	1.922673
0.1807674	8.046983	1.78652	1.922451
0.1808091	8.043276	1.786315	1.92223
0.1808508	8.039561	1.786109	1.922009
0.1808925	8.035866	1.785904	1.921788
0.1809342	8.032182	1.785698	1.921567
0.1809759	8.028511	1.785493	1.921346
0.1810176	8.024853	1.785288	1.921125
0.1810593	8.021209	1.785083	1.920904
0.181101	8.017581	1.784877	1.920683
0.1811427	8.013977	1.784672	1.920463
0.1811844	8.010391	1.784468	1.920242
0.1812261	8.006813	1.784263	1.920022
0.1812678	8.003289	1.784058	1.919802
0.1813095	7.999779	1.783853	1.919581
0.1813512	7.996299	1.783649	1.919361
0.1813929	7.992855	1.783444	1.919141
0.1814346	7.989447	1.78324	1.918921
0.1814763	7.986081	1.783036	1.918701
0.181518	7.982758	1.782831	1.918482
0.1815597	7.979483	1.782627	1.918262
0.1816014	7.97626	1.782423	1.918042
0.1816431	7.973092	1.782219	1.917823
0.1816848	7.969981	1.782015	1.917603
0.1817265	7.966938	1.781811	1.917384
0.1817682	7.963961	1.781607	1.917164
0.1818099	7.961055	1.781404	1.916945
0.1818516	7.958223	1.7812	1.916726
0.1818933	7.95547	1.780996	1.916507
0.181935	7.952801	1.780793	1.916288
0.1819767	7.950217	1.780589	1.916069
0.1820183	7.947721	1.780386	1.91585
0.18206	7.945319	1.780182	1.915631
0.1821017	7.943012	1.779979	1.915412
0.1821434	7.940803	1.779775	1.915193
0.1821851	7.938693	1.779572	1.914974
0.1822268	7.936686	1.779369	1.914756
0.1822685	7.934781	1.779166	1.914537
0.1823102	7.93298	1.778962	1.914318
0.1823519	7.931284	1.778759	1.914099
0.1823936	7.929693	1.778556	1.913881
0.1824353	7.928206	1.778353	1.913662
0.182477	7.926823	1.778149	1.913443
0.1825187	7.925542	1.777946	1.913225
0.1825604	7.924361	1.777743	1.913006
0.1826021	7.923277	1.77754	1.912788
0.1826438	7.922287	1.777337	1.912569
0.1826855	7.921387	1.777134	1.912351
0.1827272	7.920574	1.776931	1.912132
0.1827689	7.919851	1.776728	1.911914
0.1828106	7.919187	1.776525	1.911695
0.1828523	7.918602	1.776322	1.911477
0.182894	7.91808	1.776119	1.911258
0.1829357	7.917614	1.775916	1.91104
0.1829774	7.917197	1.775713	1.910821
0.1830191	7.916821	1.77551	1.910603
0.1830608	7.916479	1.775307	1.910384
0.1831025	7.91616	1.775104	1.910166
0.1831442	7.915856	1.774901	1.909947
0.1831859	7.915559	1.774698	1.909729
0.1832276	7.915263	1.774495	1.909511
0.1832693	7.914939	1.774292	1.909292
0.183311	7.914598	1.774089	1.909074
0.1833527	7.914225	1.773886	1.908856
0.1833944	7.913797	1.773683	1.908637
0.1834361	7.913331	1.773481	1.908419
0.1834778	7.912793	1.773278	1.908201
0.1835195	7.912181	1.773075	1.907983
0.1835612	7.911484	1.772872	1.907765
0.1836029	7.910694	1.77267	1.907547
0.1836446	7.909801	1.772467	1.907329
0.1836863	7.908796	1.772265	1.907111
0.183728	7.907671	1.772063	1.906893
0.1837696	7.906417	1.77186	1.906676
0.1838113	7.905029	1.771658	1.906458
0.183853	7.903495	1.771456	1.906241
0.1838947	7.901815	1.771254	1.906023
0.1839364	7.89998	1.771052	1.905806
0.1839781	7.897987	1.77085	1.905589
0.1840198	7.895831	1.770648	1.905371
0.1840615	7.893507	1.770447	1.905154
0.1841032	7.891015	1.770245	1.904937
0.1841449	7.888349	1.770043	1.904721
0.1841866	7.885518	1.769842	1.904504
0.1842283	7.882513	1.769641	1.904288
0.18427	7.879338	1.76944	1.904071
0.1843117	7.876002	1.769239	1.903855
0.1843534	7.872487	1.769038	1.903639
0.1843951	7.868819	1.768837	1.903423
0.1844368	7.864811	1.768637	1.903207
0.1844785	7.86103	1.768436	1.902991
0.1845202	7.856883	1.768236	1.902776
0.1845619	7.852619	1.768036	1.90256
0.1846036	7.848226	1.767836	1.902345
0.1846453	7.843708	1.767636	1.90213
0.184687	7.839078	1.767436	1.901915
0.1847287	7.834345	1.767237	1.9017
0.1847704	7.829519	1.767037	1.901486
0.1848121	7.824611	1.766838	1.901271
0.1848538	7.819634	1.766639	1.901057
0.1848955	7.814598	1.76644	1.900843
0.1849372	7.809516	1.766241	1.900629
0.1849789	7.804401	1.766042	1.900415
0.1850206	7.799265	1.765843	1.900201
0.1850623	7.794121	1.765645	1.899987
0.185104	7.788982	1.765446	1.899774
0.1851457	7.783862	1.765248	1.89956
0.1851874	7.778772	1.76505	1.899347
0.1852291	7.773753	1.764852	1.899134
0.1852708	7.768738	1.764654	1.898921
0.1853125	7.763816	1.764456	1.898708
0.1853542	7.758974	1.764258	1.898495
0.1853959	7.754229	1.764061	1.898283
0.1854376	7.74958	1.763863	1.89807
0.1854792	7.745048	1.763665	1.897857
0.1855209	7.740638	1.763468	1.897645
0.1855626	7.73635	1.763271	1.897433
0.1856043	7.732222	1.763074	1.89722
0.185646	7.728232	1.762876	1.897008
0.1856877	7.724396	1.762679	1.896796
0.1857294	7.720721	1.762482	1.896584
0.1857711	7.717213	1.762285	1.896372
0.1858128	7.713874	1.762088	1.89616
0.1858545	7.710706	1.761891	1.895948
0.1858962	7.707713	1.761695	1.895736
0.1859379	7.704896	1.761498	1.895525
0.1859796	7.702254	1.761301	1.895313
0.1860213	7.699786	1.761104	1.895101
0.186063	7.697493	1.760908	1.89489
0.1861047	7.695371	1.760711	1.894678
0.1861464	7.693415	1.760514	1.894466
0.1861881	7.69162	1.760318	1.894255
0.1862298	7.689981	1.760121	1.894043
0.1862715	7.688491	1.759924	1.893832
0.1863132	7.687143	1.759728	1.89362
0.1863549	7.685928	1.759531	1.893409
0.1863966	7.684839	1.759335	1.893197
0.1864383	7.683866	1.759138	1.892986
0.18648	7.682997	1.758942	1.892774
0.1865217	7.682221	1.758745	1.892563
0.1865634	7.681528	1.758549	1.892352
0.1866051	7.680882	1.758353	1.89214
0.1866468	7.680341	1.758156	1.891929
0.1866885	7.679821	1.75796	1.891718
0.1867302	7.679334	1.757763	1.891506
0.1867719	7.678868	1.757567	1.891295
0.1868136	7.678407	1.757371	1.891084
0.1868553	7.677939	1.757175	1.890873
0.186897	7.677451	1.756978	1.890661
0.1869387	7.676929	1.756782	1.89045
0.1869804	7.676365	1.756586	1.890239
0.1870221	7.675736	1.75639	1.890028
0.1870638	7.675038	1.756194	1.889817
0.1871055	7.674257	1.755997	1.889606
0.1871472	7.673381	1.755801	1.889395
0.1871889	7.672399	1.755605	1.889184
0.1872305	7.671301	1.755409	1.888973
0.1872722	7.670125	1.755213	1.888762
0.1873139	7.66872	1.755018	1.888551
0.1873556	7.667219	1.754822	1.888341
0.1873973	7.665566	1.754626	1.88813
0.187439	7.663756	1.75443	1.88792
0.1874807	7.66178	1.754235	1.887709
0.1875224	7.659638	1.754039	1.887499
0.1875641	7.657322	1.753843	1.887288
0.1876058	7.654832	1.753648	1.887078
0.1876475	7.652169	1.753453	1.886868
0.1876892	7.649316	1.753257	1.886657
0.1877309	7.646288	1.753062	1.886447
0.1877726	7.643081	1.752867	1.886237
0.1878143	7.639696	1.752672	1.886027
0.187856	7.636138	1.752477	1.885818
0.1878977	7.632408	1.752282	1.885608
0.1879394	7.628512	1.752087	1.885398
0.1879811	7.624455	1.751892	1.885189
0.1880228	7.620242	1.751698	1.884979
0.1880645	7.615881	1.751503	1.88477
0.1881062	7.611378	1.751309	1.884561
0.1881479	7.606745	1.751114	1.884351
0.1881896	7.601988	1.75092	1.884142
0.1882313	7.59712	1.750726	1.883933
0.188273	7.59215	1.750532	1.883725
0.1883147	7.587089	1.750338	1.883516
0.1883564	7.581948	1.750144	1.883307
0.1883981	7.57674	1.74995	1.883099
0.1884398	7.571477	1.749756	1.88289
0.1884815	7.566173	1.749563	1.882682
0.1885232	7.560839	1.749369	1.882474
0.1885649	7.55549	1.749176	1.882265
0.1886066	7.550139	1.748983	1.882057
0.1886483	7.544799	1.748789	1.881849
0.18869	7.539482	1.748596	1.881642
0.1887317	7.534206	1.748403	1.881434
0.1887734	7.528981	1.74821	1.881226
0.1888151	7.523841	1.748017	1.881019
0.1888568	7.518736	1.747824	1.880811
0.1888985	7.51375	1.747632	1.880604
0.1889402	7.50885	1.747439	1.880396
0.1889818	7.504072	1.747247	1.880189
0.1890235	7.499419	1.747054	1.879982
0.1890652	7.494904	1.746862	1.879775
0.1891069	7.490535	1.746669	1.879568
0.1891486	7.48632	1.746477	1.879361
0.1891903	7.482271	1.746285	1.879154
0.189232	7.478412	1.746093	1.878948
0.1892737	7.474699	1.745901	1.878741
0.1893154	7.471186	1.745709	1.878535
0.1893571	7.467875	1.745517	1.878328
0.1893988	7.46476	1.745325	1.878122
0.1894405	7.461847	1.745133	1.877915
0.1894822	7.459141	1.744942	1.877709
0.1895239	7.456645	1.74475	1.877503
0.1895656	7.454355	1.744558	1.877297
0.1896073	7.452278	1.744367	1.87709
0.189649	7.450412	1.744175	1.876884
0.1896907	7.448756	1.743984	1.876678
0.1897324	7.447309	1.743793	1.876472
0.1897741	7.446069	1.743601	1.876267
0.1898158	7.44503	1.74341	1.876061
0.1898575	7.444188	1.743219	1.875855
0.1898992	7.443538	1.743028	1.875649
0.1899409	7.443074	1.742837	1.875444
0.1899826	7.442789	1.742646	1.875238
0.1900243	7.442676	1.742454	1.875033
0.190066	7.442728	1.742264	1.874827
0.1901077	7.442934	1.742073	1.874622
0.1901494	7.443286	1.741882	1.874416
0.1901911	7.443773	1.741691	1.874211
0.1902328	7.444384	1.7415	1.874006
0.1902745	7.445145	1.74131	1.873801
0.1903162	7.445935	1.741119	1.873595
0.1903579	7.446852	1.740928	1.87339
0.1903996	7.447848	1.740738	1.873185
0.1904413	7.448909	1.740547	1.87298
0.190483	7.450023	1.740357	1.872775
0.1905247	7.451177	1.740167	1.872571
0.1905664	7.452359	1.739976	1.872366
0.1906081	7.453555	1.739786	1.872161
0.1906498	7.454752	1.739596	1.871956
0.1906914	7.455938	1.739406	1.871752
0.1907331	7.457101	1.739216	1.871547
0.1907748	7.458226	1.739026	1.871343
0.1908165	7.459302	1.738836	1.871139
0.1908582	7.460319	1.738646	1.870934
0.1908999	7.461264	1.738456	1.87073
0.1909416	7.46212	1.738266	1.870526
0.1909833	7.462882	1.738077	1.870322
0.191025	7.46354	1.737887	1.870118
0.1910667	7.464082	1.737698	1.869914
0.1911084	7.464498	1.737508	1.86971
0.1911501	7.464781	1.737319	1.869506
0.1911918	7.464921	1.737129	1.869302
0.1912335	7.464912	1.73694	1.869098
0.1912752	7.464746	1.736751	1.868895
0.1913169	7.464417	1.736562	1.868691
0.1913586	7.463919	1.736372	1.868488
0.1914003	7.463245	1.736183	1.868284
0.191442	7.462393	1.735994	1.868081
0.1914837	7.46136	1.735805	1.867878
0.1915254	7.46014	1.735617	1.867674
0.1915671	7.458735	1.735428	1.867471
0.1916088	7.45714	1.735239	1.867268
0.1916505	7.455357	1.73505	1.867065
0.1916922	7.453384	1.734862	1.866862
0.1917339	7.451221	1.734673	1.866659
0.1917756	7.44887	1.734484	1.866456
0.1918173	7.446332	1.734296	1.866253
0.191859	7.443612	1.734107	1.86605
0.1919007	7.440711	1.733919	1.865847
0.1919424	7.437632	1.73373	1.865645
0.1919841	7.434382	1.733542	1.865442
0.1920258	7.430964	1.733354	1.865239
0.1920675	7.427381	1.733165	1.865037
0.1921092	7.42364	1.732977	1.864834
0.1921509	7.419744	1.732789	1.864631
0.1921926	7.415711	1.7326	1.864429
0.1922343	7.411535	1.732412	1.864226
0.192276	7.407228	1.732224	1.864024
0.1923177	7.402797	1.732036	1.863821
0.1923594	7.398248	1.731848	1.863619
0.1924011	7.39359	1.73166	1.863416
0.1924427	7.38883	1.731471	1.863214
0.1924844	7.383978	1.731283	1.863011
0.1925261	7.37904	1.731095	1.862809
0.1925678	7.374025	1.730907	1.862607
0.1926095	7.368942	1.730719	1.862404
0.1926512	7.363798	1.730531	1.862202
0.1926929	7.358603	1.730343	1.862
0.1927346	7.353363	1.730155	1.861798
0.1927763	7.348088	1.729968	1.861596
0.192818	7.342785	1.72978	1.861393
0.1928597	7.337463	1.729592	1.861191
0.1929014	7.332129	1.729404	1.860989
0.1929431	7.326793	1.729216	1.860787
0.1929848	7.321459	1.729029	1.860585
0.1930265	7.316139	1.728841	1.860383
0.1930682	7.310839	1.728653	1.860181
0.1931099	7.305561	1.728466	1.85998
0.1931516	7.300318	1.728278	1.859778
0.1931933	7.295116	1.728091	1.859576
0.193235	7.289959	1.727904	1.859374
0.1932767	7.284856	1.727716	1.859173
0.1933184	7.279811	1.727529	1.858971
0.1933601	7.274834	1.727342	1.85877
0.1934018	7.269923	1.727155	1.858569
0.1934435	7.265091	1.726968	1.858367
0.1934852	7.260341	1.726781	1.858166
0.1935269	7.255677	1.726594	1.857965
0.1935686	7.251104	1.726407	1.857764
0.1936103	7.246643	1.72622	1.857563
0.193652	7.242246	1.726034	1.857363
0.1936937	7.237971	1.725847	1.857162
0.1937354	7.233805	1.725661	1.856961
0.1937771	7.22975	1.725475	1.856761
0.1938188	7.225807	1.725289	1.856561
0.1938605	7.221983	1.725102	1.85636
0.1939022	7.218277	1.724917	1.85616
0.1939439	7.214694	1.724731	1.85596
0.1939856	7.211234	1.724545	1.85576
0.1940273	7.2079	1.724359	1.855561
0.194069	7.204695	1.724174	1.855361
0.1941107	7.201619	1.723988	1.855161
0.1941524	7.198671	1.723803	1.854962
0.194194	7.195854	1.723618	1.854763
0.1942357	7.193167	1.723433	1.854564
0.1942774	7.19061	1.723248	1.854365
0.1943191	7.188184	1.723063	1.854166
0.1943608	7.185886	1.722878	1.853967
0.1944025	7.183717	1.722694	1.853768
0.1944442	7.181676	1.722509	1.85357
0.1944859	7.17976	1.722325	1.853371
0.1945276	7.177968	1.72214	1.853173
0.1945693	7.176296	1.721956	1.852974
0.194611	7.174743	1.721772	1.852776
0.1946527	7.173305	1.721588	1.852578
0.1946944	7.171979	1.721404	1.85238
0.1947361	7.170766	1.72122	1.852182
0.1947778	7.169652	1.721036	1.851984
0.1948195	7.168642	1.720852	1.851787
0.1948612	7.167727	1.720669	1.851589
0.1949029	7.166903	1.720485	1.851392
0.1949446	7.166165	1.720302	1.851194
0.1949863	7.165507	1.720118	1.850997
0.195028	7.164925	1.719935	1.850799
0.1950697	7.164412	1.719751	1.850602
0.1951114	7.163963	1.719568	1.850405
0.1951531	7.163569	1.719385	1.850208
0.1951948	7.163227	1.719202	1.850011
0.1952365	7.162921	1.719019	1.849813
0.1952782	7.162665	1.718835	1.849616
0.1953199	7.162432	1.718652	1.849419
0.1953616	7.162223	1.718469	1.849223
0.1954033	7.162028	1.718287	1.849026
0.195445	7.161843	1.718104	1.848829
0.1954867	7.161658	1.717921	1.848632
0.1955284	7.161467	1.717738	1.848435
0.1955701	7.161263	1.717555	1.848239
0.1956118	7.161039	1.717372	1.848042
0.1956535	7.160787	1.71719	1.847846
0.1956952	7.1605	1.717007	1.847649
0.1957369	7.160171	1.716825	1.847452
0.1957786	7.159794	1.716642	1.847256
0.1958203	7.159362	1.716459	1.84706
0.195862	7.158869	1.716277	1.846863
0.1959036	7.158308	1.716094	1.846667
0.1959453	7.157674	1.715912	1.846471
0.195987	7.15696	1.71573	1.846274
0.1960287	7.156162	1.715547	1.846078
0.1960704	7.155274	1.715365	1.845882
0.1961121	7.15429	1.715183	1.845686
0.1961538	7.153208	1.715001	1.84549
0.1961955	7.152022	1.714819	1.845294
0.1962372	7.15073	1.714637	1.845098
0.1962789	7.149328	1.714455	1.844902
0.1963206	7.147813	1.714273	1.844706
0.1963623	7.146183	1.714091	1.844511
0.196404	7.144429	1.713909	1.844315
0.1964457	7.142564	1.713727	1.844119
0.1964874	7.140575	1.713545	1.843924
0.1965291	7.138465	1.713364	1.843729
0.1965708	7.136233	1.713182	1.843533
0.1966125	7.133881	1.713001	1.843338
0.1966542	7.131412	1.712819	1.843143
0.1966959	7.128832	1.712638	1.842948
0.1967376	7.126103	1.712457	1.842753
0.1967793	7.123275	1.712276	1.842558
0.196821	7.120334	1.712095	1.842363
0.1968627	7.117282	1.711914	1.842168
0.1969044	7.114124	1.711733	1.841973
0.1969461	7.110862	1.711552	1.841779
0.1969878	7.107502	1.711371	1.841584
0.1970295	7.104048	1.71119	1.84139
0.1970712	7.100503	1.71101	1.841195
0.1971129	7.096875	1.710829	1.841001
0.1971546	7.093169	1.710649	1.840807
0.1971963	7.089392	1.710469	1.840613
0.197238	7.08555	1.710288	1.840419
0.1972797	7.08165	1.710108	1.840225
0.1973214	7.077698	1.709928	1.840031
0.1973631	7.073703	1.709748	1.839838
0.1974048	7.069673	1.709568	1.839644
0.1974465	7.065615	1.709388	1.83945
0.1974882	7.061536	1.709209	1.839257
0.1975299	7.057434	1.709029	1.839064
0.1975716	7.053355	1.708849	1.83887
0.1976133	7.049268	1.70867	1.838677
0.1976549	7.045194	1.70849	1.838484
0.1976966	7.041142	1.708311	1.838291
0.1977383	7.037122	1.708131	1.838098
0.19778	7.033142	1.707952	1.837905
0.1978217	7.029212	1.707773	1.837712
0.1978634	7.025338	1.707594	1.837519
0.1979051	7.021529	1.707414	1.837326
0.1979468	7.017793	1.707235	1.837134
0.1979885	7.014139	1.707056	1.836941
0.1980302	7.010573	1.706877	1.836748
0.1980719	7.007105	1.706698	1.836556
0.1981136	7.00374	1.706519	1.836363
0.1981553	7.000486	1.706341	1.836171
0.198197	6.997347	1.706162	1.835978
0.1982387	6.994333	1.705983	1.835786
0.1982804	6.991446	1.705804	1.835594
0.1983221	6.988692	1.705625	1.835401
0.1983638	6.986076	1.705447	1.835209
0.1984055	6.983603	1.705268	1.835016
0.1984472	6.981275	1.705089	1.834824
0.1984889	6.979098	1.70491	1.834632
0.1985306	6.977069	1.704732	1.834439
0.1985723	6.975192	1.704553	1.834247
0.198614	6.973469	1.704374	1.834055
0.1986557	6.9719	1.704195	1.833862
0.1986974	6.970484	1.704017	1.83367
0.1987391	6.969222	1.703838	1.833478
0.1987808	6.968112	1.703659	1.833285
0.1988225	6.967151	1.70348	1.833093
0.1988642	6.966335	1.703302	1.832901
0.1989059	6.965661	1.703123	1.832708
0.1989476	6.965125	1.702944	1.832516
0.1989893	6.964723	1.702765	1.832324
0.199031	6.964449	1.702587	1.832131
0.1990727	6.964297	1.702408	1.831939
0.1991144	6.96426	1.702229	1.831746
0.1991561	6.964331	1.70205	1.831554
0.1991978	6.964501	1.701871	1.831361
0.1992395	6.964762	1.701692	1.831169
0.1992812	6.965106	1.701513	1.830976
0.1993229	6.965523	1.701334	1.830784
0.1993645	6.966003	1.701156	1.830591
0.1994062	6.966538	1.700977	1.830399
0.1994479	6.967115	1.700798	1.830206
0.1994896	6.967724	1.700619	1.830014
0.1995313	6.968354	1.70044	1.829821
0.199573	6.968994	1.700261	1.829629
0.1996147	6.969633	1.700082	1.829436
0.1996564	6.97026	1.699903	1.829244
0.1996981	6.970862	1.699724	1.829051
0.1997398	6.971428	1.699545	1.828859
0.1997815	6.971947	1.699366	1.828666
0.1998232	6.972408	1.699188	1.828474
0.1998649	6.9728	1.699009	1.828281
0.1999066	6.973111	1.69883	1.828089
0.1999483	6.97333	1.698651	1.827896
0.19999	6.973451	1.698473	1.827704
0.2000317	6.973459	1.698294	1.827512
0.2000734	6.973344	1.698115	1.82732
0.2001151	6.973099	1.697937	1.827128
0.2001568	6.972715	1.697758	1.826935
0.2001985	6.972185	1.69758	1.826743
0.2002402	6.971501	1.697401	1.826551
0.2002819	6.970655	1.697223	1.82636
0.2003236	6.969643	1.697045	1.826168
0.2003653	6.968457	1.696867	1.825976
0.200407	6.967091	1.696689	1.825784
0.2004487	6.965543	1.696511	1.825593
0.2004904	6.963805	1.696333	1.825402
0.2005321	6.961887	1.696155	1.82521
0.2005738	6.959775	1.695977	1.825019
0.2006155	6.957471	1.6958	1.824828
0.2006572	6.954976	1.695622	1.824637
0.2006989	6.95229	1.695445	1.824446
0.2007406	6.949411	1.695267	1.824255
0.2007823	6.946343	1.69509	1.824065
0.200824	6.943093	1.694913	1.823874
0.2008657	6.939659	1.694736	1.823684
0.2009074	6.936049	1.694559	1.823493
0.2009491	6.932266	1.694383	1.823303
0.2009908	6.928316	1.694206	1.823113
0.2010325	6.924206	1.69403	1.822923
0.2010742	6.919941	1.693853	1.822733
0.2011158	6.91553	1.693677	1.822544
0.2011575	6.910983	1.693501	1.822354
0.2011992	6.906306	1.693325	1.822165
0.2012409	6.901511	1.693149	1.821975
0.2012826	6.896606	1.692973	1.821786
0.2013243	6.891601	1.692797	1.821597
0.201366	6.886508	1.692622	1.821408
0.2014077	6.881335	1.692446	1.821219
0.2014494	6.876095	1.692271	1.821031
0.2014911	6.8708	1.692096	1.820842
0.2015328	6.86546	1.691921	1.820654
0.2015745	6.860088	1.691746	1.820465
0.2016162	6.854694	1.691571	1.820277
0.2016579	6.849291	1.691396	1.820089
0.2016996	6.84389	1.691221	1.819901
0.2017413	6.838503	1.691047	1.819713
0.201783	6.833144	1.690872	1.819526
0.2018247	6.827791	1.690698	1.819338
0.2018664	6.822527	1.690524	1.81915
0.2019081	6.817314	1.690349	1.818963
0.2019498	6.812166	1.690175	1.818776
0.2019915	6.807093	1.690001	1.818588
0.2020332	6.802108	1.689827	1.818401
0.2020749	6.797221	1.689654	1.818214
0.2021166	6.79244	1.68948	1.818027
0.2021583	6.787774	1.689306	1.81784
0.2022	6.783229	1.689133	1.817654
0.2022417	6.778813	1.688959	1.817467
0.2022834	6.774533	1.688786	1.81728
0.2023251	6.770394	1.688613	1.817094
0.2023668	6.766401	1.688439	1.816907
0.2024085	6.762562	1.688266	1.816721
0.2024502	6.758878	1.688093	1.816535
0.2024919	6.755353	1.68792	1.816349
0.2025336	6.75199	1.687747	1.816163
0.2025753	6.748789	1.687574	1.815977
0.202617	6.745753	1.687402	1.815791
0.2026587	6.742883	1.687229	1.815605
0.2027004	6.740178	1.687056	1.815419
0.2027421	6.73764	1.686884	1.815234
0.2027838	6.735266	1.686711	1.815048
0.2028255	6.733054	1.686539	1.814863
0.2028671	6.731001	1.686367	1.814677
0.2029088	6.729104	1.686194	1.814492
0.2029505	6.72736	1.686022	1.814307
0.2029922	6.725766	1.68585	1.814121
0.2030339	6.724315	1.685678	1.813936
0.2030756	6.723006	1.685506	1.813751
0.2031173	6.72183	1.685334	1.813566
0.203159	6.720782	1.685162	1.813381
0.2032007	6.719855	1.68499	1.813196
0.2032424	6.719044	1.684819	1.813011
0.2032841	6.718341	1.684647	1.812827
0.2033258	6.717739	1.684475	1.812642
0.2033675	6.717231	1.684304	1.812457
0.2034092	6.71681	1.684132	1.812273
0.2034509	6.716467	1.683961	1.812088
0.2034926	6.716194	1.683789	1.811904
0.2035343	6.715984	1.683618	1.811719
0.203576	6.715829	1.683446	1.811535
0.2036177	6.71572	1.683275	1.81135
0.2036594	6.71565	1.683104	1.811166
0.2037011	6.71561	1.682932	1.810982
0.2037428	6.715594	1.682761	1.810797
0.2037845	6.715592	1.68259	1.810613
0.2038262	6.715598	1.682419	1.810429
0.2038679	6.715604	1.682248	1.810245
0.2039096	6.715603	1.682076	1.81006
0.2039513	6.715587	1.681905	1.809876
0.203993	6.715551	1.681734	1.809692
0.2040347	6.715487	1.681563	1.809508
0.2040764	6.71539	1.681392	1.809324
0.2041181	6.71523	1.681221	1.80914
0.2041598	6.715072	1.681049	1.808955
0.2042015	6.71484	1.680878	1.808771
0.2042432	6.714554	1.680707	1.808587
0.2042849	6.714208	1.680536	1.808403
0.2043266	6.713798	1.680365	1.808219
0.2043683	6.713322	1.680194	1.808035
0.20441	6.712775	1.680023	1.807851
0.2044517	6.712154	1.679852	1.807666
0.2044934	6.711458	1.67968	1.807482
0.2045351	6.710683	1.679509	1.807298
0.2045767	6.709829	1.679338	1.807114
0.2046184	6.708893	1.679167	1.80693
0.2046601	6.707876	1.678996	1.806745
0.2047018	6.706775	1.678824	1.806561
0.2047435	6.705591	1.678653	1.806377
0.2047852	6.704324	1.678482	1.806193
0.2048269	6.702975	1.678311	1.806008
0.2048686	6.701544	1.67814	1.805824
0.2049103	6.70003	1.677968	1.80564
0.204952	6.698439	1.677797	1.805456
0.2049937	6.696769	1.677626	1.805271
0.2050354	6.695024	1.677455	1.805087
0.2050771	6.693204	1.677284	1.804903
0.2051188	6.691319	1.677112	1.804719
0.2051605	6.689352	1.676941	1.804535
0.2052022	6.687327	1.67677	1.80435
0.2052439	6.685237	1.676599	1.804166
0.2052856	6.683087	1.676428	1.803982
0.2053273	6.680881	1.676257	1.803798
0.205369	6.67862	1.676086	1.803614
0.2054107	6.676307	1.675915	1.80343
0.2054524	6.673947	1.675744	1.803246
0.2054941	6.671543	1.675573	1.803062
0.2055358	6.669099	1.675402	1.802878
0.2055775	6.666618	1.675231	1.802694
0.2056192	6.664102	1.67506	1.80251
0.2056609	6.661557	1.674889	1.802326
0.2057026	6.658983	1.674719	1.802143
0.2057443	6.656386	1.674548	1.801959
0.205786	6.653767	1.674377	1.801776
0.2058277	6.65113	1.674207	1.801592
0.2058694	6.648478	1.674036	1.801409
0.2059111	6.645814	1.673866	1.801225
0.2059528	6.643138	1.673696	1.801042
0.2059945	6.640457	1.673525	1.800859
0.2060362	6.63777	1.673355	1.800676
0.2060779	6.635079	1.673185	1.800493
0.2061196	6.632388	1.673015	1.80031
0.2061613	6.629696	1.672845	1.800127
0.206203	6.627007	1.672675	1.799944
0.2062447	6.624322	1.672506	1.799762
0.2062864	6.621641	1.672336	1.799579
0.206328	6.618966	1.672166	1.799397
0.2063697	6.616298	1.671997	1.799214
0.2064114	6.613638	1.671828	1.799032
0.2064531	6.610986	1.671658	1.79885
0.2064948	6.608344	1.671489	1.798668
0.2065365	6.60571	1.67132	1.798486
0.2065782	6.603086	1.671151	1.798304
0.2066199	6.600471	1.670982	1.798122
0.2066616	6.597867	1.670814	1.797941
0.2067033	6.595273	1.670645	1.797759
0.206745	6.59269	1.670476	1.797578
0.2067867	6.590116	1.670308	1.797397
0.2068284	6.587552	1.67014	1.797215
0.2068701	6.584999	1.669971	1.797034
0.2069118	6.582455	1.669803	1.796853
0.2069535	6.57992	1.669635	1.796672
0.2069952	6.577396	1.669467	1.796492
0.2070369	6.574883	1.669299	1.796311
0.2070786	6.572379	1.669131	1.79613
0.2071203	6.569887	1.668963	1.79595
0.207162	6.567403	1.668796	1.795769
0.2072037	6.564932	1.668628	1.795589
0.2072454	6.562473	1.66846	1.795409
0.2072871	6.560026	1.668293	1.795228
0.2073288	6.557593	1.668126	1.795048
0.2073705	6.555175	1.667958	1.794868
0.2074122	6.552771	1.667791	1.794688
0.2074539	6.550385	1.667624	1.794508
0.2074956	6.548017	1.667456	1.794328
0.2075373	6.545669	1.667289	1.794148
0.207579	6.543342	1.667122	1.793968
0.2076207	6.541038	1.666955	1.793789
0.2076624	6.53876	1.666788	1.793609
0.2077041	6.536508	1.666621	1.793429
0.2077458	6.534287	1.666454	1.793249
0.2077875	6.532097	1.666287	1.79307
0.2078292	6.52993	1.66612	1.79289
0.2078709	6.52782	1.665953	1.792711
0.2079126	6.525739	1.665786	1.792531
0.2079543	6.523695	1.665619	1.792351
0.207996	6.521702	1.665453	1.792172
0.2080376	6.519751	1.665286	1.791992
0.2080793	6.51785	1.665119	1.791813
0.208121	6.515998	1.664952	1.791633
0.2081627	6.514199	1.664785	1.791454
0.2082044	6.512006	1.664619	1.791274
0.2082461	6.510751	1.664452	1.791095
0.2082878	6.509137	1.664285	1.790915
0.2083295	6.507567	1.664118	1.790736
0.2083712	6.506058	1.663951	1.790556
0.2084129	6.504613	1.663784	1.790377
0.2084546	6.503231	1.663618	1.790197
0.2084963	6.501911	1.663451	1.790018
0.208538	6.500656	1.663284	1.789838
0.2085797	6.499464	1.663117	1.789659
0.2086214	6.498335	1.66295	1.789479
0.2086631	6.497269	1.662784	1.7893
0.2087048	6.496268	1.662617	1.78912
0.2087465	6.495319	1.66245	1.788941
0.2087882	6.494432	1.662283	1.788761
0.2088299	6.493601	1.662116	1.788582
0.2088716	6.492823	1.66195	1.788402
0.2089133	6.49206	1.661783	1.788223
0.208955	6.491413	1.661616	1.788043
0.2089967	6.490774	1.661449	1.787864
0.2090384	6.490173	1.661283	1.787685
0.2090801	6.489607	1.661116	1.787505
0.2091218	6.489071	1.660949	1.787326
0.2091635	6.488558	1.660783	1.787147
0.2092052	6.488065	1.660616	1.786968
0.2092469	6.487585	1.66045	1.786788
0.2092886	6.487112	1.660283	1.786609
0.2093303	6.48664	1.660117	1.78643
0.209372	6.486164	1.659951	1.786251
0.2094137	6.485675	1.659784	1.786072
0.2094554	6.485169	1.659618	1.785893
0.2094971	6.484637	1.659452	1.785715
0.2095388	6.484075	1.659286	1.785536
0.2095805	6.483475	1.65912	1.785357
0.2096222	6.482829	1.658954	1.785179
0.2096639	6.482132	1.658788	1.785
0.2097056	6.481377	1.658622	1.784822
0.2097473	6.480557	1.658457	1.784643
0.2097889	6.479667	1.658291	1.784465
0.2098306	6.478701	1.658125	1.784287
0.2098723	6.477653	1.65796	1.784109
0.209914	6.476518	1.657795	1.783931
0.2099557	6.475291	1.65763	1.783754
0.2099974	6.473964	1.657464	1.783576
0.2100391	6.472541	1.657299	1.783398
0.2100808	6.471009	1.657135	1.783221
0.2101225	6.469368	1.65697	1.783044
0.2101642	6.467617	1.656805	1.782866
0.2102059	6.465751	1.656641	1.782689
0.2102476	6.46377	1.656476	1.782512
0.2102893	6.461673	1.656312	1.782336
0.210331	6.459457	1.656148	1.782159
0.2103727	6.457125	1.655984	1.781982
0.2104144	6.454671	1.65582	1.781806
0.2104561	6.452099	1.655656	1.78163
0.2104978	6.449414	1.655492	1.781453
0.2105395	6.446615	1.655328	1.781277
0.2105812	6.443705	1.655165	1.781101
0.2106229	6.440688	1.655001	1.780925
0.2106646	6.437567	1.654838	1.780749
0.2107063	6.434344	1.654675	1.780574
0.210748	6.431026	1.654511	1.780398
0.2107897	6.427617	1.654348	1.780223
0.2108314	6.424123	1.654185	1.780047
0.2108731	6.420551	1.654022	1.779872
0.2109148	6.416906	1.65386	1.779697
0.2109565	6.413103	1.653697	1.779522
0.2109982	6.409426	1.653534	1.779347
0.2110399	6.405604	1.653372	1.779172
0.2110816	6.401738	1.653209	1.778997
0.2111233	6.397836	1.653047	1.778822
0.211165	6.393906	1.652884	1.778647
0.2112067	6.389955	1.652722	1.778473
0.2112484	6.385992	1.65256	1.778298
0.2112901	6.382024	1.652398	1.778124
0.2113318	6.378061	1.652236	1.777949
0.2113735	6.374108	1.652074	1.777775
0.2114152	6.370178	1.651912	1.777601
0.2114569	6.366274	1.65175	1.777426
0.2114986	6.362407	1.651588	1.777252
0.2115402	6.358582	1.651426	1.777078
0.2115819	6.354808	1.651264	1.776904
0.2116236	6.351089	1.651102	1.77673
0.2116653	6.347437	1.650941	1.776556
0.211707	6.343855	1.650779	1.776382
0.2117487	6.340349	1.650617	1.776208
0.2117904	6.336926	1.650456	1.776034
0.2118321	6.333589	1.650294	1.77586
0.2118738	6.330345	1.650133	1.775686
0.2119155	6.327196	1.649971	1.775513
0.2119572	6.324148	1.64981	1.775339
0.2119989	6.321202	1.649649	1.775165
0.2120406	6.318364	1.649487	1.774992
0.2120823	6.315635	1.649326	1.774818
0.212124	6.313016	1.649165	1.774645
0.2121657	6.310509	1.649003	1.774471
0.2122074	6.308114	1.648842	1.774298
0.2122491	6.305833	1.648681	1.774124
0.2122908	6.303665	1.64852	1.773951
0.2123325	6.301608	1.648359	1.773778
0.2123742	6.299664	1.648198	1.773604
0.2124159	6.297826	1.648037	1.773431
0.2124576	6.296103	1.647876	1.773258
0.2124993	6.294482	1.647715	1.773084
0.212541	6.292964	1.647554	1.772911
0.2125827	6.291543	1.647393	1.772738
0.2126244	6.290219	1.647232	1.772565
0.2126661	6.288987	1.647071	1.772392
0.2127078	6.287534	1.64691	1.772219
0.2127495	6.286781	1.64675	1.772046
0.2127912	6.28598	1.646589	1.771873
0.2128329	6.285033	1.646428	1.7717
0.2128746	6.284048	1.646267	1.771527
0.2129163	6.283268	1.646107	1.771354
0.212958	6.282549	1.645946	1.771181
0.2129997	6.281875	1.645786	1.771008
0.2130414	6.28125	1.645625	1.770835
0.2130831	6.280665	1.645464	1.770663
0.2131248	6.280113	1.645304	1.77049
0.2131665	6.279589	1.645143	1.770317
0.2132082	6.279087	1.644983	1.770144
0.2132498	6.278588	1.644822	1.769972
0.2132915	6.278126	1.644662	1.769799
0.2133332	6.277654	1.644501	1.769626
0.2133749	6.277181	1.64434	1.769453
0.2134166	6.276702	1.64418	1.769281
0.2134583	6.276211	1.644019	1.769108
0.2135	6.275702	1.643859	1.768935
0.2135417	6.275171	1.643698	1.768762
0.2135834	6.274613	1.643538	1.76859
0.2136251	6.274028	1.643377	1.768417
0.2136668	6.273397	1.643217	1.768244
0.2137085	6.272731	1.643056	1.768071
0.2137502	6.27202	1.642896	1.767899
0.2137919	6.271262	1.642735	1.767726
0.2138336	6.270455	1.642574	1.767553
0.2138753	6.26959	1.642414	1.76738
0.213917	6.26867	1.642253	1.767207
0.2139587	6.267691	1.642093	1.767034
0.2140004	6.26665	1.641932	1.766862
0.2140421	6.265547	1.641771	1.766689
0.2140838	6.264378	1.641611	1.766516
0.2141255	6.263143	1.64145	1.766343
0.2141672	6.261841	1.641289	1.76617
0.2142089	6.260423	1.641129	1.765997
0.2142506	6.259034	1.640968	1.765824
0.2142923	6.257529	1.640807	1.765651
0.214334	6.255956	1.640646	1.765478
0.2143757	6.254316	1.640486	1.765305
0.2144174	6.252609	1.640325	1.765132
0.2144591	6.250836	1.640164	1.764959
0.2145008	6.248999	1.640004	1.764786
0.2145425	6.247096	1.639843	1.764613
0.2145842	6.24514	1.639682	1.764441
0.2146259	6.243121	1.639521	1.764268
0.2146676	6.241046	1.639361	1.764095
0.2147093	6.238916	1.6392	1.763922
0.214751	6.236734	1.639039	1.763749
0.2147927	6.234503	1.638879	1.763576
0.2148344	6.232227	1.638718	1.763403
0.2148761	6.229907	1.638558	1.763231
0.2149178	6.227548	1.638397	1.763058
0.2149595	6.225152	1.638237	1.762885
0.2150011	6.222723	1.638076	1.762713
0.2150428	6.220261	1.637916	1.76254
0.2150845	6.217778	1.637756	1.762368
0.2151262	6.21527	1.637595	1.762195
0.2151679	6.212743	1.637435	1.762023
0.2152096	6.210201	1.637275	1.76185
0.2152513	6.207646	1.637115	1.761678
0.215293	6.205085	1.636955	1.761506
0.2153347	6.202515	1.636795	1.761334
0.2153764	6.19995	1.636635	1.761162
0.2154181	6.197413	1.636476	1.76099
0.2154598	6.194824	1.636316	1.760818
0.2155015	6.192274	1.636156	1.760647
0.2155432	6.189737	1.635997	1.760475
0.2155849	6.187214	1.635838	1.760304
0.2156266	6.18471	1.635678	1.760132
0.2156683	6.182229	1.635519	1.759961
0.21571	6.179773	1.63536	1.75979
0.2157517	6.177339	1.635201	1.759619
0.2157934	6.174945	1.635042	1.759448
0.2158351	6.172582	1.634884	1.759277
0.2158768	6.170248	1.634725	1.759106
0.2159185	6.167955	1.634567	1.758936
0.2159602	6.165701	1.634408	1.758765
0.2160019	6.163488	1.63425	1.758595
0.2160436	6.161318	1.634092	1.758425
0.2160853	6.159194	1.633934	1.758255
0.216127	6.157116	1.633776	1.758085
0.2161687	6.155085	1.633618	1.757915
0.2162104	6.153104	1.63346	1.757745
0.2162521	6.151172	1.633303	1.757576
0.2162938	6.149291	1.633145	1.757406
0.2163355	6.147462	1.632988	1.757237
0.2163772	6.145686	1.632831	1.757068
0.2164189	6.143963	1.632674	1.756899
0.2164606	6.142293	1.632517	1.75673
0.2165023	6.140676	1.63236	1.756561
0.216544	6.139113	1.632203	1.756392
0.2165857	6.137604	1.632046	1.756224
0.2166274	6.136147	1.63189	1.756055
0.2166691	6.134745	1.631733	1.755887
0.2167107	6.133397	1.631577	1.755719
0.2167524	6.1321	1.631421	1.75555
0.2167941	6.130855	1.631264	1.755382
0.2168358	6.129662	1.631108	1.755214
0.2168775	6.128519	1.630952	1.755046
0.2169192	6.127424	1.630796	1.754879
0.2169609	6.126379	1.630641	1.754711
0.2170026	6.125378	1.630485	1.754543
0.2170443	6.124424	1.630329	1.754376
0.217086	6.123518	1.630173	1.754208
0.2171277	6.122647	1.630018	1.754041
0.2171694	6.12182	1.629862	1.753874
0.2172111	6.121034	1.629707	1.753706
0.2172528	6.120281	1.629551	1.753539
0.2172945	6.119564	1.629396	1.753372
0.2173362	6.11888	1.629241	1.753205
0.2173779	6.118226	1.629086	1.753038
0.2174196	6.117599	1.62893	1.752871
0.2174613	6.116997	1.628775	1.752704
0.217503	6.116418	1.62862	1.752537
0.2175447	6.115857	1.628465	1.75237
0.2175864	6.115312	1.62831	1.752203
0.2176281	6.114779	1.628155	1.752036
0.2176698	6.114256	1.628	1.75187
0.2177115	6.113739	1.627845	1.751703
0.2177532	6.113224	1.62769	1.751536
0.2177949	6.112708	1.627535	1.751369
0.2178366	6.112187	1.62738	1.751203
0.2178783	6.111651	1.627225	1.751036
0.21792	6.111112	1.627071	1.750869
0.2179617	6.110551	1.626916	1.750703
0.2180034	6.109969	1.626761	1.750536
0.2180451	6.109364	1.626606	1.75037
0.2180868	6.108723	1.626451	1.750203
0.2181285	6.108051	1.626297	1.750036
0.2181702	6.107341	1.626142	1.74987
0.2182119	6.106588	1.625987	1.749704
0.2182536	6.105788	1.625832	1.749537
0.2182953	6.104938	1.625678	1.749371
0.218337	6.104032	1.625523	1.749204
0.2183787	6.103069	1.625368	1.749038
0.2184204	6.10204	1.625214	1.748871
0.218462	6.100946	1.625059	1.748705
0.2185037	6.099781	1.624905	1.748539
0.2185454	6.098542	1.62475	1.748373
0.2185871	6.097227	1.624596	1.748206
0.2186288	6.095832	1.624441	1.74804
0.2186705	6.094354	1.624287	1.747874
0.2187122	6.092792	1.624133	1.747708
0.2187539	6.091142	1.623978	1.747542
0.2187956	6.089402	1.623824	1.747376
0.2188373	6.08757	1.62367	1.74721
0.218879	6.08565	1.623516	1.747044
0.2189207	6.083632	1.623362	1.746878
0.2189624	6.081528	1.623208	1.746713
0.2190041	6.079327	1.623054	1.746547
0.2190458	6.077033	1.6229	1.746381
0.2190875	6.074646	1.622746	1.746215
0.2191292	6.072169	1.622592	1.74605
0.2191709	6.0696	1.622438	1.745884
0.2192126	6.066945	1.622284	1.745719
0.2192543	6.064202	1.622131	1.745553
0.219296	6.061379	1.621977	1.745388
0.2193377	6.058476	1.621823	1.745223
0.2193794	6.055499	1.62167	1.745058
0.2194211	6.052442	1.621516	1.744892
0.2194628	6.049321	1.621363	1.744727
0.2195045	6.046136	1.621209	1.744562
0.2195462	6.042892	1.621056	1.744397
0.2195879	6.039595	1.620903	1.744232
0.2196296	6.03625	1.620749	1.744067
0.2196713	6.032875	1.620596	1.743902
0.219713	6.029437	1.620443	1.743737
0.2197547	6.025982	1.62029	1.743572
0.2197964	6.022503	1.620136	1.743408
0.2198381	6.018785	1.619983	1.743243
0.2198798	6.0155	1.61983	1.743078
0.2199215	6.011979	1.619677	1.742913
0.2199632	6.00848	1.619524	1.742748
0.2200049	6.004981	1.619371	1.742584
0.2200466	6.001498	1.619218	1.742419
0.2200883	5.998037	1.619064	1.742254
0.22013	5.994607	1.618911	1.742089
0.2201717	5.991212	1.618758	1.741925
0.2202133	5.98786	1.618605	1.74176
0.220255	5.984556	1.618452	1.741595
0.2202967	5.981307	1.618299	1.74143
0.2203384	5.978118	1.618145	1.741265
0.2203801	5.974995	1.617992	1.7411
0.2204218	5.971944	1.617839	1.740935
0.2204635	5.968958	1.617686	1.74077
0.2205052	5.966074	1.617532	1.740605
0.2205469	5.963263	1.617379	1.74044
0.2205886	5.960542	1.617225	1.740275
0.2206303	5.95791	1.617072	1.74011
0.220672	5.955377	1.616918	1.739945
0.2207137	5.95294	1.616765	1.739779
0.2207554	5.950604	1.616611	1.739614
0.2207971	5.948386	1.616457	1.739449
0.2208388	5.946237	1.616304	1.739283
0.2208805	5.944213	1.61615	1.739118
0.2209222	5.942285	1.615996	1.738952
0.2209639	5.940465	1.615842	1.738787
0.2210056	5.938749	1.615689	1.738621
0.2210473	5.937137	1.615535	1.738456
0.221089	5.935627	1.615381	1.73829
0.2211307	5.934216	1.615227	1.738124
0.2211724	5.932903	1.615073	1.737959
0.2212141	5.931686	1.614919	1.737793
0.2212558	5.93056	1.614765	1.737627
0.2212975	5.929524	1.61461	1.737461
0.2213392	5.928573	1.614456	1.737295
0.2213809	5.927705	1.614302	1.73713
0.2214226	5.926914	1.614148	1.736964
0.2214643	5.926196	1.613994	1.736798
0.221506	5.925546	1.61384	1.736632
0.2215477	5.924959	1.613686	1.736466
0.2215894	5.924431	1.613532	1.736301
0.2216311	5.923954	1.613378	1.736135
0.2216728	5.923533	1.613224	1.735969
0.2217145	5.923103	1.61307	1.735804
0.2217562	5.922784	1.612916	1.735638
0.2217979	5.922462	1.612762	1.735473
0.2218396	5.922162	1.612609	1.735307
0.2218813	5.92188	1.612455	1.735142
0.2219229	5.921609	1.612301	1.734976
0.2219646	5.921344	1.612148	1.734811
0.2220063	5.921077	1.611994	1.734646
0.222048	5.920804	1.611841	1.734481
0.2220897	5.920517	1.611688	1.734316
0.2221314	5.920212	1.611535	1.734151
0.2221731	5.919882	1.611382	1.733987
0.2222148	5.919526	1.611229	1.733822
0.2222565	5.919126	1.611076	1.733658
0.2222982	5.918689	1.610923	1.733493
0.2223399	5.918206	1.610771	1.733329
0.2223816	5.917671	1.610618	1.733165
0.2224233	5.91708	1.610466	1.733002
0.222465	5.916428	1.610314	1.732838
0.2225067	5.91571	1.610162	1.732674
0.2225484	5.914924	1.61001	1.732511
0.2225901	5.914017	1.609858	1.732348
0.2226318	5.913128	1.609707	1.732185
0.2226735	5.912112	1.609556	1.732022
0.2227152	5.911013	1.609404	1.731859
0.2227569	5.909827	1.609253	1.731696
0.2227986	5.908545	1.609102	1.731534
0.2228403	5.907188	1.608952	1.731372
0.222882	5.905733	1.608801	1.73121
0.2229237	5.904183	1.608651	1.731048
0.2229654	5.902538	1.6085	1.730886
0.2230071	5.900798	1.60835	1.730724
0.2230488	5.898969	1.6082	1.730563
0.2230905	5.897028	1.60805	1.730402
0.2231322	5.894998	1.6079	1.730241
0.2231739	5.892873	1.607751	1.73008
0.2232156	5.890653	1.607601	1.729919
0.2232573	5.88834	1.607452	1.729758
0.223299	5.88593	1.607303	1.729597
0.2233407	5.88344	1.607154	1.729437
0.2233824	5.880834	1.607005	1.729277
0.2234241	5.878185	1.606856	1.729117
0.2234658	5.875431	1.606707	1.728956
0.2235075	5.8726	1.606558	1.728797
0.2235492	5.869691	1.60641	1.728637
0.2235909	5.86671	1.606261	1.728477
0.2236326	5.863661	1.606113	1.728317
0.2236742	5.860547	1.605965	1.728158
0.2237159	5.857373	1.605817	1.727998
0.2237576	5.854143	1.605669	1.727839
0.2237993	5.850864	1.605521	1.72768
0.223841	5.847541	1.605373	1.727521
0.2238827	5.844178	1.605225	1.727362
0.2239244	5.840782	1.605077	1.727202
0.2239661	5.837357	1.604929	1.727044
0.2240078	5.833912	1.604782	1.726885
0.2240495	5.830449	1.604634	1.726726
0.2240912	5.82698	1.604486	1.726567
0.2241329	5.823509	1.604339	1.726408
0.2241746	5.820041	1.604191	1.72625
0.2242163	5.816584	1.604044	1.726091
0.224258	5.813144	1.603897	1.725932
0.2242997	5.809686	1.603749	1.725774
0.2243414	5.806344	1.603602	1.725615
0.2243831	5.802997	1.603455	1.725457
0.2244248	5.799694	1.603307	1.725298
0.2244665	5.796437	1.60316	1.72514
0.2245082	5.793252	1.603013	1.724981
0.2245499	5.790124	1.602866	1.724823
0.2245916	5.787066	1.602718	1.724664
0.2246333	5.784086	1.602571	1.724506
0.224675	5.781189	1.602424	1.724348
0.2247167	5.778382	1.602277	1.724189
0.2247584	5.77567	1.60213	1.724031
0.2248001	5.773059	1.601983	1.723873
0.2248418	5.770553	1.601836	1.723715
0.2248835	5.768159	1.601689	1.723556
0.2249252	5.76588	1.601542	1.723398
0.2249669	5.763721	1.601395	1.72324
0.2250086	5.761683	1.601248	1.723082
0.2250503	5.75978	1.6011	1.722923
0.225092	5.758005	1.600953	1.722765
0.2251337	5.756366	1.600806	1.722607
0.2251754	5.754862	1.600659	1.722449
0.2252171	5.753499	1.600512	1.722291
0.2252588	5.752276	1.600365	1.722132
0.2253005	5.751196	1.600218	1.721974
0.2253422	5.750259	1.600071	1.721816
0.2253839	5.749467	1.599925	1.721658
0.2254255	5.74882	1.599778	1.7215
0.2254672	5.748317	1.599631	1.721342
0.2255089	5.747956	1.599484	1.721183
0.2255506	5.747738	1.599337	1.721025
0.2255923	5.747659	1.59919	1.720867
0.225634	5.747718	1.599043	1.720709
0.2256757	5.747916	1.598896	1.720551
0.2257174	5.74824	1.598749	1.720393
0.2257591	5.748696	1.598602	1.720235
0.2258008	5.749276	1.598455	1.720077
0.2258425	5.749977	1.598308	1.719919
0.2258842	5.750792	1.598161	1.71976
0.2259259	5.751718	1.598014	1.719602
0.2259676	5.752748	1.597867	1.719444
0.2260093	5.753876	1.59772	1.719286
0.226051	5.755097	1.597573	1.719128
0.2260927	5.756403	1.597426	1.71897
0.2261344	5.757788	1.597279	1.718812
0.2261761	5.759243	1.597133	1.718653
0.2262178	5.760762	1.596986	1.718495
0.2262595	5.762335	1.596839	1.718337
0.2263012	5.763955	1.596691	1.718179
0.2263429	5.765614	1.596544	1.718021
0.2263846	5.767304	1.596397	1.717862
0.2264263	5.769014	1.59625	1.717704
0.226468	5.770736	1.596103	1.717546
0.2265097	5.772463	1.595956	1.717388
0.2265514	5.774182	1.595809	1.717229
0.2265931	5.775886	1.595662	1.717071
0.2266348	5.777565	1.595515	1.716912
0.2266765	5.77921	1.595367	1.716754
0.2267182	5.780787	1.59522	1.716596
0.2267599	5.782462	1.595073	1.716437
0.2268016	5.783836	1.594926	1.716279
0.2268433	5.785266	1.594778	1.71612
0.226885	5.786603	1.594631	1.715961
0.2269267	5.787852	1.594483	1.715803
0.2269684	5.789003	1.594336	1.715644
0.2270101	5.790049	1.594189	1.715486
0.2270518	5.790979	1.594041	1.715327
0.2270935	5.791788	1.593894	1.715168
0.2271351	5.792466	1.593746	1.715009
0.2271768	5.793008	1.593599	1.714851
0.2272185	5.793405	1.593451	1.714692
0.2272602	5.793654	1.593304	1.714533
0.2273019	5.79374	1.593156	1.714374
0.2273436	5.793666	1.593008	1.714215
0.2273853	5.793421	1.592861	1.714057
0.227427	5.793002	1.592713	1.713898
0.2274687	5.792405	1.592566	1.713739
0.2275104	5.791625	1.592418	1.71358
0.2275521	5.790658	1.59227	1.713421
0.2275938	5.789502	1.592123	1.713262
0.2276355	5.788153	1.591975	1.713104
0.2276772	5.78661	1.591828	1.712945
0.2277189	5.784869	1.59168	1.712786
0.2277606	5.782931	1.591532	1.712627
0.2278023	5.780795	1.591385	1.712469
0.227844	5.778461	1.591237	1.71231
0.2278857	5.775932	1.59109	1.712151
0.2279274	5.773207	1.590943	1.711993
0.2279691	5.770288	1.590795	1.711834
0.2280108	5.767179	1.590648	1.711676
0.2280525	5.76388	1.590501	1.711517
0.2280942	5.760396	1.590354	1.711359
0.2281359	5.756733	1.590207	1.711201
0.2281776	5.752895	1.59006	1.711042
0.2282193	5.748885	1.589913	1.710884
0.228261	5.744717	1.589766	1.710726
0.2283027	5.740386	1.589619	1.710568
0.2283444	5.735907	1.589472	1.71041
0.2283861	5.731285	1.589326	1.710253
0.2284278	5.726527	1.589179	1.710095
0.2284695	5.721644	1.589033	1.709937
0.2285112	5.716644	1.588887	1.70978
0.2285529	5.711537	1.58874	1.709623
0.2285946	5.706333	1.588594	1.709466
0.2286363	5.701039	1.588448	1.709309
0.228678	5.695673	1.588302	1.709152
0.2287197	5.690238	1.588157	1.708995
0.2287614	5.684749	1.588011	1.708838
0.2288031	5.679217	1.587866	1.708681
0.2288448	5.673654	1.58772	1.708525
0.2288864	5.668072	1.587575	1.708369
0.2289281	5.662482	1.58743	1.708212
0.2289698	5.656897	1.587285	1.708056
0.2290115	5.651328	1.58714	1.7079
0.2290532	5.645788	1.586995	1.707744
0.2290949	5.640289	1.58685	1.707589
0.2291366	5.634843	1.586705	1.707433
0.2291783	5.629462	1.586561	1.707277
0.22922	5.624158	1.586416	1.707122
0.2292617	5.618941	1.586272	1.706967
0.2293034	5.613823	1.586128	1.706811
0.2293451	5.608815	1.585984	1.706656
0.2293868	5.603932	1.58584	1.706501
0.2294285	5.599173	1.585696	1.706346
0.2294702	5.594557	1.585552	1.706192
0.2295119	5.590091	1.585408	1.706037
0.2295536	5.585784	1.585264	1.705882
0.2295953	5.581642	1.585121	1.705728
0.229637	5.577676	1.584977	1.705573
0.2296787	5.573888	1.584833	1.705419
0.2297204	5.57029	1.58469	1.705264
0.2297621	5.566885	1.584547	1.70511
0.2298038	5.563677	1.584403	1.704956
0.2298455	5.560671	1.58426	1.704801
0.2298872	5.55787	1.584117	1.704647
0.2299289	5.555277	1.583973	1.704493
0.2299706	5.552893	1.58383	1.704339
0.2300123	5.55072	1.583687	1.704185
0.230054	5.54876	1.583544	1.704031
0.2300957	5.547011	1.5834	1.703877
0.2301374	5.545463	1.583257	1.703723
0.2301791	5.544138	1.583114	1.703569
0.2302208	5.542997	1.582971	1.703415
0.2302625	5.542081	1.582828	1.703261
0.2303042	5.541345	1.582685	1.703107
0.2303459	5.540803	1.582542	1.702953
0.2303876	5.540448	1.582399	1.702799
0.2304293	5.540272	1.582256	1.702645
0.230471	5.540266	1.582113	1.702491
0.2305127	5.540423	1.58197	1.702337
0.2305544	5.540739	1.581827	1.702183
0.230596	5.541197	1.581684	1.702029
0.2306377	5.541793	1.581541	1.701876
0.2306794	5.54251	1.581398	1.701722
0.2307211	5.543356	1.581255	1.701568
0.2307628	5.544301	1.581112	1.701414
0.2308045	5.545341	1.580969	1.70126
0.2308462	5.546464	1.580826	1.701106
0.2308879	5.547658	1.580683	1.700953
0.2309296	5.548912	1.58054	1.700799
0.2309713	5.550213	1.580398	1.700645
0.231013	5.55155	1.580255	1.700492
0.2310547	5.552911	1.580112	1.700338
0.2310964	5.554285	1.579969	1.700184
0.2311381	5.555657	1.579827	1.700031
0.2311798	5.557017	1.579684	1.699877
0.2312215	5.558353	1.579542	1.699724
0.2312632	5.559653	1.579399	1.699571
0.2313049	5.560906	1.579257	1.699417
0.2313466	5.562104	1.579114	1.699264
0.2313883	5.563233	1.578972	1.699111
0.23143	5.564286	1.578829	1.698958
0.2314717	5.565249	1.578687	1.698805
0.2315134	5.566117	1.578545	1.698652
0.2315551	5.566881	1.578403	1.698499
0.2315968	5.567531	1.578261	1.698346
0.2316385	5.568062	1.578119	1.698193
0.2316802	5.568465	1.577977	1.698041
0.2317219	5.568734	1.577836	1.697888
0.2317636	5.568862	1.577694	1.697736
0.2318053	5.568851	1.577552	1.697584
0.231847	5.568689	1.577411	1.697431
0.2318887	5.568375	1.57727	1.697279
0.2319304	5.567909	1.577128	1.697127
0.2319721	5.567286	1.576987	1.696975
0.2320138	5.566506	1.576846	1.696824
0.2320555	5.565565	1.576705	1.696672
0.2320972	5.564468	1.576564	1.69652
0.2321389	5.563212	1.576423	1.696369
0.2321806	5.561802	1.576283	1.696217
0.2322223	5.560232	1.576142	1.696066
0.232264	5.558523	1.576002	1.695915
0.2323057	5.556669	1.575861	1.695764
0.2323473	5.554657	1.575721	1.695613
0.232389	5.552512	1.575581	1.695462
0.2324307	5.550234	1.575441	1.695311
0.2324724	5.547829	1.575301	1.695161
0.2325141	5.545305	1.575161	1.69501
0.2325558	5.542667	1.575021	1.69486
0.2325975	5.539922	1.574881	1.694709
0.2326392	5.537079	1.574742	1.694559
0.2326809	5.534146	1.574602	1.694409
0.2327226	5.53113	1.574463	1.694259
0.2327643	5.528041	1.574323	1.694109
0.232806	5.524888	1.574184	1.693959
0.2328477	5.521683	1.574044	1.693809
0.2328894	5.518432	1.573905	1.693659
0.2329311	5.515146	1.573766	1.693509
0.2329728	5.511839	1.573627	1.693359
0.2330145	5.508511	1.573487	1.693209
0.2330562	5.505182	1.573348	1.69306
0.2330979	5.501857	1.573209	1.69291
0.2331396	5.498547	1.57307	1.69276
0.2331813	5.49526	1.572931	1.692611
0.233223	5.492009	1.572792	1.692461
0.2332647	5.488803	1.572653	1.692312
0.2333064	5.485649	1.572514	1.692162
0.2333481	5.482558	1.572376	1.692013
0.2333898	5.47954	1.572237	1.691863
0.2334315	5.4766	1.572098	1.691714
0.2334732	5.473748	1.571959	1.691564
0.2335149	5.470992	1.57182	1.691415
0.2335566	5.468337	1.571681	1.691265
0.2335983	5.465792	1.571542	1.691116
0.23364	5.463353	1.571403	1.690966
0.2336817	5.461051	1.571264	1.690817
0.2337234	5.458869	1.571125	1.690667
0.2337651	5.456816	1.570986	1.690518
0.2338068	5.454898	1.570847	1.690368
0.2338485	5.453117	1.570708	1.690219
0.2338902	5.451476	1.570569	1.690069
0.2339319	5.449977	1.57043	1.689919
0.2339736	5.448621	1.570291	1.68977
0.2340153	5.447409	1.570152	1.68962
0.234057	5.446342	1.570012	1.68947
0.2340986	5.445419	1.569873	1.68932
0.2341403	5.444637	1.569734	1.68917
0.234182	5.443993	1.569595	1.68902
0.2342237	5.443486	1.569455	1.68887
0.2342654	5.443113	1.569316	1.68872
0.2343071	5.442869	1.569176	1.68857
0.2343488	5.442749	1.569037	1.68842
0.2343905	5.442749	1.568897	1.68827
0.2344322	5.442863	1.568758	1.68812
0.2344739	5.443084	1.568618	1.687969
0.2345156	5.443405	1.568478	1.687819
0.2345573	5.443819	1.568339	1.687669
0.234599	5.444315	1.568199	1.687518
0.2346407	5.444893	1.568059	1.687368
0.2346824	5.445536	1.567919	1.687218
0.2347241	5.44624	1.567779	1.687067
0.2347658	5.446993	1.56764	1.686916
0.2348075	5.447788	1.5675	1.686766
0.2348492	5.448613	1.56736	1.686615
0.2348909	5.449461	1.56722	1.686465
0.2349326	5.45032	1.56708	1.686314
0.2349743	5.451182	1.56694	1.686163
0.235016	5.452036	1.5668	1.686013
0.2350577	5.452873	1.566659	1.685862
0.2350994	5.453684	1.566519	1.685711
0.2351411	5.454458	1.566379	1.68556
0.2351828	5.455188	1.566239	1.68541
0.2352245	5.455865	1.566099	1.685259
0.2352662	5.456476	1.565959	1.685108
0.2353079	5.457024	1.565819	1.684957
0.2353496	5.457491	1.565679	1.684806
0.2353913	5.457873	1.565538	1.684656
0.235433	5.458163	1.565398	1.684505
0.2354747	5.458382	1.565258	1.684354
0.2355164	5.458445	1.565118	1.684203
0.2355581	5.458429	1.564978	1.684052
0.2355998	5.458299	1.564838	1.683902
0.2356415	5.458053	1.564698	1.683751
0.2356832	5.457688	1.564558	1.6836
0.2357249	5.457201	1.564418	1.683449
0.2357666	5.456591	1.564278	1.683299
0.2358082	5.455856	1.564138	1.683148
0.2358499	5.45522	1.563998	1.682997
0.2358916	5.454016	1.563858	1.682847
0.2359333	5.452911	1.563718	1.682696
0.235975	5.451684	1.563578	1.682546
0.2360167	5.450339	1.563438	1.682395
0.2360584	5.448875	1.563298	1.682245
0.2361001	5.447299	1.563158	1.682094
0.2361418	5.445614	1.563018	1.681944
0.2361835	5.443825	1.562879	1.681793
0.2362252	5.441936	1.562739	1.681643
0.2362669	5.439954	1.562599	1.681493
0.2363086	5.437883	1.56246	1.681343
0.2363503	5.43573	1.56232	1.681192
0.236392	5.433501	1.562181	1.681042
0.2364337	5.431204	1.562041	1.680892
0.2364754	5.428844	1.561902	1.680742
0.2365171	5.42643	1.561762	1.680592
0.2365588	5.423969	1.561623	1.680442
0.2366005	5.421467	1.561483	1.680292
0.2366422	5.418952	1.561344	1.680142
0.2366839	5.416372	1.561205	1.679992
0.2367256	5.413792	1.561066	1.679843
0.2367673	5.4112	1.560927	1.679693
0.236809	5.408604	1.560788	1.679543
0.2368507	5.40601	1.560649	1.679393
0.2368924	5.403423	1.56051	1.679244
0.2369341	5.400849	1.560371	1.679094
0.2369758	5.398295	1.560232	1.678945
0.2370175	5.395767	1.560093	1.678796
0.2370592	5.393266	1.559954	1.678646
0.2371009	5.390801	1.559816	1.678497
0.2371426	5.388375	1.559677	1.678348
0.2371843	5.385989	1.559538	1.678199
0.237226	5.383646	1.5594	1.67805
0.2372677	5.38135	1.559262	1.677901
0.2373094	5.379101	1.559123	1.677752
0.2373511	5.376902	1.558985	1.677603
0.2373928	5.374753	1.558847	1.677455
0.2374345	5.372655	1.558709	1.677306
0.2374762	5.370605	1.558571	1.677158
0.2375179	5.368609	1.558433	1.677009
0.2375595	5.366653	1.558295	1.676861
0.2376012	5.364746	1.558157	1.676713
0.2376429	5.362883	1.55802	1.676565
0.2376846	5.36106	1.557882	1.676417
0.2377263	5.359275	1.557745	1.676269
0.237768	5.357527	1.557608	1.676121
0.2378097	5.355804	1.557471	1.675974
0.2378514	5.35411	1.557333	1.675826
0.2378931	5.352429	1.557197	1.675679
0.2379348	5.350782	1.55706	1.675532
0.2379765	5.349137	1.556923	1.675385
0.2380182	5.347504	1.556787	1.675238
0.2380599	5.34587	1.55665	1.675091
0.2381016	5.344234	1.556514	1.674944
0.2381433	5.34259	1.556378	1.674798
0.238185	5.340933	1.556242	1.674651
0.2382267	5.339259	1.556106	1.674505
0.2382684	5.337561	1.55597	1.674359
0.2383101	5.335836	1.555834	1.674213
0.2383518	5.334057	1.555699	1.674067
0.2383935	5.332284	1.555563	1.673922
0.2384352	5.33045	1.555428	1.673776
0.2384769	5.328577	1.555293	1.673631
0.2385186	5.326646	1.555158	1.673485
0.2385603	5.324669	1.555023	1.67334
0.238602	5.32264	1.554889	1.673195
0.2386437	5.320555	1.554754	1.673051
0.2386854	5.318412	1.55462	1.672906
0.2387271	5.31621	1.554485	1.672761
0.2387688	5.313945	1.554351	1.672617
0.2388105	5.311627	1.554217	1.672473
0.2388522	5.309244	1.554083	1.672328
0.2388939	5.3068	1.553949	1.672184
0.2389356	5.304301	1.553815	1.67204
0.2389773	5.301741	1.553682	1.671896
0.239019	5.29913	1.553548	1.671753
0.2390607	5.296461	1.553414	1.671609
0.2391024	5.293742	1.553281	1.671465
0.2391441	5.290974	1.553148	1.671322
0.2391858	5.288162	1.553014	1.671178
0.2392275	5.285309	1.552881	1.671035
0.2392691	5.28242	1.552748	1.670892
0.2393108	5.279498	1.552615	1.670749
0.2393525	5.276549	1.552482	1.670605
0.2393942	5.273576	1.552349	1.670462
0.2394359	5.270587	1.552216	1.670319
0.2394776	5.267585	1.552083	1.670176
0.2395193	5.264576	1.55195	1.670033
0.239561	5.261566	1.551817	1.66989
0.2396027	5.258561	1.551684	1.669747
0.2396444	5.255567	1.551552	1.669604
0.2396861	5.25259	1.551419	1.669461
0.2397278	5.249631	1.551286	1.669319
0.2397695	5.2467	1.551153	1.669176
0.2398112	5.243803	1.55102	1.669033
0.2398529	5.240944	1.550887	1.66889
0.2398946	5.238128	1.550755	1.668747
0.2399363	5.23536	1.550622	1.668604
0.239978	5.232646	1.550489	1.668461
0.2400197	5.229989	1.550356	1.668318
0.2400614	5.227394	1.550223	1.668175
0.2401031	5.224865	1.55009	1.668032
0.2401448	5.222405	1.549957	1.667889
0.2401865	5.220018	1.549824	1.667745
0.2402282	5.217707	1.549691	1.667602
0.2402699	5.215473	1.549558	1.667459
0.2403116	5.213316	1.549425	1.667316
0.2403533	5.211236	1.549292	1.667173
0.240395	5.209263	1.549158	1.667029
0.2404367	5.207361	1.549025	1.666886
0.2404784	5.205544	1.548892	1.666742
0.2405201	5.203813	1.548759	1.666599
0.2405618	5.202167	1.548625	1.666455
0.2406035	5.200594	1.548492	1.666312
0.2406452	5.199128	1.548358	1.666168
0.2406869	5.197734	1.548225	1.666024
0.2407286	5.196422	1.548091	1.665881
0.2407703	5.19519	1.547958	1.665737
0.240812	5.194035	1.547824	1.665593
0.2408537	5.192955	1.54769	1.665449
0.2408954	5.191949	1.547557	1.665305
0.2409371	5.191012	1.547423	1.665162
0.2409788	5.190142	1.547289	1.665018
0.2410204	5.189335	1.547155	1.664874
0.2410621	5.18859	1.547021	1.66473
0.2411038	5.187897	1.546888	1.664585
0.2411455	5.187268	1.546754	1.664441
0.2411872	5.186684	1.54662	1.664297
0.2412289	5.186147	1.546486	1.664153
0.2412706	5.185654	1.546352	1.664009
0.2413123	5.1852	1.546218	1.663865
0.241354	5.184784	1.546084	1.663721
0.2413957	5.184401	1.54595	1.663576
0.2414374	5.184048	1.545816	1.663432
0.2414791	5.183723	1.545682	1.663288
0.2415208	5.183422	1.545548	1.663144
0.2415625	5.183144	1.545413	1.662999
0.2416042	5.182884	1.545279	1.662855
0.2416459	5.182642	1.545145	1.662711
0.2416876	5.182417	1.545011	1.662566
0.2417293	5.182204	1.544877	1.662422
0.241771	5.182004	1.544743	1.662278
0.2418127	5.181814	1.544609	1.662134
0.2418544	5.181635	1.544475	1.661989
0.2418961	5.181466	1.544341	1.661845
0.2419378	5.181306	1.544207	1.661701
0.2419795	5.181154	1.544073	1.661557
0.2420212	5.181011	1.543939	1.661412
0.2420629	5.180878	1.543805	1.661268
0.2421046	5.180756	1.543671	1.661124
0.2421463	5.180687	1.543537	1.66098
0.242188	5.180543	1.543403	1.660836
0.2422297	5.180456	1.543269	1.660691
0.2422714	5.180383	1.543135	1.660547
0.2423131	5.180326	1.543001	1.660403
0.2423548	5.180286	1.542867	1.660259
0.2423965	5.180266	1.542733	1.660115
0.2424382	5.180267	1.542599	1.659971
0.2424799	5.18029	1.542466	1.659827
0.2425216	5.180339	1.542332	1.659683
0.2425633	5.180413	1.542198	1.659539
0.242605	5.180519	1.542065	1.659396
0.2426467	5.180649	1.541931	1.659252
0.2426884	5.180814	1.541797	1.659108
0.2427301	5.181011	1.541664	1.658964
0.2427717	5.181243	1.54153	1.658821
0.2428134	5.18151	1.541397	1.658677
0.2428551	5.181814	1.541263	1.658533
0.2428968	5.182155	1.54113	1.65839
0.2429385	5.182532	1.540997	1.658246
0.2429802	5.182948	1.540863	1.658103
0.2430219	5.1834	1.54073	1.657959
0.2430636	5.18389	1.540597	1.657816
0.2431053	5.184415	1.540464	1.657673
0.243147	5.184975	1.54033	1.657529
0.2431887	5.185569	1.540197	1.657386
0.2432304	5.186195	1.540064	1.657243
0.2432721	5.186848	1.539931	1.6571
0.2433138	5.18753	1.539798	1.656957
0.2433555	5.188233	1.539665	1.656814
0.2433972	5.188957	1.539533	1.656671
0.2434389	5.189697	1.5394	1.656528
0.2434806	5.19045	1.539267	1.656385
0.2435223	5.19121	1.539135	1.656243
0.243564	5.191973	1.539002	1.6561
0.2436057	5.192735	1.538869	1.655957
0.2436474	5.193489	1.538737	1.655815
0.2436891	5.194231	1.538604	1.655672
0.2437308	5.194954	1.538472	1.65553
0.2437725	5.195655	1.53834	1.655387
0.2438142	5.19632	1.538207	1.655245
0.2438559	5.19695	1.538075	1.655103
0.2438976	5.197538	1.537943	1.65496
0.2439393	5.198075	1.537811	1.654818
0.243981	5.198556	1.537679	1.654676
0.2440227	5.198979	1.537547	1.654534
0.2440644	5.199323	1.537415	1.654392
0.2441061	5.199595	1.537283	1.65425
0.2441478	5.199786	1.537151	1.654109
0.2441895	5.199888	1.53702	1.653967
0.2442312	5.199897	1.536888	1.653825
0.2442729	5.199806	1.536756	1.653684
0.2443146	5.19961	1.536625	1.653542
0.2443563	5.199304	1.536493	1.653401
0.244398	5.198882	1.536362	1.653259
0.2444397	5.198341	1.536231	1.653118
0.2444813	5.197676	1.536099	1.652977
0.244523	5.196885	1.535968	1.652835
0.2445647	5.195956	1.535837	1.652694
0.2446064	5.19491	1.535706	1.652553
0.2446481	5.193722	1.535575	1.652412
0.2446898	5.192397	1.535444	1.652271
0.2447315	5.190933	1.535313	1.65213
0.2447732	5.189328	1.535182	1.65199
0.2448149	5.187589	1.535052	1.651849
0.2448566	5.185714	1.534921	1.651708
0.2448983	5.1837	1.53479	1.651568
0.24494	5.181552	1.53466	1.651427
0.2449817	5.179271	1.534529	1.651287
0.2450234	5.176859	1.534399	1.651146
0.2450651	5.174319	1.534268	1.651006
0.2451068	5.171657	1.534138	1.650866
0.2451485	5.168875	1.534008	1.650726
0.2451902	5.16598	1.533877	1.650585
0.2452319	5.162962	1.533747	1.650445
0.2452736	5.159867	1.533617	1.650305
0.2453153	5.156661	1.533487	1.650165
0.245357	5.153363	1.533357	1.650025
0.2453987	5.149974	1.533227	1.649885
0.2454404	5.146518	1.533097	1.649745
0.2454821	5.142985	1.532967	1.649606
0.2455238	5.139388	1.532837	1.649466
0.2455655	5.135735	1.532707	1.649326
0.2456072	5.132033	1.532577	1.649186
0.2456489	5.12829	1.532447	1.649047
0.2456906	5.124513	1.532318	1.648907
0.2457323	5.12071	1.532188	1.648768
0.245774	5.116889	1.532058	1.648628
0.2458157	5.113056	1.531929	1.648488
0.2458574	5.10922	1.531799	1.648349
0.2458991	5.105387	1.531669	1.648209
0.2459408	5.101564	1.53154	1.64807
0.2459825	5.09776	1.53141	1.64793
0.2460242	5.09398	1.531281	1.647791
0.2460659	5.090229	1.531151	1.647652
0.2461076	5.086515	1.531021	1.647512
0.2461493	5.08284	1.530892	1.647373
0.246191	5.079212	1.530762	1.647233
0.2462326	5.075635	1.530633	1.647094
0.2462743	5.072113	1.530503	1.646955
0.246316	5.068649	1.530374	1.646815
0.2463577	5.065248	1.530244	1.646676
0.2463994	5.061917	1.530115	1.646537
0.2464411	5.058642	1.529985	1.646397
0.2464828	5.055441	1.529856	1.646258
0.2465245	5.052311	1.529727	1.646119
0.2465662	5.049252	1.529597	1.645979
0.2466079	5.046265	1.529468	1.64584
0.2466496	5.043348	1.529338	1.645701
0.2466913	5.040504	1.529209	1.645562
0.246733	5.03773	1.52908	1.645423
0.2467747	5.035025	1.52895	1.645283
0.2468164	5.032387	1.528821	1.645144
0.2468581	5.029814	1.528692	1.645005
0.2468998	5.027304	1.528562	1.644866
0.2469415	5.024854	1.528433	1.644727
0.2469832	5.022462	1.528304	1.644588
0.2470249	5.02012	1.528175	1.644449
0.2470666	5.017836	1.528046	1.64431
0.2471083	5.015596	1.527917	1.644171
0.24715	5.0134	1.527788	1.644032
0.2471917	5.011243	1.527659	1.643893
0.2472334	5.009123	1.52753	1.643755
0.2472751	5.007034	1.527401	1.643616
0.2473168	5.004975	1.527272	1.643477
0.2473585	5.002947	1.527143	1.643339
0.2474002	5.000924	1.527014	1.6432
0.2474419	4.998927	1.526886	1.643062
0.2474836	4.996947	1.526757	1.642923
0.2475253	4.994969	1.526629	1.642785
0.247567	4.993003	1.5265	1.642647
0.2476087	4.991042	1.526372	1.642509
0.2476504	4.989083	1.526243	1.642371
0.2476921	4.987124	1.526115	1.642233
0.2477338	4.985162	1.525987	1.642095
0.2477755	4.983195	1.525859	1.641957
0.2478172	4.981227	1.525731	1.641819
0.2478589	4.979268	1.525603	1.641682
0.2479006	4.977273	1.525475	1.641544
0.2479422	4.975278	1.525347	1.641407
0.2479839	4.973284	1.52522	1.641269
0.2480256	4.971278	1.525092	1.641132
0.2480673	4.96927	1.524965	1.640995
0.248109	4.967258	1.524837	1.640857
0.2481507	4.965242	1.52471	1.64072
0.2481924	4.963228	1.524583	1.640583
0.2482341	4.961215	1.524455	1.640446
0.2482758	4.959207	1.524328	1.64031
0.2483175	4.957205	1.524201	1.640173
0.2483592	4.955214	1.524074	1.640036
0.2484009	4.953238	1.523947	1.6399
0.2484426	4.951278	1.52382	1.639763
0.2484843	4.949342	1.523693	1.639627
0.248526	4.947431	1.523567	1.63949
0.2485677	4.945518	1.52344	1.639354
0.2486094	4.943715	1.523313	1.639217
0.2486511	4.941896	1.523186	1.639081
0.2486928	4.940137	1.52306	1.638945
0.2487345	4.938423	1.522933	1.638809
0.2487762	4.936763	1.522807	1.638672
0.2488179	4.935162	1.52268	1.638536
0.2488596	4.933623	1.522554	1.6384
0.2489013	4.932151	1.522427	1.638264
0.248943	4.930751	1.522301	1.638128
0.2489847	4.929426	1.522174	1.637992
0.2490264	4.928183	1.522048	1.637856
0.2490681	4.927025	1.521922	1.63772
0.2491098	4.925955	1.521795	1.637584
0.2491515	4.924976	1.521669	1.637448
0.2491932	4.924092	1.521542	1.637312
0.2492349	4.923305	1.521416	1.637176
0.2492766	4.922621	1.521289	1.63704
0.2493183	4.922038	1.521163	1.636904
0.24936	4.921562	1.521037	1.636768
0.2494017	4.921192	1.52091	1.636632
0.2494434	4.92093	1.520784	1.636495
0.2494851	4.920778	1.520657	1.636359
0.2495268	4.920735	1.520531	1.636223
0.2495685	4.920801	1.520404	1.636087
0.2496102	4.920977	1.520278	1.635951
0.2496519	4.921261	1.520151	1.635815
0.2496935	4.921654	1.520024	1.635678
0.2497352	4.922154	1.519898	1.635542
0.2497769	4.922758	1.519771	1.635406
0.2498186	4.923466	1.519645	1.63527
0.2498603	4.924271	1.519518	1.635133
0.249902	4.925172	1.519391	1.634997
0.2499437	4.926168	1.519265	1.634861
0.2499854	4.927254	1.519138	1.634724
0.2500271	4.928422	1.519011	1.634588
0.2500688	4.92967	1.518884	1.634452
0.2501105	4.931002	1.518758	1.634315
0.2501522	4.9324	1.518631	1.634179
0.2501939	4.933865	1.518504	1.634042
0.2502356	4.935389	1.518377	1.633906
0.2502773	4.936967	1.518251	1.63377
0.250319	4.938594	1.518124	1.633633
0.2503607	4.940263	1.517997	1.633497
0.2504024	4.941971	1.51787	1.63336
0.2504441	4.9437	1.517743	1.633224
0.2504858	4.945455	1.517617	1.633087
0.2505275	4.947223	1.51749	1.632951
0.2505692	4.949002	1.517363	1.632814
0.2506109	4.95078	1.517236	1.632678
0.2506526	4.952552	1.517109	1.632542
0.2506943	4.95431	1.516983	1.632405
0.250736	4.956048	1.516856	1.632269
0.2507777	4.957758	1.516729	1.632132
0.2508194	4.959433	1.516602	1.631996
0.2508611	4.961066	1.516476	1.63186
0.2509028	4.96265	1.516349	1.631723
0.2509445	4.964178	1.516222	1.631587
0.2509862	4.965645	1.516095	1.631451
0.2510279	4.967041	1.515969	1.631314
0.2510696	4.968363	1.515842	1.631178
0.2511113	4.969602	1.515716	1.631042
0.251153	4.970755	1.515589	1.630906
0.2511947	4.971814	1.515462	1.630769
0.2512364	4.972774	1.515336	1.630633
0.2512781	4.973633	1.515209	1.630497
0.2513198	4.974382	1.515083	1.630361
0.2513615	4.975018	1.514956	1.630225
0.2514032	4.975557	1.51483	1.630089
0.2514448	4.975933	1.514703	1.629953
0.2514865	4.976205	1.514577	1.629817
0.2515282	4.976351	1.514451	1.629681
0.2515699	4.976366	1.514324	1.629545
0.2516116	4.976248	1.514198	1.629409
0.2516533	4.975996	1.514072	1.629273
0.251695	4.975607	1.513945	1.629137
0.2517367	4.975081	1.513819	1.629001
0.2517784	4.974416	1.513693	1.628865
0.2518201	4.973614	1.513567	1.62873
0.2518618	4.972652	1.513441	1.628594
0.2519035	4.971592	1.513315	1.628458
0.2519452	4.970377	1.513188	1.628322
0.2519869	4.969025	1.513062	1.628187
0.2520286	4.967539	1.512936	1.628051
0.2520703	4.965921	1.51281	1.627916
0.252112	4.964173	1.512684	1.62778
0.2521537	4.962299	1.512558	1.627644
0.2521954	4.960302	1.512433	1.627509
0.2522371	4.958185	1.512307	1.627374
0.2522788	4.955952	1.512181	1.627238
0.2523205	4.953605	1.512055	1.627103
0.2523622	4.951154	1.511929	1.626967
0.2524039	4.948598	1.511804	1.626832
0.2524456	4.945944	1.511678	1.626697
0.2524873	4.943198	1.511552	1.626562
0.252529	4.940364	1.511426	1.626426
0.2525707	4.937445	1.511301	1.626291
0.2526124	4.934454	1.511175	1.626156
0.2526541	4.931392	1.51105	1.626021
0.2526958	4.928267	1.510924	1.625886
0.2527375	4.925083	1.510799	1.625751
0.2527792	4.92185	1.510673	1.625616
0.2528209	4.918567	1.510548	1.625481
0.2528626	4.915245	1.510423	1.625346
0.2529043	4.911888	1.510297	1.625211
0.252946	4.908502	1.510172	1.625077
0.2529877	4.905099	1.510047	1.624942
0.2530294	4.901677	1.509922	1.624807
0.2530711	4.898245	1.509797	1.624673
0.2531128	4.894809	1.509672	1.624538
0.2531544	4.891375	1.509547	1.624404
0.2531961	4.887947	1.509422	1.624269
0.2532378	4.884531	1.509297	1.624135
0.2532795	4.881131	1.509172	1.624001
0.2533212	4.877754	1.509047	1.623866
0.2533629	4.874403	1.508923	1.623732
0.2534046	4.871083	1.508798	1.623598
0.2534463	4.867798	1.508674	1.623464
0.253488	4.864552	1.508549	1.62333
0.2535297	4.861349	1.508425	1.623196
0.2535714	4.858192	1.5083	1.623062
0.2536131	4.855083	1.508176	1.622928
0.2536548	4.852028	1.508052	1.622795
0.2536965	4.849027	1.507928	1.622661
0.2537382	4.846084	1.507803	1.622528
0.2537799	4.8432	1.507679	1.622394
0.2538216	4.840379	1.507556	1.622261
0.2538633	4.83762	1.507432	1.622128
0.253905	4.834926	1.507308	1.621994
0.2539467	4.832298	1.507184	1.621861
0.2539884	4.829738	1.50706	1.621728
0.2540301	4.827246	1.506937	1.621595
0.2540718	4.824823	1.506813	1.621462
0.2541135	4.822469	1.50669	1.62133
0.2541552	4.820185	1.506567	1.621197
0.2541969	4.81797	1.506444	1.621064
0.2542386	4.815825	1.50632	1.620932
0.2542803	4.81375	1.506197	1.620799
0.254322	4.811744	1.506074	1.620667
0.2543637	4.809807	1.505951	1.620535
0.2544054	4.807939	1.505829	1.620402
0.2544471	4.806138	1.505706	1.62027
0.2544888	4.804404	1.505583	1.620138
0.2545305	4.802736	1.505461	1.620006
0.2545722	4.801133	1.505338	1.619875
0.2546139	4.799594	1.505215	1.619743
0.2546556	4.798118	1.505093	1.619611
0.2546973	4.796683	1.504971	1.619479
0.254739	4.795349	1.504848	1.619348
0.2547807	4.794054	1.504726	1.619216
0.2548224	4.792817	1.504604	1.619085
0.2548641	4.791635	1.504482	1.618953
0.2549057	4.790507	1.50436	1.618822
0.2549474	4.789432	1.504238	1.618691
0.2549891	4.788407	1.504116	1.61856
0.2550308	4.787432	1.503994	1.618428
0.2550725	4.786506	1.503872	1.618297
0.2551142	4.785623	1.50375	1.618166
0.2551559	4.784783	1.503629	1.618035
0.2551976	4.783984	1.503507	1.617904
0.2552393	4.783224	1.503385	1.617773
0.255281	4.7825	1.503263	1.617642
0.2553227	4.78181	1.503142	1.617511
0.2553644	4.781151	1.50302	1.61738
0.2554061	4.780522	1.502898	1.617249
0.2554478	4.779918	1.502777	1.617119
0.2554895	4.779332	1.502655	1.616988
0.2555312	4.778781	1.502534	1.616857
0.2555729	4.778238	1.502412	1.616726
0.2556146	4.777711	1.50229	1.616595
0.2556563	4.777197	1.502169	1.616464
0.255698	4.776691	1.502047	1.616333
0.2557397	4.776192	1.501925	1.616202
0.2557814	4.775672	1.501804	1.616071
0.2558231	4.775195	1.501682	1.61594
0.2558648	4.77471	1.50156	1.615809
0.2559065	4.774188	1.501439	1.615678
0.2559482	4.773671	1.501317	1.615547
0.2559899	4.77314	1.501195	1.615416
0.2560316	4.772586	1.501073	1.615285
0.2560733	4.772027	1.500952	1.615154
0.256115	4.771438	1.50083	1.615023
0.2561567	4.770825	1.500708	1.614892
0.2561984	4.770184	1.500586	1.614761
0.2562401	4.769512	1.500464	1.61463
0.2562818	4.768807	1.500342	1.614499
0.2563235	4.768068	1.500221	1.614368
0.2563652	4.76729	1.500099	1.614237
0.2564069	4.766412	1.499977	1.614106
0.2564486	4.765634	1.499855	1.613974
0.2564903	4.76471	1.499733	1.613843
0.256532	4.763764	1.499611	1.613712
0.2565737	4.762771	1.499489	1.613581
0.2566154	4.761731	1.499367	1.61345
0.256657	4.760644	1.499245	1.613318
0.2566987	4.759509	1.499123	1.613187
0.2567404	4.758326	1.499002	1.613056
0.2567821	4.757094	1.49888	1.612925
0.2568238	4.755815	1.498758	1.612794
0.2568655	4.754489	1.498636	1.612662
0.2569072	4.753117	1.498514	1.612531
0.2569489	4.751699	1.498392	1.6124
0.2569906	4.750238	1.49827	1.612269
0.2570323	4.748735	1.498148	1.612138
0.257074	4.747192	1.498027	1.612007
0.2571157	4.745611	1.497905	1.611876
0.2571574	4.743994	1.497783	1.611745
0.2571991	4.742345	1.497661	1.611614
0.2572408	4.740666	1.497539	1.611483
0.2572825	4.73896	1.497418	1.611352
0.2573242	4.73723	1.497296	1.611221
0.2573659	4.735479	1.497174	1.61109
0.2574076	4.733712	1.497053	1.610959
0.2574493	4.73193	1.496931	1.610828
0.257491	4.730139	1.49681	1.610697
0.2575327	4.728342	1.496688	1.610566
0.2575744	4.726543	1.496567	1.610436
0.2576161	4.724744	1.496445	1.610305
0.2576578	4.722951	1.496324	1.610174
0.2576995	4.721167	1.496202	1.610044
0.2577412	4.719395	1.496081	1.609913
0.2577829	4.717639	1.495959	1.609782
0.2578246	4.715904	1.495838	1.609652
0.2578663	4.714191	1.495717	1.609521
0.257908	4.712511	1.495596	1.609391
0.2579497	4.710847	1.495474	1.60926
0.2579914	4.709224	1.495353	1.60913
0.2580331	4.707634	1.495232	1.609
0.2580748	4.706085	1.495111	1.608869
0.2581165	4.704575	1.49499	1.608739
0.2581582	4.703107	1.494869	1.608609
0.2581999	4.701719	1.494747	1.608478
0.2582416	4.700159	1.494626	1.608348
0.2582833	4.69898	1.494505	1.608218
0.258325	4.697701	1.494384	1.608088
0.2583666	4.696473	1.494263	1.607957
0.2584083	4.695289	1.494142	1.607827
0.25845	4.694173	1.494021	1.607697
0.2584917	4.693101	1.493901	1.607567
0.2585334	4.692081	1.49378	1.607437
0.2585751	4.691114	1.493659	1.607307
0.2586168	4.690199	1.493538	1.607177
0.2586585	4.689335	1.493417	1.607047
0.2587002	4.688524	1.493296	1.606917
0.2587419	4.687763	1.493175	1.606787
0.2587836	4.687051	1.493055	1.606657
0.2588253	4.686388	1.492934	1.606527
0.258867	4.685772	1.492813	1.606397
0.2589087	4.685202	1.492692	1.606267
0.2589504	4.684676	1.492572	1.606137
0.2589921	4.684198	1.492451	1.606007
0.2590338	4.683751	1.492331	1.605877
0.2590755	4.68335	1.49221	1.605748
0.2591172	4.682986	1.49209	1.605618
0.2591589	4.682659	1.491969	1.605488
0.2592006	4.682366	1.491849	1.605359
0.2592423	4.682097	1.491728	1.605229
0.259284	4.681875	1.491608	1.6051
0.2593257	4.681677	1.491487	1.60497
0.2593674	4.681505	1.491367	1.604841
0.2594091	4.68136	1.491247	1.604711
0.2594508	4.681282	1.491127	1.604582
0.2594925	4.681142	1.491007	1.604453
0.2595342	4.681066	1.490886	1.604323
0.2595759	4.681006	1.490766	1.604194
0.2596176	4.680973	1.490646	1.604065
0.2596593	4.680954	1.490527	1.603936
0.259701	4.680964	1.490407	1.603807
0.2597427	4.680966	1.490287	1.603678
0.2597844	4.680994	1.490167	1.603549
0.2598261	4.681034	1.490047	1.603421
0.2598678	4.681088	1.489928	1.603292
0.2599095	4.681154	1.489808	1.603163
0.2599512	4.681231	1.489689	1.603035
0.2599929	4.681317	1.489569	1.602906
0.2600346	4.681413	1.48945	1.602778
0.2600763	4.681517	1.489331	1.602649
0.2601179	4.681629	1.489212	1.602521
0.2601596	4.681748	1.489092	1.602393
0.2602013	4.681873	1.488973	1.602265
0.260243	4.682003	1.488854	1.602137
0.2602847	4.682138	1.488735	1.602009
0.2603264	4.682279	1.488617	1.601881
0.2603681	4.682416	1.488498	1.601753
0.2604098	4.682564	1.488379	1.601625
0.2604515	4.6827	1.48826	1.601497
0.2604932	4.682841	1.488142	1.60137
0.2605349	4.68298	1.488023	1.601242
0.2605766	4.683115	1.487905	1.601115
0.2606183	4.683245	1.487786	1.600987
0.26066	4.683367	1.487668	1.60086
0.2607017	4.683481	1.487549	1.600732
0.2607434	4.683584	1.487431	1.600605
0.2607851	4.683674	1.487313	1.600478
0.2608268	4.683749	1.487195	1.600351
0.2608685	4.683807	1.487076	1.600223
0.2609102	4.683845	1.486958	1.600096
0.2609519	4.68386	1.48684	1.599969
0.2609936	4.683851	1.486722	1.599842
0.2610353	4.683814	1.486604	1.599715
0.261077	4.683746	1.486486	1.599588
0.2611187	4.683644	1.486368	1.599461
0.2611604	4.683506	1.48625	1.599334
0.2612021	4.683328	1.486132	1.599207
0.2612438	4.683107	1.486014	1.59908
0.2612855	4.68284	1.485896	1.598954
0.2613272	4.682524	1.485778	1.598827
0.2613689	4.682155	1.48566	1.5987
0.2614106	4.681729	1.485543	1.598573
0.2614523	4.681245	1.485425	1.598446
0.261494	4.680698	1.485307	1.598319
0.2615357	4.680086	1.485189	1.598192
0.2615774	4.679406	1.485071	1.598065
0.2616191	4.678654	1.484953	1.597939
0.2616608	4.677828	1.484835	1.597812
0.2617025	4.676929	1.484717	1.597685
0.2617442	4.675942	1.484599	1.597558
0.2617859	4.674877	1.484481	1.597431
0.2618275	4.673728	1.484363	1.597304
0.2618692	4.672495	1.484245	1.597177
0.2619109	4.671171	1.484127	1.59705
0.2619526	4.669759	1.484009	1.596923
0.2619943	4.668255	1.483891	1.596796
0.262036	4.66666	1.483773	1.596669
0.2620777	4.66497	1.483655	1.596542
0.2621194	4.663187	1.483537	1.596415
0.2621611	4.661312	1.483419	1.596288
0.2622028	4.659343	1.483301	1.59616
0.2622445	4.65728	1.483182	1.596033
0.2622862	4.655124	1.483064	1.595906
0.2623279	4.652877	1.482946	1.595779
0.2623696	4.650538	1.482828	1.595651
0.2624113	4.648109	1.482709	1.595524
0.262453	4.645589	1.482591	1.595397
0.2624947	4.642992	1.482473	1.59527
0.2625364	4.640307	1.482354	1.595142
0.2625781	4.637543	1.482236	1.595015
0.2626198	4.634702	1.482118	1.594887
0.2626615	4.631786	1.481999	1.59476
0.2627032	4.6288	1.481881	1.594633
0.2627449	4.625745	1.481763	1.594505
0.2627866	4.622635	1.481644	1.594378
0.2628283	4.619458	1.481526	1.594251
0.26287	4.61623	1.481407	1.594123
0.2629117	4.612954	1.481289	1.593996
0.2629534	4.609636	1.481171	1.593868
0.2629951	4.606278	1.481052	1.593741
0.2630368	4.602887	1.480934	1.593614
0.2630785	4.59947	1.480816	1.593487
0.2631202	4.596027	1.480698	1.593359
0.2631619	4.59257	1.480579	1.593232
0.2632036	4.589103	1.480461	1.593105
0.2632453	4.585632	1.480343	1.592978
0.263287	4.582165	1.480225	1.592851
0.2633287	4.578703	1.480107	1.592724
0.2633704	4.575257	1.479989	1.592597
0.2634121	4.571827	1.479871	1.59247
0.2634538	4.568434	1.479753	1.592343
0.2634955	4.565069	1.479635	1.592216
0.2635372	4.561744	1.479517	1.592089
0.2635788	4.558464	1.4794	1.591963
0.2636205	4.555236	1.479282	1.591836
0.2636622	4.552066	1.479164	1.591709
0.2637039	4.548959	1.479047	1.591583
0.2637456	4.545923	1.478929	1.591457
0.2637873	4.542961	1.478812	1.59133
0.263829	4.540087	1.478695	1.591204
0.2638707	4.537287	1.478578	1.591078
0.2639124	4.534579	1.47846	1.590952
0.2639541	4.531967	1.478343	1.590826
0.2639958	4.529456	1.478226	1.5907
0.2640375	4.527051	1.47811	1.590574
0.2640792	4.524754	1.477993	1.590449
0.2641209	4.522568	1.477876	1.590323
0.2641626	4.520497	1.477759	1.590198
0.2642043	4.518545	1.477643	1.590072
0.264246	4.516713	1.477526	1.589947
0.2642877	4.515004	1.47741	1.589822
0.2643294	4.513421	1.477294	1.589696
0.2643711	4.511965	1.477177	1.589571
0.2644128	4.510637	1.477061	1.589446
0.2644545	4.509438	1.476945	1.589321
0.2644962	4.508369	1.476829	1.589196
0.2645379	4.507424	1.476713	1.589072
0.2645796	4.506609	1.476597	1.588947
0.2646213	4.505922	1.476481	1.588822
0.264663	4.50536	1.476365	1.588698
0.2647047	4.504924	1.47625	1.588573
0.2647464	4.504607	1.476134	1.588449
0.2647881	4.50441	1.476018	1.588324
0.2648298	4.504329	1.475903	1.5882
0.2648715	4.504359	1.475787	1.588075
0.2649132	4.504497	1.475672	1.587951
0.2649549	4.504738	1.475556	1.587827
0.2649966	4.505077	1.475441	1.587703
0.2650383	4.505511	1.475325	1.587578
0.26508	4.506032	1.47521	1.587454
0.2651217	4.506635	1.475094	1.58733
0.2651634	4.507313	1.474979	1.587206
0.2652051	4.50806	1.474864	1.587082
0.2652468	4.508869	1.474748	1.586958
0.2652885	4.509732	1.474633	1.586833
0.2653301	4.510642	1.474518	1.586709
0.2653718	4.511593	1.474402	1.586585
0.2654135	4.512576	1.474287	1.586461
0.2654552	4.513582	1.474172	1.586337
0.2654969	4.514605	1.474057	1.586213
0.2655386	4.515635	1.473941	1.586089
0.2655803	4.516666	1.473826	1.585965
0.265622	4.517688	1.473711	1.585841
0.2656637	4.518693	1.473595	1.585717
0.2657054	4.519674	1.47348	1.585593
0.2657471	4.520622	1.473365	1.585469
0.2657888	4.52153	1.473249	1.585345
0.2658305	4.52239	1.473134	1.58522
0.2658722	4.523195	1.473019	1.585096
0.2659139	4.523939	1.472904	1.584972
0.2659556	4.524611	1.472788	1.584848
0.2659973	4.525209	1.472673	1.584724
0.266039	4.525722	1.472558	1.5846
0.2660807	4.526149	1.472442	1.584476
0.2661224	4.526481	1.472327	1.584352
0.2661641	4.526715	1.472212	1.584228
0.2662058	4.526846	1.472096	1.584104
0.2662475	4.52687	1.471981	1.58398
0.2662892	4.526783	1.471866	1.583856
0.2663309	4.526582	1.47175	1.583731
0.2663726	4.526265	1.471635	1.583607
0.2664143	4.525827	1.47152	1.583483
0.266456	4.525269	1.471405	1.583359
0.2664977	4.524591	1.471289	1.583235
0.2665394	4.523792	1.471174	1.583111
0.2665811	4.522872	1.471059	1.582987
0.2666228	4.521832	1.470944	1.582863
0.2666645	4.520673	1.470829	1.58274
0.2667062	4.519395	1.470714	1.582616
0.2667479	4.518003	1.470598	1.582492
0.2667896	4.516499	1.470483	1.582368
0.2668313	4.514887	1.470368	1.582244
0.266873	4.513171	1.470253	1.58212
0.2669147	4.511356	1.470138	1.581997
0.2669564	4.509445	1.470023	1.581873
0.2669981	4.507445	1.469908	1.581749
0.2670397	4.50536	1.469793	1.581626
0.2670814	4.503198	1.469679	1.581502
0.2671231	4.500964	1.469564	1.581378
0.2671648	4.498666	1.469449	1.581255
0.2672065	4.496307	1.469334	1.581131
0.2672482	4.493905	1.469219	1.581008
0.2672899	4.491456	1.469105	1.580884
0.2673316	4.488969	1.46899	1.580761
0.2673733	4.486459	1.468875	1.580637
0.267415	4.483927	1.468761	1.580514
0.2674567	4.481384	1.468646	1.580391
0.2674984	4.478836	1.468531	1.580268
0.2675401	4.476292	1.468417	1.580144
0.2675818	4.47376	1.468302	1.580021
0.2676235	4.471248	1.468188	1.579898
0.2676652	4.468761	1.468073	1.579775
0.2677069	4.46631	1.467959	1.579652
0.2677486	4.463899	1.467845	1.579528
0.2677903	4.461537	1.46773	1.579405
0.267832	4.45923	1.467616	1.579282
0.2678737	4.456983	1.467502	1.579159
0.2679154	4.454802	1.467387	1.579036
0.2679571	4.452698	1.467273	1.578913
0.2679988	4.45067	1.467159	1.578791
0.2680405	4.448726	1.467045	1.578668
0.2680822	4.446869	1.466931	1.578545
0.2681239	4.445106	1.466816	1.578422
0.2681656	4.443431	1.466702	1.578299
0.2682073	4.44186	1.466588	1.578176
0.268249	4.440388	1.466474	1.578054
0.2682907	4.439018	1.46636	1.577931
0.2683324	4.437753	1.466246	1.577808
0.2683741	4.436595	1.466132	1.577686
0.2684158	4.435543	1.466018	1.577563
0.2684575	4.434597	1.465904	1.57744
0.2684992	4.433756	1.46579	1.577318
0.2685409	4.433021	1.465676	1.577195
0.2685826	4.43239	1.465563	1.577073
0.2686243	4.43186	1.465449	1.57695
0.268666	4.431431	1.465335	1.576828
0.2687077	4.431099	1.465221	1.576705
0.2687494	4.430862	1.465107	1.576583
0.268791	4.430715	1.464994	1.576461
0.2688327	4.430654	1.46488	1.576338
0.2688744	4.430677	1.464766	1.576216
0.2689161	4.430776	1.464653	1.576094
0.2689578	4.430949	1.464539	1.575972
0.2689995	4.43119	1.464426	1.575849
0.2690412	4.431494	1.464312	1.575727
0.2690829	4.431854	1.464199	1.575605
0.2691246	4.432265	1.464085	1.575483
0.2691663	4.432721	1.463972	1.575361
0.269208	4.433216	1.463858	1.575239
0.2692497	4.433743	1.463745	1.575117
0.2692914	4.434295	1.463632	1.574995
0.2693331	4.434868	1.463518	1.574873
0.2693748	4.435453	1.463405	1.574751
0.2694165	4.436043	1.463292	1.574629
0.2694582	4.43664	1.463179	1.574508
0.2694999	4.437224	1.463066	1.574386
0.2695416	4.437797	1.462953	1.574264
0.2695833	4.438353	1.462839	1.574142
0.269625	4.438883	1.462726	1.574021
0.2696667	4.439383	1.462613	1.573899
0.2697084	4.439847	1.4625	1.573778
0.2697501	4.44027	1.462388	1.573656
0.2697918	4.440647	1.462275	1.573535
0.2698335	4.440972	1.462162	1.573413
0.2698752	4.441242	1.462049	1.573292
0.2699169	4.441449	1.461936	1.57317
0.2699586	4.441598	1.461823	1.573049
0.2700003	4.441677	1.461711	1.572928
0.270042	4.441685	1.461598	1.572806
0.2700837	4.44162	1.461485	1.572685
0.2701254	4.441479	1.461373	1.572564
0.2701671	4.44126	1.46126	1.572443
0.2702088	4.440962	1.461147	1.572322
0.2702505	4.440583	1.461035	1.5722
0.2702922	4.440123	1.460922	1.572079
0.2703339	4.43958	1.46081	1.571958
0.2703756	4.438955	1.460697	1.571837
0.2704173	4.438244	1.460585	1.571716
0.270459	4.43746	1.460472	1.571595
0.2705006	4.43659	1.46036	1.571474
0.2705423	4.435644	1.460247	1.571353
0.270584	4.434619	1.460135	1.571232
0.2706257	4.433518	1.460022	1.571111
0.2706674	4.432345	1.45991	1.57099
0.2707091	4.431102	1.459797	1.570869
0.2707508	4.42979	1.459685	1.570748
0.2707925	4.428414	1.459573	1.570627
0.2708342	4.426977	1.45946	1.570506
0.2708759	4.425484	1.459348	1.570385
0.2709176	4.423935	1.459235	1.570264
0.2709593	4.422337	1.459123	1.570143
0.271001	4.420692	1.459011	1.570022
0.2710427	4.419005	1.458898	1.569901
0.2710844	4.41728	1.458786	1.56978
0.2711261	4.415522	1.458673	1.569659
0.2711678	4.413733	1.458561	1.569538
0.2712095	4.411919	1.458448	1.569417
0.2712512	4.410101	1.458336	1.569296
0.2712929	4.40823	1.458224	1.569175
0.2713346	4.406363	1.458111	1.569054
0.2713763	4.404486	1.457999	1.568933
0.271418	4.402603	1.457886	1.568812
0.2714597	4.400718	1.457774	1.568691
0.2715014	4.398834	1.457661	1.56857
0.2715431	4.396954	1.457549	1.568449
0.2715848	4.395081	1.457436	1.568328
0.2716265	4.393218	1.457324	1.568207
0.2716682	4.391367	1.457211	1.568086
0.2717099	4.389531	1.457098	1.567965
0.2717516	4.387712	1.456986	1.567844
0.2717933	4.385911	1.456873	1.567722
0.271835	4.384131	1.456761	1.567601
0.2718767	4.382372	1.456648	1.56748
0.2719184	4.380635	1.456536	1.567359
0.2719601	4.378922	1.456423	1.567238
0.2720018	4.377232	1.456311	1.567117
0.2720435	4.375568	1.456198	1.566996
0.2720852	4.373926	1.456086	1.566875
0.2721269	4.372309	1.455973	1.566754
0.2721686	4.370715	1.455861	1.566633
0.2722103	4.369144	1.455748	1.566512
0.2722519	4.367605	1.455636	1.566391
0.2722936	4.366068	1.455523	1.56627
0.2723353	4.364561	1.455411	1.566149
0.272377	4.363068	1.455299	1.566028
0.2724187	4.3616	1.455186	1.565907
0.2724604	4.360149	1.455074	1.565786
0.2725021	4.35871	1.454962	1.565666
0.2725438	4.357283	1.45485	1.565545
0.2725855	4.355867	1.454738	1.565424
0.2726272	4.354462	1.454626	1.565304
0.2726689	4.353066	1.454514	1.565183
0.2727106	4.351676	1.454402	1.565063
0.2727523	4.350291	1.45429	1.564943
0.272794	4.34891	1.454178	1.564822
0.2728357	4.347529	1.454067	1.564702
0.2728774	4.346152	1.453955	1.564582
0.2729191	4.344773	1.453843	1.564462
0.2729608	4.343392	1.453732	1.564342
0.2730025	4.34198	1.453621	1.564222
0.2730442	4.340622	1.453509	1.564102
0.2730859	4.339232	1.453398	1.563983
0.2731276	4.337836	1.453287	1.563863
0.2731693	4.336435	1.453176	1.563744
0.273211	4.335029	1.453065	1.563625
0.2732527	4.333617	1.452954	1.563505
0.2732944	4.3322	1.452844	1.563386
0.2733361	4.330776	1.452733	1.563267
0.2733778	4.329343	1.452623	1.563148
0.2734195	4.327916	1.452512	1.563029
0.2734612	4.326478	1.452402	1.562911
0.2735029	4.325039	1.452292	1.562792
0.2735446	4.323596	1.452182	1.562674
0.2735863	4.322151	1.452072	1.562555
0.273628	4.320706	1.451962	1.562437
0.2736697	4.31926	1.451852	1.562319
0.2737114	4.317816	1.451742	1.562201
0.2737531	4.316374	1.451632	1.562083
0.2737948	4.314935	1.451523	1.561965
0.2738365	4.313501	1.451413	1.561847
0.2738782	4.31207	1.451304	1.561729
0.2739199	4.31065	1.451194	1.561611
0.2739616	4.309235	1.451085	1.561494
0.2740032	4.307828	1.450976	1.561376
0.2740449	4.306582	1.450867	1.561259
0.2740866	4.305043	1.450758	1.561141
0.2741283	4.303666	1.450648	1.561024
0.27417	4.302301	1.450539	1.560907
0.2742117	4.300946	1.45043	1.560789
0.2742534	4.299603	1.450321	1.560672
0.2742951	4.298272	1.450213	1.560555
0.2743368	4.296952	1.450104	1.560438
0.2743785	4.295643	1.449995	1.56032
0.2744202	4.294346	1.449886	1.560203
0.2744619	4.293059	1.449777	1.560086
0.2745036	4.291782	1.449668	1.559969
0.2745453	4.290515	1.449559	1.559852
0.274587	4.289255	1.449451	1.559735
0.2746287	4.288003	1.449342	1.559618
0.2746704	4.286757	1.449233	1.559501
0.2747121	4.285515	1.449124	1.559383
0.2747538	4.284277	1.449015	1.559266
0.2747955	4.282952	1.448906	1.559149
0.2748372	4.281807	1.448797	1.559032
0.2748789	4.280572	1.448688	1.558915
0.2749206	4.279334	1.448579	1.558798
0.2749623	4.278091	1.448471	1.55868
0.275004	4.276847	1.448362	1.558563
0.2750457	4.275595	1.448252	1.558446
0.2750874	4.274335	1.448143	1.558328
0.2751291	4.273067	1.448034	1.558211
0.2751708	4.271791	1.447925	1.558093
0.2752125	4.270504	1.447816	1.557976
0.2752542	4.269206	1.447707	1.557858
0.2752959	4.267897	1.447598	1.557741
0.2753376	4.266577	1.447488	1.557623
0.2753793	4.265249	1.447379	1.557506
0.275421	4.263902	1.44727	1.557388
0.2754627	4.262549	1.44716	1.55727
0.2755044	4.261186	1.447051	1.557153
0.2755461	4.259815	1.446942	1.557035
0.2755878	4.258436	1.446832	1.556917
0.2756295	4.257052	1.446723	1.5568
0.2756712	4.255664	1.446613	1.556682
0.2757128	4.254275	1.446504	1.556564
0.2757545	4.252888	1.446394	1.556446
0.2757962	4.251504	1.446285	1.556328
0.2758379	4.250128	1.446175	1.55621
0.2758796	4.248762	1.446066	1.556092
0.2759213	4.247406	1.445956	1.555975
0.275963	4.246077	1.445847	1.555857
0.2760047	4.244766	1.445737	1.555739
0.2760464	4.243481	1.445627	1.555621
0.2760881	4.242228	1.445518	1.555503
0.2761298	4.24101	1.445408	1.555385
0.2761715	4.239832	1.445299	1.555267
0.2762132	4.238699	1.445189	1.555149
0.2762549	4.237615	1.44508	1.555031
0.2762966	4.236586	1.44497	1.554913
0.2763383	4.235616	1.44486	1.554795
0.27638	4.23471	1.444751	1.554678
0.2764217	4.233873	1.444641	1.55456
0.2764634	4.233109	1.444532	1.554442
0.2765051	4.232422	1.444422	1.554324
0.2765468	4.231817	1.444313	1.554206
0.2765885	4.231297	1.444203	1.554088
0.2766302	4.230865	1.444094	1.55397
0.2766719	4.230527	1.443984	1.553853
0.2767136	4.230284	1.443875	1.553735
0.2767553	4.230138	1.443765	1.553617
0.276797	4.230093	1.443656	1.553499
0.2768387	4.230149	1.443547	1.553382
0.2768804	4.23032	1.443437	1.553264
0.2769221	4.230568	1.443328	1.553146
0.2769638	4.230939	1.443219	1.553029
0.2770055	4.231411	1.443109	1.552911
0.2770472	4.231988	1.443	1.552793
0.2770889	4.232667	1.442891	1.552676
0.2771306	4.233446	1.442781	1.552558
0.2771723	4.234324	1.442672	1.552441
0.277214	4.235297	1.442563	1.552323
0.2772557	4.236363	1.442454	1.552205
0.2772974	4.237518	1.442344	1.552088
0.2773391	4.238757	1.442235	1.55197
0.2773808	4.24008	1.442126	1.551853
0.2774225	4.241466	1.442017	1.551735
0.2774641	4.24293	1.441908	1.551618
0.2775058	4.244453	1.441798	1.551501
0.2775475	4.246032	1.441689	1.551383
0.2775892	4.247647	1.44158	1.551266
0.2776309	4.249325	1.441471	1.551148
0.2776726	4.251025	1.441362	1.551031
0.2777143	4.25275	1.441253	1.550914
0.277756	4.254491	1.441144	1.550796
0.2777977	4.256239	1.441035	1.550679
0.2778394	4.257988	1.440926	1.550562
0.2778811	4.259723	1.440817	1.550445
0.2779228	4.26144	1.440708	1.550327
0.2779645	4.263127	1.440599	1.55021
0.2780062	4.264777	1.440491	1.550093
0.2780479	4.266379	1.440382	1.549976
0.2780896	4.267922	1.440273	1.549859
0.2781313	4.2694	1.440164	1.549742
0.278173	4.270803	1.440056	1.549625
0.2782147	4.272121	1.439947	1.549508
0.2782564	4.273348	1.439838	1.549391
0.2782981	4.274469	1.43973	1.549274
0.2783398	4.27548	1.439621	1.549157
0.2783815	4.276376	1.439513	1.549041
0.2784232	4.277144	1.439404	1.548924
0.2784649	4.27778	1.439296	1.548807
0.2785066	4.278275	1.439187	1.548691
0.2785483	4.278625	1.439079	1.548574
0.27859	4.278822	1.438971	1.548458
0.2786317	4.278862	1.438863	1.548341
0.2786734	4.278739	1.438754	1.548225
0.2787151	4.278449	1.438646	1.548109
0.2787568	4.277988	1.438538	1.547992
0.2787985	4.277352	1.43843	1.547876
0.2788402	4.276542	1.438323	1.54776
0.2788819	4.275553	1.438215	1.547644
0.2789236	4.274385	1.438107	1.547528
0.2789653	4.273037	1.437999	1.547412
0.279007	4.271509	1.437892	1.547297
0.2790487	4.269799	1.437784	1.547181
0.2790904	4.267913	1.437677	1.547065
0.2791321	4.26585	1.437569	1.54695
0.2791737	4.263615	1.437462	1.546834
0.2792154	4.261209	1.437355	1.546719
0.2792571	4.258638	1.437248	1.546603
0.2792988	4.255907	1.437141	1.546488
0.2793405	4.253018	1.437033	1.546373
0.2793822	4.249978	1.436927	1.546258
0.2794239	4.246795	1.43682	1.546143
0.2794656	4.243476	1.436713	1.546028
0.2795073	4.240028	1.436606	1.545913
0.279549	4.23646	1.436499	1.545798
0.2795907	4.232779	1.436393	1.545684
0.2796324	4.228995	1.436286	1.545569
0.2796741	4.225117	1.43618	1.545454
0.2797158	4.221155	1.436073	1.54534
0.2797575	4.217119	1.435967	1.545225
0.2797992	4.213019	1.435861	1.545111
0.2798409	4.20887	1.435754	1.544997
0.2798826	4.204678	1.435648	1.544882
0.2799243	4.200456	1.435542	1.544768
0.279966	4.196215	1.435436	1.544654
0.2800077	4.191969	1.43533	1.54454
0.2800494	4.187723	1.435224	1.544426
0.2800911	4.183495	1.435118	1.544312
0.2801328	4.179294	1.435012	1.544198
0.2801745	4.175131	1.434906	1.544084
0.2802162	4.17102	1.4348	1.54397
0.2802579	4.166967	1.434694	1.543856
0.2802996	4.162986	1.434589	1.543742
0.2803413	4.159087	1.434483	1.543628
0.280383	4.155281	1.434377	1.543514
0.2804247	4.151576	1.434271	1.543401
0.2804664	4.147989	1.434165	1.543287
0.2805081	4.144506	1.43406	1.543173
0.2805498	4.141158	1.433954	1.543059
0.2805915	4.137945	1.433848	1.542945
0.2806332	4.134875	1.433742	1.542831
0.2806749	4.131954	1.433637	1.542718
0.2807166	4.129189	1.433531	1.542604
0.2807583	4.126581	1.433425	1.54249
0.2808	4.124141	1.433319	1.542376
0.2808417	4.121867	1.433213	1.542262
0.2808834	4.119761	1.433108	1.542148
0.280925	4.117832	1.433002	1.542034
0.2809667	4.116075	1.432896	1.54192
0.2810084	4.114492	1.43279	1.541806
0.2810501	4.113086	1.432684	1.541692
0.2810918	4.111853	1.432578	1.541578
0.2811335	4.110792	1.432472	1.541464
0.2811752	4.1099	1.432366	1.54135
0.2812169	4.109174	1.43226	1.541236
0.2812586	4.10861	1.432154	1.541122
0.2813003	4.108203	1.432048	1.541008
0.281342	4.107949	1.431941	1.540893
0.2813837	4.107841	1.431835	1.540779
0.2814254	4.107873	1.431729	1.540665
0.2814671	4.108037	1.431623	1.540551
0.2815088	4.108325	1.431516	1.540436
0.2815505	4.108729	1.43141	1.540322
0.2815922	4.109241	1.431304	1.540207
0.2816339	4.109851	1.431197	1.540093
0.2816756	4.11055	1.431091	1.539978
0.2817173	4.111329	1.430985	1.539864
0.281759	4.112177	1.430878	1.539749
0.2818007	4.113083	1.430772	1.539635
0.2818424	4.114058	1.430665	1.53952
0.2818841	4.11503	1.430559	1.539406
0.2819258	4.116049	1.430453	1.539291
0.2819675	4.117086	1.430346	1.539177
0.2820092	4.118129	1.43024	1.539062
0.2820509	4.119168	1.430133	1.538948
0.2820926	4.120193	1.430027	1.538833
0.2821343	4.121194	1.42992	1.538719
0.282176	4.122162	1.429814	1.538604
0.2822177	4.123086	1.429707	1.53849
0.2822594	4.123953	1.429601	1.538375
0.2823011	4.124771	1.429495	1.538261
0.2823428	4.125515	1.429388	1.538146
0.2823845	4.126181	1.429282	1.538032
0.2824262	4.126763	1.429176	1.537918
0.2824679	4.127259	1.42907	1.537803
0.2825096	4.127657	1.428963	1.537689
0.2825513	4.128133	1.428857	1.537575
0.282593	4.128147	1.428751	1.537461
0.2826347	4.128229	1.428645	1.537347
0.2826763	4.128197	1.428539	1.537232
0.282718	4.128049	1.428433	1.537118
0.2827597	4.127783	1.428327	1.537005
0.2828014	4.127398	1.428222	1.536891
0.2828431	4.126893	1.428116	1.536777
0.2828848	4.126267	1.42801	1.536663
0.2829265	4.125522	1.427905	1.53655
0.2829682	4.124659	1.427799	1.536436
0.2830099	4.12368	1.427694	1.536323
0.2830516	4.122585	1.427588	1.536209
0.2830933	4.121391	1.427483	1.536096
0.283135	4.120067	1.427378	1.535982
0.2831767	4.118652	1.427272	1.535869
0.2832184	4.117139	1.427167	1.535756
0.2832601	4.115532	1.427062	1.535643
0.2833018	4.113838	1.426957	1.53553
0.2833435	4.112071	1.426852	1.535417
0.2833852	4.110211	1.426747	1.535304
0.2834269	4.108291	1.426643	1.535192
0.2834686	4.106311	1.426538	1.535079
0.2835103	4.104276	1.426433	1.534966
0.283552	4.102196	1.426329	1.534854
0.2835937	4.100076	1.426224	1.534741
0.2836354	4.097926	1.42612	1.534629
0.2836771	4.095752	1.426015	1.534516
0.2837188	4.093564	1.425911	1.534404
0.2837605	4.091368	1.425806	1.534292
0.2838022	4.089174	1.425702	1.534179
0.2838439	4.086988	1.425598	1.534067
0.2838856	4.084819	1.425494	1.533955
0.2839273	4.082674	1.425389	1.533843
0.283969	4.080561	1.425285	1.533731
0.2840107	4.078487	1.425181	1.533619
0.2840524	4.07646	1.425077	1.533507
0.2840941	4.074485	1.424973	1.533395
0.2841358	4.07257	1.424869	1.533283
0.2841775	4.07072	1.424765	1.533171
0.2842192	4.06894	1.424661	1.533059
0.2842609	4.067238	1.424557	1.532947
0.2843026	4.065617	1.424453	1.532835
0.2843443	4.064082	1.424349	1.532724
0.2843859	4.062639	1.424245	1.532612
0.2844276	4.061289	1.424141	1.5325
0.2844693	4.060036	1.424038	1.532388
0.284511	4.058884	1.423934	1.532276
0.2845527	4.057834	1.42383	1.532165
0.2845944	4.05689	1.423726	1.532053
0.2846361	4.056049	1.423622	1.531941
0.2846778	4.055315	1.423518	1.53183
0.2847195	4.05469	1.423415	1.531718
0.2847612	4.054172	1.423311	1.531606
0.2848029	4.053758	1.423207	1.531494
0.2848446	4.053455	1.423103	1.531383
0.2848863	4.053254	1.422999	1.531271
0.284928	4.053155	1.422896	1.531159
0.2849697	4.053156	1.422792	1.531048
0.2850114	4.053256	1.422688	1.530936
0.2850531	4.053451	1.422584	1.530824
0.2850948	4.053735	1.42248	1.530713
0.2851365	4.054111	1.422377	1.530601
0.2851782	4.054568	1.422273	1.530489
0.2852199	4.055104	1.422169	1.530378
0.2852616	4.055715	1.422065	1.530266
0.2853033	4.056395	1.421962	1.530154
0.285345	4.05714	1.421858	1.530043
0.2853867	4.057944	1.421754	1.529931
0.2854284	4.058802	1.42165	1.529819
0.2854701	4.059706	1.421547	1.529708
0.2855118	4.060653	1.421443	1.529596
0.2855535	4.061635	1.421339	1.529484
0.2855952	4.062646	1.421235	1.529373
0.2856369	4.06368	1.421132	1.529261
0.2856786	4.064732	1.421028	1.52915
0.2857203	4.065794	1.420924	1.529038
0.285762	4.06686	1.420821	1.528926
0.2858037	4.067924	1.420717	1.528815
0.2858454	4.06898	1.420613	1.528703
0.2858871	4.070021	1.420509	1.528592
0.2859288	4.071042	1.420406	1.52848
0.2859705	4.072036	1.420302	1.528369
0.2860122	4.072997	1.420198	1.528257
0.2860539	4.07392	1.420095	1.528145
0.2860956	4.074799	1.419991	1.528034
0.2861372	4.075629	1.419887	1.527922
0.2861789	4.076405	1.419784	1.527811
0.2862206	4.077121	1.41968	1.527699
0.2862623	4.077773	1.419577	1.527588
0.286304	4.078356	1.419473	1.527476
0.2863457	4.078839	1.419369	1.527365
0.2863874	4.079301	1.419266	1.527253
0.2864291	4.079654	1.419162	1.527142
0.2864708	4.079923	1.419058	1.52703
0.2865125	4.080105	1.418955	1.526919
0.2865542	4.080198	1.418851	1.526807
0.2865959	4.080197	1.418747	1.526696
0.2866376	4.080102	1.418644	1.526584
0.2866793	4.07991	1.41854	1.526472
0.286721	4.079619	1.418436	1.526361
0.2867627	4.079228	1.418333	1.526249
0.2868044	4.078737	1.418229	1.526138
0.2868461	4.078145	1.418125	1.526026
0.2868878	4.07745	1.418022	1.525915
0.2869295	4.076655	1.417918	1.525803
0.2869712	4.075757	1.417815	1.525692
0.2870129	4.074758	1.417711	1.52558
0.2870546	4.073658	1.417607	1.525469
0.2870963	4.072458	1.417504	1.525357
0.287138	4.071162	1.4174	1.525246
0.2871797	4.069767	1.417296	1.525134
0.2872214	4.068278	1.417193	1.525022
0.2872631	4.066698	1.417089	1.524911
0.2873048	4.065026	1.416985	1.524799
0.2873465	4.063267	1.416882	1.524688
0.2873882	4.061421	1.416778	1.524576
0.2874299	4.059495	1.416674	1.524465
0.2874716	4.05749	1.416571	1.524353
0.2875133	4.055409	1.416467	1.524242
0.287555	4.053255	1.416364	1.52413
0.2875967	4.051033	1.41626	1.524019
0.2876384	4.048746	1.416157	1.523908
0.2876801	4.046397	1.416053	1.523796
0.2877218	4.043991	1.41595	1.523685
0.2877635	4.041532	1.415846	1.523574
0.2878052	4.039024	1.415743	1.523462
0.2878469	4.036472	1.415639	1.523351
0.2878885	4.033879	1.415536	1.52324
0.2879302	4.03125	1.415433	1.523129
0.2879719	4.028588	1.415329	1.523017
0.2880136	4.0259	1.415226	1.522906
0.2880553	4.023187	1.415123	1.522795
0.288097	4.020456	1.41502	1.522684
0.2881387	4.017711	1.414917	1.522573
0.2881804	4.014955	1.414813	1.522462
0.2882221	4.012193	1.41471	1.522351
0.2882638	4.00943	1.414607	1.522241
0.2883055	4.006668	1.414504	1.52213
0.2883472	4.003914	1.414402	1.522019
0.2883889	4.001171	1.414299	1.521908
0.2884306	3.998441	1.414196	1.521798
0.2884723	3.995729	1.414093	1.521687
0.288514	3.993041	1.413991	1.521577
0.2885557	3.990377	1.413888	1.521467
0.2885974	3.987744	1.413786	1.521356
0.2886391	3.985143	1.413683	1.521246
0.2886808	3.98258	1.413581	1.521136
0.2887225	3.980055	1.413478	1.521026
0.2887642	3.977574	1.413376	1.520916
0.2888059	3.975138	1.413274	1.520806
0.2888476	3.972754	1.413172	1.520696
0.2888893	3.970419	1.41307	1.520586
0.288931	3.96814	1.412968	1.520477
0.2889727	3.965918	1.412866	1.520367
0.2890144	3.963757	1.412764	1.520257
0.2890561	3.961658	1.412663	1.520148
0.2890978	3.959624	1.412561	1.520039
0.2891395	3.957657	1.41246	1.519929
0.2891812	3.955752	1.412358	1.51982
0.2892229	3.953932	1.412257	1.519711
0.2892646	3.952178	1.412155	1.519602
0.2893063	3.950499	1.412054	1.519493
0.289348	3.948897	1.411953	1.519384
0.2893897	3.947373	1.411852	1.519275
0.2894314	3.945929	1.411751	1.519167
0.2894731	3.944566	1.41165	1.519058
0.2895148	3.943284	1.411549	1.518949
0.2895565	3.942086	1.411448	1.518841
0.2895981	3.940972	1.411347	1.518732
0.2896398	3.939941	1.411247	1.518624
0.2896815	3.938999	1.411146	1.518516
0.2897232	3.938142	1.411045	1.518408
0.2897649	3.937372	1.410945	1.518299
0.2898066	3.936688	1.410844	1.518191
0.2898483	3.936091	1.410744	1.518083
0.28989	3.93558	1.410644	1.517975
0.2899317	3.935156	1.410543	1.517867
0.2899734	3.934816	1.410443	1.517759
0.2900151	3.934564	1.410343	1.517651
0.2900568	3.934397	1.410242	1.517544
0.2900985	3.93431	1.410142	1.517436
0.2901402	3.934307	1.410042	1.517328
0.2901819	3.934383	1.409942	1.51722
0.2902236	3.934538	1.409842	1.517112
0.2902653	3.93477	1.409742	1.517005
0.290307	3.935076	1.409642	1.516897
0.2903487	3.935452	1.409542	1.516789
0.2903904	3.935897	1.409442	1.516682
0.2904321	3.936411	1.409342	1.516574
0.2904738	3.936986	1.409242	1.516466
0.2905155	3.937621	1.409142	1.516359
0.2905572	3.938309	1.409042	1.516251
0.2905989	3.939049	1.408941	1.516144
0.2906406	3.939836	1.408841	1.516036
0.2906823	3.940665	1.408741	1.515928
0.290724	3.941532	1.408641	1.515821
0.2907657	3.942431	1.408541	1.515713
0.2908074	3.943357	1.408441	1.515605
0.2908491	3.944305	1.408341	1.515497
0.2908908	3.945268	1.408241	1.51539
0.2909325	3.946242	1.408141	1.515282
0.2909742	3.94722	1.40804	1.515174
0.2910159	3.948196	1.40794	1.515066
0.2910576	3.949169	1.40784	1.514958
0.2910993	3.950116	1.40774	1.51485
0.291141	3.95105	1.407639	1.514742
0.2911827	3.951955	1.407539	1.514634
0.2912244	3.952825	1.407439	1.514526
0.2912661	3.953655	1.407338	1.514418
0.2913078	3.954438	1.407238	1.51431
0.2913494	3.955168	1.407137	1.514202
0.2913911	3.955837	1.407037	1.514094
0.2914328	3.956441	1.406936	1.513986
0.2914745	3.956973	1.406836	1.513878
0.2915162	3.957427	1.406735	1.513769
0.2915579	3.957798	1.406635	1.513661
0.2915996	3.95808	1.406534	1.513553
0.2916413	3.95827	1.406433	1.513445
0.291683	3.95836	1.406333	1.513336
0.2917247	3.958346	1.406232	1.513228
0.2917664	3.958227	1.406131	1.51312
0.2918081	3.957994	1.406031	1.513011
0.2918498	3.957651	1.40593	1.512903
0.2918915	3.957189	1.405829	1.512794
0.2919332	3.956605	1.405728	1.512686
0.2919749	3.955903	1.405628	1.512577
0.2920166	3.955077	1.405527	1.512469
0.2920583	3.954128	1.405426	1.512361
0.2921	3.953054	1.405325	1.512252
0.2921417	3.951856	1.405224	1.512144
0.2921834	3.950536	1.405124	1.512035
0.2922251	3.949093	1.405023	1.511927
0.2922668	3.94753	1.404922	1.511818
0.2923085	3.945849	1.404821	1.51171
0.2923502	3.944052	1.404721	1.511602
0.2923919	3.942142	1.40462	1.511493
0.2924336	3.940124	1.404519	1.511385
0.2924753	3.938003	1.404419	1.511276
0.292517	3.935783	1.404318	1.511168
0.2925587	3.933468	1.404217	1.51106
0.2926004	3.931065	1.404117	1.510951
0.2926421	3.928581	1.404016	1.510843
0.2926838	3.92602	1.403915	1.510735
0.2927255	3.923391	1.403815	1.510627
0.2927672	3.9207	1.403714	1.510518
0.2928089	3.917956	1.403614	1.51041
0.2928506	3.915166	1.403513	1.510302
0.2928923	3.912339	1.403413	1.510194
0.292934	3.909482	1.403312	1.510086
0.2929757	3.906604	1.403212	1.509978
0.2930174	3.903715	1.403111	1.50987
0.293059	3.900821	1.403011	1.509762
0.2931007	3.897934	1.40291	1.509654
0.2931424	3.895061	1.40281	1.509546
0.2931841	3.892211	1.40271	1.509438
0.2932258	3.889393	1.402609	1.50933
0.2932675	3.886616	1.402509	1.509222
0.2933092	3.883888	1.402409	1.509114
0.2933509	3.881219	1.402309	1.509006
0.2933926	3.878617	1.402208	1.508898
0.2934343	3.876088	1.402108	1.50879
0.293476	3.873642	1.402008	1.508682
0.2935177	3.871286	1.401908	1.508575
0.2935594	3.869025	1.401808	1.508467
0.2936011	3.866867	1.401707	1.508359
0.2936428	3.864819	1.401607	1.508251
0.2936845	3.862888	1.401507	1.508144
0.2937262	3.861078	1.401407	1.508036
0.2937679	3.859395	1.401307	1.507928
0.2938096	3.857841	1.401207	1.507821
0.2938513	3.856422	1.401107	1.507713
0.293893	3.85514	1.401007	1.507606
0.2939347	3.854	1.400907	1.507498
0.2939764	3.853002	1.400807	1.50739
0.2940181	3.85215	1.400707	1.507283
0.2940598	3.851444	1.400608	1.507176
0.2941015	3.850885	1.400508	1.507068
0.2941432	3.850474	1.400408	1.506961
0.2941849	3.850204	1.400308	1.506853
0.2942266	3.85008	1.400208	1.506746
0.2942683	3.850098	1.400109	1.506639
0.29431	3.850256	1.400009	1.506531
0.2943517	3.850553	1.399909	1.506424
0.2943934	3.850982	1.39981	1.506317
0.2944351	3.851545	1.39971	1.50621
0.2944768	3.852222	1.399611	1.506103
0.2945185	3.853023	1.399511	1.505996
0.2945602	3.853937	1.399412	1.505889
0.2946019	3.854957	1.399313	1.505782
0.2946436	3.856077	1.399213	1.505675
0.2946853	3.857291	1.399114	1.505568
0.294727	3.858591	1.399015	1.505462
0.2947687	3.859966	1.398916	1.505355
0.2948103	3.861411	1.398816	1.505248
0.294852	3.862932	1.398717	1.505142
0.2948937	3.864468	1.398618	1.505035
0.2949354	3.866073	1.398519	1.504929
0.2949771	3.867706	1.398421	1.504822
0.2950188	3.86936	1.398322	1.504716
0.2950605	3.871034	1.398223	1.504609
0.2951022	3.87271	1.398124	1.504503
0.2951439	3.874381	1.398025	1.504397
0.2951856	3.876037	1.397927	1.504291
0.2952273	3.877692	1.397828	1.504185
0.295269	3.879271	1.39773	1.504079
0.2953107	3.880826	1.397631	1.503973
0.2953524	3.882334	1.397533	1.503867
0.2953941	3.88378	1.397434	1.503761
0.2954358	3.885156	1.397336	1.503655
0.2954775	3.886456	1.397238	1.503549
0.2955192	3.887671	1.397139	1.503443
0.2955609	3.888794	1.397041	1.503338
0.2956026	3.889828	1.396943	1.503232
0.2956443	3.890736	1.396845	1.503126
0.295686	3.891541	1.396747	1.503021
0.2957277	3.892228	1.396649	1.502915
0.2957694	3.892793	1.39655	1.50281
0.2958111	3.893232	1.396452	1.502704
0.2958528	3.893532	1.396354	1.502599
0.2958945	3.89371	1.396256	1.502493
0.2959362	3.893745	1.396158	1.502388
0.2959779	3.89364	1.39606	1.502282
0.2960196	3.893394	1.395963	1.502177
0.2960613	3.893006	1.395865	1.502072
0.296103	3.892476	1.395767	1.501966
0.2961447	3.891804	1.395669	1.501861
0.2961864	3.890992	1.395571	1.501756
0.2962281	3.89004	1.395473	1.50165
0.2962698	3.888952	1.395375	1.501545
0.2963115	3.88773	1.395277	1.50144
0.2963532	3.886375	1.395179	1.501334
0.2963949	3.884893	1.395081	1.501229
0.2964366	3.883287	1.394984	1.501124
0.2964783	3.881564	1.394886	1.501018
0.29652	3.879728	1.394788	1.500913
0.2965616	3.877785	1.39469	1.500808
0.2966033	3.87574	1.394592	1.500702
0.296645	3.873597	1.394494	1.500597
0.2966867	3.87137	1.394396	1.500492
0.2967284	3.869059	1.394298	1.500386
0.2967701	3.866673	1.3942	1.500281
0.2968118	3.86422	1.394102	1.500175
0.2968535	3.861707	1.394004	1.50007
0.2968952	3.859141	1.393906	1.499965
0.2969369	3.85653	1.393808	1.499859
0.2969786	3.853882	1.393711	1.499754
0.2970203	3.851203	1.393613	1.499648
0.297062	3.848502	1.393515	1.499543
0.2971037	3.845785	1.393417	1.499437
0.2971454	3.843061	1.393319	1.499332
0.2971871	3.840334	1.393221	1.499226
0.2972288	3.837614	1.393123	1.499121
0.2972705	3.834905	1.393025	1.499016
0.2973122	3.832213	1.392927	1.49891
0.2973539	3.829546	1.392829	1.498805
0.2973956	3.826908	1.392731	1.498699
0.2974373	3.824305	1.392633	1.498594
0.297479	3.821741	1.392535	1.498488
0.2975207	3.81922	1.392437	1.498383
0.2975624	3.816746	1.392339	1.498278
0.2976041	3.814324	1.392241	1.498172
0.2976458	3.811955	1.392143	1.498067
0.2976875	3.809643	1.392045	1.497961
0.2977292	3.80739	1.391947	1.497856
0.2977709	3.805198	1.391849	1.497751
0.2978126	3.803067	1.391751	1.497645
0.2978543	3.800999	1.391653	1.49754
0.297896	3.798995	1.391556	1.497435
0.2979377	3.797054	1.391458	1.49733
0.2979794	3.795175	1.39136	1.497224
0.2980211	3.793358	1.391262	1.497119
0.2980628	3.791607	1.391165	1.497014
0.2981045	3.789914	1.391067	1.496909
0.2981462	3.78828	1.390969	1.496804
0.2981879	3.786702	1.390872	1.496699
0.2982296	3.785179	1.390774	1.496594
0.2982712	3.783709	1.390677	1.496489
0.2983129	3.782289	1.390579	1.496384
0.2983546	3.780917	1.390482	1.49628
0.2983963	3.77959	1.390385	1.496175
0.298438	3.778305	1.390287	1.49607
0.2984797	3.777059	1.39019	1.495965
0.2985214	3.775851	1.390093	1.495861
0.2985631	3.774675	1.389996	1.495756
0.2986048	3.773531	1.389899	1.495652
0.2986465	3.772415	1.389802	1.495547
0.2986882	3.771324	1.389705	1.495443
0.2987299	3.770257	1.389608	1.495339
0.2987716	3.76921	1.389511	1.495235
0.2988133	3.768173	1.389414	1.49513
0.298855	3.767171	1.389317	1.495026
0.2988967	3.766174	1.389221	1.494922
0.2989384	3.76519	1.389124	1.494818
0.2989801	3.764218	1.389027	1.494714
0.2990218	3.763257	1.388931	1.49461
0.2990635	3.762306	1.388834	1.494507
0.2991052	3.761364	1.388738	1.494403
0.2991469	3.76043	1.388642	1.494299
0.2991886	3.759506	1.388545	1.494196
0.2992303	3.760139	1.388449	1.494092
0.299272	3.757684	1.388353	1.493989
0.2993137	3.756788	1.388257	1.493885
0.2993554	3.755903	1.388161	1.493782
0.2993971	3.755029	1.388065	1.493679
0.2994388	3.754169	1.387969	1.493575
0.2994805	3.753325	1.387873	1.493472
0.2995222	3.752495	1.387777	1.493369
0.2995639	3.751685	1.387681	1.493266
0.2996056	3.750903	1.387585	1.493163
0.2996473	3.75013	1.38749	1.49306
0.299689	3.749387	1.387394	1.492957
0.2997307	3.748675	1.387298	1.492854
0.2997724	3.747985	1.387203	1.492751
0.2998141	3.747332	1.387107	1.492648
0.2998558	3.746712	1.387011	1.492545
0.2998975	3.746127	1.386916	1.492442
0.2999392	3.745581	1.38682	1.492339
0.2999809	3.745075	1.386725	1.492236
0.3000225	3.744612	1.386629	1.492134
0.3000642	3.744194	1.386534	1.492031
0.3001059	3.743821	1.386438	1.491928
0.3001476	3.743496	1.386343	1.491825
0.3001893	3.74322	1.386247	1.491722
0.300231	3.742993	1.386152	1.49162
0.3002727	3.742818	1.386056	1.491517
0.3003144	3.742694	1.385961	1.491414
0.3003561	3.742622	1.385865	1.491311
0.3003978	3.742602	1.38577	1.491209
0.3004395	3.742633	1.385674	1.491106
0.3004812	3.742716	1.385579	1.491003
0.3005229	3.742848	1.385483	1.4909
0.3005646	3.74303	1.385387	1.490797
0.3006063	3.743259	1.385292	1.490695
0.300648	3.743534	1.385196	1.490592
0.3006897	3.743854	1.385101	1.490489
0.3007314	3.744217	1.385005	1.490386
0.3007731	3.744615	1.38491	1.490283
0.3008148	3.745052	1.384814	1.49018
0.3008565	3.745521	1.384718	1.490077
0.3008982	3.74602	1.384623	1.489974
0.3009399	3.746545	1.384527	1.489871
0.3009816	3.747093	1.384431	1.489768
0.3010233	3.747658	1.384335	1.489665
0.301065	3.74824	1.38424	1.489562
0.3011067	3.74883	1.384144	1.489459
0.3011484	3.749426	1.384048	1.489356
0.3011901	3.750038	1.383952	1.489253
0.3012318	3.750618	1.383856	1.48915
0.3012735	3.751206	1.38376	1.489047
0.3013152	3.751781	1.383665	1.488943
0.3013569	3.752339	1.383569	1.48884
0.3013986	3.752876	1.383473	1.488737
0.3014403	3.753388	1.383377	1.488634
0.301482	3.753871	1.383281	1.48853
0.3015237	3.75432	1.383185	1.488427
0.3015654	3.754731	1.383089	1.488324
0.3016071	3.755101	1.382993	1.488221
0.3016488	3.755427	1.382897	1.488117
0.3016905	3.755704	1.382801	1.488014
0.3017321	3.755929	1.382705	1.48791
0.3017738	3.756101	1.382609	1.487807
0.3018155	3.756216	1.382512	1.487704
0.3018572	3.756273	1.382416	1.4876
0.3018989	3.756268	1.38232	1.487497
0.3019406	3.756202	1.382224	1.487393
0.3019823	3.756072	1.382128	1.48729
0.302024	3.755877	1.382032	1.487186
0.3020657	3.755617	1.381935	1.487083
0.3021074	3.755292	1.381839	1.486979
0.3021491	3.754901	1.381743	1.486875
0.3021908	3.754445	1.381647	1.486772
0.3022325	3.753925	1.38155	1.486668
0.3022742	3.753341	1.381454	1.486565
0.3023159	3.752695	1.381358	1.486461
0.3023576	3.751989	1.381261	1.486357
0.3023993	3.751224	1.381165	1.486254
0.302441	3.750402	1.381069	1.48615
0.3024827	3.749527	1.380972	1.486046
0.3025244	3.7486	1.380876	1.485942
0.3025661	3.747625	1.380779	1.485839
0.3026078	3.746605	1.380683	1.485735
0.3026495	3.745542	1.380586	1.485631
0.3026912	3.744439	1.38049	1.485527
0.3027329	3.743301	1.380394	1.485424
0.3027746	3.74213	1.380297	1.48532
0.3028163	3.740934	1.380201	1.485216
0.302858	3.739712	1.380104	1.485112
0.3028997	3.738469	1.380008	1.485008
0.3029414	3.737209	1.379911	1.484904
0.3029831	3.735935	1.379815	1.484801
0.3030248	3.734653	1.379718	1.484697
0.3030665	3.733363	1.379622	1.484593
0.3031082	3.732071	1.379525	1.484489
0.3031499	3.73078	1.379429	1.484385
0.3031916	3.729493	1.379332	1.484282
0.3032333	3.728214	1.379236	1.484178
0.303275	3.726945	1.37914	1.484074
0.3033167	3.725689	1.379043	1.483971
0.3033584	3.724449	1.378947	1.483867
0.3034001	3.723228	1.378851	1.483763
0.3034418	3.722027	1.378755	1.48366
0.3034834	3.720848	1.378658	1.483556
0.3035251	3.719693	1.378562	1.483453
0.3035668	3.718563	1.378466	1.483349
0.3036085	3.71746	1.37837	1.483246
0.3036502	3.716385	1.378274	1.483143
0.3036919	3.715339	1.378178	1.483039
0.3037336	3.714321	1.378082	1.482936
0.3037753	3.713332	1.377986	1.482833
0.303817	3.712373	1.377891	1.48273
0.3038587	3.711441	1.377795	1.482627
0.3039004	3.710538	1.3777	1.482525
0.3039421	3.709662	1.377604	1.482422
0.3039838	3.708813	1.377509	1.482319
0.3040255	3.707987	1.377414	1.482217
0.3040672	3.707185	1.377318	1.482114
0.3041089	3.706405	1.377223	1.482012
0.3041506	3.705643	1.377128	1.48191
0.3041923	3.704901	1.377034	1.481808
0.304234	3.704174	1.376939	1.481706
0.3042757	3.703459	1.376844	1.481604
0.3043174	3.702754	1.37675	1.481503
0.3043591	3.702057	1.376656	1.481401
0.3044008	3.701365	1.376561	1.4813
0.3044425	3.700675	1.376467	1.481198
0.3044842	3.699984	1.376373	1.481097
0.3045259	3.69929	1.376279	1.480996
0.3045676	3.698589	1.376186	1.480895
0.3046093	3.697878	1.376092	1.480795
0.304651	3.697174	1.375999	1.480694
0.3046927	3.696416	1.375905	1.480594
0.3047344	3.695658	1.375812	1.480493
0.3047761	3.694878	1.375719	1.480393
0.3048178	3.694071	1.375626	1.480293
0.3048595	3.693245	1.375533	1.480193
0.3049012	3.692385	1.37544	1.480093
0.3049429	3.691493	1.375348	1.479994
0.3049846	3.690567	1.375255	1.479894
0.3050263	3.689605	1.375163	1.479794
0.305068	3.688604	1.37507	1.479695
0.3051097	3.687563	1.374978	1.479596
0.3051514	3.686481	1.374886	1.479497
0.3051931	3.685355	1.374794	1.479398
0.3052347	3.684185	1.374702	1.479299
0.3052764	3.68297	1.37461	1.4792
0.3053181	3.681721	1.374518	1.479101
0.3053598	3.680402	1.374427	1.479002
0.3054015	3.679047	1.374335	1.478904
0.3054432	3.677646	1.374243	1.478805
0.3054849	3.676198	1.374152	1.478707
0.3055266	3.674705	1.37406	1.478608
0.3055683	3.673154	1.373969	1.47851
0.30561	3.671584	1.373877	1.478412
0.3056517	3.669958	1.373786	1.478313
0.3056934	3.66829	1.373695	1.478215
0.3057351	3.666582	1.373603	1.478117
0.3057768	3.664835	1.373512	1.478018
0.3058185	3.663055	1.373421	1.47792
0.3058602	3.661241	1.37333	1.477822
0.3059019	3.659396	1.373238	1.477724
0.3059436	3.657523	1.373147	1.477626
0.3059853	3.655625	1.373056	1.477527
0.306027	3.653704	1.372964	1.477429
0.3060687	3.651766	1.372873	1.477331
0.3061104	3.649812	1.372782	1.477232
0.3061521	3.647846	1.37269	1.477134
0.3061938	3.645872	1.372599	1.477036
0.3062355	3.643894	1.372507	1.476937
0.3062772	3.641917	1.372416	1.476839
0.3063189	3.639942	1.372324	1.47674
0.3063606	3.637976	1.372232	1.476641
0.3064023	3.636021	1.372141	1.476543
0.306444	3.634081	1.372049	1.476444
0.3064857	3.632161	1.371957	1.476345
0.3065274	3.630265	1.371865	1.476246
0.3065691	3.628396	1.371773	1.476147
0.3066108	3.626559	1.371681	1.476048
0.3066525	3.624756	1.371589	1.475949
0.3066942	3.622993	1.371497	1.47585
0.3067359	3.621271	1.371404	1.47575
0.3067776	3.619599	1.371312	1.475651
0.3068193	3.617974	1.371219	1.475551
0.306861	3.616402	1.371127	1.475452
0.3069027	3.614885	1.371034	1.475352
0.3069443	3.613427	1.370941	1.475252
0.306986	3.612031	1.370849	1.475152
0.3070277	3.610698	1.370756	1.475052
0.3070694	3.609432	1.370663	1.474952
0.3071111	3.608234	1.37057	1.474852
0.3071528	3.607105	1.370476	1.474752
0.3071945	3.606048	1.370383	1.474651
0.3072362	3.605064	1.37029	1.474551
0.3072779	3.604154	1.370196	1.47445
0.3073196	3.60332	1.370103	1.47435
0.3073613	3.60256	1.370009	1.474249
0.307403	3.601877	1.369916	1.474148
0.3074447	3.601271	1.369822	1.474047
0.3074864	3.600741	1.369728	1.473946
0.3075281	3.600275	1.369634	1.473845
0.3075698	3.599905	1.36954	1.473744
0.3076115	3.5996	1.369446	1.473643
0.3076532	3.599368	1.369352	1.473542
0.3076949	3.599209	1.369258	1.473441
0.3077366	3.599121	1.369164	1.473339
0.3077783	3.599102	1.369069	1.473238
0.30782	3.59915	1.368975	1.473136
0.3078617	3.599263	1.368881	1.473035
0.3079034	3.599438	1.368786	1.472933
0.3079451	3.599675	1.368692	1.472832
0.3079868	3.599969	1.368598	1.47273
0.3080285	3.600319	1.368503	1.472628
0.3080702	3.600722	1.368409	1.472527
0.3081119	3.601174	1.368314	1.472425
0.3081536	3.601672	1.36822	1.472323
0.3081953	3.602213	1.368125	1.472221
0.308237	3.602794	1.36803	1.47212
0.3082787	3.603412	1.367936	1.472018
0.3083204	3.604063	1.367841	1.471916
0.3083621	3.604743	1.367747	1.471814
0.3084038	3.605449	1.367652	1.471713
0.3084455	3.606178	1.367558	1.471611
0.3084872	3.606926	1.367463	1.471509
0.3085289	3.607688	1.367369	1.471408
0.3085706	3.608463	1.367274	1.471306
0.3086123	3.609243	1.36718	1.471204
0.308654	3.610031	1.367085	1.471103
0.3086956	3.610818	1.366991	1.471001
0.3087373	3.611602	1.366897	1.4709
0.308779	3.612379	1.366802	1.470798
0.3088207	3.613146	1.366708	1.470697
0.3088624	3.6139	1.366614	1.470595
0.3089041	3.614638	1.36652	1.470494
0.3089458	3.615355	1.366425	1.470393
0.3089875	3.616049	1.366331	1.470291
0.3090292	3.616716	1.366237	1.47019
0.3090709	3.617353	1.366143	1.470089
0.3091126	3.617957	1.36605	1.469988
0.3091543	3.618524	1.365956	1.469887
0.309196	3.619064	1.365862	1.469786
0.3092377	3.619545	1.365768	1.469685
0.3092794	3.61999	1.365675	1.469585
0.3093211	3.620388	1.365581	1.469484
0.3093628	3.620737	1.365488	1.469384
0.3094045	3.621035	1.365394	1.469283
0.3094462	3.62128	1.365301	1.469183
0.3094879	3.621469	1.365208	1.469082
0.3095296	3.6216	1.365115	1.468982
0.3095713	3.621673	1.365022	1.468882
0.309613	3.621684	1.364929	1.468782
0.3096547	3.621633	1.364836	1.468682
0.3096964	3.621518	1.364743	1.468582
0.3097381	3.621337	1.364651	1.468483
0.3097798	3.621091	1.364558	1.468383
0.3098215	3.620777	1.364466	1.468284
0.3098632	3.620396	1.364373	1.468184
0.3099049	3.619946	1.364281	1.468085
0.3099466	3.619427	1.364189	1.467986
0.3099883	3.618839	1.364097	1.467887
0.31003	3.618182	1.364005	1.467788
0.3100717	3.617455	1.363913	1.467689
0.3101134	3.616659	1.363821	1.46759
0.3101551	3.615794	1.36373	1.467492
0.3101968	3.614863	1.363638	1.467393
0.3102385	3.613864	1.363547	1.467295
0.3102802	3.6128	1.363456	1.467197
0.3103219	3.611673	1.363364	1.467099
0.3103636	3.610481	1.363273	1.467001
0.3104052	3.609229	1.363182	1.466903
0.3104469	3.607917	1.363091	1.466805
0.3104886	3.606548	1.363001	1.466707
0.3105303	3.605126	1.36291	1.46661
0.310572	3.603651	1.362819	1.466512
0.3106137	3.602127	1.362729	1.466415
0.3106554	3.600556	1.362639	1.466318
0.3106971	3.598941	1.362548	1.466221
0.3107388	3.597287	1.362458	1.466124
0.3107805	3.595639	1.362368	1.466027
0.3108222	3.593872	1.362278	1.46593
0.3108639	3.592119	1.362188	1.465833
0.3109056	3.590341	1.362099	1.465736
0.3109473	3.588542	1.362009	1.46564
0.310989	3.586727	1.361919	1.465543
0.3110307	3.584898	1.36183	1.465447
0.3110724	3.583062	1.36174	1.465351
0.3111141	3.581222	1.361651	1.465254
0.3111558	3.579383	1.361561	1.465158
0.3111975	3.577549	1.361472	1.465062
0.3112392	3.575726	1.361383	1.464966
0.3112809	3.573917	1.361293	1.46487
0.3113226	3.572127	1.361204	1.464774
0.3113643	3.570362	1.361115	1.464678
0.311406	3.568624	1.361026	1.464582
0.3114477	3.566919	1.360937	1.464486
0.3114894	3.565251	1.360848	1.46439
0.3115311	3.563624	1.360759	1.464295
0.3115728	3.562042	1.36067	1.464199
0.3116145	3.560508	1.36058	1.464103
0.3116562	3.559027	1.360491	1.464007
0.3116979	3.557604	1.360402	1.463911
0.3117396	3.556238	1.360313	1.463815
0.3117813	3.554935	1.360224	1.463719
0.311823	3.553696	1.360135	1.463623
0.3118647	3.552525	1.360046	1.463527
0.3119064	3.551423	1.359956	1.463431
0.3119481	3.550392	1.359867	1.463335
0.3119898	3.549434	1.359778	1.463239
0.3120315	3.548551	1.359688	1.463143
0.3120732	3.547741	1.359599	1.463046
0.3121149	3.547007	1.359509	1.46295
0.3121565	3.546349	1.359419	1.462854
0.3121982	3.545765	1.35933	1.462757
0.3122399	3.545255	1.35924	1.46266
0.3122816	3.544814	1.35915	1.462564
0.3123233	3.544456	1.35906	1.462467
0.312365	3.544163	1.35897	1.46237
0.3124067	3.543939	1.35888	1.462273
0.3124484	3.54378	1.35879	1.462176
0.3124901	3.543685	1.3587	1.462079
0.3125318	3.543649	1.358609	1.461982
0.3125735	3.543671	1.358519	1.461885
0.3126152	3.543746	1.358428	1.461787
0.3126569	3.54387	1.358338	1.46169
0.3126986	3.544039	1.358247	1.461592
0.3127403	3.544249	1.358156	1.461494
0.312782	3.544494	1.358066	1.461397
0.3128237	3.54477	1.357975	1.461299
0.3128654	3.545071	1.357884	1.461201
0.3129071	3.545394	1.357793	1.461103
0.3129488	3.545731	1.357702	1.461005
0.3129905	3.546078	1.35761	1.460907
0.3130322	3.546428	1.357519	1.460809
0.3130739	3.546776	1.357428	1.46071
0.3131156	3.547117	1.357336	1.460612
0.3131573	3.547444	1.357245	1.460514
0.313199	3.547752	1.357154	1.460415
0.3132407	3.548035	1.357062	1.460317
0.3132824	3.548288	1.356971	1.460218
0.3133241	3.548504	1.356879	1.46012
0.3133658	3.548678	1.356788	1.460021
0.3134075	3.548804	1.356696	1.459923
0.3134492	3.548881	1.356605	1.459824
0.3134909	3.548896	1.356513	1.459726
0.3135326	3.548851	1.356421	1.459627
0.3135743	3.54874	1.35633	1.459529
0.313616	3.548557	1.356238	1.45943
0.3136577	3.548298	1.356147	1.459332
0.3136994	3.54796	1.356055	1.459233
0.3137411	3.547539	1.355964	1.459135
0.3137828	3.547033	1.355872	1.459036
0.3138245	3.546437	1.355781	1.458938
0.3138662	3.545748	1.355689	1.45884
0.3139078	3.544968	1.355598	1.458741
0.3139495	3.544092	1.355507	1.458643
0.3139912	3.543117	1.355416	1.458545
0.3140329	3.542044	1.355324	1.458447
0.3140746	3.540871	1.355233	1.458349
0.3141163	3.539598	1.355142	1.458251
0.314158	3.538226	1.355051	1.458153
0.3141997	3.536754	1.35496	1.458055
0.3142414	3.535183	1.354869	1.457957
0.3142831	3.533514	1.354778	1.457859
0.3143248	3.531748	1.354688	1.457762
0.3143665	3.529886	1.354597	1.457664
0.3144082	3.527988	1.354506	1.457567
0.3144499	3.525889	1.354416	1.457469
0.3144916	3.523758	1.354325	1.457372
0.3145333	3.521536	1.354235	1.457275
0.314575	3.519248	1.354145	1.457177
0.3146167	3.516877	1.354055	1.45708
0.3146584	3.514432	1.353964	1.456983
0.3147001	3.51192	1.353874	1.456886
0.3147418	3.509345	1.353784	1.45679
0.3147835	3.506712	1.353694	1.456693
0.3148252	3.504025	1.353604	1.456596
0.3148669	3.501292	1.353515	1.456499
0.3149086	3.498518	1.353425	1.456403
0.3149503	3.495709	1.353335	1.456306
0.314992	3.492871	1.353246	1.45621
0.3150337	3.49001	1.353156	1.456114
0.3150754	3.487132	1.353067	1.456017
0.3151171	3.484247	1.352977	1.455921
0.3151588	3.481359	1.352888	1.455825
0.3152005	3.478475	1.352798	1.455729
0.3152422	3.475602	1.352709	1.455633
0.3152839	3.472748	1.35262	1.455537
0.3153256	3.469939	1.352531	1.455441
0.3153673	3.467124	1.352442	1.455345
0.315409	3.464367	1.352353	1.455249
0.3154507	3.461658	1.352264	1.455153
0.3154924	3.459002	1.352175	1.455057
0.3155341	3.456406	1.352086	1.454962
0.3155758	3.453876	1.351997	1.454866
0.3156174	3.451421	1.351908	1.45477
0.3156591	3.449047	1.351819	1.454675
0.3157008	3.446759	1.35173	1.454579
0.3157425	3.444563	1.351641	1.454483
0.3157842	3.442465	1.351552	1.454388
0.3158259	3.440469	1.351464	1.454292
0.3158676	3.438585	1.351375	1.454197
0.3159093	3.436813	1.351286	1.454101
0.315951	3.43516	1.351197	1.454006
0.3159927	3.43363	1.351109	1.45391
0.3160344	3.432227	1.35102	1.453815
0.3160761	3.430954	1.350931	1.453719
0.3161178	3.429815	1.350842	1.453624
0.3161595	3.428812	1.350754	1.453528
0.3162012	3.427946	1.350665	1.453433
0.3162429	3.427221	1.350576	1.453337
0.3162846	3.426645	1.350487	1.453242
0.3163263	3.426195	1.350399	1.453147
0.316368	3.425903	1.35031	1.453051
0.3164097	3.425751	1.350221	1.452956
0.3164514	3.425742	1.350133	1.45286
0.3164931	3.425876	1.350044	1.452765
0.3165348	3.42615	1.349955	1.452669
0.3165765	3.426564	1.349867	1.452574
0.3166182	3.427115	1.349778	1.452478
0.3166599	3.427801	1.349689	1.452383
0.3167016	3.42862	1.3496	1.452287
0.3167433	3.429566	1.349512	1.452192
0.316785	3.430637	1.349423	1.452096
0.3168267	3.431828	1.349334	1.452001
0.3168684	3.433134	1.349245	1.451905
0.3169101	3.43455	1.349157	1.45181
0.3169518	3.436071	1.349068	1.451714
0.3169935	3.437691	1.348979	1.451619
0.3170352	3.439405	1.348891	1.451524
0.3170769	3.441207	1.348802	1.451428
0.3171186	3.443088	1.348713	1.451333
0.3171603	3.445043	1.348624	1.451237
0.317202	3.447065	1.348536	1.451142
0.3172437	3.449146	1.348447	1.451046
0.3172854	3.451279	1.348358	1.450951
0.3173271	3.453458	1.34827	1.450856
0.3173687	3.455674	1.348181	1.45076
0.3174104	3.45792	1.348092	1.450665
0.3174521	3.460188	1.348004	1.450569
0.3174938	3.462471	1.347915	1.450474
0.3175355	3.464761	1.347827	1.450379
0.3175772	3.46705	1.347738	1.450283
0.3176189	3.469331	1.34765	1.450188
0.3176606	3.471598	1.347561	1.450093
0.3177023	3.473842	1.347472	1.449998
0.317744	3.476056	1.347384	1.449902
0.3177857	3.478234	1.347295	1.449807
0.3178274	3.480368	1.347207	1.449712
0.3178691	3.482453	1.347119	1.449617
0.3179108	3.484483	1.34703	1.449522
0.3179525	3.486451	1.346942	1.449426
0.3179942	3.48835	1.346853	1.449331
0.3180359	3.490177	1.346765	1.449236
0.3180776	3.491925	1.346677	1.449141
0.3181193	3.49359	1.346588	1.449046
0.318161	3.495167	1.3465	1.448951
0.3182027	3.496653	1.346412	1.448856
0.3182444	3.498043	1.346323	1.448761
0.3182861	3.499334	1.346235	1.448666
0.3183278	3.500522	1.346147	1.448571
0.3183695	3.501604	1.346059	1.448476
0.3184112	3.502578	1.345971	1.448381
0.3184529	3.503442	1.345882	1.448286
0.3184946	3.504194	1.345794	1.448192
0.3185363	3.504833	1.345706	1.448097
0.318578	3.505356	1.345618	1.448002
0.3186197	3.505765	1.34553	1.447907
0.3186614	3.506056	1.345442	1.447812
0.3187031	3.50623	1.345354	1.447717
0.3187448	3.506287	1.345265	1.447623
0.3187865	3.506242	1.345177	1.447528
0.3188282	3.506053	1.345089	1.447433
0.3188699	3.505764	1.345001	1.447338
0.3189116	3.50536	1.344913	1.447243
0.3189533	3.504844	1.344825	1.447149
0.318995	3.504216	1.344737	1.447054
0.3190367	3.503477	1.344649	1.446959
0.3190784	3.502632	1.344561	1.446864
0.31912	3.501681	1.344473	1.44677
0.3191617	3.500626	1.344385	1.446675
0.3192034	3.499471	1.344297	1.44658
0.3192451	3.498218	1.344209	1.446486
0.3192868	3.496869	1.344121	1.446391
0.3193285	3.495399	1.344033	1.446296
0.3193702	3.493894	1.343945	1.446201
0.3194119	3.492267	1.343857	1.446107
0.3194536	3.490571	1.343769	1.446012
0.3194953	3.488786	1.343681	1.445918
0.319537	3.486924	1.343593	1.445823
0.3195787	3.484988	1.343505	1.445728
0.3196204	3.482981	1.343417	1.445634
0.3196621	3.480906	1.343329	1.445539
0.3197038	3.478766	1.343242	1.445445
0.3197455	3.476565	1.343154	1.44535
0.3197872	3.474305	1.343066	1.445256
0.3198289	3.471991	1.342978	1.445161
0.3198706	3.469626	1.342891	1.445067
0.3199123	3.467214	1.342803	1.444973
0.319954	3.464756	1.342715	1.444878
0.3199957	3.462257	1.342628	1.444784
0.3200374	3.459719	1.34254	1.44469
0.3200791	3.457147	1.342453	1.444596
0.3201208	3.454542	1.342365	1.444502
0.3201625	3.451909	1.342278	1.444407
0.3202042	3.44925	1.34219	1.444313
0.3202459	3.446568	1.342103	1.444219
0.3202876	3.443866	1.342016	1.444125
0.3203293	3.44115	1.341928	1.444032
0.320371	3.438413	1.341841	1.443938
0.3204127	3.435668	1.341754	1.443844
0.3204544	3.432914	1.341667	1.44375
0.3204961	3.430155	1.34158	1.443657
0.3205378	3.427391	1.341493	1.443563
0.3205795	3.424628	1.341406	1.443469
0.3206212	3.421865	1.341319	1.443376
0.3206629	3.419108	1.341232	1.443282
0.3207046	3.416354	1.341145	1.443189
0.3207463	3.413611	1.341059	1.443096
0.320788	3.410879	1.340972	1.443002
0.3208296	3.40816	1.340885	1.442909
0.3208713	3.405457	1.340799	1.442816
0.320913	3.402772	1.340712	1.442723
0.3209547	3.400107	1.340625	1.44263
0.3209964	3.397464	1.340539	1.442536
0.3210381	3.394845	1.340452	1.442443
0.3210798	3.392252	1.340366	1.44235
0.3211215	3.389688	1.34028	1.442257
0.3211632	3.387154	1.340193	1.442164
0.3212049	3.384652	1.340107	1.442071
0.3212466	3.382184	1.34002	1.441979
0.3212883	3.379752	1.339934	1.441886
0.32133	3.377358	1.339848	1.441793
0.3213717	3.375004	1.339762	1.4417
0.3214134	3.372681	1.339675	1.441607
0.3214551	3.370422	1.339589	1.441514
0.3214968	3.36821	1.339503	1.441421
0.3215385	3.36602	1.339416	1.441329
0.3215802	3.363891	1.33933	1.441236
0.3216219	3.361812	1.339244	1.441143
0.3216636	3.359785	1.339158	1.44105
0.3217053	3.357811	1.339071	1.440957
0.321747	3.355892	1.338985	1.440864
0.3217887	3.35403	1.338899	1.440771
0.3218304	3.352219	1.338812	1.440678
0.3218721	3.350479	1.338726	1.440586
0.3219138	3.348793	1.33864	1.440493
0.3219555	3.347167	1.338553	1.4404
0.3219972	3.345608	1.338467	1.440307
0.3220389	3.344111	1.33838	1.440214
0.3220806	3.342679	1.338294	1.440121
0.3221223	3.341313	1.338207	1.440027
0.322164	3.340012	1.338121	1.439934
0.3222057	3.338732	1.338034	1.439841
0.3222474	3.337613	1.337948	1.439748
0.3222891	3.336516	1.337861	1.439655
0.3223308	3.335487	1.337775	1.439562
0.3223725	3.334528	1.337688	1.439468
0.3224142	3.333638	1.337601	1.439375
0.3224559	3.332817	1.337515	1.439282
0.3224976	3.332064	1.337428	1.439189
0.3225393	3.331379	1.337341	1.439095
0.3225809	3.330763	1.337254	1.439002
0.3226226	3.330213	1.337168	1.438909
0.3226643	3.329732	1.337081	1.438815
0.322706	3.32932	1.336994	1.438722
0.3227477	3.328964	1.336907	1.438628
0.3227894	3.328677	1.33682	1.438535
0.3228311	3.328452	1.336733	1.438441
0.3228728	3.328288	1.336647	1.438348
0.3229145	3.328184	1.33656	1.438254
0.3229562	3.328137	1.336473	1.438161
0.3229979	3.328147	1.336386	1.438067
0.3230396	3.328212	1.336299	1.437974
0.3230813	3.328329	1.336212	1.437881
0.323123	3.328495	1.336125	1.437787
0.3231647	3.32871	1.336039	1.437694
0.3232064	3.328971	1.335952	1.4376
0.3232481	3.329276	1.335865	1.437507
0.3232898	3.329622	1.335778	1.437413
0.3233315	3.330008	1.335691	1.43732
0.3233732	3.33043	1.335605	1.437227
0.3234149	3.330887	1.335518	1.437133
0.3234566	3.331375	1.335431	1.43704
0.3234983	3.331895	1.335344	1.436947
0.32354	3.33244	1.335258	1.436854
0.3235817	3.333011	1.335171	1.43676
0.3236234	3.333605	1.335085	1.436667
0.3236651	3.334221	1.334998	1.436574
0.3237068	3.334854	1.334912	1.436481
0.3237485	3.335504	1.334825	1.436388
0.3237902	3.33617	1.334739	1.436295
0.3238319	3.336848	1.334652	1.436202
0.3238736	3.33754	1.334566	1.436109
0.3239153	3.338241	1.33448	1.436016
0.323957	3.338952	1.334393	1.435923
0.3239987	3.33967	1.334307	1.43583
0.3240404	3.340395	1.334221	1.435738
0.3240821	3.341126	1.334135	1.435645
0.3241238	3.341862	1.334049	1.435552
0.3241655	3.342602	1.333963	1.43546
0.3242072	3.343347	1.333877	1.435367
0.3242489	3.344096	1.333791	1.435275
0.3242905	3.344849	1.333705	1.435182
0.3243322	3.345605	1.333619	1.43509
0.3243739	3.346366	1.333533	1.434997
0.3244156	3.34713	1.333447	1.434905
0.3244573	3.3479	1.333361	1.434813
0.324499	3.348674	1.333276	1.434721
0.3245407	3.349454	1.33319	1.434628
0.3245824	3.350241	1.333104	1.434536
0.3246241	3.351033	1.333019	1.434444
0.3246658	3.351834	1.332933	1.434352
0.3247075	3.352643	1.332848	1.43426
0.3247492	3.353461	1.332762	1.434168
0.3247909	3.354288	1.332677	1.434076
0.3248326	3.355127	1.332592	1.433984
0.3248743	3.355975	1.332506	1.433893
0.324916	3.356836	1.332421	1.433801
0.3249577	3.357708	1.332336	1.433709
0.3249994	3.358593	1.33225	1.433617
0.3250411	3.35949	1.332165	1.433525
0.3250828	3.360399	1.33208	1.433434
0.3251245	3.36132	1.331995	1.433342
0.3251662	3.362253	1.33191	1.43325
0.3252079	3.363197	1.331824	1.433159
0.3252496	3.364151	1.331739	1.433067
0.3252913	3.365115	1.331654	1.432976
0.325333	3.366087	1.331569	1.432884
0.3253747	3.367065	1.331484	1.432793
0.3254164	3.368049	1.331399	1.432701
0.3254581	3.369034	1.331314	1.43261
0.3254998	3.37002	1.331229	1.432518
0.3255415	3.37095	1.331144	1.432427
0.3255832	3.371982	1.331059	1.432335
0.3256249	3.372952	1.330974	1.432244
0.3256666	3.37391	1.330889	1.432153
0.3257083	3.374853	1.330804	1.432061
0.32575	3.375776	1.33072	1.43197
0.3257917	3.376675	1.330635	1.431879
0.3258334	3.377547	1.33055	1.431787
0.3258751	3.378386	1.330465	1.431696
0.3259168	3.379187	1.33038	1.431605
0.3259585	3.379946	1.330295	1.431513
0.3260002	3.380658	1.33021	1.431422
0.3260418	3.381316	1.330126	1.431331
0.3260835	3.381917	1.330041	1.43124
0.3261252	3.382455	1.329956	1.431148
0.3261669	3.382924	1.329871	1.431057
0.3262086	3.38332	1.329787	1.430966
0.3262503	3.383636	1.329702	1.430875
0.326292	3.383868	1.329617	1.430784
0.3263337	3.38401	1.329532	1.430693
0.3263754	3.384058	1.329448	1.430601
0.3264171	3.384006	1.329363	1.43051
0.3264588	3.38385	1.329278	1.430419
0.3265005	3.383586	1.329194	1.430328
0.3265422	3.38321	1.329109	1.430237
0.3265839	3.382718	1.329024	1.430146
0.3266256	3.382108	1.32894	1.430055
0.3266673	3.381373	1.328855	1.429964
0.326709	3.380518	1.328771	1.429873
0.3267507	3.379526	1.328686	1.429782
0.3267924	3.37841	1.328602	1.429691
0.3268341	3.377165	1.328517	1.4296
0.3268758	3.375787	1.328432	1.429509
0.3269175	3.374278	1.328348	1.429418
0.3269592	3.372638	1.328263	1.429327
0.3270009	3.370867	1.328179	1.429236
0.3270426	3.368967	1.328094	1.429145
0.3270843	3.366938	1.32801	1.429054
0.327126	3.364785	1.327926	1.428963
0.3271677	3.36251	1.327841	1.428873
0.3272094	3.360117	1.327757	1.428782
0.3272511	3.35761	1.327672	1.428691
0.3272928	3.354992	1.327588	1.4286
0.3273345	3.352269	1.327504	1.428509
0.3273762	3.349446	1.327419	1.428418
0.3274179	3.346529	1.327335	1.428328
0.3274596	3.343526	1.32725	1.428237
0.3275013	3.340442	1.327166	1.428146
0.327543	3.337219	1.327082	1.428055
0.3275847	3.334062	1.326997	1.427965
0.3276264	3.330782	1.326913	1.427874
0.3276681	3.327451	1.326829	1.427783
0.3277098	3.324079	1.326744	1.427692
0.3277515	3.320674	1.32666	1.427601
0.3277931	3.317245	1.326576	1.427511
0.3278348	3.3138	1.326491	1.42742
0.3278765	3.310348	1.326407	1.427329
0.3279182	3.306897	1.326322	1.427238
0.3279599	3.303495	1.326238	1.427147
0.3280016	3.30004	1.326153	1.427056
0.3280433	3.296649	1.326069	1.426966
0.328085	3.293294	1.325985	1.426875
0.3281267	3.289983	1.3259	1.426784
0.3281684	3.286725	1.325815	1.426693
0.3282101	3.283526	1.325731	1.426602
0.3282518	3.280394	1.325646	1.426511
0.3282935	3.277336	1.325562	1.42642
0.3283352	3.274359	1.325477	1.426329
0.3283769	3.271467	1.325392	1.426238
0.3284186	3.268664	1.325308	1.426146
0.3284603	3.265961	1.325223	1.426055
0.328502	3.263359	1.325138	1.425964
0.3285437	3.260862	1.325054	1.425873
0.3285854	3.258473	1.324969	1.425782
0.3286271	3.256195	1.324884	1.42569
0.3286688	3.254031	1.324799	1.425599
0.3287105	3.251982	1.324714	1.425508
0.3287522	3.250052	1.324629	1.425416
0.3287939	3.248234	1.324544	1.425325
0.3288356	3.246532	1.324459	1.425233
0.3288773	3.244945	1.324374	1.425142
0.328919	3.243472	1.324289	1.42505
0.3289607	3.24211	1.324204	1.424959
0.3290024	3.240859	1.324119	1.424867
0.3290441	3.239716	1.324034	1.424776
0.3290858	3.238675	1.323949	1.424684
0.3291275	3.237735	1.323864	1.424593
0.3291692	3.236887	1.323779	1.424501
0.3292109	3.236135	1.323694	1.42441
0.3292526	3.235467	1.323609	1.424318
0.3292943	3.23488	1.323524	1.424227
0.329336	3.23437	1.323439	1.424135
0.3293777	3.233931	1.323354	1.424044
0.3294194	3.233555	1.323269	1.423952
0.3294611	3.233239	1.323184	1.423861
0.3295027	3.232976	1.323099	1.423769
0.3295444	3.23276	1.323014	1.423678
0.3295861	3.232585	1.322929	1.423586
0.3296278	3.232445	1.322844	1.423495
0.3296695	3.232335	1.322759	1.423404
0.3297112	3.23225	1.322674	1.423313
0.3297529	3.232183	1.32259	1.423221
0.3297946	3.232131	1.322505	1.42313
0.3298363	3.232086	1.32242	1.423039
0.329878	3.232045	1.322336	1.422949
0.3299197	3.232005	1.322252	1.422858
0.3299614	3.23196	1.322167	1.422767
0.3300031	3.231908	1.322083	1.422676
0.3300448	3.231845	1.321999	1.422586
0.3300865	3.231769	1.321915	1.422495
0.3301282	3.231676	1.321831	1.422405
0.3301699	3.231564	1.321747	1.422315
0.3302116	3.231433	1.321663	1.422224
0.3302533	3.231282	1.321579	1.422134
0.330295	3.231107	1.321496	1.422044
0.3303367	3.230917	1.321412	1.421955
0.3303784	3.230703	1.321329	1.421865
0.3304201	3.230469	1.321246	1.421775
0.3304618	3.230215	1.321163	1.421686
0.3305035	3.229945	1.32108	1.421597
0.3305452	3.229658	1.320997	1.421507
0.3305869	3.229359	1.320914	1.421418
0.3306286	3.229049	1.320831	1.421329
0.3306703	3.22873	1.320749	1.42124
0.330712	3.228408	1.320666	1.421151
0.3307537	3.228084	1.320584	1.421063
0.3307954	3.227763	1.320501	1.420974
0.3308371	3.227449	1.320419	1.420886
0.3308788	3.227145	1.320337	1.420797
0.3309205	3.226856	1.320255	1.420709
0.3309622	3.226585	1.320173	1.420621
0.3310039	3.226339	1.320091	1.420533
0.3310456	3.226119	1.32001	1.420445
0.3310873	3.225931	1.319928	1.420357
0.331129	3.225778	1.319846	1.420269
0.3311707	3.225663	1.319765	1.420182
0.3312124	3.225597	1.319683	1.420094
0.331254	3.225575	1.319602	1.420007
0.3312957	3.225605	1.319521	1.419919
0.3313374	3.225689	1.31944	1.419832
0.3313791	3.22583	1.319358	1.419744
0.3314208	3.226029	1.319277	1.419657
0.3314625	3.226294	1.319196	1.41957
0.3315042	3.226622	1.319115	1.419482
0.3315459	3.227015	1.319034	1.419395
0.3315876	3.227475	1.318953	1.419308
0.3316293	3.228004	1.318872	1.419221
0.331671	3.2286	1.318791	1.419134
0.3317127	3.22927	1.31871	1.419047
0.3317544	3.230003	1.318629	1.418959
0.3317961	3.230798	1.318548	1.418872
0.3318378	3.231673	1.318467	1.418785
0.3318795	3.232603	1.318386	1.418698
0.3319212	3.233599	1.318305	1.418611
0.3319629	3.234653	1.318224	1.418524
0.3320046	3.235765	1.318143	1.418436
0.3320463	3.236929	1.318062	1.418349
0.332088	3.238142	1.317981	1.418262
0.3321297	3.239401	1.3179	1.418175
0.3321714	3.2407	1.317818	1.418087
0.3322131	3.242035	1.317737	1.418
0.3322548	3.2434	1.317656	1.417912
0.3322965	3.24479	1.317575	1.417825
0.3323382	3.2462	1.317493	1.417737
0.3323799	3.247623	1.317412	1.41765
0.3324216	3.249052	1.31733	1.417562
0.3324633	3.250481	1.317249	1.417474
0.332505	3.251906	1.317167	1.417386
0.3325467	3.253318	1.317085	1.417298
0.3325884	3.254709	1.317004	1.41721
0.3326301	3.256075	1.316922	1.417122
0.3326718	3.257406	1.31684	1.417034
0.3327135	3.258698	1.316758	1.416946
0.3327552	3.259945	1.316676	1.416858
0.3327969	3.261138	1.316594	1.416769
0.3328386	3.262271	1.316511	1.416681
0.3328803	3.263339	1.316429	1.416592
0.332922	3.264335	1.316347	1.416504
0.3329636	3.265253	1.316264	1.416415
0.3330053	3.266087	1.316182	1.416326
0.333047	3.266833	1.316099	1.416237
0.3330887	3.267485	1.316017	1.416148
0.3331304	3.268038	1.315934	1.416059
0.3331721	3.26849	1.315851	1.41597
0.3332138	3.268835	1.315768	1.415881
0.3332555	3.269082	1.315685	1.415792
0.3332972	3.269193	1.315602	1.415703
0.3333389	3.269199	1.315519	1.415613
0.3333806	3.269088	1.315436	1.415524
0.3334223	3.268858	1.315353	1.415434
0.333464	3.268508	1.31527	1.415345
0.3335057	3.268038	1.315187	1.415255
0.3335474	3.267447	1.315103	1.415166
0.3335891	3.266736	1.31502	1.415076
0.3336308	3.265905	1.314937	1.414986
0.3336725	3.264955	1.314853	1.414896
0.3337142	3.263888	1.31477	1.414807
0.3337559	3.262708	1.314686	1.414717
0.3337976	3.261417	1.314603	1.414627
0.3338393	3.260019	1.314519	1.414537
0.333881	3.258516	1.314436	1.414447
0.3339227	3.256911	1.314352	1.414357
0.3339644	3.255216	1.314268	1.414267
0.3340061	3.253427	1.314185	1.414177
0.3340478	3.251552	1.314101	1.414087
0.3340895	3.249598	1.314017	1.413997
0.3341312	3.24757	1.313934	1.413907
0.3341729	3.245475	1.31385	1.413817
0.3342146	3.243317	1.313767	1.413727
0.3342563	3.241105	1.313683	1.413637
0.334298	3.238844	1.313599	1.413547
0.3343397	3.236541	1.313516	1.413457
0.3343814	3.234204	1.313432	1.413367
0.3344231	3.231839	1.313348	1.413277
0.3344648	3.229452	1.313265	1.413187
0.3345065	3.227052	1.313181	1.413097
0.3345482	3.224644	1.313098	1.413007
0.3345899	3.222235	1.313014	1.412918
0.3346316	3.219832	1.312931	1.412828
0.3346733	3.217442	1.312847	1.412738
0.3347149	3.21507	1.312764	1.412648
0.3347566	3.212722	1.312681	1.412559
0.3347983	3.210405	1.312597	1.412469
0.33484	3.208123	1.312514	1.412379
0.3348817	3.205882	1.312431	1.41229
0.3349234	3.203686	1.312348	1.4122
0.3349651	3.20154	1.312265	1.412111
0.3350068	3.199448	1.312182	1.412022
0.3350485	3.197416	1.312099	1.411932
0.3350902	3.19544	1.312016	1.411843
0.3351319	3.193531	1.311933	1.411754
0.3351736	3.191688	1.31185	1.411665
0.3352153	3.189911	1.311767	1.411576
0.335257	3.188212	1.311685	1.411487
0.3352987	3.186569	1.311602	1.411398
0.3353404	3.185005	1.311519	1.411309
0.3353821	3.183514	1.311437	1.41122
0.3354238	3.182094	1.311354	1.411131
0.3354655	3.180745	1.311272	1.411043
0.3355072	3.179467	1.31119	1.410954
0.3355489	3.178257	1.311107	1.410865
0.3355906	3.177115	1.311025	1.410777
0.3356323	3.176038	1.310943	1.410689
0.335674	3.175025	1.310861	1.4106
0.3357157	3.174073	1.310779	1.410512
0.3357574	3.173179	1.310697	1.410424
0.3357991	3.17233	1.310615	1.410336
0.3358408	3.171553	1.310534	1.410248
0.3358825	3.170814	1.310452	1.41016
0.3359242	3.170118	1.31037	1.410072
0.3359659	3.169469	1.310289	1.409985
0.3360076	3.168853	1.310207	1.409897
0.3360493	3.168271	1.310126	1.409809
0.336091	3.167721	1.310045	1.409722
0.3361327	3.167196	1.309963	1.409635
0.3361744	3.166694	1.309882	1.409547
0.3362161	3.166211	1.309801	1.40946
0.3362578	3.165742	1.30972	1.409373
0.3362995	3.165285	1.309639	1.409286
0.3363412	3.164836	1.309559	1.409199
0.3363829	3.164392	1.309478	1.409112
0.3364246	3.163272	1.309397	1.409025
0.3364662	3.163506	1.309316	1.408938
0.3365079	3.163059	1.309236	1.408852
0.3365496	3.162605	1.309156	1.408765
0.3365913	3.162143	1.309075	1.408679
0.336633	3.16167	1.308995	1.408592
0.3366747	3.161185	1.308915	1.408506
0.3367164	3.160685	1.308834	1.40842
0.3367581	3.160169	1.308754	1.408333
0.3367998	3.159637	1.308674	1.408247
0.3368415	3.159089	1.308594	1.408161
0.3368832	3.158522	1.308514	1.408075
0.3369249	3.157938	1.308434	1.407989
0.3369666	3.157335	1.308354	1.407903
0.3370083	3.156715	1.308275	1.407817
0.33705	3.156076	1.308195	1.407731
0.3370917	3.15542	1.308115	1.407646
0.3371334	3.154749	1.308035	1.40756
0.3371751	3.154061	1.307956	1.407474
0.3372168	3.153359	1.307876	1.407388
0.3372585	3.152645	1.307797	1.407303
0.3373002	3.151918	1.307717	1.407217
0.3373419	3.151182	1.307637	1.407132
0.3373836	3.150436	1.307558	1.407046
0.3374253	3.149684	1.307478	1.40696
0.337467	3.148926	1.307399	1.406875
0.3375087	3.148164	1.307319	1.406789
0.3375504	3.1474	1.30724	1.406704
0.3375921	3.146642	1.30716	1.406618
0.3376338	3.145874	1.307081	1.406533
0.3376755	3.145114	1.307001	1.406447
0.3377172	3.144358	1.306922	1.406361
0.3377589	3.14361	1.306842	1.406276
0.3378006	3.142869	1.306763	1.40619
0.3378423	3.142136	1.306683	1.406105
0.337884	3.141414	1.306603	1.406019
0.3379257	3.140703	1.306524	1.405933
0.3379674	3.140004	1.306444	1.405847
0.3380091	3.139318	1.306364	1.405762
0.3380508	3.138646	1.306285	1.405676
0.3380925	3.137988	1.306205	1.40559
0.3381342	3.137345	1.306125	1.405504
0.3381758	3.136717	1.306045	1.405418
0.3382175	3.136103	1.305966	1.405333
0.3382592	3.135505	1.305886	1.405247
0.3383009	3.134922	1.305806	1.405161
0.3383426	3.134354	1.305726	1.405075
0.3383843	3.133799	1.305646	1.404989
0.338426	3.133258	1.305566	1.404903
0.3384677	3.132729	1.305486	1.404816
0.3385094	3.132212	1.305406	1.40473
0.3385511	3.131706	1.305326	1.404644
0.3385928	3.13121	1.305246	1.404558
0.3386345	3.130722	1.305166	1.404472
0.3386762	3.130242	1.305086	1.404386
0.3387179	3.12977	1.305005	1.404299
0.3387596	3.129299	1.304925	1.404213
0.3388013	3.128834	1.304845	1.404127
0.338843	3.128371	1.304765	1.40404
0.3388847	3.127908	1.304685	1.403954
0.3389264	3.127445	1.304604	1.403868
0.3389681	3.126981	1.304524	1.403782
0.3390098	3.126513	1.304444	1.403695
0.3390515	3.126042	1.304364	1.403609
0.3390932	3.125565	1.304284	1.403523
0.3391349	3.125081	1.304203	1.403436
0.3391766	3.12459	1.304123	1.40335
0.3392183	3.124091	1.304043	1.403264
0.33926	3.123583	1.303963	1.403177
0.3393017	3.123066	1.303883	1.403091
0.3393434	3.122538	1.303803	1.403005
0.3393851	3.122	1.303722	1.402919
0.3394268	3.121452	1.303642	1.402833
0.3394685	3.120894	1.303562	1.402746
0.3395102	3.120324	1.303482	1.40266
0.3395519	3.119745	1.303402	1.402574
0.3395936	3.119157	1.303322	1.402488
0.3396353	3.11856	1.303242	1.402402
0.339677	3.117955	1.303162	1.402316
0.3397187	3.117345	1.303082	1.40223
0.3397604	3.116727	1.303003	1.402144
0.3398021	3.116104	1.302923	1.402058
0.3398438	3.11548	1.302843	1.401972
0.3398855	3.114854	1.302763	1.401887
0.3399271	3.114229	1.302684	1.401801
0.3399688	3.113607	1.302604	1.401715
0.3400105	3.112989	1.302524	1.401629
0.3400522	3.112385	1.302445	1.401544
0.3400939	3.111777	1.302365	1.401458
0.3401356	3.111187	1.302285	1.401372
0.3401773	3.110611	1.302206	1.401287
0.340219	3.110051	1.302126	1.401201
0.3402607	3.109511	1.302047	1.401115
0.3403024	3.108992	1.301967	1.40103
0.3403441	3.108498	1.301888	1.400944
0.3403858	3.108031	1.301808	1.400859
0.3404275	3.107593	1.301729	1.400773
0.3404692	3.107187	1.301649	1.400688
0.3405109	3.106816	1.30157	1.400603
0.3405526	3.10648	1.301491	1.400517
0.3405943	3.106187	1.301411	1.400432
0.340636	3.105934	1.301332	1.400346
0.3406777	3.105724	1.301252	1.400261
0.3407194	3.10556	1.301173	1.400175
0.3407611	3.105437	1.301094	1.40009
0.3408028	3.105376	1.301014	1.400005
0.3408445	3.105359	1.300935	1.399919
0.3408862	3.105394	1.300855	1.399834
0.3409279	3.105482	1.300776	1.399748
0.3409696	3.105623	1.300697	1.399663
0.3410113	3.105818	1.300617	1.399577
0.341053	3.106069	1.300538	1.399492
0.3410947	3.106374	1.300458	1.399406
0.3411364	3.106733	1.300379	1.399321
0.3411781	3.107147	1.300299	1.399235
0.3412198	3.107614	1.30022	1.39915
0.3412615	3.108133	1.30014	1.399064
0.3413032	3.108703	1.300061	1.398978
0.3413449	3.109324	1.299981	1.398893
0.3413866	3.109992	1.299902	1.398807
0.3414283	3.110705	1.299822	1.398721
0.34147	3.111462	1.299742	1.398636
0.3415117	3.11226	1.299663	1.39855
0.3415534	3.113095	1.299583	1.398464
0.3415951	3.113965	1.299503	1.398378
0.3416367	3.114867	1.299423	1.398293
0.3416784	3.115806	1.299344	1.398207
0.3417201	3.116751	1.299264	1.398121
0.3417618	3.117724	1.299184	1.398035
0.3418035	3.118714	1.299104	1.397949
0.3418452	3.119715	1.299024	1.397863
0.3418869	3.120723	1.298945	1.397777
0.3419286	3.121733	1.298865	1.397691
0.3419703	3.122742	1.298785	1.397605
0.342012	3.123741	1.298705	1.397519
0.3420537	3.124731	1.298625	1.397433
0.3420954	3.125703	1.298545	1.397347
0.3421371	3.126652	1.298465	1.397261
0.3421788	3.127574	1.298385	1.397175
0.3422205	3.128464	1.298305	1.397089
0.3422622	3.129317	1.298225	1.397003
0.3423039	3.130127	1.298145	1.396917
0.3423456	3.13089	1.298065	1.396831
0.3423873	3.131602	1.297985	1.396745
0.342429	3.132257	1.297905	1.396658
0.3424707	3.132856	1.297825	1.396572
0.3425124	3.133378	1.297745	1.396486
0.3425541	3.133833	1.297664	1.3964
0.3425958	3.134217	1.297584	1.396314
0.3426375	3.134523	1.297504	1.396227
0.3426792	3.134746	1.297424	1.396141
0.3427209	3.134896	1.297344	1.396055
0.3427626	3.134935	1.297264	1.395969
0.3428043	3.134895	1.297184	1.395883
0.342846	3.134761	1.297104	1.395796
0.3428877	3.134539	1.297024	1.39571
0.3429294	3.134203	1.296944	1.395624
0.3429711	3.133776	1.296864	1.395538
0.3430128	3.133246	1.296784	1.395452
0.3430545	3.132613	1.296703	1.395366
0.3430962	3.131878	1.296623	1.39528
0.3431379	3.131039	1.296543	1.395194
0.3431796	3.130096	1.296463	1.395107
0.3432213	3.129054	1.296383	1.395021
0.343263	3.127901	1.296304	1.394935
0.3433047	3.126648	1.296224	1.394849
0.3433464	3.125294	1.296144	1.394763
0.343388	3.12384	1.296064	1.394677
0.3434297	3.122289	1.295984	1.394591
0.3434714	3.120641	1.295904	1.394505
0.3435131	3.1189	1.295824	1.39442
0.3435548	3.117067	1.295744	1.394334
0.3435965	3.115147	1.295665	1.394248
0.3436382	3.113142	1.295585	1.394162
0.3436799	3.111055	1.295505	1.394076
0.3437216	3.108889	1.295426	1.393991
0.3437633	3.10665	1.295346	1.393905
0.343805	3.104342	1.295267	1.393819
0.3438467	3.101968	1.295187	1.393734
0.3438884	3.099535	1.295108	1.393648
0.3439301	3.097041	1.295028	1.393563
0.3439718	3.094499	1.294949	1.393478
0.3440135	3.091909	1.294869	1.393392
0.3440552	3.089278	1.29479	1.393307
0.3440969	3.086611	1.294711	1.393222
0.3441386	3.08391	1.294632	1.393136
0.3441803	3.08119	1.294553	1.393051
0.344222	3.078446	1.294474	1.392966
0.3442637	3.075688	1.294395	1.392881
0.3443054	3.07292	1.294316	1.392796
0.3443471	3.070149	1.294237	1.392711
0.3443888	3.067379	1.294158	1.392626
0.3444305	3.064616	1.294079	1.392542
0.3444722	3.061866	1.294	1.392457
0.3445139	3.059133	1.293922	1.392372
0.3445556	3.056423	1.293843	1.392288
0.3445973	3.05374	1.293765	1.392203
0.344639	3.051091	1.293686	1.392119
0.3446807	3.04848	1.293608	1.392035
0.3447224	3.045912	1.29353	1.39195
0.3447641	3.04339	1.293451	1.391866
0.3448058	3.040919	1.293373	1.391782
0.3448475	3.038505	1.293295	1.391698
0.3448892	3.036149	1.293217	1.391614
0.3449309	3.033857	1.293139	1.39153
0.3449726	3.031632	1.293061	1.391446
0.3450143	3.029478	1.292984	1.391363
0.345056	3.027397	1.292906	1.391279
0.3450977	3.025392	1.292828	1.391195
0.3451393	3.023465	1.29275	1.391112
0.345181	3.02162	1.292673	1.391029
0.3452227	3.019857	1.292596	1.390945
0.3452644	3.018177	1.292518	1.390862
0.3453061	3.016586	1.292441	1.390779
0.3453478	3.015084	1.292364	1.390696
0.3453895	3.013668	1.292286	1.390613
0.3454312	3.012342	1.292209	1.39053
0.3454729	3.011105	1.292132	1.390447
0.3455146	3.009956	1.292055	1.390364
0.3455563	3.008896	1.291978	1.390281
0.345598	3.007927	1.291902	1.390198
0.3456397	3.007046	1.291825	1.390116
0.3456814	3.006249	1.291748	1.390033
0.3457231	3.005539	1.291671	1.389951
0.3457648	3.004913	1.291595	1.389868
0.3458065	3.004367	1.291518	1.389786
0.3458482	3.003903	1.291442	1.389704
0.3458899	3.003516	1.291365	1.389622
0.3459316	3.003204	1.291289	1.389539
0.3459733	3.002964	1.291213	1.389457
0.346015	3.002794	1.291137	1.389375
0.3460567	3.002691	1.29106	1.389293
0.3460984	3.00265	1.290984	1.389211
0.3461401	3.002669	1.290908	1.389129
0.3461818	3.002744	1.290832	1.389047
0.3462235	3.002186	1.290756	1.388966
0.3462652	3.003048	1.29068	1.388884
0.3463069	3.00327	1.290604	1.388802
0.3463486	3.003533	1.290528	1.38872
0.3463903	3.003833	1.290452	1.388639
0.346432	3.004166	1.290376	1.388557
0.3464737	3.004529	1.2903	1.388475
0.3465154	3.004917	1.290225	1.388394
0.3465571	3.005327	1.290149	1.388312
0.3465988	3.005754	1.290073	1.388231
0.3466405	3.006196	1.289997	1.388149
0.3466822	3.006648	1.289921	1.388068
0.3467239	3.007107	1.289846	1.387986
0.3467656	3.007568	1.28977	1.387904
0.3468073	3.00803	1.289694	1.387823
0.3468489	3.00849	1.289618	1.387741
0.3468906	3.008942	1.289542	1.38766
0.3469323	3.009385	1.289467	1.387578
0.346974	3.009817	1.289391	1.387497
0.3470157	3.010232	1.289315	1.387415
0.3470574	3.010637	1.289239	1.387333
0.3470991	3.01102	1.289163	1.387252
0.3471408	3.011384	1.289087	1.38717
0.3471825	3.011726	1.289011	1.387088
0.3472242	3.012045	1.288935	1.387006
0.3472659	3.012341	1.288859	1.386925
0.3473076	3.012611	1.288783	1.386843
0.3473493	3.012857	1.288707	1.386761
0.347391	3.013076	1.288631	1.386679
0.3474327	3.013271	1.288555	1.386597
0.3474744	3.013439	1.288478	1.386515
0.3475161	3.013583	1.288402	1.386433
0.3475578	3.013705	1.288326	1.38635
0.3475995	3.013799	1.288249	1.386268
0.3476412	3.013871	1.288173	1.386186
0.3476829	3.013922	1.288096	1.386104
0.3477246	3.013953	1.28802	1.386021
0.3477663	3.013967	1.287943	1.385939
0.347808	3.013963	1.287866	1.385856
0.3478497	3.013945	1.28779	1.385773
0.3478914	3.013914	1.287713	1.385691
0.3479331	3.013873	1.287636	1.385608
0.3479748	3.013823	1.287559	1.385525
0.3480165	3.013767	1.287482	1.385442
0.3480582	3.013708	1.287405	1.38536
0.3480999	3.013646	1.287328	1.385277
0.3481416	3.013586	1.287251	1.385194
0.3481833	3.013529	1.287173	1.38511
0.348225	3.013478	1.287096	1.385027
0.3482667	3.013435	1.287019	1.384944
0.3483084	3.013403	1.286941	1.384861
0.3483501	3.013383	1.286864	1.384777
0.3483918	3.013377	1.286786	1.384694
0.3484335	3.01339	1.286709	1.384611
0.3484752	3.013419	1.286631	1.384527
0.3485169	3.013469	1.286554	1.384444
0.3485586	3.013535	1.286476	1.38436
0.3486002	3.013635	1.286398	1.384277
0.3486419	3.013754	1.286321	1.384193
0.3486836	3.013897	1.286243	1.384109
0.3487253	3.014067	1.286165	1.384026
0.348767	3.014263	1.286087	1.383942
0.3488087	3.014488	1.28601	1.383858
0.3488504	3.014735	1.285932	1.383774
0.3488921	3.01501	1.285854	1.383691
0.3489338	3.015312	1.285776	1.383607
0.3489755	3.015634	1.285698	1.383523
0.3490172	3.01599	1.28562	1.383439
0.3490589	3.016364	1.285542	1.383355
0.3491006	3.01676	1.285464	1.383271
0.3491423	3.017176	1.285386	1.383187
0.349184	3.017611	1.285308	1.383103
0.3492257	3.018061	1.28523	1.38302
0.3492674	3.018524	1.285152	1.382936
0.3493091	3.019	1.285074	1.382852
0.3493508	3.019483	1.284996	1.382768
0.3493925	3.019972	1.284918	1.382684
0.3494342	3.020464	1.28484	1.3826
0.3494759	3.020955	1.284763	1.382516
0.3495176	3.021442	1.284685	1.382432
0.3495593	3.021922	1.284607	1.382348
0.349601	3.022392	1.284529	1.382265
0.3496427	3.022848	1.284451	1.382181
0.3496844	3.023284	1.284373	1.382097
0.3497261	3.0237	1.284295	1.382013
0.3497678	3.024091	1.284217	1.381929
0.3498095	3.024454	1.284139	1.381845
0.3498512	3.024785	1.284061	1.381762
0.3498929	3.025078	1.283983	1.381678
0.3499346	3.025339	1.283906	1.381594
0.3499763	3.025556	1.283828	1.38151
0.350018	3.025721	1.28375	1.381427
0.3500597	3.02585	1.283672	1.381343
0.3501014	3.02592	1.283594	1.381259
0.3501431	3.025939	1.283517	1.381176
0.3501848	3.025903	1.283439	1.381092
0.3502265	3.02581	1.283361	1.381008
0.3502682	3.025658	1.283284	1.380925
0.3503099	3.025445	1.283206	1.380841
0.3503515	3.025169	1.283128	1.380758
0.3503932	3.02483	1.283051	1.380674
0.3504349	3.024426	1.282973	1.380591
0.3504766	3.023958	1.282896	1.380507
0.3505183	3.023425	1.282818	1.380424
0.35056	3.022827	1.282741	1.38034
0.3506017	3.022165	1.282663	1.380257
0.3506434	3.021438	1.282586	1.380174
0.3506851	3.020647	1.282508	1.380091
0.3507268	3.019802	1.282431	1.380007
0.3507685	3.018861	1.282354	1.379924
0.3508102	3.017909	1.282276	1.379841
0.3508519	3.016879	1.282199	1.379758
0.3508936	3.015794	1.282122	1.379675
0.3509353	3.014657	1.282045	1.379592
0.350977	3.013468	1.281968	1.379509
0.3510187	3.012233	1.281891	1.379426
0.3510604	3.010958	1.281814	1.379343
0.3511021	3.009629	1.281737	1.37926
0.3511438	3.008268	1.28166	1.379177
0.3511855	3.006871	1.281583	1.379095
0.3512272	3.005442	1.281506	1.379012
0.3512689	3.003985	1.281429	1.378929
0.3513106	3.002503	1.281353	1.378847
0.3513523	3.000997	1.281276	1.378764
0.351394	2.999497	1.281199	1.378682
0.3514357	2.997935	1.281123	1.378599
0.3514774	2.996385	1.281046	1.378517
0.3515191	2.994827	1.28097	1.378435
0.3515608	2.993264	1.280893	1.378352
0.3516025	2.991698	1.280817	1.37827
0.3516442	2.990133	1.28074	1.378188
0.3516859	2.988573	1.280664	1.378106
0.3517276	2.987019	1.280588	1.378024
0.3517693	2.985475	1.280512	1.377942
0.351811	2.983942	1.280436	1.37786
0.3518527	2.982422	1.28036	1.377778
0.3518944	2.980919	1.280284	1.377697
0.3519361	2.979434	1.280208	1.377615
0.3519778	2.977967	1.280132	1.377533
0.3520195	2.976522	1.280056	1.377452
0.3520611	2.975098	1.279981	1.37737
0.3521028	2.973697	1.279905	1.377289
0.3521445	2.972321	1.279829	1.377208
0.3521862	2.970968	1.279754	1.377126
0.3522279	2.96964	1.279678	1.377045
0.3522696	2.968336	1.279603	1.376964
0.3523113	2.967057	1.279527	1.376883
0.352353	2.965802	1.279452	1.376802
0.3523947	2.964572	1.279377	1.376721
0.3524364	2.963364	1.279302	1.37664
0.3524781	2.96218	1.279226	1.376559
0.3525198	2.961016	1.279151	1.376478
0.3525615	2.959874	1.279076	1.376397
0.3526032	2.958751	1.279001	1.376317
0.3526449	2.957646	1.278926	1.376236
0.3526866	2.956557	1.278852	1.376155
0.3527283	2.955485	1.278777	1.376075
0.35277	2.954425	1.278702	1.375994
0.3528117	2.95338	1.278627	1.375914
0.3528534	2.952343	1.278552	1.375834
0.3528951	2.951316	1.278478	1.375753
0.3529368	2.950296	1.278403	1.375673
0.3529785	2.949281	1.278329	1.375593
0.3530202	2.948271	1.278254	1.375513
0.3530619	2.947263	1.27818	1.375432
0.3531036	2.946255	1.278105	1.375352
0.3531453	2.945247	1.278031	1.375272
0.353187	2.944236	1.277956	1.375192
0.3532287	2.943222	1.277882	1.375112
0.3532704	2.942203	1.277808	1.375032
0.3533121	2.941177	1.277733	1.374952
0.3533538	2.940144	1.277659	1.374872
0.3533955	2.939102	1.277585	1.374792
0.3534372	2.93805	1.27751	1.374712
0.3534789	2.936989	1.277436	1.374632
0.3535206	2.935916	1.277362	1.374553
0.3535623	2.934831	1.277288	1.374473
0.353604	2.933735	1.277214	1.374393
0.3536457	2.932625	1.277139	1.374313
0.3536874	2.931502	1.277065	1.374233
0.3537291	2.930364	1.276991	1.374153
0.3537708	2.929217	1.276917	1.374074
0.3538124	2.928054	1.276843	1.373994
0.3538541	2.926878	1.276769	1.373914
0.3538958	2.92569	1.276694	1.373834
0.3539375	2.924489	1.27662	1.373754
0.3539792	2.923276	1.276546	1.373675
0.3540209	2.922051	1.276472	1.373595
0.3540626	2.920815	1.276398	1.373515
0.3541043	2.91957	1.276323	1.373435
0.354146	2.918316	1.276249	1.373355
0.3541877	2.917053	1.276175	1.373275
0.3542294	2.915783	1.276101	1.373195
0.3542711	2.914507	1.276027	1.373116
0.3543128	2.913227	1.275952	1.373036
0.3543545	2.911943	1.275878	1.372956
0.3543962	2.910657	1.275804	1.372876
0.3544379	2.90937	1.27573	1.372796
0.3544796	2.908085	1.275655	1.372716
0.3545213	2.906802	1.275581	1.372636
0.354563	2.905523	1.275507	1.372556
0.3546047	2.90425	1.275432	1.372476
0.3546464	2.902985	1.275358	1.372396
0.3546881	2.90173	1.275284	1.372316
0.3547298	2.900487	1.275209	1.372236
0.3547715	2.899257	1.275135	1.372156
0.3548132	2.898043	1.275061	1.372076
0.3548549	2.896846	1.274986	1.371996
0.3548966	2.89567	1.274912	1.371916
0.3549383	2.894515	1.274838	1.371836
0.35498	2.893385	1.274763	1.371756
0.3550217	2.892282	1.274689	1.371676
0.3550634	2.891207	1.274614	1.371596
0.3551051	2.890163	1.27454	1.371516
0.3551468	2.889151	1.274466	1.371436
0.3551885	2.888176	1.274391	1.371356
0.3552302	2.887243	1.274317	1.371276
0.3552719	2.886346	1.274243	1.371196
0.3553136	2.885493	1.274168	1.371116
0.3553553	2.884684	1.274094	1.371036
0.355397	2.883924	1.27402	1.370956
0.3554387	2.88321	1.273945	1.370876
0.3554804	2.882554	1.273871	1.370796
0.355522	2.881957	1.273797	1.370716
0.3555637	2.881401	1.273723	1.370636
0.3556054	2.88091	1.273648	1.370556
0.3556471	2.880479	1.273574	1.370476
0.3556888	2.88011	1.2735	1.370397
0.3557305	2.879805	1.273426	1.370317
0.3557722	2.879565	1.273351	1.370237
0.3558139	2.879391	1.273277	1.370157
0.3558556	2.879285	1.273203	1.370077
0.3558973	2.879248	1.273129	1.369997
0.355939	2.87928	1.273055	1.369917
0.3559807	2.879386	1.27298	1.369838
0.3560224	2.879563	1.272906	1.369758
0.3560641	2.879812	1.272832	1.369678
0.3561058	2.880134	1.272758	1.369598
0.3561475	2.880514	1.272684	1.369518
0.3561892	2.880995	1.27261	1.369439
0.3562309	2.881534	1.272535	1.369359
0.3562726	2.882145	1.272461	1.369279
0.3563143	2.882828	1.272387	1.369199
0.356356	2.883581	1.272313	1.369119
0.3563977	2.884403	1.272238	1.369039
0.3564394	2.885293	1.272164	1.368959
0.3564811	2.886248	1.27209	1.368879
0.3565228	2.887268	1.272016	1.368799
0.3565645	2.88835	1.271941	1.368719
0.3566062	2.889492	1.271867	1.368639
0.3566479	2.890691	1.271793	1.368559
0.3566896	2.891946	1.271718	1.368479
0.3567313	2.893252	1.271644	1.368399
0.356773	2.894608	1.271569	1.368319
0.3568147	2.896006	1.271495	1.368239
0.3568564	2.897451	1.27142	1.368159
0.3568981	2.898933	1.271346	1.368078
0.3569398	2.900449	1.271271	1.367998
0.3569815	2.901997	1.271196	1.367918
0.3570232	2.903571	1.271122	1.367837
0.3570649	2.90517	1.271047	1.367757
0.3571066	2.906786	1.270972	1.367676
0.3571483	2.908414	1.270897	1.367596
0.35719	2.910058	1.270822	1.367515
0.3572317	2.911706	1.270747	1.367435
0.3572733	2.913355	1.270672	1.367354
0.357315	2.915001	1.270597	1.367273
0.3573567	2.91664	1.270522	1.367192
0.3573984	2.918268	1.270447	1.367112
0.3574401	2.91988	1.270372	1.367031
0.3574818	2.921471	1.270297	1.36695
0.3575235	2.923039	1.270222	1.366869
0.3575652	2.924578	1.270146	1.366788
0.3576069	2.926085	1.270071	1.366707
0.3576486	2.927555	1.269996	1.366626
0.3576903	2.928986	1.26992	1.366545
0.357732	2.930373	1.269845	1.366464
0.3577737	2.931713	1.26977	1.366382
0.3578154	2.933003	1.269694	1.366301
0.3578571	2.934239	1.269619	1.36622
0.3578988	2.935419	1.269543	1.366139
0.3579405	2.93654	1.269468	1.366058
0.3579822	2.937598	1.269392	1.365977
0.3580239	2.938593	1.269317	1.365895
0.3580656	2.939521	1.269241	1.365814
0.3581073	2.940383	1.269166	1.365733
0.358149	2.941172	1.26909	1.365652
0.3581907	2.941888	1.269015	1.36557
0.3582324	2.942538	1.268939	1.365489
0.3582741	2.943111	1.268864	1.365408
0.3583158	2.943609	1.268789	1.365327
0.3583575	2.944031	1.268713	1.365246
0.3583992	2.944382	1.268638	1.365165
0.3584409	2.944647	1.268562	1.365083
0.3584826	2.944841	1.268487	1.365002
0.3585243	2.944958	1.268412	1.364921
0.358566	2.945	1.268336	1.36484
0.3586077	2.944966	1.268261	1.364759
0.3586494	2.944856	1.268186	1.364678
0.3586911	2.944674	1.268111	1.364597
0.3587328	2.944415	1.268036	1.364517
0.3587745	2.944084	1.26796	1.364436
0.3588162	2.943682	1.267885	1.364355
0.3588579	2.943208	1.26781	1.364274
0.3588996	2.942665	1.267735	1.364194
0.3589413	2.942054	1.267661	1.364113
0.358983	2.941375	1.267586	1.364032
0.3590246	2.94063	1.267511	1.363952
0.3590663	2.93982	1.267436	1.363872
0.359108	2.938947	1.267361	1.363791
0.3591497	2.938012	1.267287	1.363711
0.3591914	2.937015	1.267212	1.363631
0.3592331	2.93596	1.267138	1.36355
0.3592748	2.934846	1.267063	1.36347
0.3593165	2.933672	1.266989	1.36339
0.3593582	2.932446	1.266915	1.36331
0.3593999	2.931163	1.26684	1.36323
0.3594416	2.929826	1.266766	1.36315
0.3594833	2.928436	1.266692	1.363071
0.359525	2.926993	1.266618	1.362991
0.3595667	2.925499	1.266544	1.362911
0.3596084	2.923954	1.26647	1.362832
0.3596501	2.922359	1.266396	1.362752
0.3596918	2.920713	1.266322	1.362673
0.3597335	2.919019	1.266248	1.362593
0.3597752	2.917274	1.266175	1.362514
0.3598169	2.915482	1.266101	1.362435
0.3598586	2.913641	1.266028	1.362356
0.3599003	2.911751	1.265954	1.362277
0.359942	2.909813	1.265881	1.362198
0.3599837	2.907827	1.265807	1.362119
0.3600254	2.905792	1.265734	1.36204
0.3600671	2.903709	1.265661	1.361961
0.3601088	2.901578	1.265588	1.361882
0.3601505	2.899398	1.265515	1.361804
0.3601922	2.89717	1.265442	1.361725
0.3602339	2.894894	1.265369	1.361647
0.3602756	2.892569	1.265296	1.361568
0.3603173	2.890196	1.265223	1.36149
0.360359	2.887774	1.26515	1.361412
0.3604007	2.885305	1.265077	1.361333
0.3604424	2.882788	1.265005	1.361255
0.3604841	2.880225	1.264932	1.361177
0.3605258	2.877614	1.26486	1.361099
0.3605675	2.874958	1.264787	1.361021
0.3606092	2.872257	1.264715	1.360943
0.3606509	2.869512	1.264643	1.360865
0.3606926	2.866724	1.26457	1.360788
0.3607342	2.863895	1.264498	1.36071
0.3607759	2.861025	1.264426	1.360632
0.3608176	2.858118	1.264354	1.360555
0.3608593	2.855176	1.264282	1.360477
0.360901	2.852199	1.26421	1.3604
0.3609427	2.849191	1.264138	1.360323
0.3609844	2.846155	1.264066	1.360245
0.3610261	2.843093	1.263994	1.360168
0.3610678	2.840009	1.263923	1.360091
0.3611095	2.836907	1.263851	1.360014
0.3611512	2.833789	1.263779	1.359937
0.3611929	2.830661	1.263708	1.35986
0.3612346	2.827526	1.263636	1.359783
0.3612763	2.824388	1.263565	1.359706
0.361318	2.821253	1.263493	1.359629
0.3613597	2.818126	1.263422	1.359552
0.3614014	2.815011	1.263351	1.359475
0.3614431	2.811914	1.263279	1.359398
0.3614848	2.80884	1.263208	1.359322
0.3615265	2.805795	1.263137	1.359245
0.3615682	2.802786	1.263066	1.359169
0.3616099	2.799817	1.262995	1.359092
0.3616516	2.796896	1.262923	1.359015
0.3616933	2.794028	1.262852	1.358939
0.361735	2.791219	1.262781	1.358862
0.3617767	2.788477	1.26271	1.358786
0.3618184	2.785807	1.262639	1.35871
0.3618601	2.783215	1.262568	1.358633
0.3619018	2.780708	1.262497	1.358557
0.3619435	2.778292	1.262426	1.35848
0.3619852	2.775973	1.262355	1.358404
0.3620269	2.773761	1.262284	1.358328
0.3620686	2.771656	1.262213	1.358251
0.3621103	2.769667	1.262142	1.358175
0.362152	2.767799	1.262071	1.358099
0.3621937	2.766055	1.262	1.358022
0.3622354	2.764443	1.261929	1.357946
0.3622771	2.762967	1.261858	1.357869
0.3623188	2.761633	1.261787	1.357793
0.3623605	2.760444	1.261716	1.357717
0.3624022	2.759402	1.261645	1.35764
0.3624439	2.758513	1.261574	1.357564
0.3624855	2.757779	1.261503	1.357487
0.3625272	2.757201	1.261432	1.357411
0.3625689	2.756783	1.261361	1.357334
0.3626106	2.756537	1.26129	1.357257
0.3626523	2.756434	1.261218	1.357181
0.362694	2.756505	1.261147	1.357104
0.3627357	2.756739	1.261076	1.357027
0.3627774	2.757136	1.261004	1.35695
0.3628191	2.757695	1.260933	1.356874
0.3628608	2.758415	1.260861	1.356797
0.3629025	2.759293	1.26079	1.35672
0.3629442	2.760329	1.260718	1.356642
0.3629859	2.761519	1.260647	1.356565
0.3630276	2.76286	1.260575	1.356488
0.3630693	2.764347	1.260503	1.356411
0.363111	2.765976	1.260431	1.356333
0.3631527	2.767741	1.260359	1.356256
0.3631944	2.769638	1.260287	1.356178
0.3632361	2.77166	1.260215	1.356101
0.3632778	2.773803	1.260143	1.356023
0.3633195	2.776056	1.26007	1.355945
0.3633612	2.778417	1.259998	1.355867
0.3634029	2.780874	1.259925	1.355789
0.3634446	2.783423	1.259853	1.355711
0.3634863	2.786052	1.25978	1.355633
0.363528	2.788756	1.259708	1.355555
0.3635697	2.791524	1.259635	1.355477
0.3636114	2.794348	1.259562	1.355398
0.3636531	2.797221	1.259489	1.35532
0.3636948	2.800132	1.259416	1.355241
0.3637365	2.803071	1.259343	1.355163
0.3637782	2.80603	1.25927	1.355084
0.3638199	2.808996	1.259197	1.355005
0.3638616	2.811969	1.259123	1.354926
0.3639033	2.814931	1.25905	1.354847
0.363945	2.817876	1.258977	1.354768
0.3639867	2.820795	1.258903	1.354689
0.3640284	2.823679	1.25883	1.35461
0.3640701	2.826519	1.258756	1.354531
0.3641118	2.829308	1.258682	1.354452
0.3641535	2.832036	1.258609	1.354372
0.3641951	2.834698	1.258535	1.354293
0.3642368	2.837284	1.258461	1.354214
0.3642785	2.839789	1.258388	1.354135
0.3643202	2.842204	1.258314	1.354055
0.3643619	2.844525	1.25824	1.353976
0.3644036	2.846744	1.258166	1.353896
0.3644453	2.848851	1.258093	1.353817
0.364487	2.850862	1.258019	1.353738
0.3645287	2.852751	1.257945	1.353658
0.3645704	2.85452	1.257871	1.353579
0.3646121	2.856168	1.257798	1.353499
0.3646538	2.857689	1.257724	1.35342
0.3646955	2.859083	1.25765	1.353341
0.3647372	2.860347	1.257576	1.353262
0.3647789	2.861487	1.257503	1.353182
0.3648206	2.862484	1.257429	1.353103
0.3648623	2.863355	1.257356	1.353024
0.364904	2.864094	1.257282	1.352945
0.3649457	2.864703	1.257209	1.352866
0.3649874	2.86518	1.257135	1.352787
0.3650291	2.865529	1.257062	1.352708
0.3650708	2.865752	1.256989	1.352629
0.3651125	2.865851	1.256916	1.352551
0.3651542	2.865829	1.256843	1.352472
0.3651959	2.865688	1.25677	1.352393
0.3652376	2.865435	1.256697	1.352315
0.3652793	2.865066	1.256624	1.352236
0.365321	2.864591	1.256551	1.352158
0.3653627	2.864013	1.256478	1.35208
0.3654044	2.863336	1.256406	1.352002
0.3654461	2.862565	1.256333	1.351924
0.3654878	2.861724	1.256261	1.351846
0.3655295	2.86076	1.256188	1.351768
0.3655712	2.859736	1.256116	1.35169
0.3656129	2.858636	1.256044	1.351612
0.3656546	2.857466	1.255971	1.351535
0.3656963	2.856232	1.255899	1.351457
0.365738	2.854937	1.255827	1.35138
0.3657797	2.85359	1.255756	1.351302
0.3658214	2.852189	1.255684	1.351225
0.3658631	2.850744	1.255612	1.351148
0.3659048	2.849259	1.25554	1.351071
0.3659464	2.847737	1.255469	1.350994
0.3659881	2.846184	1.255397	1.350917
0.3660298	2.844602	1.255326	1.35084
0.3660715	2.842997	1.255255	1.350763
0.3661132	2.841371	1.255183	1.350686
0.3661549	2.839729	1.255112	1.35061
0.3661966	2.838074	1.255041	1.350533
0.3662383	2.836409	1.25497	1.350457
0.36628	2.834737	1.254899	1.35038
0.3663217	2.83306	1.254828	1.350304
0.3663634	2.831381	1.254757	1.350227
0.3664051	2.829701	1.254686	1.350151
0.3664468	2.828024	1.254615	1.350075
0.3664885	2.82635	1.254544	1.349999
0.3665302	2.824682	1.254473	1.349922
0.3665719	2.82302	1.254403	1.349846
0.3666136	2.821365	1.254332	1.34977
0.3666553	2.819719	1.254261	1.349694
0.366697	2.818082	1.254191	1.349618
0.3667387	2.816454	1.25412	1.349542
0.3667804	2.814837	1.254049	1.349466
0.3668221	2.813229	1.253979	1.34939
0.3668638	2.811632	1.253908	1.349314
0.3669055	2.810043	1.253838	1.349238
0.3669472	2.808469	1.253767	1.349163
0.3669889	2.806903	1.253697	1.349087
0.3670306	2.805346	1.253626	1.349011
0.3670723	2.803799	1.253556	1.348935
0.367114	2.802261	1.253485	1.348859
0.3671557	2.800732	1.253415	1.348784
0.3671974	2.799211	1.253345	1.348708
0.3672391	2.797698	1.253274	1.348632
0.3672808	2.796193	1.253204	1.348556
0.3673225	2.794696	1.253133	1.348481
0.3673642	2.793205	1.253063	1.348405
0.3674059	2.791722	1.252993	1.348329
0.3674476	2.790245	1.252922	1.348253
0.3674893	2.788776	1.252852	1.348178
0.367531	2.787313	1.252782	1.348102
0.3675727	2.785856	1.252711	1.348026
0.3676144	2.784431	1.252641	1.347951
0.3676561	2.782964	1.252571	1.347875
0.3676977	2.781529	1.2525	1.347799
0.3677394	2.780102	1.25243	1.347723
0.3677811	2.778683	1.252359	1.347648
0.3678228	2.777271	1.252289	1.347572
0.3678645	2.775872	1.252219	1.347496
0.3679062	2.774481	1.252148	1.347421
0.3679479	2.773102	1.252078	1.347345
0.3679896	2.771735	1.252008	1.347269
0.3680313	2.77038	1.251937	1.347193
0.368073	2.769039	1.251867	1.347118
0.3681147	2.767713	1.251796	1.347042
0.3681564	2.766395	1.251726	1.346966
0.3681981	2.765109	1.251656	1.34689
0.3682398	2.763836	1.251585	1.346814
0.3682815	2.762577	1.251515	1.346739
0.3683232	2.761341	1.251444	1.346663
0.3683649	2.760125	1.251374	1.346587
0.3684066	2.758932	1.251303	1.346511
0.3684483	2.757761	1.251232	1.346435
0.36849	2.756615	1.251162	1.346359
0.3685317	2.755493	1.251091	1.346283
0.3685734	2.754396	1.251021	1.346207
0.3686151	2.753326	1.25095	1.346131
0.3686568	2.752281	1.250879	1.346055
0.3686985	2.751267	1.250809	1.345979
0.3687402	2.750278	1.250738	1.345903
0.3687819	2.749317	1.250667	1.345826
0.3688236	2.748384	1.250596	1.34575
0.3688653	2.747479	1.250525	1.345674
0.368907	2.746602	1.250454	1.345598
0.3689487	2.745752	1.250383	1.345521
0.3689904	2.744929	1.250313	1.345445
0.3690321	2.744134	1.250242	1.345369
0.3690738	2.743364	1.250171	1.345292
0.3691155	2.74262	1.2501	1.345216
0.3691572	2.741899	1.250028	1.345139
0.3691989	2.741201	1.249957	1.345063
0.3692406	2.740529	1.249886	1.344986
0.3692823	2.739881	1.249815	1.34491
0.369324	2.739242	1.249744	1.344833
0.3693657	2.738627	1.249673	1.344756
0.3694073	2.738029	1.249601	1.34468
0.369449	2.737448	1.24953	1.344603
0.3694907	2.73688	1.249459	1.344526
0.3695324	2.736324	1.249388	1.34445
0.3695741	2.735786	1.249316	1.344373
0.3696158	2.735241	1.249245	1.344296
0.3696575	2.734716	1.249174	1.344219
0.3696992	2.734194	1.249102	1.344143
0.3697409	2.733677	1.249031	1.344066
0.3697826	2.733163	1.248959	1.343989
0.3698243	2.732651	1.248888	1.343912
0.369866	2.732138	1.248817	1.343835
0.3699077	2.731625	1.248745	1.343759
0.3699494	2.731109	1.248674	1.343682
0.3699911	2.730591	1.248603	1.343605
0.3700328	2.730067	1.248532	1.343528
0.3700745	2.729539	1.24846	1.343452
0.3701162	2.729005	1.248389	1.343375
0.3701579	2.728465	1.248318	1.343299
0.3701996	2.727919	1.248247	1.343222
0.3702413	2.727365	1.248176	1.343145
0.370283	2.726805	1.248104	1.343069
0.3703247	2.726239	1.248033	1.342992
0.3703664	2.725665	1.247962	1.342916
0.3704081	2.725088	1.247891	1.34284
0.3704498	2.724505	1.24782	1.342763
0.3704915	2.723918	1.24775	1.342687
0.3705332	2.723327	1.247679	1.342611
0.3705749	2.722736	1.247608	1.342535
0.3706166	2.722144	1.247538	1.342459
0.3706583	2.721554	1.247467	1.342383
0.3707	2.720968	1.247396	1.342307
0.3707417	2.720386	1.247326	1.342231
0.3707834	2.719812	1.247256	1.342156
0.3708251	2.719247	1.247185	1.34208
0.3708668	2.718694	1.247115	1.342004
0.3709085	2.718156	1.247045	1.341929
0.3709502	2.717634	1.246975	1.341853
0.3709919	2.717132	1.246905	1.341778
0.3710336	2.716652	1.246835	1.341703
0.3710753	2.716197	1.246765	1.341628
0.371117	2.71577	1.246696	1.341553
0.3711586	2.715373	1.246626	1.341478
0.3712003	2.715009	1.246556	1.341403
0.371242	2.714681	1.246487	1.341328
0.3712837	2.714392	1.246418	1.341254
0.3713254	2.714144	1.246348	1.341179
0.3713671	2.713941	1.246279	1.341105
0.3714088	2.713784	1.24621	1.34103
0.3714505	2.713675	1.246141	1.340956
0.3714922	2.713618	1.246072	1.340882
0.3715339	2.713614	1.246003	1.340808
0.3715756	2.713661	1.245934	1.340734
0.3716173	2.713774	1.245865	1.34066
0.371659	2.71394	1.245797	1.340586
0.3717007	2.714167	1.245728	1.340512
0.3717424	2.714455	1.245659	1.340438
0.3717841	2.714805	1.245591	1.340364
0.3718258	2.715217	1.245522	1.34029
0.3718675	2.715693	1.245454	1.340217
0.3719092	2.716232	1.245385	1.340143
0.3719509	2.716833	1.245317	1.34007
0.3719926	2.717498	1.245249	1.339996
0.3720343	2.718225	1.24518	1.339922
0.372076	2.719013	1.245112	1.339849
0.3721177	2.719859	1.245044	1.339775
0.3721594	2.720764	1.244976	1.339702
0.3722011	2.721725	1.244907	1.339628
0.3722428	2.722738	1.244839	1.339555
0.3722845	2.723802	1.244771	1.339482
0.3723262	2.724915	1.244702	1.339408
0.3723679	2.726072	1.244634	1.339335
0.3724096	2.72727	1.244566	1.339261
0.3724513	2.728506	1.244497	1.339187
0.372493	2.729774	1.244429	1.339114
0.3725347	2.731071	1.244361	1.33904
0.3725764	2.732392	1.244292	1.338967
0.3726181	2.733732	1.244224	1.338893
0.3726598	2.735086	1.244155	1.338819
0.3727015	2.736448	1.244087	1.338745
0.3727432	2.737813	1.244018	1.338671
0.3727849	2.739176	1.243949	1.338598
0.3728266	2.740528	1.24388	1.338524
0.3728682	2.741865	1.243812	1.338449
0.3729099	2.743183	1.243743	1.338375
0.3729516	2.744472	1.243674	1.338301
0.3729933	2.745727	1.243605	1.338227
0.373035	2.746942	1.243536	1.338152
0.3730767	2.748111	1.243466	1.338078
0.3731184	2.749226	1.243397	1.338003
0.3731601	2.750283	1.243328	1.337929
0.3732018	2.751274	1.243258	1.337854
0.3732435	2.752193	1.243189	1.337779
0.3732852	2.753035	1.243119	1.337704
0.3733269	2.753793	1.24305	1.33763
0.3733686	2.754462	1.24298	1.337554
0.3734103	2.755037	1.24291	1.337479
0.373452	2.755511	1.24284	1.337404
0.3734937	2.755884	1.24277	1.337329
0.3735354	2.756148	1.2427	1.337253
0.3735771	2.756298	1.24263	1.337178
0.3736188	2.756333	1.24256	1.337102
0.3736605	2.756246	1.24249	1.337027
0.3737022	2.756037	1.242419	1.336951
0.3737439	2.755702	1.242349	1.336875
0.3737856	2.755241	1.242279	1.3368
0.3738273	2.754651	1.242208	1.336724
0.373869	2.753931	1.242137	1.336648
0.3739107	2.753081	1.242067	1.336572
0.3739524	2.752101	1.241996	1.336496
0.3739941	2.750989	1.241926	1.33642
0.3740358	2.749748	1.241855	1.336344
0.3740775	2.74838	1.241784	1.336268
0.3741192	2.746887	1.241713	1.336192
0.3741609	2.745271	1.241643	1.336115
0.3742026	2.743535	1.241572	1.336039
0.3742443	2.741684	1.241501	1.335963
0.374286	2.73972	1.24143	1.335887
0.3743277	2.737647	1.241359	1.335811
0.3743694	2.735472	1.241289	1.335734
0.3744111	2.7332	1.241218	1.335658
0.3744528	2.730835	1.241147	1.335582
0.3744945	2.728393	1.241076	1.335506
0.3745362	2.725864	1.241005	1.33543
0.3745779	2.723268	1.240935	1.335353
0.3746195	2.720606	1.240864	1.335277
0.3746612	2.71789	1.240793	1.335201
0.3747029	2.715124	1.240722	1.335125
0.3747446	2.712319	1.240652	1.335049
0.3747863	2.709482	1.240581	1.334973
0.374828	2.706621	1.240511	1.334897
0.3748697	2.703746	1.24044	1.334821
0.3749114	2.700865	1.240369	1.334745
0.3749531	2.697987	1.240299	1.33467
0.3749948	2.69512	1.240229	1.334594
0.3750365	2.692273	1.240158	1.334518
0.3750782	2.689455	1.240088	1.334443
0.3751199	2.686675	1.240018	1.334367
0.3751616	2.68394	1.239948	1.334291
0.3752033	2.681259	1.239877	1.334216
0.375245	2.678641	1.239807	1.334141
0.3752867	2.676092	1.239737	1.334065
0.3753284	2.673622	1.239667	1.33399
0.3753701	2.671237	1.239598	1.333915
0.3754118	2.668944	1.239528	1.33384
0.3754535	2.66675	1.239458	1.333765
0.3754952	2.66466	1.239388	1.33369
0.3755369	2.66268	1.239319	1.333615
0.3755786	2.66082	1.239249	1.33354
0.3756203	2.659079	1.23918	1.333465
0.375662	2.657466	1.23911	1.333391
0.3757037	2.655984	1.239041	1.333316
0.3757454	2.654636	1.238972	1.333241
0.3757871	2.653426	1.238903	1.333167
0.3758288	2.652355	1.238834	1.333093
0.3758705	2.651428	1.238765	1.333018
0.3759122	2.650645	1.238696	1.332944
0.3759539	2.650009	1.238627	1.33287
0.3759956	2.649518	1.238558	1.332796
0.3760373	2.649175	1.238489	1.332722
0.376079	2.648987	1.23842	1.332648
0.3761207	2.648939	1.238352	1.332574
0.3761624	2.649037	1.238283	1.332501
0.3762041	2.649279	1.238215	1.332427
0.3762458	2.649662	1.238147	1.332353
0.3762875	2.650185	1.238078	1.33228
0.3763292	2.650845	1.23801	1.332206
0.3763708	2.651638	1.237942	1.332133
0.3764125	2.652558	1.237874	1.33206
0.3764542	2.653604	1.237806	1.331986
0.3764959	2.654768	1.237738	1.331913
0.3765376	2.656047	1.23767	1.33184
0.3765793	2.657435	1.237602	1.331767
0.376621	2.658926	1.237534	1.331694
0.3766627	2.660515	1.237466	1.331621
0.3767044	2.662193	1.237399	1.331549
0.3767461	2.663955	1.237331	1.331476
0.3767878	2.665792	1.237264	1.331403
0.3768295	2.667697	1.237196	1.331331
0.3768712	2.669663	1.237129	1.331258
0.3769129	2.671682	1.237061	1.331186
0.3769546	2.673745	1.236994	1.331113
0.3769963	2.675844	1.236927	1.331041
0.377038	2.677971	1.23686	1.330969
0.3770797	2.680157	1.236792	1.330896
0.3771214	2.682272	1.236725	1.330824
0.3771631	2.684428	1.236658	1.330752
0.3772048	2.686578	1.236591	1.33068
0.3772465	2.688711	1.236524	1.330608
0.3772882	2.690818	1.236457	1.330536
0.3773299	2.69289	1.23639	1.330464
0.3773716	2.694919	1.236324	1.330392
0.3774133	2.696896	1.236257	1.33032
0.377455	2.698812	1.23619	1.330248
0.3774967	2.700659	1.236123	1.330176
0.3775384	2.702429	1.236056	1.330104
0.3775801	2.704114	1.235989	1.330032
0.3776218	2.705706	1.235923	1.32996
0.3776635	2.707195	1.235856	1.329888
0.3777052	2.708577	1.235789	1.329817
0.3777469	2.709846	1.235722	1.329745
0.3777886	2.710991	1.235656	1.329673
0.3778303	2.71201	1.235589	1.329601
0.377872	2.712896	1.235522	1.329529
0.3779137	2.713644	1.235455	1.329457
0.3779554	2.714249	1.235389	1.329386
0.3779971	2.714705	1.235322	1.329314
0.3780388	2.715009	1.235255	1.329242
0.3780804	2.715155	1.235188	1.32917
0.3781221	2.715152	1.235121	1.329098
0.3781638	2.714986	1.235055	1.329026
0.3782055	2.714658	1.234988	1.328954
0.3782472	2.71417	1.234921	1.328882
0.3782889	2.713516	1.234854	1.32881
0.3783306	2.712699	1.234787	1.328738
0.3783723	2.711721	1.23472	1.328666
0.378414	2.710581	1.234653	1.328594
0.3784557	2.709283	1.234586	1.328521
0.3784974	2.707829	1.234518	1.328449
0.3785391	2.706221	1.234451	1.328377
0.3785808	2.704462	1.234384	1.328304
0.3786225	2.702557	1.234317	1.328232
0.3786642	2.700509	1.234249	1.32816
0.3787059	2.698325	1.234182	1.328087
0.3787476	2.69601	1.234114	1.328014
0.3787893	2.69357	1.234047	1.327942
0.378831	2.69101	1.233979	1.327869
0.3788727	2.688339	1.233912	1.327796
0.3789144	2.685563	1.233844	1.327724
0.3789561	2.682689	1.233776	1.327651
0.3789978	2.679725	1.233709	1.327578
0.3790395	2.676679	1.233641	1.327505
0.3790812	2.67356	1.233573	1.327432
0.3791229	2.670376	1.233505	1.327359
0.3791646	2.667135	1.233437	1.327286
0.3792063	2.663847	1.233369	1.327212
0.379248	2.660519	1.233301	1.327139
0.3792897	2.657162	1.233233	1.327066
0.3793314	2.653783	1.233165	1.326993
0.3793731	2.650392	1.233097	1.326919
0.3794148	2.646998	1.233028	1.326846
0.3794565	2.643609	1.23296	1.326772
0.3794982	2.640234	1.232892	1.326699
0.3795399	2.636881	1.232823	1.326625
0.3795816	2.633558	1.232755	1.326551
0.3796233	2.630274	1.232686	1.326478
0.379665	2.627037	1.232618	1.326404
0.3797067	2.623853	1.232549	1.32633
0.3797484	2.620731	1.232481	1.326257
0.3797901	2.617677	1.232412	1.326183
0.3798317	2.614697	1.232344	1.326109
0.3798734	2.611798	1.232275	1.326035
0.3799151	2.608986	1.232206	1.325961
0.3799568	2.606267	1.232138	1.325887
0.3799985	2.603645	1.232069	1.325814
0.3800402	2.601126	1.232001	1.32574
0.3800819	2.598691	1.231932	1.325666
0.3801236	2.596412	1.231863	1.325592
0.3801653	2.594225	1.231795	1.325518
0.380207	2.592154	1.231726	1.325444
0.3802487	2.590204	1.231657	1.32537
0.3802904	2.588378	1.231589	1.325296
0.3803321	2.586676	1.23152	1.325223
0.3803738	2.585102	1.231451	1.325149
0.3804155	2.583655	1.231383	1.325075
0.3804572	2.582336	1.231314	1.325001
0.3804989	2.581147	1.231246	1.324927
0.3805406	2.580087	1.231177	1.324854
0.3805823	2.579157	1.231109	1.32478
0.380624	2.578356	1.23104	1.324706
0.3806657	2.577686	1.230972	1.324633
0.3807074	2.577139	1.230903	1.324559
0.3807491	2.576726	1.230835	1.324486
0.3807908	2.576435	1.230767	1.324412
0.3808325	2.576267	1.230698	1.324339
0.3808742	2.576222	1.23063	1.324265
0.3809159	2.576296	1.230562	1.324192
0.3809576	2.576488	1.230494	1.324119
0.3809993	2.576797	1.230426	1.324045
0.381041	2.577218	1.230358	1.323972
0.3810827	2.577749	1.23029	1.323899
0.3811244	2.578388	1.230222	1.323826
0.3811661	2.579131	1.230154	1.323753
0.3812078	2.579976	1.230086	1.32368
0.3812495	2.580918	1.230019	1.323607
0.3812912	2.581958	1.229951	1.323534
0.3813329	2.58309	1.229883	1.323462
0.3813746	2.58431	1.229816	1.323389
0.3814163	2.585615	1.229748	1.323316
0.381458	2.587002	1.229681	1.323244
0.3814997	2.588466	1.229614	1.323171
0.3815414	2.590006	1.229546	1.323099
0.381583	2.591616	1.229479	1.323026
0.3816247	2.593293	1.229412	1.322954
0.3816664	2.595035	1.229345	1.322882
0.3817081	2.596835	1.229277	1.322809
0.3817498	2.598691	1.22921	1.322737
0.3817915	2.6006	1.229143	1.322665
0.3818332	2.602555	1.229076	1.322593
0.3818749	2.604554	1.229009	1.322521
0.3819166	2.606592	1.228942	1.322449
0.3819583	2.608666	1.228876	1.322377
0.382	2.610772	1.228809	1.322305
0.3820417	2.612904	1.228742	1.322233
0.3820834	2.615058	1.228675	1.322161
0.3821251	2.617231	1.228608	1.322089
0.3821668	2.619417	1.228542	1.322018
0.3822085	2.621612	1.228475	1.321946
0.3822502	2.623812	1.228408	1.321874
0.3822919	2.626011	1.228342	1.321802
0.3823336	2.628206	1.228275	1.321731
0.3823753	2.630391	1.228208	1.321659
0.382417	2.632562	1.228142	1.321587
0.3824587	2.634714	1.228075	1.321515
0.3825004	2.636841	1.228008	1.321444
0.3825421	2.63894	1.227942	1.321372
0.3825838	2.641005	1.227875	1.3213
0.3826255	2.643031	1.227808	1.321229
0.3826672	2.645014	1.227742	1.321157
0.3827089	2.646947	1.227675	1.321085
0.3827506	2.648828	1.227609	1.321014
0.3827923	2.65065	1.227542	1.320942
0.382834	2.652408	1.227475	1.32087
0.3828757	2.654099	1.227409	1.320798
0.3829174	2.655718	1.227342	1.320727
0.3829591	2.657258	1.227275	1.320655
0.3830008	2.658717	1.227209	1.320583
0.3830425	2.660089	1.227142	1.320511
0.3830842	2.661371	1.227075	1.32044
0.3831259	2.662558	1.227008	1.320368
0.3831676	2.663647	1.226942	1.320296
0.3832093	2.664633	1.226875	1.320224
0.383251	2.665514	1.226808	1.320152
0.3832926	2.666284	1.226741	1.32008
0.3833343	2.666941	1.226675	1.320009
0.383376	2.667483	1.226608	1.319937
0.3834177	2.667907	1.226541	1.319865
0.3834594	2.668211	1.226474	1.319793
0.3835011	2.668392	1.226408	1.319721
0.3835428	2.668449	1.226341	1.319649
0.3835845	2.66838	1.226274	1.319577
0.3836262	2.668183	1.226207	1.319506
0.3836679	2.667859	1.22614	1.319434
0.3837096	2.667406	1.226074	1.319362
0.3837513	2.666825	1.226007	1.31929
0.383793	2.666117	1.22594	1.319218
0.3838347	2.665281	1.225873	1.319146
0.3838764	2.664321	1.225807	1.319074
0.3839181	2.663236	1.22574	1.319003
0.3839598	2.662027	1.225673	1.318931
0.3840015	2.660697	1.225606	1.318859
0.3840432	2.65925	1.22554	1.318787
0.3840849	2.657686	1.225473	1.318716
0.3841266	2.656015	1.225406	1.318644
0.3841683	2.654232	1.22534	1.318572
0.38421	2.65235	1.225273	1.3185
0.3842517	2.650367	1.225206	1.318429
0.3842934	2.648289	1.22514	1.318357
0.3843351	2.646121	1.225073	1.318285
0.3843768	2.64387	1.225007	1.318214
0.3844185	2.641541	1.22494	1.318142
0.3844602	2.639139	1.224874	1.318071
0.3845019	2.636673	1.224808	1.317999
0.3845436	2.634146	1.224741	1.317928
0.3845853	2.631567	1.224675	1.317857
0.384627	2.628941	1.224608	1.317785
0.3846687	2.626276	1.224542	1.317714
0.3847104	2.623579	1.224476	1.317643
0.3847521	2.620858	1.22441	1.317571
0.3847938	2.618118	1.224344	1.3175
0.3848355	2.615368	1.224277	1.317429
0.3848772	2.612614	1.224211	1.317358
0.3849189	2.609864	1.224145	1.317287
0.3849606	2.607124	1.224079	1.317216
0.3850023	2.604403	1.224013	1.317145
0.3850439	2.601705	1.223947	1.317074
0.3850856	2.59904	1.223881	1.317003
0.3851273	2.596413	1.223815	1.316932
0.385169	2.59383	1.223749	1.316861
0.3852107	2.591296	1.223683	1.31679
0.3852524	2.588819	1.223618	1.316719
0.3852941	2.586404	1.223552	1.316648
0.3853358	2.584055	1.223486	1.316577
0.3853775	2.581777	1.22342	1.316506
0.3854192	2.579578	1.223354	1.316436
0.3854609	2.577457	1.223289	1.316365
0.3855026	2.57542	1.223223	1.316294
0.3855443	2.57347	1.223157	1.316224
0.385586	2.57161	1.223092	1.316153
0.3856277	2.569843	1.223026	1.316082
0.3856694	2.568171	1.22296	1.316012
0.3857111	2.566594	1.222895	1.315941
0.3857528	2.565115	1.222829	1.31587
0.3857945	2.563733	1.222764	1.3158
0.3858362	2.562449	1.222698	1.315729
0.3858779	2.561262	1.222632	1.315659
0.3859196	2.560172	1.222567	1.315588
0.3859613	2.559178	1.222501	1.315518
0.386003	2.558279	1.222436	1.315447
0.3860447	2.557472	1.22237	1.315377
0.3860864	2.556754	1.222305	1.315306
0.3861281	2.556123	1.222239	1.315236
0.3861698	2.555576	1.222174	1.315165
0.3862115	2.555109	1.222108	1.315095
0.3862532	2.554719	1.222043	1.315024
0.3862949	2.554401	1.221977	1.314954
0.3863366	2.554152	1.221912	1.314884
0.3863783	2.553965	1.221847	1.314813
0.38642	2.55384	1.221781	1.314743
0.3864617	2.553767	1.221716	1.314672
0.3865034	2.553742	1.22165	1.314602
0.3865451	2.553762	1.221585	1.314532
0.3865868	2.553818	1.221519	1.314461
0.3866285	2.553899	1.221454	1.314391
0.3866702	2.554017	1.221389	1.31432
0.3867119	2.554164	1.221323	1.31425
0.3867535	2.554321	1.221258	1.31418
0.3867952	2.554488	1.221192	1.314109
0.3868369	2.554661	1.221127	1.314039
0.3868786	2.554836	1.221061	1.313968
0.3869203	2.555007	1.220996	1.313898
0.386962	2.55517	1.220931	1.313827
0.3870037	2.55532	1.220865	1.313757
0.3870454	2.555452	1.2208	1.313687
0.3870871	2.555564	1.220734	1.313616
0.3871288	2.555654	1.220669	1.313546
0.3871705	2.555712	1.220603	1.313475
0.3872122	2.55574	1.220538	1.313405
0.3872539	2.555736	1.220472	1.313334
0.3872956	2.555696	1.220407	1.313264
0.3873373	2.555617	1.220341	1.313193
0.387379	2.5555	1.220276	1.313123
0.3874207	2.555343	1.22021	1.313052
0.3874624	2.555144	1.220145	1.312982
0.3875041	2.554904	1.220079	1.312911
0.3875458	2.554623	1.220013	1.31284
0.3875875	2.5543	1.219948	1.31277
0.3876292	2.553939	1.219882	1.312699
0.3876709	2.553537	1.219816	1.312629
0.3877126	2.553098	1.219751	1.312558
0.3877543	2.552625	1.219685	1.312487
0.387796	2.552118	1.219619	1.312417
0.3878377	2.55158	1.219554	1.312346
0.3878794	2.551015	1.219488	1.312275
0.3879211	2.550426	1.219422	1.312204
0.3879628	2.549815	1.219356	1.312133
0.3880045	2.549187	1.21929	1.312063
0.3880462	2.548544	1.219225	1.311992
0.3880879	2.547895	1.219159	1.311921
0.3881296	2.54724	1.219093	1.31185
0.3881713	2.546583	1.219027	1.311779
0.388213	2.545929	1.218961	1.311708
0.3882547	2.545284	1.218895	1.311637
0.3882964	2.54465	1.218829	1.311566
0.3883381	2.544034	1.218763	1.311495
0.3883798	2.543438	1.218697	1.311424
0.3884215	2.542868	1.218631	1.311353
0.3884632	2.542328	1.218564	1.311281
0.3885048	2.541821	1.218498	1.31121
0.3885465	2.541351	1.218432	1.311139
0.3885882	2.540924	1.218366	1.311068
0.3886299	2.540539	1.2183	1.310996
0.3886716	2.540202	1.218233	1.310925
0.3887133	2.539916	1.218167	1.310854
0.388755	2.539683	1.218101	1.310783
0.3887967	2.539505	1.218035	1.310711
0.3888384	2.539384	1.217968	1.31064
0.3888801	2.539291	1.217902	1.310568
0.3889218	2.539316	1.217836	1.310497
0.3889635	2.539373	1.217769	1.310426
0.3890052	2.53949	1.217703	1.310354
0.3890469	2.539666	1.217636	1.310283
0.3890886	2.539902	1.21757	1.310211
0.3891303	2.540196	1.217504	1.31014
0.389172	2.540546	1.217437	1.310068
0.3892137	2.540951	1.217371	1.309997
0.3892554	2.541409	1.217304	1.309925
0.3892971	2.541916	1.217238	1.309854
0.3893388	2.542471	1.217172	1.309782
0.3893805	2.543068	1.217105	1.309711
0.3894222	2.543705	1.217039	1.30964
0.3894639	2.544377	1.216972	1.309568
0.3895056	2.545079	1.216906	1.309497
0.3895473	2.545808	1.21684	1.309425
0.389589	2.546557	1.216773	1.309354
0.3896307	2.547322	1.216707	1.309283
0.3896724	2.548097	1.216641	1.309211
0.3897141	2.548877	1.216574	1.30914
0.3897558	2.549654	1.216508	1.309069
0.3897975	2.550426	1.216442	1.308997
0.3898392	2.551187	1.216376	1.308926
0.3898809	2.551927	1.21631	1.308855
0.3899226	2.552644	1.216244	1.308784
0.3899643	2.553331	1.216178	1.308713
0.390006	2.553982	1.216112	1.308642
0.3900477	2.554592	1.216046	1.308571
0.3900894	2.555155	1.21598	1.3085
0.3901311	2.555667	1.215914	1.308429
0.3901728	2.556124	1.215848	1.308358
0.3902145	2.556519	1.215782	1.308287
0.3902561	2.55685	1.215717	1.308217
0.3902978	2.557111	1.215651	1.308146
0.3903395	2.557299	1.215585	1.308076
0.3903812	2.557418	1.21552	1.308005
0.3904229	2.55745	1.215454	1.307935
0.3904646	2.557403	1.215389	1.307864
0.3905063	2.557276	1.215324	1.307794
0.390548	2.557065	1.215258	1.307724
0.3905897	2.55677	1.215193	1.307654
0.3906314	2.55639	1.215128	1.307584
0.3906731	2.555925	1.215063	1.307514
0.3907148	2.555377	1.214998	1.307444
0.3907565	2.554746	1.214933	1.307374
0.3907982	2.554033	1.214869	1.307304
0.3908399	2.553242	1.214804	1.307234
0.3908816	2.552375	1.214739	1.307165
0.3909233	2.551434	1.214675	1.307095
0.390965	2.550423	1.21461	1.307026
0.3910067	2.549346	1.214546	1.306957
0.3910484	2.548207	1.214481	1.306887
0.3910901	2.547011	1.214417	1.306818
0.3911318	2.545763	1.214353	1.306749
0.3911735	2.54447	1.214288	1.30668
0.3912152	2.543135	1.214224	1.306611
0.3912569	2.541769	1.21416	1.306542
0.3912986	2.54037	1.214096	1.306473
0.3913403	2.538945	1.214032	1.306404
0.391382	2.537507	1.213969	1.306336
0.3914237	2.53606	1.213905	1.306267
0.3914654	2.534609	1.213841	1.306199
0.3915071	2.533164	1.213777	1.30613
0.3915488	2.531728	1.213714	1.306062
0.3915905	2.530309	1.21365	1.305993
0.3916322	2.528915	1.213587	1.305925
0.3916739	2.52755	1.213523	1.305856
0.3917156	2.526222	1.21346	1.305788
0.3917573	2.524937	1.213396	1.30572
0.391799	2.5237	1.213333	1.305652
0.3918407	2.522517	1.21327	1.305584
0.3918824	2.521394	1.213206	1.305516
0.3919241	2.520335	1.213143	1.305448
0.3919657	2.519346	1.21308	1.30538
0.3920074	2.518431	1.213017	1.305312
0.3920491	2.517593	1.212954	1.305244
0.3920908	2.516835	1.21289	1.305176
0.3921325	2.516162	1.212827	1.305108
0.3921742	2.515575	1.212764	1.30504
0.3922159	2.515078	1.212701	1.304972
0.3922576	2.51467	1.212638	1.304904
0.3922993	2.514355	1.212575	1.304836
0.392341	2.514133	1.212512	1.304768
0.3923827	2.514004	1.212449	1.304701
0.3924244	2.513966	1.212386	1.304633
0.3924661	2.51402	1.212323	1.304565
0.3925078	2.514164	1.21226	1.304497
0.3925495	2.514397	1.212197	1.304429
0.3925912	2.514716	1.212134	1.304361
0.3926329	2.515119	1.212071	1.304293
0.3926746	2.515603	1.212008	1.304226
0.3927163	2.516163	1.211945	1.304158
0.392758	2.516793	1.211882	1.30409
0.3927997	2.517497	1.211818	1.304022
0.3928414	2.518262	1.211755	1.303954
0.3928831	2.519085	1.211692	1.303886
0.3929248	2.519959	1.211629	1.303818
0.3929665	2.520885	1.211566	1.30375
0.3930082	2.521847	1.211503	1.303682
0.3930499	2.522846	1.21144	1.303614
0.3930916	2.523872	1.211376	1.303546
0.3931333	2.52492	1.211313	1.303478
0.393175	2.525983	1.21125	1.30341
0.3932167	2.527053	1.211187	1.303342
0.3932584	2.528123	1.211123	1.303274
0.3933001	2.529189	1.21106	1.303206
0.3933418	2.530236	1.210997	1.303138
0.3933835	2.531265	1.210933	1.30307
0.3934252	2.532264	1.21087	1.303001
0.3934669	2.533229	1.210806	1.302933
0.3935086	2.534152	1.210743	1.302865
0.3935503	2.535026	1.210679	1.302796
0.393592	2.535845	1.210616	1.302728
0.3936337	2.536601	1.210552	1.30266
0.3936754	2.53729	1.210489	1.302591
0.393717	2.537904	1.210425	1.302523
0.3937587	2.538439	1.210361	1.302454
0.3938004	2.538891	1.210298	1.302385
0.3938421	2.539253	1.210234	1.302317
0.3938838	2.539519	1.21017	1.302248
0.3939255	2.539688	1.210106	1.302179
0.3939672	2.539755	1.210042	1.302111
0.3940089	2.539716	1.209978	1.302042
0.3940506	2.539566	1.209914	1.301973
0.3940923	2.539312	1.20985	1.301904
0.394134	2.538942	1.209786	1.301835
0.3941757	2.538459	1.209722	1.301766
0.3942174	2.537862	1.209658	1.301697
0.3942591	2.537149	1.209593	1.301628
0.3943008	2.53632	1.209529	1.301559
0.3943425	2.535377	1.209465	1.301489
0.3943842	2.534319	1.2094	1.30142
0.3944259	2.53315	1.209336	1.301351
0.3944676	2.531871	1.209272	1.301281
0.3945093	2.530484	1.209207	1.301212
0.394551	2.528993	1.209142	1.301142
0.3945927	2.5274	1.209078	1.301073
0.3946344	2.525709	1.209013	1.301003
0.3946761	2.523924	1.208949	1.300934
0.3947178	2.52205	1.208884	1.300864
0.3947595	2.520092	1.208819	1.300794
0.3948012	2.518056	1.208754	1.300725
0.3948429	2.515947	1.208689	1.300655
0.3948846	2.51377	1.208624	1.300585
0.3949263	2.511533	1.208559	1.300515
0.394968	2.50924	1.208495	1.300445
0.3950097	2.506899	1.20843	1.300375
0.3950514	2.504517	1.208365	1.300305
0.3950931	2.5021	1.208299	1.300235
0.3951348	2.499654	1.208234	1.300165
0.3951765	2.497191	1.208169	1.300095
0.3952182	2.494713	1.208104	1.300025
0.3952599	2.492229	1.208039	1.299955
0.3953016	2.489745	1.207974	1.299885
0.3953433	2.487269	1.207909	1.299815
0.395385	2.484808	1.207844	1.299745
0.3954266	2.482368	1.207779	1.299675
0.3954683	2.479956	1.207713	1.299605
0.39551	2.477579	1.207648	1.299535
0.3955517	2.475242	1.207583	1.299465
0.3955934	2.472952	1.207518	1.299394
0.3956351	2.470713	1.207453	1.299324
0.3956768	2.468535	1.207388	1.299254
0.3957185	2.466419	1.207323	1.299184
0.3957602	2.46437	1.207258	1.299114
0.3958019	2.462393	1.207193	1.299044
0.3958436	2.460493	1.207128	1.298974
0.3958853	2.458673	1.207063	1.298904
0.395927	2.456936	1.206998	1.298835
0.3959687	2.455287	1.206933	1.298765
0.3960104	2.453726	1.206868	1.298695
0.3960521	2.452257	1.206803	1.298625
0.3960938	2.450881	1.206738	1.298555
0.3961355	2.4496	1.206674	1.298486
0.3961772	2.448414	1.206609	1.298416
0.3962189	2.447323	1.206544	1.298347
0.3962606	2.44633	1.20648	1.298277
0.3963023	2.445433	1.206415	1.298208
0.396344	2.444633	1.206351	1.298138
0.3963857	2.443927	1.206286	1.298069
0.3964274	2.443315	1.206222	1.298
0.3964691	2.442796	1.206158	1.297931
0.3965108	2.442367	1.206093	1.297861
0.3965525	2.442027	1.206029	1.297792
0.3965942	2.441773	1.205965	1.297723
0.3966359	2.441604	1.205901	1.297654
0.3966776	2.441517	1.205837	1.297586
0.3967193	2.441507	1.205773	1.297517
0.396761	2.441572	1.205709	1.297448
0.3968027	2.441709	1.205646	1.297379
0.3968444	2.441915	1.205582	1.297311
0.3968861	2.442185	1.205518	1.297242
0.3969278	2.442517	1.205455	1.297174
0.3969695	2.442907	1.205391	1.297106
0.3970112	2.44335	1.205328	1.297037
0.3970529	2.443825	1.205264	1.296969
0.3970946	2.444385	1.205201	1.296901
0.3971363	2.444967	1.205138	1.296833
0.3971779	2.445589	1.205074	1.296765
0.3972196	2.446245	1.205011	1.296697
0.3972613	2.446933	1.204948	1.296629
0.397303	2.44765	1.204885	1.296561
0.3973447	2.448391	1.204822	1.296494
0.3973864	2.449152	1.204759	1.296426
0.3974281	2.449931	1.204697	1.296358
0.3974698	2.450725	1.204634	1.296291
0.3975115	2.45153	1.204571	1.296223
0.3975532	2.452346	1.204508	1.296156
0.3975949	2.453163	1.204446	1.296088
0.3976366	2.453985	1.204383	1.296021
0.3976783	2.454808	1.204321	1.295954
0.39772	2.455628	1.204258	1.295887
0.3977617	2.456443	1.204196	1.295819
0.3978034	2.457252	1.204133	1.295752
0.3978451	2.458052	1.204071	1.295685
0.3978868	2.458842	1.204009	1.295618
0.3979285	2.459619	1.203947	1.295551
0.3979702	2.460382	1.203884	1.295484
0.3980119	2.46113	1.203822	1.295417
0.3980536	2.461861	1.20376	1.29535
0.3980953	2.462574	1.203698	1.295284
0.398137	2.463268	1.203636	1.295217
0.3981787	2.463941	1.203574	1.29515
0.3982204	2.464593	1.203512	1.295083
0.3982621	2.465223	1.20345	1.295016
0.3983038	2.465816	1.203388	1.29495
0.3983455	2.466414	1.203326	1.294883
0.3983872	2.466974	1.203264	1.294816
0.3984289	2.467509	1.203202	1.29475
0.3984706	2.468019	1.20314	1.294683
0.3985123	2.468504	1.203078	1.294616
0.398554	2.468963	1.203016	1.29455
0.3985957	2.469397	1.202954	1.294483
0.3986374	2.469805	1.202892	1.294416
0.3986791	2.470186	1.20283	1.29435
0.3987208	2.470542	1.202768	1.294283
0.3987625	2.470871	1.202706	1.294216
0.3988042	2.471175	1.202644	1.29415
0.3988459	2.471448	1.202582	1.294083
0.3988876	2.471704	1.20252	1.294016
0.3989292	2.471931	1.202458	1.29395
0.3989709	2.472131	1.202396	1.293883
0.3990126	2.472306	1.202335	1.293816
0.3990543	2.472456	1.202273	1.29375
0.399096	2.472581	1.202211	1.293683
0.3991377	2.472682	1.202149	1.293616
0.3991794	2.47276	1.202086	1.29355
0.3992211	2.472812	1.202024	1.293483
0.3992628	2.472842	1.201962	1.293416
0.3993045	2.472849	1.2019	1.293349
0.3993462	2.472833	1.201838	1.293282
0.3993879	2.472788	1.201776	1.293216
0.3994296	2.472736	1.201714	1.293149
0.3994713	2.472655	1.201652	1.293082
0.399513	2.472554	1.20159	1.293015
0.3995547	2.472432	1.201527	1.292948
0.3995964	2.472294	1.201465	1.292881
0.3996381	2.47213	1.201403	1.292814
0.3996798	2.47201	1.201341	1.292747
0.3997215	2.471753	1.201278	1.29268
0.3997632	2.471538	1.201216	1.292613
0.3998049	2.471304	1.201154	1.292546
0.3998466	2.471055	1.201091	1.292479
0.3998883	2.47079	1.201029	1.292412
0.39993	2.470508	1.200967	1.292345
0.3999717	2.47021	1.200904	1.292277
0.4000134	2.469897	1.200842	1.29221
0.4000551	2.46957	1.200779	1.292143
0.4000968	2.469227	1.200717	1.292076
0.4001385	2.468871	1.200654	1.292008
0.4001802	2.4685	1.200592	1.291941
0.4002219	2.468116	1.200529	1.291874
0.4002636	2.467718	1.200466	1.291806
0.4003053	2.467306	1.200404	1.291739
0.400347	2.46688	1.200341	1.291671
0.4003887	2.466441	1.200278	1.291604
0.4004304	2.465989	1.200216	1.291536
0.4004721	2.465521	1.200153	1.291469
0.4005138	2.465042	1.20009	1.291401
0.4005555	2.464548	1.200027	1.291334
0.4005972	2.464039	1.199965	1.291266
0.4006388	2.463516	1.199902	1.291199
0.4006805	2.462978	1.199839	1.291131
0.4007222	2.462424	1.199776	1.291063
0.4007639	2.461855	1.199713	1.290996
0.4008056	2.46127	1.19965	1.290928
0.4008473	2.460668	1.199587	1.29086
0.400889	2.46005	1.199524	1.290792
0.4009307	2.459414	1.199461	1.290724
0.4009724	2.458759	1.199398	1.290657
0.4010141	2.458086	1.199335	1.290589
0.4010558	2.457394	1.199272	1.290521
0.4010975	2.456683	1.199209	1.290453
0.4011392	2.455951	1.199146	1.290385
0.4011809	2.455199	1.199083	1.290317
0.4012226	2.454426	1.19902	1.29025
0.4012643	2.453632	1.198957	1.290182
0.401306	2.452815	1.198894	1.290114
0.4013477	2.451977	1.19883	1.290046
0.4013894	2.451116	1.198767	1.289978
0.4014311	2.450233	1.198704	1.28991
0.4014728	2.449328	1.198641	1.289842
0.4015145	2.448399	1.198578	1.289774
0.4015562	2.447501	1.198515	1.289706
0.4015979	2.446476	1.198452	1.289639
0.4016396	2.44548	1.198389	1.289571
0.4016813	2.44446	1.198326	1.289503
0.401723	2.443425	1.198263	1.289435
0.4017647	2.442366	1.1982	1.289367
0.4018064	2.441287	1.198137	1.289299
0.4018481	2.440188	1.198074	1.289232
0.4018898	2.439072	1.198011	1.289164
0.4019315	2.437937	1.197948	1.289096
0.4019732	2.436787	1.197885	1.289029
0.4020149	2.435621	1.197822	1.288961
0.4020566	2.434441	1.19776	1.288894
0.4020983	2.433249	1.197697	1.288826
0.40214	2.432047	1.197634	1.288759
0.4021817	2.430835	1.197572	1.288691
0.4022234	2.429616	1.197509	1.288624
0.4022651	2.428391	1.197446	1.288556
0.4023068	2.427162	1.197384	1.288489
0.4023485	2.425932	1.197321	1.288422
0.4023901	2.424701	1.197259	1.288355
0.4024318	2.423473	1.197197	1.288288
0.4024735	2.422249	1.197134	1.288221
0.4025152	2.421031	1.197072	1.288154
0.4025569	2.419822	1.19701	1.288087
0.4025986	2.418623	1.196948	1.28802
0.4026403	2.417438	1.196886	1.287953
0.402682	2.416268	1.196824	1.287886
0.4027237	2.415115	1.196762	1.28782
0.4027654	2.413981	1.1967	1.287753
0.4028071	2.412868	1.196638	1.287686
0.4028488	2.411779	1.196576	1.28762
0.4028905	2.410715	1.196514	1.287553
0.4029322	2.409678	1.196453	1.287487
0.4029739	2.408671	1.196391	1.287421
0.4030156	2.407695	1.196329	1.287354
0.4030573	2.406751	1.196268	1.287288
0.403099	2.405841	1.196206	1.287222
0.4031407	2.40497	1.196145	1.287156
0.4031824	2.404128	1.196083	1.28709
0.4032241	2.403329	1.196022	1.287024
0.4032658	2.402569	1.195961	1.286958
0.4033075	2.401849	1.195899	1.286892
0.4033492	2.40117	1.195838	1.286826
0.4033909	2.400533	1.195777	1.28676
0.4034326	2.399938	1.195715	1.286694
0.4034743	2.399386	1.195654	1.286628
0.403516	2.398876	1.195593	1.286562
0.4035577	2.39841	1.195532	1.286496
0.4035994	2.397987	1.195471	1.28643
0.4036411	2.397607	1.195409	1.286364
0.4036828	2.39727	1.195348	1.286299
0.4037245	2.396975	1.195287	1.286233
0.4037662	2.396721	1.195226	1.286167
0.4038079	2.396509	1.195165	1.286101
0.4038496	2.396338	1.195103	1.286035
0.4038913	2.396205	1.195042	1.285969
0.403933	2.396112	1.194981	1.285904
0.4039747	2.396055	1.19492	1.285838
0.4040164	2.396035	1.194859	1.285772
0.4040581	2.39605	1.194797	1.285706
0.4040997	2.396098	1.194736	1.28564
0.4041414	2.396179	1.194675	1.285574
0.4041831	2.396287	1.194613	1.285508
0.4042248	2.396426	1.194552	1.285442
0.4042665	2.396592	1.194491	1.285376
0.4043082	2.396782	1.194429	1.28531
0.4043499	2.396996	1.194368	1.285243
0.4043916	2.397231	1.194306	1.285177
0.4044333	2.397485	1.194245	1.285111
0.404475	2.397758	1.194183	1.285045
0.4045167	2.398045	1.194121	1.284979
0.4045584	2.398345	1.19406	1.284912
0.4046001	2.398657	1.193998	1.284846
0.4046418	2.398979	1.193937	1.28478
0.4046835	2.399307	1.193875	1.284713
0.4047252	2.39964	1.193813	1.284647
0.4047669	2.399976	1.193751	1.28458
0.4048086	2.400313	1.19369	1.284514
0.4048503	2.40065	1.193628	1.284447
0.404892	2.400982	1.193566	1.284381
0.4049337	2.401309	1.193504	1.284314
0.4049754	2.401629	1.193442	1.284248
0.4050171	2.401941	1.19338	1.284181
0.4050588	2.40224	1.193319	1.284115
0.4051005	2.402527	1.193257	1.284048
0.4051422	2.402799	1.193195	1.283981
0.4051839	2.403053	1.193133	1.283915
0.4052256	2.403291	1.193071	1.283848
0.4052673	2.403507	1.193009	1.283782
0.405309	2.403701	1.192947	1.283715
0.4053507	2.403873	1.192885	1.283648
0.4053924	2.40402	1.192823	1.283582
0.4054341	2.40414	1.192762	1.283515
0.4054758	2.404233	1.1927	1.283449
0.4055175	2.404297	1.192638	1.283382
0.4055592	2.40433	1.192576	1.283316
0.4056009	2.404333	1.192514	1.283249
0.4056426	2.404303	1.192453	1.283183
0.4056843	2.404239	1.192391	1.283116
0.405726	2.404142	1.192329	1.28305
0.4057677	2.40401	1.192267	1.282983
0.4058094	2.403843	1.192206	1.282917
0.405851	2.40364	1.192144	1.282851
0.4058927	2.403401	1.192082	1.282784
0.4059344	2.403125	1.192021	1.282718
0.4059761	2.402813	1.191959	1.282652
0.4060178	2.402463	1.191898	1.282586
0.4060595	2.402076	1.191836	1.282519
0.4061012	2.401654	1.191775	1.282453
0.4061429	2.401195	1.191713	1.282387
0.4061846	2.400699	1.191652	1.282321
0.4062263	2.40017	1.191591	1.282255
0.406268	2.399605	1.191529	1.282189
0.4063097	2.399006	1.191468	1.282123
0.4063514	2.398376	1.191407	1.282057
0.4063931	2.397713	1.191346	1.281992
0.4064348	2.39702	1.191285	1.281926
0.4064765	2.396298	1.191224	1.28186
0.4065182	2.395548	1.191162	1.281794
0.4065599	2.394772	1.191101	1.281729
0.4066016	2.393971	1.19104	1.281663
0.4066433	2.393149	1.19098	1.281598
0.406685	2.392306	1.190919	1.281532
0.4067267	2.391443	1.190858	1.281466
0.4067684	2.390565	1.190797	1.281401
0.4068101	2.389672	1.190736	1.281335
0.4068518	2.388768	1.190675	1.28127
0.4068935	2.387852	1.190614	1.281205
0.4069352	2.386929	1.190554	1.281139
0.4069769	2.386005	1.190493	1.281074
0.4070186	2.385076	1.190432	1.281008
0.4070603	2.384148	1.190371	1.280943
0.407102	2.383223	1.190311	1.280878
0.4071437	2.382304	1.19025	1.280813
0.4071854	2.381393	1.190189	1.280747
0.4072271	2.380493	1.190129	1.280682
0.4072688	2.379607	1.190068	1.280617
0.4073105	2.378738	1.190008	1.280552
0.4073522	2.377887	1.189947	1.280486
0.4073939	2.377057	1.189886	1.280421
0.4074356	2.376251	1.189826	1.280356
0.4074773	2.375472	1.189765	1.280291
0.407519	2.374721	1.189704	1.280225
0.4075607	2.374	1.189644	1.28016
0.4076023	2.373312	1.189583	1.280095
0.407644	2.372659	1.189523	1.28003
0.4076857	2.372043	1.189462	1.279965
0.4077274	2.37147	1.189402	1.279899
0.4077691	2.370926	1.189341	1.279834
0.4078108	2.370429	1.18928	1.279769
0.4078525	2.369974	1.18922	1.279704
0.4078942	2.369561	1.189159	1.279639
0.4079359	2.369193	1.189098	1.279573
0.4079776	2.36887	1.189038	1.279508
0.4080193	2.368592	1.188977	1.279443
0.408061	2.368359	1.188916	1.279378
0.4081027	2.368171	1.188856	1.279312
0.4081444	2.368028	1.188795	1.279247
0.4081861	2.367929	1.188734	1.279182
0.4082278	2.367874	1.188674	1.279116
0.4082695	2.367864	1.188613	1.279051
0.4083112	2.367893	1.188552	1.278986
0.4083529	2.367964	1.188492	1.27892
0.4083946	2.368074	1.188431	1.278855
0.4084363	2.368221	1.18837	1.27879
0.408478	2.368404	1.188309	1.278724
0.4085197	2.368619	1.188249	1.278659
0.4085614	2.368866	1.188188	1.278593
0.4086031	2.369141	1.188127	1.278528
0.4086448	2.369442	1.188066	1.278463
0.4086865	2.369767	1.188005	1.278397
0.4087282	2.370112	1.187945	1.278332
0.4087699	2.370475	1.187884	1.278266
0.4088116	2.370851	1.187823	1.278201
0.4088533	2.371239	1.187762	1.278135
0.408895	2.371635	1.187701	1.27807
0.4089367	2.372016	1.187641	1.278005
0.4089784	2.372437	1.18758	1.277939
0.4090201	2.372837	1.187519	1.277874
0.4090618	2.373231	1.187458	1.277808
0.4091035	2.373617	1.187397	1.277743
0.4091452	2.373991	1.187337	1.277678
0.4091869	2.37435	1.187276	1.277612
0.4092286	2.374691	1.187215	1.277547
0.4092703	2.37501	1.187155	1.277482
0.4093119	2.375305	1.187094	1.277416
0.4093536	2.375579	1.187033	1.277351
0.4093953	2.375814	1.186972	1.277286
0.409437	2.376024	1.186912	1.27722
0.4094787	2.376194	1.186851	1.277155
0.4095204	2.376301	1.18679	1.27709
0.4095621	2.37643	1.18673	1.277025
0.4096038	2.376489	1.186669	1.276959
0.4096455	2.376505	1.186609	1.276894
0.4096872	2.37648	1.186548	1.276829
0.4097289	2.376412	1.186488	1.276764
0.4097706	2.3763	1.186427	1.276699
0.4098123	2.37614	1.186367	1.276634
0.409854	2.375937	1.186306	1.276569
0.4098957	2.375689	1.186246	1.276503
0.4099374	2.375396	1.186185	1.276438
0.4099791	2.375058	1.186125	1.276373
0.4100208	2.374676	1.186064	1.276308
0.4100625	2.374252	1.186004	1.276244
0.4101042	2.373786	1.185944	1.276179
0.4101459	2.373279	1.185883	1.276114
0.4101876	2.372736	1.185823	1.276049
0.4102293	2.372153	1.185763	1.275984
0.410271	2.371536	1.185703	1.275919
0.4103127	2.37089	1.185643	1.275854
0.4103544	2.370206	1.185582	1.27579
0.4103961	2.369498	1.185522	1.275725
0.4104378	2.368764	1.185462	1.27566
0.4104795	2.368008	1.185402	1.275596
0.4105212	2.367234	1.185342	1.275531
0.4105629	2.366437	1.185282	1.275466
0.4106046	2.365629	1.185222	1.275402
0.4106463	2.364809	1.185162	1.275337
0.410688	2.36398	1.185102	1.275273
0.4107297	2.363145	1.185042	1.275208
0.4107714	2.362306	1.184982	1.275144
0.4108131	2.361469	1.184922	1.275079
0.4108548	2.360635	1.184862	1.275015
0.4108965	2.359812	1.184802	1.27495
0.4109382	2.358984	1.184742	1.274886
0.4109799	2.358173	1.184682	1.274821
0.4110216	2.357374	1.184623	1.274757
0.4110632	2.356591	1.184563	1.274693
0.4111049	2.355824	1.184503	1.274628
0.4111466	2.355072	1.184443	1.274564
0.4111883	2.354348	1.184384	1.2745
0.41123	2.353643	1.184324	1.274435
0.4112717	2.352961	1.184264	1.274371
0.4113134	2.352303	1.184205	1.274307
0.4113551	2.351671	1.184145	1.274243
0.4113968	2.351079	1.184085	1.274179
0.4114385	2.350487	1.184026	1.274115
0.4114802	2.349934	1.183966	1.27405
0.4115219	2.34941	1.183907	1.273986
0.4115636	2.348912	1.183847	1.273922
0.4116053	2.348441	1.183787	1.273858
0.411647	2.347997	1.183728	1.273794
0.4116887	2.347579	1.183669	1.27373
0.4117304	2.347185	1.183609	1.273666
0.4117721	2.346816	1.18355	1.273602
0.4118138	2.346469	1.18349	1.273538
0.4118555	2.346144	1.183431	1.273475
0.4118972	2.345838	1.183372	1.273411
0.4119389	2.345552	1.183312	1.273347
0.4119806	2.34528	1.183253	1.273283
0.4120223	2.345216	1.183194	1.273219
0.412064	2.344788	1.183134	1.273156
0.4121057	2.344558	1.183075	1.273092
0.4121474	2.344339	1.183016	1.273028
0.4121891	2.344126	1.182957	1.272964
0.4122308	2.34392	1.182898	1.272901
0.4122725	2.343716	1.182838	1.272837
0.4123142	2.343513	1.182779	1.272773
0.4123559	2.34331	1.18272	1.27271
0.4123976	2.343105	1.182661	1.272646
0.4124393	2.342895	1.182602	1.272583
0.412481	2.342678	1.182543	1.272519
0.4125227	2.342454	1.182484	1.272455
0.4125644	2.342219	1.182425	1.272392
0.4126061	2.341972	1.182366	1.272328
0.4126478	2.341712	1.182306	1.272265
0.4126895	2.341441	1.182247	1.272201
0.4127312	2.341146	1.182188	1.272137
0.4127729	2.340838	1.182129	1.272074
0.4128145	2.34051	1.18207	1.27201
0.4128562	2.340164	1.182011	1.271946
0.4128979	2.339796	1.181952	1.271883
0.4129396	2.339407	1.181893	1.271819
0.4129813	2.338995	1.181833	1.271755
0.413023	2.338561	1.181774	1.271692
0.4130647	2.338104	1.181715	1.271628
0.4131064	2.337624	1.181656	1.271564
0.4131481	2.33712	1.181596	1.2715
0.4131898	2.336593	1.181537	1.271436
0.4132315	2.336042	1.181478	1.271373
0.4132732	2.335467	1.181418	1.271309
0.4133149	2.334869	1.181359	1.271245
0.4133566	2.334248	1.181299	1.271181
0.4133983	2.333606	1.18124	1.271117
0.41344	2.332941	1.18118	1.271052
0.4134817	2.332255	1.18112	1.270988
0.4135234	2.331548	1.181061	1.270924
0.4135651	2.330822	1.181001	1.27086
0.4136068	2.330076	1.180941	1.270795
0.4136485	2.329312	1.180881	1.270731
0.4136902	2.328533	1.180821	1.270667
0.4137319	2.327733	1.180761	1.270602
0.4137736	2.326919	1.180701	1.270537
0.4138153	2.326091	1.180641	1.270473
0.413857	2.325248	1.180581	1.270408
0.4138987	2.324392	1.180521	1.270343
0.4139404	2.323525	1.180461	1.270279
0.4139821	2.322645	1.180401	1.270214
0.4140238	2.321756	1.18034	1.270149
0.4140655	2.320859	1.18028	1.270084
0.4141072	2.319949	1.180219	1.270019
0.4141489	2.319032	1.180159	1.269954
0.4141906	2.318109	1.180098	1.269889
0.4142323	2.317179	1.180038	1.269823
0.414274	2.316243	1.179977	1.269758
0.4143157	2.315302	1.179917	1.269693
0.4143574	2.314355	1.179856	1.269628
0.4143991	2.313404	1.179795	1.269562
0.4144408	2.31245	1.179735	1.269497
0.4144825	2.311496	1.179674	1.269432
0.4145241	2.310537	1.179613	1.269366
0.4145658	2.309576	1.179552	1.269301
0.4146075	2.308612	1.179491	1.269235
0.4146492	2.307651	1.179431	1.26917
0.4146909	2.306695	1.17937	1.269104
0.4147326	2.305724	1.179309	1.269039
0.4147743	2.304762	1.179248	1.268974
0.414816	2.303801	1.179187	1.268908
0.4148577	2.302841	1.179126	1.268843
0.4148994	2.301885	1.179066	1.268777
0.4149411	2.300931	1.179005	1.268712
0.4149828	2.299982	1.178944	1.268646
0.4150245	2.299038	1.178883	1.268581
0.4150662	2.2981	1.178823	1.268516
0.4151079	2.297168	1.178762	1.26845
0.4151496	2.296243	1.178701	1.268385
0.4151913	2.295331	1.178641	1.26832
0.415233	2.294427	1.17858	1.268255
0.4152747	2.293535	1.17852	1.26819
0.4153164	2.292657	1.178459	1.268124
0.4153581	2.291794	1.178399	1.268059
0.4153998	2.290947	1.178338	1.267994
0.4154415	2.290119	1.178278	1.26793
0.4154832	2.289309	1.178218	1.267865
0.4155249	2.288525	1.178158	1.2678
0.4155666	2.28775	1.178097	1.267735
0.4156083	2.287034	1.178037	1.267671
0.41565	2.286325	1.177977	1.267606
0.4156917	2.285652	1.177918	1.267542
0.4157334	2.285014	1.177858	1.267477
0.4157751	2.284405	1.177798	1.267413
0.4158168	2.283837	1.177738	1.267349
0.4158585	2.283322	1.177679	1.267285
0.4159002	2.282842	1.177619	1.267221
0.4159419	2.28241	1.17756	1.267157
0.4159836	2.282027	1.177501	1.267093
0.4160253	2.281696	1.177441	1.267029
0.416067	2.281419	1.177382	1.266966
0.4161087	2.281199	1.177323	1.266902
0.4161504	2.281038	1.177264	1.266838
0.4161921	2.280937	1.177205	1.266775
0.4162338	2.280901	1.177146	1.266712
0.4162754	2.28093	1.177088	1.266649
0.4163171	2.281027	1.177029	1.266585
0.4163588	2.281193	1.17697	1.266522
0.4164005	2.281429	1.176912	1.266459
0.4164422	2.281736	1.176853	1.266396
0.4164839	2.282116	1.176795	1.266334
0.4165256	2.282569	1.176736	1.266271
0.4165673	2.283095	1.176678	1.266208
0.416609	2.283697	1.17662	1.266145
0.4166507	2.284376	1.176562	1.266083
0.4166924	2.285121	1.176504	1.26602
0.4167341	2.285943	1.176446	1.265958
0.4167758	2.286836	1.176388	1.265896
0.4168175	2.287799	1.17633	1.265833
0.4168592	2.288831	1.176272	1.265771
0.4169009	2.28993	1.176214	1.265709
0.4169426	2.291093	1.176156	1.265646
0.4169843	2.292319	1.176098	1.265584
0.417026	2.293603	1.176041	1.265522
0.4170677	2.294942	1.175983	1.26546
0.4171094	2.296333	1.175925	1.265398
0.4171511	2.297772	1.175868	1.265336
0.4171928	2.299255	1.17581	1.265274
0.4172345	2.300777	1.175752	1.265212
0.4172762	2.302332	1.175695	1.26515
0.4173179	2.30392	1.175637	1.265088
0.4173596	2.305531	1.175579	1.265026
0.4174013	2.307161	1.175522	1.264964
0.417443	2.308804	1.175464	1.264902
0.4174847	2.310455	1.175407	1.26484
0.4175264	2.312109	1.175349	1.264778
0.4175681	2.313759	1.175291	1.264716
0.4176098	2.3154	1.175234	1.264654
0.4176515	2.317025	1.175176	1.264592
0.4176932	2.318628	1.175118	1.26453
0.4177349	2.320204	1.175061	1.264468
0.4177766	2.321747	1.175003	1.264406
0.4178183	2.32325	1.174945	1.264343
0.41786	2.324709	1.174888	1.264281
0.4179017	2.326117	1.17483	1.264219
0.4179434	2.327469	1.174772	1.264157
0.417985	2.32876	1.174715	1.264095
0.4180267	2.329984	1.174657	1.264033
0.4180684	2.331138	1.174599	1.263971
0.4181101	2.332217	1.174541	1.263909
0.4181518	2.333215	1.174484	1.263847
0.4181935	2.334131	1.174426	1.263784
0.4182352	2.334959	1.174368	1.263722
0.4182769	2.335695	1.17431	1.26366
0.4183186	2.336339	1.174252	1.263598
0.4183603	2.336884	1.174195	1.263535
0.418402	2.337335	1.174137	1.263473
0.4184437	2.337682	1.174079	1.263411
0.4184854	2.337927	1.174021	1.263349
0.4185271	2.33807	1.173963	1.263286
0.4185688	2.338109	1.173905	1.263224
0.4186105	2.338043	1.173847	1.263162
0.4186522	2.337872	1.17379	1.2631
0.4186939	2.337596	1.173732	1.263037
0.4187356	2.337218	1.173674	1.262975
0.4187773	2.336737	1.173616	1.262913
0.418819	2.336154	1.173558	1.262851
0.4188607	2.335472	1.1735	1.262788
0.4189024	2.334693	1.173442	1.262726
0.4189441	2.333816	1.173384	1.262664
0.4189858	2.332848	1.173327	1.262601
0.4190275	2.331788	1.173269	1.262539
0.4190692	2.330642	1.173211	1.262477
0.4191109	2.329411	1.173153	1.262415
0.4191526	2.3281	1.173095	1.262352
0.4191943	2.326712	1.173037	1.26229
0.419236	2.32525	1.172979	1.262228
0.4192777	2.323719	1.172922	1.262166
0.4193194	2.322121	1.172864	1.262103
0.4193611	2.320462	1.172806	1.262041
0.4194028	2.318745	1.172748	1.261979
0.4194445	2.316974	1.17269	1.261916
0.4194862	2.315154	1.172632	1.261854
0.4195279	2.313289	1.172574	1.261792
0.4195696	2.311383	1.172516	1.26173
0.4196113	2.30944	1.172458	1.261667
0.419653	2.30748	1.172401	1.261605
0.4196947	2.305457	1.172343	1.261543
0.4197363	2.303426	1.172285	1.26148
0.419778	2.301374	1.172227	1.261418
0.4198197	2.299303	1.172169	1.261355
0.4198614	2.297218	1.172111	1.261293
0.4199031	2.295122	1.172053	1.261231
0.4199448	2.293018	1.171995	1.261168
0.4199865	2.290913	1.171937	1.261106
0.4200282	2.288798	1.171878	1.261043
0.4200699	2.286687	1.17182	1.260981
0.4201116	2.28458	1.171762	1.260918
0.4201533	2.282478	1.171704	1.260855
0.420195	2.280384	1.171646	1.260793
0.4202367	2.278299	1.171587	1.26073
0.4202784	2.276226	1.171529	1.260667
0.4203201	2.274166	1.171471	1.260605
0.4203618	2.272121	1.171413	1.260542
0.4204035	2.27009	1.171354	1.260479
0.4204452	2.268077	1.171296	1.260416
0.4204869	2.266082	1.171237	1.260353
0.4205286	2.264106	1.171179	1.26029
0.4205703	2.262149	1.17112	1.260227
0.420612	2.260212	1.171062	1.260164
0.4206537	2.258296	1.171003	1.260101
0.4206954	2.256401	1.170944	1.260038
0.4207371	2.254526	1.170886	1.259975
0.4207788	2.252675	1.170827	1.259912
0.4208205	2.250844	1.170768	1.259848
0.4208622	2.249035	1.170709	1.259785
0.4209039	2.247248	1.170651	1.259722
0.4209456	2.245483	1.170592	1.259659
0.4209873	2.243741	1.170533	1.259595
0.421029	2.242019	1.170474	1.259532
0.4210707	2.240323	1.170415	1.259469
0.4211124	2.238647	1.170356	1.259405
0.4211541	2.236995	1.170297	1.259342
0.4211958	2.235366	1.170238	1.259278
0.4212375	2.23376	1.170179	1.259215
0.4212792	2.232179	1.17012	1.259151
0.4213209	2.230622	1.170061	1.259088
0.4213626	2.229093	1.170002	1.259024
0.4214043	2.227585	1.169944	1.258961
0.421446	2.226109	1.169885	1.258897
0.4214876	2.224661	1.169826	1.258834
0.4215293	2.223241	1.169767	1.258771
0.421571	2.221853	1.169708	1.258707
0.4216127	2.220498	1.169649	1.258644
0.4216544	2.219177	1.16959	1.25858
0.4216961	2.217893	1.169531	1.258517
0.4217378	2.216647	1.169472	1.258453
0.4217795	2.215442	1.169413	1.25839
0.4218212	2.21428	1.169354	1.258327
0.4218629	2.213163	1.169295	1.258263
0.4219046	2.212094	1.169236	1.2582
0.4219463	2.211076	1.169178	1.258137
0.421988	2.210113	1.169119	1.258074
0.4220297	2.209205	1.16906	1.25801
0.4220714	2.208357	1.169001	1.257947
0.4221131	2.207572	1.168943	1.257884
0.4221548	2.206853	1.168884	1.257821
0.4221965	2.206203	1.168826	1.257758
0.4222382	2.205625	1.168767	1.257695
0.4222799	2.205122	1.168709	1.257632
0.4223216	2.204698	1.16865	1.257569
0.4223633	2.204357	1.168592	1.257506
0.422405	2.204101	1.168533	1.257443
0.4224467	2.203932	1.168475	1.257381
0.4224884	2.203847	1.168417	1.257318
0.4225301	2.203868	1.168358	1.257255
0.4225718	2.203979	1.1683	1.257193
0.4226135	2.204188	1.168242	1.25713
0.4226552	2.204499	1.168184	1.257067
0.4226969	2.204912	1.168126	1.257005
0.4227386	2.205429	1.168068	1.256942
0.4227803	2.206052	1.16801	1.25688
0.422822	2.206781	1.167952	1.256818
0.4228637	2.207617	1.167894	1.256755
0.4229054	2.208561	1.167836	1.256693
0.4229471	2.209614	1.167778	1.256631
0.4229888	2.210775	1.16772	1.256568
0.4230305	2.212043	1.167662	1.256506
0.4230722	2.213416	1.167605	1.256444
0.4231139	2.214894	1.167547	1.256382
0.4231556	2.216475	1.167489	1.25632
0.4231972	2.218156	1.167431	1.256258
0.4232389	2.219934	1.167374	1.256196
0.4232806	2.221808	1.167316	1.256134
0.4233223	2.223772	1.167259	1.256072
0.423364	2.225824	1.167201	1.25601
0.4234057	2.227957	1.167143	1.255948
0.4234474	2.230168	1.167086	1.255886
0.4234891	2.232451	1.167028	1.255824
0.4235308	2.234799	1.166971	1.255762
0.4235725	2.23721	1.166914	1.2557
0.4236142	2.239672	1.166856	1.255639
0.4236559	2.242186	1.166799	1.255577
0.4236976	2.244739	1.166741	1.255515
0.4237393	2.247322	1.166684	1.255453
0.423781	2.249934	1.166627	1.255392
0.4238227	2.252562	1.166569	1.25533
0.4238644	2.255199	1.166512	1.255268
0.4239061	2.257837	1.166455	1.255207
0.4239478	2.260469	1.166397	1.255145
0.4239895	2.263084	1.16634	1.255083
0.4240312	2.265675	1.166283	1.255022
0.4240729	2.268233	1.166226	1.25496
0.4241146	2.27075	1.166169	1.254899
0.4241563	2.273217	1.166111	1.254837
0.424198	2.275624	1.166054	1.254776
0.4242397	2.277965	1.165997	1.254714
0.4242814	2.28023	1.16594	1.254653
0.4243231	2.282412	1.165883	1.254591
0.4243648	2.284502	1.165826	1.25453
0.4244065	2.286494	1.165769	1.254469
0.4244482	2.288379	1.165712	1.254407
0.4244899	2.290151	1.165655	1.254346
0.4245316	2.291804	1.165598	1.254285
0.4245733	2.293331	1.165541	1.254223
0.424615	2.294725	1.165484	1.254162
0.4246567	2.295982	1.165427	1.254101
0.4246984	2.297097	1.16537	1.25404
0.4247401	2.298065	1.165313	1.253978
0.4247818	2.298885	1.165256	1.253917
0.4248235	2.299555	1.1652	1.253856
0.4248652	2.300058	1.165143	1.253795
0.4249069	2.300409	1.165086	1.253734
0.4249485	2.300598	1.165029	1.253673
0.4249902	2.300625	1.164973	1.253612
0.4250319	2.300491	1.164916	1.253551
0.4250736	2.300195	1.164859	1.25349
0.4251153	2.299739	1.164803	1.253429
0.425157	2.299123	1.164746	1.253368
0.4251987	2.298349	1.16469	1.253307
0.4252404	2.29742	1.164633	1.253246
0.4252821	2.296337	1.164577	1.253186
0.4253238	2.295105	1.16452	1.253125
0.4253655	2.293729	1.164464	1.253064
0.4254072	2.292214	1.164407	1.253003
0.4254489	2.29055	1.164351	1.252943
0.4254906	2.288778	1.164295	1.252882
0.4255323	2.286873	1.164238	1.252822
0.425574	2.28485	1.164182	1.252761
0.4256157	2.282714	1.164126	1.2527
0.4256574	2.280475	1.164069	1.25264
0.4256991	2.278138	1.164013	1.252579
0.4257408	2.275713	1.163957	1.252519
0.4257825	2.273205	1.163901	1.252459
0.4258242	2.270624	1.163845	1.252398
0.4258659	2.267979	1.163789	1.252338
0.4259076	2.265276	1.163733	1.252277
0.4259493	2.262524	1.163676	1.252217
0.425991	2.259731	1.16362	1.252157
0.4260327	2.256908	1.163564	1.252097
0.4260744	2.25406	1.163508	1.252036
0.4261161	2.251198	1.163452	1.251976
0.4261578	2.248328	1.163396	1.251916
0.4261995	2.245459	1.16334	1.251856
0.4262412	2.2426	1.163285	1.251795
0.4262829	2.239757	1.163229	1.251735
0.4263246	2.236939	1.163173	1.251675
0.4263663	2.234152	1.163117	1.251615
0.426408	2.231404	1.163061	1.251555
0.4264497	2.228701	1.163005	1.251494
0.4264914	2.22605	1.162949	1.251434
0.4265331	2.223456	1.162893	1.251374
0.4265748	2.220925	1.162837	1.251314
0.4266165	2.218462	1.162781	1.251254
0.4266581	2.216075	1.162725	1.251194
0.4266998	2.213764	1.162669	1.251133
0.4267415	2.211539	1.162614	1.251073
0.4267832	2.209391	1.162558	1.251013
0.4268249	2.207336	1.162502	1.250953
0.4268666	2.205371	1.162446	1.250893
0.4269083	2.203499	1.16239	1.250832
0.42695	2.201724	1.162334	1.250772
0.4269917	2.200046	1.162278	1.250712
0.4270334	2.198464	1.162222	1.250652
0.4270751	2.196981	1.162166	1.250591
0.4271168	2.195596	1.16211	1.250531
0.4271585	2.194309	1.162054	1.250471
0.4272002	2.19312	1.161998	1.25041
0.4272419	2.192026	1.161942	1.25035
0.4272836	2.191027	1.161885	1.25029
0.4273253	2.190124	1.161829	1.250229
0.427367	2.189311	1.161773	1.250169
0.4274087	2.188587	1.161717	1.250108
0.4274504	2.187951	1.161661	1.250048
0.4274921	2.187398	1.161605	1.249987
0.4275338	2.186925	1.161548	1.249927
0.4275755	2.18653	1.161492	1.249866
0.4276172	2.18621	1.161436	1.249806
0.4276589	2.185961	1.161379	1.249745
0.4277006	2.185779	1.161323	1.249685
0.4277423	2.18566	1.161267	1.249624
0.427784	2.185601	1.16121	1.249563
0.4278257	2.185597	1.161154	1.249503
0.4278674	2.185645	1.161097	1.249442
0.4279091	2.185741	1.161041	1.249381
0.4279508	2.18588	1.160984	1.24932
0.4279925	2.186061	1.160928	1.249259
0.4280342	2.186277	1.160871	1.249199
0.4280759	2.186524	1.160815	1.249138
0.4281176	2.186801	1.160758	1.249077
0.4281593	2.187103	1.160702	1.249016
0.428201	2.187427	1.160645	1.248955
0.4282427	2.187769	1.160588	1.248894
0.4282844	2.188126	1.160532	1.248833
0.4283261	2.188494	1.160475	1.248772
0.4283678	2.188872	1.160418	1.248711
0.4284094	2.189256	1.160362	1.24865
0.4284511	2.189644	1.160305	1.248589
0.4284928	2.190034	1.160248	1.248528
0.4285345	2.190422	1.160192	1.248467
0.4285762	2.190808	1.160135	1.248406
0.4286179	2.191189	1.160078	1.248345
0.4286596	2.191564	1.160021	1.248284
0.4287013	2.191929	1.159964	1.248222
0.428743	2.192289	1.159907	1.248161
0.4287847	2.192636	1.159851	1.2481
0.4288264	2.192973	1.159794	1.248039
0.4288681	2.193299	1.159737	1.247978
0.4289098	2.193611	1.15968	1.247916
0.4289515	2.19391	1.159623	1.247855
0.4289932	2.194196	1.159566	1.247794
0.4290349	2.194468	1.159509	1.247732
0.4290766	2.194727	1.159452	1.247671
0.4291183	2.194973	1.159395	1.24761
0.42916	2.195205	1.159338	1.247548
0.4292017	2.195424	1.159281	1.247487
0.4292434	2.19563	1.159224	1.247425
0.4292851	2.195823	1.159167	1.247364
0.4293268	2.196005	1.159109	1.247302
0.4293685	2.196175	1.159052	1.247241
0.4294102	2.196334	1.158995	1.247179
0.4294519	2.196483	1.158938	1.247118
0.4294936	2.196621	1.158881	1.247056
0.4295353	2.19675	1.158823	1.246995
0.429577	2.196877	1.158766	1.246933
0.4296187	2.196983	1.158709	1.246872
0.4296604	2.19709	1.158652	1.24681
0.4297021	2.197188	1.158594	1.246748
0.4297438	2.19728	1.158537	1.246686
0.4297855	2.197367	1.15848	1.246625
0.4298272	2.197448	1.158422	1.246563
0.4298689	2.197524	1.158365	1.246501
0.4299106	2.197595	1.158307	1.246439
0.4299523	2.197663	1.15825	1.246378
0.429994	2.197728	1.158193	1.246316
0.4300357	2.197786	1.158135	1.246254
0.4300774	2.197842	1.158078	1.246192
0.4301191	2.197895	1.15802	1.24613
0.4301607	2.197944	1.157963	1.246069
0.4302024	2.197987	1.157905	1.246007
0.4302441	2.198031	1.157848	1.245945
0.4302858	2.19807	1.15779	1.245883
0.4303275	2.198104	1.157733	1.245821
0.4303692	2.198135	1.157675	1.245759
0.4304109	2.19816	1.157618	1.245697
0.4304526	2.198181	1.15756	1.245636
0.4304943	2.198196	1.157503	1.245574
0.430536	2.198206	1.157445	1.245512
0.4305777	2.198209	1.157388	1.24545
0.4306194	2.198206	1.157331	1.245388
0.4306611	2.198195	1.157273	1.245327
0.4307028	2.198176	1.157216	1.245265
0.4307445	2.198148	1.157158	1.245203
0.4307862	2.198111	1.157101	1.245141
0.4308279	2.198064	1.157044	1.24508
0.4308696	2.198006	1.156987	1.245018
0.4309113	2.197937	1.156929	1.244957
0.430953	2.197856	1.156872	1.244895
0.4309947	2.197761	1.156815	1.244834
0.4310364	2.197651	1.156758	1.244772
0.4310781	2.197531	1.156701	1.244711
0.4311198	2.197394	1.156644	1.244649
0.4311615	2.197242	1.156587	1.244588
0.4312032	2.197073	1.15653	1.244527
0.4312449	2.196888	1.156473	1.244466
0.4312866	2.196687	1.156417	1.244405
0.4313283	2.196464	1.15636	1.244344
0.43137	2.196226	1.156303	1.244283
0.4314117	2.195968	1.156247	1.244222
0.4314534	2.195691	1.15619	1.244161
0.4314951	2.195395	1.156134	1.2441
0.4315368	2.19508	1.156077	1.24404
0.4315785	2.194727	1.156021	1.243979
0.4316202	2.194389	1.155965	1.243919
0.4316619	2.194007	1.155909	1.243858
0.4317036	2.193618	1.155853	1.243798
0.4317453	2.193203	1.155797	1.243738
0.431787	2.192768	1.155741	1.243678
0.4318287	2.192314	1.155685	1.243618
0.4318703	2.191841	1.155629	1.243558
0.431912	2.191348	1.155573	1.243498
0.4319537	2.190838	1.155518	1.243438
0.4319954	2.190309	1.155462	1.243378
0.4320371	2.189762	1.155407	1.243318
0.4320788	2.189202	1.155351	1.243259
0.4321205	2.188624	1.155296	1.243199
0.4321622	2.188032	1.155241	1.24314
0.4322039	2.187425	1.155186	1.24308
0.4322456	2.186806	1.155131	1.243021
0.4322873	2.18617	1.155075	1.242962
0.432329	2.185532	1.15502	1.242902
0.4323707	2.18488	1.154966	1.242843
0.4324124	2.184219	1.154911	1.242784
0.4324541	2.183551	1.154856	1.242725
0.4324958	2.182877	1.154801	1.242666
0.4325375	2.182198	1.154746	1.242608
0.4325792	2.181515	1.154692	1.242549
0.4326209	2.18083	1.154637	1.24249
0.4326626	2.180145	1.154583	1.242431
0.4327043	2.179459	1.154528	1.242373
0.432746	2.178776	1.154474	1.242314
0.4327877	2.178095	1.154419	1.242255
0.4328294	2.177419	1.154365	1.242197
0.4328711	2.176749	1.15431	1.242138
0.4329128	2.176085	1.154256	1.24208
0.4329545	2.175429	1.154202	1.242022
0.4329962	2.174783	1.154148	1.241963
0.4330379	2.174146	1.154093	1.241905
0.4330796	2.173521	1.154039	1.241847
0.4331213	2.172908	1.153985	1.241788
0.433163	2.172307	1.153931	1.24173
0.4332047	2.171721	1.153877	1.241672
0.4332464	2.171149	1.153823	1.241614
0.4332881	2.170592	1.153769	1.241555
0.4333298	2.170051	1.153714	1.241497
0.4333715	2.169526	1.15366	1.241439
0.4334132	2.169016	1.153606	1.241381
0.4334549	2.168524	1.153552	1.241323
0.4334966	2.168048	1.153498	1.241264
0.4335383	2.167588	1.153444	1.241206
0.43358	2.167145	1.15339	1.241148
0.4336216	2.166718	1.153336	1.24109
0.4336633	2.166307	1.153282	1.241032
0.433705	2.165911	1.153228	1.240974
0.4337467	2.16553	1.153174	1.240915
0.4337884	2.165164	1.15312	1.240857
0.4338301	2.164811	1.153066	1.240799
0.4338718	2.164471	1.153012	1.240741
0.4339135	2.164143	1.152957	1.240682
0.4339552	2.163827	1.152903	1.240624
0.4339969	2.163521	1.152849	1.240566
0.4340386	2.163223	1.152795	1.240508
0.4340803	2.162934	1.152741	1.240449
0.434122	2.162652	1.152686	1.240391
0.4341637	2.162376	1.152632	1.240332
0.4342054	2.162105	1.152578	1.240274
0.4342471	2.161837	1.152524	1.240216
0.4342888	2.161572	1.152469	1.240157
0.4343305	2.161309	1.152415	1.240099
0.4343722	2.161046	1.152361	1.24004
0.4344139	2.160783	1.152306	1.239982
0.4344556	2.160518	1.152252	1.239923
0.4344973	2.160251	1.152197	1.239864
0.434539	2.15998	1.152143	1.239806
0.4345807	2.159706	1.152088	1.239747
0.4346224	2.159427	1.152034	1.239688
0.4346641	2.159142	1.151979	1.23963
0.4347058	2.158852	1.151924	1.239571
0.4347475	2.158556	1.15187	1.239512
0.4347892	2.158253	1.151815	1.239453
0.4348309	2.157944	1.15176	1.239394
0.4348726	2.157628	1.151705	1.239335
0.4349143	2.157306	1.15165	1.239276
0.434956	2.156977	1.151596	1.239217
0.4349977	2.156642	1.151541	1.239158
0.4350394	2.156302	1.151486	1.239099
0.4350811	2.155957	1.151431	1.239039
0.4351228	2.155608	1.151375	1.23898
0.4351645	2.155255	1.15132	1.238921
0.4352062	2.154899	1.151265	1.238861
0.4352479	2.154532	1.15121	1.238802
0.4352896	2.154185	1.151155	1.238743
0.4353312	2.153817	1.151099	1.238683
0.4353729	2.153474	1.151044	1.238624
0.4354146	2.153124	1.150989	1.238564
0.4354563	2.152778	1.150933	1.238504
0.435498	2.152448	1.150878	1.238445
0.4355397	2.152107	1.150822	1.238385
0.4355814	2.151786	1.150767	1.238325
0.4356231	2.151476	1.150711	1.238265
0.4356648	2.151178	1.150656	1.238205
0.4357065	2.150895	1.1506	1.238146
0.4357482	2.150628	1.150544	1.238086
0.4357899	2.150379	1.150488	1.238026
0.4358316	2.150148	1.150433	1.237966
0.4358733	2.149938	1.150377	1.237905
0.435915	2.149751	1.150321	1.237845
0.4359567	2.149586	1.150265	1.237785
0.4359984	2.149445	1.150209	1.237725
0.4360401	2.149331	1.150153	1.237665
0.4360818	2.149242	1.150097	1.237605
0.4361235	2.14918	1.150041	1.237544
0.4361652	2.149147	1.149985	1.237484
0.4362069	2.149142	1.149929	1.237424
0.4362486	2.149165	1.149873	1.237363
0.4362903	2.149218	1.149817	1.237303
0.436332	2.1493	1.149761	1.237243
0.4363737	2.14941	1.149705	1.237182
0.4364154	2.149549	1.149649	1.237122
0.4364571	2.149716	1.149593	1.237062
0.4364988	2.149908	1.149536	1.237001
0.4365405	2.150129	1.14948	1.236941
0.4365822	2.150374	1.149424	1.23688
0.4366239	2.150643	1.149368	1.23682
0.4366656	2.150933	1.149312	1.23676
0.4367073	2.151244	1.149256	1.236699
0.436749	2.151573	1.1492	1.236639
0.4367907	2.151918	1.149144	1.236578
0.4368324	2.152265	1.149087	1.236518
0.4368741	2.152647	1.149031	1.236458
0.4369158	2.153027	1.148975	1.236397
0.4369575	2.153411	1.148919	1.236337
0.4369992	2.153798	1.148863	1.236277
0.4370409	2.154184	1.148807	1.236217
0.4370825	2.154569	1.148752	1.236157
0.4371242	2.154947	1.148696	1.236096
0.4371659	2.155315	1.14864	1.236036
0.4372076	2.15567	1.148584	1.235976
0.4372493	2.156007	1.148528	1.235916
0.437291	2.156324	1.148472	1.235856
0.4373327	2.156617	1.148417	1.235796
0.4373744	2.156883	1.148361	1.235736
0.4374161	2.157117	1.148306	1.235677
0.4374578	2.157317	1.14825	1.235617
0.4374995	2.15748	1.148195	1.235557
0.4375412	2.157602	1.148139	1.235498
0.4375829	2.157679	1.148084	1.235438
0.4376246	2.157709	1.148028	1.235378
0.4376663	2.157688	1.147973	1.235319
0.437708	2.157615	1.147918	1.23526
0.4377497	2.157486	1.147863	1.2352
0.4377914	2.1573	1.147808	1.235141
0.4378331	2.157054	1.147753	1.235082
0.4378748	2.156746	1.147698	1.235023
0.4379165	2.156374	1.147643	1.234963
0.4379582	2.155937	1.147588	1.234904
0.4379999	2.155434	1.147533	1.234845
0.4380416	2.154865	1.147478	1.234787
0.4380833	2.154228	1.147424	1.234728
0.438125	2.153525	1.147369	1.234669
0.4381667	2.152754	1.147314	1.23461
0.4382084	2.151917	1.14726	1.234551
0.4382501	2.151014	1.147205	1.234493
0.4382918	2.150046	1.147151	1.234434
0.4383335	2.149014	1.147097	1.234376
0.4383752	2.147923	1.147042	1.234317
0.4384169	2.146771	1.146988	1.234259
0.4384586	2.145565	1.146934	1.2342
0.4385003	2.144305	1.146879	1.234142
0.438542	2.142994	1.146825	1.234084
0.4385837	2.141637	1.146771	1.234025
0.4386254	2.140237	1.146717	1.233967
0.4386671	2.138799	1.146663	1.233909
0.4387088	2.137326	1.146609	1.23385
0.4387505	2.135824	1.146554	1.233792
0.4387922	2.134298	1.1465	1.233734
0.4388338	2.132752	1.146446	1.233676
0.4388755	2.131191	1.146392	1.233618
0.4389172	2.129623	1.146338	1.23356
0.4389589	2.12805	1.146284	1.233502
0.4390006	2.126481	1.14623	1.233444
0.4390423	2.12492	1.146176	1.233386
0.439084	2.123374	1.146122	1.233327
0.4391257	2.121848	1.146069	1.233269
0.4391674	2.120348	1.146015	1.233211
0.4392091	2.11888	1.145961	1.233153
0.4392508	2.117448	1.145907	1.233095
0.4392925	2.116061	1.145853	1.233037
0.4393342	2.114723	1.145799	1.232979
0.4393759	2.113439	1.145745	1.232921
0.4394176	2.112215	1.145691	1.232863
0.4394593	2.111054	1.145637	1.232805
0.439501	2.109962	1.145583	1.232747
0.4395427	2.108943	1.145529	1.232689
0.4395844	2.108007	1.145475	1.23263
0.4396261	2.10714	1.145421	1.232572
0.4396678	2.106359	1.145367	1.232514
0.4397095	2.105677	1.145313	1.232456
0.4397512	2.105078	1.145259	1.232398
0.4397929	2.104569	1.145204	1.23234
0.4398346	2.104154	1.14515	1.232281
0.4398763	2.103833	1.145096	1.232223
0.439918	2.103607	1.145042	1.232165
0.4399597	2.103476	1.144988	1.232107
0.4400014	2.10344	1.144934	1.232048
0.4400431	2.103497	1.14488	1.23199
0.4400848	2.103647	1.144825	1.231932
0.4401265	2.103886	1.144771	1.231873
0.4401682	2.104214	1.144717	1.231815
0.4402099	2.104626	1.144663	1.231757
0.4402516	2.10512	1.144609	1.231698
0.4402933	2.105692	1.144554	1.23164
0.440335	2.106338	1.1445	1.231582
0.4403767	2.107052	1.144446	1.231523
0.4404184	2.10783	1.144392	1.231465
0.4404601	2.108665	1.144337	1.231406
0.4405018	2.109553	1.144283	1.231348
0.4405434	2.110486	1.144229	1.23129
0.4405851	2.111459	1.144174	1.231231
0.4406268	2.112465	1.14412	1.231173
0.4406685	2.113496	1.144066	1.231114
0.4407102	2.114545	1.144012	1.231056
0.4407519	2.115606	1.143957	1.230998
0.4407936	2.116669	1.143903	1.230939
0.4408353	2.117728	1.143849	1.230881
0.440877	2.118776	1.143795	1.230823
0.4409187	2.119805	1.143741	1.230764
0.4409604	2.120806	1.143686	1.230706
0.4410021	2.121772	1.143632	1.230648
0.4410438	2.122697	1.143578	1.230589
0.4410855	2.123573	1.143524	1.230531
0.4411272	2.124393	1.14347	1.230473
0.4411689	2.12515	1.143416	1.230415
0.4412106	2.125838	1.143361	1.230356
0.4412523	2.12645	1.143307	1.230298
0.441294	2.12698	1.143253	1.23024
0.4413357	2.127424	1.143199	1.230182
0.4413774	2.127777	1.143145	1.230124
0.4414191	2.128032	1.143091	1.230066
0.4414608	2.128189	1.143037	1.230008
0.4415025	2.128239	1.142984	1.22995
0.4415442	2.128183	1.14293	1.229892
0.4415859	2.128017	1.142876	1.229834
0.4416276	2.127739	1.142822	1.229776
0.4416693	2.127346	1.142768	1.229718
0.441711	2.12684	1.142714	1.22966
0.4417527	2.126218	1.142661	1.229602
0.4417944	2.125482	1.142607	1.229544
0.4418361	2.124632	1.142553	1.229487
0.4418778	2.123669	1.1425	1.229429
0.4419195	2.122595	1.142446	1.229371
0.4419612	2.121411	1.142392	1.229313
0.4420029	2.120122	1.142339	1.229256
0.4420446	2.118731	1.142285	1.229198
0.4420863	2.117242	1.142232	1.229141
0.442128	2.115658	1.142178	1.229083
0.4421697	2.113987	1.142125	1.229026
0.4422114	2.112232	1.142071	1.228968
0.4422531	2.110399	1.142018	1.228911
0.4422947	2.108495	1.141965	1.228853
0.4423364	2.106524	1.141911	1.228796
0.4423781	2.1045	1.141858	1.228738
0.4424198	2.102423	1.141805	1.228681
0.4424615	2.100303	1.141751	1.228624
0.4425032	2.098151	1.141698	1.228566
0.4425449	2.09597	1.141645	1.228509
0.4425866	2.093771	1.141592	1.228452
0.4426283	2.091561	1.141538	1.228395
0.44267	2.089351	1.141485	1.228337
0.4427117	2.087148	1.141432	1.22828
0.4427534	2.08496	1.141379	1.228223
0.4427951	2.082797	1.141326	1.228166
0.4428368	2.080667	1.141273	1.228109
0.4428785	2.07858	1.14122	1.228052
0.4429202	2.076542	1.141167	1.227994
0.4429619	2.074564	1.141113	1.227937
0.4430036	2.072653	1.14106	1.22788
0.4430453	2.070818	1.141007	1.227823
0.443087	2.069065	1.140954	1.227766
0.4431287	2.067403	1.140901	1.227709
0.4431704	2.065839	1.140848	1.227652
0.4432121	2.064379	1.140795	1.227595
0.4432538	2.063032	1.140742	1.227538
0.4432955	2.061803	1.140689	1.227481
0.4433372	2.060698	1.140636	1.227424
0.4433789	2.059722	1.140583	1.227367
0.4434206	2.058881	1.14053	1.22731
0.4434623	2.058178	1.140477	1.227252
0.443504	2.057618	1.140424	1.227195
0.4435457	2.057204	1.140371	1.227138
0.4435874	2.05694	1.140318	1.227081
0.4436291	2.05683	1.140265	1.227024
0.4436708	2.056874	1.140212	1.226967
0.4437125	2.057073	1.140159	1.22691
0.4437542	2.057429	1.140106	1.226853
0.4437959	2.057941	1.140053	1.226796
0.4438376	2.058609	1.139999	1.226739
0.4438793	2.059433	1.139946	1.226681
0.443921	2.060412	1.139893	1.226624
0.4439627	2.061544	1.13984	1.226567
0.4440044	2.062826	1.139787	1.22651
0.444046	2.064254	1.139734	1.226453
0.4440877	2.065824	1.139681	1.226395
0.4441294	2.067533	1.139627	1.226338
0.4441711	2.069376	1.139574	1.226281
0.4442128	2.071345	1.139521	1.226224
0.4442545	2.073438	1.139468	1.226166
0.4442962	2.075647	1.139414	1.226109
0.4443379	2.077964	1.139361	1.226051
0.4443796	2.080369	1.139308	1.225994
0.4444213	2.082896	1.139254	1.225937
0.444463	2.085494	1.139201	1.225879
0.4445047	2.088168	1.139148	1.225822
0.4445464	2.090909	1.139094	1.225764
0.4445881	2.093709	1.139041	1.225707
0.4446298	2.096558	1.138987	1.225649
0.4446715	2.099444	1.138934	1.225592
0.4447132	2.102361	1.13888	1.225534
0.4447549	2.105294	1.138827	1.225476
0.4447966	2.108234	1.138773	1.225419
0.4448383	2.111171	1.138719	1.225361
0.44488	2.114094	1.138666	1.225303
0.4449217	2.116991	1.138612	1.225246
0.4449634	2.119851	1.138559	1.225188
0.4450051	2.122666	1.138505	1.22513
0.4450468	2.125422	1.138451	1.225072
0.4450885	2.12811	1.138397	1.225015
0.4451302	2.13072	1.138344	1.224957
0.4451719	2.133239	1.13829	1.224899
0.4452136	2.135656	1.138236	1.224841
0.4452553	2.137971	1.138182	1.224783
0.445297	2.140162	1.138128	1.224725
0.4453387	2.142226	1.138074	1.224667
0.4453804	2.144152	1.13802	1.224609
0.4454221	2.145934	1.137967	1.224551
0.4454638	2.147562	1.137913	1.224493
0.4455055	2.14903	1.137859	1.224435
0.4455472	2.150331	1.137805	1.224377
0.4455889	2.151458	1.13775	1.224318
0.4456306	2.152403	1.137696	1.22426
0.4456723	2.153164	1.137642	1.224202
0.445714	2.15374	1.137588	1.224144
0.4457556	2.154113	1.137534	1.224086
0.4457973	2.154295	1.13748	1.224027
0.445839	2.154278	1.137426	1.223969
0.4458807	2.154059	1.137372	1.223911
0.4459224	2.153637	1.137317	1.223852
0.4459641	2.153011	1.137263	1.223794
0.4460058	2.152183	1.137209	1.223736
0.4460475	2.151153	1.137155	1.223677
0.4460892	2.149922	1.1371	1.223619
0.4461309	2.148493	1.137046	1.223561
0.4461726	2.146871	1.136992	1.223502
0.4462143	2.145057	1.136938	1.223444
0.446256	2.143055	1.136883	1.223385
0.4462977	2.140869	1.136829	1.223327
0.4463394	2.13851	1.136775	1.223268
0.4463811	2.135975	1.13672	1.22321
0.4464228	2.13328	1.136666	1.223152
0.4464645	2.130429	1.136612	1.223093
0.4465062	2.12743	1.136558	1.223035
0.4465479	2.12429	1.136503	1.222976
0.4465896	2.12102	1.136449	1.222918
0.4466313	2.117626	1.136395	1.22286
0.446673	2.114121	1.136341	1.222801
0.4467147	2.110513	1.136286	1.222743
0.4467564	2.106814	1.136232	1.222685
0.4467981	2.103034	1.136178	1.222627
0.4468398	2.099182	1.136124	1.222568
0.4468815	2.095275	1.13607	1.22251
0.4469232	2.091317	1.136016	1.222452
0.4469649	2.087322	1.135962	1.222394
0.4470066	2.083303	1.135908	1.222336
0.4470483	2.079269	1.135854	1.222278
0.44709	2.075233	1.1358	1.22222
0.4471317	2.071207	1.135746	1.222162
0.4471734	2.0672	1.135692	1.222104
0.4472151	2.063225	1.135639	1.222046
0.4472568	2.059292	1.135585	1.221988
0.4472985	2.055412	1.135531	1.22193
0.4473402	2.051596	1.135478	1.221873
0.4473819	2.047854	1.135424	1.221815
0.4474236	2.044195	1.13537	1.221757
0.4474653	2.040628	1.135317	1.2217
0.4475069	2.037164	1.135264	1.221642
0.4475486	2.03381	1.13521	1.221585
0.4475903	2.030575	1.135157	1.221527
0.447632	2.027468	1.135104	1.22147
0.4476737	2.024494	1.13505	1.221413
0.4477154	2.021661	1.134997	1.221356
0.4477571	2.018974	1.134944	1.221299
0.4477988	2.016439	1.134891	1.221242
0.4478405	2.014061	1.134838	1.221185
0.4478822	2.011844	1.134785	1.221128
0.4479239	2.009793	1.134732	1.221071
0.4479656	2.007912	1.13468	1.221014
0.4480073	2.0062	1.134627	1.220957
0.448049	2.004662	1.134574	1.220901
0.4480907	2.003298	1.134522	1.220844
0.4481324	2.002109	1.134469	1.220787
0.4481741	2.001093	1.134416	1.220731
0.4482158	2.000252	1.134364	1.220674
0.4482575	1.999585	1.134312	1.220618
0.4482992	1.999091	1.134259	1.220561
0.4483409	1.998766	1.134207	1.220505
0.4483826	1.998607	1.134154	1.220449
0.4484243	1.998612	1.134102	1.220393
0.448466	1.998775	1.13405	1.220336
0.4485077	1.999093	1.133998	1.22028
0.4485494	1.999569	1.133946	1.220224
0.4485911	2.000174	1.133893	1.220168
0.4486328	2.000928	1.133841	1.220112
0.4486745	2.001814	1.133789	1.220056
0.4487162	2.002826	1.133737	1.22
0.4487579	2.003959	1.133685	1.219944
0.4487996	2.005204	1.133633	1.219888
0.4488413	2.006555	1.133581	1.219832
0.448883	2.008004	1.133529	1.219776
0.4489247	2.009544	1.133477	1.21972
0.4489664	2.011166	1.133425	1.219664
0.4490081	2.012864	1.133373	1.219608
0.4490498	2.014576	1.133322	1.219552
0.4490915	2.016449	1.13327	1.219497
0.4491332	2.018322	1.133218	1.219441
0.4491749	2.020236	1.133166	1.219385
0.4492165	2.022185	1.133114	1.219329
0.4492582	2.02416	1.133062	1.219274
0.4492999	2.026153	1.13301	1.219218
0.4493416	2.028157	1.132959	1.219162
0.4493833	2.030163	1.132907	1.219106
0.449425	2.032166	1.132855	1.219051
0.4494667	2.034156	1.132803	1.218995
0.4495084	2.036129	1.132752	1.218939
0.4495501	2.038077	1.1327	1.218884
0.4495918	2.039993	1.132648	1.218828
0.4496335	2.041871	1.132596	1.218772
0.4496752	2.043707	1.132545	1.218717
0.4497169	2.045497	1.132493	1.218661
0.4497586	2.047229	1.132441	1.218605
0.4498003	2.048905	1.13239	1.21855
0.449842	2.050519	1.132338	1.218494
0.4498837	2.052068	1.132286	1.218438
0.4499254	2.053548	1.132235	1.218383
0.4499671	2.054953	1.132183	1.218327
0.4500088	2.056285	1.132131	1.218272
0.4500505	2.05754	1.13208	1.218216
0.4500922	2.058716	1.132028	1.21816
0.4501339	2.059812	1.131976	1.218105
0.4501756	2.060827	1.131925	1.218049
0.4502173	2.06176	1.131873	1.217994
0.450259	2.06261	1.131821	1.217938
0.4503007	2.063379	1.13177	1.217883
0.4503424	2.064066	1.131718	1.217827
0.4503841	2.064673	1.131667	1.217772
0.4504258	2.0652	1.131615	1.217716
0.4504675	2.065649	1.131563	1.217661
0.4505092	2.066023	1.131512	1.217605
0.4505509	2.066322	1.13146	1.21755
0.4505926	2.066548	1.131409	1.217494
0.4506343	2.066706	1.131357	1.217439
0.450676	2.066797	1.131305	1.217383
0.4507177	2.066823	1.131254	1.217328
0.4507594	2.06679	1.131202	1.217272
0.4508011	2.066698	1.131151	1.217216
0.4508428	2.066553	1.131099	1.217161
0.4508845	2.066356	1.131047	1.217105
0.4509262	2.066112	1.130996	1.21705
0.4509678	2.065826	1.130944	1.216994
0.4510095	2.065497	1.130892	1.216939
0.4510512	2.065132	1.130841	1.216883
0.4510929	2.064719	1.130789	1.216827
0.4511346	2.064308	1.130737	1.216772
0.4511763	2.063855	1.130686	1.216716
0.451218	2.063379	1.130634	1.216661
0.4512597	2.062884	1.130582	1.216605
0.4513014	2.062373	1.130531	1.216549
0.4513431	2.06185	1.130479	1.216494
0.4513848	2.061316	1.130427	1.216438
0.4514265	2.060776	1.130375	1.216382
0.4514682	2.060231	1.130323	1.216326
0.4515099	2.059684	1.130272	1.216271
0.4515516	2.059139	1.13022	1.216215
0.4515933	2.058596	1.130168	1.216159
0.451635	2.05806	1.130116	1.216103
0.4516767	2.057526	1.130064	1.216047
0.4517184	2.057003	1.130012	1.215991
0.4517601	2.056489	1.12996	1.215935
0.4518018	2.055986	1.129908	1.215879
0.4518435	2.055497	1.129856	1.215823
0.4518852	2.055019	1.129804	1.215767
0.4519269	2.054555	1.129752	1.215711
0.4519686	2.054089	1.1297	1.215655
0.4520103	2.053671	1.129648	1.215599
0.452052	2.053252	1.129596	1.215543
0.4520937	2.052871	1.129544	1.215487
0.4521354	2.052456	1.129491	1.215431
0.4521771	2.05208	1.129439	1.215375
0.4522188	2.051718	1.129387	1.215319
0.4522605	2.05137	1.129335	1.215263
0.4523022	2.051035	1.129283	1.215206
0.4523439	2.050713	1.12923	1.21515
0.4523856	2.0504	1.129178	1.215094
0.4524273	2.050103	1.129126	1.215038
0.452469	2.049813	1.129074	1.214981
0.4525107	2.049534	1.129021	1.214925
0.4525524	2.049258	1.128969	1.214869
0.4525941	2.048996	1.128917	1.214813
0.4526358	2.048741	1.128865	1.214756
0.4526775	2.048452	1.128812	1.2147
0.4527191	2.048242	1.12876	1.214644
0.4527608	2.047999	1.128708	1.214588
0.4528025	2.047758	1.128655	1.214531
0.4528442	2.04752	1.128603	1.214475
0.4528859	2.047283	1.128551	1.214419
0.4529276	2.047046	1.128498	1.214362
0.4529693	2.04681	1.128446	1.214306
0.453011	2.046573	1.128394	1.21425
0.4530527	2.046334	1.128341	1.214193
0.4530944	2.046093	1.128289	1.214137
0.4531361	2.04585	1.128237	1.214081
0.4531778	2.045604	1.128184	1.214024
0.4532195	2.045355	1.128132	1.213968
0.4532612	2.045102	1.12808	1.213912
0.4533029	2.044846	1.128027	1.213856
0.4533446	2.044586	1.127975	1.213799
0.4533863	2.044321	1.127923	1.213743
0.453428	2.044052	1.12787	1.213687
0.4534697	2.043778	1.127818	1.21363
0.4535114	2.0435	1.127766	1.213574
0.4535531	2.043214	1.127714	1.213518
0.4535948	2.042928	1.127661	1.213462
0.4536365	2.042634	1.127609	1.213405
0.4536782	2.04234	1.127557	1.213349
0.4537199	2.042032	1.127504	1.213293
0.4537616	2.041723	1.127452	1.213236
0.4538033	2.041408	1.1274	1.21318
0.453845	2.041087	1.127348	1.213124
0.4538867	2.04076	1.127295	1.213068
0.4539284	2.040426	1.127243	1.213011
0.4539701	2.040085	1.127191	1.212955
0.4540118	2.039736	1.127138	1.212899
0.4540535	2.03938	1.127086	1.212843
0.4540952	2.039015	1.127034	1.212786
0.4541369	2.038642	1.126982	1.21273
0.4541786	2.038248	1.126929	1.212674
0.4542203	2.037864	1.126877	1.212618
0.454262	2.037458	1.126825	1.212561
0.4543037	2.037041	1.126773	1.212505
0.4543454	2.036608	1.12672	1.212449
0.4543871	2.036161	1.126668	1.212393
0.4544287	2.035703	1.126616	1.212336
0.4544704	2.035226	1.126563	1.21228
0.4545121	2.034731	1.126511	1.212224
0.4545538	2.034218	1.126459	1.212167
0.4545955	2.033686	1.126406	1.212111
0.4546372	2.033132	1.126354	1.212055
0.4546789	2.032557	1.126302	1.211999
0.4547206	2.031958	1.126249	1.211942
0.4547623	2.031335	1.126197	1.211886
0.454804	2.030688	1.126145	1.211829
0.4548457	2.030013	1.126092	1.211773
0.4548874	2.029312	1.12604	1.211717
0.4549291	2.028583	1.125987	1.21166
0.4549708	2.027824	1.125935	1.211604
0.4550125	2.027036	1.125883	1.211548
0.4550542	2.026218	1.12583	1.211491
0.4550959	2.025369	1.125778	1.211435
0.4551376	2.024489	1.125725	1.211378
0.4551793	2.023578	1.125673	1.211322
0.455221	2.022636	1.12562	1.211265
0.4552627	2.021663	1.125568	1.211209
0.4553044	2.020658	1.125516	1.211153
0.4553461	2.019624	1.125463	1.211096
0.4553878	2.018559	1.125411	1.21104
0.4554295	2.017465	1.125358	1.210983
0.4554712	2.016343	1.125306	1.210927
0.4555129	2.015194	1.125253	1.21087
0.4555546	2.014019	1.125201	1.210814
0.4555963	2.012817	1.125149	1.210758
0.455638	2.011597	1.125096	1.210701
0.4556797	2.010354	1.125044	1.210645
0.4557214	2.009093	1.124991	1.210589
0.4557631	2.007814	1.124939	1.210532
0.4558048	2.00652	1.124887	1.210476
0.4558465	2.005215	1.124834	1.21042
0.4558882	2.0039	1.124782	1.210363
0.4559299	2.002579	1.12473	1.210307
0.4559716	2.001256	1.124678	1.210251
0.4560133	1.999925	1.124625	1.210195
0.456055	1.9986	1.124573	1.210139
0.4560967	1.99728	1.124521	1.210083
0.4561384	1.996037	1.124469	1.210026
0.45618	1.994666	1.124417	1.20997
0.4562217	1.993379	1.124365	1.209914
0.4562634	1.99211	1.124313	1.209859
0.4563051	1.990862	1.124261	1.209803
0.4563468	1.989637	1.124209	1.209747
0.4563885	1.98844	1.124157	1.209691
0.4564302	1.987267	1.124106	1.209635
0.4564719	1.986139	1.124054	1.20958
0.4565136	1.985042	1.124002	1.209524
0.4565553	1.983984	1.123951	1.209469
0.456597	1.982968	1.123899	1.209413
0.4566387	1.981997	1.123847	1.209358
0.4566804	1.981073	1.123796	1.209302
0.4567221	1.980198	1.123745	1.209247
0.4567638	1.979376	1.123693	1.209192
0.4568055	1.978607	1.123642	1.209137
0.4568472	1.977894	1.123591	1.209081
0.4568889	1.977239	1.12354	1.209026
0.4569306	1.976643	1.123489	1.208971
0.4569723	1.976107	1.123438	1.208916
0.457014	1.975634	1.123387	1.208862
0.4570557	1.975222	1.123336	1.208807
0.4570974	1.974874	1.123285	1.208752
0.4571391	1.974589	1.123234	1.208697
0.4571808	1.974368	1.123183	1.208643
0.4572225	1.974212	1.123133	1.208588
0.4572642	1.974119	1.123082	1.208534
0.4573059	1.97409	1.123031	1.208479
0.4573476	1.974125	1.122981	1.208425
0.4573893	1.974221	1.12293	1.208371
0.457431	1.974378	1.12288	1.208317
0.4574727	1.974596	1.12283	1.208262
0.4575144	1.974866	1.122779	1.208208
0.4575561	1.975205	1.122729	1.208154
0.4575978	1.975593	1.122679	1.2081
0.4576395	1.976036	1.122629	1.208046
0.4576812	1.976529	1.122579	1.207992
0.4577229	1.977072	1.122529	1.207938
0.4577646	1.977661	1.122478	1.207884
0.4578063	1.978295	1.122428	1.207831
0.457848	1.978971	1.122378	1.207777
0.4578896	1.979686	1.122329	1.207723
0.4579313	1.980437	1.122279	1.207669
0.457973	1.981222	1.122229	1.207616
0.4580147	1.982037	1.122179	1.207562
0.4580564	1.98288	1.122129	1.207509
0.4580981	1.983746	1.122079	1.207455
0.4581398	1.984635	1.12203	1.207401
0.4581815	1.985541	1.12198	1.207348
0.4582232	1.986463	1.12193	1.207294
0.4582649	1.987397	1.12188	1.207241
0.4583066	1.98834	1.121831	1.207187
0.4583483	1.989289	1.121781	1.207134
0.45839	1.990239	1.121731	1.207081
0.4584317	1.991192	1.121682	1.207027
0.4584734	1.992141	1.121632	1.206974
0.4585151	1.993083	1.121583	1.20692
0.4585568	1.994017	1.121533	1.206867
0.4585985	1.99494	1.121483	1.206814
0.4586402	1.995848	1.121434	1.20676
0.4586819	1.99674	1.121384	1.206707
0.4587236	1.997614	1.121335	1.206654
0.4587653	1.998466	1.121285	1.2066
0.458807	1.999294	1.121235	1.206547
0.4588487	2.000098	1.121186	1.206493
0.4588904	2.000874	1.121136	1.20644
0.4589321	2.001621	1.121087	1.206387
0.4589738	2.002338	1.121037	1.206333
0.4590155	2.003022	1.120988	1.20628
0.4590572	2.003672	1.120938	1.206227
0.4590989	2.004288	1.120888	1.206173
0.4591406	2.004867	1.120839	1.20612
0.4591823	2.00541	1.120789	1.206067
0.459224	2.005915	1.120739	1.206013
0.4592657	2.006381	1.12069	1.20596
0.4593074	2.006807	1.12064	1.205906
0.4593491	2.007195	1.12059	1.205853
0.4593908	2.007541	1.120541	1.205799
0.4594325	2.007847	1.120491	1.205746
0.4594742	2.008113	1.120441	1.205692
0.4595159	2.008339	1.120392	1.205639
0.4595576	2.008523	1.120342	1.205585
0.4595993	2.008667	1.120292	1.205532
0.4596409	2.008771	1.120242	1.205478
0.4596826	2.008834	1.120192	1.205424
0.4597243	2.008858	1.120142	1.20537
0.459766	2.008842	1.120092	1.205317
0.4598077	2.008787	1.120042	1.205263
0.4598494	2.008694	1.119992	1.205209
0.4598911	2.008563	1.119942	1.205155
0.4599328	2.008393	1.119892	1.205101
0.4599745	2.008187	1.119842	1.205047
0.4600162	2.007945	1.119792	1.204993
0.4600579	2.007666	1.119742	1.204939
0.4600996	2.007353	1.119691	1.204885
0.4601413	2.007005	1.119641	1.204831
0.460183	2.006622	1.119591	1.204777
0.4602247	2.006206	1.11954	1.204723
0.4602664	2.005757	1.11949	1.204668
0.4603081	2.005276	1.119439	1.204614
0.4603498	2.004762	1.119389	1.204559
0.4603915	2.004217	1.119338	1.204505
0.4604332	2.003642	1.119287	1.20445
0.4604749	2.003036	1.119236	1.204396
0.4605166	2.0024	1.119185	1.204341
0.4605583	2.001734	1.119135	1.204286
0.4606	2.00104	1.119084	1.204231
0.4606417	2.000316	1.119033	1.204176
0.4606834	1.999564	1.118981	1.204121
0.4607251	1.998788	1.11893	1.204066
0.4607668	1.997978	1.118879	1.204011
0.4608085	1.997145	1.118828	1.203956
0.4608502	1.996285	1.118776	1.203901
0.4608919	1.995399	1.118725	1.203845
0.4609336	1.994487	1.118673	1.20379
0.4609753	1.993551	1.118622	1.203734
0.461017	1.99259	1.11857	1.203679
0.4610587	1.991606	1.118519	1.203623
0.4611004	1.990599	1.118467	1.203568
0.4611421	1.989569	1.118415	1.203512
0.4611838	1.988519	1.118363	1.203456
0.4612255	1.987448	1.118311	1.2034
0.4612672	1.986357	1.118259	1.203344
0.4613089	1.985248	1.118207	1.203288
0.4613506	1.984121	1.118155	1.203232
0.4613922	1.982979	1.118103	1.203176
0.4614339	1.981821	1.118051	1.20312
0.4614756	1.980652	1.117999	1.203064
0.4615173	1.97947	1.117947	1.203008
0.461559	1.978278	1.117895	1.202952
0.4616007	1.977079	1.117842	1.202896
0.4616424	1.975873	1.11779	1.202839
0.4616841	1.974663	1.117738	1.202783
0.4617258	1.973451	1.117685	1.202727
0.4617675	1.972239	1.117633	1.20267
0.4618092	1.971029	1.117581	1.202614
0.4618509	1.969825	1.117528	1.202558
0.4618926	1.968628	1.117476	1.202501
0.4619343	1.967441	1.117424	1.202445
0.461976	1.966251	1.117371	1.202389
0.4620177	1.965108	1.117319	1.202332
0.4620594	1.963968	1.117267	1.202276
0.4621011	1.962848	1.117214	1.20222
0.4621428	1.961753	1.117162	1.202163
0.4621845	1.960684	1.11711	1.202107
0.4622262	1.959645	1.117058	1.202051
0.4622679	1.958639	1.117005	1.201995
0.4623096	1.957668	1.116953	1.201939
0.4623513	1.956736	1.116901	1.201883
0.462393	1.955845	1.116849	1.201827
0.4624347	1.954997	1.116797	1.201771
0.4624764	1.954196	1.116745	1.201715
0.4625181	1.953444	1.116693	1.201659
0.4625598	1.952744	1.116641	1.201603
0.4626015	1.952097	1.116589	1.201547
0.4626432	1.951507	1.116537	1.201491
0.4626849	1.950975	1.116486	1.201436
0.4627266	1.950502	1.116434	1.20138
0.4627683	1.950097	1.116382	1.201325
0.46281	1.949742	1.116331	1.201269
0.4628517	1.949458	1.11628	1.201214
0.4628934	1.949239	1.116228	1.201159
0.4629351	1.949086	1.116177	1.201103
0.4629768	1.949	1.116126	1.201048
0.4630185	1.948982	1.116074	1.200993
0.4630602	1.94903	1.116023	1.200938
0.4631018	1.949144	1.115972	1.200883
0.4631435	1.949325	1.115922	1.200829
0.4631852	1.949572	1.115871	1.200774
0.4632269	1.949884	1.11582	1.200719
0.4632686	1.950259	1.115769	1.200665
0.4633103	1.950697	1.115719	1.20061
0.463352	1.951195	1.115668	1.200556
0.4633937	1.951738	1.115618	1.200502
0.4634354	1.952364	1.115567	1.200447
0.4634771	1.95303	1.115517	1.200393
0.4635188	1.953747	1.115467	1.200339
0.4635605	1.954512	1.115417	1.200285
0.4636022	1.95532	1.115367	1.200231
0.4636439	1.956174	1.115317	1.200178
0.4636856	1.957064	1.115267	1.200124
0.4637273	1.957988	1.115217	1.20007
0.463769	1.958943	1.115167	1.200017
0.4638107	1.959923	1.115117	1.199963
0.4638524	1.960928	1.115067	1.19991
0.4638941	1.96195	1.115018	1.199856
0.4639358	1.962987	1.114968	1.199803
0.4639775	1.964032	1.114919	1.199749
0.4640192	1.965083	1.114869	1.199696
0.4640609	1.966135	1.11482	1.199643
0.4641026	1.967183	1.11477	1.19959
0.4641443	1.968223	1.114721	1.199537
0.464186	1.96925	1.114672	1.199484
0.4642277	1.97026	1.114622	1.199431
0.4642694	1.97125	1.114573	1.199378
0.4643111	1.972213	1.114524	1.199325
0.4643528	1.973146	1.114475	1.199272
0.4643945	1.974045	1.114426	1.199219
0.4644362	1.974906	1.114376	1.199166
0.4644779	1.975726	1.114327	1.199113
0.4645196	1.976501	1.114278	1.19906
0.4645613	1.977226	1.114229	1.199007
0.464603	1.977898	1.11418	1.198955
0.4646447	1.978514	1.114131	1.198902
0.4646864	1.979072	1.114082	1.198849
0.4647281	1.979568	1.114033	1.198796
0.4647698	1.98	1.113984	1.198744
0.4648115	1.980365	1.113935	1.198691
0.4648531	1.980661	1.113886	1.198638
0.4648948	1.980983	1.113837	1.198585
0.4649365	1.981039	1.113788	1.198533
0.4649782	1.981115	1.113739	1.19848
0.4650199	1.981117	1.11369	1.198427
0.4650616	1.981038	1.113641	1.198374
0.4651033	1.980888	1.113592	1.198322
0.465145	1.980657	1.113543	1.198269
0.4651867	1.980346	1.113494	1.198216
0.4652284	1.979956	1.113445	1.198163
0.4652701	1.979486	1.113396	1.19811
0.4653118	1.978936	1.113347	1.198058
0.4653535	1.978308	1.113298	1.198005
0.4653952	1.977601	1.113248	1.197952
0.4654369	1.976818	1.113199	1.197899
0.4654786	1.975957	1.11315	1.197847
0.4655203	1.975018	1.113101	1.197794
0.465562	1.974012	1.113052	1.197741
0.4656037	1.972929	1.113003	1.197688
0.4656454	1.971776	1.112954	1.197635
0.4656871	1.970554	1.112905	1.197583
0.4657288	1.969266	1.112856	1.19753
0.4657705	1.967913	1.112807	1.197477
0.4658122	1.966499	1.112758	1.197424
0.4658539	1.965025	1.112709	1.197371
0.4658956	1.963496	1.11266	1.197319
0.4659373	1.961911	1.112611	1.197266
0.465979	1.960277	1.112562	1.197213
0.4660207	1.958594	1.112512	1.19716
0.4660624	1.956871	1.112463	1.197107
0.4661041	1.955105	1.112414	1.197055
0.4661458	1.953303	1.112365	1.197002
0.4661875	1.951468	1.112316	1.196949
0.4662292	1.949604	1.112267	1.196896
0.4662709	1.947715	1.112218	1.196843
0.4663126	1.945805	1.112169	1.196791
0.4663543	1.943877	1.11212	1.196738
0.466396	1.941938	1.112071	1.196685
0.4664377	1.93999	1.112022	1.196632
0.4664794	1.938038	1.111973	1.196579
0.4665211	1.936087	1.111924	1.196527
0.4665627	1.93414	1.111875	1.196474
0.4666044	1.932204	1.111826	1.196421
0.4666461	1.930281	1.111777	1.196368
0.4666878	1.928378	1.111727	1.196315
0.4667295	1.926498	1.111678	1.196263
0.4667712	1.924646	1.111629	1.19621
0.4668129	1.922826	1.11158	1.196157
0.4668546	1.921043	1.111531	1.196104
0.4668963	1.919301	1.111482	1.196051
0.466938	1.917606	1.111433	1.195998
0.4669797	1.915958	1.111384	1.195945
0.4670214	1.91437	1.111334	1.195893
0.4670631	1.912838	1.111285	1.19584
0.4671048	1.911367	1.111236	1.195787
0.4671465	1.909963	1.111187	1.195734
0.4671882	1.90863	1.111138	1.195681
0.4672299	1.907367	1.111088	1.195628
0.4672716	1.906182	1.111039	1.195575
0.4673133	1.905077	1.11099	1.195522
0.467355	1.904055	1.110941	1.195469
0.4673967	1.903117	1.110891	1.195416
0.4674384	1.902266	1.110842	1.195363
0.4674801	1.901504	1.110793	1.195309
0.4675218	1.900838	1.110743	1.195256
0.4675635	1.900263	1.110694	1.195203
0.4676052	1.899772	1.110644	1.19515
0.4676469	1.899384	1.110595	1.195097
0.4676886	1.89909	1.110545	1.195043
0.4677303	1.898892	1.110496	1.19499
0.467772	1.898789	1.110446	1.194937
0.4678137	1.898781	1.110397	1.194883
0.4678554	1.898867	1.110347	1.19483
0.4678971	1.899047	1.110297	1.194777
0.4679388	1.89932	1.110248	1.194723
0.4679805	1.899683	1.110198	1.19467
0.4680222	1.900134	1.110148	1.194616
0.4680639	1.900671	1.110099	1.194563
0.4681056	1.901292	1.110049	1.194509
0.4681473	1.902	1.109999	1.194456
0.468189	1.902771	1.10995	1.194402
0.4682307	1.903623	1.1099	1.194349
0.4682724	1.904546	1.10985	1.194295
0.468314	1.905535	1.1098	1.194241
0.4683557	1.906586	1.10975	1.194188
0.4683974	1.907695	1.1097	1.194134
0.4684391	1.908857	1.109651	1.194081
0.4684808	1.910068	1.109601	1.194027
0.4685225	1.911323	1.109551	1.193973
0.4685642	1.912616	1.109501	1.19392
0.4686059	1.913946	1.109451	1.193866
0.4686476	1.915299	1.109401	1.193812
0.4686893	1.916678	1.109351	1.193759
0.468731	1.918075	1.109302	1.193705
0.4687727	1.919486	1.109252	1.193651
0.4688144	1.920904	1.109202	1.193598
0.4688561	1.922325	1.109152	1.193544
0.4688978	1.923742	1.109102	1.19349
0.4689395	1.925156	1.109052	1.193437
0.4689812	1.926553	1.109002	1.193383
0.4690229	1.927935	1.108952	1.193329
0.4690646	1.929295	1.108903	1.193276
0.4691063	1.930629	1.108853	1.193222
0.469148	1.931933	1.108803	1.193168
0.4691897	1.933204	1.108753	1.193115
0.4692314	1.934436	1.108703	1.193061
0.4692731	1.935627	1.108654	1.193008
0.4693148	1.936773	1.108604	1.192954
0.4693565	1.937872	1.108554	1.1929
0.4693982	1.938919	1.108504	1.192847
0.4694399	1.939916	1.108454	1.192793
0.4694816	1.940864	1.108405	1.19274
0.4695233	1.941743	1.108355	1.192686
0.469565	1.942569	1.108305	1.192633
0.4696067	1.943336	1.108256	1.192579
0.4696484	1.944042	1.108206	1.192526
0.4696901	1.944688	1.108156	1.192472
0.4697318	1.945273	1.108107	1.192419
0.4697735	1.945799	1.108057	1.192366
0.4698152	1.94626	1.108007	1.192312
0.4698569	1.946663	1.107958	1.192259
0.4698986	1.947007	1.107908	1.192205
0.4699403	1.947292	1.107858	1.192152
0.469982	1.94752	1.107809	1.192099
0.4700237	1.947692	1.107759	1.192045
0.4700653	1.947811	1.10771	1.191992
0.470107	1.947883	1.10766	1.191939
0.4701487	1.947896	1.107611	1.191885
0.4701904	1.947866	1.107561	1.191832
0.4702321	1.947791	1.107512	1.191779
0.4702738	1.947673	1.107462	1.191726
0.4703155	1.947515	1.107413	1.191672
0.4703572	1.947321	1.107363	1.191619
0.4703989	1.947091	1.107314	1.191566
0.4704406	1.94683	1.107264	1.191513
0.4704823	1.94654	1.107215	1.191459
0.470524	1.946224	1.107165	1.191406
0.4705657	1.945886	1.107116	1.191353
0.4706074	1.945523	1.107066	1.1913
0.4706491	1.945142	1.107017	1.191246
0.4706908	1.944746	1.106967	1.191193
0.4707325	1.944336	1.106918	1.19114
0.4707742	1.943914	1.106869	1.191087
0.4708159	1.943483	1.106819	1.191034
0.4708576	1.943043	1.10677	1.190981
0.4708993	1.942596	1.10672	1.190927
0.470941	1.942145	1.106671	1.190874
0.4709827	1.94169	1.106622	1.190821
0.4710244	1.941231	1.106572	1.190768
0.4710661	1.940771	1.106523	1.190715
0.4711078	1.940309	1.106473	1.190662
0.4711495	1.939845	1.106424	1.190608
0.4711912	1.93938	1.106375	1.190555
0.4712329	1.938913	1.106325	1.190502
0.4712746	1.938444	1.106276	1.190449
0.4713163	1.937972	1.106227	1.190396
0.471358	1.937496	1.106177	1.190343
0.4713997	1.937015	1.106128	1.19029
0.4714414	1.936528	1.106079	1.190237
0.4714831	1.936033	1.106029	1.190184
0.4715248	1.935529	1.10598	1.190131
0.4715665	1.935013	1.105931	1.190078
0.4716082	1.934483	1.105881	1.190025
0.4716499	1.933938	1.105832	1.189972
0.4716916	1.933375	1.105783	1.189919
0.4717333	1.932791	1.105734	1.189866
0.4717749	1.932185	1.105684	1.189813
0.4718166	1.931553	1.105635	1.18976
0.4718583	1.930894	1.105586	1.189707
0.4719	1.930205	1.105537	1.189654
0.4719417	1.929483	1.105488	1.189601
0.4719834	1.928726	1.105439	1.189548
0.4720251	1.927931	1.105389	1.189495
0.4720668	1.927098	1.10534	1.189442
0.4721085	1.926223	1.105291	1.189389
0.4721502	1.925305	1.105242	1.189337
0.4721919	1.924342	1.105193	1.189284
0.4722336	1.923332	1.105144	1.189231
0.4722753	1.922274	1.105095	1.189178
0.472317	1.921168	1.105046	1.189126
0.4723587	1.920011	1.104997	1.189073
0.4724004	1.918806	1.104948	1.18902
0.4724421	1.917551	1.104899	1.188968
0.4724838	1.916246	1.104851	1.188915
0.4725255	1.914891	1.104802	1.188863
0.4725672	1.913488	1.104753	1.18881
0.4726089	1.912036	1.104704	1.188758
0.4726506	1.910539	1.104656	1.188705
0.4726923	1.908998	1.104607	1.188653
0.472734	1.907415	1.104558	1.188601
0.4727757	1.905793	1.10451	1.188548
0.4728174	1.904134	1.104461	1.188496
0.4728591	1.902442	1.104413	1.188444
0.4729008	1.900719	1.104364	1.188392
0.4729425	1.898971	1.104316	1.18834
0.4729842	1.8972	1.104267	1.188288
0.4730259	1.895412	1.104219	1.188236
0.4730676	1.893611	1.104171	1.188184
0.4731093	1.891802	1.104122	1.188132
0.473151	1.889989	1.104074	1.18808
0.4731927	1.888178	1.104026	1.188028
0.4732344	1.886375	1.103978	1.187976
0.4732761	1.884585	1.10393	1.187924
0.4733178	1.882813	1.103881	1.187872
0.4733595	1.881066	1.103833	1.187821
0.4734012	1.879351	1.103785	1.187769
0.4734429	1.877667	1.103737	1.187717
0.4734846	1.876027	1.103689	1.187666
0.4735262	1.874434	1.103641	1.187614
0.4735679	1.872893	1.103594	1.187563
0.4736096	1.871412	1.103546	1.187511
0.4736513	1.869993	1.103498	1.18746
0.473693	1.868644	1.10345	1.187408
0.4737347	1.867368	1.103402	1.187357
0.4737764	1.866171	1.103354	1.187305
0.4738181	1.865056	1.103307	1.187254
0.4738598	1.86403	1.103259	1.187203
0.4739015	1.863092	1.103211	1.187151
0.4739432	1.862252	1.103164	1.1871
0.4739849	1.861509	1.103116	1.187049
0.4740266	1.860867	1.103068	1.186997
0.4740683	1.860328	1.10302	1.186946
0.47411	1.859893	1.102973	1.186895
0.4741517	1.859568	1.102925	1.186843
0.4741934	1.859349	1.102877	1.186792
0.4742351	1.85924	1.10283	1.186741
0.4742768	1.859242	1.102782	1.186689
0.4743185	1.859353	1.102734	1.186638
0.4743602	1.859573	1.102687	1.186587
0.4744019	1.859903	1.102639	1.186536
0.4744436	1.860338	1.102591	1.186484
0.4744853	1.860878	1.102544	1.186433
0.474527	1.861522	1.102496	1.186382
0.4745687	1.862266	1.102448	1.18633
0.4746104	1.863109	1.102401	1.186279
0.4746521	1.864046	1.102353	1.186227
0.4746938	1.865074	1.102305	1.186176
0.4747355	1.866188	1.102257	1.186125
0.4747772	1.867384	1.102209	1.186073
0.4748189	1.868658	1.102162	1.186022
0.4748606	1.870004	1.102114	1.18597
0.4749023	1.871417	1.102066	1.185919
0.474944	1.872893	1.102018	1.185867
0.4749857	1.874448	1.10197	1.185816
0.4750274	1.876007	1.101922	1.185764
0.4750691	1.877634	1.101874	1.185712
0.4751108	1.879298	1.101826	1.185661
0.4751525	1.880994	1.101778	1.185609
0.4751942	1.882716	1.10173	1.185558
0.4752359	1.88449	1.101682	1.185506
0.4752775	1.886209	1.101634	1.185454
0.4753192	1.887968	1.101586	1.185402
0.4753609	1.889727	1.101538	1.185351
0.4754026	1.89148	1.10149	1.185299
0.4754443	1.893219	1.101442	1.185247
0.475486	1.894939	1.101394	1.185195
0.4755277	1.896634	1.101345	1.185143
0.4755694	1.898298	1.101297	1.185091
0.4756111	1.899925	1.101249	1.18504
0.4756528	1.90151	1.101201	1.184988
0.4756945	1.903048	1.101152	1.184936
0.4757362	1.904532	1.101104	1.184884
0.4757779	1.90596	1.101056	1.184832
0.4758196	1.907326	1.101008	1.18478
0.4758613	1.908626	1.100959	1.184728
0.475903	1.909855	1.100911	1.184676
0.4759447	1.91101	1.100862	1.184624
0.4759864	1.912089	1.100814	1.184572
0.4760281	1.913087	1.100766	1.18452
0.4760698	1.914003	1.100717	1.184468
0.4761115	1.914834	1.100669	1.184415
0.4761532	1.915579	1.10062	1.184363
0.4761949	1.916233	1.100572	1.184311
0.4762366	1.9168	1.100524	1.184259
0.4762783	1.917274	1.100475	1.184207
0.47632	1.917657	1.100427	1.184155
0.4763617	1.917948	1.100378	1.184103
0.4764034	1.918147	1.10033	1.18405
0.4764451	1.918255	1.100281	1.183998
0.4764868	1.918272	1.100233	1.183946
0.4765285	1.9182	1.100184	1.183894
0.4765702	1.918038	1.100136	1.183842
0.4766119	1.917786	1.100087	1.183789
0.4766536	1.917452	1.100039	1.183737
0.4766953	1.917033	1.09999	1.183685
0.476737	1.916532	1.099941	1.183633
0.4767787	1.915951	1.099893	1.18358
0.4768204	1.915294	1.099844	1.183528
0.4768621	1.914563	1.099796	1.183476
0.4769038	1.913759	1.099747	1.183424
0.4769455	1.912887	1.099699	1.183371
0.4769871	1.911949	1.09965	1.183319
0.4770288	1.910949	1.099601	1.183267
0.4770705	1.909889	1.099553	1.183214
0.4771122	1.908773	1.099504	1.183162
0.4771539	1.907603	1.099456	1.18311
0.4771956	1.906386	1.099407	1.183057
0.4772373	1.905121	1.099358	1.183005
0.477279	1.903813	1.09931	1.182953
0.4773207	1.902464	1.099261	1.1829
0.4773624	1.901078	1.099212	1.182848
0.4774041	1.899661	1.099164	1.182796
0.4774458	1.898212	1.099115	1.182744
0.4774875	1.896735	1.099067	1.182691
0.4775292	1.895234	1.099018	1.182639
0.4775709	1.89371	1.098969	1.182587
0.4776126	1.892168	1.098921	1.182534
0.4776543	1.890608	1.098872	1.182482
0.477696	1.889035	1.098823	1.18243
0.4777377	1.88745	1.098775	1.182377
0.4777794	1.885855	1.098726	1.182325
0.4778211	1.884254	1.098678	1.182273
0.4778628	1.882646	1.098629	1.18222
0.4779045	1.881036	1.098581	1.182168
0.4779462	1.879425	1.098532	1.182116
0.4779879	1.877814	1.098483	1.182064
0.4780296	1.876206	1.098435	1.182011
0.4780713	1.874601	1.098386	1.181959
0.478113	1.873002	1.098338	1.181907
0.4781547	1.87141	1.098289	1.181855
0.4781964	1.869826	1.098241	1.181803
0.4782381	1.868252	1.098192	1.181751
0.4782798	1.866691	1.098144	1.181698
0.4783215	1.865142	1.098096	1.181646
0.4783632	1.863607	1.098047	1.181594
0.4784049	1.862088	1.097999	1.181542
0.4784466	1.860586	1.097951	1.18149
0.4784883	1.859103	1.097902	1.181438
0.47853	1.857639	1.097854	1.181386
0.4785717	1.856198	1.097806	1.181334
0.4786134	1.85478	1.097757	1.181282
0.4786551	1.853387	1.097709	1.181231
0.4786968	1.852021	1.097661	1.181179
0.4787384	1.850684	1.097613	1.181127
0.4787801	1.849376	1.097565	1.181075
0.4788218	1.848101	1.097517	1.181023
0.4788635	1.84686	1.097469	1.180972
0.4789052	1.845656	1.097421	1.18092
0.4789469	1.844491	1.097373	1.180868
0.4789886	1.843366	1.097325	1.180817
0.4790303	1.842284	1.097277	1.180765
0.479072	1.841248	1.097229	1.180714
0.4791137	1.840259	1.097181	1.180662
0.4791554	1.839321	1.097133	1.180611
0.4791971	1.838435	1.097085	1.180559
0.4792388	1.837604	1.097038	1.180508
0.4792805	1.836832	1.09699	1.180457
0.4793222	1.836118	1.096942	1.180405
0.4793639	1.835467	1.096895	1.180354
0.4794056	1.834881	1.096847	1.180303
0.4794473	1.83436	1.096799	1.180251
0.479489	1.833909	1.096752	1.1802
0.4795307	1.833528	1.096704	1.180149
0.4795724	1.83322	1.096657	1.180098
0.4796141	1.832987	1.096609	1.180047
0.4796558	1.832829	1.096562	1.179996
0.4796975	1.832752	1.096514	1.179945
0.4797392	1.832746	1.096467	1.179893
0.4797809	1.832823	1.096419	1.179842
0.4798226	1.832979	1.096372	1.179791
0.4798643	1.833216	1.096325	1.179741
0.479906	1.833532	1.096277	1.17969
0.4799477	1.833929	1.09623	1.179639
0.4799894	1.8344	1.096183	1.179588
0.4800311	1.834961	1.096135	1.179537
0.4800728	1.835592	1.096088	1.179486
0.4801145	1.8363	1.096041	1.179435
0.4801562	1.837081	1.095993	1.179384
0.4801979	1.837934	1.095946	1.179333
0.4802396	1.838857	1.095899	1.179283
0.4802813	1.839845	1.095852	1.179232
0.480323	1.840897	1.095805	1.179181
0.4803647	1.842008	1.095757	1.17913
0.4804064	1.843173	1.09571	1.17908
0.480448	1.84439	1.095663	1.179029
0.4804897	1.845653	1.095616	1.178978
0.4805314	1.84696	1.095569	1.178927
0.4805731	1.848299	1.095522	1.178877
0.4806148	1.849671	1.095474	1.178826
0.4806565	1.851069	1.095427	1.178775
0.4806982	1.852486	1.09538	1.178724
0.4807399	1.853917	1.095333	1.178674
0.4807816	1.855356	1.095286	1.178623
0.4808233	1.856795	1.095239	1.178572
0.480865	1.85823	1.095192	1.178522
0.4809067	1.859653	1.095145	1.178471
0.4809484	1.861057	1.095098	1.17842
0.4809901	1.862437	1.09505	1.178369
0.4810318	1.863786	1.095003	1.178319
0.4810735	1.865098	1.094956	1.178268
0.4811152	1.866365	1.094909	1.178217
0.4811569	1.867584	1.094862	1.178167
0.4811986	1.868748	1.094815	1.178116
0.4812403	1.869849	1.094768	1.178065
0.481282	1.870883	1.094721	1.178015
0.4813237	1.871846	1.094674	1.177964
0.4813654	1.872731	1.094626	1.177913
0.4814071	1.873535	1.094579	1.177863
0.4814488	1.874254	1.094532	1.177812
0.4814905	1.874883	1.094485	1.177761
0.4815322	1.87542	1.094438	1.17771
0.4815739	1.87586	1.094391	1.17766
0.4816156	1.876201	1.094344	1.177609
0.4816573	1.876441	1.094297	1.177558
0.481699	1.876581	1.09425	1.177508
0.4817407	1.876623	1.094202	1.177457
0.4817824	1.876551	1.094155	1.177406
0.4818241	1.87638	1.094108	1.177356
0.4818658	1.876106	1.094061	1.177305
0.4819075	1.87573	1.094014	1.177254
0.4819492	1.875253	1.093967	1.177203
0.4819909	1.874678	1.09392	1.177153
0.4820326	1.874006	1.093873	1.177102
0.4820743	1.873242	1.093825	1.177051
0.482116	1.872389	1.093778	1.177001
0.4821577	1.871451	1.093731	1.17695
0.4821993	1.870432	1.093684	1.176899
0.482241	1.869328	1.093637	1.176848
0.4822827	1.868171	1.09359	1.176798
0.4823244	1.86694	1.093543	1.176747
0.4823661	1.865651	1.093495	1.176696
0.4824078	1.86431	1.093448	1.176645
0.4824495	1.86292	1.093401	1.176595
0.4824912	1.861498	1.093354	1.176544
0.4825329	1.860042	1.093307	1.176493
0.4825746	1.858562	1.093259	1.176442
0.4826163	1.857065	1.093212	1.176391
0.482658	1.85556	1.093165	1.176341
0.4826997	1.854055	1.093118	1.17629
0.4827414	1.852556	1.093071	1.176239
0.4827831	1.851072	1.093023	1.176188
0.4828248	1.849611	1.092976	1.176137
0.4828665	1.848181	1.092929	1.176087
0.4829082	1.846789	1.092882	1.176036
0.4829499	1.845443	1.092835	1.175985
0.4829916	1.84415	1.092787	1.175934
0.4830333	1.842916	1.09274	1.175883
0.483075	1.84175	1.092693	1.175832
0.4831167	1.840656	1.092646	1.175782
0.4831584	1.839643	1.092598	1.175731
0.4832001	1.838711	1.092551	1.17568
0.4832418	1.837872	1.092504	1.175629
0.4832835	1.837128	1.092457	1.175578
0.4833252	1.836484	1.092409	1.175527
0.4833669	1.835943	1.092362	1.175476
0.4834086	1.835509	1.092315	1.175426
0.4834503	1.835289	1.092267	1.175375
0.483492	1.834971	1.09222	1.175324
0.4835337	1.834872	1.092173	1.175273
0.4835754	1.834887	1.092126	1.175222
0.4836171	1.835019	1.092078	1.175171
0.4836588	1.835266	1.092031	1.17512
0.4837005	1.835627	1.091984	1.175069
0.4837422	1.836101	1.091936	1.175018
0.4837839	1.836687	1.091889	1.174968
0.4838256	1.837381	1.091842	1.174917
0.4838673	1.83818	1.091794	1.174866
0.483909	1.839083	1.091747	1.174815
0.4839506	1.840083	1.0917	1.174764
0.4839923	1.841176	1.091653	1.174713
0.484034	1.842357	1.091605	1.174662
0.4840757	1.843619	1.091558	1.174611
0.4841174	1.844957	1.091511	1.17456
0.4841591	1.846363	1.091463	1.17451
0.4842008	1.84783	1.091416	1.174459
0.4842425	1.849351	1.091369	1.174408
0.4842842	1.850919	1.091322	1.174357
0.4843259	1.852523	1.091274	1.174306
0.4843676	1.854156	1.091227	1.174255
0.4844093	1.855809	1.09118	1.174205
0.484451	1.857473	1.091133	1.174154
0.4844927	1.859138	1.091086	1.174103
0.4845344	1.860795	1.091038	1.174052
0.4845761	1.862435	1.090991	1.174001
0.4846178	1.864047	1.090944	1.173951
0.4846595	1.865624	1.090897	1.1739
0.4847012	1.867154	1.09085	1.173849
0.4847429	1.86863	1.090803	1.173799
0.4847846	1.870041	1.090756	1.173748
0.4848263	1.871379	1.090709	1.173697
0.484868	1.872635	1.090661	1.173647
0.4849097	1.8738	1.090614	1.173596
0.4849514	1.874866	1.090567	1.173545
0.4849931	1.875825	1.09052	1.173495
0.4850348	1.87667	1.090473	1.173444
0.4850765	1.877393	1.090426	1.173394
0.4851182	1.87799	1.090379	1.173343
0.4851599	1.878452	1.090332	1.173292
0.4852016	1.878775	1.090285	1.173242
0.4852433	1.878952	1.090238	1.173191
0.485285	1.87898	1.090192	1.173141
0.4853267	1.878854	1.090145	1.17309
0.4853684	1.878573	1.090098	1.17304
0.4854101	1.878132	1.090051	1.17299
0.4854518	1.877532	1.090004	1.172939
0.4854935	1.876767	1.089957	1.172889
0.4855352	1.875845	1.08991	1.172838
0.4855769	1.874749	1.089864	1.172788
0.4856186	1.873494	1.089817	1.172738
0.4856602	1.872078	1.08977	1.172687
0.4857019	1.870502	1.089723	1.172637
0.4857436	1.868769	1.089676	1.172587
0.4857853	1.866883	1.08963	1.172536
0.485827	1.864846	1.089583	1.172486
0.4858687	1.862664	1.089536	1.172436
0.4859104	1.860339	1.089489	1.172385
0.4859521	1.857878	1.089443	1.172335
0.4859938	1.855288	1.089396	1.172285
0.4860355	1.852575	1.089349	1.172234
0.4860772	1.849747	1.089303	1.172184
0.4861189	1.84681	1.089256	1.172134
0.4861606	1.843773	1.089209	1.172084
0.4862023	1.840644	1.089162	1.172034
0.486244	1.83743	1.089116	1.171983
0.4862857	1.834143	1.089069	1.171933
0.4863274	1.83079	1.089022	1.171883
0.4863691	1.827381	1.088976	1.171833
0.4864108	1.823927	1.088929	1.171782
0.4864525	1.820439	1.088882	1.171732
0.4864942	1.816924	1.088836	1.171682
0.4865359	1.813393	1.088789	1.171632
0.4865776	1.809857	1.088742	1.171582
0.4866193	1.806326	1.088696	1.171531
0.486661	1.80281	1.088649	1.171481
0.4867027	1.79932	1.088603	1.171431
0.4867444	1.795865	1.088556	1.171381
0.4867861	1.792455	1.088509	1.171331
0.4868278	1.7891	1.088463	1.17128
0.4868695	1.78581	1.088416	1.17123
0.4869112	1.782594	1.088369	1.17118
0.4869529	1.779462	1.088323	1.17113
0.4869946	1.776422	1.088276	1.17108
0.4870363	1.773482	1.08823	1.17103
0.487078	1.770535	1.088183	1.17098
0.4871197	1.767933	1.088136	1.170929
0.4871614	1.765339	1.08809	1.170879
0.4872031	1.762874	1.088043	1.170829
0.4872448	1.760546	1.087997	1.170779
0.4872865	1.758363	1.08795	1.170729
0.4873282	1.756322	1.087904	1.170679
0.4873699	1.754436	1.087857	1.170629
0.4874115	1.752706	1.087811	1.170579
0.4874532	1.751133	1.087764	1.170529
0.4874949	1.749726	1.087717	1.170479
0.4875366	1.748482	1.087671	1.170429
0.4875783	1.747408	1.087624	1.170379
0.48762	1.746502	1.087578	1.170328
0.4876617	1.745766	1.087532	1.170278
0.4877034	1.745201	1.087485	1.170228
0.4877451	1.744824	1.087439	1.170178
0.4877868	1.744577	1.087392	1.170129
0.4878285	1.744516	1.087346	1.170079
0.4878702	1.744622	1.087299	1.170029
0.4879119	1.744891	1.087253	1.169979
0.4879536	1.745322	1.087206	1.169929
0.4879953	1.745909	1.08716	1.169879
0.488037	1.746649	1.087114	1.169829
0.4880787	1.747537	1.087067	1.169779
0.4881204	1.748569	1.087021	1.169729
0.4881621	1.74974	1.086975	1.169679
0.4882038	1.751044	1.086928	1.169629
0.4882455	1.752476	1.086882	1.169579
0.4882872	1.754027	1.086836	1.16953
0.4883289	1.755695	1.086789	1.16948
0.4883706	1.757469	1.086743	1.16943
0.4884123	1.759343	1.086697	1.16938
0.488454	1.761311	1.08665	1.16933
0.4884957	1.763364	1.086604	1.169281
0.4885374	1.765495	1.086558	1.169231
0.4885791	1.767697	1.086512	1.169181
0.4886208	1.769962	1.086465	1.169131
0.4886625	1.77228	1.086419	1.169081
0.4887042	1.774646	1.086373	1.169032
0.4887459	1.77705	1.086327	1.168982
0.4887876	1.779485	1.08628	1.168932
0.4888293	1.781944	1.086234	1.168882
0.488871	1.784418	1.086188	1.168833
0.4889127	1.786897	1.086142	1.168783
0.4889544	1.789385	1.086095	1.168733
0.4889961	1.791863	1.086049	1.168683
0.4890378	1.79433	1.086003	1.168634
0.4890795	1.796774	1.085957	1.168584
0.4891211	1.799194	1.085911	1.168534
0.4891628	1.801582	1.085864	1.168485
0.4892045	1.803932	1.085818	1.168435
0.4892462	1.806239	1.085772	1.168385
0.4892879	1.808498	1.085726	1.168335
0.4893296	1.810704	1.08568	1.168286
0.4893713	1.812853	1.085634	1.168236
0.489413	1.814943	1.085587	1.168186
0.4894547	1.816966	1.085541	1.168137
0.4894964	1.818922	1.085495	1.168087
0.4895381	1.820809	1.085449	1.168037
0.4895798	1.822622	1.085403	1.167988
0.4896215	1.824362	1.085357	1.167938
0.4896632	1.826026	1.085311	1.167888
0.4897049	1.827612	1.085264	1.167839
0.4897466	1.829122	1.085218	1.167789
0.4897883	1.830554	1.085172	1.16774
0.48983	1.831909	1.085126	1.16769
0.4898717	1.833187	1.08508	1.16764
0.4899134	1.834388	1.085034	1.167591
0.4899551	1.835514	1.084988	1.167541
0.4899968	1.836566	1.084942	1.167492
0.4900385	1.837548	1.084896	1.167442
0.4900802	1.83846	1.08485	1.167393
0.4901219	1.839304	1.084804	1.167343
0.4901636	1.840085	1.084758	1.167294
0.4902053	1.840804	1.084712	1.167244
0.490247	1.841464	1.084666	1.167195
0.4902887	1.842068	1.08462	1.167145
0.4903304	1.84262	1.084574	1.167096
0.4903721	1.843123	1.084528	1.167046
0.4904138	1.843581	1.084482	1.166997
0.4904555	1.843997	1.084436	1.166948
0.4904972	1.844375	1.08439	1.166898
0.4905389	1.844719	1.084344	1.166849
0.4905806	1.845031	1.084298	1.166799
0.4906223	1.845315	1.084252	1.16675
0.490664	1.845575	1.084207	1.166701
0.4907057	1.845814	1.084161	1.166651
0.4907474	1.846036	1.084115	1.166602
0.4907891	1.846242	1.084069	1.166553
0.4908308	1.846437	1.084023	1.166503
0.4908724	1.846622	1.083977	1.166454
0.4909141	1.8468	1.083931	1.166405
0.4909558	1.846973	1.083886	1.166355
0.4909975	1.847143	1.08384	1.166306
0.4910392	1.847312	1.083794	1.166257
0.4910809	1.847481	1.083748	1.166207
0.4911226	1.847651	1.083702	1.166158
0.4911643	1.847822	1.083657	1.166109
0.491206	1.847995	1.083611	1.166059
0.4912477	1.848171	1.083565	1.16601
0.4912894	1.848349	1.083519	1.165961
0.4913311	1.848529	1.083473	1.165911
0.4913728	1.848709	1.083427	1.165862
0.4914145	1.848889	1.083382	1.165813
0.4914562	1.849066	1.083336	1.165764
0.4914979	1.84924	1.08329	1.165714
0.4915396	1.849408	1.083244	1.165665
0.4915813	1.849568	1.083198	1.165616
0.491623	1.849716	1.083152	1.165566
0.4916647	1.849852	1.083107	1.165517
0.4917064	1.84997	1.083061	1.165467
0.4917481	1.850068	1.083015	1.165418
0.4917898	1.850142	1.082969	1.165369
0.4918315	1.850188	1.082923	1.165319
0.4918732	1.850204	1.082877	1.16527
0.4919149	1.850184	1.082831	1.16522
0.4919566	1.850124	1.082785	1.165171
0.4919983	1.850021	1.082739	1.165121
0.49204	1.849869	1.082693	1.165072
0.4920817	1.849666	1.082647	1.165022
0.4921234	1.849406	1.082601	1.164973
0.4921651	1.849087	1.082555	1.164923
0.4922068	1.848702	1.082509	1.164874
0.4922485	1.848249	1.082463	1.164824
0.4922902	1.847723	1.082417	1.164775
0.4923319	1.84712	1.082371	1.164725
0.4923736	1.846438	1.082325	1.164675
0.4924153	1.845672	1.082278	1.164626
0.492457	1.84482	1.082232	1.164576
0.4924987	1.843879	1.082186	1.164526
0.4925404	1.842846	1.08214	1.164477
0.4925821	1.841719	1.082094	1.164427
0.4926237	1.840494	1.082047	1.164377
0.4926654	1.839173	1.082001	1.164327
0.4927071	1.837752	1.081955	1.164277
0.4927488	1.836231	1.081908	1.164228
0.4927905	1.83461	1.081862	1.164178
0.4928322	1.832888	1.081816	1.164128
0.4928739	1.831068	1.081769	1.164078
0.4929156	1.829142	1.081723	1.164028
0.4929573	1.82712	1.081677	1.163978
0.492999	1.825	1.08163	1.163928
0.4930407	1.822787	1.081584	1.163878
0.4930824	1.820477	1.081538	1.163828
0.4931241	1.818078	1.081491	1.163778
0.4931658	1.815594	1.081445	1.163729
0.4932075	1.813022	1.081398	1.163679
0.4932492	1.810367	1.081352	1.163629
0.4932909	1.807643	1.081305	1.163579
0.4933326	1.804844	1.081259	1.163529
0.4933743	1.801978	1.081213	1.163479
0.493416	1.79905	1.081166	1.163429
0.4934577	1.796065	1.08112	1.163379
0.4934994	1.79303	1.081073	1.163329
0.4935411	1.78995	1.081027	1.163279
0.4935828	1.786823	1.08098	1.163229
0.4936245	1.783678	1.080934	1.163179
0.4936662	1.780499	1.080888	1.163129
0.4937079	1.777301	1.080841	1.163079
0.4937496	1.774089	1.080795	1.163029
0.4937913	1.770872	1.080749	1.16298
0.493833	1.767654	1.080702	1.16293
0.4938747	1.764443	1.080656	1.16288
0.4939164	1.761246	1.08061	1.16283
0.4939581	1.75807	1.080564	1.16278
0.4939998	1.75492	1.080517	1.162731
0.4940415	1.751805	1.080471	1.162681
0.4940832	1.74873	1.080425	1.162631
0.4941249	1.7457	1.080379	1.162582
0.4941666	1.742724	1.080333	1.162532
0.4942083	1.739807	1.080287	1.162482
0.49425	1.736954	1.080241	1.162433
0.4942917	1.734171	1.080195	1.162383
0.4943333	1.731464	1.080149	1.162334
0.494375	1.728838	1.080103	1.162285
0.4944167	1.726297	1.080057	1.162235
0.4944584	1.723845	1.080011	1.162186
0.4945001	1.721488	1.079965	1.162137
0.4945418	1.719229	1.079919	1.162087
0.4945835	1.717073	1.079874	1.162038
0.4946252	1.715023	1.079828	1.161989
0.4946669	1.713082	1.079782	1.16194
0.4947086	1.711245	1.079737	1.161891
0.4947503	1.709537	1.079691	1.161841
0.494792	1.707937	1.079645	1.161792
0.4948337	1.706456	1.0796	1.161743
0.4948754	1.705095	1.079554	1.161694
0.4949171	1.703856	1.079509	1.161645
0.4949588	1.702741	1.079463	1.161596
0.4950005	1.701749	1.079418	1.161548
0.4950422	1.700877	1.079373	1.161499
0.4950839	1.700135	1.079327	1.16145
0.4951256	1.699515	1.079282	1.161401
0.4951673	1.699018	1.079236	1.161352
0.495209	1.698645	1.079191	1.161304
0.4952507	1.698396	1.079146	1.161255
0.4952924	1.698269	1.079101	1.161206
0.4953341	1.698263	1.079055	1.161157
0.4953758	1.698377	1.07901	1.161109
0.4954175	1.698608	1.078965	1.16106
0.4954592	1.698956	1.07892	1.161011
0.4955009	1.699103	1.078875	1.160963
0.4955426	1.699993	1.078829	1.160914
0.4955843	1.700678	1.078784	1.160866
0.495626	1.701472	1.078739	1.160817
0.4956677	1.702372	1.078694	1.160768
0.4957094	1.703374	1.078649	1.16072
0.4957511	1.704476	1.078604	1.160671
0.4957928	1.705676	1.078559	1.160623
0.4958345	1.706968	1.078513	1.160574
0.4958762	1.708354	1.078468	1.160526
0.4959179	1.709828	1.078423	1.160477
0.4959596	1.711387	1.078378	1.160429
0.4960013	1.713026	1.078333	1.16038
0.496043	1.714743	1.078288	1.160332
0.4960846	1.716535	1.078243	1.160283
0.4961263	1.718397	1.078198	1.160235
0.496168	1.720325	1.078153	1.160186
0.4962097	1.722317	1.078108	1.160138
0.4962514	1.724368	1.078063	1.160089
0.4962931	1.726475	1.078018	1.160041
0.4963348	1.728632	1.077973	1.159992
0.4963765	1.730836	1.077928	1.159944
0.4964182	1.733082	1.077883	1.159896
0.4964599	1.735368	1.077838	1.159847
0.4965016	1.737687	1.077793	1.159799
0.4965433	1.740036	1.077748	1.15975
0.496585	1.742412	1.077703	1.159702
0.4966267	1.744807	1.077658	1.159654
0.4966684	1.747219	1.077613	1.159606
0.4967101	1.749644	1.077568	1.159557
0.4967518	1.752077	1.077524	1.159509
0.4967935	1.754513	1.077479	1.159461
0.4968352	1.756948	1.077434	1.159413
0.4968769	1.759377	1.077389	1.159364
0.4969186	1.761796	1.077344	1.159316
0.4969603	1.764201	1.0773	1.159268
0.497002	1.766587	1.077255	1.15922
0.4970437	1.768951	1.07721	1.159172
0.4970854	1.771287	1.077166	1.159124
0.4971271	1.773592	1.077121	1.159076
0.4971688	1.775862	1.077077	1.159028
0.4972105	1.778093	1.077032	1.15898
0.4972522	1.78028	1.076988	1.158932
0.4972939	1.782421	1.076943	1.158885
0.4973356	1.784511	1.076899	1.158837
0.4973773	1.786547	1.076854	1.158789
0.497419	1.788527	1.07681	1.158741
0.4974607	1.790448	1.076766	1.158694
0.4975024	1.792305	1.076721	1.158646
0.4975441	1.794149	1.076677	1.158598
0.4975858	1.79582	1.076633	1.158551
0.4976275	1.797472	1.076589	1.158503
0.4976692	1.799059	1.076545	1.158456
0.4977109	1.800558	1.076501	1.158408
0.4977526	1.801988	1.076456	1.158361
0.4977942	1.803341	1.076412	1.158313
0.4978359	1.804615	1.076368	1.158266
0.4978776	1.805809	1.076324	1.158219
0.4979193	1.806922	1.07628	1.158171
0.497961	1.807954	1.076236	1.158124
0.4980027	1.808905	1.076192	1.158077
0.4980444	1.809774	1.076149	1.158029
0.4980861	1.810561	1.076105	1.157982
0.4981278	1.81127	1.076061	1.157935
0.4981695	1.811898	1.076017	1.157888
0.4982112	1.812446	1.075973	1.15784
0.4982529	1.812915	1.075929	1.157793
0.4982946	1.813308	1.075885	1.157746
0.4983363	1.813624	1.075841	1.157699
0.498378	1.813866	1.075797	1.157651
0.4984197	1.814036	1.075753	1.157604
0.4984614	1.814137	1.07571	1.157557
0.4985031	1.814166	1.075666	1.15751
0.4985448	1.814131	1.075622	1.157462
0.4985865	1.81403	1.075578	1.157415
0.4986282	1.813866	1.075534	1.157368
0.4986699	1.813647	1.07549	1.15732
0.4987116	1.813368	1.075446	1.157273
0.4987533	1.813036	1.075402	1.157226
0.498795	1.812651	1.075357	1.157178
0.4988367	1.812218	1.075313	1.157131
0.4988784	1.811738	1.075269	1.157083
0.4989201	1.811214	1.075225	1.157036
0.4989618	1.810649	1.075181	1.156988
0.4990035	1.810046	1.075136	1.15694
0.4990452	1.809406	1.075092	1.156892
0.4990869	1.808734	1.075048	1.156845
0.4991286	1.80803	1.075003	1.156797
0.4991703	1.807298	1.074959	1.156749
0.499212	1.806539	1.074914	1.156701
0.4992537	1.805757	1.074869	1.156653
0.4992954	1.804952	1.074825	1.156605
0.4993371	1.804128	1.07478	1.156557
0.4993788	1.803286	1.074735	1.156508
0.4994205	1.802428	1.07469	1.15646
0.4994622	1.801555	1.074645	1.156412
0.4995039	1.800669	1.0746	1.156363
0.4995455	1.799772	1.074555	1.156315
0.4995872	1.798864	1.07451	1.156266
0.4996289	1.797947	1.074465	1.156218
0.4996706	1.797022	1.07442	1.156169
0.4997123	1.79609	1.074374	1.15612
0.499754	1.795151	1.074329	1.156071
0.4997957	1.794206	1.074284	1.156023
0.4998374	1.793256	1.074238	1.155974
0.4998791	1.792299	1.074192	1.155925
0.4999208	1.791338	1.074147	1.155875
0.4999625	1.790372	1.074101	1.155826
0.5000042	1.789401	1.074055	1.155777
0.5000459	1.788424	1.07401	1.155728
0.5000876	1.787442	1.073964	1.155678
0.5001293	1.786455	1.073918	1.155629
0.500171	1.785459	1.073872	1.15558
0.5002127	1.784458	1.073826	1.15553
0.5002544	1.783448	1.07378	1.155481
0.5002961	1.782431	1.073734	1.155431
0.5003378	1.781405	1.073688	1.155381
0.5003795	1.780367	1.073642	1.155332
0.5004212	1.77932	1.073595	1.155282
0.5004629	1.778259	1.073549	1.155232
0.5005046	1.777187	1.073503	1.155183
0.5005463	1.776101	1.073457	1.155133
0.500588	1.775	1.07341	1.155083
0.5006297	1.773883	1.073364	1.155033
0.5006714	1.772749	1.073318	1.154983
0.5007131	1.771598	1.073271	1.154933
0.5007548	1.770429	1.073225	1.154884
0.5007965	1.769237	1.073179	1.154834
0.5008382	1.768026	1.073132	1.154784
0.5008799	1.766793	1.073086	1.154734
0.5009216	1.765539	1.07304	1.154684
0.5009633	1.764262	1.072993	1.154634
0.501005	1.762961	1.072947	1.154584
0.5010467	1.761635	1.0729	1.154534
0.5010884	1.760287	1.072854	1.154484
0.5011301	1.758911	1.072808	1.154435
0.5011718	1.75751	1.072762	1.154385
0.5012135	1.756084	1.072715	1.154335
0.5012552	1.754632	1.072669	1.154285
0.5012968	1.753155	1.072623	1.154235
0.5013385	1.751651	1.072576	1.154186
0.5013802	1.750122	1.07253	1.154136
0.5014219	1.748568	1.072484	1.154086
0.5014636	1.746993	1.072438	1.154037
0.5015053	1.745391	1.072392	1.153987
0.501547	1.743768	1.072346	1.153937
0.5015887	1.742121	1.0723	1.153888
0.5016304	1.740454	1.072254	1.153839
0.5016721	1.738768	1.072208	1.153789
0.5017138	1.737063	1.072162	1.15374
0.5017555	1.735342	1.072116	1.15369
0.5017972	1.733605	1.072071	1.153641
0.5018389	1.731855	1.072025	1.153592
0.5018806	1.730093	1.071979	1.153543
0.5019223	1.728322	1.071934	1.153494
0.501964	1.726543	1.071888	1.153445
0.5020057	1.724759	1.071843	1.153396
0.5020474	1.722972	1.071797	1.153347
0.5020891	1.721185	1.071752	1.153298
0.5021308	1.7194	1.071706	1.153249
0.5021725	1.717619	1.071661	1.153201
0.5022142	1.715845	1.071616	1.153152
0.5022559	1.714081	1.071571	1.153103
0.5022976	1.71233	1.071526	1.153055
0.5023393	1.710594	1.071481	1.153006
0.502381	1.708877	1.071436	1.152958
0.5024227	1.707181	1.071391	1.15291
0.5024644	1.705508	1.071346	1.152861
0.5025061	1.703863	1.071301	1.152813
0.5025478	1.702247	1.071256	1.152765
0.5025895	1.700664	1.071212	1.152717
0.5026312	1.699115	1.071167	1.152669
0.5026729	1.697605	1.071123	1.152621
0.5027146	1.696136	1.071078	1.152573
0.5027563	1.694709	1.071034	1.152525
0.502798	1.693328	1.070989	1.152478
0.5028397	1.691996	1.070945	1.15243
0.5028814	1.690713	1.070901	1.152382
0.5029231	1.689484	1.070857	1.152335
0.5029648	1.68831	1.070812	1.152287
0.5030064	1.687193	1.070768	1.15224
0.5030481	1.686134	1.070724	1.152193
0.5030898	1.685136	1.07068	1.152145
0.5031315	1.6842	1.070637	1.152098
0.5031732	1.683328	1.070593	1.152051
0.5032149	1.682521	1.070549	1.152004
0.5032566	1.681781	1.070505	1.151957
0.5032983	1.681109	1.070462	1.15191
0.50334	1.680505	1.070418	1.151863
0.5033817	1.67997	1.070374	1.151816
0.5034234	1.679505	1.070331	1.151769
0.5034651	1.679111	1.070287	1.151722
0.5035068	1.678788	1.070244	1.151676
0.5035485	1.678536	1.070201	1.151629
0.5035902	1.678357	1.070157	1.151582
0.5036319	1.67825	1.070114	1.151536
0.5036736	1.678215	1.070071	1.151489
0.5037153	1.678251	1.070028	1.151443
0.503757	1.678359	1.069985	1.151397
0.5037987	1.678538	1.069942	1.15135
0.5038404	1.678787	1.069899	1.151304
0.5038821	1.679107	1.069856	1.151258
0.5039238	1.679498	1.069813	1.151211
0.5039655	1.679958	1.06977	1.151165
0.5040072	1.680486	1.069727	1.151119
0.5040489	1.681081	1.069684	1.151073
0.5040906	1.681744	1.069641	1.151027
0.5041323	1.682472	1.069599	1.150981
0.504174	1.683266	1.069556	1.150935
0.5042157	1.684123	1.069513	1.150889
0.5042574	1.685044	1.06947	1.150843
0.5042991	1.686026	1.069428	1.150797
0.5043408	1.687067	1.069385	1.150751
0.5043825	1.68817	1.069342	1.150705
0.5044242	1.68933	1.0693	1.15066
0.5044659	1.690546	1.069257	1.150614
0.5045076	1.691817	1.069215	1.150568
0.5045493	1.693141	1.069172	1.150522
0.504591	1.694517	1.069129	1.150476
0.5046327	1.695944	1.069087	1.15043
0.5046744	1.697419	1.069044	1.150384
0.5047161	1.69894	1.069002	1.150339
0.5047577	1.700506	1.068959	1.150293
0.5047994	1.702114	1.068916	1.150247
0.5048411	1.703762	1.068874	1.150201
0.5048828	1.705447	1.068831	1.150155
0.5049245	1.707169	1.068789	1.150109
0.5049662	1.708923	1.068746	1.150064
0.5050079	1.710708	1.068703	1.150018
0.5050496	1.71252	1.068661	1.149972
0.5050913	1.714357	1.068618	1.149926
0.505133	1.716214	1.068575	1.14988
0.5051747	1.718091	1.068532	1.149834
0.5052164	1.719982	1.06849	1.149788
0.5052581	1.721885	1.068447	1.149742
0.5052998	1.723796	1.068404	1.149696
0.5053415	1.725711	1.068361	1.149649
0.5053832	1.727626	1.068318	1.149603
0.5054249	1.729538	1.068275	1.149557
0.5054666	1.731443	1.068232	1.149511
0.5055083	1.733336	1.068189	1.149465
0.50555	1.735215	1.068146	1.149418
0.5055917	1.73707	1.068103	1.149372
0.5056334	1.738903	1.06806	1.149325
0.5056751	1.740705	1.068017	1.149279
0.5057168	1.742477	1.067974	1.149233
0.5057585	1.74421	1.06793	1.149186
0.5058002	1.745907	1.067887	1.149139
0.5058419	1.747546	1.067844	1.149093
0.5058836	1.74914	1.067801	1.149046
0.5059253	1.750679	1.067757	1.149
0.505967	1.752156	1.067714	1.148953
0.5060087	1.753572	1.06767	1.148906
0.5060504	1.75492	1.067627	1.148859
0.5060921	1.756197	1.067583	1.148812
0.5061338	1.757399	1.06754	1.148766
0.5061755	1.758522	1.067496	1.148719
0.5062172	1.759564	1.067452	1.148672
0.5062589	1.76052	1.067409	1.148625
0.5063006	1.761389	1.067365	1.148578
0.5063423	1.762167	1.067321	1.14853
0.506384	1.762852	1.067277	1.148483
0.5064257	1.763445	1.067234	1.148436
0.5064674	1.76394	1.06719	1.148389
0.506509	1.764338	1.067146	1.148342
0.5065507	1.764637	1.067102	1.148294
0.5065924	1.764836	1.067058	1.148247
0.5066341	1.764936	1.067014	1.1482
0.5066758	1.764936	1.06697	1.148152
0.5067175	1.764837	1.066926	1.148105
0.5067592	1.76464	1.066882	1.148058
0.5068009	1.764346	1.066838	1.14801
0.5068426	1.763956	1.066794	1.147963
0.5068843	1.763471	1.066749	1.147915
0.506926	1.762894	1.066705	1.147868
0.5069677	1.762228	1.066661	1.14782
0.5070094	1.761476	1.066617	1.147772
0.5070511	1.76064	1.066572	1.147725
0.5070928	1.759725	1.066528	1.147677
0.5071345	1.758733	1.066484	1.147629
0.5071762	1.75767	1.066439	1.147582
0.5072179	1.756539	1.066395	1.147534
0.5072596	1.755344	1.066351	1.147486
0.5073013	1.754095	1.066306	1.147438
0.507343	1.752785	1.066262	1.14739
0.5073847	1.75143	1.066217	1.147342
0.5074264	1.750032	1.066173	1.147294
0.5074681	1.748596	1.066128	1.147246
0.5075098	1.747128	1.066083	1.147198
0.5075515	1.745635	1.066039	1.14715
0.5075932	1.744117	1.065994	1.147102
0.5076349	1.742584	1.065949	1.147054
0.5076766	1.741041	1.065905	1.147006
0.5077183	1.739493	1.06586	1.146958
0.50776	1.737945	1.065815	1.14691
0.5078017	1.736403	1.06577	1.146862
0.5078434	1.734872	1.065726	1.146813
0.5078851	1.733356	1.065681	1.146765
0.5079268	1.731861	1.065636	1.146717
0.5079685	1.730391	1.065591	1.146668
0.5080102	1.728951	1.065546	1.14662
0.5080519	1.727544	1.065501	1.146572
0.5080936	1.726174	1.065456	1.146523
0.5081353	1.724845	1.065411	1.146475
0.508177	1.723561	1.065366	1.146426
0.5082186	1.722324	1.065321	1.146378
0.5082603	1.721137	1.065276	1.146329
0.508302	1.720003	1.06523	1.14628
0.5083437	1.718923	1.065185	1.146232
0.5083854	1.717899	1.06514	1.146183
0.5084271	1.716933	1.065095	1.146135
0.5084688	1.716025	1.065049	1.146086
0.5085105	1.715176	1.065004	1.146037
0.5085522	1.714388	1.064959	1.145988
0.5085939	1.713657	1.064914	1.14594
0.5086356	1.712988	1.064868	1.145891
0.5086773	1.712376	1.064823	1.145842
0.508719	1.711822	1.064778	1.145793
0.5087607	1.711324	1.064732	1.145744
0.5088024	1.71088	1.064687	1.145696
0.5088441	1.710489	1.064641	1.145647
0.5088858	1.71015	1.064596	1.145598
0.5089275	1.709859	1.064551	1.145549
0.5089692	1.709613	1.064505	1.1455
0.5090109	1.70941	1.06446	1.145451
0.5090526	1.709247	1.064415	1.145403
0.5090943	1.70912	1.064369	1.145354
0.509136	1.709027	1.064324	1.145305
0.5091777	1.708963	1.064278	1.145256
0.5092194	1.708925	1.064233	1.145207
0.5092611	1.708911	1.064188	1.145159
0.5093028	1.708913	1.064142	1.14511
0.5093445	1.708932	1.064097	1.145061
0.5093862	1.708959	1.064052	1.145012
0.5094279	1.708994	1.064007	1.144964
0.5094696	1.709032	1.063961	1.144915
0.5095113	1.709069	1.063916	1.144866
0.509553	1.709102	1.063871	1.144818
0.5095947	1.709125	1.063826	1.144769
0.5096364	1.709136	1.063781	1.144721
0.5096781	1.709131	1.063736	1.144673
0.5097198	1.709107	1.063691	1.144624
0.5097615	1.70906	1.063646	1.144576
0.5098032	1.708987	1.063601	1.144528
0.5098449	1.708886	1.063557	1.144479
0.5098866	1.708753	1.063512	1.144431
0.5099283	1.708585	1.063467	1.144383
0.5099699	1.708381	1.063423	1.144335
0.5100116	1.708139	1.063378	1.144288
0.5100533	1.707854	1.063334	1.14424
0.510095	1.707529	1.06329	1.144192
0.5101367	1.707159	1.063245	1.144144
0.5101784	1.706745	1.063201	1.144097
0.5102201	1.706284	1.063157	1.144049
0.5102618	1.705775	1.063113	1.144002
0.5103035	1.705219	1.063069	1.143955
0.5103452	1.704616	1.063025	1.143908
0.5103869	1.703966	1.062981	1.143861
0.5104286	1.703268	1.062938	1.143814
0.5104703	1.702524	1.062894	1.143767
0.510512	1.701733	1.062851	1.14372
0.5105537	1.700897	1.062807	1.143673
0.5105954	1.700018	1.062764	1.143627
0.5106371	1.699096	1.062721	1.14358
0.5106788	1.698133	1.062678	1.143534
0.5107205	1.69713	1.062635	1.143487
0.5107622	1.696091	1.062592	1.143441
0.5108039	1.695017	1.062549	1.143395
0.5108456	1.693913	1.062506	1.143349
0.5108873	1.692774	1.062464	1.143303
0.510929	1.69161	1.062421	1.143258
0.5109707	1.69042	1.062379	1.143212
0.5110124	1.689208	1.062336	1.143166
0.5110541	1.687978	1.062294	1.143121
0.5110958	1.686731	1.062252	1.143075
0.5111375	1.685471	1.06221	1.14303
0.5111792	1.6842	1.062168	1.142985
0.5112209	1.682921	1.062126	1.14294
0.5112626	1.681639	1.062084	1.142895
0.5113043	1.680355	1.062042	1.14285
0.511346	1.679072	1.062	1.142805
0.5113877	1.677795	1.061959	1.14276
0.5114294	1.676525	1.061917	1.142715
0.5114711	1.675265	1.061875	1.14267
0.5115128	1.674018	1.061834	1.142626
0.5115545	1.672787	1.061793	1.142581
0.5115962	1.671574	1.061751	1.142537
0.5116379	1.670382	1.06171	1.142492
0.5116795	1.669213	1.061668	1.142448
0.5117212	1.668069	1.061627	1.142403
0.5117629	1.666953	1.061586	1.142359
0.5118046	1.665866	1.061545	1.142314
0.5118463	1.664809	1.061503	1.14227
0.511888	1.663785	1.061462	1.142226
0.5119297	1.662796	1.061421	1.142181
0.5119714	1.661842	1.06138	1.142137
0.5120131	1.660923	1.061339	1.142093
0.5120548	1.660043	1.061298	1.142049
0.5120965	1.659202	1.061256	1.142004
0.5121382	1.658399	1.061215	1.14196
0.5121799	1.657636	1.061174	1.141916
0.5122216	1.656912	1.061133	1.141871
0.5122633	1.65623	1.061092	1.141827
0.512305	1.655588	1.061051	1.141783
0.5123467	1.654987	1.06101	1.141739
0.5123884	1.654424	1.060968	1.141694
0.5124301	1.653905	1.060927	1.14165
0.5124718	1.653424	1.060886	1.141606
0.5125135	1.652982	1.060845	1.141561
0.5125552	1.652581	1.060803	1.141517
0.5125969	1.652219	1.060762	1.141472
0.5126386	1.651895	1.060721	1.141428
0.5126803	1.651608	1.060679	1.141383
0.512722	1.651358	1.060638	1.141339
0.5127637	1.651145	1.060596	1.141294
0.5128054	1.650967	1.060555	1.141249
0.5128471	1.650825	1.060513	1.141205
0.5128888	1.650717	1.060472	1.14116
0.5129305	1.650643	1.06043	1.141115
0.5129722	1.650603	1.060389	1.14107
0.5130139	1.650595	1.060347	1.141025
0.5130556	1.65062	1.060305	1.14098
0.5130973	1.650677	1.060263	1.140935
0.513139	1.650763	1.060221	1.14089
0.5131807	1.650884	1.060179	1.140845
0.5132224	1.651034	1.060138	1.1408
0.5132641	1.651216	1.060096	1.140755
0.5133058	1.651428	1.060053	1.14071
0.5133475	1.651671	1.060011	1.140664
0.5133892	1.651946	1.059969	1.140619
0.5134308	1.652251	1.059927	1.140574
0.5134725	1.652588	1.059885	1.140528
0.5135142	1.652956	1.059842	1.140483
0.5135559	1.653358	1.0598	1.140437
0.5135976	1.653793	1.059758	1.140391
0.5136393	1.654261	1.059715	1.140346
0.513681	1.654763	1.059673	1.1403
0.5137227	1.655295	1.05963	1.140254
0.5137644	1.655874	1.059587	1.140208
0.5138061	1.656484	1.059545	1.140162
0.5138478	1.657131	1.059502	1.140116
0.5138895	1.657817	1.059459	1.14007
0.5139312	1.658543	1.059416	1.140024
0.5139729	1.659308	1.059373	1.139978
0.5140146	1.660115	1.05933	1.139931
0.5140563	1.660964	1.059287	1.139885
0.514098	1.661855	1.059244	1.139839
0.5141397	1.66279	1.059201	1.139792
0.5141814	1.663768	1.059158	1.139746
0.5142231	1.664792	1.059114	1.139699
0.5142648	1.665861	1.059071	1.139653
0.5143065	1.666975	1.059028	1.139606
0.5143482	1.668135	1.058984	1.139559
0.5143899	1.669341	1.058941	1.139512
0.5144316	1.670592	1.058897	1.139466
0.5144733	1.671888	1.058854	1.139419
0.514515	1.67323	1.05881	1.139372
0.5145567	1.674616	1.058766	1.139325
0.5145984	1.676045	1.058723	1.139278
0.5146401	1.677516	1.058679	1.139231
0.5146818	1.679028	1.058635	1.139183
0.5147235	1.680579	1.058591	1.139136
0.5147652	1.682168	1.058547	1.139089
0.5148069	1.683792	1.058503	1.139042
0.5148486	1.685449	1.058459	1.138994
0.5148903	1.687136	1.058415	1.138947
0.514932	1.688853	1.058371	1.1389
0.5149737	1.690594	1.058327	1.138852
0.5150154	1.692356	1.058283	1.138805
0.5150571	1.694136	1.058239	1.138757
0.5150988	1.69593	1.058195	1.138709
0.5151405	1.697734	1.05815	1.138662
0.5151821	1.699544	1.058106	1.138614
0.5152238	1.701358	1.058062	1.138567
0.5152655	1.703168	1.058018	1.138519
0.5153072	1.70497	1.057973	1.138471
0.5153489	1.706761	1.057929	1.138424
0.5153906	1.708532	1.057885	1.138376
0.5154323	1.710284	1.05784	1.138328
0.515474	1.712006	1.057796	1.13828
0.5155157	1.713696	1.057752	1.138233
0.5155574	1.715347	1.057707	1.138185
0.5155991	1.716955	1.057663	1.138137
0.5156408	1.718515	1.057618	1.138089
0.5156825	1.72002	1.057574	1.138042
0.5157242	1.721466	1.05753	1.137994
0.5157659	1.722847	1.057485	1.137946
0.5158076	1.724161	1.057441	1.137898
0.5158493	1.725396	1.057397	1.137851
0.515891	1.726553	1.057352	1.137803
0.5159327	1.727626	1.057308	1.137755
0.5159744	1.72861	1.057264	1.137708
0.5160161	1.729503	1.05722	1.13766
0.5160578	1.730296	1.057175	1.137613
0.5160995	1.73099	1.057131	1.137565
0.5161412	1.73158	1.057087	1.137517
0.5161829	1.732063	1.057043	1.13747
0.5162246	1.732435	1.056999	1.137422
0.5162663	1.732693	1.056955	1.137375
0.516308	1.732836	1.056911	1.137328
0.5163497	1.732861	1.056867	1.13728
0.5163914	1.732771	1.056823	1.137233
0.5164331	1.732559	1.056779	1.137186
0.5164748	1.732227	1.056735	1.137139
0.5165165	1.731775	1.056691	1.137091
0.5165582	1.7312	1.056647	1.137044
0.5165999	1.730504	1.056603	1.136997
0.5166416	1.729689	1.05656	1.13695
0.5166833	1.728754	1.056516	1.136903
0.516725	1.727703	1.056472	1.136856
0.5167667	1.726535	1.056429	1.136809
0.5168084	1.725255	1.056385	1.136763
0.5168501	1.723864	1.056342	1.136716
0.5168917	1.722364	1.056298	1.136669
0.5169334	1.720758	1.056255	1.136622
0.5169751	1.719051	1.056212	1.136576
0.5170168	1.717247	1.056169	1.136529
0.5170585	1.715349	1.056125	1.136483
0.5171002	1.713362	1.056082	1.136436
0.5171419	1.71129	1.056039	1.13639
0.5171836	1.709138	1.055996	1.136344
0.5172253	1.70691	1.055953	1.136297
0.517267	1.70461	1.05591	1.136251
0.5173087	1.70225	1.055867	1.136205
0.5173504	1.699828	1.055824	1.136159
0.5173921	1.697353	1.055782	1.136113
0.5174338	1.69483	1.055739	1.136067
0.5174755	1.692264	1.055696	1.136021
0.5175172	1.689661	1.055653	1.135975
0.5175589	1.687028	1.055611	1.135929
0.5176006	1.684369	1.055568	1.135883
0.5176423	1.681691	1.055526	1.135838
0.517684	1.679	1.055483	1.135792
0.5177257	1.676301	1.055441	1.135746
0.5177674	1.6736	1.055399	1.135701
0.5178091	1.670902	1.055356	1.135655
0.5178508	1.668213	1.055314	1.13561
0.5178925	1.665539	1.055272	1.135564
0.5179342	1.662884	1.05523	1.135519
0.5179759	1.660253	1.055188	1.135474
0.5180176	1.657653	1.055146	1.135428
0.5180593	1.655086	1.055104	1.135383
0.518101	1.652558	1.055062	1.135338
0.5181427	1.650074	1.05502	1.135293
0.5181844	1.647637	1.054978	1.135248
0.5182261	1.645252	1.054936	1.135203
0.5182678	1.642922	1.054894	1.135158
0.5183095	1.640651	1.054852	1.135113
0.5183512	1.638443	1.05481	1.135068
0.5183929	1.636299	1.054769	1.135023
0.5184346	1.634224	1.054727	1.134978
0.5184763	1.632215	1.054685	1.134933
0.518518	1.630288	1.054644	1.134888
0.5185597	1.628432	1.054602	1.134844
0.5186014	1.626654	1.054561	1.134799
0.518643	1.624956	1.054519	1.134754
0.5186847	1.623337	1.054478	1.13471
0.5187264	1.6218	1.054436	1.134665
0.5187681	1.620346	1.054395	1.13462
0.5188098	1.618976	1.054353	1.134576
0.5188515	1.617689	1.054312	1.134531
0.5188932	1.616487	1.054271	1.134487
0.5189349	1.61537	1.054229	1.134442
0.5189766	1.614337	1.054188	1.134398
0.5190183	1.613388	1.054147	1.134353
0.51906	1.612521	1.054105	1.134309
0.5191017	1.611738	1.054064	1.134265
0.5191434	1.611036	1.054023	1.13422
0.5191851	1.610414	1.053982	1.134176
0.5192268	1.609871	1.05394	1.134131
0.5192685	1.609407	1.053899	1.134087
0.5193102	1.609019	1.053858	1.134043
0.5193519	1.608704	1.053817	1.133998
0.5193936	1.608462	1.053775	1.133954
0.5194353	1.608288	1.053734	1.13391
0.519477	1.608184	1.053693	1.133865
0.5195187	1.608143	1.053652	1.133821
0.5195604	1.608166	1.053611	1.133777
0.5196021	1.60825	1.05357	1.133732
0.5196438	1.60839	1.053528	1.133688
0.5196855	1.608585	1.053487	1.133644
0.5197272	1.608832	1.053446	1.133599
0.5197689	1.609125	1.053405	1.133555
0.5198106	1.609469	1.053364	1.133511
0.5198523	1.609853	1.053322	1.133466
0.519894	1.610277	1.053281	1.133422
0.5199357	1.610738	1.05324	1.133378
0.5199774	1.611233	1.053199	1.133333
0.5200191	1.611758	1.053157	1.133289
0.5200608	1.612312	1.053116	1.133245
0.5201025	1.61289	1.053075	1.1332
0.5201442	1.61349	1.053034	1.133156
0.5201859	1.614109	1.052992	1.133111
0.5202276	1.614745	1.052951	1.133067
0.5202693	1.615395	1.05291	1.133022
0.520311	1.616056	1.052868	1.132978
0.5203526	1.616726	1.052827	1.132933
0.5203943	1.617402	1.052785	1.132889
0.520436	1.618083	1.052744	1.132844
0.5204777	1.618766	1.052702	1.132799
0.5205194	1.619451	1.052661	1.132755
0.5205611	1.620134	1.052619	1.13271
0.5206028	1.620813	1.052578	1.132665
0.5206445	1.621491	1.052536	1.13262
0.5206862	1.622162	1.052495	1.132576
0.5207279	1.622828	1.052453	1.132531
0.5207696	1.623487	1.052411	1.132486
0.5208113	1.624138	1.052369	1.132441
0.520853	1.624781	1.052328	1.132396
0.5208947	1.625417	1.052286	1.132351
0.5209364	1.626044	1.052244	1.132306
0.5209781	1.626664	1.052202	1.132261
0.5210198	1.627276	1.05216	1.132216
0.5210615	1.627881	1.052118	1.132171
0.5211032	1.628481	1.052076	1.132126
0.5211449	1.629074	1.052034	1.13208
0.5211866	1.629663	1.051992	1.132035
0.5212283	1.630249	1.05195	1.13199
0.52127	1.630833	1.051908	1.131945
0.5213117	1.631415	1.051866	1.131899
0.5213534	1.632	1.051824	1.131854
0.5213951	1.632587	1.051781	1.131808
0.5214368	1.633178	1.051739	1.131763
0.5214785	1.633774	1.051697	1.131717
0.5215202	1.634378	1.051654	1.131672
0.5215619	1.634991	1.051612	1.131626
0.5216036	1.635616	1.05157	1.13158
0.5216453	1.636254	1.051527	1.131535
0.521687	1.636906	1.051485	1.131489
0.5217287	1.637574	1.051442	1.131443
0.5217704	1.63826	1.0514	1.131397
0.5218121	1.638967	1.051357	1.131352
0.5218538	1.639695	1.051314	1.131306
0.5218955	1.640445	1.051272	1.13126
0.5219372	1.641219	1.051229	1.131214
0.5219789	1.642017	1.051186	1.131168
0.5220206	1.642841	1.051144	1.131122
0.5220623	1.643694	1.051101	1.131076
0.5221039	1.644571	1.051058	1.13103
0.5221456	1.645477	1.051015	1.130984
0.5221873	1.64641	1.050973	1.130938
0.522229	1.647372	1.05093	1.130892
0.5222707	1.648362	1.050887	1.130846
0.5223124	1.649379	1.050844	1.1308
0.5223541	1.650422	1.050801	1.130754
0.5223958	1.651491	1.050759	1.130708
0.5224375	1.652585	1.050716	1.130662
0.5224792	1.653702	1.050673	1.130615
0.5225209	1.654841	1.05063	1.130569
0.5225626	1.656	1.050587	1.130523
0.5226043	1.657176	1.050545	1.130477
0.522646	1.658369	1.050502	1.130431
0.5226877	1.659576	1.050459	1.130385
0.5227294	1.66079	1.050416	1.130339
0.5227711	1.662013	1.050373	1.130293
0.5228128	1.663242	1.050331	1.130247
0.5228545	1.66447	1.050288	1.130201
0.5228962	1.665697	1.050245	1.130155
0.5229379	1.666918	1.050202	1.130109
0.5229796	1.668129	1.05016	1.130063
0.5230213	1.669327	1.050117	1.130017
0.523063	1.670508	1.050074	1.129971
0.5231047	1.671668	1.050032	1.129925
0.5231464	1.672802	1.049989	1.129879
0.5231881	1.673907	1.049946	1.129834
0.5232298	1.674978	1.049904	1.129788
0.5232715	1.676011	1.049861	1.129742
0.5233132	1.677002	1.049819	1.129696
0.5233549	1.677946	1.049776	1.129651
0.5233966	1.67884	1.049734	1.129605
0.5234383	1.67968	1.049691	1.129559
0.52348	1.680461	1.049649	1.129514
0.5235217	1.681179	1.049607	1.129468
0.5235634	1.68183	1.049564	1.129422
0.5236051	1.682411	1.049522	1.129377
0.5236468	1.682919	1.04948	1.129331
0.5236885	1.683349	1.049437	1.129286
0.5237302	1.683699	1.049395	1.129241
0.5237719	1.683965	1.049353	1.129195
0.5238136	1.684148	1.049311	1.12915
0.5238552	1.684238	1.049269	1.129104
0.5238969	1.684238	1.049227	1.129059
0.5239386	1.684144	1.049185	1.129014
0.5239803	1.683955	1.049143	1.128969
0.524022	1.68367	1.049101	1.128923
0.5240637	1.683287	1.049059	1.128878
0.5241054	1.682804	1.049017	1.128833
0.5241471	1.682222	1.048975	1.128788
0.5241888	1.68154	1.048933	1.128743
0.5242305	1.680757	1.048891	1.128698
0.5242722	1.679874	1.048849	1.128653
0.5243139	1.678891	1.048807	1.128608
0.5243556	1.677809	1.048765	1.128563
0.5243973	1.676628	1.048723	1.128518
0.524439	1.675352	1.048682	1.128473
0.5244807	1.673982	1.04864	1.128428
0.5245224	1.672519	1.048598	1.128383
0.5245641	1.670965	1.048556	1.128338
0.5246058	1.669324	1.048515	1.128293
0.5246475	1.6676	1.048473	1.128248
0.5246892	1.665792	1.048431	1.128203
0.5247309	1.663909	1.04839	1.128158
0.5247726	1.661951	1.048348	1.128113
0.5248143	1.659924	1.048306	1.128069
0.524856	1.657831	1.048265	1.128024
0.5248977	1.655677	1.048223	1.127979
0.5249394	1.653464	1.048181	1.127934
0.5249811	1.651205	1.04814	1.127889
0.5250228	1.648898	1.048098	1.127845
0.5250645	1.64655	1.048057	1.1278
0.5251062	1.644167	1.048015	1.127755
0.5251479	1.641755	1.047973	1.12771
0.5251896	1.639318	1.047932	1.127666
0.5252313	1.636863	1.04789	1.127621
0.525273	1.634397	1.047849	1.127576
0.5253147	1.631923	1.047807	1.127532
0.5253564	1.62945	1.047766	1.127487
0.5253981	1.626982	1.047724	1.127442
0.5254398	1.624526	1.047683	1.127398
0.5254815	1.622087	1.047641	1.127353
0.5255232	1.619672	1.0476	1.127308
0.5255648	1.617286	1.047558	1.127264
0.5256065	1.614935	1.047517	1.127219
0.5256482	1.612624	1.047475	1.127175
0.5256899	1.610359	1.047434	1.12713
0.5257316	1.608145	1.047393	1.127086
0.5257733	1.605987	1.047351	1.127041
0.525815	1.603891	1.04731	1.126996
0.5258567	1.60186	1.047268	1.126952
0.5258984	1.599899	1.047227	1.126907
0.5259401	1.598014	1.047186	1.126863
0.5259818	1.596205	1.047144	1.126819
0.5260235	1.594479	1.047103	1.126774
0.5260652	1.592838	1.047062	1.12673
0.5261069	1.591285	1.047021	1.126685
0.5261486	1.589823	1.046979	1.126641
0.5261903	1.588454	1.046938	1.126596
0.526232	1.587181	1.046897	1.126552
0.5262737	1.586005	1.046856	1.126508
0.5263154	1.584928	1.046814	1.126463
0.5263571	1.583949	1.046773	1.126419
0.5263988	1.583071	1.046732	1.126375
0.5264405	1.582294	1.046691	1.12633
0.5264822	1.581616	1.04665	1.126286
0.5265239	1.581038	1.046608	1.126242
0.5265656	1.580561	1.046567	1.126197
0.5266073	1.580181	1.046526	1.126153
0.526649	1.579899	1.046485	1.126109
0.5266907	1.579712	1.046444	1.126065
0.5267324	1.579619	1.046403	1.126021
0.5267741	1.579616	1.046362	1.125976
0.5268158	1.579701	1.046321	1.125932
0.5268575	1.579872	1.04628	1.125888
0.5268992	1.580127	1.046239	1.125844
0.5269409	1.580461	1.046198	1.1258
0.5269826	1.58087	1.046157	1.125756
0.5270243	1.581352	1.046116	1.125712
0.527066	1.581901	1.046075	1.125667
0.5271077	1.582515	1.046034	1.125623
0.5271494	1.583188	1.045993	1.125579
0.5271911	1.583916	1.045952	1.125535
0.5272328	1.584697	1.045911	1.125491
0.5272745	1.585522	1.04587	1.125447
0.5273161	1.586394	1.045829	1.125403
0.5273578	1.587297	1.045788	1.125359
0.5273995	1.588234	1.045747	1.125315
0.5274412	1.589199	1.045707	1.125271
0.5274829	1.590189	1.045666	1.125227
0.5275246	1.591192	1.045625	1.125183
0.5275663	1.592211	1.045584	1.125139
0.527608	1.593238	1.045543	1.125095
0.5276497	1.59427	1.045502	1.125051
0.5276914	1.595301	1.045461	1.125007
0.5277331	1.596328	1.045421	1.124963
0.5277748	1.597345	1.04538	1.124919
0.5278165	1.59835	1.045339	1.124876
0.5278582	1.599337	1.045298	1.124832
0.5278999	1.600302	1.045257	1.124788
0.5279416	1.601243	1.045216	1.124744
0.5279833	1.602156	1.045175	1.1247
0.528025	1.603038	1.045135	1.124656
0.5280667	1.603885	1.045094	1.124612
0.5281084	1.604695	1.045053	1.124568
0.5281501	1.605464	1.045012	1.124524
0.5281918	1.606191	1.044971	1.12448
0.5282335	1.606873	1.04493	1.124436
0.5282752	1.607508	1.044889	1.124392
0.5283169	1.608094	1.044849	1.124348
0.5283586	1.608636	1.044808	1.124304
0.5284003	1.609115	1.044767	1.12426
0.528442	1.609549	1.044726	1.124216
0.5284837	1.609914	1.044685	1.124172
0.5285254	1.610255	1.044644	1.124128
0.5285671	1.610527	1.044603	1.124084
0.5286088	1.610745	1.044562	1.12404
0.5286505	1.610909	1.044521	1.123996
0.5286922	1.61102	1.04448	1.123952
0.5287339	1.611078	1.044439	1.123908
0.5287756	1.611084	1.044398	1.123863
0.5288173	1.61104	1.044357	1.123819
0.528859	1.610947	1.044316	1.123775
0.5289007	1.610806	1.044275	1.123731
0.5289424	1.610619	1.044234	1.123687
0.5289841	1.61041	1.044193	1.123643
0.5290257	1.610117	1.044152	1.123599
0.5290674	1.609806	1.044111	1.123554
0.5291091	1.609459	1.04407	1.12351
0.5291508	1.609078	1.044029	1.123466
0.5291925	1.608667	1.043988	1.123422
0.5292342	1.608229	1.043947	1.123378
0.5292759	1.607766	1.043906	1.123334
0.5293176	1.607282	1.043865	1.123289
0.5293593	1.606782	1.043824	1.123245
0.529401	1.606268	1.043783	1.123201
0.5294427	1.605745	1.043741	1.123157
0.5294844	1.605217	1.0437	1.123112
0.5295261	1.604686	1.043659	1.123068
0.5295678	1.604159	1.043618	1.123024
0.5296095	1.603638	1.043577	1.122979
0.5296512	1.603127	1.043536	1.122935
0.5296929	1.602632	1.043495	1.122891
0.5297346	1.602153	1.043453	1.122847
0.5297763	1.601702	1.043412	1.122802
0.529818	1.601276	1.043371	1.122758
0.5298597	1.600881	1.04333	1.122714
0.5299014	1.600523	1.043289	1.122669
0.5299431	1.600205	1.043247	1.122625
0.5299848	1.599927	1.043206	1.122581
0.5300265	1.599698	1.043165	1.122536
0.5300682	1.599519	1.043124	1.122492
0.5301099	1.599395	1.043083	1.122448
0.5301516	1.599327	1.043041	1.122403
0.5301933	1.599319	1.043	1.122359
0.530235	1.599376	1.042959	1.122314
0.5302767	1.599498	1.042918	1.12227
0.5303184	1.599688	1.042876	1.122226
0.5303601	1.599948	1.042835	1.122181
0.5304018	1.60028	1.042794	1.122137
0.5304435	1.600686	1.042753	1.122093
0.5304852	1.601165	1.042711	1.122048
0.5305269	1.601723	1.04267	1.122004
0.5305686	1.602357	1.042629	1.121959
0.5306103	1.603068	1.042588	1.121915
0.530652	1.603854	1.042546	1.12187
0.5306937	1.604716	1.042505	1.121826
0.5307354	1.605655	1.042464	1.121782
0.530777	1.606667	1.042422	1.121737
0.5308187	1.607752	1.042381	1.121693
0.5308604	1.608907	1.04234	1.121648
0.5309021	1.610132	1.042298	1.121604
0.5309438	1.611422	1.042257	1.121559
0.5309855	1.612774	1.042216	1.121515
0.5310272	1.614185	1.042174	1.12147
0.5310689	1.615653	1.042133	1.121426
0.5311106	1.617171	1.042092	1.121381
0.5311523	1.618735	1.04205	1.121337
0.531194	1.620342	1.042009	1.121292
0.5312357	1.621985	1.041968	1.121248
0.5312774	1.62366	1.041926	1.121203
0.5313191	1.62536	1.041885	1.121159
0.5313608	1.627079	1.041844	1.121114
0.5314025	1.628811	1.041802	1.12107
0.5314442	1.63055	1.041761	1.121025
0.5314859	1.632289	1.04172	1.120981
0.5315276	1.63402	1.041678	1.120936
0.5315693	1.635738	1.041637	1.120892
0.531611	1.637434	1.041595	1.120847
0.5316527	1.639101	1.041554	1.120803
0.5316944	1.640733	1.041513	1.120758
0.5317361	1.642321	1.041471	1.120714
0.5317778	1.643853	1.04143	1.120669
0.5318195	1.645338	1.041389	1.120625
0.5318612	1.646752	1.041347	1.12058
0.5319029	1.648093	1.041306	1.120536
0.5319446	1.649353	1.041265	1.120492
0.5319863	1.650526	1.041224	1.120447
0.532028	1.651606	1.041182	1.120403
0.5320697	1.652586	1.041141	1.120358
0.5321114	1.653459	1.0411	1.120314
0.5321531	1.654219	1.041059	1.12027
0.5321948	1.654861	1.041017	1.120225
0.5322365	1.655376	1.040976	1.120181
0.5322782	1.655762	1.040935	1.120136
0.5323199	1.656015	1.040894	1.120092
0.5323616	1.656129	1.040853	1.120048
0.5324033	1.6561	1.040811	1.120004
0.532445	1.655923	1.04077	1.119959
0.5324867	1.655602	1.040729	1.119915
0.5325283	1.655127	1.040688	1.119871
0.53257	1.654497	1.040647	1.119827
0.5326117	1.653712	1.040606	1.119783
0.5326534	1.652771	1.040565	1.119738
0.5326951	1.651678	1.040524	1.119694
0.5327368	1.650414	1.040483	1.11965
0.5327785	1.649002	1.040442	1.119606
0.5328202	1.647434	1.040401	1.119562
0.5328619	1.645713	1.04036	1.119518
0.5329036	1.643838	1.040319	1.119474
0.5329453	1.641814	1.040278	1.11943
0.532987	1.639645	1.040238	1.119386
0.5330287	1.637333	1.040197	1.119342
0.5330704	1.634883	1.040156	1.119298
0.5331121	1.6323	1.040115	1.119254
0.5331538	1.62959	1.040074	1.11921
0.5331955	1.626756	1.040034	1.119167
0.5332372	1.623805	1.039993	1.119123
0.5332789	1.620744	1.039952	1.119079
0.5333206	1.61758	1.039911	1.119035
0.5333623	1.614321	1.039871	1.118991
0.533404	1.610973	1.03983	1.118948
0.5334457	1.607545	1.039789	1.118904
0.5334874	1.604045	1.039749	1.11886
0.5335291	1.600481	1.039708	1.118816
0.5335708	1.596862	1.039668	1.118773
0.5336125	1.593197	1.039627	1.118729
0.5336542	1.589495	1.039586	1.118685
0.5336959	1.585766	1.039546	1.118642
0.5337376	1.582019	1.039505	1.118598
0.5337793	1.578262	1.039465	1.118555
0.533821	1.574507	1.039424	1.118511
0.5338627	1.570762	1.039384	1.118467
0.5339044	1.567037	1.039343	1.118424
0.5339461	1.56334	1.039303	1.11838
0.5339878	1.559683	1.039262	1.118337
0.5340295	1.556073	1.039222	1.118293
0.5340712	1.55252	1.039182	1.11825
0.5341129	1.549032	1.039141	1.118206
0.5341546	1.545619	1.039101	1.118163
0.5341963	1.542289	1.03906	1.118119
0.5342379	1.539044	1.03902	1.118076
0.5342796	1.535913	1.03898	1.118032
0.5343213	1.532881	1.038939	1.117989
0.534363	1.529963	1.038899	1.117945
0.5344047	1.527167	1.038858	1.117902
0.5344464	1.524498	1.038818	1.117859
0.5344881	1.521963	1.038778	1.117815
0.5345298	1.519568	1.038737	1.117772
0.5345715	1.51732	1.038697	1.117728
0.5346132	1.515222	1.038657	1.117685
0.5346549	1.513279	1.038616	1.117642
0.5346966	1.511494	1.038576	1.117598
0.5347383	1.509872	1.038536	1.117555
0.53478	1.508416	1.038496	1.117512
0.5348217	1.507128	1.038455	1.117468
0.5348634	1.50601	1.038415	1.117425
0.5349051	1.505066	1.038375	1.117382
0.5349468	1.504296	1.038335	1.117339
0.5349885	1.5037	1.038295	1.117295
0.5350302	1.503277	1.038254	1.117252
0.5350719	1.503029	1.038214	1.117209
0.5351136	1.502954	1.038174	1.117166
0.5351553	1.50305	1.038134	1.117122
0.535197	1.503317	1.038094	1.117079
0.5352387	1.503756	1.038054	1.117036
0.5352804	1.504356	1.038014	1.116993
0.5353221	1.505121	1.037974	1.11695
0.5353638	1.506044	1.037934	1.116907
0.5354055	1.507122	1.037894	1.116864
0.5354472	1.508351	1.037854	1.116821
0.5354889	1.509726	1.037814	1.116778
0.5355306	1.511242	1.037774	1.116735
0.5355723	1.512895	1.037734	1.116692
0.535614	1.514678	1.037694	1.116649
0.5356557	1.516583	1.037654	1.116606
0.5356974	1.518608	1.037614	1.116563
0.5357391	1.520741	1.037574	1.11652
0.5357808	1.52298	1.037534	1.116477
0.5358225	1.525315	1.037494	1.116434
0.5358642	1.527739	1.037455	1.116391
0.5359059	1.530245	1.037415	1.116349
0.5359476	1.532826	1.037375	1.116306
0.5359892	1.535473	1.037335	1.116263
0.5360309	1.538177	1.037296	1.11622
0.5360726	1.540932	1.037256	1.116177
0.5361143	1.54373	1.037216	1.116135
0.536156	1.546561	1.037176	1.116092
0.5361977	1.549418	1.037137	1.116049
0.5362394	1.552293	1.037097	1.116006
0.5362811	1.555177	1.037057	1.115964
0.5363228	1.558063	1.037018	1.115921
0.5363645	1.560943	1.036978	1.115878
0.5364062	1.563807	1.036938	1.115836
0.5364479	1.566649	1.036899	1.115793
0.5364896	1.569463	1.036859	1.11575
0.5365313	1.572239	1.036819	1.115708
0.536573	1.57497	1.03678	1.115665
0.5366147	1.57765	1.03674	1.115623
0.5366564	1.580273	1.036701	1.11558
0.5366981	1.582831	1.036661	1.115537
0.5367398	1.585319	1.036621	1.115495
0.5367815	1.587731	1.036582	1.115452
0.5368232	1.590062	1.036542	1.115409
0.5368649	1.592306	1.036503	1.115367
0.5369066	1.594457	1.036463	1.115324
0.5369483	1.596514	1.036423	1.115282
0.53699	1.59847	1.036384	1.115239
0.5370317	1.600323	1.036344	1.115196
0.5370734	1.602071	1.036304	1.115154
0.5371151	1.603709	1.036265	1.115111
0.5371568	1.605237	1.036225	1.115068
0.5371985	1.606651	1.036185	1.115026
0.5372402	1.607947	1.036146	1.114983
0.5372819	1.609133	1.036106	1.11494
0.5373236	1.6102	1.036066	1.114897
0.5373653	1.611152	1.036027	1.114855
0.537407	1.611988	1.035987	1.114812
0.5374487	1.61271	1.035947	1.114769
0.5374904	1.613318	1.035907	1.114726
0.5375321	1.613814	1.035867	1.114683
0.5375738	1.614199	1.035828	1.11464
0.5376155	1.614476	1.035788	1.114598
0.5376572	1.614648	1.035748	1.114555
0.5376988	1.61472	1.035708	1.114512
0.5377405	1.614693	1.035668	1.114469
0.5377822	1.614571	1.035628	1.114426
0.5378239	1.614357	1.035588	1.114383
0.5378656	1.614058	1.035548	1.11434
0.5379073	1.613678	1.035508	1.114297
0.537949	1.613224	1.035468	1.114253
0.5379907	1.61269	1.035428	1.11421
0.5380324	1.612092	1.035387	1.114167
0.5380741	1.611433	1.035347	1.114124
0.5381158	1.610717	1.035307	1.11408
0.5381575	1.60995	1.035267	1.114037
0.5381992	1.609137	1.035227	1.113994
0.5382409	1.608283	1.035186	1.11395
0.5382826	1.607394	1.035146	1.113907
0.5383243	1.606476	1.035105	1.113863
0.538366	1.60553	1.035065	1.11382
0.5384077	1.604573	1.035024	1.113776
0.5384494	1.603598	1.034984	1.113733
0.5384911	1.602615	1.034943	1.113689
0.5385328	1.601628	1.034903	1.113645
0.5385745	1.600641	1.034862	1.113602
0.5386162	1.59966	1.034822	1.113558
0.5386579	1.598688	1.034781	1.113514
0.5386996	1.59773	1.03474	1.11347
0.5387413	1.596789	1.034699	1.113426
0.538783	1.59587	1.034659	1.113383
0.5388247	1.594976	1.034618	1.113339
0.5388664	1.594104	1.034577	1.113295
0.5389081	1.593266	1.034536	1.113251
0.5389498	1.592457	1.034495	1.113207
0.5389915	1.591683	1.034454	1.113163
0.5390332	1.590944	1.034413	1.113118
0.5390749	1.590242	1.034372	1.113074
0.5391166	1.589577	1.034331	1.11303
0.5391583	1.588952	1.03429	1.112986
0.5392	1.588364	1.034249	1.112942
0.5392417	1.587815	1.034208	1.112897
0.5392834	1.587305	1.034167	1.112853
0.5393251	1.586834	1.034125	1.112809
0.5393668	1.586399	1.034084	1.112765
0.5394085	1.586	1.034043	1.11272
0.5394501	1.585636	1.034002	1.112676
0.5394918	1.585305	1.033961	1.112631
0.5395335	1.585002	1.033919	1.112587
0.5395752	1.584731	1.033878	1.112543
0.5396169	1.584488	1.033837	1.112498
0.5396586	1.584263	1.033796	1.112454
0.5397003	1.584068	1.033754	1.11241
0.539742	1.583887	1.033713	1.112365
0.5397837	1.583721	1.033672	1.112321
0.5398254	1.583568	1.033631	1.112276
0.5398671	1.583424	1.033589	1.112232
0.5399088	1.583286	1.033548	1.112188
0.5399505	1.583151	1.033507	1.112143
0.5399922	1.583014	1.033466	1.112099
0.5400339	1.582874	1.033425	1.112055
0.5400756	1.582725	1.033384	1.112011
0.5401173	1.582565	1.033342	1.111966
0.540159	1.582391	1.033301	1.111922
0.5402007	1.582198	1.03326	1.111878
0.5402424	1.581984	1.033219	1.111834
0.5402841	1.581746	1.033178	1.11179
0.5403258	1.58148	1.033137	1.111745
0.5403675	1.581183	1.033096	1.111701
0.5404092	1.580853	1.033055	1.111657
0.5404509	1.580487	1.033014	1.111613
0.5404926	1.580086	1.032974	1.111569
0.5405343	1.579637	1.032933	1.111526
0.540576	1.579147	1.032892	1.111482
0.5406177	1.578612	1.032851	1.111438
0.5406594	1.57803	1.032811	1.111394
0.5407011	1.577399	1.03277	1.111351
0.5407428	1.576717	1.03273	1.111307
0.5407845	1.575985	1.032689	1.111263
0.5408262	1.575199	1.032649	1.11122
0.5408679	1.574362	1.032608	1.111176
0.5409096	1.57347	1.032568	1.111133
0.5409513	1.572525	1.032528	1.11109
0.540993	1.571526	1.032488	1.111047
0.5410347	1.57057	1.032448	1.111003
0.5410764	1.569367	1.032408	1.11096
0.5411181	1.568211	1.032368	1.110917
0.5411598	1.567003	1.032328	1.110874
0.5412014	1.565743	1.032288	1.110831
0.5412431	1.564436	1.032248	1.110789
0.5412848	1.563082	1.032208	1.110746
0.5413265	1.561684	1.032169	1.110703
0.5413682	1.560243	1.032129	1.11066
0.5414099	1.558762	1.032089	1.110618
0.5414516	1.557243	1.03205	1.110575
0.5414933	1.55569	1.03201	1.110533
0.541535	1.554104	1.031971	1.110491
0.5415767	1.552493	1.031932	1.110448
0.5416184	1.55085	1.031893	1.110406
0.5416601	1.549188	1.031853	1.110364
0.5417018	1.547507	1.031814	1.110322
0.5417435	1.545811	1.031775	1.11028
0.5417852	1.544104	1.031736	1.110238
0.5418269	1.542389	1.031697	1.110196
0.5418686	1.54067	1.031658	1.110154
0.5419103	1.538952	1.031619	1.110112
0.541952	1.537237	1.031581	1.11007
0.5419937	1.53553	1.031542	1.110029
0.5420354	1.533835	1.031503	1.109987
0.5420771	1.532155	1.031464	1.109945
0.5421188	1.530495	1.031426	1.109904
0.5421605	1.528857	1.031387	1.109862
0.5422022	1.527247	1.031349	1.109821
0.5422439	1.525666	1.03131	1.109779
0.5422856	1.52412	1.031271	1.109738
0.5423273	1.522607	1.031233	1.109696
0.542369	1.521139	1.031194	1.109655
0.5424107	1.519712	1.031156	1.109613
0.5424524	1.51833	1.031117	1.109572
0.5424941	1.516995	1.031079	1.109531
0.5425358	1.515712	1.031041	1.109489
0.5425775	1.514481	1.031002	1.109448
0.5426192	1.513305	1.030964	1.109407
0.5426609	1.512186	1.030925	1.109365
0.5427026	1.511124	1.030887	1.109324
0.5427443	1.510121	1.030849	1.109283
0.542786	1.509178	1.03081	1.109241
0.5428277	1.508296	1.030772	1.1092
0.5428694	1.507475	1.030733	1.109159
0.542911	1.506717	1.030695	1.109117
0.5429527	1.506021	1.030656	1.109076
0.5429944	1.505377	1.030618	1.109034
0.5430361	1.504813	1.030579	1.108993
0.5430778	1.5043	1.030541	1.108952
0.5431195	1.503848	1.030502	1.10891
0.5431612	1.503455	1.030464	1.108869
0.5432029	1.503121	1.030425	1.108827
0.5432446	1.502844	1.030387	1.108786
0.5432863	1.502624	1.030348	1.108744
0.543328	1.502457	1.03031	1.108703
0.5433697	1.502344	1.030271	1.108661
0.5434114	1.502281	1.030232	1.108619
0.5434531	1.502269	1.030194	1.108578
0.5434948	1.502304	1.030155	1.108536
0.5435365	1.502386	1.030116	1.108495
0.5435782	1.502512	1.030077	1.108453
0.5436199	1.50268	1.030039	1.108411
0.5436616	1.50289	1.03	1.108369
0.5437033	1.503139	1.029961	1.108327
0.543745	1.503425	1.029922	1.108286
0.5437867	1.503747	1.029883	1.108244
0.5438284	1.504103	1.029844	1.108202
0.5438701	1.504492	1.029805	1.10816
0.5439118	1.504913	1.029766	1.108118
0.5439535	1.505364	1.029727	1.108076
0.5439952	1.505845	1.029688	1.108034
0.5440369	1.506354	1.029649	1.107992
0.5440786	1.50689	1.02961	1.10795
0.5441203	1.507454	1.029571	1.107908
0.544162	1.508043	1.029532	1.107866
0.5442037	1.508658	1.029493	1.107824
0.5442454	1.509299	1.029454	1.107782
0.5442871	1.509965	1.029415	1.10774
0.5443288	1.510657	1.029376	1.107698
0.5443705	1.511373	1.029336	1.107656
0.5444122	1.512116	1.029297	1.107613
0.5444539	1.512883	1.029258	1.107571
0.5444956	1.513677	1.029219	1.107529
0.5445373	1.514498	1.02918	1.107487
0.544579	1.515346	1.02914	1.107445
0.5446207	1.51622	1.029101	1.107402
0.5446623	1.517125	1.029062	1.10736
0.544704	1.518058	1.029023	1.107318
0.5447457	1.51902	1.028983	1.107276
0.5447874	1.520011	1.028944	1.107233
0.5448291	1.521033	1.028905	1.107191
0.5448708	1.522086	1.028866	1.107149
0.5449125	1.52317	1.028826	1.107107
0.5449542	1.524286	1.028787	1.107064
0.5449959	1.525434	1.028748	1.107022
0.5450376	1.526613	1.028708	1.10698
0.5450793	1.527824	1.028669	1.106937
0.545121	1.529066	1.02863	1.106895
0.5451627	1.530339	1.02859	1.106853
0.5452044	1.531642	1.028551	1.10681
0.5452461	1.532976	1.028512	1.106768
0.5452878	1.534339	1.028472	1.106726
0.5453295	1.535727	1.028433	1.106683
0.5453712	1.537143	1.028393	1.106641
0.5454129	1.538583	1.028354	1.106598
0.5454546	1.540046	1.028315	1.106556
0.5454963	1.541529	1.028275	1.106514
0.545538	1.543031	1.028236	1.106471
0.5455797	1.544549	1.028196	1.106429
0.5456214	1.54608	1.028157	1.106386
0.5456631	1.547622	1.028118	1.106344
0.5457048	1.549171	1.028078	1.106301
0.5457465	1.550724	1.028039	1.106259
0.5457882	1.552278	1.027999	1.106217
0.5458299	1.55383	1.02796	1.106174
0.5458716	1.555375	1.02792	1.106132
0.5459133	1.55691	1.027881	1.106089
0.545955	1.558431	1.027841	1.106047
0.5459967	1.559935	1.027802	1.106004
0.5460384	1.561416	1.027762	1.105961
0.5460801	1.562872	1.027723	1.105919
0.5461218	1.564298	1.027683	1.105876
0.5461635	1.565689	1.027644	1.105834
0.5462052	1.567043	1.027604	1.105791
0.5462469	1.568355	1.027564	1.105749
0.5462886	1.56962	1.027525	1.105706
0.5463303	1.570837	1.027485	1.105663
0.546372	1.572001	1.027446	1.105621
0.5464136	1.573104	1.027406	1.105578
0.5464553	1.574152	1.027366	1.105535
0.546497	1.575136	1.027327	1.105493
0.5465387	1.576051	1.027287	1.10545
0.5465804	1.576898	1.027247	1.105407
0.5466221	1.577694	1.027208	1.105365
0.5466638	1.578374	1.027168	1.105322
0.5467055	1.578999	1.027128	1.105279
0.5467472	1.579546	1.027088	1.105236
0.5467889	1.580014	1.027049	1.105194
0.5468306	1.580401	1.027009	1.105151
0.5468723	1.580706	1.026969	1.105108
0.546914	1.580928	1.026929	1.105065
0.5469557	1.581067	1.02689	1.105023
0.5469974	1.581124	1.02685	1.10498
0.5470391	1.581097	1.02681	1.104937
0.5470808	1.580988	1.02677	1.104894
0.5471225	1.580799	1.02673	1.104851
0.5471642	1.580528	1.026691	1.104808
0.5472059	1.580178	1.026651	1.104765
0.5472476	1.579749	1.026611	1.104723
0.5472893	1.579245	1.026571	1.10468
0.547331	1.578666	1.026531	1.104637
0.5473727	1.578016	1.026491	1.104594
0.5474144	1.577296	1.026452	1.104551
0.5474561	1.576509	1.026412	1.104508
0.5474978	1.575659	1.026372	1.104465
0.5475395	1.574746	1.026332	1.104422
0.5475812	1.573775	1.026292	1.104379
0.5476229	1.572749	1.026252	1.104337
0.5476646	1.57167	1.026212	1.104294
0.5477063	1.570543	1.026172	1.104251
0.547748	1.569369	1.026133	1.104208
0.5477897	1.568157	1.026093	1.104165
0.5478314	1.566904	1.026053	1.104122
0.5478731	1.565613	1.026013	1.104079
0.5479148	1.564295	1.025973	1.104036
0.5479565	1.562947	1.025933	1.103994
0.5479982	1.561574	1.025894	1.103951
0.5480399	1.560179	1.025854	1.103908
0.5480816	1.558764	1.025814	1.103865
0.5481232	1.557335	1.025774	1.103822
0.5481649	1.555892	1.025734	1.103779
0.5482066	1.55444	1.025695	1.103737
0.5482483	1.55298	1.025655	1.103694
0.54829	1.551516	1.025615	1.103651
0.5483317	1.55005	1.025576	1.103608
0.5483734	1.548585	1.025536	1.103566
0.5484151	1.547121	1.025496	1.103523
0.5484568	1.545663	1.025457	1.10348
0.5484985	1.54421	1.025417	1.103438
0.5485402	1.542766	1.025377	1.103395
0.5485819	1.541332	1.025338	1.103353
0.5486236	1.539909	1.025298	1.10331
0.5486653	1.538498	1.025259	1.103267
0.548707	1.537101	1.025219	1.103225
0.5487487	1.535718	1.02518	1.103182
0.5487904	1.534351	1.02514	1.10314
0.5488321	1.533	1.025101	1.103097
0.5488738	1.531665	1.025061	1.103055
0.5489155	1.530348	1.025022	1.103013
0.5489572	1.52905	1.024982	1.10297
0.5489989	1.527768	1.024943	1.102928
0.5490406	1.526512	1.024904	1.102886
0.5490823	1.525259	1.024864	1.102843
0.549124	1.524033	1.024825	1.102801
0.5491657	1.522824	1.024786	1.102759
0.5492074	1.521634	1.024747	1.102717
0.5492491	1.520463	1.024707	1.102674
0.5492908	1.519309	1.024668	1.102632
0.5493325	1.518173	1.024629	1.10259
0.5493742	1.517055	1.02459	1.102548
0.5494159	1.515954	1.024551	1.102506
0.5494576	1.514872	1.024512	1.102464
0.5494993	1.513806	1.024473	1.102422
0.549541	1.512757	1.024434	1.10238
0.5495827	1.511725	1.024395	1.102338
0.5496244	1.51071	1.024356	1.102296
0.5496661	1.509711	1.024317	1.102254
0.5497078	1.508729	1.024278	1.102212
0.5497495	1.507764	1.024239	1.10217
0.5497912	1.506815	1.0242	1.102128
0.5498329	1.505883	1.024161	1.102086
0.5498745	1.504967	1.024122	1.102044
0.5499162	1.504068	1.024083	1.102003
0.5499579	1.503187	1.024044	1.101961
0.5499996	1.502322	1.024006	1.101919
0.5500413	1.501482	1.023967	1.101877
0.550083	1.500647	1.023928	1.101836
0.5501247	1.499836	1.023889	1.101794
0.5501664	1.499043	1.023851	1.101752
0.5502081	1.49827	1.023812	1.101711
0.5502498	1.497515	1.023773	1.101669
0.5502915	1.496781	1.023735	1.101628
0.5503332	1.496067	1.023696	1.101586
0.5503749	1.495375	1.023658	1.101545
0.5504166	1.494703	1.023619	1.101503
0.5504583	1.494054	1.02358	1.101462
0.5505	1.493427	1.023542	1.10142
0.5505417	1.492824	1.023503	1.101379
0.5505834	1.492244	1.023465	1.101337
0.5506251	1.491688	1.023427	1.101296
0.5506668	1.491157	1.023388	1.101255
0.5507085	1.490652	1.02335	1.101213
0.5507502	1.490172	1.023312	1.101172
0.5507919	1.489712	1.023273	1.101131
0.5508336	1.489292	1.023235	1.10109
0.5508753	1.488892	1.023197	1.101049
0.550917	1.488521	1.023159	1.101008
0.5509587	1.488176	1.02312	1.100967
0.5510004	1.487861	1.023082	1.100925
0.5510421	1.487573	1.023044	1.100884
0.5510838	1.487315	1.023006	1.100843
0.5511255	1.487084	1.022968	1.100803
0.5511672	1.486882	1.02293	1.100762
0.5512089	1.48671	1.022892	1.100721
0.5512506	1.486566	1.022854	1.10068
0.5512923	1.48645	1.022816	1.100639
0.551334	1.486363	1.022778	1.100598
0.5513757	1.486305	1.02274	1.100557
0.5514174	1.486272	1.022702	1.100517
0.5514591	1.486268	1.022665	1.100476
0.5515008	1.48629	1.022627	1.100435
0.5515425	1.486338	1.022589	1.100395
0.5515841	1.486412	1.022551	1.100354
0.5516258	1.486511	1.022513	1.100313
0.5516675	1.486633	1.022476	1.100273
0.5517092	1.486776	1.022438	1.100232
0.5517509	1.486945	1.0224	1.100192
0.5517926	1.487132	1.022363	1.100151
0.5518343	1.487339	1.022325	1.100111
0.551876	1.487566	1.022287	1.10007
0.5519177	1.487807	1.02225	1.10003
0.5519594	1.488066	1.022212	1.099989
0.5520011	1.488336	1.022175	1.099949
0.5520428	1.488624	1.022137	1.099908
0.5520845	1.488921	1.022099	1.099868
0.5521262	1.489227	1.022062	1.099827
0.5521679	1.489542	1.022024	1.099787
0.5522096	1.489864	1.021987	1.099746
0.5522513	1.490189	1.021949	1.099706
0.552293	1.490519	1.021911	1.099666
0.5523347	1.490849	1.021874	1.099625
0.5523764	1.491179	1.021836	1.099585
0.5524181	1.491504	1.021799	1.099544
0.5524598	1.491831	1.021761	1.099504
0.5525015	1.49215	1.021723	1.099463
0.5525432	1.492461	1.021686	1.099423
0.5525849	1.492763	1.021648	1.099382
0.5526266	1.493054	1.021611	1.099342
0.5526683	1.493333	1.021573	1.099301
0.55271	1.493599	1.021535	1.099261
0.5527517	1.493849	1.021498	1.09922
0.5527934	1.494083	1.02146	1.09918
0.5528351	1.494299	1.021422	1.099139
0.5528768	1.494496	1.021384	1.099098
0.5529185	1.494673	1.021347	1.099058
0.5529602	1.494828	1.021309	1.099017
0.5530019	1.494962	1.021271	1.098977
0.5530436	1.495073	1.021233	1.098936
0.5530853	1.495161	1.021196	1.098895
0.553127	1.495226	1.021158	1.098855
0.5531687	1.495266	1.02112	1.098814
0.5532104	1.495282	1.021082	1.098773
0.5532521	1.495273	1.021044	1.098732
0.5532938	1.495241	1.021006	1.098691
0.5533354	1.495185	1.020968	1.098651
0.5533771	1.495106	1.02093	1.09861
0.5534188	1.495005	1.020892	1.098569
0.5534605	1.494881	1.020854	1.098528
0.5535022	1.494738	1.020816	1.098487
0.5535439	1.494574	1.020778	1.098446
0.5535856	1.494392	1.02074	1.098405
0.5536273	1.494194	1.020702	1.098364
0.553669	1.49398	1.020664	1.098323
0.5537107	1.493753	1.020626	1.098282
0.5537524	1.493515	1.020588	1.098241
0.5537941	1.493268	1.020549	1.0982
0.5538358	1.493013	1.020511	1.098159
0.5538775	1.492753	1.020473	1.098118
0.5539192	1.492491	1.020435	1.098077
0.5539609	1.492229	1.020396	1.098035
0.5540026	1.491969	1.020358	1.097994
0.5540443	1.491714	1.02032	1.097953
0.554086	1.491468	1.020281	1.097911
0.5541277	1.491232	1.020243	1.09787
0.5541694	1.491009	1.020204	1.097829
0.5542111	1.490803	1.020166	1.097787
0.5542528	1.490616	1.020127	1.097746
0.5542945	1.49045	1.020089	1.097704
0.5543362	1.49031	1.02005	1.097663
0.5543779	1.490196	1.020012	1.097621
0.5544196	1.490112	1.019973	1.09758
0.5544613	1.490061	1.019935	1.097538
0.554503	1.490045	1.019896	1.097497
0.5545447	1.490067	1.019857	1.097455
0.5545864	1.490129	1.019818	1.097413
0.5546281	1.490232	1.01978	1.097371
0.5546698	1.490379	1.019741	1.09733
0.5547115	1.490574	1.019702	1.097288
0.5547532	1.490816	1.019663	1.097246
0.5547949	1.491107	1.019624	1.097204
0.5548366	1.491449	1.019585	1.097162
0.5548783	1.491844	1.019546	1.09712
0.55492	1.492293	1.019507	1.097079
0.5549617	1.492796	1.019468	1.097037
0.5550034	1.493354	1.019429	1.096995
0.5550451	1.493967	1.01939	1.096953
0.5550867	1.494636	1.019351	1.09691
0.5551284	1.495362	1.019312	1.096868
0.5551701	1.496143	1.019273	1.096826
0.5552118	1.496981	1.019234	1.096784
0.5552535	1.497874	1.019195	1.096742
0.5552952	1.498821	1.019155	1.0967
0.5553369	1.499822	1.019116	1.096658
0.5553786	1.500878	1.019077	1.096615
0.5554203	1.501979	1.019038	1.096573
0.555462	1.503133	1.018999	1.096531
0.5555037	1.504335	1.018959	1.096489
0.5555454	1.505583	1.01892	1.096446
0.5555871	1.506882	1.018881	1.096404
0.5556288	1.508209	1.018841	1.096362
0.5556705	1.509582	1.018802	1.09632
0.5557122	1.510991	1.018763	1.096277
0.5557539	1.512434	1.018723	1.096235
0.5557956	1.513908	1.018684	1.096193
0.5558373	1.515409	1.018645	1.09615
0.555879	1.516935	1.018605	1.096108
0.5559207	1.518482	1.018566	1.096066
0.5559624	1.520045	1.018527	1.096023
0.5560041	1.521625	1.018487	1.095981
0.5560458	1.523213	1.018448	1.095939
0.5560875	1.524807	1.018409	1.095896
0.5561292	1.526404	1.018369	1.095854
0.5561709	1.52799	1.01833	1.095812
0.5562126	1.529588	1.018291	1.095769
0.5562543	1.531166	1.018251	1.095727
0.556296	1.532729	1.018212	1.095685
0.5563377	1.534275	1.018173	1.095642
0.5563794	1.535796	1.018134	1.0956
0.5564211	1.53729	1.018094	1.095558
0.5564628	1.538752	1.018055	1.095516
0.5565045	1.540177	1.018016	1.095473
0.5565462	1.54156	1.017976	1.095431
0.5565879	1.542897	1.017937	1.095389
0.5566296	1.544185	1.017898	1.095347
0.5566713	1.545417	1.017859	1.095305
0.556713	1.546591	1.01782	1.095262
0.5567547	1.547701	1.01778	1.09522
0.5567963	1.548742	1.017741	1.095178
0.556838	1.549713	1.017702	1.095136
0.5568797	1.550606	1.017663	1.095094
0.5569214	1.551418	1.017624	1.095052
0.5569631	1.552146	1.017585	1.09501
0.5570048	1.552785	1.017546	1.094968
0.5570465	1.553332	1.017507	1.094926
0.5570882	1.553783	1.017468	1.094884
0.5571299	1.554136	1.017429	1.094842
0.5571716	1.554386	1.01739	1.0948
0.5572133	1.55453	1.017351	1.094759
0.557255	1.554564	1.017313	1.094717
0.5572967	1.554487	1.017274	1.094675
0.5573384	1.554297	1.017235	1.094633
0.5573801	1.553991	1.017196	1.094592
0.5574218	1.553568	1.017158	1.09455
0.5574635	1.553023	1.017119	1.094509
0.5575052	1.552359	1.017081	1.094467
0.5575469	1.551572	1.017042	1.094426
0.5575886	1.550662	1.017004	1.094384
0.5576303	1.549627	1.016965	1.094343
0.557672	1.548469	1.016927	1.094302
0.5577137	1.547187	1.016888	1.09426
0.5577554	1.545782	1.01685	1.094219
0.5577971	1.544257	1.016812	1.094178
0.5578388	1.542609	1.016774	1.094137
0.5578805	1.540841	1.016736	1.094096
0.5579222	1.538955	1.016698	1.094055
0.5579639	1.536954	1.016659	1.094014
0.5580056	1.53484	1.016622	1.093973
0.5580473	1.532616	1.016584	1.093932
0.558089	1.530285	1.016546	1.093892
0.5581307	1.527851	1.016508	1.093851
0.5581724	1.525318	1.01647	1.09381
0.5582141	1.52269	1.016432	1.09377
0.5582558	1.519971	1.016395	1.093729
0.5582975	1.517168	1.016357	1.093689
0.5583392	1.514284	1.01632	1.093648
0.5583809	1.511325	1.016282	1.093608
0.5584226	1.508298	1.016245	1.093568
0.5584643	1.505209	1.016207	1.093528
0.558506	1.502062	1.01617	1.093487
0.5585476	1.498859	1.016133	1.093447
0.5585893	1.495624	1.016096	1.093407
0.558631	1.492347	1.016058	1.093367
0.5586727	1.48904	1.016021	1.093327
0.5587144	1.485709	1.015984	1.093287
0.5587561	1.482363	1.015947	1.093247
0.5587978	1.479008	1.01591	1.093207
0.5588395	1.475651	1.015873	1.093168
0.5588812	1.4723	1.015836	1.093128
0.5589229	1.468961	1.015799	1.093088
0.5589646	1.465641	1.015762	1.093048
0.5590063	1.462348	1.015725	1.093009
0.559048	1.459089	1.015688	1.092969
0.5590897	1.455869	1.015652	1.092929
0.5591314	1.452695	1.015615	1.09289
0.5591731	1.449574	1.015578	1.09285
0.5592148	1.446513	1.015541	1.092811
0.5592565	1.443517	1.015504	1.092771
0.5592982	1.440592	1.015468	1.092732
0.5593399	1.43774	1.015431	1.092692
0.5593816	1.43497	1.015394	1.092652
0.5594233	1.432285	1.015357	1.092613
0.559465	1.42969	1.015321	1.092573
0.5595067	1.427189	1.015284	1.092534
0.5595484	1.424787	1.015247	1.092494
0.5595901	1.422486	1.015211	1.092455
0.5596318	1.420288	1.015174	1.092415
0.5596735	1.418197	1.015137	1.092376
0.5597152	1.416215	1.0151	1.092336
0.5597569	1.414344	1.015064	1.092297
0.5597986	1.412585	1.015027	1.092257
0.5598403	1.410939	1.01499	1.092217
0.559882	1.409408	1.014953	1.092178
0.5599237	1.407996	1.014916	1.092138
0.5599654	1.406696	1.014879	1.092099
0.5600071	1.405513	1.014843	1.092059
0.5600488	1.404444	1.014806	1.092019
0.5600905	1.403489	1.014769	1.091979
0.5601322	1.402647	1.014732	1.09194
0.5601739	1.401918	1.014695	1.0919
0.5602156	1.401301	1.014658	1.09186
0.5602572	1.400794	1.014621	1.09182
0.5602989	1.400395	1.014584	1.091781
0.5603406	1.4001	1.014547	1.091741
0.5603823	1.399909	1.01451	1.091701
0.560424	1.399821	1.014473	1.091661
0.5604657	1.399831	1.014436	1.091621
0.5605074	1.39994	1.014398	1.091581
0.5605491	1.400138	1.014361	1.091541
0.5605908	1.400441	1.014324	1.091501
0.5606325	1.400828	1.014287	1.091461
0.5606742	1.401304	1.01425	1.091421
0.5607159	1.401865	1.014213	1.091381
0.5607576	1.40251	1.014175	1.091341
0.5607993	1.403236	1.014138	1.091301
0.560841	1.404042	1.014101	1.091261
0.5608827	1.404925	1.014063	1.09122
0.5609244	1.405884	1.014026	1.09118
0.5609661	1.406916	1.013989	1.09114
0.5610078	1.40802	1.013951	1.0911
0.5610495	1.409194	1.013914	1.09106
0.5610912	1.410436	1.013877	1.091019
0.5611329	1.411745	1.013839	1.090979
0.5611746	1.41312	1.013802	1.090939
0.5612163	1.414559	1.013764	1.090899
0.561258	1.416062	1.013727	1.090858
0.5612997	1.417626	1.01369	1.090818
0.5613414	1.419252	1.013652	1.090778
0.5613831	1.420937	1.013615	1.090737
0.5614248	1.42268	1.013577	1.090697
0.5614665	1.424482	1.01354	1.090657
0.5615082	1.42634	1.013502	1.090616
0.5615499	1.428254	1.013465	1.090576
0.5615916	1.43023	1.013427	1.090536
0.5616333	1.432247	1.01339	1.090495
0.561675	1.434322	1.013352	1.090455
0.5617167	1.436449	1.013315	1.090415
0.5617584	1.438626	1.013277	1.090374
0.5618001	1.440852	1.01324	1.090334
0.5618418	1.443124	1.013202	1.090294
0.5618835	1.445443	1.013165	1.090253
0.5619252	1.447806	1.013127	1.090213
0.5619669	1.45021	1.013089	1.090172
0.5620085	1.452655	1.013052	1.090132
0.5620502	1.455133	1.013014	1.090091
0.5620919	1.457646	1.012977	1.090051
0.5621336	1.460194	1.012939	1.090011
0.5621753	1.462769	1.012902	1.08997
0.562217	1.46537	1.012864	1.08993
0.5622587	1.467992	1.012826	1.089889
0.5623004	1.470633	1.012789	1.089849
0.5623421	1.473287	1.012751	1.089808
0.5623838	1.475952	1.012714	1.089768
0.5624255	1.478622	1.012676	1.089727
0.5624672	1.481294	1.012638	1.089687
0.5625089	1.483962	1.012601	1.089646
0.5625506	1.486621	1.012563	1.089606
0.5625923	1.489266	1.012525	1.089565
0.562634	1.491891	1.012488	1.089525
0.5626757	1.494492	1.01245	1.089484
0.5627174	1.497064	1.012412	1.089444
0.5627591	1.499599	1.012375	1.089403
0.5628008	1.502092	1.012337	1.089363
0.5628425	1.504538	1.012299	1.089322
0.5628842	1.50693	1.012262	1.089282
0.5629259	1.509262	1.012224	1.089241
0.5629676	1.511527	1.012186	1.0892
0.5630093	1.513724	1.012148	1.08916
0.563051	1.515842	1.012111	1.089119
0.5630927	1.517877	1.012073	1.089079
0.5631344	1.519824	1.012035	1.089038
0.5631761	1.521677	1.011997	1.088997
0.5632178	1.523429	1.01196	1.088957
0.5632595	1.525077	1.011922	1.088916
0.5633012	1.526614	1.011884	1.088875
0.5633429	1.528038	1.011846	1.088834
0.5633846	1.529342	1.011808	1.088794
0.5634263	1.530524	1.01177	1.088753
0.563468	1.531579	1.011733	1.088712
0.5635097	1.532502	1.011695	1.088671
0.5635514	1.533292	1.011657	1.088631
0.5635931	1.533944	1.011619	1.08859
0.5636348	1.534457	1.011581	1.088549
0.5636765	1.534826	1.011543	1.088508
0.5637182	1.535058	1.011505	1.088467
0.5637598	1.535143	1.011467	1.088427
0.5638015	1.535083	1.011429	1.088386
0.5638432	1.534878	1.011391	1.088345
0.5638849	1.534526	1.011353	1.088304
0.5639266	1.534029	1.011315	1.088263
0.5639683	1.533389	1.011277	1.088222
0.56401	1.532606	1.011239	1.088181
0.5640517	1.531683	1.011201	1.08814
0.5640934	1.530622	1.011163	1.088099
0.5641351	1.529425	1.011125	1.088058
0.5641768	1.528097	1.011087	1.088018
0.5642185	1.526639	1.011049	1.087977
0.5642602	1.525056	1.011011	1.087936
0.5643019	1.523353	1.010973	1.087895
0.5643436	1.521536	1.010935	1.087854
0.5643853	1.519609	1.010897	1.087813
0.564427	1.517579	1.010859	1.087772
0.5644687	1.515451	1.010821	1.087731
0.5645104	1.513231	1.010783	1.08769
0.5645521	1.510925	1.010745	1.087649
0.5645938	1.508541	1.010707	1.087608
0.5646355	1.506087	1.010669	1.087567
0.5646772	1.503565	1.010631	1.087527
0.5647189	1.500995	1.010593	1.087486
0.5647606	1.498372	1.010555	1.087445
0.5648023	1.495712	1.010517	1.087404
0.564844	1.493019	1.010479	1.087363
0.5648857	1.490297	1.010441	1.087322
0.5649274	1.487567	1.010403	1.087281
0.5649691	1.484826	1.010365	1.08724
0.5650108	1.482087	1.010327	1.0872
0.5650525	1.479355	1.010289	1.087159
0.5650942	1.476641	1.010251	1.087118
0.5651359	1.473952	1.010213	1.087077
0.5651776	1.471295	1.010175	1.087037
0.5652193	1.468679	1.010138	1.086996
0.565261	1.466111	1.0101	1.086955
0.5653027	1.463599	1.010062	1.086914
0.5653444	1.461148	1.010024	1.086874
0.5653861	1.458765	1.009986	1.086833
0.5654278	1.456458	1.009948	1.086792
0.5654694	1.454232	1.009911	1.086752
0.5655111	1.452091	1.009873	1.086711
0.5655528	1.450044	1.009835	1.08667
0.5655945	1.448093	1.009797	1.08663
0.5656362	1.446242	1.00976	1.086589
0.5656779	1.444499	1.009722	1.086549
0.5657196	1.442858	1.009684	1.086508
0.5657613	1.441331	1.009647	1.086468
0.565803	1.439917	1.009609	1.086427
0.5658447	1.438618	1.009571	1.086387
0.5658864	1.437437	1.009534	1.086346
0.5659281	1.436372	1.009496	1.086306
0.5659698	1.435425	1.009459	1.086265
0.5660115	1.434596	1.009421	1.086225
0.5660532	1.433883	1.009383	1.086184
0.5660949	1.433285	1.009346	1.086144
0.5661366	1.432801	1.009308	1.086103
0.5661783	1.432428	1.009271	1.086063
0.56622	1.432165	1.009233	1.086023
0.5662617	1.432007	1.009196	1.085982
0.5663034	1.431951	1.009158	1.085942
0.5663451	1.431992	1.009121	1.085902
0.5663868	1.432125	1.009083	1.085861
0.5664285	1.43235	1.009046	1.085821
0.5664702	1.432656	1.009008	1.085781
0.5665119	1.43304	1.008971	1.08574
0.5665536	1.433497	1.008934	1.0857
0.5665953	1.434019	1.008896	1.08566
0.566637	1.4346	1.008859	1.08562
0.5666787	1.435238	1.008821	1.08558
0.5667204	1.435921	1.008784	1.085539
0.5667621	1.436643	1.008747	1.085499
0.5668038	1.437399	1.008709	1.085459
0.5668455	1.438181	1.008672	1.085419
0.5668872	1.438984	1.008635	1.085379
0.5669289	1.439799	1.008598	1.085339
0.5669706	1.440621	1.00856	1.085299
0.5670123	1.441442	1.008523	1.085259
0.567054	1.442256	1.008486	1.085219
0.5670957	1.443058	1.008449	1.085179
0.5671374	1.44384	1.008412	1.085139
0.5671791	1.444598	1.008375	1.085099
0.5672207	1.445324	1.008338	1.085059
0.5672624	1.446015	1.008301	1.085019
0.5673041	1.446665	1.008264	1.084979
0.5673458	1.447269	1.008227	1.08494
0.5673875	1.447823	1.00819	1.0849
0.5674292	1.448324	1.008153	1.08486
0.5674709	1.448767	1.008116	1.08482
0.5675126	1.449149	1.008079	1.084781
0.5675543	1.449467	1.008042	1.084741
0.567596	1.44972	1.008005	1.084701
0.5676377	1.449904	1.007969	1.084662
0.5676794	1.450019	1.007932	1.084622
0.5677211	1.450063	1.007895	1.084583
0.5677628	1.450036	1.007858	1.084543
0.5678045	1.449938	1.007822	1.084504
0.5678462	1.449767	1.007785	1.084465
0.5678879	1.449526	1.007749	1.084425
0.5679296	1.449212	1.007712	1.084386
0.5679713	1.44883	1.007676	1.084347
0.568013	1.44838	1.007639	1.084307
0.5680547	1.447863	1.007603	1.084268
0.5680964	1.447283	1.007566	1.084229
0.5681381	1.446642	1.00753	1.08419
0.5681798	1.445941	1.007493	1.084151
0.5682215	1.445184	1.007457	1.084111
0.5682632	1.444374	1.007421	1.084072
0.5683049	1.443515	1.007385	1.084033
0.5683466	1.44261	1.007348	1.083994
0.5683883	1.441662	1.007312	1.083955
0.56843	1.440675	1.007276	1.083916
0.5684717	1.439654	1.00724	1.083877
0.5685134	1.438601	1.007203	1.083838
0.5685551	1.437522	1.007167	1.0838
0.5685968	1.436419	1.007131	1.083761
0.5686385	1.435296	1.007095	1.083722
0.5686802	1.434161	1.007059	1.083683
0.5687219	1.433013	1.007023	1.083644
0.5687636	1.431858	1.006987	1.083605
0.5688053	1.4307	1.006951	1.083567
0.568847	1.429541	1.006915	1.083528
0.5688887	1.428387	1.006879	1.083489
0.5689303	1.42724	1.006843	1.08345
0.568972	1.426104	1.006807	1.083411
0.5690137	1.424982	1.006771	1.083373
0.5690554	1.423877	1.006735	1.083334
0.5690971	1.422792	1.006699	1.083295
0.5691388	1.421729	1.006663	1.083257
0.5691805	1.420692	1.006627	1.083218
0.5692222	1.419682	1.006591	1.083179
0.5692639	1.418702	1.006555	1.08314
0.5693056	1.417754	1.006519	1.083102
0.5693473	1.41684	1.006483	1.083063
0.569389	1.41596	1.006447	1.083024
0.5694307	1.415117	1.006411	1.082986
0.5694724	1.414314	1.006375	1.082947
0.5695141	1.41355	1.006339	1.082908
0.5695558	1.412826	1.006303	1.082869
0.5695975	1.412143	1.006267	1.082831
0.5696392	1.411504	1.006231	1.082792
0.5696809	1.410906	1.006195	1.082753
0.5697226	1.410352	1.006159	1.082715
0.5697643	1.409841	1.006123	1.082676
0.569806	1.409374	1.006087	1.082637
0.5698477	1.408951	1.006051	1.082598
0.5698894	1.408573	1.006015	1.082559
0.5699311	1.408239	1.005979	1.082521
0.5699728	1.40795	1.005943	1.082482
0.5700145	1.407703	1.005907	1.082443
0.5700562	1.4075	1.005871	1.082404
0.5700979	1.407342	1.005834	1.082365
0.5701396	1.407227	1.005798	1.082327
0.5701813	1.407155	1.005762	1.082288
0.570223	1.407128	1.005726	1.082249
0.5702647	1.407141	1.00569	1.08221
0.5703064	1.407198	1.005654	1.082171
0.5703481	1.407297	1.005617	1.082132
0.5703898	1.407438	1.005581	1.082093
0.5704315	1.40762	1.005545	1.082054
0.5704732	1.407843	1.005509	1.082015
0.5705149	1.408108	1.005472	1.081976
0.5705566	1.408413	1.005436	1.081937
0.5705983	1.408759	1.0054	1.081898
0.57064	1.409145	1.005363	1.081858
0.5706816	1.409571	1.005327	1.081819
0.5707233	1.410037	1.005291	1.08178
0.570765	1.410546	1.005254	1.081741
0.5708067	1.411086	1.005218	1.081702
0.5708484	1.411669	1.005181	1.081662
0.5708901	1.412291	1.005145	1.081623
0.5709318	1.41295	1.005108	1.081584
0.5709735	1.413651	1.005071	1.081544
0.5710152	1.414387	1.005035	1.081505
0.5710569	1.41516	1.004998	1.081465
0.5710986	1.415972	1.004961	1.081426
0.5711403	1.416819	1.004925	1.081386
0.571182	1.417703	1.004888	1.081347
0.5712237	1.418623	1.004851	1.081307
0.5712654	1.419577	1.004814	1.081268
0.5713071	1.420566	1.004778	1.081228
0.5713488	1.421588	1.004741	1.081188
0.5713905	1.422643	1.004704	1.081149
0.5714322	1.42373	1.004667	1.081109
0.5714739	1.424847	1.00463	1.081069
0.5715156	1.426002	1.004593	1.081029
0.5715573	1.427171	1.004556	1.08099
0.571599	1.428374	1.004519	1.08095
0.5716407	1.429603	1.004482	1.08091
0.5716824	1.430857	1.004445	1.08087
0.5717241	1.432133	1.004408	1.08083
0.5717658	1.43343	1.004371	1.08079
0.5718075	1.434747	1.004334	1.08075
0.5718492	1.436081	1.004297	1.08071
0.5718909	1.437431	1.004259	1.08067
0.5719326	1.438793	1.004222	1.080631
0.5719743	1.440164	1.004185	1.080591
0.572016	1.441549	1.004148	1.08055
0.5720577	1.442938	1.004111	1.08051
0.5720994	1.44433	1.004073	1.08047
0.5721411	1.445724	1.004036	1.08043
0.5721828	1.447116	1.003999	1.08039
0.5722245	1.448504	1.003962	1.08035
0.5722662	1.449885	1.003925	1.08031
0.5723079	1.451257	1.003887	1.08027
0.5723496	1.452615	1.00385	1.08023
0.5723913	1.453958	1.003813	1.08019
0.5724329	1.455282	1.003775	1.08015
0.5724746	1.456584	1.003738	1.08011
0.5725163	1.457863	1.003701	1.080069
0.572558	1.459113	1.003664	1.080029
0.5725997	1.460332	1.003626	1.079989
0.5726414	1.461518	1.003589	1.079949
0.5726831	1.462667	1.003552	1.079909
0.5727248	1.463777	1.003514	1.079869
0.5727665	1.464845	1.003477	1.079829
0.5728082	1.465868	1.00344	1.079789
0.5728499	1.466843	1.003403	1.079748
0.5728916	1.467767	1.003365	1.079708
0.5729333	1.468638	1.003328	1.079668
0.572975	1.469453	1.003291	1.079628
0.5730167	1.47021	1.003253	1.079588
0.5730584	1.470908	1.003216	1.079548
0.5731001	1.471542	1.003179	1.079508
0.5731418	1.472114	1.003142	1.079468
0.5731835	1.472619	1.003104	1.079428
0.5732252	1.473056	1.003067	1.079387
0.5732669	1.473423	1.00303	1.079347
0.5733086	1.47372	1.002993	1.079307
0.5733503	1.473946	1.002955	1.079267
0.573392	1.474099	1.002918	1.079227
0.5734337	1.474179	1.002881	1.079187
0.5734754	1.474184	1.002844	1.079147
0.5735171	1.474115	1.002807	1.079107
0.5735588	1.47397	1.002769	1.079067
0.5736005	1.47375	1.002732	1.079027
0.5736422	1.473455	1.002695	1.078987
0.5736839	1.473086	1.002658	1.078947
0.5737256	1.472643	1.002621	1.078907
0.5737673	1.472127	1.002584	1.078867
0.573809	1.471538	1.002546	1.078827
0.5738507	1.470878	1.002509	1.078787
0.5738924	1.470147	1.002472	1.078747
0.5739341	1.469347	1.002435	1.078707
0.5739758	1.46848	1.002398	1.078667
0.5740175	1.467548	1.002361	1.078628
0.5740592	1.466553	1.002324	1.078588
0.5741009	1.465496	1.002287	1.078548
0.5741425	1.464379	1.00225	1.078508
0.5741842	1.463206	1.002213	1.078468
0.5742259	1.461978	1.002176	1.078428
0.5742676	1.460699	1.002139	1.078388
0.5743093	1.45937	1.002102	1.078349
0.574351	1.457995	1.002065	1.078309
0.5743927	1.456577	1.002028	1.078269
0.5744344	1.455119	1.001991	1.078229
0.5744761	1.453623	1.001954	1.078189
0.5745178	1.452094	1.001917	1.07815
0.5745595	1.450533	1.00188	1.07811
0.5746012	1.448944	1.001843	1.07807
0.5746429	1.447331	1.001806	1.078031
0.5746846	1.445696	1.001769	1.077991
0.5747263	1.444043	1.001733	1.077951
0.574768	1.442377	1.001696	1.077912
0.5748097	1.440698	1.001659	1.077872
0.5748514	1.439012	1.001622	1.077833
0.5748931	1.43732	1.001586	1.077793
0.5749348	1.435625	1.001549	1.077754
0.5749765	1.433932	1.001512	1.077714
0.5750182	1.432243	1.001476	1.077675
0.5750599	1.430561	1.001439	1.077635
0.5751016	1.428888	1.001402	1.077596
0.5751433	1.427228	1.001366	1.077557
0.575185	1.425583	1.001329	1.077517
0.5752267	1.423955	1.001293	1.077478
0.5752684	1.422347	1.001256	1.077439
0.5753101	1.420762	1.00122	1.0774
0.5753518	1.4192	1.001183	1.07736
0.5753935	1.417665	1.001147	1.077321
0.5754352	1.416157	1.001111	1.077282
0.5754769	1.41468	1.001074	1.077243
0.5755186	1.413233	1.001038	1.077204
0.5755603	1.41182	1.001002	1.077165
0.575602	1.410439	1.000966	1.077126
0.5756437	1.409093	1.000929	1.077087
0.5756854	1.407784	1.000893	1.077048
0.5757271	1.40651	1.000857	1.077009
0.5757688	1.405273	1.000821	1.07697
0.5758105	1.404074	1.000785	1.076931
0.5758522	1.402912	1.000749	1.076893
0.5758938	1.401789	1.000713	1.076854
0.5759355	1.400704	1.000677	1.076815
0.5759772	1.399656	1.000641	1.076776
0.5760189	1.398645	1.000605	1.076738
0.5760606	1.397672	1.000569	1.076699
0.5761023	1.396737	1.000533	1.076661
0.576144	1.395834	1.000497	1.076622
0.5761857	1.394968	1.000461	1.076583
0.5762274	1.394138	1.000426	1.076545
0.5762691	1.39334	1.00039	1.076507
0.5763108	1.392575	1.000354	1.076468
0.5763525	1.391842	1.000318	1.07643
0.5763942	1.39114	1.000283	1.076391
0.5764359	1.390467	1.000247	1.076353
0.5764776	1.389823	1.000212	1.076315
0.5765193	1.389207	1.000176	1.076276
0.576561	1.388616	1.000141	1.076238
0.5766027	1.388052	1.000105	1.0762
0.5766444	1.387511	1.00007	1.076162
0.5766861	1.386994	1.000034	1.076124
0.5767278	1.386498	0.9999986	1.076085
0.5767695	1.386025	0.9999632	1.076047
0.5768112	1.385571	0.9999278	1.076009
0.5768529	1.385137	0.9998925	1.075971
0.5768946	1.384723	0.9998572	1.075933
0.5769363	1.384326	0.9998219	1.075895
0.576978	1.383948	0.9997866	1.075857
0.5770197	1.383587	0.9997513	1.075819
0.5770614	1.383243	0.9997161	1.075781
0.5771031	1.382916	0.9996809	1.075744
0.5771448	1.382606	0.9996457	1.075706
0.5771865	1.382313	0.9996105	1.075668
0.5772282	1.382037	0.9995753	1.07563
0.5772699	1.381778	0.9995402	1.075592
0.5773116	1.381539	0.999505	1.075554
0.5773533	1.381315	0.9994699	1.075517
0.577395	1.381111	0.9994348	1.075479
0.5774367	1.380927	0.9993997	1.075441
0.5774784	1.380764	0.9993646	1.075403
0.5775201	1.380622	0.9993296	1.075366
0.5775618	1.380502	0.9992945	1.075328
0.5776035	1.380406	0.9992594	1.07529
0.5776451	1.380335	0.9992244	1.075252
0.5776868	1.38029	0.9991893	1.075215
0.5777285	1.380272	0.9991543	1.075177
0.5777702	1.380282	0.9991193	1.075139
0.5778119	1.380322	0.9990842	1.075102
0.5778536	1.380393	0.9990492	1.075064
0.5778953	1.380498	0.9990142	1.075026
0.577937	1.380635	0.9989791	1.074988
0.5779787	1.380807	0.9989441	1.074951
0.5780204	1.381016	0.998909	1.074913
0.5780621	1.381262	0.998874	1.074875
0.5781038	1.381546	0.9988389	1.074838
0.5781455	1.38187	0.9988039	1.0748
0.5781872	1.382234	0.9987688	1.074762
0.5782289	1.382639	0.9987337	1.074724
0.5782706	1.383086	0.9986986	1.074687
0.5783123	1.383575	0.9986635	1.074649
0.578354	1.384106	0.9986283	1.074611
0.5783957	1.384679	0.9985932	1.074573
0.5784374	1.385295	0.998558	1.074535
0.5784791	1.385953	0.9985229	1.074497
0.5785208	1.386652	0.9984877	1.07446
0.5785625	1.387393	0.9984524	1.074422
0.5786042	1.388174	0.9984172	1.074384
0.5786459	1.388994	0.9983819	1.074346
0.5786876	1.389853	0.9983467	1.074308
0.5787293	1.390747	0.9983114	1.07427
0.578771	1.391676	0.998276	1.074232
0.5788127	1.392638	0.9982407	1.074194
0.5788544	1.39363	0.9982053	1.074156
0.5788961	1.394652	0.9981699	1.074118
0.5789378	1.395699	0.9981345	1.074079
0.5789795	1.396769	0.998099	1.074041
0.5790212	1.397859	0.9980635	1.074003
0.5790629	1.398967	0.998028	1.073965
0.5791046	1.400089	0.9979925	1.073927
0.5791463	1.40122	0.9979569	1.073888
0.579188	1.402359	0.9979213	1.07385
0.5792297	1.403502	0.9978856	1.073812
0.5792714	1.404645	0.99785	1.073773
0.5793131	1.405783	0.9978143	1.073735
0.5793547	1.406915	0.9977785	1.073696
0.5793964	1.408032	0.9977428	1.073658
0.5794381	1.409135	0.997707	1.073619
0.5794798	1.410218	0.9976711	1.073581
0.5795215	1.411278	0.9976352	1.073542
0.5795632	1.412309	0.9975993	1.073504
0.5796049	1.413309	0.9975634	1.073465
0.5796466	1.414273	0.9975274	1.073426
0.5796883	1.415197	0.9974914	1.073387
0.57973	1.416079	0.9974554	1.073349
0.5797717	1.416914	0.9974193	1.07331
0.5798134	1.4177	0.9973831	1.073271
0.5798551	1.41843	0.997347	1.073232
0.5798968	1.41911	0.9973108	1.073193
0.5799385	1.419722	0.9972746	1.073154
0.5799802	1.420275	0.9972383	1.073115
0.5800219	1.420764	0.997202	1.073076
0.5800636	1.421186	0.9971656	1.073037
0.5801053	1.42154	0.9971293	1.072998
0.580147	1.421823	0.9970928	1.072959
0.5801887	1.422033	0.9970564	1.072919
0.5802304	1.42217	0.9970199	1.07288
0.5802721	1.422233	0.9969834	1.072841
0.5803138	1.422221	0.9969468	1.072801
0.5803555	1.422134	0.9969103	1.072762
0.5803972	1.421973	0.9968736	1.072723
0.5804389	1.421736	0.996837	1.072683
0.5804806	1.421426	0.9968003	1.072644
0.5805223	1.421043	0.9967636	1.072604
0.580564	1.420587	0.9967269	1.072565
0.5806057	1.420062	0.9966901	1.072525
0.5806474	1.419468	0.9966533	1.072486
0.5806891	1.418809	0.9966165	1.072446
0.5807308	1.418087	0.9965796	1.072406
0.5807725	1.417305	0.9965428	1.072367
0.5808142	1.416465	0.9965059	1.072327
0.5808559	1.415573	0.996469	1.072287
0.5808976	1.414629	0.996432	1.072248
0.5809393	1.413641	0.9963951	1.072208
0.580981	1.41261	0.9963582	1.072168
0.5810227	1.411543	0.9963212	1.072128
0.5810644	1.410444	0.9962842	1.072088
0.581106	1.409317	0.9962472	1.072049
0.5811477	1.408167	0.9962102	1.072009
0.5811894	1.407001	0.9961732	1.071969
0.5812311	1.405823	0.9961362	1.071929
0.5812728	1.404639	0.9960992	1.071889
0.5813145	1.403454	0.9960622	1.07185
0.5813562	1.402274	0.9960252	1.07181
0.5813979	1.401105	0.9959882	1.07177
0.5814396	1.399953	0.9959512	1.07173
0.5814813	1.398823	0.9959143	1.07169
0.581523	1.397721	0.9958773	1.071651
0.5815647	1.396652	0.9958403	1.071611
0.5816064	1.395623	0.9958034	1.071571
0.5816481	1.394639	0.9957665	1.071531
0.5816898	1.393698	0.9957295	1.071492
0.5817315	1.392822	0.9956927	1.071452
0.5817732	1.392001	0.9956558	1.071412
0.5818149	1.391244	0.9956189	1.071373
0.5818566	1.390557	0.9955821	1.071333
0.5818983	1.389942	0.9955453	1.071293
0.58194	1.389406	0.9955086	1.071254
0.5819817	1.388947	0.9954719	1.071214
0.5820234	1.388573	0.9954352	1.071175
0.5820651	1.388285	0.9953985	1.071135
0.5821068	1.388085	0.9953619	1.071096
0.5821485	1.387976	0.9953253	1.071057
0.5821902	1.38796	0.9952887	1.071017
0.5822319	1.388037	0.9952522	1.070978
0.5822736	1.388209	0.9952157	1.070939
0.5823153	1.388474	0.9951793	1.070899
0.582357	1.388834	0.9951429	1.07086
0.5823987	1.389288	0.9951065	1.070821
0.5824404	1.389833	0.9950702	1.070782
0.5824821	1.39047	0.9950339	1.070743
0.5825238	1.391195	0.9949977	1.070704
0.5825655	1.392008	0.9949615	1.070665
0.5826072	1.392901	0.9949253	1.070626
0.5826489	1.393876	0.9948892	1.070587
0.5826906	1.394926	0.9948531	1.070548
0.5827323	1.396047	0.9948171	1.07051
0.582774	1.397235	0.9947811	1.070471
0.5828156	1.398485	0.9947452	1.070432
0.5828573	1.399791	0.9947093	1.070394
0.582899	1.401146	0.9946735	1.070355
0.5829407	1.402548	0.9946377	1.070317
0.5829824	1.403984	0.9946019	1.070278
0.5830241	1.405452	0.9945662	1.07024
0.5830658	1.406944	0.9945305	1.070201
0.5831075	1.408452	0.9944949	1.070163
0.5831492	1.40997	0.9944593	1.070125
0.5831909	1.411489	0.9944237	1.070086
0.5832326	1.413002	0.9943882	1.070048
0.5832743	1.414501	0.9943527	1.07001
0.583316	1.415979	0.9943173	1.069972
0.5833577	1.417428	0.9942819	1.069934
0.5833994	1.41884	0.9942466	1.069896
0.5834411	1.420208	0.9942113	1.069858
0.5834828	1.421524	0.994176	1.06982
0.5835245	1.422781	0.9941408	1.069782
0.5835662	1.423974	0.9941056	1.069744
0.5836079	1.425088	0.9940704	1.069706
0.5836496	1.426125	0.9940353	1.069668
0.5836913	1.427075	0.9940002	1.069631
0.583733	1.427934	0.9939652	1.069593
0.5837747	1.428695	0.9939302	1.069555
0.5838164	1.429352	0.9938952	1.069518
0.5838581	1.429901	0.9938603	1.06948
0.5838998	1.430337	0.9938254	1.069443
0.5839415	1.430655	0.9937906	1.069405
0.5839832	1.430854	0.9937558	1.069368
0.5840249	1.430929	0.993721	1.06933
0.5840666	1.430878	0.9936862	1.069293
0.5841083	1.430699	0.9936515	1.069255
0.58415	1.430391	0.9936168	1.069218
0.5841917	1.429951	0.9935822	1.069181
0.5842334	1.429376	0.9935476	1.069144
0.5842751	1.428675	0.993513	1.069106
0.5843168	1.42784	0.9934784	1.069069
0.5843585	1.426876	0.9934439	1.069032
0.5844002	1.425783	0.9934094	1.068995
0.5844419	1.424564	0.993375	1.068958
0.5844836	1.423221	0.9933405	1.068921
0.5845253	1.421756	0.9933061	1.068884
0.5845669	1.420173	0.9932717	1.068847
0.5846086	1.418478	0.9932374	1.06881
0.5846503	1.416671	0.993203	1.068773
0.584692	1.41476	0.9931687	1.068736
0.5847337	1.41275	0.9931344	1.068699
0.5847754	1.410645	0.9931001	1.068662
0.5848171	1.408448	0.9930659	1.068625
0.5848588	1.406176	0.9930316	1.068588
0.5849005	1.403822	0.9929974	1.068552
0.5849422	1.4014	0.9929632	1.068515
0.5849839	1.398914	0.992929	1.068478
0.5850256	1.396372	0.9928948	1.068441
0.5850673	1.393782	0.9928606	1.068404
0.585109	1.391149	0.9928265	1.068368
0.5851507	1.388482	0.9927923	1.068331
0.5851924	1.385787	0.9927581	1.068294
0.5852341	1.383073	0.992724	1.068257
0.5852758	1.380346	0.9926898	1.068221
0.5853175	1.377614	0.9926556	1.068184
0.5853592	1.374885	0.9926215	1.068147
0.5854009	1.372166	0.9925873	1.06811
0.5854426	1.369463	0.9925531	1.068073
0.5854843	1.366784	0.9925189	1.068037
0.585526	1.364137	0.9924847	1.068
0.5855677	1.361527	0.9924505	1.067963
0.5856094	1.35896	0.9924163	1.067926
0.5856511	1.356446	0.992382	1.067889
0.5856928	1.353989	0.9923478	1.067852
0.5857345	1.351593	0.9923135	1.067816
0.5857762	1.349267	0.9922792	1.067779
0.5858179	1.347014	0.9922448	1.067742
0.5858596	1.344841	0.9922104	1.067705
0.5859013	1.342753	0.9921761	1.067668
0.585943	1.340753	0.9921416	1.067631
0.5859847	1.338846	0.9921072	1.067594
0.5860264	1.337036	0.9920727	1.067556
0.5860681	1.335327	0.9920382	1.067519
0.5861098	1.333722	0.9920036	1.067482
0.5861515	1.332224	0.991969	1.067445
0.5861932	1.330836	0.9919344	1.067408
0.5862349	1.329561	0.9918997	1.06737
0.5862766	1.328401	0.991865	1.067333
0.5863182	1.327357	0.9918302	1.067296
0.5863599	1.32643	0.9917954	1.067258
0.5864016	1.325622	0.9917605	1.067221
0.5864433	1.324933	0.9917257	1.067183
0.586485	1.324364	0.9916907	1.067145
0.5865267	1.323916	0.9916557	1.067108
0.5865684	1.323588	0.9916207	1.06707
0.5866101	1.32338	0.9915856	1.067032
0.5866518	1.323291	0.9915505	1.066995
0.5866935	1.323318	0.9915153	1.066957
0.5867352	1.323464	0.9914801	1.066919
0.5867769	1.323723	0.9914448	1.066881
0.5868186	1.324095	0.9914095	1.066843
0.5868603	1.324579	0.9913742	1.066805
0.586902	1.325171	0.9913388	1.066767
0.5869437	1.325869	0.9913033	1.066729
0.5869854	1.32667	0.9912678	1.06669
0.5870271	1.327571	0.9912323	1.066652
0.5870688	1.328566	0.9911967	1.066614
0.5871105	1.329658	0.991161	1.066575
0.5871522	1.330837	0.9911254	1.066537
0.5871939	1.332102	0.9910896	1.066499
0.5872356	1.333448	0.9910539	1.06646
0.5872773	1.334871	0.9910181	1.066422
0.587319	1.336366	0.9909823	1.066383
0.5873607	1.337929	0.9909464	1.066344
0.5874024	1.339554	0.9909105	1.066306
0.5874441	1.341238	0.9908745	1.066267
0.5874858	1.342974	0.9908386	1.066228
0.5875275	1.344759	0.9908026	1.06619
0.5875692	1.346587	0.9907665	1.066151
0.5876109	1.348452	0.9907305	1.066112
0.5876526	1.350349	0.9906944	1.066073
0.5876943	1.352273	0.9906583	1.066034
0.587736	1.35422	0.9906222	1.065996
0.5877777	1.356181	0.990586	1.065957
0.5878194	1.358153	0.9905499	1.065918
0.5878611	1.36013	0.9905137	1.065879
0.5879028	1.362108	0.9904775	1.06584
0.5879445	1.364079	0.9904413	1.065801
0.5879862	1.366041	0.9904051	1.065762
0.5880278	1.367985	0.9903689	1.065723
0.5880695	1.369908	0.9903327	1.065684
0.5881112	1.371806	0.9902964	1.065645
0.5881529	1.373673	0.9902602	1.065606
0.5881946	1.375503	0.990224	1.065567
0.5882363	1.377293	0.9901878	1.065528
0.588278	1.379038	0.9901516	1.065489
0.5883197	1.380734	0.9901154	1.06545
0.5883614	1.382376	0.9900792	1.065411
0.5884031	1.383961	0.9900431	1.065372
0.5884448	1.385488	0.9900069	1.065334
0.5884865	1.386944	0.9899708	1.065295
0.5885282	1.388337	0.9899347	1.065256
0.5885699	1.389659	0.9898986	1.065217
0.5886116	1.390906	0.9898625	1.065178
0.5886533	1.392079	0.9898265	1.065139
0.588695	1.393173	0.9897904	1.065101
0.5887367	1.394187	0.9897544	1.065062
0.5887784	1.39512	0.9897185	1.065023
0.5888201	1.39597	0.9896826	1.064984
0.5888618	1.396736	0.9896467	1.064946
0.5889035	1.397416	0.9896108	1.064907
0.5889452	1.398011	0.989575	1.064869
0.5889869	1.398521	0.9895392	1.06483
0.5890286	1.398946	0.9895034	1.064792
0.5890703	1.399286	0.9894677	1.064753
0.589112	1.399539	0.989432	1.064715
0.5891537	1.399713	0.9893963	1.064676
0.5891954	1.399802	0.9893607	1.064638
0.5892371	1.399812	0.9893252	1.0646
0.5892788	1.399742	0.9892896	1.064562
0.5893205	1.399596	0.9892541	1.064523
0.5893622	1.399374	0.9892187	1.064485
0.5894039	1.399082	0.9891833	1.064447
0.5894456	1.39872	0.9891479	1.064409
0.5894873	1.398292	0.9891126	1.064371
0.589529	1.3978	0.9890773	1.064333
0.5895707	1.397247	0.9890421	1.064295
0.5896124	1.396639	0.9890069	1.064257
0.5896541	1.395976	0.9889717	1.06422
0.5896958	1.395266	0.9889366	1.064182
0.5897375	1.394509	0.9889015	1.064144
0.5897791	1.393712	0.9888664	1.064106
0.5898208	1.392877	0.9888314	1.064069
0.5898625	1.392008	0.9887965	1.064031
0.5899042	1.391107	0.9887615	1.063993
0.5899459	1.390184	0.9887266	1.063956
0.5899876	1.389242	0.9886918	1.063918
0.5900293	1.388284	0.9886569	1.063881
0.590071	1.387311	0.9886221	1.063843
0.5901127	1.386331	0.9885874	1.063806
0.5901544	1.385347	0.9885526	1.063769
0.5901961	1.384361	0.9885179	1.063731
0.5902378	1.38338	0.9884833	1.063694
0.5902795	1.382408	0.9884486	1.063657
0.5903212	1.381445	0.988414	1.063619
0.5903629	1.380499	0.9883794	1.063582
0.5904046	1.379571	0.9883449	1.063545
0.5904463	1.378665	0.9883103	1.063508
0.590488	1.377785	0.9882758	1.063471
0.5905297	1.376932	0.9882413	1.063434
0.5905714	1.376111	0.9882069	1.063397
0.5906131	1.375325	0.9881724	1.063359
0.5906548	1.374574	0.988138	1.063322
0.5906965	1.373861	0.9881036	1.063285
0.5907382	1.37319	0.9880692	1.063248
0.5907799	1.37256	0.9880348	1.063211
0.5908216	1.371974	0.9880005	1.063174
0.5908633	1.371436	0.9879661	1.063137
0.590905	1.37094	0.9879318	1.0631
0.5909467	1.370494	0.9878974	1.063064
0.5909884	1.370095	0.9878631	1.063027
0.5910301	1.369747	0.9878288	1.06299
0.5910718	1.369444	0.9877945	1.062953
0.5911135	1.369191	0.9877602	1.062916
0.5911552	1.368987	0.9877259	1.062879
0.5911969	1.368829	0.9876916	1.062842
0.5912386	1.36872	0.9876573	1.062805
0.5912803	1.368656	0.987623	1.062768
0.591322	1.368636	0.9875887	1.062731
0.5913637	1.36866	0.9875544	1.062694
0.5914054	1.368724	0.9875201	1.062658
0.5914471	1.368829	0.9874858	1.062621
0.5914887	1.368962	0.9874515	1.062584
0.5915304	1.369148	0.9874172	1.062547
0.5915721	1.369358	0.9873829	1.06251
0.5916138	1.369602	0.9873485	1.062473
0.5916555	1.369866	0.9873142	1.062436
0.5916972	1.370158	0.9872798	1.062399
0.5917389	1.370471	0.9872455	1.062362
0.5917806	1.370795	0.9872111	1.062325
0.5918223	1.371149	0.9871767	1.062288
0.591864	1.371508	0.9871423	1.062251
0.5919057	1.371871	0.9871079	1.062214
0.5919474	1.372242	0.9870735	1.062177
0.5919891	1.372613	0.987039	1.06214
0.5920308	1.372981	0.9870046	1.062103
0.5920725	1.373342	0.9869701	1.062066
0.5921142	1.373694	0.9869356	1.062029
0.5921559	1.374031	0.9869011	1.061991
0.5921976	1.374351	0.9868666	1.061954
0.5922393	1.37465	0.9868321	1.061917
0.592281	1.374927	0.9867975	1.06188
0.5923227	1.375171	0.986763	1.061843
0.5923644	1.375386	0.9867284	1.061806
0.5924061	1.375568	0.9866938	1.061768
0.5924478	1.37571	0.9866592	1.061731
0.5924895	1.375813	0.9866246	1.061694
0.5925312	1.375872	0.98659	1.061657
0.5925729	1.375884	0.9865554	1.061619
0.5926146	1.375849	0.9865207	1.061582
0.5926563	1.375762	0.9864861	1.061545
0.592698	1.375623	0.9864514	1.061508
0.5927397	1.375428	0.9864168	1.06147
0.5927814	1.375177	0.9863821	1.061433
0.5928231	1.37487	0.9863474	1.061396
0.5928648	1.374502	0.9863127	1.061358
0.5929065	1.374074	0.9862781	1.061321
0.5929482	1.373585	0.9862434	1.061284
0.5929899	1.373037	0.9862087	1.061246
0.5930316	1.372429	0.986174	1.061209
0.5930733	1.371755	0.9861393	1.061172
0.593115	1.371022	0.9861046	1.061134
0.5931567	1.37023	0.9860699	1.061097
0.5931984	1.369377	0.9860352	1.06106
0.59324	1.368466	0.9860005	1.061022
0.5932817	1.367498	0.9859658	1.060985
0.5933234	1.366475	0.9859312	1.060948
0.5933651	1.365398	0.9858965	1.06091
0.5934068	1.364269	0.9858618	1.060873
0.5934485	1.363091	0.9858272	1.060836
0.5934902	1.361866	0.9857925	1.060798
0.5935319	1.360596	0.9857579	1.060761
0.5935736	1.359284	0.9857232	1.060724
0.5936153	1.357934	0.9856886	1.060687
0.593657	1.356547	0.985654	1.060649
0.5936987	1.355129	0.9856194	1.060612
0.5937404	1.353681	0.9855848	1.060575
0.5937821	1.352207	0.9855502	1.060538
0.5938238	1.350713	0.9855156	1.0605
0.5938655	1.349197	0.985481	1.060463
0.5939072	1.347667	0.9854465	1.060426
0.5939489	1.346126	0.9854119	1.060389
0.5939906	1.344576	0.9853774	1.060352
0.5940323	1.343024	0.9853429	1.060315
0.594074	1.341471	0.9853084	1.060277
0.5941157	1.339913	0.9852739	1.06024
0.5941574	1.338379	0.9852394	1.060203
0.5941991	1.336848	0.9852049	1.060166
0.5942408	1.335331	0.9851704	1.060129
0.5942825	1.333831	0.985136	1.060092
0.5943242	1.332353	0.9851015	1.060055
0.5943659	1.3309	0.9850671	1.060018
0.5944076	1.329474	0.9850327	1.059981
0.5944493	1.328079	0.9849982	1.059944
0.594491	1.326717	0.9849638	1.059907
0.5945327	1.325393	0.9849294	1.05987
0.5945744	1.324108	0.984895	1.059833
0.5946161	1.322866	0.9848606	1.059796
0.5946578	1.321667	0.9848263	1.059759
0.5946995	1.320516	0.9847919	1.059722
0.5947412	1.319413	0.9847575	1.059685
0.5947829	1.318361	0.9847232	1.059648
0.5948246	1.317362	0.9846888	1.059611
0.5948663	1.316418	0.9846545	1.059574
0.594908	1.315533	0.9846202	1.059537
0.5949497	1.314701	0.9845858	1.0595
0.5949913	1.31393	0.9845515	1.059463
0.595033	1.31322	0.9845172	1.059426
0.5950747	1.31257	0.9844829	1.059389
0.5951164	1.311983	0.9844486	1.059352
0.5951581	1.311458	0.9844143	1.059315
0.5951998	1.310998	0.98438	1.059278
0.5952415	1.310603	0.9843457	1.059242
0.5952832	1.310272	0.9843114	1.059205
0.5953249	1.310007	0.9842772	1.059168
0.5953666	1.309807	0.9842429	1.059131
0.5954083	1.309673	0.9842086	1.059094
0.59545	1.309604	0.9841743	1.059057
0.5954917	1.309601	0.9841401	1.05902
0.5955334	1.309665	0.9841058	1.058983
0.5955751	1.309794	0.9840715	1.058947
0.5956168	1.309989	0.9840372	1.05891
0.5956585	1.310249	0.984003	1.058873
0.5957002	1.310573	0.9839687	1.058836
0.5957419	1.310962	0.9839344	1.058799
0.5957836	1.311415	0.9839001	1.058762
0.5958253	1.31193	0.9838659	1.058725
0.595867	1.312509	0.9838316	1.058688
0.5959087	1.31315	0.9837973	1.058651
0.5959504	1.313851	0.983763	1.058614
0.5959921	1.314613	0.9837286	1.058578
0.5960338	1.315434	0.9836943	1.058541
0.5960755	1.316312	0.98366	1.058504
0.5961172	1.317248	0.9836256	1.058467
0.5961589	1.318239	0.9835913	1.05843
0.5962006	1.319285	0.9835569	1.058393
0.5962423	1.320383	0.9835225	1.058356
0.596284	1.321533	0.9834881	1.058319
0.5963257	1.322732	0.9834537	1.058282
0.5963674	1.323979	0.9834192	1.058245
0.5964091	1.325271	0.9833848	1.058208
0.5964508	1.326607	0.9833503	1.05817
0.5964925	1.327985	0.9833158	1.058133
0.5965342	1.329402	0.9832813	1.058096
0.5965759	1.330855	0.9832467	1.058059
0.5966176	1.332343	0.9832121	1.058022
0.5966593	1.333861	0.9831775	1.057985
0.5967009	1.335408	0.9831429	1.057947
0.5967426	1.33698	0.9831083	1.05791
0.5967843	1.338575	0.9830736	1.057873
0.596826	1.340188	0.9830389	1.057835
0.5968677	1.341817	0.9830042	1.057798
0.5969094	1.343457	0.9829694	1.057761
0.5969511	1.345105	0.9829346	1.057723
0.5969928	1.346758	0.9828998	1.057686
0.5970345	1.348411	0.982865	1.057648
0.5970762	1.35006	0.9828301	1.057611
0.5971179	1.351702	0.9827953	1.057573
0.5971596	1.353332	0.9827604	1.057536
0.5972013	1.354945	0.9827254	1.057498
0.597243	1.356538	0.9826905	1.05746
0.5972847	1.358107	0.9826555	1.057423
0.5973264	1.359646	0.9826205	1.057385
0.5973681	1.361152	0.9825855	1.057347
0.5974098	1.362621	0.9825505	1.05731
0.5974515	1.364048	0.9825155	1.057272
0.5974932	1.365429	0.9824805	1.057234
0.5975349	1.366759	0.9824454	1.057197
0.5975766	1.368036	0.9824104	1.057159
0.5976183	1.369256	0.9823753	1.057121
0.59766	1.370413	0.9823402	1.057084
0.5977017	1.371505	0.9823052	1.057046
0.5977434	1.372529	0.9822701	1.057008
0.5977851	1.373483	0.982235	1.05697
0.5978268	1.374362	0.9822	1.056933
0.5978685	1.375162	0.982165	1.056895
0.5979102	1.375884	0.9821299	1.056857
0.5979519	1.376525	0.9820949	1.05682
0.5979936	1.377082	0.9820599	1.056782
0.5980353	1.377554	0.9820249	1.056744
0.598077	1.37794	0.98199	1.056707
0.5981187	1.37824	0.981955	1.056669
0.5981604	1.378452	0.9819201	1.056631
0.5982021	1.378575	0.9818852	1.056594
0.5982438	1.37861	0.9818504	1.056556
0.5982855	1.378559	0.9818156	1.056519
0.5983272	1.37842	0.9817808	1.056481
0.5983689	1.378197	0.981746	1.056444
0.5984106	1.377889	0.9817113	1.056407
0.5984522	1.3775	0.9816766	1.056369
0.5984939	1.37703	0.981642	1.056332
0.5985356	1.376482	0.9816073	1.056295
0.5985773	1.375859	0.9815728	1.056258
0.598619	1.375163	0.9815383	1.056221
0.5986607	1.374399	0.9815038	1.056183
0.5987024	1.37357	0.9814693	1.056146
0.5987441	1.372678	0.9814349	1.056109
0.5987858	1.371728	0.9814006	1.056072
0.5988275	1.370725	0.9813663	1.056035
0.5988692	1.369671	0.981332	1.055999
0.5989109	1.368572	0.9812978	1.055962
0.5989526	1.367432	0.9812636	1.055925
0.5989943	1.366255	0.9812295	1.055888
0.599036	1.365046	0.9811954	1.055852
0.5990777	1.36381	0.9811613	1.055815
0.5991194	1.36255	0.9811273	1.055778
0.5991611	1.361272	0.9810933	1.055742
0.5992028	1.359979	0.9810594	1.055705
0.5992445	1.358676	0.9810254	1.055669
0.5992862	1.357368	0.9809916	1.055632
0.5993279	1.356058	0.9809577	1.055596
0.5993696	1.35475	0.9809239	1.055559
0.5994113	1.353448	0.9808901	1.055523
0.599453	1.352155	0.9808564	1.055487
0.5994947	1.350874	0.9808227	1.05545
0.5995364	1.349609	0.980789	1.055414
0.5995781	1.348362	0.9807553	1.055378
0.5996198	1.347138	0.9807216	1.055342
0.5996615	1.345934	0.980688	1.055306
0.5997032	1.344756	0.9806544	1.055269
0.5997449	1.343604	0.9806208	1.055233
0.5997866	1.34248	0.9805872	1.055197
0.5998283	1.341385	0.9805537	1.055161
0.59987	1.34032	0.9805201	1.055125
0.5999117	1.339285	0.9804866	1.055089
0.5999534	1.33828	0.9804531	1.055053
0.5999951	1.337304	0.9804196	1.055017
0.6000368	1.336359	0.9803861	1.054981
0.6000785	1.335442	0.9803526	1.054945
0.6001202	1.334553	0.9803191	1.054909
0.6001618	1.333692	0.9802856	1.054873
0.6002035	1.332856	0.9802521	1.054836
0.6002452	1.332045	0.9802186	1.0548
0.6002869	1.331255	0.9801851	1.054764
0.6003286	1.330487	0.9801517	1.054728
0.6003703	1.329737	0.9801182	1.054692
0.600412	1.329004	0.9800847	1.054656
0.6004537	1.328286	0.9800512	1.05462
0.6004954	1.32758	0.9800177	1.054584
0.6005371	1.326884	0.9799843	1.054548
0.6005788	1.326196	0.9799508	1.054512
0.6006205	1.325514	0.9799173	1.054476
0.6006622	1.324836	0.9798838	1.05444
0.6007039	1.324159	0.9798503	1.054404
0.6007456	1.323482	0.9798168	1.054368
0.6007873	1.322803	0.9797833	1.054332
0.600829	1.32212	0.9797497	1.054296
0.6008707	1.321431	0.9797162	1.05426
0.6009124	1.320735	0.9796827	1.054224
0.6009541	1.320031	0.9796492	1.054188
0.6009958	1.319318	0.9796156	1.054152
0.6010375	1.318594	0.9795821	1.054115
0.6010792	1.317858	0.9795485	1.054079
0.6011209	1.317113	0.9795149	1.054043
0.6011626	1.316355	0.9794814	1.054007
0.6012043	1.315585	0.9794478	1.053971
0.601246	1.314801	0.9794142	1.053935
0.6012877	1.314012	0.9793806	1.053899
0.6013294	1.31321	0.979347	1.053863
0.6013711	1.312399	0.9793134	1.053826
0.6014128	1.311578	0.9792798	1.05379
0.6014545	1.310753	0.9792462	1.053754
0.6014962	1.309921	0.9792125	1.053718
0.6015379	1.309086	0.9791789	1.053682
0.6015796	1.308251	0.9791453	1.053645
0.6016213	1.307416	0.9791116	1.053609
0.601663	1.306584	0.979078	1.053573
0.6017047	1.305757	0.9790443	1.053537
0.6017464	1.30494	0.9790106	1.053501
0.6017881	1.304134	0.978977	1.053464
0.6018298	1.303342	0.9789433	1.053428
0.6018715	1.302566	0.9789096	1.053392
0.6019131	1.301811	0.9788759	1.053356
0.6019548	1.301079	0.9788422	1.053319
0.6019965	1.300373	0.9788085	1.053283
0.6020382	1.299696	0.9787748	1.053247
0.6020799	1.299051	0.9787411	1.053211
0.6021216	1.298442	0.9787074	1.053174
0.6021633	1.297872	0.9786737	1.053138
0.602205	1.297343	0.9786399	1.053102
0.6022467	1.296859	0.9786062	1.053065
0.6022884	1.296422	0.9785725	1.053029
0.6023301	1.296035	0.9785387	1.052993
0.6023718	1.295701	0.978505	1.052956
0.6024135	1.29542	0.9784712	1.05292
0.6024552	1.295197	0.9784375	1.052884
0.6024969	1.295033	0.9784037	1.052847
0.6025386	1.294931	0.97837	1.052811
0.6025803	1.294891	0.9783362	1.052775
0.602622	1.294915	0.9783024	1.052738
0.6026637	1.295004	0.9782686	1.052702
0.6027054	1.29516	0.9782349	1.052666
0.6027471	1.295382	0.9782011	1.052629
0.6027888	1.295672	0.9781673	1.052593
0.6028305	1.296029	0.9781334	1.052557
0.6028722	1.296455	0.9780996	1.05252
0.6029139	1.296949	0.9780658	1.052484
0.6029556	1.297508	0.978032	1.052447
0.6029973	1.298135	0.9779981	1.052411
0.603039	1.298826	0.9779643	1.052375
0.6030807	1.299581	0.9779304	1.052338
0.6031224	1.300398	0.9778965	1.052302
0.6031641	1.301275	0.9778627	1.052265
0.6032058	1.302212	0.9778288	1.052229
0.6032475	1.303202	0.9777949	1.052192
0.6032892	1.304247	0.9777609	1.052156
0.6033309	1.305342	0.977727	1.052119
0.6033726	1.306485	0.9776931	1.052083
0.6034143	1.307671	0.9776591	1.052046
0.603456	1.308898	0.9776251	1.05201
0.6034977	1.310163	0.9775911	1.051973
0.6035394	1.311461	0.9775571	1.051936
0.6035811	1.312789	0.9775231	1.0519
0.6036228	1.314142	0.9774891	1.051863
0.6036644	1.315516	0.977455	1.051827
0.6037061	1.316907	0.9774209	1.05179
0.6037478	1.31831	0.9773868	1.051753
0.6037895	1.319721	0.9773527	1.051717
0.6038312	1.321136	0.9773186	1.05168
0.6038729	1.322547	0.9772845	1.051643
0.6039146	1.323958	0.9772503	1.051606
0.6039563	1.325356	0.9772162	1.05157
0.603998	1.326738	0.977182	1.051533
0.6040397	1.328102	0.9771478	1.051496
0.6040814	1.329442	0.9771136	1.051459
0.6041231	1.330753	0.9770794	1.051422
0.6041648	1.332032	0.9770452	1.051386
0.6042065	1.333274	0.9770109	1.051349
0.6042482	1.334475	0.9769767	1.051312
0.6042899	1.335632	0.9769424	1.051275
0.6043316	1.336741	0.9769082	1.051238
0.6043733	1.337797	0.9768739	1.051201
0.604415	1.338798	0.9768396	1.051164
0.6044567	1.339742	0.9768054	1.051128
0.6044984	1.340623	0.9767711	1.051091
0.6045401	1.34144	0.9767368	1.051054
0.6045818	1.342191	0.9767025	1.051017
0.6046235	1.342873	0.9766682	1.05098
0.6046652	1.343485	0.976634	1.050943
0.6047069	1.344024	0.9765997	1.050906
0.6047486	1.344491	0.9765654	1.050869
0.6047903	1.344882	0.9765312	1.050832
0.604832	1.345198	0.976497	1.050796
0.6048737	1.345439	0.9764627	1.050759
0.6049154	1.345601	0.9764285	1.050722
0.6049571	1.345688	0.9763943	1.050685
0.6049988	1.345699	0.9763601	1.050648
0.6050405	1.345636	0.9763259	1.050612
0.6050822	1.345498	0.9762918	1.050575
0.6051239	1.345286	0.9762576	1.050538
0.6051656	1.345003	0.9762235	1.050501
0.6052073	1.344648	0.9761894	1.050465
0.605249	1.344226	0.9761553	1.050428
0.6052907	1.343736	0.9761213	1.050391
0.6053324	1.343183	0.9760872	1.050355
0.605374	1.342571	0.9760532	1.050318
0.6054157	1.341894	0.9760192	1.050282
0.6054574	1.341164	0.9759853	1.050245
0.6054991	1.340381	0.9759513	1.050208
0.6055408	1.339546	0.9759174	1.050172
0.6055825	1.338665	0.9758835	1.050136
0.6056242	1.337741	0.9758497	1.050099
0.6056659	1.336776	0.9758158	1.050063
0.6057076	1.335775	0.975782	1.050026
0.6057493	1.33474	0.9757482	1.04999
0.605791	1.333676	0.9757144	1.049954
0.6058327	1.332585	0.9756807	1.049917
0.6058744	1.331472	0.975647	1.049881
0.6059161	1.33034	0.9756133	1.049845
0.6059578	1.329192	0.9755796	1.049809
0.6059995	1.328033	0.975546	1.049772
0.6060412	1.326865	0.9755124	1.049736
0.6060829	1.325692	0.9754788	1.0497
0.6061246	1.324518	0.9754452	1.049664
0.6061663	1.323345	0.9754116	1.049628
0.606208	1.322177	0.9753781	1.049592
0.6062497	1.321017	0.9753446	1.049556
0.6062914	1.319867	0.9753111	1.04952
0.6063331	1.318731	0.9752776	1.049484
0.6063748	1.317612	0.9752441	1.049447
0.6064165	1.316511	0.9752107	1.049412
0.6064582	1.315431	0.9751773	1.049376
0.6064999	1.314376	0.9751439	1.04934
0.6065416	1.313346	0.9751105	1.049304
0.6065833	1.312344	0.9750771	1.049268
0.606625	1.311372	0.9750437	1.049232
0.6066667	1.310431	0.9750104	1.049196
0.6067084	1.309523	0.974977	1.04916
0.6067501	1.30865	0.9749437	1.049124
0.6067918	1.307813	0.9749104	1.049088
0.6068335	1.307013	0.9748771	1.049053
0.6068752	1.306251	0.9748438	1.049017
0.6069169	1.305528	0.9748106	1.048981
0.6069586	1.304845	0.9747773	1.048945
0.6070003	1.304203	0.974744	1.048909
0.607042	1.303601	0.9747108	1.048874
0.6070837	1.303041	0.9746776	1.048838
0.6071253	1.302522	0.9746444	1.048802
0.607167	1.302045	0.9746112	1.048766
0.6072087	1.30161	0.974578	1.048731
0.6072504	1.301217	0.9745448	1.048695
0.6072921	1.300864	0.9745116	1.048659
0.6073338	1.300555	0.9744785	1.048624
0.6073755	1.300285	0.9744453	1.048588
0.6074172	1.300056	0.9744122	1.048552
0.6074589	1.299866	0.9743791	1.048517
0.6075006	1.299716	0.9743459	1.048481
0.6075423	1.299603	0.9743128	1.048445
0.607584	1.299526	0.9742797	1.04841
0.6076257	1.299489	0.9742466	1.048374
0.6076674	1.299485	0.9742136	1.048338
0.6077091	1.299515	0.9741805	1.048303
0.6077508	1.299578	0.9741474	1.048267
0.6077925	1.299672	0.9741144	1.048232
0.6078342	1.299795	0.9740813	1.048196
0.6078759	1.299949	0.9740483	1.048161
0.6079176	1.300126	0.9740152	1.048125
0.6079593	1.30033	0.9739822	1.04809
0.608001	1.300556	0.9739492	1.048054
0.6080427	1.300804	0.9739162	1.048018
0.6080844	1.301071	0.9738832	1.047983
0.6081261	1.301352	0.9738502	1.047947
0.6081678	1.301656	0.9738172	1.047912
0.6082095	1.301969	0.9737842	1.047876
0.6082512	1.302292	0.9737512	1.047841
0.6082929	1.302625	0.9737182	1.047805
0.6083346	1.302963	0.9736852	1.04777
0.6083763	1.303305	0.9736522	1.047734
0.608418	1.303649	0.9736192	1.047699
0.6084597	1.303994	0.9735863	1.047663
0.6085014	1.304334	0.9735533	1.047628
0.6085431	1.304669	0.9735203	1.047592
0.6085848	1.304995	0.9734873	1.047557
0.6086265	1.305312	0.9734543	1.047522
0.6086682	1.305615	0.9734214	1.047486
0.6087099	1.305903	0.9733884	1.047451
0.6087516	1.306172	0.9733554	1.047415
0.6087933	1.306424	0.9733224	1.04738
0.608835	1.306653	0.9732894	1.047344
0.6088766	1.306857	0.9732564	1.047309
0.6089183	1.307035	0.9732234	1.047273
0.60896	1.307184	0.9731904	1.047238
0.6090017	1.307303	0.9731574	1.047202
0.6090434	1.30739	0.9731244	1.047166
0.6090851	1.307443	0.9730914	1.047131
0.6091268	1.307462	0.9730583	1.047095
0.6091685	1.307441	0.9730253	1.04706
0.6092102	1.307384	0.9729923	1.047024
0.6092519	1.307287	0.9729592	1.046989
0.6092936	1.30715	0.9729262	1.046953
0.6093353	1.306971	0.9728932	1.046918
0.609377	1.306755	0.9728601	1.046882
0.6094187	1.306493	0.972827	1.046846
0.6094604	1.30619	0.972794	1.046811
0.6095021	1.305845	0.9727609	1.046775
0.6095438	1.305457	0.9727278	1.04674
0.6095855	1.305028	0.9726947	1.046704
0.6096272	1.304558	0.9726617	1.046669
0.6096689	1.304048	0.9726286	1.046633
0.6097106	1.303498	0.9725955	1.046597
0.6097523	1.302911	0.9725623	1.046562
0.609794	1.302287	0.9725292	1.046526
0.6098357	1.301627	0.9724961	1.04649
0.6098774	1.300934	0.972463	1.046455
0.6099191	1.30021	0.9724298	1.046419
0.6099608	1.299456	0.9723967	1.046383
0.6100025	1.298675	0.9723636	1.046348
0.6100442	1.29787	0.9723304	1.046312
0.6100859	1.297042	0.9722972	1.046276
0.6101276	1.296194	0.9722641	1.046241
0.6101693	1.29533	0.9722309	1.046205
0.610211	1.294454	0.9721977	1.046169
0.6102527	1.293563	0.9721645	1.046134
0.6102944	1.292663	0.9721313	1.046098
0.6103361	1.291767	0.9720981	1.046062
0.6103778	1.290861	0.9720649	1.046026
0.6104195	1.289959	0.9720317	1.045991
0.6104612	1.289063	0.9719985	1.045955
0.6105029	1.288174	0.9719652	1.045919
0.6105446	1.287296	0.971932	1.045883
0.6105862	1.286433	0.9718988	1.045848
0.6106279	1.285587	0.9718655	1.045812
0.6106696	1.284762	0.9718323	1.045776
0.6107113	1.28396	0.971799	1.04574
0.610753	1.283184	0.9717657	1.045704
0.6107947	1.282437	0.9717324	1.045669
0.6108364	1.281722	0.9716992	1.045633
0.6108781	1.281041	0.9716659	1.045597
0.6109198	1.280396	0.9716326	1.045561
0.6109615	1.27979	0.9715993	1.045525
0.6110032	1.279225	0.971566	1.045489
0.6110449	1.278702	0.9715326	1.045454
0.6110866	1.278223	0.9714993	1.045418
0.6111283	1.277789	0.971466	1.045382
0.61117	1.277402	0.9714327	1.045346
0.6112117	1.277065	0.9713993	1.04531
0.6112534	1.276774	0.971366	1.045274
0.6112951	1.276534	0.9713327	1.045238
0.6113368	1.276343	0.9712993	1.045203
0.6113785	1.276203	0.971266	1.045167
0.6114202	1.276113	0.9712327	1.045131
0.6114619	1.276074	0.9711993	1.045095
0.6115036	1.276084	0.971166	1.045059
0.6115453	1.276144	0.9711327	1.045023
0.611587	1.276254	0.9710993	1.044987
0.6116287	1.276411	0.971066	1.044951
0.6116704	1.276616	0.9710327	1.044916
0.6117121	1.276866	0.9709993	1.04488
0.6117538	1.277161	0.970966	1.044844
0.6117955	1.277505	0.9709327	1.044808
0.6118372	1.277883	0.9708994	1.044772
0.6118789	1.278304	0.9708661	1.044736
0.6119206	1.278762	0.9708328	1.0447
0.6119623	1.279258	0.9707995	1.044665
0.612004	1.279791	0.9707662	1.044629
0.6120457	1.280356	0.9707329	1.044593
0.6120874	1.280952	0.9706996	1.044557
0.6121291	1.281577	0.9706664	1.044521
0.6121708	1.28223	0.9706331	1.044486
0.6122125	1.282909	0.9705998	1.04445
0.6122542	1.28361	0.9705666	1.044414
0.6122959	1.284333	0.9705333	1.044378
0.6123375	1.285074	0.9705001	1.044343
0.6123792	1.285837	0.9704669	1.044307
0.6124209	1.286609	0.9704337	1.044271
0.6124626	1.287397	0.9704004	1.044235
0.6125043	1.288197	0.9703672	1.0442
0.612546	1.289006	0.970334	1.044164
0.6125877	1.289824	0.9703008	1.044128
0.6126294	1.290648	0.9702676	1.044092
0.6126711	1.291476	0.9702344	1.044057
0.6127128	1.292308	0.9702012	1.044021
0.6127545	1.293142	0.970168	1.043985
0.6127962	1.293975	0.9701348	1.043949
0.6128379	1.294808	0.9701016	1.043914
0.6128796	1.295638	0.9700685	1.043878
0.6129213	1.296465	0.9700353	1.043842
0.612963	1.297287	0.9700021	1.043807
0.6130047	1.298103	0.9699689	1.043771
0.6130464	1.298912	0.9699357	1.043735
0.6130881	1.299712	0.9699025	1.043699
0.6131298	1.300504	0.9698693	1.043664
0.6131715	1.301286	0.9698361	1.043628
0.6132132	1.302057	0.9698029	1.043592
0.6132549	1.302816	0.9697697	1.043557
0.6132966	1.303562	0.9697365	1.043521
0.6133383	1.304295	0.9697032	1.043485
0.61338	1.305014	0.96967	1.043449
0.6134217	1.305716	0.9696368	1.043413
0.6134634	1.306404	0.9696035	1.043378
0.6135051	1.307074	0.9695703	1.043342
0.6135468	1.307727	0.969537	1.043306
0.6135885	1.308361	0.9695037	1.04327
0.6136302	1.308976	0.9694705	1.043235
0.6136719	1.30957	0.9694372	1.043199
0.6137136	1.310144	0.9694039	1.043163
0.6137553	1.310695	0.9693706	1.043127
0.613797	1.311223	0.9693373	1.043091
0.6138387	1.311728	0.969304	1.043055
0.6138804	1.312207	0.9692706	1.043019
0.6139221	1.312661	0.9692373	1.042984
0.6139638	1.313087	0.969204	1.042948
0.6140055	1.313486	0.9691707	1.042912
0.6140471	1.313855	0.9691373	1.042876
0.6140888	1.314195	0.969104	1.04284
0.6141305	1.314503	0.9690706	1.042804
0.6141722	1.314779	0.9690373	1.042768
0.6142139	1.315022	0.969004	1.042733
0.6142556	1.31523	0.9689706	1.042697
0.6142973	1.315403	0.9689373	1.042661
0.614339	1.315539	0.9689039	1.042625
0.6143807	1.315637	0.9688706	1.042589
0.6144224	1.315697	0.9688373	1.042553
0.6144641	1.315718	0.9688039	1.042517
0.6145058	1.315698	0.9687706	1.042481
0.6145475	1.315635	0.9687373	1.042446
0.6145892	1.315531	0.968704	1.04241
0.6146309	1.315383	0.9686707	1.042374
0.6146726	1.315192	0.9686374	1.042338
0.6147143	1.314955	0.9686041	1.042302
0.614756	1.314673	0.9685709	1.042266
0.6147977	1.314346	0.9685376	1.042231
0.6148394	1.313972	0.9685044	1.042195
0.6148811	1.313551	0.9684711	1.042159
0.6149228	1.313082	0.9684379	1.042123
0.6149645	1.312571	0.9684047	1.042088
0.6150062	1.312004	0.9683715	1.042052
0.6150479	1.311394	0.9683384	1.042016
0.6150896	1.310737	0.9683052	1.041981
0.6151313	1.310033	0.9682721	1.041945
0.615173	1.309281	0.968239	1.041909
0.6152147	1.308482	0.9682059	1.041874
0.6152564	1.307638	0.9681729	1.041838
0.6152981	1.306748	0.9681398	1.041803
0.6153398	1.305814	0.9681068	1.041767
0.6153815	1.304836	0.9680738	1.041732
0.6154232	1.303816	0.9680408	1.041696
0.6154649	1.302753	0.9680079	1.041661
0.6155066	1.30165	0.967975	1.041625
0.6155483	1.300507	0.9679421	1.04159
0.61559	1.299328	0.9679092	1.041554
0.6156317	1.298111	0.9678763	1.041519
0.6156734	1.29686	0.9678435	1.041484
0.6157151	1.295577	0.9678107	1.041448
0.6157568	1.294261	0.9677779	1.041413
0.6157984	1.292916	0.9677452	1.041378
0.6158401	1.291544	0.9677124	1.041343
0.6158818	1.290147	0.9676797	1.041308
0.6159235	1.288727	0.9676471	1.041272
0.6159652	1.287286	0.9676144	1.041237
0.6160069	1.285827	0.9675818	1.041202
0.6160486	1.284353	0.9675492	1.041167
0.6160903	1.282864	0.9675166	1.041132
0.616132	1.281366	0.967484	1.041097
0.6161737	1.279858	0.9674515	1.041062
0.6162154	1.278346	0.967419	1.041027
0.6162571	1.276831	0.9673865	1.040992
0.6162988	1.275315	0.9673541	1.040957
0.6163405	1.273804	0.9673217	1.040922
0.6163822	1.272296	0.9672893	1.040887
0.6164239	1.270798	0.9672569	1.040853
0.6164656	1.269311	0.9672245	1.040818
0.6165073	1.267838	0.9671922	1.040783
0.616549	1.266383	0.9671599	1.040748
0.6165907	1.264948	0.9671276	1.040713
0.6166324	1.263536	0.9670954	1.040679
0.6166741	1.26215	0.9670632	1.040644
0.6167158	1.260792	0.9670309	1.040609
0.6167575	1.259465	0.9669988	1.040575
0.6167992	1.258173	0.9669666	1.04054
0.6168409	1.256917	0.9669345	1.040506
0.6168826	1.255702	0.9669023	1.040471
0.6169243	1.254527	0.9668702	1.040436
0.616966	1.253397	0.9668382	1.040402
0.6170077	1.252312	0.9668061	1.040367
0.6170494	1.251284	0.9667741	1.040333
0.6170911	1.250291	0.966742	1.040299
0.6171328	1.249359	0.96671	1.040264
0.6171745	1.248481	0.9666781	1.04023
0.6172162	1.247659	0.9666461	1.040195
0.6172579	1.246895	0.9666141	1.040161
0.6172996	1.246189	0.9665822	1.040127
0.6173413	1.245543	0.9665503	1.040092
0.617383	1.244961	0.9665184	1.040058
0.6174247	1.244437	0.9664865	1.040024
0.6174664	1.243976	0.9664546	1.039989
0.6175081	1.243579	0.9664228	1.039955
0.6175497	1.243245	0.9663909	1.039921
0.6175914	1.242975	0.9663591	1.039886
0.6176331	1.242767	0.9663273	1.039852
0.6176748	1.242623	0.9662955	1.039818
0.6177165	1.24254	0.9662636	1.039784
0.6177582	1.242519	0.9662318	1.039749
0.6177999	1.242559	0.9662001	1.039715
0.6178416	1.242659	0.9661683	1.039681
0.6178833	1.242817	0.9661365	1.039647
0.617925	1.243032	0.9661047	1.039613
0.6179667	1.243303	0.9660729	1.039578
0.6180084	1.243628	0.9660412	1.039544
0.6180501	1.244004	0.9660094	1.03951
0.6180918	1.24443	0.9659776	1.039476
0.6181335	1.244904	0.9659459	1.039442
0.6181752	1.245423	0.9659141	1.039408
0.6182169	1.245986	0.9658823	1.039373
0.6182586	1.246589	0.9658506	1.039339
0.6183003	1.247231	0.9658188	1.039305
0.618342	1.247908	0.965787	1.039271
0.6183837	1.248618	0.9657552	1.039237
0.6184254	1.249358	0.9657234	1.039202
0.6184671	1.250126	0.9656916	1.039168
0.6185088	1.250917	0.9656598	1.039134
0.6185505	1.251732	0.965628	1.0391
0.6185922	1.252566	0.9655962	1.039065
0.6186339	1.253417	0.9655643	1.039031
0.6186756	1.254281	0.9655325	1.038997
0.6187173	1.255158	0.9655006	1.038963
0.618759	1.256043	0.9654687	1.038928
0.6188007	1.256935	0.9654368	1.038894
0.6188424	1.257831	0.9654049	1.03886
0.6188841	1.258728	0.965373	1.038825
0.6189258	1.259626	0.965341	1.038791
0.6189675	1.260521	0.9653091	1.038756
0.6190092	1.261413	0.9652771	1.038722
0.6190509	1.262298	0.9652451	1.038688
0.6190926	1.263174	0.965213	1.038653
0.6191343	1.264043	0.965181	1.038619
0.619176	1.2649	0.9651489	1.038584
0.6192177	1.265745	0.9651168	1.03855
0.6192593	1.266576	0.9650846	1.038515
0.619301	1.267393	0.9650524	1.03848
0.6193427	1.268195	0.9650202	1.038446
0.6193844	1.26898	0.964988	1.038411
0.6194261	1.269748	0.9649557	1.038376
0.6194678	1.270499	0.9649234	1.038342
0.6195095	1.27123	0.9648911	1.038307
0.6195512	1.271944	0.9648588	1.038272
0.6195929	1.272637	0.9648263	1.038237
0.6196346	1.273312	0.9647939	1.038202
0.6196763	1.273966	0.9647614	1.038167
0.619718	1.274602	0.9647289	1.038132
0.6197597	1.275215	0.9646964	1.038097
0.6198014	1.27581	0.9646638	1.038062
0.6198431	1.276383	0.9646311	1.038027
0.6198848	1.276937	0.9645984	1.037992
0.6199265	1.277469	0.9645657	1.037957
0.6199682	1.277982	0.964533	1.037921
0.6200099	1.278474	0.9645001	1.037886
0.6200516	1.278945	0.9644673	1.037851
0.6200933	1.279396	0.9644344	1.037815
0.620135	1.279827	0.9644015	1.03778
0.6201767	1.280236	0.9643685	1.037744
0.6202184	1.280625	0.9643355	1.037709
0.6202601	1.280992	0.9643024	1.037673
0.6203018	1.281339	0.9642693	1.037638
0.6203435	1.281666	0.9642361	1.037602
0.6203852	1.281969	0.9642029	1.037566
0.6204269	1.282251	0.9641697	1.03753
0.6204686	1.282512	0.9641364	1.037495
0.6205103	1.282751	0.9641031	1.037459
0.620552	1.282967	0.9640697	1.037423
0.6205937	1.283161	0.9640363	1.037387
0.6206354	1.283332	0.9640029	1.037351
0.6206771	1.28348	0.9639694	1.037315
0.6207188	1.283604	0.9639359	1.037279
0.6207605	1.283706	0.9639024	1.037243
0.6208022	1.283784	0.9638688	1.037207
0.6208439	1.283838	0.9638352	1.037171
0.6208856	1.283868	0.9638016	1.037134
0.6209273	1.283874	0.963768	1.037098
0.620969	1.283857	0.9637343	1.037062
0.6210106	1.283815	0.9637006	1.037026
0.6210523	1.283751	0.9636669	1.036989
0.621094	1.283663	0.9636332	1.036953
0.6211357	1.283552	0.9635994	1.036917
0.6211774	1.283419	0.9635657	1.03688
0.6212191	1.283264	0.9635319	1.036844
0.6212608	1.283087	0.9634982	1.036808
0.6213025	1.28289	0.9634644	1.036771
0.6213442	1.282674	0.9634306	1.036735
0.6213859	1.282439	0.9633968	1.036699
0.6214276	1.282186	0.9633631	1.036662
0.6214693	1.281917	0.9633293	1.036626
0.621511	1.281632	0.9632955	1.03659
0.6215527	1.281335	0.9632618	1.036553
0.6215944	1.281024	0.963228	1.036517
0.6216361	1.280702	0.9631943	1.036481
0.6216778	1.280371	0.9631606	1.036445
0.6217195	1.280034	0.9631269	1.036408
0.6217612	1.27969	0.9630933	1.036372
0.6218029	1.279342	0.9630596	1.036336
0.6218446	1.278992	0.963026	1.0363
0.6218863	1.278641	0.9629924	1.036264
0.621928	1.278292	0.9629588	1.036227
0.6219697	1.277946	0.9629253	1.036191
0.6220114	1.277605	0.9628918	1.036155
0.6220531	1.27727	0.9628584	1.036119
0.6220948	1.276944	0.962825	1.036083
0.6221365	1.276628	0.9627916	1.036047
0.6221782	1.276323	0.9627582	1.036012
0.6222199	1.276031	0.9627249	1.035976
0.6222616	1.275754	0.9626917	1.03594
0.6223033	1.275491	0.9626585	1.035904
0.622345	1.275246	0.9626253	1.035869
0.6223867	1.275017	0.9625922	1.035833
0.6224284	1.274807	0.9625591	1.035797
0.6224701	1.274614	0.9625261	1.035762
0.6225118	1.274442	0.9624932	1.035726
0.6225535	1.274289	0.9624603	1.035691
0.6225952	1.274155	0.9624274	1.035656
0.6226369	1.27404	0.9623946	1.03562
0.6226786	1.273944	0.9623618	1.035585
0.6227202	1.273865	0.9623291	1.03555
0.6227619	1.273805	0.9622965	1.035515
0.6228036	1.273761	0.9622639	1.03548
0.6228453	1.273731	0.9622314	1.035445
0.622887	1.273715	0.9621989	1.03541
0.6229287	1.273712	0.9621665	1.035375
0.6229704	1.27372	0.9621342	1.03534
0.6230121	1.273736	0.9621019	1.035305
0.6230538	1.273759	0.9620696	1.035271
0.6230955	1.273787	0.9620375	1.035236
0.6231372	1.273816	0.9620054	1.035201
0.6231789	1.273846	0.9619733	1.035167
0.6232206	1.273873	0.9619413	1.035132
0.6232623	1.273895	0.9619094	1.035098
0.623304	1.273909	0.9618775	1.035064
0.6233457	1.273912	0.9618456	1.03503
0.6233874	1.273902	0.9618139	1.034995
0.6234291	1.273877	0.9617822	1.034961
0.6234708	1.273832	0.9617505	1.034927
0.6235125	1.273766	0.9617189	1.034893
0.6235542	1.273676	0.9616874	1.034859
0.6235959	1.27356	0.9616559	1.034825
0.6236376	1.273415	0.9616245	1.034792
0.6236793	1.273238	0.9615931	1.034758
0.623721	1.273028	0.9615618	1.034724
0.6237627	1.272781	0.9615305	1.03469
0.6238044	1.272498	0.9614993	1.034657
0.6238461	1.272174	0.9614681	1.034623
0.6238878	1.271809	0.961437	1.03459
0.6239295	1.271401	0.9614059	1.034556
0.6239712	1.270949	0.9613749	1.034523
0.6240129	1.270451	0.9613439	1.03449
0.6240546	1.26991	0.961313	1.034456
0.6240963	1.26932	0.9612821	1.034423
0.624138	1.268684	0.9612512	1.03439
0.6241797	1.268	0.9612204	1.034357
0.6242214	1.267269	0.9611896	1.034324
0.6242631	1.266491	0.9611589	1.034291
0.6243048	1.265666	0.9611281	1.034257
0.6243465	1.264796	0.9610974	1.034224
0.6243882	1.263881	0.9610668	1.034191
0.6244299	1.262922	0.9610361	1.034158
0.6244715	1.261921	0.9610055	1.034125
0.6245132	1.260879	0.9609749	1.034093
0.6245549	1.259798	0.9609443	1.03406
0.6245966	1.258678	0.9609137	1.034027
0.6246383	1.257524	0.9608832	1.033994
0.62468	1.256336	0.9608526	1.033961
0.6247217	1.255119	0.9608221	1.033928
0.6247634	1.253872	0.9607915	1.033895
0.6248051	1.252601	0.960761	1.033862
0.6248468	1.251307	0.9607304	1.033829
0.6248885	1.249992	0.9606999	1.033797
0.6249302	1.248661	0.9606693	1.033764
0.6249719	1.247316	0.9606388	1.033731
0.6250136	1.24596	0.9606082	1.033698
0.6250553	1.244595	0.9605776	1.033665
0.625097	1.243227	0.960547	1.033632
0.6251387	1.241857	0.9605164	1.033599
0.6251804	1.240489	0.9604857	1.033566
0.6252221	1.239125	0.9604551	1.033533
0.6252638	1.23777	0.9604244	1.0335
0.6253055	1.236425	0.9603937	1.033467
0.6253472	1.235095	0.9603629	1.033434
0.6253889	1.233782	0.9603322	1.033401
0.6254306	1.232491	0.9603013	1.033368
0.6254723	1.23122	0.9602705	1.033335
0.625514	1.229977	0.9602396	1.033301
0.6255557	1.228763	0.9602087	1.033268
0.6255974	1.22758	0.9601777	1.033235
0.6256391	1.226431	0.9601467	1.033201
0.6256808	1.225319	0.9601157	1.033168
0.6257225	1.224247	0.9600846	1.033135
0.6257642	1.223215	0.9600535	1.033101
0.6258059	1.222227	0.9600223	1.033067
0.6258476	1.221286	0.9599911	1.033034
0.6258893	1.22039	0.9599598	1.033
0.625931	1.219549	0.9599285	1.032967
0.6259727	1.218755	0.9598972	1.032933
0.6260144	1.218014	0.9598658	1.032899
0.6260561	1.217329	0.9598343	1.032865
0.6260978	1.216699	0.9598028	1.032831
0.6261395	1.216126	0.9597713	1.032797
0.6261812	1.215611	0.9597397	1.032763
0.6262228	1.215157	0.959708	1.032729
0.6262645	1.214762	0.9596764	1.032695
0.6263062	1.214427	0.9596446	1.032661
0.6263479	1.214154	0.9596128	1.032627
0.6263896	1.213943	0.959581	1.032593
0.6264313	1.213794	0.9595491	1.032558
0.626473	1.213707	0.9595172	1.032524
0.6265147	1.213684	0.9594853	1.03249
0.6265564	1.213722	0.9594532	1.032455
0.6265981	1.213823	0.9594212	1.032421
0.6266398	1.213985	0.9593891	1.032386
0.6266815	1.214209	0.959357	1.032352
0.6267232	1.214493	0.9593248	1.032317
0.6267649	1.214837	0.9592926	1.032282
0.6268066	1.21524	0.9592604	1.032248
0.6268483	1.215702	0.9592281	1.032213
0.62689	1.21622	0.9591958	1.032178
0.6269317	1.216792	0.9591634	1.032143
0.6269734	1.21742	0.959131	1.032108
0.6270151	1.218094	0.9590986	1.032073
0.6270568	1.218829	0.9590661	1.032039
0.6270985	1.219607	0.9590337	1.032004
0.6271402	1.220431	0.9590012	1.031969
0.6271819	1.2213	0.9589686	1.031934
0.6272236	1.222211	0.9589361	1.031899
0.6272653	1.223162	0.9589035	1.031864
0.627307	1.224151	0.9588709	1.031828
0.6273487	1.225172	0.9588383	1.031793
0.6273904	1.226225	0.9588056	1.031758
0.6274321	1.227308	0.958773	1.031723
0.6274738	1.228416	0.9587403	1.031688
0.6275155	1.229546	0.9587076	1.031653
0.6275572	1.230697	0.9586749	1.031618
0.6275989	1.231864	0.9586421	1.031582
0.6276406	1.233044	0.9586094	1.031547
0.6276823	1.234234	0.9585767	1.031512
0.627724	1.235431	0.9585439	1.031477
0.6277657	1.236631	0.9585112	1.031441
0.6278074	1.23783	0.9584784	1.031406
0.6278491	1.239027	0.9584456	1.031371
0.6278908	1.240216	0.9584128	1.031336
0.6279324	1.241396	0.9583801	1.0313
0.6279741	1.242562	0.9583473	1.031265
0.6280158	1.243712	0.9583145	1.03123
0.6280575	1.244843	0.9582817	1.031194
0.6280992	1.245954	0.9582489	1.031159
0.6281409	1.247034	0.9582162	1.031124
0.6281826	1.248088	0.9581834	1.031089
0.6282243	1.249112	0.9581506	1.031053
0.628266	1.250102	0.9581179	1.031018
0.6283077	1.251057	0.9580851	1.030983
0.6283494	1.25197	0.9580524	1.030948
0.6283911	1.252851	0.9580196	1.030912
0.6284328	1.253688	0.9579869	1.030877
0.6284745	1.254479	0.9579542	1.030842
0.6285162	1.255226	0.9579215	1.030807
0.6285579	1.255928	0.9578888	1.030772
0.6285996	1.256583	0.9578561	1.030737
0.6286413	1.257191	0.9578235	1.030701
0.628683	1.257751	0.9577908	1.030666
0.6287247	1.258263	0.9577582	1.030631
0.6287664	1.258726	0.9577256	1.030596
0.6288081	1.259142	0.957693	1.030561
0.6288498	1.25951	0.9576604	1.030526
0.6288915	1.259831	0.9576278	1.030491
0.6289332	1.260106	0.9575953	1.030456
0.6289749	1.260336	0.9575628	1.030421
0.6290166	1.260523	0.9575302	1.030386
0.6290583	1.260669	0.9574977	1.030351
0.6291	1.260774	0.9574653	1.030316
0.6291417	1.260841	0.9574328	1.030281
0.6291834	1.260871	0.9574004	1.030246
0.6292251	1.260868	0.957368	1.030211
0.6292668	1.260834	0.9573356	1.030176
0.6293085	1.260771	0.9573032	1.030141
0.6293502	1.260681	0.9572708	1.030107
0.6293919	1.260569	0.9572385	1.030072
0.6294336	1.260436	0.9572062	1.030037
0.6294753	1.260285	0.9571739	1.030002
0.629517	1.26012	0.9571416	1.029968
0.6295587	1.259943	0.9571093	1.029933
0.6296004	1.259758	0.9570771	1.029898
0.6296421	1.259567	0.9570448	1.029863
0.6296837	1.259373	0.9570126	1.029829
0.6297254	1.25918	0.9569805	1.029794
0.6297671	1.25899	0.9569483	1.02976
0.6298088	1.258807	0.9569162	1.029725
0.6298505	1.258632	0.956884	1.02969
0.6298922	1.258468	0.9568519	1.029656
0.6299339	1.258317	0.9568199	1.029621
0.6299756	1.258183	0.9567878	1.029587
0.6300173	1.258067	0.9567558	1.029552
0.630059	1.257971	0.9567237	1.029518
0.6301007	1.257896	0.9566917	1.029483
0.6301424	1.257844	0.9566598	1.029449
0.6301841	1.257817	0.9566278	1.029415
0.6302258	1.257816	0.9565958	1.02938
0.6302675	1.25784	0.9565639	1.029346
0.6303092	1.257892	0.956532	1.029312
0.6303509	1.25797	0.9565001	1.029277
0.6303926	1.258075	0.9564682	1.029243
0.6304343	1.258207	0.9564364	1.029209
0.630476	1.258366	0.9564046	1.029174
0.6305177	1.25855	0.9563727	1.02914
0.6305594	1.258759	0.9563409	1.029106
0.6306011	1.258991	0.9563092	1.029072
0.6306428	1.259245	0.9562774	1.029038
0.6306845	1.259518	0.9562457	1.029003
0.6307262	1.259809	0.9562139	1.028969
0.6307679	1.260115	0.9561822	1.028935
0.6308096	1.260435	0.9561505	1.028901
0.6308513	1.260763	0.9561188	1.028867
0.630893	1.261101	0.9560872	1.028833
0.6309347	1.261442	0.9560555	1.028799
0.6309764	1.261783	0.9560239	1.028765
0.6310181	1.262121	0.9559923	1.028731
0.6310598	1.262453	0.9559607	1.028697
0.6311015	1.262775	0.9559291	1.028663
0.6311432	1.263083	0.9558975	1.028629
0.6311849	1.263372	0.955866	1.028595
0.6312266	1.26364	0.9558345	1.028561
0.6312683	1.263881	0.9558029	1.028527
0.63131	1.264092	0.9557714	1.028493
0.6313517	1.264269	0.9557399	1.028459
0.6313933	1.264408	0.9557085	1.028425
0.631435	1.264504	0.955677	1.028392
0.6314767	1.264555	0.9556456	1.028358
0.6315184	1.264555	0.9556142	1.028324
0.6315601	1.264501	0.9555827	1.02829
0.6316018	1.26439	0.9555514	1.028256
0.6316435	1.264218	0.95552	1.028223
0.6316852	1.263983	0.9554886	1.028189
0.6317269	1.263681	0.9554573	1.028155
0.6317686	1.26331	0.955426	1.028121
0.6318103	1.262866	0.9553947	1.028088
0.631852	1.262347	0.9553634	1.028054
0.6318937	1.261752	0.9553321	1.02802
0.6319354	1.261079	0.9553008	1.027987
0.6319771	1.260327	0.9552696	1.027953
0.6320188	1.259494	0.9552384	1.02792
0.6320605	1.258586	0.9552072	1.027886
0.6321022	1.257586	0.9551761	1.027852
0.6321439	1.256509	0.9551449	1.027819
0.6321856	1.255351	0.9551138	1.027785
0.6322273	1.254111	0.9550827	1.027752
0.632269	1.252797	0.9550516	1.027719
0.6323107	1.251398	0.9550206	1.027685
0.6323524	1.249926	0.9549896	1.027652
0.6323941	1.24838	0.9549586	1.027618
0.6324358	1.246763	0.9549276	1.027585
0.6324775	1.245078	0.9548967	1.027552
0.6325192	1.243328	0.9548658	1.027519
0.6325609	1.241515	0.9548349	1.027485
0.6326026	1.239645	0.9548041	1.027452
0.6326443	1.237721	0.9547732	1.027419
0.632686	1.23575	0.9547425	1.027386
0.6327277	1.233734	0.9547117	1.027353
0.6327694	1.231678	0.954681	1.02732
0.6328111	1.22959	0.9546503	1.027287
0.6328528	1.227475	0.9546196	1.027254
0.6328945	1.225332	0.954589	1.027221
0.6329362	1.223176	0.9545584	1.027188
0.6329779	1.221008	0.9545279	1.027155
0.6330196	1.218836	0.9544973	1.027122
0.6330613	1.216666	0.9544668	1.027089
0.633103	1.214504	0.9544364	1.027057
0.6331446	1.212355	0.9544059	1.027024
0.6331863	1.210224	0.9543755	1.026991
0.633228	1.208126	0.9543452	1.026958
0.6332697	1.206058	0.9543148	1.026926
0.6333114	1.204028	0.9542845	1.026893
0.6333531	1.202044	0.9542542	1.026861
0.6333948	1.20011	0.9542239	1.026828
0.6334365	1.198233	0.9541937	1.026795
0.6334782	1.196417	0.9541635	1.026763
0.6335199	1.19467	0.9541333	1.02673
0.6335616	1.192995	0.9541031	1.026698
0.6336033	1.191397	0.9540729	1.026665
0.633645	1.189881	0.9540428	1.026633
0.6336867	1.188451	0.9540126	1.026601
0.6337284	1.18711	0.9539825	1.026568
0.6337701	1.185862	0.9539524	1.026536
0.6338118	1.18471	0.9539222	1.026503
0.6338535	1.183659	0.9538921	1.026471
0.6338952	1.182708	0.953862	1.026438
0.6339369	1.181862	0.9538319	1.026406
0.6339786	1.18112	0.9538018	1.026374
0.6340203	1.180485	0.9537716	1.026341
0.634062	1.179956	0.9537415	1.026309
0.6341037	1.179534	0.9537113	1.026276
0.6341454	1.179219	0.9536812	1.026244
0.6341871	1.179013	0.953651	1.026211
0.6342288	1.178912	0.9536208	1.026179
0.6342705	1.178915	0.9535905	1.026146
0.6343122	1.179022	0.9535603	1.026114
0.6343539	1.179229	0.95353	1.026081
0.6343956	1.179534	0.9534997	1.026049
0.6344373	1.179934	0.9534693	1.026016
0.634479	1.180425	0.9534389	1.025983
0.6345207	1.181011	0.9534085	1.02595
0.6345624	1.181679	0.953378	1.025918
0.6346041	1.182429	0.9533475	1.025885
0.6346458	1.183255	0.9533169	1.025852
0.6346875	1.184154	0.9532863	1.025819
0.6347292	1.185121	0.9532557	1.025786
0.6347709	1.18615	0.9532249	1.025753
0.6348126	1.187238	0.9531942	1.02572
0.6348543	1.188379	0.9531634	1.025687
0.6348959	1.189568	0.9531325	1.025653
0.6349376	1.190799	0.9531016	1.02562
0.6349793	1.192066	0.9530706	1.025587
0.635021	1.193364	0.9530396	1.025553
0.6350627	1.19469	0.9530085	1.02552
0.6351044	1.196036	0.9529774	1.025486
0.6351461	1.197398	0.9529461	1.025453
0.6351878	1.198767	0.9529149	1.025419
0.6352295	1.200148	0.9528836	1.025386
0.6352712	1.201526	0.9528522	1.025352
0.6353129	1.2029	0.9528207	1.025318
0.6353546	1.204265	0.9527892	1.025284
0.6353963	1.205617	0.9527577	1.02525
0.635438	1.206951	0.9527261	1.025216
0.6354797	1.208265	0.9526944	1.025182
0.6355214	1.209554	0.9526627	1.025148
0.6355631	1.210812	0.9526309	1.025114
0.6356048	1.21204	0.9525991	1.025079
0.6356465	1.213234	0.9525672	1.025045
0.6356882	1.214391	0.9525353	1.025011
0.6357299	1.215509	0.9525033	1.024976
0.6357716	1.216586	0.9524713	1.024942
0.6358133	1.21762	0.9524392	1.024907
0.635855	1.218609	0.9524071	1.024873
0.6358967	1.219552	0.9523749	1.024838
0.6359384	1.220451	0.9523427	1.024804
0.6359801	1.221303	0.9523105	1.024769
0.6360218	1.222107	0.9522782	1.024734
0.6360635	1.222866	0.9522459	1.024699
0.6361052	1.223577	0.9522135	1.024665
0.6361469	1.224244	0.9521811	1.02463
0.6361886	1.224865	0.9521487	1.024595
0.6362303	1.225441	0.9521162	1.02456
0.636272	1.225975	0.9520838	1.024525
0.6363137	1.226467	0.9520512	1.02449
0.6363554	1.226921	0.9520187	1.024455
0.6363971	1.227343	0.9519862	1.02442
0.6364388	1.227716	0.9519536	1.024385
0.6364805	1.228062	0.951921	1.02435
0.6365222	1.228375	0.9518884	1.024315
0.6365639	1.228659	0.9518558	1.02428
0.6366055	1.228915	0.9518231	1.024244
0.6366472	1.229147	0.9517905	1.024209
0.6366889	1.229355	0.9517578	1.024174
0.6367306	1.229544	0.9517251	1.024139
0.6367723	1.229715	0.9516925	1.024104
0.636814	1.22987	0.9516598	1.024069
0.6368557	1.230011	0.9516271	1.024034
0.6368974	1.230142	0.9515944	1.023998
0.6369391	1.230264	0.9515618	1.023963
0.6369808	1.230379	0.9515291	1.023928
0.6370225	1.23049	0.9514964	1.023893
0.6370642	1.230598	0.9514638	1.023858
0.6371059	1.230705	0.9514311	1.023823
0.6371476	1.230813	0.9513985	1.023788
0.6371893	1.230924	0.9513659	1.023752
0.637231	1.231039	0.9513333	1.023717
0.6372727	1.231159	0.9513007	1.023682
0.6373144	1.231286	0.9512681	1.023647
0.6373561	1.231421	0.9512356	1.023612
0.6373978	1.231564	0.9512031	1.023577
0.6374395	1.231717	0.9511706	1.023542
0.6374812	1.23188	0.9511381	1.023507
0.6375229	1.232054	0.9511057	1.023472
0.6375646	1.23224	0.9510733	1.023438
0.6376063	1.232436	0.9510409	1.023403
0.637648	1.232645	0.9510086	1.023368
0.6376897	1.232865	0.9509762	1.023333
0.6377314	1.233097	0.950944	1.023298
0.6377731	1.23334	0.9509117	1.023264
0.6378148	1.233595	0.9508795	1.023229
0.6378565	1.23386	0.9508474	1.023194
0.6378982	1.234136	0.9508153	1.02316
0.6379399	1.234421	0.9507832	1.023125
0.6379816	1.234716	0.9507512	1.023091
0.6380233	1.235019	0.9507192	1.023057
0.638065	1.23533	0.9506873	1.023022
0.6381067	1.235647	0.9506554	1.022988
0.6381484	1.23597	0.9506236	1.022954
0.6381901	1.236298	0.9505918	1.022919
0.6382318	1.23663	0.95056	1.022885
0.6382735	1.236964	0.9505284	1.022851
0.6383152	1.237301	0.9504967	1.022817
0.6383568	1.237638	0.9504652	1.022783
0.6383985	1.237974	0.9504336	1.022749
0.6384402	1.238307	0.9504021	1.022715
0.6384819	1.238638	0.9503707	1.022682
0.6385236	1.238964	0.9503393	1.022648
0.6385653	1.239284	0.950308	1.022614
0.638607	1.239597	0.9502768	1.02258
0.6386487	1.239901	0.9502456	1.022547
0.6386904	1.240195	0.9502144	1.022513
0.6387321	1.240478	0.9501833	1.02248
0.6387738	1.240748	0.9501522	1.022446
0.6388155	1.241004	0.9501212	1.022413
0.6388572	1.241244	0.9500903	1.02238
0.6388989	1.241466	0.9500594	1.022346
0.6389406	1.241668	0.9500285	1.022313
0.6389823	1.241853	0.9499977	1.02228
0.639024	1.242015	0.949967	1.022247
0.6390657	1.242153	0.9499362	1.022214
0.6391074	1.242267	0.9499056	1.022181
0.6391491	1.242353	0.949875	1.022148
0.6391908	1.242412	0.9498444	1.022115
0.6392325	1.24244	0.9498139	1.022082
0.6392742	1.242438	0.9497834	1.02205
0.6393159	1.242403	0.949753	1.022017
0.6393576	1.242334	0.9497226	1.021984
0.6393993	1.242229	0.9496922	1.021951
0.639441	1.242087	0.9496619	1.021919
0.6394827	1.241906	0.9496317	1.021886
0.6395244	1.241685	0.9496014	1.021854
0.6395661	1.241422	0.9495712	1.021821
0.6396078	1.241116	0.9495411	1.021789
0.6396495	1.240766	0.9495109	1.021756
0.6396912	1.240371	0.9494809	1.021724
0.6397329	1.23993	0.9494508	1.021692
0.6397746	1.239441	0.9494208	1.021659
0.6398163	1.238904	0.9493908	1.021627
0.639858	1.238317	0.9493608	1.021595
0.6398997	1.23768	0.9493309	1.021563
0.6399414	1.236993	0.949301	1.02153
0.6399831	1.236254	0.9492711	1.021498
0.6400248	1.235465	0.9492413	1.021466
0.6400665	1.234623	0.9492114	1.021434
0.6401081	1.23373	0.9491816	1.021402
0.6401498	1.232786	0.9491519	1.02137
0.6401915	1.231789	0.9491221	1.021338
0.6402332	1.230741	0.9490924	1.021306
0.6402749	1.229643	0.9490626	1.021274
0.6403166	1.228495	0.9490329	1.021242
0.6403583	1.227298	0.9490032	1.02121
0.6404	1.226054	0.9489735	1.021178
0.6404417	1.224762	0.9489439	1.021146
0.6404834	1.223425	0.9489142	1.021114
0.6405251	1.222044	0.9488846	1.021082
0.6405668	1.220621	0.9488549	1.02105
0.6406085	1.219158	0.9488253	1.021019
0.6406502	1.217656	0.9487957	1.020987
0.6406919	1.216119	0.948766	1.020955
0.6407336	1.214549	0.9487364	1.020923
0.6407753	1.212946	0.9487067	1.020891
0.640817	1.211316	0.9486771	1.020859
0.6408587	1.209661	0.9486475	1.020827
0.6409004	1.207982	0.9486178	1.020795
0.6409421	1.206283	0.9485881	1.020763
0.6409838	1.204567	0.9485585	1.020731
0.6410255	1.202837	0.9485288	1.020699
0.6410672	1.201098	0.9484991	1.020667
0.6411089	1.199351	0.9484694	1.020635
0.6411506	1.1976	0.9484396	1.020603
0.6411923	1.195849	0.9484099	1.020571
0.641234	1.194101	0.9483801	1.020539
0.6412757	1.19236	0.9483503	1.020507
0.6413174	1.190629	0.9483205	1.020475
0.6413591	1.188912	0.9482906	1.020443
0.6414008	1.187211	0.9482607	1.020411
0.6414425	1.185532	0.9482308	1.020379
0.6414842	1.183876	0.9482009	1.020347
0.6415259	1.182248	0.9481709	1.020314
0.6415676	1.180652	0.9481409	1.020282
0.6416093	1.179088	0.9481109	1.02025
0.641651	1.177561	0.9480808	1.020217
0.6416927	1.176075	0.9480507	1.020185
0.6417344	1.174633	0.9480206	1.020153
0.6417761	1.173236	0.9479904	1.02012
0.6418177	1.171889	0.9479602	1.020088
0.6418594	1.170595	0.94793	1.020055
0.6419011	1.169354	0.9478997	1.020022
0.6419428	1.168171	0.9478693	1.01999
0.6419845	1.167047	0.947839	1.019957
0.6420262	1.165985	0.9478086	1.019924
0.6420679	1.164986	0.9477782	1.019892
0.6421096	1.164053	0.9477477	1.019859
0.6421513	1.163181	0.9477172	1.019826
0.642193	1.162391	0.9476866	1.019793
0.6422347	1.161666	0.947656	1.01976
0.6422764	1.161013	0.9476254	1.019727
0.6423181	1.160433	0.9475948	1.019694
0.6423598	1.159927	0.9475641	1.019661
0.6424015	1.159496	0.9475334	1.019628
0.6424432	1.159141	0.9475026	1.019595
0.6424849	1.158863	0.9474718	1.019562
0.6425266	1.158662	0.947441	1.019529
0.6425683	1.158539	0.9474101	1.019496
0.64261	1.158493	0.9473793	1.019462
0.6426517	1.158524	0.9473484	1.019429
0.6426934	1.158631	0.9473174	1.019396
0.6427351	1.158816	0.9472865	1.019363
0.6427768	1.159076	0.9472555	1.019329
0.6428185	1.159412	0.9472245	1.019296
0.6428602	1.159823	0.9471934	1.019262
0.6429019	1.160307	0.9471624	1.019229
0.6429436	1.160863	0.9471313	1.019196
0.6429853	1.16149	0.9471002	1.019162
0.643027	1.162186	0.9470691	1.019129
0.6430687	1.16295	0.9470379	1.019095
0.6431104	1.163779	0.9470068	1.019062
0.6431521	1.164672	0.9469756	1.019028
0.6431938	1.165628	0.9469444	1.018995
0.6432355	1.166642	0.9469132	1.018961
0.6432772	1.167713	0.946882	1.018927
0.6433189	1.168838	0.9468508	1.018894
0.6433606	1.170015	0.9468195	1.01886
0.6434023	1.17124	0.9467883	1.018827
0.643444	1.17251	0.946757	1.018793
0.6434857	1.173823	0.9467257	1.018759
0.6435274	1.175176	0.9466944	1.018726
0.643569	1.176564	0.9466631	1.018692
0.6436107	1.177984	0.9466318	1.018658
0.6436524	1.179433	0.9466005	1.018624
0.6436941	1.180907	0.9465692	1.018591
0.6437358	1.182403	0.9465379	1.018557
0.6437775	1.183915	0.9465066	1.018523
0.6438192	1.185442	0.9464752	1.01849
0.6438609	1.186978	0.9464439	1.018456
0.6439026	1.18852	0.9464126	1.018422
0.6439443	1.190064	0.9463812	1.018389
0.643986	1.191606	0.9463499	1.018355
0.6440277	1.193141	0.9463186	1.018321
0.6440694	1.194666	0.9462872	1.018287
0.6441111	1.196177	0.9462559	1.018254
0.6441528	1.19767	0.9462245	1.01822
0.6441945	1.199141	0.9461932	1.018186
0.6442362	1.200586	0.9461618	1.018152
0.6442779	1.202001	0.9461305	1.018119
0.6443196	1.203383	0.9460992	1.018085
0.6443613	1.204729	0.9460678	1.018051
0.644403	1.206035	0.9460365	1.018018
0.6444447	1.207297	0.9460052	1.017984
0.6444864	1.208512	0.9459739	1.01795
0.6445281	1.209678	0.9459426	1.017916
0.6445698	1.210791	0.9459113	1.017883
0.6446115	1.211849	0.94588	1.017849
0.6446532	1.21285	0.9458487	1.017815
0.6446949	1.213791	0.9458174	1.017782
0.6447366	1.214671	0.9457862	1.017748
0.6447783	1.215487	0.9457549	1.017715
0.64482	1.216238	0.9457237	1.017681
0.6448617	1.216921	0.9456925	1.017647
0.6449034	1.217537	0.9456613	1.017614
0.6449451	1.218085	0.9456301	1.01758
0.6449868	1.218564	0.9455989	1.017547
0.6450285	1.218974	0.9455677	1.017513
0.6450702	1.219313	0.9455366	1.01748
0.6451119	1.219584	0.9455055	1.017446
0.6451536	1.219785	0.9454743	1.017413
0.6451953	1.219917	0.9454432	1.017379
0.645237	1.219981	0.9454122	1.017346
0.6452786	1.219979	0.9453811	1.017312
0.6453203	1.219912	0.9453501	1.017279
0.645362	1.219781	0.945319	1.017245
0.6454037	1.219589	0.945288	1.017212
0.6454454	1.219336	0.945257	1.017179
0.6454871	1.219026	0.9452261	1.017145
0.6455288	1.21866	0.9451951	1.017112
0.6455705	1.218242	0.9451642	1.017079
0.6456122	1.217771	0.9451332	1.017046
0.6456539	1.217259	0.9451023	1.017012
0.6456956	1.2167	0.9450714	1.016979
0.6457373	1.2161	0.9450406	1.016946
0.645779	1.215463	0.9450097	1.016913
0.6458207	1.214792	0.9449789	1.016879
0.6458624	1.214088	0.944948	1.016846
0.6459041	1.213361	0.9449172	1.016813
0.6459458	1.212609	0.9448864	1.01678
0.6459875	1.211837	0.9448557	1.016747
0.6460292	1.211049	0.9448249	1.016714
0.6460709	1.210249	0.9447942	1.016681
0.6461126	1.20944	0.9447634	1.016648
0.6461543	1.208627	0.9447327	1.016615
0.646196	1.207812	0.944702	1.016581
0.6462377	1.207	0.9446713	1.016548
0.6462794	1.20619	0.9446406	1.016515
0.6463211	1.205394	0.9446099	1.016482
0.6463628	1.20461	0.9445793	1.016449
0.6464045	1.20384	0.9445486	1.016416
0.6464462	1.20309	0.944518	1.016383
0.6464879	1.202361	0.9444873	1.01635
0.6465296	1.201657	0.9444567	1.016318
0.6465713	1.20098	0.9444261	1.016285
0.646613	1.200333	0.9443955	1.016252
0.6466547	1.199718	0.9443649	1.016219
0.6466964	1.199137	0.9443343	1.016186
0.6467381	1.198592	0.9443038	1.016153
0.6467798	1.198086	0.9442732	1.01612
0.6468215	1.197618	0.9442427	1.016087
0.6468632	1.197192	0.9442121	1.016054
0.6469049	1.196807	0.9441816	1.016021
0.6469466	1.196466	0.9441511	1.015989
0.6469883	1.196168	0.9441206	1.015956
0.6470299	1.195914	0.9440901	1.015923
0.6470716	1.195707	0.9440596	1.01589
0.6471133	1.195539	0.9440291	1.015857
0.647155	1.195419	0.9439986	1.015825
0.6471967	1.195342	0.9439682	1.015792
0.6472384	1.195308	0.9439377	1.015759
0.6472801	1.195318	0.9439073	1.015726
0.6473218	1.195368	0.9438768	1.015694
0.6473635	1.195459	0.9438464	1.015661
0.6474052	1.195589	0.943816	1.015628
0.6474469	1.195756	0.9437856	1.015595
0.6474886	1.195959	0.9437552	1.015563
0.6475303	1.196196	0.9437249	1.01553
0.647572	1.196464	0.9436945	1.015497
0.6476137	1.196762	0.9436642	1.015465
0.6476554	1.197086	0.9436338	1.015432
0.6476971	1.197435	0.9436035	1.015399
0.6477388	1.197805	0.9435732	1.015367
0.6477805	1.198194	0.9435429	1.015334
0.6478222	1.198599	0.9435126	1.015302
0.6478639	1.199017	0.9434823	1.015269
0.6479056	1.199445	0.943452	1.015236
0.6479473	1.199878	0.9434217	1.015204
0.647989	1.200316	0.9433915	1.015171
0.6480307	1.200752	0.9433612	1.015139
0.6480724	1.201186	0.943331	1.015106
0.6481141	1.201611	0.9433008	1.015074
0.6481558	1.202029	0.9432706	1.015041
0.6481975	1.202431	0.9432404	1.015009
0.6482392	1.202816	0.9432102	1.014976
0.6482809	1.20318	0.94318	1.014944
0.6483226	1.203521	0.9431498	1.014911
0.6483643	1.203834	0.9431196	1.014879
0.648406	1.204117	0.9430895	1.014846
0.6484477	1.204366	0.9430594	1.014814
0.6484894	1.204578	0.9430292	1.014781
0.6485311	1.204751	0.9429991	1.014749
0.6485728	1.204881	0.942969	1.014717
0.6486145	1.204965	0.9429389	1.014684
0.6486562	1.205003	0.9429088	1.014652
0.6486979	1.20499	0.9428787	1.01462
0.6487396	1.204924	0.9428487	1.014587
0.6487812	1.204805	0.9428186	1.014555
0.6488229	1.204629	0.9427886	1.014523
0.6488646	1.204395	0.9427586	1.01449
0.6489063	1.204102	0.9427286	1.014458
0.648948	1.203749	0.9426986	1.014426
0.6489897	1.203334	0.9426686	1.014393
0.6490314	1.202858	0.9426386	1.014361
0.6490731	1.202316	0.9426087	1.014329
0.6491148	1.201719	0.9425787	1.014297
0.6491565	1.201056	0.9425488	1.014264
0.6491982	1.20033	0.9425189	1.014232
0.6492399	1.199543	0.942489	1.0142
0.6492816	1.198696	0.9424592	1.014168
0.6493233	1.197788	0.9424293	1.014136
0.649365	1.196827	0.9423995	1.014104
0.6494067	1.195808	0.9423696	1.014072
0.6494484	1.194735	0.9423398	1.01404
0.6494901	1.193596	0.9423101	1.014008
0.6495318	1.192436	0.9422803	1.013976
0.6495735	1.191215	0.9422506	1.013944
0.6496152	1.189952	0.9422208	1.013912
0.6496569	1.188648	0.9421911	1.01388
0.6496986	1.187308	0.9421614	1.013848
0.6497403	1.185935	0.9421318	1.013816
0.649782	1.184533	0.9421021	1.013784
0.6498237	1.183101	0.9420725	1.013752
0.6498654	1.181657	0.9420428	1.01372
0.6499071	1.180193	0.9420132	1.013688
0.6499488	1.178714	0.9419837	1.013656
0.6499905	1.177227	0.9419541	1.013624
0.6500322	1.175738	0.9419245	1.013593
0.6500739	1.174249	0.941895	1.013561
0.6501156	1.172765	0.9418654	1.013529
0.6501573	1.171291	0.9418359	1.013497
0.650199	1.169832	0.9418064	1.013466
0.6502407	1.168391	0.9417768	1.013434
0.6502824	1.166972	0.9417473	1.013402
0.6503241	1.165583	0.9417178	1.01337
0.6503658	1.164224	0.9416883	1.013339
0.6504075	1.162901	0.9416588	1.013307
0.6504492	1.161616	0.9416293	1.013275
0.6504908	1.160375	0.9415998	1.013243
0.6505325	1.159181	0.9415703	1.013212
0.6505742	1.158028	0.9415408	1.01318
0.6506159	1.156941	0.9415113	1.013148
0.6506576	1.155902	0.9414818	1.013116
0.6506993	1.154921	0.9414523	1.013085
0.650741	1.153998	0.9414228	1.013053
0.6507827	1.153137	0.9413932	1.013021
0.6508244	1.152339	0.9413637	1.012989
0.6508661	1.151605	0.9413341	1.012957
0.6509078	1.150935	0.9413045	1.012926
0.6509495	1.15033	0.9412749	1.012894
0.6509912	1.14979	0.9412453	1.012862
0.6510329	1.149315	0.9412156	1.01283
0.6510746	1.148904	0.941186	1.012798
0.6511163	1.148557	0.9411563	1.012766
0.651158	1.148153	0.9411266	1.012734
0.6511997	1.148051	0.9410969	1.012702
0.6512414	1.147887	0.9410671	1.01267
0.6512831	1.147781	0.9410373	1.012638
0.6513248	1.147731	0.9410075	1.012606
0.6513665	1.147733	0.9409777	1.012574
0.6514082	1.147785	0.9409478	1.012542
0.6514499	1.147884	0.9409179	1.01251
0.6514916	1.148026	0.940888	1.012477
0.6515333	1.14821	0.9408581	1.012445
0.651575	1.148431	0.9408281	1.012413
0.6516167	1.148686	0.9407981	1.012381
0.6516584	1.148969	0.9407681	1.012348
0.6517001	1.149283	0.940738	1.012316
0.6517418	1.149617	0.9407079	1.012284
0.6517835	1.149971	0.9406778	1.012251
0.6518252	1.15034	0.9406476	1.012219
0.6518669	1.150721	0.9406175	1.012186
0.6519086	1.15111	0.9405873	1.012154
0.6519503	1.151505	0.940557	1.012121
0.651992	1.151901	0.9405267	1.012089
0.6520337	1.152295	0.9404965	1.012056
0.6520754	1.152686	0.9404661	1.012023
0.6521171	1.153068	0.9404358	1.011991
0.6521588	1.153441	0.9404054	1.011958
0.6522005	1.153802	0.940375	1.011925
0.6522421	1.15415	0.9403446	1.011893
0.6522838	1.15448	0.9403141	1.01186
0.6523255	1.154793	0.9402837	1.011827
0.6523672	1.155088	0.9402532	1.011794
0.6524089	1.155363	0.9402227	1.011761
0.6524506	1.155619	0.9401921	1.011728
0.6524923	1.155853	0.9401616	1.011696
0.652534	1.156067	0.940131	1.011663
0.6525757	1.156261	0.9401004	1.01163
0.6526174	1.156435	0.9400697	1.011597
0.6526591	1.156585	0.9400391	1.011564
0.6527008	1.15673	0.9400084	1.011531
0.6527425	1.156853	0.9399778	1.011498
0.6527842	1.156962	0.9399471	1.011465
0.6528259	1.157059	0.9399163	1.011432
0.6528676	1.157147	0.9398856	1.011399
0.6529093	1.157227	0.9398549	1.011366
0.652951	1.157304	0.9398241	1.011332
0.6529927	1.15738	0.9397933	1.011299
0.6530344	1.157457	0.9397626	1.011266
0.6530761	1.15754	0.9397318	1.011233
0.6531178	1.157632	0.939701	1.0112
0.6531595	1.157736	0.9396701	1.011167
0.6532012	1.157856	0.9396393	1.011134
0.6532429	1.157995	0.9396085	1.0111
0.6532846	1.158158	0.9395776	1.011067
0.6533263	1.158346	0.9395468	1.011034
0.653368	1.158565	0.9395159	1.011001
0.6534097	1.158821	0.9394851	1.010968
0.6534514	1.159109	0.9394542	1.010934
0.6534931	1.159439	0.9394233	1.010901
0.6535348	1.159814	0.9393924	1.010868
0.6535765	1.160235	0.9393616	1.010835
0.6536182	1.160705	0.9393307	1.010801
0.6536599	1.161227	0.9392998	1.010768
0.6537016	1.161804	0.9392689	1.010735
0.6537433	1.162437	0.939238	1.010702
0.653785	1.163127	0.9392072	1.010669
0.6538267	1.163877	0.9391763	1.010635
0.6538684	1.164687	0.9391454	1.010602
0.6539101	1.165559	0.9391146	1.010569
0.6539517	1.166493	0.9390837	1.010536
0.6539934	1.167489	0.9390529	1.010503
0.6540351	1.168546	0.939022	1.010469
0.6540768	1.169664	0.9389912	1.010436
0.6541185	1.170842	0.9389604	1.010403
0.6541602	1.17208	0.9389296	1.01037
0.6542019	1.173373	0.9388988	1.010337
0.6542436	1.174723	0.938868	1.010304
0.6542853	1.176124	0.9388373	1.010271
0.654327	1.177574	0.9388065	1.010237
0.6543687	1.179071	0.9387758	1.010204
0.6544104	1.180612	0.9387451	1.010171
0.6544521	1.182191	0.9387144	1.010138
0.6544938	1.183807	0.9386838	1.010105
0.6545355	1.185452	0.9386531	1.010072
0.6545772	1.187124	0.9386225	1.010039
0.6546189	1.188817	0.9385919	1.010007
0.6546606	1.190526	0.9385614	1.009974
0.6547023	1.192245	0.9385308	1.009941
0.654744	1.19397	0.9385003	1.009908
0.6547857	1.195694	0.9384699	1.009875
0.6548274	1.197411	0.9384394	1.009842
0.6548691	1.199117	0.938409	1.00981
0.6549108	1.200805	0.9383786	1.009777
0.6549525	1.202467	0.9383483	1.009744
0.6549942	1.2041	0.938318	1.009712
0.6550359	1.205696	0.9382877	1.009679
0.6550776	1.207249	0.9382574	1.009647
0.6551193	1.208754	0.9382272	1.009614
0.655161	1.210204	0.9381971	1.009582
0.6552027	1.211593	0.9381669	1.009549
0.6552444	1.212916	0.9381368	1.009517
0.6552861	1.214159	0.9381068	1.009484
0.6553278	1.215342	0.9380768	1.009452
0.6553695	1.216435	0.9380468	1.00942
0.6554112	1.21744	0.9380169	1.009388
0.6554529	1.218354	0.937987	1.009356
0.6554946	1.21917	0.9379571	1.009323
0.6555363	1.219888	0.9379273	1.009291
0.655578	1.220501	0.9378975	1.009259
0.6556197	1.221007	0.9378678	1.009227
0.6556614	1.221402	0.9378381	1.009195
0.655703	1.221683	0.9378085	1.009163
0.6557447	1.221851	0.9377789	1.009132
0.6557864	1.2219	0.9377493	1.0091
0.6558281	1.221829	0.9377198	1.009068
0.6558698	1.221638	0.9376903	1.009036
0.6559115	1.221327	0.9376609	1.009005
0.6559532	1.220894	0.9376315	1.008973
0.6559949	1.22034	0.9376022	1.008941
0.6560366	1.219666	0.9375729	1.00891
0.6560783	1.218872	0.9375436	1.008878
0.65612	1.21796	0.9375144	1.008847
0.6561617	1.216931	0.9374852	1.008816
0.6562034	1.215788	0.937456	1.008784
0.6562451	1.214532	0.9374269	1.008753
0.6562868	1.213168	0.9373979	1.008722
0.6563285	1.211699	0.9373688	1.00869
0.6563702	1.210128	0.9373398	1.008659
0.6564119	1.208459	0.9373108	1.008628
0.6564536	1.206697	0.9372819	1.008597
0.6564953	1.204846	0.937253	1.008566
0.656537	1.202911	0.9372241	1.008535
0.6565787	1.200897	0.9371953	1.008504
0.6566204	1.19881	0.9371664	1.008473
0.6566621	1.196656	0.9371376	1.008442
0.6567038	1.194441	0.9371089	1.008411
0.6567455	1.19217	0.9370801	1.00838
0.6567872	1.189851	0.9370514	1.008349
0.6568289	1.187487	0.9370227	1.008318
0.6568706	1.185087	0.936994	1.008287
0.6569123	1.182658	0.9369653	1.008256
0.656954	1.180205	0.9369366	1.008225
0.6569957	1.177736	0.9369079	1.008194
0.6570374	1.175255	0.9368793	1.008164
0.6570791	1.172771	0.9368506	1.008133
0.6571208	1.17029	0.936822	1.008102
0.6571625	1.167827	0.9367933	1.008071
0.6572042	1.165361	0.9367647	1.00804
0.6572459	1.162925	0.936736	1.008009
0.6572876	1.160516	0.9367074	1.007979
0.6573293	1.158139	0.9366787	1.007948
0.657371	1.155801	0.93665	1.007917
0.6574127	1.153507	0.9366213	1.007886
0.6574543	1.15126	0.9365926	1.007855
0.657496	1.149067	0.9365639	1.007824
0.6575377	1.146932	0.9365352	1.007793
0.6575794	1.144859	0.9365064	1.007762
0.6576211	1.142851	0.9364777	1.007731
0.6576628	1.140913	0.9364489	1.0077
0.6577045	1.139045	0.93642	1.007669
0.6577462	1.137255	0.9363912	1.007638
0.6577879	1.135547	0.9363623	1.007607
0.6578296	1.133907	0.9363333	1.007576
0.6578713	1.132356	0.9363044	1.007545
0.657913	1.130887	0.9362754	1.007514
0.6579547	1.129503	0.9362464	1.007483
0.6579964	1.128204	0.9362173	1.007451
0.6580381	1.126991	0.9361882	1.00742
0.6580798	1.125862	0.9361591	1.007389
0.6581215	1.124821	0.9361299	1.007357
0.6581632	1.123865	0.9361007	1.007326
0.6582049	1.122993	0.9360715	1.007294
0.6582466	1.122205	0.9360422	1.007263
0.6582883	1.121501	0.9360128	1.007231
0.65833	1.120877	0.9359835	1.0072
0.6583717	1.120332	0.9359541	1.007168
0.6584134	1.119865	0.9359246	1.007136
0.6584551	1.11947	0.9358951	1.007105
0.6584968	1.119156	0.9358656	1.007073
0.6585385	1.11891	0.935836	1.007041
0.6585802	1.118733	0.9358064	1.007009
0.6586219	1.118622	0.9357768	1.006977
0.6586636	1.118574	0.9357471	1.006945
0.6587053	1.118588	0.9357174	1.006913
0.658747	1.11866	0.9356877	1.006881
0.6587887	1.118788	0.9356579	1.006849
0.6588304	1.118969	0.9356281	1.006817
0.6588721	1.1192	0.9355982	1.006785
0.6589138	1.11948	0.9355684	1.006753
0.6589555	1.119804	0.9355384	1.006721
0.6589972	1.12017	0.9355085	1.006689
0.6590389	1.120576	0.9354786	1.006656
0.6590806	1.12102	0.9354486	1.006624
0.6591223	1.121499	0.9354186	1.006592
0.6591639	1.122011	0.9353885	1.006559
0.6592056	1.122554	0.9353585	1.006527
0.6592473	1.123125	0.9353284	1.006495
0.659289	1.123723	0.9352983	1.006462
0.6593307	1.124345	0.9352681	1.00643
0.6593724	1.12499	0.935238	1.006397
0.6594141	1.125657	0.9352079	1.006365
0.6594558	1.126343	0.9351777	1.006333
0.6594975	1.127046	0.9351475	1.0063
0.6595392	1.127769	0.9351173	1.006268
0.6595809	1.128505	0.9350871	1.006235
0.6596226	1.129256	0.9350568	1.006202
0.6596643	1.130021	0.9350266	1.00617
0.659706	1.130797	0.9349964	1.006137
0.6597477	1.131584	0.9349661	1.006105
0.6597894	1.132381	0.9349358	1.006072
0.6598311	1.133186	0.9349056	1.00604
0.6598728	1.134	0.9348753	1.006007
0.6599145	1.134822	0.934845	1.005975
0.6599562	1.135648	0.9348147	1.005942
0.6599979	1.136481	0.9347844	1.005909
0.6600396	1.137317	0.9347541	1.005877
0.6600813	1.138157	0.9347238	1.005844
0.660123	1.139	0.9346935	1.005812
0.6601647	1.139843	0.9346632	1.005779
0.6602064	1.140687	0.9346329	1.005746
0.6602481	1.14153	0.9346026	1.005714
0.6602898	1.142372	0.9345723	1.005681
0.6603315	1.14321	0.9345421	1.005649
0.6603732	1.144044	0.9345118	1.005616
0.6604149	1.144872	0.9344815	1.005583
0.6604566	1.145694	0.9344512	1.005551
0.6604983	1.146507	0.934421	1.005518
0.66054	1.147311	0.9343907	1.005486
0.6605817	1.148103	0.9343605	1.005453
0.6606234	1.148883	0.9343303	1.005421
0.6606651	1.149649	0.9343	1.005388
0.6607068	1.1504	0.9342699	1.005356
0.6607485	1.151133	0.9342397	1.005323
0.6607902	1.151848	0.9342095	1.005291
0.6608319	1.152543	0.9341794	1.005258
0.6608736	1.153216	0.9341492	1.005226
0.6609152	1.153866	0.9341191	1.005193
0.6609569	1.154492	0.9340891	1.005161
0.6609986	1.15509	0.934059	1.005129
0.6610403	1.155664	0.934029	1.005096
0.661082	1.156208	0.933999	1.005064
0.6611237	1.156723	0.933969	1.005032
0.6611654	1.157206	0.9339391	1.005
0.6612071	1.157658	0.9339091	1.004967
0.6612488	1.158077	0.9338793	1.004935
0.6612905	1.158463	0.9338494	1.004903
0.6613322	1.158815	0.9338196	1.004871
0.6613739	1.159133	0.9337898	1.004839
0.6614156	1.159413	0.93376	1.004807
0.6614573	1.159664	0.9337303	1.004775
0.661499	1.159877	0.9337006	1.004743
0.6615407	1.160055	0.933671	1.004711
0.6615824	1.160198	0.9336414	1.004679
0.6616241	1.160307	0.9336118	1.004647
0.6616658	1.160383	0.9335823	1.004616
0.6617075	1.160425	0.9335528	1.004584
0.6617492	1.160436	0.9335233	1.004552
0.6617909	1.160416	0.9334939	1.004521
0.6618326	1.160366	0.9334645	1.004489
0.6618743	1.160287	0.9334351	1.004457
0.661916	1.160181	0.9334058	1.004426
0.6619577	1.160051	0.9333765	1.004394
0.6619994	1.159896	0.9333473	1.004363
0.6620411	1.15972	0.9333181	1.004331
0.6620828	1.159524	0.9332889	1.0043
0.6621245	1.15931	0.9332597	1.004269
0.6621662	1.159081	0.9332306	1.004237
0.6622079	1.158838	0.9332015	1.004206
0.6622496	1.158583	0.9331724	1.004175
0.6622913	1.15832	0.9331434	1.004143
0.662333	1.158049	0.9331144	1.004112
0.6623747	1.157775	0.9330854	1.004081
0.6624164	1.157498	0.9330564	1.00405
0.6624581	1.157221	0.9330275	1.004019
0.6624998	1.156947	0.9329985	1.003988
0.6625415	1.156675	0.9329696	1.003956
0.6625832	1.156415	0.9329407	1.003925
0.6626248	1.156161	0.9329118	1.003894
0.6626665	1.155918	0.9328829	1.003863
0.6627082	1.155689	0.9328541	1.003832
0.6627499	1.155474	0.9328252	1.003801
0.6627916	1.155277	0.9327964	1.00377
0.6628333	1.155098	0.9327675	1.003739
0.662875	1.154939	0.9327387	1.003708
0.6629167	1.154802	0.9327099	1.003677
0.6629584	1.154689	0.932681	1.003646
0.6630001	1.154599	0.9326522	1.003615
0.6630418	1.154536	0.9326234	1.003584
0.6630835	1.154498	0.9325945	1.003553
0.6631252	1.154488	0.9325657	1.003522
0.6631669	1.154507	0.9325369	1.003491
0.6632086	1.154553	0.932508	1.00346
0.6632503	1.15463	0.9324792	1.003429
0.663292	1.154735	0.9324503	1.003398
0.6633337	1.15487	0.9324214	1.003367
0.6633754	1.155034	0.9323926	1.003335
0.6634171	1.155228	0.9323637	1.003304
0.6634588	1.155451	0.9323348	1.003273
0.6635005	1.155702	0.9323059	1.003242
0.6635422	1.155982	0.932277	1.003211
0.6635839	1.15629	0.932248	1.00318
0.6636256	1.156626	0.9322191	1.003149
0.6636673	1.156984	0.9321901	1.003118
0.663709	1.157371	0.9321612	1.003086
0.6637507	1.157777	0.9321322	1.003055
0.6637924	1.158207	0.9321032	1.003024
0.6638341	1.158659	0.9320742	1.002993
0.6638758	1.15913	0.9320452	1.002962
0.6639175	1.159618	0.9320161	1.00293
0.6639592	1.160123	0.9319871	1.002899
0.6640009	1.160642	0.931958	1.002868
0.6640426	1.161174	0.931929	1.002837
0.6640843	1.161716	0.9318999	1.002805
0.664126	1.162267	0.9318708	1.002774
0.6641677	1.162824	0.9318417	1.002743
0.6642094	1.163386	0.9318126	1.002711
0.6642511	1.163949	0.9317835	1.00268
0.6642928	1.164512	0.9317543	1.002649
0.6643345	1.165072	0.9317252	1.002617
0.6643761	1.165628	0.931696	1.002586
0.6644178	1.166175	0.9316669	1.002555
0.6644595	1.166713	0.9316377	1.002523
0.6645012	1.167238	0.9316085	1.002492
0.6645429	1.167748	0.9315793	1.00246
0.6645846	1.16824	0.9315501	1.002429
0.6646263	1.168361	0.9315209	1.002397
0.664668	1.169161	0.9314917	1.002366
0.6647097	1.169585	0.9314624	1.002335
0.6647514	1.16998	0.9314332	1.002303
0.6647931	1.170346	0.931404	1.002272
0.6648348	1.170679	0.9313747	1.00224
0.6648765	1.170973	0.9313455	1.002209
0.6649182	1.171232	0.9313162	1.002177
0.6649599	1.171448	0.9312869	1.002146
0.6650016	1.171623	0.9312577	1.002114
0.6650433	1.171754	0.9312284	1.002083
0.665085	1.171836	0.9311991	1.002051
0.6651267	1.17187	0.9311698	1.00202
0.6651684	1.171851	0.9311405	1.001988
0.6652101	1.17178	0.9311112	1.001957
0.6652518	1.171653	0.9310819	1.001925
0.6652935	1.17147	0.9310526	1.001894
0.6653352	1.171229	0.9310233	1.001862
0.6653769	1.170928	0.930994	1.001831
0.6654186	1.170567	0.9309647	1.001799
0.6654603	1.170145	0.9309354	1.001767
0.665502	1.169659	0.9309061	1.001736
0.6655437	1.16911	0.9308768	1.001704
0.6655854	1.1685	0.9308475	1.001673
0.6656271	1.167823	0.9308182	1.001641
0.6656688	1.167084	0.9307889	1.00161
0.6657105	1.16628	0.9307596	1.001578
0.6657522	1.165413	0.9307303	1.001547
0.6657939	1.164484	0.930701	1.001515
0.6658356	1.163493	0.9306717	1.001484
0.6658773	1.16244	0.9306424	1.001452
0.665919	1.161326	0.9306131	1.001421
0.6659607	1.160157	0.9305838	1.001389
0.6660024	1.158928	0.9305545	1.001358
0.6660441	1.157644	0.9305253	1.001326
0.6660858	1.156309	0.930496	1.001295
0.6661274	1.154922	0.9304667	1.001263
0.6661691	1.153486	0.9304374	1.001232
0.6662108	1.152005	0.9304082	1.0012
0.6662525	1.150481	0.9303789	1.001169
0.6662942	1.148916	0.9303496	1.001137
0.6663359	1.147314	0.9303204	1.001106
0.6663776	1.145679	0.9302911	1.001074
0.6664193	1.144013	0.9302619	1.001043
0.666461	1.142319	0.9302326	1.001011
0.6665027	1.140602	0.9302034	1.00098
0.6665444	1.138865	0.9301741	1.000948
0.6665861	1.137111	0.9301449	1.000917
0.6666278	1.135345	0.9301157	1.000885
0.6666695	1.13357	0.9300865	1.000854
0.6667112	1.131794	0.9300572	1.000822
0.6667529	1.130008	0.930028	1.000791
0.6667946	1.12823	0.9299988	1.00076
0.6668363	1.126457	0.9299696	1.000728
0.666878	1.124695	0.9299404	1.000697
0.6669197	1.122946	0.9299112	1.000665
0.6669614	1.121214	0.929882	1.000634
0.6670031	1.119504	0.9298528	1.000602
0.6670448	1.117818	0.9298236	1.000571
0.6670865	1.116159	0.9297944	1.00054
0.6671282	1.114531	0.9297652	1.000508
33356.41	0.0	0.6573654	0.7073824
