# f (GHz)        Re[Z] (Ohm/m)     Im[Z] (Ohm/m)
0.000000e+00    4.052648e+08    3.254519e+08
1.000000e-02    4.294554e+06    4.315942e+06
2.000000e-02    2.301508e+06    3.758133e+06
3.000000e-02    2.035565e+06    4.022332e+06
4.000000e-02    2.489833e+06    3.902191e+06
5.000000e-02    2.902582e+06    3.223662e+06
6.000000e-02    2.812321e+06    2.362916e+06
7.000000e-02    2.271961e+06    1.809064e+06
8.000000e-02    1.690212e+06    1.754573e+06
9.000000e-02    1.463183e+06    2.015129e+06
1.000000e-01    1.590122e+06    2.170389e+06
1.100000e-01    1.826064e+06    2.033101e+06
1.200000e-01    1.851704e+06    1.682914e+06
1.300000e-01    1.615991e+06    1.406400e+06
1.400000e-01    1.314556e+06    1.387852e+06
1.500000e-01    1.171600e+06    1.549198e+06
1.600000e-01    1.250371e+06    1.671721e+06
1.700000e-01    1.412551e+06    1.610558e+06
1.800000e-01    1.450035e+06    1.398184e+06
1.900000e-01    1.304225e+06    1.214896e+06
2.000000e-01    1.094895e+06    1.196466e+06
2.100000e-01    9.990704e+05    1.318936e+06
2.200000e-01    1.060585e+06    1.419423e+06
2.300000e-01    1.179570e+06    1.379762e+06
2.400000e-01    1.210280e+06    1.224989e+06
2.500000e-01    1.102978e+06    1.088291e+06
2.600000e-01    9.509796e+05    1.081722e+06
2.700000e-01    8.783008e+05    1.179696e+06
2.800000e-01    9.285219e+05    1.263118e+06
2.900000e-01    1.026219e+06    1.236783e+06
3.000000e-01    1.055088e+06    1.117612e+06
3.100000e-01    9.730587e+05    1.010901e+06
3.200000e-01    8.494123e+05    1.005012e+06
3.300000e-01    7.905214e+05    1.087160e+06
3.400000e-01    8.326951e+05    1.158873e+06
3.500000e-01    9.150380e+05    1.140692e+06
3.600000e-01    9.414046e+05    1.045075e+06
3.700000e-01    8.752676e+05    9.587598e+05
3.800000e-01    7.716846e+05    9.549532e+05
3.900000e-01    7.195572e+05    1.023162e+06
4.000000e-01    7.541381e+05    1.084205e+06
4.100000e-01    8.259684e+05    1.071466e+06
4.200000e-01    8.510737e+05    9.924052e+05
4.300000e-01    7.967726e+05    9.205266e+05
4.400000e-01    7.098165e+05    9.194800e+05
4.500000e-01    6.668121e+05    9.805203e+05
4.600000e-01    6.978843e+05    1.034822e+06
4.700000e-01    7.596328e+05    1.023089e+06
4.800000e-01    7.804155e+05    9.529024e+05
4.900000e-01    7.315640e+05    8.888795e+05
5.000000e-01    6.542239e+05    8.871424e+05
5.100000e-01    6.168674e+05    9.419106e+05
5.200000e-01    6.472094e+05    9.915572e+05
5.300000e-01    7.052501e+05    9.827878e+05
5.400000e-01    7.270104e+05    9.223082e+05
5.500000e-01    6.870633e+05    8.672738e+05
5.600000e-01    6.213672e+05    8.673654e+05
5.700000e-01    5.898664e+05    9.165239e+05
5.800000e-01    6.170546e+05    9.606281e+05
5.900000e-01    6.686541e+05    9.523931e+05
6.000000e-01    6.877693e+05    8.976593e+05
6.100000e-01    6.513085e+05    8.476633e+05
6.200000e-01    5.914896e+05    8.473705e+05
6.300000e-01    5.629572e+05    8.917786e+05
6.400000e-01    5.884597e+05    9.326916e+05
6.500000e-01    6.366223e+05    9.267629e+05
6.600000e-01    6.553790e+05    8.786000e+05
6.700000e-01    6.235675e+05    8.347407e+05
6.800000e-01    5.705964e+05    8.362093e+05
6.900000e-01    5.458620e+05    8.779748e+05
7.000000e-01    5.694345e+05    9.155459e+05
7.100000e-01    6.132944e+05    9.098110e+05
7.200000e-01    6.301043e+05    8.653428e+05
7.300000e-01    6.005464e+05    8.249462e+05
7.400000e-01    5.516285e+05    8.260957e+05
7.500000e-01    5.286144e+05    8.642846e+05
7.600000e-01    5.500504e+05    8.986384e+05
7.700000e-01    5.903474e+05    8.926405e+05
7.800000e-01    6.064890e+05    8.497866e+05
7.900000e-01    5.801101e+05    8.109696e+05
8.000000e-01    5.361783e+05    8.108963e+05
8.100000e-01    5.170607e+05    8.459302e+05
8.200000e-01    5.392126e+05    8.772845e+05
8.300000e-01    5.784958e+05    8.715882e+05
8.400000e-01    5.945758e+05    8.329354e+05
8.500000e-01    5.709769e+05    7.978282e+05
8.600000e-01    5.307861e+05    7.984878e+05
8.700000e-01    5.130822e+05    8.310068e+05
8.800000e-01    5.336828e+05    8.599978e+05
8.900000e-01    5.702125e+05    8.544770e+05
9.000000e-01    5.850738e+05    8.182320e+05
9.100000e-01    5.628339e+05    7.853985e+05
9.200000e-01    5.252374e+05    7.860488e+05
9.300000e-01    5.087028e+05    8.163779e+05
9.400000e-01    5.280107e+05    8.433832e+05
9.500000e-01    5.622413e+05    8.380414e+05
9.600000e-01    5.760514e+05    8.038835e+05
9.700000e-01    5.551463e+05    7.730321e+05
9.800000e-01    5.199075e+05    7.735341e+05
9.900000e-01    5.044337e+05    8.018463e+05
1.000000e+00    5.229379e+05    8.273144e+05
1.010000e+00    5.557246e+05    8.226518e+05
1.020000e+00    5.693591e+05    7.912120e+05
1.030000e+00    5.501563e+05    7.620298e+05
1.040000e+00    5.173234e+05    7.617560e+05
1.050000e+00    5.032352e+05    7.876923e+05
1.060000e+00    5.209393e+05    8.104681e+05
1.070000e+00    5.516274e+05    8.044490e+05
1.080000e+00    5.640705e+05    7.730201e+05
1.090000e+00    5.456613e+05    7.446326e+05
1.100000e+00    5.145738e+05    7.442832e+05
1.110000e+00    5.013008e+05    7.686557e+05
1.120000e+00    5.180178e+05    7.899814e+05
1.130000e+00    5.469907e+05    7.840738e+05
1.140000e+00    5.586639e+05    7.541307e+05
1.150000e+00    5.410628e+05    7.271809e+05
1.160000e+00    5.115928e+05    7.268263e+05
1.170000e+00    4.990469e+05    7.498282e+05
1.180000e+00    5.149408e+05    7.699006e+05
1.190000e+00    5.424347e+05    7.640915e+05
1.200000e+00    5.533667e+05    7.354764e+05
1.210000e+00    5.365768e+05    7.098268e+05
1.220000e+00    5.085777e+05    7.094413e+05
1.230000e+00    4.967085e+05    7.312297e+05
1.240000e+00    5.119207e+05    7.501542e+05
1.250000e+00    5.382100e+05    7.444931e+05
1.260000e+00    5.487198e+05    7.172710e+05
1.270000e+00    5.330867e+05    6.931495e+05
1.280000e+00    5.070276e+05    6.933566e+05
1.290000e+00    4.949923e+05    7.141084e+05
1.300000e+00    5.087507e+05    7.320162e+05
1.310000e+00    5.328221e+05    7.263807e+05
1.320000e+00    5.417838e+05    7.002019e+05
1.330000e+00    5.255715e+05    6.768096e+05
1.340000e+00    4.992695e+05    6.765136e+05
1.350000e+00    4.878285e+05    6.962964e+05
1.360000e+00    5.009966e+05    7.132805e+05
1.370000e+00    5.239860e+05    7.077316e+05
1.380000e+00    5.324778e+05    6.825360e+05
1.390000e+00    5.168251e+05    6.601089e+05
1.400000e+00    4.916297e+05    6.597752e+05
1.410000e+00    4.806661e+05    6.786102e+05
1.420000e+00    4.932487e+05    6.947435e+05
1.430000e+00    5.152005e+05    6.892720e+05
1.440000e+00    5.231648e+05    6.650332e+05
1.450000e+00    5.080952e+05    6.435371e+05
1.460000e+00    4.839362e+05    6.432030e+05
1.470000e+00    4.734536e+05    6.612107e+05
1.480000e+00    4.855688e+05    6.765437e+05
1.490000e+00    5.065531e+05    6.710994e+05
1.500000e+00    5.140715e+05    6.477514e+05
1.510000e+00    4.994970e+05    6.270883e+05
1.520000e+00    4.762364e+05    6.267763e+05
1.530000e+00    4.662177e+05    6.440738e+05
1.540000e+00    4.774116e+05    6.589782e+05
1.550000e+00    4.963878e+05    6.543313e+05
1.560000e+00    5.024013e+05    6.324971e+05
1.570000e+00    4.871687e+05    6.132728e+05
1.580000e+00    4.637018e+05    6.137612e+05
1.590000e+00    4.533231e+05    6.313931e+05
1.600000e+00    4.637593e+05    6.464105e+05
1.610000e+00    4.823146e+05    6.422510e+05
1.620000e+00    4.884243e+05    6.216562e+05
1.630000e+00    4.740618e+05    6.036889e+05
1.640000e+00    4.518195e+05    6.046233e+05
1.650000e+00    4.419011e+05    6.217422e+05
1.660000e+00    4.520303e+05    6.363205e+05
1.670000e+00    4.699238e+05    6.323593e+05
1.680000e+00    4.756756e+05    6.125408e+05
1.690000e+00    4.617713e+05    5.953148e+05
1.700000e+00    4.403116e+05    5.962976e+05
1.710000e+00    4.307553e+05    6.128570e+05
1.720000e+00    4.405484e+05    6.268902e+05
1.730000e+00    4.577216e+05    6.230309e+05
1.740000e+00    4.631568e+05    6.039578e+05
1.750000e+00    4.496445e+05    5.874312e+05
1.760000e+00    4.288752e+05    5.885045e+05
1.770000e+00    4.196946e+05    6.046083e+05
1.780000e+00    4.291439e+05    6.181933e+05
1.790000e+00    4.456737e+05    6.145217e+05
1.800000e+00    4.508009e+05    5.971173e+05
1.810000e+00    4.376137e+05    5.824278e+05
1.820000e+00    4.174909e+05    5.848026e+05
1.830000e+00    4.085890e+05    6.016060e+05
1.840000e+00    4.176620e+05    6.159566e+05
1.850000e+00    4.335497e+05    6.136350e+05
1.860000e+00    4.384192e+05    5.971661e+05
1.870000e+00    4.256044e+05    5.832156e+05
1.880000e+00    4.061599e+05    5.857463e+05
1.890000e+00    3.975746e+05    6.022162e+05
1.900000e+00    4.063731e+05    6.163137e+05
1.910000e+00    4.217367e+05    6.142588e+05
1.920000e+00    4.264091e+05    5.985967e+05
1.930000e+00    4.140358e+05    5.854151e+05
1.940000e+00    3.952761e+05    5.881839e+05
1.950000e+00    3.870333e+05    6.044474e+05
1.960000e+00    3.956387e+05    6.183822e+05
1.970000e+00    4.105357e+05    6.167435e+05
1.980000e+00    4.152020e+05    6.021022e+05
1.990000e+00    4.034129e+05    5.898919e+05
2.000000e+00    3.854749e+05    5.931458e+05
2.010000e+00    3.778820e+05    6.095639e+05
2.020000e+00    3.866758e+05    6.238665e+05
2.030000e+00    4.015534e+05    6.231645e+05
2.040000e+00    4.064814e+05    6.098549e+05
2.050000e+00    3.956876e+05    5.990885e+05
2.060000e+00    3.796456e+05    6.037997e+05
2.070000e+00    3.735333e+05    6.211432e+05
2.080000e+00    3.831485e+05    6.363865e+05
2.090000e+00    3.987053e+05    6.372145e+05
2.100000e+00    4.046869e+05    6.259293e+05
2.110000e+00    3.954021e+05    6.170933e+05
2.120000e+00    3.805339e+05    6.228258e+05
2.130000e+00    3.753014e+05    6.408771e+05
2.140000e+00    3.853554e+05    6.570741e+05
2.150000e+00    4.012934e+05    6.594897e+05
2.160000e+00    4.081834e+05    6.504096e+05
2.170000e+00    4.005692e+05    6.438069e+05
2.180000e+00    3.877223e+05    6.513942e+05
2.190000e+00    3.843381e+05    6.711294e+05
2.200000e+00    3.960028e+05    6.894224e+05
2.210000e+00    4.137882e+05    6.948776e+05
2.220000e+00    4.235460e+05    6.895903e+05
2.230000e+00    4.200554e+05    6.868893e+05
2.240000e+00    4.122130e+05    6.981168e+05
2.250000e+00    4.143076e+05    7.215151e+05
2.260000e+00    4.320788e+05    7.442735e+05
2.270000e+00    4.577481e+05    7.554514e+05
2.280000e+00    4.784911e+05    7.565969e+05
2.290000e+00    4.897848e+05    7.598772e+05
2.300000e+00    5.006479e+05    7.756887e+05
2.310000e+00    5.262319e+05    8.017713e+05
2.320000e+00    5.740173e+05    8.248306e+05
2.330000e+00    6.390187e+05    8.308862e+05
2.340000e+00    7.099444e+05    8.141227e+05
2.350000e+00    7.782498e+05    7.764422e+05
2.360000e+00    8.406682e+05    7.195625e+05
2.370000e+00    8.928002e+05    6.408769e+05
2.380000e+00    9.227515e+05    5.390354e+05
2.390000e+00    9.144543e+05    4.239071e+05
2.400000e+00    8.608104e+05    3.188859e+05
2.410000e+00    7.739179e+05    2.494184e+05
2.420000e+00    6.815568e+05    2.261072e+05
2.430000e+00    6.102318e+05    2.369957e+05
2.440000e+00    5.681971e+05    2.568853e+05
2.450000e+00    5.431411e+05    2.667875e+05
2.460000e+00    5.165940e+05    2.663692e+05
2.470000e+00    4.812356e+05    2.691643e+05
2.480000e+00    4.459216e+05    2.862745e+05
2.490000e+00    4.247567e+05    3.141539e+05
2.500000e+00    4.216160e+05    3.380236e+05
2.510000e+00    4.258305e+05    3.466953e+05
2.520000e+00    4.221058e+05    3.431837e+05
2.530000e+00    4.053315e+05    3.416477e+05
2.540000e+00    3.850839e+05    3.531255e+05
2.550000e+00    3.753772e+05    3.746650e+05
2.560000e+00    3.805353e+05    3.926531e+05
2.570000e+00    3.909003e+05    3.957425e+05
2.580000e+00    3.923154e+05    3.876852e+05
2.590000e+00    3.803782e+05    3.820257e+05
2.600000e+00    3.644297e+05    3.891995e+05
2.610000e+00    3.580255e+05    4.063341e+05
2.620000e+00    3.653971e+05    4.202904e+05
2.630000e+00    3.772493e+05    4.208592e+05
2.640000e+00    3.801585e+05    4.109996e+05
2.650000e+00    3.699565e+05    4.036868e+05
2.660000e+00    3.557002e+05    4.089641e+05
2.670000e+00    3.505531e+05    4.240253e+05
2.680000e+00    3.585833e+05    4.360919e+05
2.690000e+00    3.707835e+05    4.353387e+05
2.700000e+00    3.742060e+05    4.246134e+05
2.710000e+00    3.648287e+05    4.164851e+05
2.720000e+00    3.514866e+05    4.207151e+05
2.730000e+00    3.469710e+05    4.344736e+05
2.740000e+00    3.551810e+05    4.453651e+05
2.750000e+00    3.673806e+05    4.438549e+05
2.760000e+00    3.709810e+05    4.327141e+05
2.770000e+00    3.620759e+05    4.242182e+05
2.780000e+00    3.493534e+05    4.277906e+05
2.790000e+00    3.452147e+05    4.406547e+05
2.800000e+00    3.534474e+05    4.507406e+05
2.810000e+00    3.655209e+05    4.487482e+05
2.820000e+00    3.688921e+05    4.372522e+05
2.830000e+00    3.597812e+05    4.281689e+05
2.840000e+00    3.469584e+05    4.308838e+05
2.850000e+00    3.425184e+05    4.426746e+05
2.860000e+00    3.501552e+05    4.517295e+05
2.870000e+00    3.614704e+05    4.489914e+05
2.880000e+00    3.644989e+05    4.372169e+05
2.890000e+00    3.556495e+05    4.280752e+05
2.900000e+00    3.431886e+05    4.304876e+05
2.910000e+00    3.389692e+05    4.417711e+05
2.920000e+00    3.465202e+05    4.503355e+05
2.930000e+00    3.576204e+05    4.473958e+05
2.940000e+00    3.606016e+05    4.356533e+05
2.950000e+00    3.519662e+05    4.265227e+05
2.960000e+00    3.398447e+05    4.287461e+05
2.970000e+00    3.358102e+05    4.395889e+05
2.980000e+00    3.432659e+05    4.477489e+05
2.990000e+00    3.541647e+05    4.446509e+05
3.000000e+00    3.570779e+05    4.329574e+05
3.010000e+00    3.486123e+05    4.238936e+05
3.020000e+00    3.367920e+05    4.259339e+05
3.030000e+00    3.328970e+05    4.363958e+05
3.040000e+00    3.402439e+05    4.442128e+05
3.050000e+00    3.509247e+05    4.409815e+05
3.060000e+00    3.537331e+05    4.293809e+05
3.070000e+00    3.454331e+05    4.204028e+05
3.080000e+00    3.333895e+05    4.225103e+05
3.090000e+00    3.290304e+05    4.328993e+05
3.100000e+00    3.356996e+05    4.406439e+05
3.110000e+00    3.455691e+05    4.375548e+05
3.120000e+00    3.477044e+05    4.263078e+05
3.130000e+00    3.389967e+05    4.176995e+05
3.140000e+00    3.271267e+05    4.197923e+05
3.150000e+00    3.229488e+05    4.299509e+05
3.160000e+00    3.295429e+05    4.374679e+05
3.170000e+00    3.392381e+05    4.343724e+05
3.180000e+00    3.413303e+05    4.233019e+05
3.190000e+00    3.328553e+05    4.149312e+05
3.200000e+00    3.213288e+05    4.170914e+05
3.210000e+00    3.173672e+05    4.271052e+05
3.220000e+00    3.239611e+05    4.345059e+05
3.230000e+00    3.335740e+05    4.314873e+05
3.240000e+00    3.356852e+05    4.206594e+05
3.250000e+00    3.273287e+05    4.124357e+05
3.260000e+00    3.160237e+05    4.145294e+05
3.270000e+00    3.121576e+05    4.243103e+05
3.280000e+00    3.186473e+05    4.315027e+05
3.290000e+00    3.280578e+05    4.284366e+05
3.300000e+00    3.300640e+05    4.177553e+05
3.310000e+00    3.218220e+05    4.096677e+05
3.320000e+00    3.107110e+05    4.117179e+05
3.330000e+00    3.069105e+05    4.214377e+05
3.340000e+00    3.132366e+05    4.290046e+05
3.350000e+00    3.223736e+05    4.264982e+05
3.360000e+00    3.242285e+05    4.165440e+05
3.370000e+00    3.160266e+05    4.091590e+05
3.380000e+00    3.050344e+05    4.117482e+05
3.390000e+00    3.012965e+05    4.217118e+05
3.400000e+00    3.075219e+05    4.290760e+05
3.410000e+00    3.164786e+05    4.265444e+05
3.420000e+00    3.182583e+05    4.167136e+05
3.430000e+00    3.101476e+05    4.094511e+05
3.440000e+00    2.993495e+05    4.120153e+05
3.450000e+00    2.956955e+05    4.217787e+05
3.460000e+00    3.018226e+05    4.289662e+05
3.470000e+00    3.106117e+05    4.264192e+05
3.480000e+00    3.123006e+05    4.167136e+05
3.490000e+00    3.042889e+05    4.095878e+05
3.500000e+00    2.936785e+05    4.121124e+05
3.510000e+00    2.901057e+05    4.216936e+05
3.520000e+00    2.961459e+05    4.287168e+05
3.530000e+00    3.047595e+05    4.261305e+05
3.540000e+00    3.063623e+05    4.165622e+05
3.550000e+00    2.984481e+05    4.095611e+05
3.560000e+00    2.880039e+05    4.120574e+05
3.570000e+00    2.845112e+05    4.214800e+05
3.580000e+00    2.904787e+05    4.283263e+05
3.590000e+00    2.991834e+05    4.259443e+05
3.600000e+00    3.011339e+05    4.168422e+05
3.610000e+00    2.937282e+05    4.102905e+05
3.620000e+00    2.838654e+05    4.131069e+05
3.630000e+00    2.808885e+05    4.227027e+05
3.640000e+00    2.871841e+05    4.297261e+05
3.650000e+00    2.958881e+05    4.274610e+05
3.660000e+00    2.977735e+05    4.184772e+05
3.670000e+00    2.904427e+05    4.120493e+05
3.680000e+00    2.807491e+05    4.148510e+05
3.690000e+00    2.778450e+05    4.242840e+05
3.700000e+00    2.840564e+05    4.311630e+05
3.710000e+00    2.926147e+05    4.288901e+05
3.720000e+00    2.944093e+05    4.200222e+05
3.730000e+00    2.871628e+05    4.137216e+05
3.740000e+00    2.776263e+05    4.165030e+05
3.750000e+00    2.747921e+05    4.257968e+05
3.760000e+00    2.809350e+05    4.325479e+05
3.770000e+00    2.893424e+05    4.302538e+05
3.780000e+00    2.910723e+05    4.215186e+05
3.790000e+00    2.839134e+05    4.153331e+05
3.800000e+00    2.745209e+05    4.180976e+05
3.810000e+00    2.717615e+05    4.272595e+05
3.820000e+00    2.778365e+05    4.338608e+05
3.830000e+00    2.860935e+05    4.315671e+05
3.840000e+00    2.877763e+05    4.229451e+05
3.850000e+00    2.811479e+05    4.166884e+05
3.860000e+00    2.723536e+05    4.192747e+05
3.870000e+00    2.701284e+05    4.281214e+05
3.880000e+00    2.765763e+05    4.344142e+05
3.890000e+00    2.851489e+05    4.319422e+05
3.900000e+00    2.872097e+05    4.232561e+05
3.910000e+00    2.806388e+05    4.171187e+05
3.920000e+00    2.719897e+05    4.196948e+05
3.930000e+00    2.698264e+05    4.284081e+05
3.940000e+00    2.762027e+05    4.345832e+05
3.950000e+00    2.846494e+05    4.321064e+05
3.960000e+00    2.866298e+05    4.235276e+05
3.970000e+00    2.801567e+05    4.175177e+05
3.980000e+00    2.717427e+05    4.201747e+05
3.990000e+00    2.697359e+05    4.288647e+05
4.000000e+00    2.761484e+05    4.350196e+05
4.010000e+00    2.845531e+05    4.326261e+05
4.020000e+00    2.865720e+05    4.242662e+05
4.030000e+00    2.802537e+05    4.184424e+05
4.040000e+00    2.719641e+05    4.210887e+05
4.050000e+00    2.700462e+05    4.296830e+05
4.060000e+00    2.764167e+05    4.357326e+05
4.070000e+00    2.847108e+05    4.333639e+05
4.080000e+00    2.866957e+05    4.251322e+05
4.090000e+00    2.804634e+05    4.194247e+05
4.100000e+00    2.723544e+05    4.219125e+05
4.110000e+00    2.705771e+05    4.299582e+05
4.120000e+00    2.769472e+05    4.354631e+05
4.130000e+00    2.851913e+05    4.326613e+05
4.140000e+00    2.871896e+05    4.240902e+05
4.150000e+00    2.810771e+05    4.180605e+05
4.160000e+00    2.731356e+05    4.202892e+05
4.170000e+00    2.714121e+05    4.282171e+05
4.180000e+00    2.777181e+05    4.336181e+05
4.190000e+00    2.858450e+05    4.308081e+05
4.200000e+00    2.877683e+05    4.223380e+05
4.210000e+00    2.817252e+05    4.164097e+05
4.220000e+00    2.739034e+05    4.186309e+05
4.230000e+00    2.722357e+05    4.264613e+05
4.240000e+00    2.784968e+05    4.317593e+05
4.250000e+00    2.865075e+05    4.289430e+05
4.260000e+00    2.883866e+05    4.205783e+05
4.270000e+00    2.824138e+05    4.147392e+05
4.280000e+00    2.747026e+05    4.169472e+05
4.290000e+00    2.731030e+05    4.246735e+05
4.300000e+00    2.793010e+05    4.298582e+05
4.310000e+00    2.871921e+05    4.270442e+05
4.320000e+00    2.890192e+05    4.187735e+05
4.330000e+00    2.830995e+05    4.130207e+05
4.340000e+00    2.755055e+05    4.152396e+05
4.350000e+00    2.739610e+05    4.228562e+05
4.360000e+00    2.798383e+05    4.277447e+05
4.370000e+00    2.873144e+05    4.246942e+05
4.380000e+00    2.887764e+05    4.162719e+05
4.390000e+00    2.825944e+05    4.103860e+05
4.400000e+00    2.748045e+05    4.123571e+05
4.410000e+00    2.729979e+05    4.196385e+05
4.420000e+00    2.787693e+05    4.244015e+05
4.430000e+00    2.861404e+05    4.213431e+05
4.440000e+00    2.875413e+05    4.130153e+05
4.450000e+00    2.814236e+05    4.072190e+05
4.460000e+00    2.737394e+05    4.091808e+05
4.470000e+00    2.719792e+05    4.163719e+05
4.480000e+00    2.777072e+05    4.210338e+05
4.490000e+00    2.849661e+05    4.179716e+05
4.500000e+00    2.863195e+05    4.097380e+05
4.510000e+00    2.802568e+05    4.040242e+05
4.520000e+00    2.726685e+05    4.059819e+05
4.530000e+00    2.709753e+05    4.130848e+05
4.540000e+00    2.766462e+05    4.176510e+05
4.550000e+00    2.838025e+05    4.145916e+05
4.560000e+00    2.851112e+05    4.064397e+05
4.570000e+00    2.790929e+05    4.008057e+05
4.580000e+00    2.716101e+05    4.027715e+05
4.590000e+00    2.699595e+05    4.097759e+05
4.600000e+00    2.755718e+05    4.142581e+05
4.610000e+00    2.825573e+05    4.112392e+05
4.620000e+00    2.834983e+05    4.033208e+05
4.630000e+00    2.772150e+05    3.979355e+05
4.640000e+00    2.695246e+05    4.000477e+05
4.650000e+00    2.676093e+05    4.071191e+05
4.660000e+00    2.728670e+05    4.116759e+05
4.670000e+00    2.795224e+05    4.087589e+05
4.680000e+00    2.804138e+05    4.009244e+05
4.690000e+00    2.741889e+05    3.956152e+05
4.700000e+00    2.665924e+05    3.977170e+05
4.710000e+00    2.647187e+05    4.047080e+05
4.720000e+00    2.699388e+05    4.091701e+05
4.730000e+00    2.764934e+05    4.062556e+05
4.740000e+00    2.773435e+05    3.985070e+05
4.750000e+00    2.711670e+05    3.932740e+05
4.760000e+00    2.636587e+05    3.953790e+05
4.770000e+00    2.618468e+05    4.022901e+05
4.780000e+00    2.670130e+05    4.066711e+05
4.790000e+00    2.734777e+05    4.037614e+05
4.800000e+00    2.742894e+05    3.960873e+05
4.810000e+00    2.681527e+05    3.909322e+05
4.820000e+00    2.607423e+05    3.930426e+05
4.830000e+00    2.589711e+05    3.998669e+05
4.840000e+00    2.640883e+05    4.041729e+05
4.850000e+00    2.704702e+05    4.012656e+05
4.860000e+00    2.712283e+05    3.936636e+05
4.870000e+00    2.651419e+05    3.887939e+05
4.880000e+00    2.578297e+05    3.912129e+05
4.890000e+00    2.561039e+05    3.982768e+05
4.900000e+00    2.611861e+05    4.028316e+05
4.910000e+00    2.674844e+05    4.002278e+05
4.920000e+00    2.682065e+05    3.930255e+05
4.930000e+00    2.621739e+05    3.883444e+05
4.940000e+00    2.549468e+05    3.907606e+05
4.950000e+00    2.532661e+05    3.977556e+05
4.960000e+00    2.583417e+05    4.022488e+05
4.970000e+00    2.645807e+05    3.996789e+05
4.980000e+00    2.652957e+05    3.925787e+05
4.990000e+00    2.593349e+05    3.879898e+05
5.000000e+00    2.522172e+05    3.904370e+05
5.010000e+00    2.506148e+05    3.973836e+05
5.020000e+00    2.556402e+05    4.018062e+05
5.030000e+00    2.617939e+05    3.992422e+05
5.040000e+00    2.624706e+05    3.922119e+05
5.050000e+00    2.565807e+05    3.877413e+05
5.060000e+00    2.496086e+05    3.902510e+05
5.070000e+00    2.481013e+05    3.971798e+05
5.080000e+00    2.531424e+05    4.015936e+05
5.090000e+00    2.592813e+05    3.990877e+05
5.100000e+00    2.599628e+05    3.921791e+05
5.110000e+00    2.541365e+05    3.877990e+05
5.120000e+00    2.472582e+05    3.903065e+05
5.130000e+00    2.460655e+05    3.972799e+05
5.140000e+00    2.513501e+05    4.017421e+05
5.150000e+00    2.576825e+05    3.993385e+05
5.160000e+00    2.586082e+05    3.926192e+05
5.170000e+00    2.531078e+05    3.884178e+05
5.180000e+00    2.465734e+05    3.910298e+05
5.190000e+00    2.454251e+05    3.979392e+05
5.200000e+00    2.506760e+05    4.023220e+05
5.210000e+00    2.569279e+05    3.999226e+05
5.220000e+00    2.578193e+05    3.932714e+05
5.230000e+00    2.523553e+05    3.891304e+05
5.240000e+00    2.458966e+05    3.917525e+05
5.250000e+00    2.447916e+05    3.985940e+05
5.260000e+00    2.499977e+05    4.029143e+05
5.270000e+00    2.561772e+05    4.005218e+05
5.280000e+00    2.570379e+05    3.939327e+05
5.290000e+00    2.516048e+05    3.898666e+05
5.300000e+00    2.452285e+05    3.924872e+05
5.310000e+00    2.441571e+05    3.992593e+05
5.320000e+00    2.493236e+05    4.035200e+05
5.330000e+00    2.554328e+05    4.011277e+05
5.340000e+00    2.562416e+05    3.946047e+05
5.350000e+00    2.508522e+05    3.906077e+05
5.360000e+00    2.445500e+05    3.932272e+05
5.370000e+00    2.435118e+05    3.999422e+05
5.380000e+00    2.487476e+05    4.040481e+05
5.390000e+00    2.550001e+05    4.014371e+05
5.400000e+00    2.559986e+05    3.947721e+05
5.410000e+00    2.508701e+05    3.906222e+05
5.420000e+00    2.448541e+05    3.930271e+05
5.430000e+00    2.440775e+05    3.994722e+05
5.440000e+00    2.493973e+05    4.033926e+05
5.450000e+00    2.555726e+05    4.007903e+05
5.460000e+00    2.565371e+05    3.941910e+05
5.470000e+00    2.514394e+05    3.901009e+05
5.480000e+00    2.454950e+05    3.925234e+05
5.490000e+00    2.447552e+05    3.989091e+05
5.500000e+00    2.500353e+05    4.027772e+05
5.510000e+00    2.561460e+05    4.001848e+05
5.520000e+00    2.570805e+05    3.936460e+05
5.530000e+00    2.520130e+05    3.896312e+05
5.540000e+00    2.461449e+05    3.920523e+05
5.550000e+00    2.454366e+05    3.983789e+05
5.560000e+00    2.506822e+05    4.021963e+05
5.570000e+00    2.567269e+05    3.996037e+05
5.580000e+00    2.576154e+05    3.931303e+05
5.590000e+00    2.525875e+05    3.891801e+05
5.600000e+00    2.467836e+05    3.916031e+05
5.610000e+00    2.461013e+05    3.978828e+05
5.620000e+00    2.513169e+05    4.016477e+05
5.630000e+00    2.572850e+05    3.990603e+05
5.640000e+00    2.580609e+05    3.924018e+05
5.650000e+00    2.529718e+05    3.882109e+05
5.660000e+00    2.471309e+05    3.903378e+05
5.670000e+00    2.463947e+05    3.962698e+05
5.680000e+00    2.514768e+05    3.996811e+05
5.690000e+00    2.572817e+05    3.968109e+05
5.700000e+00    2.580151e+05    3.901795e+05
5.710000e+00    2.529566e+05    3.860593e+05
5.720000e+00    2.471871e+05    3.882175e+05
5.730000e+00    2.464825e+05    3.941088e+05
5.740000e+00    2.515284e+05    3.974917e+05
5.750000e+00    2.572754e+05    3.946534e+05
5.760000e+00    2.579799e+05    3.881049e+05
5.770000e+00    2.529558e+05    3.840835e+05
5.780000e+00    2.472602e+05    3.862713e+05
5.790000e+00    2.465881e+05    3.921474e+05
5.800000e+00    2.516095e+05    3.955317e+05
5.810000e+00    2.573059e+05    3.927471e+05
5.820000e+00    2.579931e+05    3.863243e+05
5.830000e+00    2.530354e+05    3.824296e+05
5.840000e+00    2.474333e+05    3.846932e+05
5.850000e+00    2.468247e+05    3.906144e+05
5.860000e+00    2.518712e+05    3.940564e+05
5.870000e+00    2.575754e+05    3.914173e+05
5.880000e+00    2.583518e+05    3.852196e+05
5.890000e+00    2.535100e+05    3.815398e+05
5.900000e+00    2.478578e+05    3.839346e+05
5.910000e+00    2.472658e+05    3.899599e+05
5.920000e+00    2.523839e+05    3.935227e+05
5.930000e+00    2.583465e+05    3.910284e+05
5.940000e+00    2.596819e+05    3.848504e+05
5.950000e+00    2.557581e+05    3.808385e+05
5.960000e+00    2.513505e+05    3.823513e+05
5.970000e+00    2.516833e+05    3.868037e+05
5.980000e+00    2.570298e+05    3.883216e+05
5.990000e+00    2.623153e+05    3.837091e+05
6.000000e+00    2.620988e+05    3.758083e+05
6.010000e+00    2.560600e+05    3.708546e+05
6.020000e+00    2.494049e+05    3.723349e+05
6.030000e+00    2.477741e+05    3.775986e+05
6.040000e+00    2.517621e+05    3.805044e+05
6.050000e+00    2.564098e+05    3.774740e+05
6.060000e+00    2.562078e+05    3.710311e+05
6.070000e+00    2.506225e+05    3.671590e+05
6.080000e+00    2.445667e+05    3.692885e+05
6.090000e+00    2.434702e+05    3.748750e+05
6.100000e+00    2.478515e+05    3.779212e+05
6.110000e+00    2.527676e+05    3.750099e+05
6.120000e+00    2.528145e+05    3.686882e+05
6.130000e+00    2.474907e+05    3.648923e+05
6.140000e+00    2.416810e+05    3.670251e+05
6.150000e+00    2.406267e+05    3.727082e+05
6.160000e+00    2.448611e+05    3.759372e+05
6.170000e+00    2.495865e+05    3.732663e+05
6.180000e+00    2.494618e+05    3.672300e+05
6.190000e+00    2.440044e+05    3.637240e+05
6.200000e+00    2.380913e+05    3.660975e+05
6.210000e+00    2.370344e+05    3.717965e+05
6.220000e+00    2.412815e+05    3.749635e+05
6.230000e+00    2.459938e+05    3.722809e+05
6.240000e+00    2.458665e+05    3.662795e+05
6.250000e+00    2.404700e+05    3.628171e+05
6.260000e+00    2.346423e+05    3.651758e+05
6.270000e+00    2.336339e+05    3.708184e+05
6.280000e+00    2.378784e+05    3.739351e+05
6.290000e+00    2.425515e+05    3.712347e+05
6.300000e+00    2.424559e+05    3.653203e+05
6.310000e+00    2.371595e+05    3.619488e+05
6.320000e+00    2.314494e+05    3.643509e+05
6.330000e+00    2.305340e+05    3.699975e+05
6.340000e+00    2.348206e+05    3.731043e+05
6.350000e+00    2.395000e+05    3.704576e+05
6.360000e+00    2.394045e+05    3.645988e+05
6.370000e+00    2.341457e+05    3.612654e+05
6.380000e+00    2.284986e+05    3.636698e+05
6.390000e+00    2.276278e+05    3.692649e+05
6.400000e+00    2.318972e+05    3.723410e+05
6.410000e+00    2.366340e+05    3.700238e+05
6.420000e+00    2.366322e+05    3.645405e+05
6.430000e+00    2.315082e+05    3.615920e+05
6.440000e+00    2.260332e+05    3.643324e+05
6.450000e+00    2.252991e+05    3.702132e+05
6.460000e+00    2.296498e+05    3.735647e+05
6.470000e+00    2.343550e+05    3.712526e+05
6.480000e+00    2.343198e+05    3.658083e+05
6.490000e+00    2.292278e+05    3.629045e+05
6.500000e+00    2.238059e+05    3.656395e+05
6.510000e+00    2.230950e+05    3.714783e+05
6.520000e+00    2.274260e+05    3.747891e+05
6.530000e+00    2.320757e+05    3.724689e+05
6.540000e+00    2.320196e+05    3.670761e+05
6.550000e+00    2.269567e+05    3.642161e+05
6.560000e+00    2.215807e+05    3.669534e+05
6.570000e+00    2.208989e+05    3.727578e+05
6.580000e+00    2.252085e+05    3.760226e+05
6.590000e+00    2.298085e+05    3.737121e+05
6.600000e+00    2.297338e+05    3.683661e+05
6.610000e+00    2.246959e+05    3.655469e+05
6.620000e+00    2.193724e+05    3.682953e+05
6.630000e+00    2.187221e+05    3.740573e+05
6.640000e+00    2.230050e+05    3.772849e+05
6.650000e+00    2.275611e+05    3.749817e+05
6.660000e+00    2.276169e+05    3.697156e+05
6.670000e+00    2.229250e+05    3.670358e+05
6.680000e+00    2.179839e+05    3.698722e+05
6.690000e+00    2.176847e+05    3.756797e+05
6.700000e+00    2.222741e+05    3.789589e+05
6.710000e+00    2.271168e+05    3.767425e+05
6.720000e+00    2.273182e+05    3.715696e+05
6.730000e+00    2.226590e+05    3.689384e+05
6.740000e+00    2.177680e+05    3.717795e+05
6.750000e+00    2.174935e+05    3.775581e+05
6.760000e+00    2.220704e+05    3.808044e+05
6.770000e+00    2.268673e+05    3.785899e+05
6.780000e+00    2.270555e+05    3.734691e+05
6.790000e+00    2.224283e+05    3.708818e+05
6.800000e+00    2.175847e+05    3.737279e+05
6.810000e+00    2.173459e+05    3.794756e+05
6.820000e+00    2.219044e+05    3.826831e+05
6.830000e+00    2.266583e+05    3.804810e+05
6.840000e+00    2.268319e+05    3.754093e+05
6.850000e+00    2.222319e+05    3.728689e+05
6.860000e+00    2.174487e+05    3.757396e+05
6.870000e+00    2.172518e+05    3.814573e+05
6.880000e+00    2.218083e+05    3.846356e+05
6.890000e+00    2.265487e+05    3.824349e+05
6.900000e+00    2.267272e+05    3.773851e+05
6.910000e+00    2.221635e+05    3.748702e+05
6.920000e+00    2.176315e+05    3.775067e+05
6.930000e+00    2.176734e+05    3.829227e+05
6.940000e+00    2.224148e+05    3.858140e+05
6.950000e+00    2.273114e+05    3.833703e+05
6.960000e+00    2.276583e+05    3.781380e+05
6.970000e+00    2.233284e+05    3.754507e+05
6.980000e+00    2.188589e+05    3.780808e+05
6.990000e+00    2.189175e+05    3.834930e+05
7.000000e+00    2.236483e+05    3.863691e+05
7.010000e+00    2.285053e+05    3.839442e+05
7.020000e+00    2.288436e+05    3.787709e+05
7.030000e+00    2.245452e+05    3.761335e+05
7.040000e+00    2.201213e+05    3.787777e+05
7.050000e+00    2.202196e+05    3.841680e+05
7.060000e+00    2.249346e+05    3.870157e+05
7.070000e+00    2.297562e+05    3.846061e+05
7.080000e+00    2.300837e+05    3.794788e+05
7.090000e+00    2.258108e+05    3.768861e+05
7.100000e+00    2.214433e+05    3.795505e+05
7.110000e+00    2.215697e+05    3.849097e+05
7.120000e+00    2.262696e+05    3.877329e+05
7.130000e+00    2.310615e+05    3.853343e+05
7.140000e+00    2.313735e+05    3.802487e+05
7.150000e+00    2.271263e+05    3.777099e+05
7.160000e+00    2.228105e+05    3.803787e+05
7.170000e+00    2.229383e+05    3.856307e+05
7.180000e+00    2.275366e+05    3.881243e+05
7.190000e+00    2.322030e+05    3.854206e+05
7.200000e+00    2.324036e+05    3.800758e+05
7.210000e+00    2.280949e+05    3.772749e+05
7.220000e+00    2.237301e+05    3.796459e+05
7.230000e+00    2.238099e+05    3.846532e+05
7.240000e+00    2.283940e+05    3.871193e+05
7.250000e+00    2.330148e+05    3.844325e+05
7.260000e+00    2.331978e+05    3.791441e+05
7.270000e+00    2.289095e+05    3.763956e+05
7.280000e+00    2.245815e+05    3.787907e+05
7.290000e+00    2.246945e+05    3.837873e+05
7.300000e+00    2.292570e+05    3.862426e+05
7.310000e+00    2.338424e+05    3.835859e+05
7.320000e+00    2.340139e+05    3.783575e+05
7.330000e+00    2.297480e+05    3.756731e+05
7.340000e+00    2.254746e+05    3.781057e+05
7.350000e+00    2.256154e+05    3.830950e+05
7.360000e+00    2.301690e+05    3.855505e+05
7.370000e+00    2.347340e+05    3.829266e+05
7.380000e+00    2.348963e+05    3.777617e+05
7.390000e+00    2.306672e+05    3.751500e+05
7.400000e+00    2.264537e+05    3.776108e+05
7.410000e+00    2.266315e+05    3.825989e+05
7.420000e+00    2.311896e+05    3.850570e+05
7.430000e+00    2.355308e+05    3.824102e+05
7.440000e+00    2.353853e+05    3.772451e+05
7.450000e+00    2.308936e+05    3.746288e+05
7.460000e+00    2.264314e+05    3.770518e+05
7.470000e+00    2.263438e+05    3.819760e+05
7.480000e+00    2.306062e+05    3.843568e+05
7.490000e+00    2.348288e+05    3.817239e+05
7.500000e+00    2.346945e+05    3.766283e+05
7.510000e+00    2.302494e+05    3.740768e+05
7.520000e+00    2.258525e+05    3.765397e+05
7.530000e+00    2.258248e+05    3.814655e+05
7.540000e+00    2.300962e+05    3.838497e+05
7.550000e+00    2.343165e+05    3.812551e+05
7.560000e+00    2.342021e+05    3.762237e+05
7.570000e+00    2.298072e+05    3.737432e+05
7.580000e+00    2.254906e+05    3.762463e+05
7.590000e+00    2.255173e+05    3.811738e+05
7.600000e+00    2.298093e+05    3.835667e+05
7.610000e+00    2.340394e+05    3.810111e+05
7.620000e+00    2.339413e+05    3.760493e+05
7.630000e+00    2.296114e+05    3.736452e+05
7.640000e+00    2.253785e+05    3.761856e+05
7.650000e+00    2.254687e+05    3.811244e+05
7.660000e+00    2.297952e+05    3.835318e+05
7.670000e+00    2.340348e+05    3.810103e+05
7.680000e+00    2.339579e+05    3.761443e+05
7.690000e+00    2.294914e+05    3.740543e+05
7.700000e+00    2.251365e+05    3.768795e+05
7.710000e+00    2.250945e+05    3.820783e+05
7.720000e+00    2.292574e+05    3.847335e+05
7.730000e+00    2.333124e+05    3.825053e+05
7.740000e+00    2.330904e+05    3.779450e+05
7.750000e+00    2.287111e+05    3.759345e+05
7.760000e+00    2.244655e+05    3.788192e+05
7.770000e+00    2.245250e+05    3.840399e+05
7.780000e+00    2.287471e+05    3.867215e+05
7.790000e+00    2.328540e+05    3.845528e+05
7.800000e+00    2.327062e+05    3.800769e+05
7.810000e+00    2.284322e+05    3.781616e+05
7.820000e+00    2.243233e+05    3.811073e+05
7.830000e+00    2.244986e+05    3.863566e+05
7.840000e+00    2.288083e+05    3.890746e+05
7.850000e+00    2.329957e+05    3.869714e+05
7.860000e+00    2.329515e+05    3.826095e+05
7.870000e+00    2.288382e+05    3.808147e+05
7.880000e+00    2.249132e+05    3.838478e+05
7.890000e+00    2.252625e+05    3.891606e+05
7.900000e+00    2.297285e+05    3.919397e+05
7.910000e+00    2.340538e+05    3.899174e+05
7.920000e+00    2.341676e+05    3.856616e+05
7.930000e+00    2.302538e+05    3.839646e+05
7.940000e+00    2.265970e+05    3.872110e+05
7.950000e+00    2.272715e+05    3.928754e+05
7.960000e+00    2.320371e+05    3.959949e+05
7.970000e+00    2.366530e+05    3.943519e+05
7.980000e+00    2.370915e+05    3.904978e+05
7.990000e+00    2.335449e+05    3.891960e+05
8.000000e+00    2.302530e+05    3.926816e+05
8.010000e+00    2.312562e+05    3.983936e+05
8.020000e+00    2.363272e+05    4.015589e+05
8.030000e+00    2.412570e+05    3.999833e+05
8.040000e+00    2.420441e+05    3.962106e+05
8.050000e+00    2.388912e+05    3.949941e+05
8.060000e+00    2.360306e+05    3.985060e+05
8.070000e+00    2.374470e+05    4.041845e+05
8.080000e+00    2.429244e+05    4.073053e+05
8.090000e+00    2.482697e+05    4.056891e+05
8.100000e+00    2.494997e+05    4.018888e+05
8.110000e+00    2.468622e+05    4.006207e+05
8.120000e+00    2.445539e+05    4.040243e+05
8.130000e+00    2.465321e+05    4.095421e+05
8.140000e+00    2.525734e+05    4.124618e+05
8.150000e+00    2.584826e+05    4.106302e+05
8.160000e+00    2.603260e+05    4.066064e+05
8.170000e+00    2.583573e+05    4.050601e+05
8.180000e+00    2.567522e+05    4.081054e+05
8.190000e+00    2.594516e+05    4.131766e+05
8.200000e+00    2.664756e+05    4.156377e+05
8.210000e+00    2.734068e+05    4.133166e+05
8.220000e+00    2.762979e+05    4.087432e+05
8.230000e+00    2.754035e+05    4.065552e+05
8.240000e+00    2.748899e+05    4.088471e+05
8.250000e+00    2.786453e+05    4.130193e+05
8.260000e+00    2.863778e+05    4.144081e+05
8.270000e+00    2.939196e+05    4.109123e+05
8.280000e+00    2.973709e+05    4.050643e+05
8.290000e+00    2.969857e+05    4.014915e+05
8.300000e+00    2.969047e+05    4.022352e+05
8.310000e+00    3.009516e+05    4.047132e+05
8.320000e+00    3.088024e+05    4.042950e+05
8.330000e+00    3.162719e+05    3.989061e+05
8.340000e+00    3.194589e+05    3.911144e+05
8.350000e+00    3.186312e+05    3.855358e+05
8.360000e+00    3.178792e+05    3.842123e+05
8.370000e+00    3.209837e+05    3.845985e+05
8.380000e+00    3.275955e+05    3.821117e+05
8.390000e+00    3.335176e+05    3.747624e+05
8.400000e+00    3.348989e+05    3.651738e+05
8.410000e+00    3.320310e+05    3.579774e+05
8.420000e+00    3.290158e+05    3.552406e+05
8.430000e+00    3.296549e+05    3.544485e+05
8.440000e+00    3.335903e+05    3.510730e+05
8.450000e+00    3.367579e+05    3.431281e+05
8.460000e+00    3.354996e+05    3.331501e+05
8.470000e+00    3.300047e+05    3.259424e+05
8.480000e+00    3.244469e+05    3.235456e+05
8.490000e+00    3.226328e+05    3.233905e+05
8.500000e+00    3.242162e+05    3.209651e+05
8.510000e+00    3.250958e+05    3.143782e+05
8.520000e+00    3.215679e+05    3.063231e+05
8.530000e+00    3.141537e+05    3.014576e+05
8.540000e+00    3.072156e+05    3.017226e+05
8.550000e+00    3.047135e+05    3.043651e+05
8.560000e+00    3.063578e+05    3.045646e+05
8.570000e+00    3.078991e+05    3.000832e+05
8.580000e+00    3.053009e+05    2.934083e+05
8.590000e+00    2.986642e+05    2.891880e+05
8.600000e+00    2.919776e+05    2.896317e+05
8.610000e+00    2.890767e+05    2.924236e+05
8.620000e+00    2.898373e+05    2.931376e+05
8.630000e+00    2.903570e+05    2.897669e+05
8.640000e+00    2.870002e+05    2.847332e+05
8.650000e+00    2.800938e+05    2.824196e+05
8.660000e+00    2.736442e+05    2.847447e+05
8.670000e+00    2.713628e+05    2.891822e+05
8.680000e+00    2.729205e+05    2.912507e+05
8.690000e+00    2.743117e+05    2.889850e+05
8.700000e+00    2.718495e+05    2.848507e+05
8.710000e+00    2.657907e+05    2.830374e+05
8.720000e+00    2.601483e+05    2.855866e+05
8.730000e+00    2.585904e+05    2.900949e+05
8.740000e+00    2.607696e+05    2.921533e+05
8.750000e+00    2.627000e+05    2.898508e+05
8.760000e+00    2.607276e+05    2.856819e+05
8.770000e+00    2.552093e+05    2.840558e+05
8.780000e+00    2.501363e+05    2.868483e+05
8.790000e+00    2.491263e+05    2.915438e+05
8.800000e+00    2.518157e+05    2.937472e+05
8.810000e+00    2.542076e+05    2.915613e+05
8.820000e+00    2.526774e+05    2.875164e+05
8.830000e+00    2.476021e+05    2.859939e+05
8.840000e+00    2.429584e+05    2.888563e+05
8.850000e+00    2.423511e+05    2.935911e+05
8.860000e+00    2.454059e+05    2.958048e+05
8.870000e+00    2.481250e+05    2.936472e+05
8.880000e+00    2.469197e+05    2.896376e+05
8.890000e+00    2.421719e+05    2.881379e+05
8.900000e+00    2.378518e+05    2.910022e+05
8.910000e+00    2.375505e+05    2.957055e+05
8.920000e+00    2.408613e+05    2.978828e+05
8.930000e+00    2.438158e+05    2.957041e+05
8.940000e+00    2.428438e+05    2.916831e+05
8.950000e+00    2.383329e+05    2.901756e+05
8.960000e+00    2.342355e+05    2.929985e+05
8.970000e+00    2.338447e+05    2.975106e+05
8.980000e+00    2.370357e+05    2.994996e+05
8.990000e+00    2.398549e+05    2.971466e+05
9.000000e+00    2.387368e+05    2.929678e+05
9.010000e+00    2.341020e+05    2.913049e+05
9.020000e+00    2.299038e+05    2.939564e+05
9.030000e+00    2.296739e+05    2.984047e+05
9.040000e+00    2.330030e+05    3.003308e+05
9.050000e+00    2.359342e+05    2.979225e+05
9.060000e+00    2.349376e+05    2.937171e+05
9.070000e+00    2.304382e+05    2.920223e+05
9.080000e+00    2.263730e+05    2.946268e+05
9.090000e+00    2.262659e+05    2.990171e+05
9.100000e+00    2.296939e+05    3.008759e+05
9.110000e+00    2.327072e+05    2.984291e+05
9.120000e+00    2.318022e+05    2.941971e+05
9.130000e+00    2.274032e+05    2.924718e+05
9.140000e+00    2.234442e+05    2.950402e+05
9.150000e+00    2.234347e+05    2.993732e+05
9.160000e+00    2.269316e+05    3.011799e+05
9.170000e+00    2.300084e+05    2.986964e+05
9.180000e+00    2.291709e+05    2.944353e+05
9.190000e+00    2.248429e+05    2.926918e+05
9.200000e+00    2.209658e+05    2.952262e+05
9.210000e+00    2.210217e+05    2.995147e+05
9.220000e+00    2.244449e+05    3.013658e+05
9.230000e+00    2.273043e+05    2.990236e+05
9.240000e+00    2.262385e+05    2.949159e+05
9.250000e+00    2.217008e+05    2.933284e+05
9.260000e+00    2.176110e+05    2.960108e+05
9.270000e+00    2.174469e+05    3.004497e+05
9.280000e+00    2.207764e+05    3.023698e+05
9.290000e+00    2.236681e+05    3.000069e+05
9.300000e+00    2.226413e+05    2.958933e+05
9.310000e+00    2.181392e+05    2.942990e+05
9.320000e+00    2.140784e+05    2.969833e+05
9.330000e+00    2.139537e+05    3.014341e+05
9.340000e+00    2.173236e+05    3.033609e+05
9.350000e+00    2.202552e+05    3.010105e+05
9.360000e+00    2.192609e+05    2.969031e+05
9.370000e+00    2.147693e+05    2.953261e+05
9.380000e+00    2.107188e+05    2.980698e+05
9.390000e+00    2.106244e+05    3.026002e+05
9.400000e+00    2.140525e+05    3.046155e+05
9.410000e+00    2.170597e+05    3.023311e+05
9.420000e+00    2.161084e+05    2.982706e+05
9.430000e+00    2.116032e+05    2.967954e+05
9.440000e+00    2.075401e+05    2.997334e+05
9.450000e+00    2.075077e+05    3.045623e+05
9.460000e+00    2.111292e+05    3.069051e+05
9.470000e+00    2.144003e+05    3.048884e+05
9.480000e+00    2.136427e+05    3.013567e+05
9.490000e+00    2.092704e+05    3.006622e+05
9.500000e+00    2.055314e+05    3.048452e+05
9.510000e+00    2.065755e+05    3.113565e+05
9.520000e+00    2.125811e+05    3.152363e+05
9.530000e+00    2.195739e+05    3.135631e+05
9.540000e+00    2.230897e+05    3.078786e+05
9.550000e+00    2.219796e+05    3.023790e+05
9.560000e+00    2.188257e+05    2.999349e+05
9.570000e+00    2.168845e+05    2.998311e+05
9.580000e+00    2.167730e+05    2.992439e+05
9.590000e+00    2.162609e+05    2.967168e+05
9.600000e+00    2.131441e+05    2.938544e+05
9.610000e+00    2.080252e+05    2.935714e+05
9.620000e+00    2.040493e+05    2.967971e+05
9.630000e+00    2.037635e+05    3.011117e+05
9.640000e+00    2.064004e+05    3.029494e+05
9.650000e+00    2.084523e+05    3.010867e+05
9.660000e+00    2.070470e+05    2.979196e+05
9.670000e+00    2.028058e+05    2.971529e+05
9.680000e+00    1.992575e+05    3.000911e+05
9.690000e+00    1.993055e+05    3.043293e+05
9.700000e+00    2.023264e+05    3.061272e+05
9.710000e+00    2.047504e+05    3.041297e+05
9.720000e+00    2.036034e+05    3.007608e+05
9.730000e+00    1.995614e+05    2.998472e+05
9.740000e+00    1.962999e+05    3.028245e+05
9.750000e+00    1.966410e+05    3.071773e+05
9.760000e+00    1.999964e+05    3.090973e+05
9.770000e+00    2.027604e+05    3.071990e+05
9.780000e+00    2.019347e+05    3.039051e+05
9.790000e+00    1.981078e+05    3.030229e+05
9.800000e+00    1.948704e+05    3.059554e+05
9.810000e+00    1.952504e+05    3.102899e+05
9.820000e+00    1.986498e+05    3.121995e+05
9.830000e+00    2.014709e+05    3.102860e+05
9.840000e+00    2.006988e+05    3.069598e+05
9.850000e+00    1.969047e+05    3.060423e+05
9.860000e+00    1.936943e+05    3.089533e+05
9.870000e+00    1.940871e+05    3.132703e+05
9.880000e+00    1.975028e+05    3.151775e+05
9.890000e+00    2.003493e+05    3.132626e+05
9.900000e+00    1.995955e+05    3.099300e+05
9.910000e+00    1.958163e+05    3.090141e+05
9.920000e+00    1.926152e+05    3.119238e+05
9.930000e+00    1.930116e+05    3.162545e+05
9.940000e+00    1.964396e+05    3.181882e+05
9.950000e+00    1.993011e+05    3.162954e+05
9.960000e+00    1.985640e+05    3.129931e+05
9.970000e+00    1.948050e+05    3.121056e+05
9.980000e+00    1.916253e+05    3.150598e+05
9.990000e+00    1.922186e+05    3.193958e+05
1.000000e+01    1.959281e+05    3.212944e+05
1.001000e+01    1.990677e+05    3.193725e+05
1.002000e+01    1.986073e+05    3.160427e+05
1.003000e+01    1.951132e+05    3.151399e+05
1.004000e+01    1.921938e+05    3.181035e+05
1.005000e+01    1.929124e+05    3.225197e+05
1.006000e+01    1.966903e+05    3.245313e+05
1.007000e+01    1.999015e+05    3.227113e+05
1.008000e+01    1.994825e+05    3.194936e+05
1.009000e+01    1.960043e+05    3.187788e+05
1.010000e+01    1.931549e+05    3.220354e+05
1.011000e+01    1.940517e+05    3.268014e+05
1.012000e+01    1.981221e+05    3.291498e+05
1.013000e+01    2.016505e+05    3.276302e+05
1.014000e+01    2.014902e+05    3.248209e+05
1.015000e+01    1.983751e+05    3.248732e+05
1.016000e+01    1.964452e+05    3.293323e+05
1.017000e+01    1.994079e+05    3.353755e+05
1.018000e+01    2.069674e+05    3.381391e+05
1.019000e+01    2.148777e+05    3.349901e+05
1.020000e+01    2.185806e+05    3.278281e+05
1.021000e+01    2.169815e+05    3.211996e+05
1.022000e+01    2.128792e+05    3.183168e+05
1.023000e+01    2.099726e+05    3.186887e+05
1.024000e+01    2.094838e+05    3.193558e+05
1.025000e+01    2.095962e+05    3.181071e+05
1.026000e+01    2.079632e+05    3.160150e+05
1.027000e+01    2.045254e+05    3.155775e+05
1.028000e+01    2.016722e+05    3.179719e+05
1.029000e+01    2.017187e+05    3.215279e+05
1.030000e+01    2.043531e+05    3.232738e+05
1.031000e+01    2.068036e+05    3.219293e+05
1.032000e+01    2.065330e+05    3.192374e+05
1.033000e+01    2.037656e+05    3.182767e+05
1.034000e+01    2.012883e+05    3.203812e+05
1.035000e+01    2.016415e+05    3.237986e+05
1.036000e+01    2.045823e+05    3.254477e+05
1.037000e+01    2.073196e+05    3.239840e+05
1.038000e+01    2.072743e+05    3.211446e+05
1.039000e+01    2.046654e+05    3.200266e+05
1.040000e+01    2.022596e+05    3.219924e+05
1.041000e+01    2.026185e+05    3.253474e+05
1.042000e+01    2.055726e+05    3.270330e+05
1.043000e+01    2.083967e+05    3.256533e+05
1.044000e+01    2.085317e+05    3.228602e+05
1.045000e+01    2.061027e+05    3.216687e+05
1.046000e+01    2.037518e+05    3.234896e+05
1.047000e+01    2.040180e+05    3.267711e+05
1.048000e+01    2.068410e+05    3.285555e+05
1.049000e+01    2.096580e+05    3.274215e+05
1.050000e+01    2.098817e+05    3.247805e+05
1.051000e+01    2.074938e+05    3.235073e+05
1.052000e+01    2.050298e+05    3.251386e+05
1.053000e+01    2.049769e+05    3.283369e+05
1.054000e+01    2.074538e+05    3.303305e+05
1.055000e+01    2.101824e+05    3.296210e+05
1.056000e+01    2.107413e+05    3.273742e+05
1.057000e+01    2.088769e+05    3.262363e+05
1.058000e+01    2.066893e+05    3.277661e+05
1.059000e+01    2.065481e+05    3.310205e+05
1.060000e+01    2.088906e+05    3.335572e+05
1.061000e+01    2.119241e+05    3.337618e+05
1.062000e+01    2.133794e+05    3.322852e+05
1.063000e+01    2.126068e+05    3.313472e+05
1.064000e+01    2.110510e+05    3.326823e+05
1.065000e+01    2.108928e+05    3.361165e+05
1.066000e+01    2.132267e+05    3.398716e+05
1.067000e+01    2.173081e+05    3.421213e+05
1.068000e+01    2.213022e+05    3.424225e+05
1.069000e+01    2.237335e+05    3.420058e+05
1.070000e+01    2.246139e+05    3.430298e+05
1.071000e+01    2.258543e+05    3.473389e+05
1.072000e+01    2.308965e+05    3.550661e+05
1.073000e+01    2.433638e+05    3.634584e+05
1.074000e+01    2.647208e+05    3.667055e+05
1.075000e+01    2.917423e+05    3.578018e+05
1.076000e+01    3.155991e+05    3.326044e+05
1.077000e+01    3.252856e+05    2.939419e+05
1.078000e+01    3.133200e+05    2.526358e+05
1.079000e+01    2.814009e+05    2.230658e+05
1.080000e+01    2.410607e+05    2.152560e+05
1.081000e+01    2.078045e+05    2.286103e+05
1.082000e+01    1.918858e+05    2.520752e+05
1.083000e+01    1.925551e+05    2.716528e+05
1.084000e+01    1.999927e+05    2.794129e+05
1.085000e+01    2.033738e+05    2.775957e+05
1.086000e+01    1.987588e+05    2.749065e+05
1.087000e+01    1.906793e+05    2.783070e+05
1.088000e+01    1.865870e+05    2.874518e+05
1.089000e+01    1.896679e+05    2.960951e+05
1.090000e+01    1.962506e+05    2.985185e+05
1.091000e+01    1.997057e+05    2.949384e+05
1.092000e+01    1.968812e+05    2.909519e+05
1.093000e+01    1.908152e+05    2.919577e+05
1.094000e+01    1.874966e+05    2.981052e+05
1.095000e+01    1.900140e+05    3.044304e+05
1.096000e+01    1.956689e+05    3.058775e+05
1.097000e+01    1.988480e+05    3.022174e+05
1.098000e+01    1.965446e+05    2.980848e+05
1.099000e+01    1.911774e+05    2.983487e+05
1.100000e+01    1.880998e+05    3.033886e+05
1.101000e+01    1.902634e+05    3.088775e+05
1.102000e+01    1.954089e+05    3.102052e+05
1.103000e+01    1.984228e+05    3.068166e+05
1.104000e+01    1.963724e+05    3.028824e+05
1.105000e+01    1.913663e+05    3.030017e+05
1.106000e+01    1.883824e+05    3.076455e+05
1.107000e+01    1.903004e+05    3.128040e+05
1.108000e+01    1.951251e+05    3.140094e+05
1.109000e+01    1.980182e+05    3.107369e+05
1.110000e+01    1.961199e+05    3.068913e+05
1.111000e+01    1.913565e+05    3.068615e+05
1.112000e+01    1.884413e+05    3.111899e+05
1.113000e+01    1.901896e+05    3.161074e+05
1.114000e+01    1.947611e+05    3.173098e+05
1.115000e+01    1.975315e+05    3.142707e+05
1.116000e+01    1.957635e+05    3.107094e+05
1.117000e+01    1.913045e+05    3.108422e+05
1.118000e+01    1.887294e+05    3.151829e+05
1.119000e+01    1.907932e+05    3.200185e+05
1.120000e+01    1.956482e+05    3.211126e+05
1.121000e+01    1.987290e+05    3.179201e+05
1.122000e+01    1.972656e+05    3.140918e+05
1.123000e+01    1.930033e+05    3.138510e+05
1.124000e+01    1.904619e+05    3.178102e+05
1.125000e+01    1.924106e+05    3.223803e+05
1.126000e+01    1.971537e+05    3.233953e+05
1.127000e+01    2.003553e+05    3.203031e+05
1.128000e+01    1.992029e+05    3.165730e+05
1.129000e+01    1.953222e+05    3.163064e+05
1.130000e+01    1.931067e+05    3.201150e+05
1.131000e+01    1.952807e+05    3.245221e+05
1.132000e+01    2.002143e+05    3.254339e+05
1.133000e+01    2.035512e+05    3.221993e+05
1.134000e+01    2.025698e+05    3.182628e+05
1.135000e+01    1.988826e+05    3.176734e+05
1.136000e+01    1.967852e+05    3.210586e+05
1.137000e+01    1.989696e+05    3.250174e+05
1.138000e+01    2.038405e+05    3.254988e+05
1.139000e+01    2.070952e+05    3.218752e+05
1.140000e+01    2.060418e+05    3.175214e+05
1.141000e+01    2.022354e+05    3.164395e+05
1.142000e+01    1.999018e+05    3.192838e+05
1.143000e+01    2.017088e+05    3.227129e+05
1.144000e+01    2.060704e+05    3.227606e+05
1.145000e+01    2.087645e+05    3.188124e+05
1.146000e+01    2.071295e+05    3.142082e+05
1.147000e+01    2.027025e+05    3.129336e+05
1.148000e+01    1.996907e+05    3.156529e+05
1.149000e+01    2.007433e+05    3.190753e+05
1.150000e+01    2.043398e+05    3.192907e+05
1.151000e+01    2.063373e+05    3.156708e+05
1.152000e+01    2.041236e+05    3.115010e+05
1.153000e+01    1.993681e+05    3.106653e+05
1.154000e+01    1.961047e+05    3.138397e+05
1.155000e+01    1.969651e+05    3.177594e+05
1.156000e+01    2.004565e+05    3.185260e+05
1.157000e+01    2.024579e+05    3.154824e+05
1.158000e+01    2.003733e+05    3.118845e+05
1.159000e+01    1.957207e+05    3.115927e+05
1.160000e+01    1.926027e+05    3.152298e+05
1.161000e+01    1.936228e+05    3.195602e+05
1.162000e+01    1.972855e+05    3.207039e+05
1.163000e+01    1.994960e+05    3.180340e+05
1.164000e+01    1.976765e+05    3.147616e+05
1.165000e+01    1.933148e+05    3.147183e+05
1.166000e+01    1.904780e+05    3.185355e+05
1.167000e+01    1.917450e+05    3.229956e+05
1.168000e+01    1.956153e+05    3.242695e+05
1.169000e+01    1.980405e+05    3.217351e+05
1.170000e+01    1.964565e+05    3.185763e+05
1.171000e+01    1.923364e+05    3.186111e+05
1.172000e+01    1.897256e+05    3.224547e+05
1.173000e+01    1.911663e+05    3.269199e+05
1.174000e+01    1.951797e+05    3.282170e+05
1.175000e+01    1.977497e+05    3.257245e+05
1.176000e+01    1.963188e+05    3.226125e+05
1.177000e+01    1.923743e+05    3.226671e+05
1.178000e+01    1.899296e+05    3.264299e+05
1.179000e+01    1.915101e+05    3.307456e+05
1.180000e+01    1.956407e+05    3.319112e+05
1.181000e+01    1.983188e+05    3.293092e+05
1.182000e+01    1.970286e+05    3.261026e+05
1.183000e+01    1.932393e+05    3.260366e+05
1.184000e+01    1.909226e+05    3.297166e+05
1.185000e+01    1.925948e+05    3.340064e+05
1.186000e+01    1.967891e+05    3.351568e+05
1.187000e+01    1.995341e+05    3.325773e+05
1.188000e+01    1.983366e+05    3.293963e+05
1.189000e+01    1.946517e+05    3.293356e+05
1.190000e+01    1.924352e+05    3.330022e+05
1.191000e+01    1.941788e+05    3.372632e+05
1.192000e+01    1.984158e+05    3.384099e+05
1.193000e+01    2.012118e+05    3.358536e+05
1.194000e+01    2.000865e+05    3.327011e+05
1.195000e+01    1.964884e+05    3.326651e+05
1.196000e+01    1.943570e+05    3.363247e+05
1.197000e+01    1.961540e+05    3.405743e+05
1.198000e+01    2.004281e+05    3.417335e+05
1.199000e+01    2.032675e+05    3.392135e+05
1.200000e+01    2.022001e+05    3.361145e+05
1.201000e+01    1.986908e+05    3.361144e+05
1.202000e+01    1.966387e+05    3.397870e+05
1.203000e+01    1.984916e+05    3.440505e+05
1.204000e+01    2.027332e+05    3.451822e+05
1.205000e+01    2.055298e+05    3.426559e+05
1.206000e+01    2.044555e+05    3.395678e+05
1.207000e+01    2.009583e+05    3.395610e+05
1.208000e+01    1.989123e+05    3.432094e+05
1.209000e+01    2.007596e+05    3.474445e+05
1.210000e+01    2.050505e+05    3.486221e+05
1.211000e+01    2.079171e+05    3.461842e+05
1.212000e+01    2.069444e+05    3.431903e+05
1.213000e+01    2.035676e+05    3.432623e+05
1.214000e+01    2.016500e+05    3.469762e+05
1.215000e+01    2.036040e+05    3.512645e+05
1.216000e+01    2.079883e+05    3.525214e+05
1.217000e+01    2.109682e+05    3.501881e+05
1.218000e+01    2.101391e+05    3.473029e+05
1.219000e+01    2.069321e+05    3.474780e+05
1.220000e+01    2.051878e+05    3.512601e+05
1.221000e+01    2.072947e+05    3.556156e+05
1.222000e+01    2.118284e+05    3.569633e+05
1.223000e+01    2.149756e+05    3.547409e+05
1.224000e+01    2.143446e+05    3.519789e+05
1.225000e+01    2.113734e+05    3.522504e+05
1.226000e+01    2.098609e+05    3.561027e+05
1.227000e+01    2.121841e+05    3.605288e+05
1.228000e+01    2.169333e+05    3.619615e+05
1.229000e+01    2.202900e+05    3.598653e+05
1.230000e+01    2.198660e+05    3.572636e+05
1.231000e+01    2.171282e+05    3.576653e+05
1.232000e+01    2.158452e+05    3.616230e+05
1.233000e+01    2.183916e+05    3.661499e+05
1.234000e+01    2.233533e+05    3.677081e+05
1.235000e+01    2.269798e+05    3.657555e+05
1.236000e+01    2.269273e+05    3.632599e+05
1.237000e+01    2.245867e+05    3.637368e+05
1.238000e+01    2.237052e+05    3.677480e+05
1.239000e+01    2.266225e+05    3.723273e+05
1.240000e+01    2.319532e+05    3.739857e+05
1.241000e+01    2.359899e+05    3.721779e+05
1.242000e+01    2.363974e+05    3.698444e+05
1.243000e+01    2.345523e+05    3.704919e+05
1.244000e+01    2.341614e+05    3.746877e+05
1.245000e+01    2.375593e+05    3.795561e+05
1.246000e+01    2.434342e+05    3.816928e+05
1.247000e+01    2.481836e+05    3.805823e+05
1.248000e+01    2.496207e+05    3.791665e+05
1.249000e+01    2.492847e+05    3.808687e+05
1.250000e+01    2.510302e+05    3.861220e+05
1.251000e+01    2.573300e+05    3.918070e+05
1.252000e+01    2.668923e+05    3.941294e+05
1.253000e+01    2.759024e+05    3.921805e+05
1.254000e+01    2.817131e+05    3.886194e+05
1.255000e+01    2.852678e+05    3.869752e+05
1.256000e+01    2.899650e+05    3.880912e+05
1.257000e+01    2.982394e+05    3.894319e+05
1.258000e+01    3.091629e+05    3.876630e+05
1.259000e+01    3.195111e+05    3.819060e+05
1.260000e+01    3.270523e+05    3.744405e+05
1.261000e+01    3.328084e+05    3.682327e+05
1.262000e+01    3.400965e+05    3.637149e+05
1.263000e+01    3.512637e+05    3.579221e+05
1.264000e+01    3.652819e+05    3.467273e+05
1.265000e+01    3.782154e+05    3.278957e+05
1.266000e+01    3.857091e+05    3.022924e+05
1.267000e+01    3.849999e+05    2.727388e+05
1.268000e+01    3.748893e+05    2.422958e+05
1.269000e+01    3.546834e+05    2.140571e+05
1.270000e+01    3.242663e+05    1.921459e+05
1.271000e+01    2.859236e+05    1.818837e+05
1.272000e+01    2.458848e+05    1.873514e+05
1.273000e+01    2.128652e+05    2.079629e+05
1.274000e+01    1.937302e+05    2.372203e+05
1.275000e+01    1.892967e+05    2.656576e+05
1.276000e+01    1.939767e+05    2.863307e+05
1.277000e+01    1.999900e+05    2.987012e+05
1.278000e+01    2.030025e+05    3.074252e+05
1.279000e+01    2.042910e+05    3.173915e+05
1.280000e+01    2.080261e+05    3.293441e+05
1.281000e+01    2.164250e+05    3.398327e+05
1.282000e+01    2.271220e+05    3.452226e+05
1.283000e+01    2.355888e+05    3.456482e+05
1.284000e+01    2.394637e+05    3.450625e+05
1.285000e+01    2.407889e+05    3.474998e+05
1.286000e+01    2.439234e+05    3.532518e+05
1.287000e+01    2.511822e+05    3.587761e+05
1.288000e+01    2.606200e+05    3.603746e+05
1.289000e+01    2.680459e+05    3.579178e+05
1.290000e+01    2.712226e+05    3.549954e+05
1.291000e+01    2.721332e+05    3.553528e+05
1.292000e+01    2.749788e+05    3.591754e+05
1.293000e+01    2.820250e+05    3.629640e+05
1.294000e+01    2.914067e+05    3.630287e+05
1.295000e+01    2.990180e+05    3.591331e+05
1.296000e+01    3.026548e+05    3.547073e+05
1.297000e+01    3.041885e+05    3.533306e+05
1.298000e+01    3.076591e+05    3.551458e+05
1.299000e+01    3.152220e+05    3.566944e+05
1.300000e+01    3.249556e+05    3.543359e+05
1.301000e+01    3.327498e+05    3.478915e+05
1.302000e+01    3.363834e+05    3.407719e+05
1.303000e+01    3.376713e+05    3.365658e+05
1.304000e+01    3.406098e+05    3.354669e+05
1.305000e+01    3.473364e+05    3.340674e+05
1.306000e+01    3.559578e+05    3.287529e+05
1.307000e+01    3.624001e+05    3.193420e+05
1.308000e+01    3.644041e+05    3.092559e+05
1.309000e+01    3.637206e+05    3.020976e+05
1.310000e+01    3.642798e+05    2.981035e+05
1.311000e+01    3.681638e+05    2.939799e+05
1.312000e+01    3.734876e+05    2.862736e+05
1.313000e+01    3.762348e+05    2.748911e+05
1.314000e+01    3.742138e+05    2.632924e+05
1.315000e+01    3.692628e+05    2.551293e+05
1.316000e+01    3.653645e+05    2.506997e+05
1.317000e+01    3.647080e+05    2.467842e+05
1.318000e+01    3.655617e+05    2.399546e+05
1.319000e+01    3.640578e+05    2.300769e+05
1.320000e+01    3.581556e+05    2.205041e+05
1.321000e+01    3.497163e+05    2.147272e+05
1.322000e+01    3.426713e+05    2.129390e+05
1.323000e+01    3.391306e+05    2.118934e+05
1.324000e+01    3.372953e+05    2.082256e+05
1.325000e+01    3.333463e+05    2.019344e+05
1.326000e+01    3.253917e+05    1.964473e+05
1.327000e+01    3.155077e+05    1.952510e+05
1.328000e+01    3.078618e+05    1.984126e+05
1.329000e+01    3.047083e+05    2.024255e+05
1.330000e+01    3.042790e+05    2.036428e+05
1.331000e+01    3.026758e+05    2.017788e+05
1.332000e+01    2.977764e+05    1.999915e+05
1.333000e+01    2.915013e+05    2.017230e+05
1.334000e+01    2.878414e+05    2.069775e+05
1.335000e+01    2.888965e+05    2.122469e+05
1.336000e+01    2.927861e+05    2.138622e+05
1.337000e+01    2.954695e+05    2.114878e+05
1.338000e+01    2.946766e+05    2.083207e+05
1.339000e+01    2.920616e+05    2.077638e+05
1.340000e+01    2.913498e+05    2.099449e+05
1.341000e+01    2.944505e+05    2.115820e+05
1.342000e+01    2.993866e+05    2.092732e+05
1.343000e+01    3.021108e+05    2.029673e+05
1.344000e+01    3.004593e+05    1.960996e+05
1.345000e+01    2.962013e+05    1.922356e+05
1.346000e+01    2.931973e+05    1.916366e+05
1.347000e+01    2.935087e+05    1.911134e+05
1.348000e+01    2.952981e+05    1.873394e+05
1.349000e+01    2.947046e+05    1.803148e+05
1.350000e+01    2.897447e+05    1.734517e+05
1.351000e+01    2.823454e+05    1.702569e+05
1.352000e+01    2.765074e+05    1.708989e+05
1.353000e+01    2.743602e+05    1.720563e+05
1.354000e+01    2.741174e+05    1.703031e+05
1.355000e+01    2.719488e+05    1.655255e+05
1.356000e+01    2.658691e+05    1.610295e+05
1.357000e+01    2.577668e+05    1.602392e+05
1.358000e+01    2.515631e+05    1.632135e+05
1.359000e+01    2.493713e+05    1.665695e+05
1.360000e+01    2.493390e+05    1.668513e+05
1.361000e+01    2.475689e+05    1.639355e+05
1.362000e+01    2.420336e+05    1.611497e+05
1.363000e+01    2.346324e+05    1.619014e+05
1.364000e+01    2.292746e+05    1.662539e+05
1.365000e+01    2.279893e+05    1.708589e+05
1.366000e+01    2.289064e+05    1.722834e+05
1.367000e+01    2.281340e+05    1.704610e+05
1.368000e+01    2.237165e+05    1.687393e+05
1.369000e+01    2.176207e+05    1.704891e+05
1.370000e+01    2.138138e+05    1.756813e+05
1.371000e+01    2.143276e+05    1.808107e+05
1.372000e+01    2.171615e+05    1.823034e+05
1.373000e+01    2.182423e+05    1.800165e+05
1.374000e+01    2.153764e+05    1.773185e+05
1.375000e+01    2.103190e+05    1.777401e+05
1.376000e+01    2.069415e+05    1.815039e+05
1.377000e+01    2.072815e+05    1.853733e+05
1.378000e+01    2.095150e+05    1.860158e+05
1.379000e+01    2.098247e+05    1.833915e+05
1.380000e+01    2.062668e+05    1.808341e+05
1.381000e+01    2.007902e+05    1.817262e+05
1.382000e+01    1.973168e+05    1.860652e+05
1.383000e+01    1.978066e+05    1.905232e+05
1.384000e+01    2.003320e+05    1.916506e+05
1.385000e+01    2.009686e+05    1.893874e+05
1.386000e+01    1.977356e+05    1.871339e+05
1.387000e+01    1.925970e+05    1.882930e+05
1.388000e+01    1.894841e+05    1.928634e+05
1.389000e+01    1.903691e+05    1.974323e+05
1.390000e+01    1.932763e+05    1.985631e+05
1.391000e+01    1.942338e+05    1.962698e+05
1.392000e+01    1.912735e+05    1.939901e+05
1.393000e+01    1.863879e+05    1.951487e+05
1.394000e+01    1.835481e+05    1.997315e+05
1.395000e+01    1.847352e+05    2.042701e+05
1.396000e+01    1.879078e+05    2.053204e+05
1.397000e+01    1.890661e+05    2.029255e+05
1.398000e+01    1.862400e+05    2.005772e+05
1.399000e+01    1.814743e+05    2.017419e+05
1.400000e+01    1.788137e+05    2.063697e+05
1.401000e+01    1.802200e+05    2.109160e+05
1.402000e+01    1.835995e+05    2.119065e+05
1.403000e+01    1.848771e+05    2.094182e+05
1.404000e+01    1.820653e+05    2.070445e+05
1.405000e+01    1.773092e+05    2.083169e+05
1.406000e+01    1.747458e+05    2.131302e+05
1.407000e+01    1.763511e+05    2.178379e+05
1.408000e+01    1.799377e+05    2.188986e+05
1.409000e+01    1.813359e+05    2.165023e+05
1.410000e+01    1.785113e+05    2.143976e+05
1.411000e+01    1.737962e+05    2.162242e+05
1.412000e+01    1.715568e+05    2.217795e+05
1.413000e+01    1.738067e+05    2.271265e+05
1.414000e+01    1.780416e+05    2.285117e+05
1.415000e+01    1.796177e+05    2.263623e+05
1.416000e+01    1.765354e+05    2.251817e+05
1.417000e+01    1.718945e+05    2.293240e+05
1.418000e+01    1.715455e+05    2.385140e+05
1.419000e+01    1.788766e+05    2.473689e+05
1.420000e+01    1.914633e+05    2.496395e+05
1.421000e+01    2.027990e+05    2.433234e+05
1.422000e+01    2.073725e+05    2.321212e+05
1.423000e+01    2.046200e+05    2.221829e+05
1.424000e+01    1.985001e+05    2.172403e+05
1.425000e+01    1.934327e+05    2.164785e+05
1.426000e+01    1.907355e+05    2.166580e+05
1.427000e+01    1.886304e+05    2.158253e+05
1.428000e+01    1.851817e+05    2.149271e+05
1.429000e+01    1.808544e+05    2.160526e+05
1.430000e+01    1.780228e+05    2.195314e+05
1.431000e+01    1.782145e+05    2.231629e+05
1.432000e+01    1.801898e+05    2.243504e+05
1.433000e+01    1.809671e+05    2.228437e+05
1.434000e+01    1.788727e+05    2.211281e+05
1.435000e+01    1.752463e+05    2.219486e+05
1.436000e+01    1.731337e+05    2.254991e+05
1.437000e+01    1.742319e+05    2.291380e+05
1.438000e+01    1.770566e+05    2.300370e+05
1.439000e+01    1.783834e+05    2.280884e+05
1.440000e+01    1.765003e+05    2.260448e+05
1.441000e+01    1.729472e+05    2.267789e+05
1.442000e+01    1.710055e+05    2.303873e+05
1.443000e+01    1.723934e+05    2.340471e+05
1.444000e+01    1.755072e+05    2.348612e+05
1.445000e+01    1.770325e+05    2.327739e+05
1.446000e+01    1.752660e+05    2.306373e+05
1.447000e+01    1.718446e+05    2.313618e+05
1.448000e+01    1.701209e+05    2.349492e+05
1.449000e+01    1.717573e+05    2.384810e+05
1.450000e+01    1.750389e+05    2.390478e+05
1.451000e+01    1.765627e+05    2.366836e+05
1.452000e+01    1.746362e+05    2.343833e+05
1.453000e+01    1.710316e+05    2.351164e+05
1.454000e+01    1.692063e+05    2.388440e+05
1.455000e+01    1.708676e+05    2.425521e+05
1.456000e+01    1.742618e+05    2.432437e+05
1.457000e+01    1.759043e+05    2.409415e+05
1.458000e+01    1.740875e+05    2.386818e+05
1.459000e+01    1.705817e+05    2.394562e+05
1.460000e+01    1.688648e+05    2.431435e+05
1.461000e+01    1.706552e+05    2.467842e+05
1.462000e+01    1.741648e+05    2.473763e+05
1.463000e+01    1.758985e+05    2.449757e+05
1.464000e+01    1.741579e+05    2.426323e+05
1.465000e+01    1.707357e+05    2.433456e+05
1.466000e+01    1.691404e+05    2.470639e+05
1.467000e+01    1.710693e+05    2.507075e+05
1.468000e+01    1.747043e+05    2.512745e+05
1.469000e+01    1.765389e+05    2.488343e+05
1.470000e+01    1.748760e+05    2.464579e+05
1.471000e+01    1.715328e+05    2.471632e+05
1.472000e+01    1.700318e+05    2.508574e+05
1.473000e+01    1.720482e+05    2.544523e+05
1.474000e+01    1.757430e+05    2.549486e+05
1.475000e+01    1.775888e+05    2.524348e+05
1.476000e+01    1.758908e+05    2.500233e+05
1.477000e+01    1.725063e+05    2.507280e+05
1.478000e+01    1.709590e+05    2.544539e+05
1.479000e+01    1.729270e+05    2.581071e+05
1.480000e+01    1.765644e+05    2.586850e+05
1.481000e+01    1.783376e+05    2.563028e+05
1.482000e+01    1.765928e+05    2.540859e+05
1.483000e+01    1.732052e+05    2.550314e+05
1.484000e+01    1.717116e+05    2.590227e+05
1.485000e+01    1.737612e+05    2.629208e+05
1.486000e+01    1.774401e+05    2.637037e+05
1.487000e+01    1.792769e+05    2.615350e+05
1.488000e+01    1.776240e+05    2.595388e+05
1.489000e+01    1.743638e+05    2.607095e+05
1.490000e+01    1.730469e+05    2.649184e+05
1.491000e+01    1.753176e+05    2.690169e+05
1.492000e+01    1.792808e+05    2.700193e+05
1.493000e+01    1.814049e+05    2.680731e+05
1.494000e+01    1.800459e+05    2.663143e+05
1.495000e+01    1.771009e+05    2.677460e+05
1.496000e+01    1.761052e+05    2.722168e+05
1.497000e+01    1.786823e+05    2.766200e+05
1.498000e+01    1.829527e+05    2.780284e+05
1.499000e+01    1.854483e+05    2.766455e+05
1.500000e+01    1.846534e+05    2.756273e+05
1.501000e+01    1.826071e+05    2.778746e+05
1.502000e+01    1.828973e+05    2.830699e+05
1.503000e+01    1.871000e+05    2.879150e+05
1.504000e+01    1.931729e+05    2.893362e+05
1.505000e+01    1.974291e+05    2.875359e+05
1.506000e+01    1.981897e+05    2.857733e+05
1.507000e+01    1.974085e+05    2.871270e+05
1.508000e+01    1.987180e+05    2.914680e+05
1.509000e+01    2.038437e+05    2.956051e+05
1.510000e+01    2.108993e+05    2.964860e+05
1.511000e+01    2.163027e+05    2.942727e+05
1.512000e+01    2.184895e+05    2.920321e+05
1.513000e+01    2.194211e+05    2.926604e+05
1.514000e+01    2.226587e+05    2.958909e+05
1.515000e+01    2.297841e+05    2.984469e+05
1.516000e+01    2.388062e+05    2.972598e+05
1.517000e+01    2.461112e+05    2.924322e+05
1.518000e+01    2.500013e+05    2.870480e+05
1.519000e+01    2.523159e+05    2.840058e+05
1.520000e+01    2.564572e+05    2.830239e+05
1.521000e+01    2.638272e+05    2.808954e+05
1.522000e+01    2.722670e+05    2.746792e+05
1.523000e+01    2.780207e+05    2.646657e+05
1.524000e+01    2.793302e+05    2.541841e+05
1.525000e+01    2.780324e+05    2.463636e+05
1.526000e+01    2.775688e+05    2.411751e+05
1.527000e+01    2.794567e+05    2.356621e+05
1.528000e+01    2.817170e+05    2.271032e+05
1.529000e+01    2.808631e+05    2.159933e+05
1.530000e+01    2.754762e+05    2.057420e+05
1.531000e+01    2.677317e+05    1.994529e+05
1.532000e+01    2.613885e+05    1.969703e+05
1.533000e+01    2.582178e+05    1.951135e+05
1.534000e+01    2.563913e+05    1.909100e+05
1.535000e+01    2.525148e+05    1.845679e+05
1.536000e+01    2.451647e+05    1.792251e+05
1.537000e+01    2.364431e+05    1.778200e+05
1.538000e+01    2.299562e+05    1.798986e+05
1.539000e+01    2.272711e+05    1.821556e+05
1.540000e+01    2.263925e+05    1.815856e+05
1.541000e+01    2.237843e+05    1.783981e+05
1.542000e+01    2.179083e+05    1.757484e+05
1.543000e+01    2.107867e+05    1.765180e+05
1.544000e+01    2.059512e+05    1.803645e+05
1.545000e+01    2.048992e+05    1.840398e+05
1.546000e+01    2.055909e+05    1.845975e+05
1.547000e+01    2.044608e+05    1.823061e+05
1.548000e+01    1.999912e+05    1.803766e+05
1.549000e+01    1.942073e+05    1.816962e+05
1.550000e+01    1.906262e+05    1.859386e+05
1.551000e+01    1.907312e+05    1.898777e+05
1.552000e+01    1.924663e+05    1.905920e+05
1.553000e+01    1.922799e+05    1.884099e+05
1.554000e+01    1.886862e+05    1.865444e+05
1.555000e+01    1.837208e+05    1.878760e+05
1.556000e+01    1.808986e+05    1.920731e+05
1.557000e+01    1.816817e+05    1.959074e+05
1.558000e+01    1.839935e+05    1.965082e+05
1.559000e+01    1.843195e+05    1.942316e+05
1.560000e+01    1.812113e+05    1.922920e+05
1.561000e+01    1.767327e+05    1.935507e+05
1.562000e+01    1.744508e+05    1.976463e+05
1.563000e+01    1.757678e+05    2.013423e+05
1.564000e+01    1.785371e+05    2.017843e+05
1.565000e+01    1.792487e+05    1.993658e+05
1.566000e+01    1.764783e+05    1.973319e+05
1.567000e+01    1.723390e+05    1.985259e+05
1.568000e+01    1.703324e+05    2.025390e+05
1.569000e+01    1.718532e+05    2.061421e+05
1.570000e+01    1.748046e+05    2.065152e+05
1.571000e+01    1.756907e+05    2.040681e+05
1.572000e+01    1.731465e+05    2.020358e+05
1.573000e+01    1.692813e+05    2.031986e+05
1.574000e+01    1.675477e+05    2.071171e+05
1.575000e+01    1.692842e+05    2.105840e+05
1.576000e+01    1.723704e+05    2.108493e+05
1.577000e+01    1.733856e+05    2.084017e+05
1.578000e+01    1.710643e+05    2.064341e+05
1.579000e+01    1.675431e+05    2.076219e+05
1.580000e+01    1.661987e+05    2.114425e+05
1.581000e+01    1.682326e+05    2.147232e+05
1.582000e+01    1.715062e+05    2.149087e+05
1.583000e+01    1.728354e+05    2.126396e+05
1.584000e+01    1.712931e+05    2.109724e+05
1.585000e+01    1.692297e+05    2.121069e+05
1.586000e+01    1.697628e+05    2.148443e+05
1.587000e+01    1.732709e+05    2.156303e+05
1.588000e+01    1.766417e+05    2.121337e+05
1.589000e+01    1.758839e+05    2.061135e+05
1.590000e+01    1.702148e+05    2.021102e+05
1.591000e+01    1.631319e+05    2.034275e+05
1.592000e+01    1.594030e+05    2.090384e+05
1.593000e+01    1.608406e+05    2.144643e+05
1.594000e+01    1.647843e+05    2.158385e+05
1.595000e+01    1.667323e+05    2.133478e+05
1.596000e+01    1.646431e+05    2.107733e+05
1.597000e+01    1.606763e+05    2.116223e+05
1.598000e+01    1.588386e+05    2.157423e+05
1.599000e+01    1.609393e+05    2.196098e+05
1.600000e+01    1.648034e+05    2.199396e+05
1.601000e+01    1.665264e+05    2.169980e+05
1.602000e+01    1.644017e+05    2.142774e+05
1.603000e+01    1.605921e+05    2.149833e+05
1.604000e+01    1.589483e+05    2.188387e+05
1.605000e+01    1.611221e+05    2.223648e+05
1.606000e+01    1.649272e+05    2.224146e+05
1.607000e+01    1.665531e+05    2.193088e+05
1.608000e+01    1.643715e+05    2.165034e+05
1.609000e+01    1.605633e+05    2.171447e+05
1.610000e+01    1.589325e+05    2.208913e+05
1.611000e+01    1.610763e+05    2.242994e+05
1.612000e+01    1.648163e+05    2.242716e+05
1.613000e+01    1.663668e+05    2.211079e+05
1.614000e+01    1.641258e+05    2.182171e+05
1.615000e+01    1.603219e+05    2.187556e+05
1.616000e+01    1.587114e+05    2.223584e+05
1.617000e+01    1.608569e+05    2.255929e+05
1.618000e+01    1.645649e+05    2.253836e+05
1.619000e+01    1.660709e+05    2.221063e+05
1.620000e+01    1.638335e+05    2.192058e+05
1.621000e+01    1.600581e+05    2.197332e+05
1.622000e+01    1.584896e+05    2.233068e+05
1.623000e+01    1.606771e+05    2.264832e+05
1.624000e+01    1.643950e+05    2.262083e+05
1.625000e+01    1.658980e+05    2.228847e+05
1.626000e+01    1.636612e+05    2.199514e+05
1.627000e+01    1.598984e+05    2.204505e+05
1.628000e+01    1.583663e+05    2.239862e+05
1.629000e+01    1.605766e+05    2.270950e+05
1.630000e+01    1.642962e+05    2.267441e+05
1.631000e+01    1.657813e+05    2.233455e+05
1.632000e+01    1.635092e+05    2.203488e+05
1.633000e+01    1.597140e+05    2.208041e+05
1.634000e+01    1.581466e+05    2.242824e+05
1.635000e+01    1.603071e+05    2.273318e+05
1.636000e+01    1.639554e+05    2.269246e+05
1.637000e+01    1.653356e+05    2.234855e+05
1.638000e+01    1.629395e+05    2.204961e+05
1.639000e+01    1.589358e+05    2.209852e+05
1.640000e+01    1.571458e+05    2.245323e+05
1.641000e+01    1.591211e+05    2.276760e+05
1.642000e+01    1.626197e+05    2.273593e+05
1.643000e+01    1.638723e+05    2.240134e+05
1.644000e+01    1.613759e+05    2.211121e+05
1.645000e+01    1.573829e+05    2.216985e+05
1.646000e+01    1.556641e+05    2.253541e+05
1.647000e+01    1.577669e+05    2.285946e+05
1.648000e+01    1.614444e+05    2.283437e+05
1.649000e+01    1.629357e+05    2.249829e+05
1.650000e+01    1.606850e+05    2.219272e+05
1.651000e+01    1.568482e+05    2.222104e+05
1.652000e+01    1.551033e+05    2.254680e+05
1.653000e+01    1.569137e+05    2.283439e+05
1.654000e+01    1.600890e+05    2.279404e+05
1.655000e+01    1.610283e+05    2.247507e+05
1.656000e+01    1.583861e+05    2.221828e+05
1.657000e+01    1.545021e+05    2.231136e+05
1.658000e+01    1.530681e+05    2.269203e+05
1.659000e+01    1.554037e+05    2.300645e+05
1.660000e+01    1.590918e+05    2.296000e+05
1.661000e+01    1.603335e+05    2.261366e+05
1.662000e+01    1.577545e+05    2.232921e+05
1.663000e+01    1.537997e+05    2.240699e+05
1.664000e+01    1.522887e+05    2.278795e+05
1.665000e+01    1.545605e+05    2.311758e+05
1.666000e+01    1.582270e+05    2.307973e+05
1.667000e+01    1.593945e+05    2.273740e+05
1.668000e+01    1.566552e+05    2.245956e+05
1.669000e+01    1.525050e+05    2.255456e+05
1.670000e+01    1.508860e+05    2.296081e+05
1.671000e+01    1.532471e+05    2.330295e+05
1.672000e+01    1.570293e+05    2.326760e+05
1.673000e+01    1.582199e+05    2.291979e+05
1.674000e+01    1.553558e+05    2.264292e+05
1.675000e+01    1.510475e+05    2.276004e+05
1.676000e+01    1.494476e+05    2.320577e+05
1.677000e+01    1.520656e+05    2.358413e+05
1.678000e+01    1.561899e+05    2.356347e+05
1.679000e+01    1.575009e+05    2.321646e+05
1.680000e+01    1.544123e+05    2.296997e+05
1.681000e+01    1.499500e+05    2.319537e+05
1.682000e+01    1.491234e+05    2.382874e+05
1.683000e+01    1.542821e+05    2.439488e+05
1.684000e+01    1.627923e+05    2.441343e+05
1.685000e+01    1.691666e+05    2.381443e+05
1.686000e+01    1.697162e+05    2.298998e+05
1.687000e+01    1.653534e+05    2.243362e+05
1.688000e+01    1.601691e+05    2.233477e+05
1.689000e+01    1.574762e+05    2.248747e+05
1.690000e+01    1.571939e+05    2.257086e+05
1.691000e+01    1.567382e+05    2.247479e+05
1.692000e+01    1.543138e+05    2.237300e+05
1.693000e+01    1.509685e+05    2.249395e+05
1.694000e+01    1.493623e+05    2.283473e+05
1.695000e+01    1.507582e+05    2.314041e+05
1.696000e+01    1.534513e+05    2.316595e+05
1.697000e+01    1.543809e+05    2.293791e+05
1.698000e+01    1.522254e+05    2.273981e+05
1.699000e+01    1.488149e+05    2.283099e+05
1.700000e+01    1.473456e+05    2.317899e+05
1.701000e+01    1.491240e+05    2.348729e+05
1.702000e+01    1.522107e+05    2.349254e+05
1.703000e+01    1.533245e+05    2.323161e+05
1.704000e+01    1.511289e+05    2.301050e+05
1.705000e+01    1.476379e+05    2.309845e+05
1.706000e+01    1.461968e+05    2.345523e+05
1.707000e+01    1.481373e+05    2.376958e+05
1.708000e+01    1.514189e+05    2.376881e+05
1.709000e+01    1.526315e+05    2.349369e+05
1.710000e+01    1.504358e+05    2.326194e+05
1.711000e+01    1.469114e+05    2.334894e+05
1.712000e+01    1.454967e+05    2.371271e+05
1.713000e+01    1.475611e+05    2.403313e+05
1.714000e+01    1.510026e+05    2.403012e+05
1.715000e+01    1.523414e+05    2.374686e+05
1.716000e+01    1.503877e+05    2.350897e+05
1.717000e+01    1.470842e+05    2.359533e+05
1.718000e+01    1.459388e+05    2.396397e+05
1.719000e+01    1.483521e+05    2.428709e+05
1.720000e+01    1.521870e+05    2.427890e+05
1.721000e+01    1.538963e+05    2.397982e+05
1.722000e+01    1.520408e+05    2.371699e+05
1.723000e+01    1.487348e+05    2.378026e+05
1.724000e+01    1.475513e+05    2.412933e+05
1.725000e+01    1.499267e+05    2.443436e+05
1.726000e+01    1.537170e+05    2.440404e+05
1.727000e+01    1.552965e+05    2.407685e+05
1.728000e+01    1.531470e+05    2.378842e+05
1.729000e+01    1.494168e+05    2.383965e+05
1.730000e+01    1.477827e+05    2.419839e+05
1.731000e+01    1.498299e+05    2.453111e+05
1.732000e+01    1.534718e+05    2.453149e+05
1.733000e+01    1.549826e+05    2.422638e+05
1.734000e+01    1.527129e+05    2.395362e+05
1.735000e+01    1.487404e+05    2.402926e+05
1.736000e+01    1.468722e+05    2.443683e+05
1.737000e+01    1.489360e+05    2.483830e+05
1.738000e+01    1.529313e+05    2.490158e+05
1.739000e+01    1.549379e+05    2.462953e+05
1.740000e+01    1.529030e+05    2.436615e+05
1.741000e+01    1.487501e+05    2.447453e+05
1.742000e+01    1.467709e+05    2.500036e+05
1.743000e+01    1.497636e+05    2.562965e+05
1.744000e+01    1.568837e+05    2.594243e+05
1.745000e+01    1.645059e+05    2.575570e+05
1.746000e+01    1.693062e+05    2.521964e+05
1.747000e+01    1.705096e+05    2.462883e+05
1.748000e+01    1.695100e+05    2.416352e+05
1.749000e+01    1.677084e+05    2.381415e+05
1.750000e+01    1.651765e+05    2.352006e+05
1.751000e+01    1.613743e+05    2.332520e+05
1.752000e+01    1.568172e+05    2.335989e+05
1.753000e+01    1.534895e+05    2.366486e+05
1.754000e+01    1.532336e+05    2.407268e+05
1.755000e+01    1.557468e+05    2.430565e+05
1.756000e+01    1.584309e+05    2.422056e+05
1.757000e+01    1.585891e+05    2.395896e+05
1.758000e+01    1.559826e+05    2.382659e+05
1.759000e+01    1.531095e+05    2.400386e+05
1.760000e+01    1.528289e+05    2.436762e+05
1.761000e+01    1.555506e+05    2.460415e+05
1.762000e+01    1.587430e+05    2.451652e+05
1.763000e+01    1.593973e+05    2.422254e+05
1.764000e+01    1.569825e+05    2.404306e+05
1.765000e+01    1.540017e+05    2.418872e+05
1.766000e+01    1.535669e+05    2.455012e+05
1.767000e+01    1.562621e+05    2.478477e+05
1.768000e+01    1.596156e+05    2.468622e+05
1.769000e+01    1.604891e+05    2.436517e+05
1.770000e+01    1.581924e+05    2.414761e+05
1.771000e+01    1.552087e+05    2.425841e+05
1.772000e+01    1.547301e+05    2.459484e+05
1.773000e+01    1.574806e+05    2.482985e+05
1.774000e+01    1.609979e+05    2.473566e+05
1.775000e+01    1.620637e+05    2.441057e+05
1.776000e+01    1.599199e+05    2.418356e+05
1.777000e+01    1.570372e+05    2.428468e+05
1.778000e+01    1.566496e+05    2.461625e+05
1.779000e+01    1.595479e+05    2.484898e+05
1.780000e+01    1.632812e+05    2.474730e+05
1.781000e+01    1.645850e+05    2.440570e+05
1.782000e+01    1.626436e+05    2.415202e+05
1.783000e+01    1.598762e+05    2.422021e+05
1.784000e+01    1.595171e+05    2.451756e+05
1.785000e+01    1.623837e+05    2.471544e+05
1.786000e+01    1.660132e+05    2.457904e+05
1.787000e+01    1.671326e+05    2.420250e+05
1.788000e+01    1.648900e+05    2.391632e+05
1.789000e+01    1.616978e+05    2.396175e+05
1.790000e+01    1.608497e+05    2.425261e+05
1.791000e+01    1.632358e+05    2.446294e+05
1.792000e+01    1.664705e+05    2.435264e+05
1.793000e+01    1.671678e+05    2.399772e+05
1.794000e+01    1.646104e+05    2.372940e+05
1.795000e+01    1.611224e+05    2.378781e+05
1.796000e+01    1.599226e+05    2.409519e+05
1.797000e+01    1.619714e+05    2.434091e+05
1.798000e+01    1.651381e+05    2.429100e+05
1.799000e+01    1.664355e+05    2.401173e+05
1.800000e+01    1.650568e+05    2.378636e+05
1.801000e+01    1.630745e+05    2.380998e+05
1.802000e+01    1.631314e+05    2.398570e+05
1.803000e+01    1.655465e+05    2.402830e+05
1.804000e+01    1.678153e+05    2.377061e+05
1.805000e+01    1.671265e+05    2.336200e+05
1.806000e+01    1.633577e+05    2.313727e+05
1.807000e+01    1.594383e+05    2.328794e+05
1.808000e+01    1.586346e+05    2.366025e+05
1.809000e+01    1.613572e+05    2.388863e+05
1.810000e+01    1.646793e+05    2.374791e+05
1.811000e+01    1.651776e+05    2.337127e+05
1.812000e+01    1.622465e+05    2.311925e+05
1.813000e+01    1.586785e+05    2.322651e+05
1.814000e+01    1.579036e+05    2.356946e+05
1.815000e+01    1.605675e+05    2.379041e+05
1.816000e+01    1.639154e+05    2.365384e+05
1.817000e+01    1.645258e+05    2.327881e+05
1.818000e+01    1.615764e+05    2.302767e+05
1.819000e+01    1.578323e+05    2.313740e+05
1.820000e+01    1.568176e+05    2.348549e+05
1.821000e+01    1.592348e+05    2.371767e+05
1.822000e+01    1.623748e+05    2.359519e+05
1.823000e+01    1.628002e+05    2.323277e+05
1.824000e+01    1.598035e+05    2.298578e+05
1.825000e+01    1.560928e+05    2.309281e+05
1.826000e+01    1.550894e+05    2.343951e+05
1.827000e+01    1.575227e+05    2.367229e+05
1.828000e+01    1.606880e+05    2.355029e+05
1.829000e+01    1.611554e+05    2.318867e+05
1.830000e+01    1.582034e+05    2.294079e+05
1.831000e+01    1.545266e+05    2.304631e+05
1.832000e+01    1.535582e+05    2.339215e+05
1.833000e+01    1.560322e+05    2.362343e+05
1.834000e+01    1.592423e+05    2.350018e+05
1.835000e+01    1.597640e+05    2.313576e+05
1.836000e+01    1.568613e+05    2.288307e+05
1.837000e+01    1.532260e+05    2.298312e+05
1.838000e+01    1.522907e+05    2.332156e+05
1.839000e+01    1.547733e+05    2.354449e+05
1.840000e+01    1.579719e+05    2.341255e+05
1.841000e+01    1.584557e+05    2.303945e+05
1.842000e+01    1.554823e+05    2.278058e+05
1.843000e+01    1.517704e+05    2.287668e+05
1.844000e+01    1.507022e+05    2.323731e+05
1.845000e+01    1.530567e+05    2.348637e+05
1.846000e+01    1.561418e+05    2.338214e+05
1.847000e+01    1.565161e+05    2.303826e+05
1.848000e+01    1.534642e+05    2.280990e+05
1.849000e+01    1.496937e+05    2.293625e+05
1.850000e+01    1.486329e+05    2.330286e+05
1.851000e+01    1.510120e+05    2.355503e+05
1.852000e+01    1.541135e+05    2.345206e+05
1.853000e+01    1.545045e+05    2.310990e+05
1.854000e+01    1.514702e+05    2.288283e+05
1.855000e+01    1.477190e+05    2.301018e+05
1.856000e+01    1.466885e+05    2.337707e+05
1.857000e+01    1.490889e+05    2.362754e+05
1.858000e+01    1.521957e+05    2.352315e+05
1.859000e+01    1.525859e+05    2.318008e+05
1.860000e+01    1.495510e+05    2.295272e+05
1.861000e+01    1.458133e+05    2.308062e+05
1.862000e+01    1.448010e+05    2.344540e+05
1.863000e+01    1.471982e+05    2.369222e+05
1.864000e+01    1.502749e+05    2.358445e+05
1.865000e+01    1.506127e+05    2.324026e+05
1.866000e+01    1.475259e+05    2.301611e+05
1.867000e+01    1.437722e+05    2.314761e+05
1.868000e+01    1.427558e+05    2.351408e+05
1.869000e+01    1.451841e+05    2.376731e+05
1.870000e+01    1.483420e+05    2.367957e+05
1.871000e+01    1.487196e+05    2.336463e+05
1.872000e+01    1.457388e+05    2.318232e+05
1.873000e+01    1.422529e+05    2.336292e+05
1.874000e+01    1.417207e+05    2.377283e+05
1.875000e+01    1.447364e+05    2.404056e+05
1.876000e+01    1.483529e+05    2.392504e+05
1.877000e+01    1.489805e+05    2.355859e+05
1.878000e+01    1.459203e+05    2.331783e+05
1.879000e+01    1.420498e+05    2.345489e+05
1.880000e+01    1.409991e+05    2.385040e+05
1.881000e+01    1.435444e+05    2.413247e+05
1.882000e+01    1.468874e+05    2.404969e+05
1.883000e+01    1.474713e+05    2.371754e+05
1.884000e+01    1.445189e+05    2.350075e+05
1.885000e+01    1.408070e+05    2.364914e+05
1.886000e+01    1.398745e+05    2.404496e+05
1.887000e+01    1.424707e+05    2.432447e+05
1.888000e+01    1.458257e+05    2.424081e+05
1.889000e+01    1.464120e+05    2.391012e+05
1.890000e+01    1.434769e+05    2.369686e+05
1.891000e+01    1.398059e+05    2.384680e+05
1.892000e+01    1.389117e+05    2.424224e+05
1.893000e+01    1.415353e+05    2.452014e+05
1.894000e+01    1.448984e+05    2.443381e+05
1.895000e+01    1.456533e+05    2.410090e+05
1.896000e+01    1.429477e+05    2.388642e+05
1.897000e+01    1.395064e+05    2.403606e+05
1.898000e+01    1.388491e+05    2.443213e+05
1.899000e+01    1.417252e+05    2.470979e+05
1.900000e+01    1.453351e+05    2.462282e+05
1.901000e+01    1.461567e+05    2.429009e+05
1.902000e+01    1.434519e+05    2.407574e+05
1.903000e+01    1.400029e+05    2.422655e+05
1.904000e+01    1.393541e+05    2.462496e+05
1.905000e+01    1.422405e+05    2.490481e+05
1.906000e+01    1.458724e+05    2.481957e+05
1.907000e+01    1.467163e+05    2.448680e+05
1.908000e+01    1.440124e+05    2.427190e+05
1.909000e+01    1.405549e+05    2.442423e+05
1.910000e+01    1.398947e+05    2.482566e+05
1.911000e+01    1.427935e+05    2.511067e+05
1.912000e+01    1.464724e+05    2.502948e+05
1.913000e+01    1.473637e+05    2.469707e+05
1.914000e+01    1.446791e+05    2.448104e+05
1.915000e+01    1.412026e+05    2.463344e+05
1.916000e+01    1.405117e+05    2.504114e+05
1.917000e+01    1.434359e+05    2.533786e+05
1.918000e+01    1.472206e+05    2.526586e+05
1.919000e+01    1.482439e+05    2.493502e+05
1.920000e+01    1.456363e+05    2.471040e+05
1.921000e+01    1.421939e+05    2.484521e+05
1.922000e+01    1.414927e+05    2.526142e+05
1.923000e+01    1.446593e+05    2.559779e+05
1.924000e+01    1.492470e+05    2.557607e+05
1.925000e+01    1.517526e+05    2.525633e+05
1.926000e+01    1.509622e+05    2.495253e+05
1.927000e+01    1.488768e+05    2.490885e+05
1.928000e+01    1.484047e+05    2.506485e+05
1.929000e+01    1.502346e+05    2.514463e+05
1.930000e+01    1.521852e+05    2.496944e+05
1.931000e+01    1.516135e+05    2.466080e+05
1.932000e+01    1.483673e+05    2.452543e+05
1.933000e+01    1.452091e+05    2.473421e+05
1.934000e+01    1.451273e+05    2.512713e+05
1.935000e+01    1.482891e+05    2.535558e+05
1.936000e+01    1.517408e+05    2.522183e+05
1.937000e+01    1.522289e+05    2.487962e+05
1.938000e+01    1.494375e+05    2.468922e+05
1.939000e+01    1.463152e+05    2.485973e+05
1.940000e+01    1.461602e+05    2.524193e+05
1.941000e+01    1.493474e+05    2.547451e+05
1.942000e+01    1.529242e+05    2.534162e+05
1.943000e+01    1.535423e+05    2.499253e+05
1.944000e+01    1.508064e+05    2.479095e+05
1.945000e+01    1.476649e+05    2.495434e+05
1.946000e+01    1.474493e+05    2.532545e+05
1.947000e+01    1.505947e+05    2.554041e+05
1.948000e+01    1.541642e+05    2.538878e+05
1.949000e+01    1.547783e+05    2.501676e+05
1.950000e+01    1.520043e+05    2.479040e+05
1.951000e+01    1.488002e+05    2.493160e+05
1.952000e+01    1.485746e+05    2.529410e+05
1.953000e+01    1.517590e+05    2.550992e+05
1.954000e+01    1.553919e+05    2.535736e+05
1.955000e+01    1.560684e+05    2.498140e+05
1.956000e+01    1.533348e+05    2.475059e+05
1.957000e+01    1.501717e+05    2.488744e+05
1.958000e+01    1.499897e+05    2.524499e+05
1.959000e+01    1.532275e+05    2.545427e+05
1.960000e+01    1.569091e+05    2.529162e+05
1.961000e+01    1.575881e+05    2.490263e+05
1.962000e+01    1.548201e+05    2.465879e+05
1.963000e+01    1.515806e+05    2.478392e+05
1.964000e+01    1.512928e+05    2.513288e+05
1.965000e+01    1.544129e+05    2.533645e+05
1.966000e+01    1.579563e+05    2.517034e+05
1.967000e+01    1.584953e+05    2.478296e+05
1.968000e+01    1.555984e+05    2.454488e+05
1.969000e+01    1.522592e+05    2.467969e+05
1.970000e+01    1.519252e+05    2.504025e+05
1.971000e+01    1.550410e+05    2.525344e+05
1.972000e+01    1.584156e+05    2.508947e+05
1.973000e+01    1.587872e+05    2.470184e+05
1.974000e+01    1.557212e+05    2.446260e+05
1.975000e+01    1.522267e+05    2.459728e+05
1.976000e+01    1.517553e+05    2.495592e+05
1.977000e+01    1.547349e+05    2.516524e+05
1.978000e+01    1.581522e+05    2.500122e+05
1.979000e+01    1.585565e+05    2.461240e+05
1.980000e+01    1.555036e+05    2.437345e+05
1.981000e+01    1.520342e+05    2.450829e+05
1.982000e+01    1.516003e+05    2.486600e+05
1.983000e+01    1.546260e+05    2.507159e+05
1.984000e+01    1.580699e+05    2.489939e+05
1.985000e+01    1.584360e+05    2.450022e+05
1.986000e+01    1.552895e+05    2.425250e+05
1.987000e+01    1.516692e+05    2.438373e+05
1.988000e+01    1.510640e+05    2.474630e+05
1.989000e+01    1.539507e+05    2.496487e+05
1.990000e+01    1.573153e+05    2.481148e+05
1.991000e+01    1.577007e+05    2.443422e+05
1.992000e+01    1.546685e+05    2.420514e+05
1.993000e+01    1.512263e+05    2.434771e+05
1.994000e+01    1.508254e+05    2.471211e+05
1.995000e+01    1.538740e+05    2.492308e+05
1.996000e+01    1.573246e+05    2.475835e+05
1.997000e+01    1.576695e+05    2.437409e+05
1.998000e+01    1.544551e+05    2.414861e+05
1.999000e+01    1.508349e+05    2.430020e+05
2.000000e+01    1.502801e+05    2.467434e+05
2.001000e+01    1.531895e+05    2.489418e+05
2.002000e+01    1.565007e+05    2.473610e+05
2.003000e+01    1.567359e+05    2.435306e+05
2.004000e+01    1.534757e+05    2.412414e+05
2.005000e+01    1.498007e+05    2.427377e+05
2.006000e+01    1.491842e+05    2.464864e+05
2.007000e+01    1.520402e+05    2.487174e+05
2.008000e+01    1.553089e+05    2.471819e+05
2.009000e+01    1.555102e+05    2.434191e+05
2.010000e+01    1.522543e+05    2.412090e+05
2.011000e+01    1.486169e+05    2.427802e+05
2.012000e+01    1.480666e+05    2.465856e+05
2.013000e+01    1.510003e+05    2.488308e+05
2.014000e+01    1.543193e+05    2.472806e+05
2.015000e+01    1.545468e+05    2.435027e+05
2.016000e+01    1.512967e+05    2.412880e+05
2.017000e+01    1.476580e+05    2.428722e+05
2.018000e+01    1.471281e+05    2.466963e+05
2.019000e+01    1.500841e+05    2.489460e+05
2.020000e+01    1.534217e+05    2.473927e+05
2.021000e+01    1.536565e+05    2.436049e+05
2.022000e+01    1.503983e+05    2.413897e+05
2.023000e+01    1.467497e+05    2.431297e+05
2.024000e+01    1.462165e+05    2.471431e+05
2.025000e+01    1.491790e+05    2.495773e+05
2.026000e+01    1.525255e+05    2.481929e+05
2.027000e+01    1.527497e+05    2.445626e+05
2.028000e+01    1.494643e+05    2.425217e+05
2.029000e+01    1.458003e+05    2.443110e+05
2.030000e+01    1.452592e+05    2.483486e+05
2.031000e+01    1.482281e+05    2.508095e+05
2.032000e+01    1.515807e+05    2.494334e+05
2.033000e+01    1.517922e+05    2.458130e+05
2.034000e+01    1.484823e+05    2.437920e+05
2.035000e+01    1.447814e+05    2.456283e+05
2.036000e+01    1.442164e+05    2.497486e+05
2.037000e+01    1.471992e+05    2.522981e+05
2.038000e+01    1.505825e+05    2.510049e+05
2.039000e+01    1.508306e+05    2.474506e+05
2.040000e+01    1.475319e+05    2.454903e+05
2.041000e+01    1.438151e+05    2.474271e+05
2.042000e+01    1.432588e+05    2.517113e+05
2.043000e+01    1.462987e+05    2.544719e+05
2.044000e+01    1.498168e+05    2.533951e+05
2.045000e+01    1.502350e+05    2.500200e+05
2.046000e+01    1.470689e+05    2.482478e+05
2.047000e+01    1.434659e+05    2.505143e+05
2.048000e+01    1.431741e+05    2.554009e+05
2.049000e+01    1.470195e+05    2.590920e+05
2.050000e+01    1.521008e+05    2.588472e+05
2.051000e+01    1.548600e+05    2.556070e+05
2.052000e+01    1.543790e+05    2.526711e+05
2.053000e+01    1.529245e+05    2.522096e+05
2.054000e+01    1.532303e+05    2.531930e+05
2.055000e+01    1.554515e+05    2.527628e+05
2.056000e+01    1.569284e+05    2.495474e+05
2.057000e+01    1.550605e+05    2.454707e+05
2.058000e+01    1.502955e+05    2.440026e+05
2.059000e+01    1.460480e+05    2.466415e+05
2.060000e+01    1.455252e+05    2.511919e+05
2.061000e+01    1.485596e+05    2.536803e+05
2.062000e+01    1.516524e+05    2.521845e+05
2.063000e+01    1.513782e+05    2.486964e+05
2.064000e+01    1.477129e+05    2.471596e+05
2.065000e+01    1.440525e+05    2.495782e+05
2.066000e+01    1.438443e+05    2.540000e+05
2.067000e+01    1.471059e+05    2.564503e+05
2.068000e+01    1.503956e+05    2.549106e+05
2.069000e+01    1.502083e+05    2.513557e+05
2.070000e+01    1.464763e+05    2.498573e+05
2.071000e+01    1.427218e+05    2.525541e+05
2.072000e+01    1.426013e+05    2.574942e+05
2.073000e+01    1.463291e+05    2.605311e+05
2.074000e+01    1.505564e+05    2.593436e+05
2.075000e+01    1.515332e+05    2.556632e+05
2.076000e+01    1.488167e+05    2.535239e+05
2.077000e+01    1.456286e+05    2.552361e+05
2.078000e+01    1.455101e+05    2.591867e+05
2.079000e+01    1.487970e+05    2.615521e+05
2.080000e+01    1.523329e+05    2.601820e+05
2.081000e+01    1.527236e+05    2.568040e+05
2.082000e+01    1.498198e+05    2.552219e+05
2.083000e+01    1.468888e+05    2.574486e+05
2.084000e+01    1.473392e+05    2.616153e+05
2.085000e+01    1.512435e+05    2.637746e+05
2.086000e+01    1.551801e+05    2.618775e+05
2.087000e+01    1.556319e+05    2.578504e+05
2.088000e+01    1.524782e+05    2.557191e+05
2.089000e+01    1.491429e+05    2.576293e+05
2.090000e+01    1.491970e+05    2.616829e+05
2.091000e+01    1.527649e+05    2.638506e+05
2.092000e+01    1.564138e+05    2.620253e+05
2.093000e+01    1.565947e+05    2.581585e+05
2.094000e+01    1.532482e+05    2.563588e+05
2.095000e+01    1.499901e+05    2.587357e+05
2.096000e+01    1.505318e+05    2.631729e+05
2.097000e+01    1.549506e+05    2.652882e+05
2.098000e+01    1.594487e+05    2.626734e+05
2.099000e+01    1.598784e+05    2.573177e+05
2.100000e+01    1.558043e+05    2.537407e+05
2.101000e+01    1.506976e+05    2.549093e+05
2.102000e+01    1.487928e+05    2.594172e+05
2.103000e+01    1.510960e+05    2.630851e+05
2.104000e+01    1.546732e+05    2.630395e+05
2.105000e+01    1.557713e+05    2.603594e+05
2.106000e+01    1.535601e+05    2.586888e+05
2.107000e+01    1.507824e+05    2.604263e+05
2.108000e+01    1.508286e+05    2.643050e+05
2.109000e+01    1.542077e+05    2.667267e+05
2.110000e+01    1.580126e+05    2.654874e+05
2.111000e+01    1.588800e+05    2.620188e+05
2.112000e+01    1.563699e+05    2.599472e+05
2.113000e+01    1.533985e+05    2.614599e+05
2.114000e+01    1.532817e+05    2.651009e+05
2.115000e+01    1.563762e+05    2.673042e+05
2.116000e+01    1.597643e+05    2.660219e+05
2.117000e+01    1.602287e+05    2.627981e+05
2.118000e+01    1.575318e+05    2.612303e+05
2.119000e+01    1.547241e+05    2.633055e+05
2.120000e+01    1.550755e+05    2.673749e+05
2.121000e+01    1.588316e+05    2.697670e+05
2.122000e+01    1.629726e+05    2.683956e+05
2.123000e+01    1.642042e+05    2.647771e+05
2.124000e+01    1.622046e+05    2.624291e+05
2.125000e+01    1.597799e+05    2.632562e+05
2.126000e+01    1.598882e+05    2.657385e+05
2.127000e+01    1.625692e+05    2.666694e+05
2.128000e+01    1.649086e+05    2.645150e+05
2.129000e+01    1.641368e+05    2.612037e+05
2.130000e+01    1.606379e+05    2.602195e+05
2.131000e+01    1.577706e+05    2.630133e+05
2.132000e+01    1.586134e+05    2.673431e+05
2.133000e+01    1.628081e+05    2.693128e+05
2.134000e+01    1.668011e+05    2.671911e+05
2.135000e+01    1.672690e+05    2.631204e+05
2.136000e+01    1.643487e+05    2.610275e+05
2.137000e+01    1.614807e+05    2.627625e+05
2.138000e+01    1.619404e+05    2.662451e+05
2.139000e+01    1.655260e+05    2.676150e+05
2.140000e+01    1.687470e+05    2.651349e+05
2.141000e+01    1.683092e+05    2.610086e+05
2.142000e+01    1.644715e+05    2.592744e+05
2.143000e+01    1.609024e+05    2.617694e+05
2.144000e+01    1.610814e+05    2.662764e+05
2.145000e+01    1.648938e+05    2.686639e+05
2.146000e+01    1.687366e+05    2.669215e+05
2.147000e+01    1.690723e+05    2.631391e+05
2.148000e+01    1.659440e+05    2.613930e+05
2.149000e+01    1.628796e+05    2.636749e+05
2.150000e+01    1.633635e+05    2.679301e+05
2.151000e+01    1.673230e+05    2.700509e+05
2.152000e+01    1.712452e+05    2.680861e+05
2.153000e+01    1.716614e+05    2.641186e+05
2.154000e+01    1.686178e+05    2.621889e+05
2.155000e+01    1.656362e+05    2.642801e+05
2.156000e+01    1.662128e+05    2.683268e+05
2.157000e+01    1.702828e+05    2.702624e+05
2.158000e+01    1.743052e+05    2.681088e+05
2.159000e+01    1.747935e+05    2.639334e+05
2.160000e+01    1.717877e+05    2.617891e+05
2.161000e+01    1.688281e+05    2.636672e+05
2.162000e+01    1.693910e+05    2.674725e+05
2.163000e+01    1.733947e+05    2.691528e+05
2.164000e+01    1.772768e+05    2.667470e+05
2.165000e+01    1.775335e+05    2.623660e+05
2.166000e+01    1.742417e+05    2.601223e+05
2.167000e+01    1.710007e+05    2.620037e+05
2.168000e+01    1.713303e+05    2.659060e+05
2.169000e+01    1.751780e+05    2.677340e+05
2.170000e+01    1.789665e+05    2.654795e+05
2.171000e+01    1.791744e+05    2.612587e+05
2.172000e+01    1.758856e+05    2.591734e+05
2.173000e+01    1.726943e+05    2.612060e+05
2.174000e+01    1.731256e+05    2.652363e+05
2.175000e+01    1.771138e+05    2.671320e+05
2.176000e+01    1.810209e+05    2.648997e+05
2.177000e+01    1.812782e+05    2.606658e+05
2.178000e+01    1.780333e+05    2.585664e+05
2.179000e+01    1.749116e+05    2.605894e+05
2.180000e+01    1.754688e+05    2.645728e+05
2.181000e+01    1.795889e+05    2.663471e+05
2.182000e+01    1.836120e+05    2.639213e+05
2.183000e+01    1.839755e+05    2.594637e+05
2.184000e+01    1.807710e+05    2.571543e+05
2.185000e+01    1.776842e+05    2.589997e+05
2.186000e+01    1.782884e+05    2.627908e+05
2.187000e+01    1.824581e+05    2.643227e+05
2.188000e+01    1.864774e+05    2.615864e+05
2.189000e+01    1.867201e+05    2.567996e+05
2.190000e+01    1.833057e+05    2.542267e+05
2.191000e+01    1.799876e+05    2.558887e+05
2.192000e+01    1.803963e+05    2.595409e+05
2.193000e+01    1.843979e+05    2.608947e+05
2.194000e+01    1.881699e+05    2.578996e+05
2.195000e+01    1.880038e+05    2.528791e+05
2.196000e+01    1.840463e+05    2.502262e+05
2.197000e+01    1.801931e+05    2.520369e+05
2.198000e+01    1.802430e+05    2.559693e+05
2.199000e+01    1.840574e+05    2.574887e+05
2.200000e+01    1.875442e+05    2.544248e+05
2.201000e+01    1.866481e+05    2.492606e+05
2.202000e+01    1.813343e+05    2.469281e+05
2.203000e+01    1.758876e+05    2.501426e+05
2.204000e+01    1.750333e+05    2.567716e+05
2.205000e+01    1.796082e+05    2.617687e+05
2.206000e+01    1.860305e+05    2.617338e+05
2.207000e+01    1.897685e+05    2.577100e+05
2.208000e+01    1.894087e+05    2.537380e+05
2.209000e+01    1.874879e+05    2.527568e+05
2.210000e+01    1.874360e+05    2.539585e+05
2.211000e+01    1.899607e+05    2.541210e+05
2.212000e+01    1.924910e+05    2.512762e+05
2.213000e+01    1.920665e+05    2.469062e+05
2.214000e+01    1.886507e+05    2.444391e+05
2.215000e+01    1.853202e+05    2.456126e+05
2.216000e+01    1.851809e+05    2.485700e+05
2.217000e+01    1.881726e+05    2.496324e+05
2.218000e+01    1.910295e+05    2.469921e+05
2.219000e+01    1.905436e+05    2.426164e+05
2.220000e+01    1.868191e+05    2.402826e+05
2.221000e+01    1.831998e+05    2.418001e+05
2.222000e+01    1.829461e+05    2.451664e+05
2.223000e+01    1.859410e+05    2.465335e+05
2.224000e+01    1.887746e+05    2.440982e+05
2.225000e+01    1.881794e+05    2.399211e+05
2.226000e+01    1.843108e+05    2.378827e+05
2.227000e+01    1.806318e+05    2.398049e+05
2.228000e+01    1.804359e+05    2.436422e+05
2.229000e+01    1.835774e+05    2.454033e+05
2.230000e+01    1.865695e+05    2.432760e+05
2.231000e+01    1.860966e+05    2.393883e+05
2.232000e+01    1.823566e+05    2.377103e+05
2.233000e+01    1.789314e+05    2.400488e+05
2.234000e+01    1.792038e+05    2.442030e+05
2.235000e+01    1.829967e+05    2.461195e+05
2.236000e+01    1.867297e+05    2.438813e+05
2.237000e+01    1.869409e+05    2.395933e+05
2.238000e+01    1.837344e+05    2.372630e+05
2.239000e+01    1.805889e+05    2.387655e+05
2.240000e+01    1.808283e+05    2.420073e+05
2.241000e+01    1.842574e+05    2.430545e+05
2.242000e+01    1.873158e+05    2.401272e+05
2.243000e+01    1.866678e+05    2.354649e+05
2.244000e+01    1.825725e+05    2.331035e+05
2.245000e+01    1.786617e+05    2.348702e+05
2.246000e+01    1.783599e+05    2.385492e+05
2.247000e+01    1.814599e+05    2.400662e+05
2.248000e+01    1.843415e+05    2.375791e+05
2.249000e+01    1.836097e+05    2.332976e+05
2.250000e+01    1.794832e+05    2.312711e+05
2.251000e+01    1.755970e+05    2.333455e+05
2.252000e+01    1.753658e+05    2.372723e+05
2.253000e+01    1.785612e+05    2.390053e+05
2.254000e+01    1.815461e+05    2.367246e+05
2.255000e+01    1.808880e+05    2.326214e+05
2.256000e+01    1.768136e+05    2.307903e+05
2.257000e+01    1.729990e+05    2.330580e+05
2.258000e+01    1.728574e+05    2.371623e+05
2.259000e+01    1.761412e+05    2.390107e+05
2.260000e+01    1.791751e+05    2.367611e+05
2.261000e+01    1.785136e+05    2.326869e+05
2.262000e+01    1.744199e+05    2.309067e+05
2.263000e+01    1.705813e+05    2.332533e+05
2.264000e+01    1.704336e+05    2.374536e+05
2.265000e+01    1.737297e+05    2.393835e+05
2.266000e+01    1.767582e+05    2.372023e+05
2.267000e+01    1.760798e+05    2.332119e+05
2.268000e+01    1.719634e+05    2.315390e+05
2.269000e+01    1.681200e+05    2.340223e+05
2.270000e+01    1.680159e+05    2.383631e+05
2.271000e+01    1.713744e+05    2.404039e+05
2.272000e+01    1.744645e+05    2.383116e+05
2.273000e+01    1.738316e+05    2.343958e+05
2.274000e+01    1.697438e+05    2.328089e+05
2.275000e+01    1.659482e+05    2.354088e+05
2.276000e+01    1.659166e+05    2.398548e+05
2.277000e+01    1.693652e+05    2.419813e+05
2.278000e+01    1.725451e+05    2.399442e+05
2.279000e+01    1.720337e+05    2.360939e+05
2.280000e+01    1.680626e+05    2.346061e+05
2.281000e+01    1.643955e+05    2.373162e+05
2.282000e+01    1.645155e+05    2.418824e+05
2.283000e+01    1.681435e+05    2.441119e+05
2.284000e+01    1.715005e+05    2.421370e+05
2.285000e+01    1.710736e+05    2.383118e+05
2.286000e+01    1.671543e+05    2.368517e+05
2.287000e+01    1.635332e+05    2.396176e+05
2.288000e+01    1.637277e+05    2.442608e+05
2.289000e+01    1.674712e+05    2.465406e+05
2.290000e+01    1.709413e+05    2.445755e+05
2.291000e+01    1.706011e+05    2.407296e+05
2.292000e+01    1.667180e+05    2.392504e+05
2.293000e+01    1.631060e+05    2.420454e+05
2.294000e+01    1.633525e+05    2.467621e+05
2.295000e+01    1.671946e+05    2.491079e+05
2.296000e+01    1.707942e+05    2.471505e+05
2.297000e+01    1.705332e+05    2.432369e+05
2.298000e+01    1.666031e+05    2.416992e+05
2.299000e+01    1.628605e+05    2.445876e+05
2.300000e+01    1.630320e+05    2.496181e+05
2.301000e+01    1.670847e+05    2.524469e+05
2.302000e+01    1.713238e+05    2.508783e+05
2.303000e+01    1.720280e+05    2.469093e+05
2.304000e+01    1.690520e+05    2.446444e+05
2.305000e+01    1.658103e+05    2.461649e+05
2.306000e+01    1.655930e+05    2.496549e+05
2.307000e+01    1.683721e+05    2.513836e+05
2.308000e+01    1.708648e+05    2.496434e+05
2.309000e+01    1.700144e+05    2.465629e+05
2.310000e+01    1.662497e+05    2.458984e+05
2.311000e+01    1.631348e+05    2.491380e+05
2.312000e+01    1.637980e+05    2.538758e+05
2.313000e+01    1.677192e+05    2.561187e+05
2.314000e+01    1.711338e+05    2.543130e+05
2.315000e+01    1.707932e+05    2.509371e+05
2.316000e+01    1.672080e+05    2.500643e+05
2.317000e+01    1.641774e+05    2.533078e+05
2.318000e+01    1.650252e+05    2.581674e+05
2.319000e+01    1.692294e+05    2.605036e+05
2.320000e+01    1.729467e+05    2.586892e+05
2.321000e+01    1.728295e+05    2.552394e+05
2.322000e+01    1.693753e+05    2.543345e+05
2.323000e+01    1.664764e+05    2.576403e+05
2.324000e+01    1.675222e+05    2.626117e+05
2.325000e+01    1.720192e+05    2.650405e+05
2.326000e+01    1.760772e+05    2.632349e+05
2.327000e+01    1.762689e+05    2.597181e+05
2.328000e+01    1.730826e+05    2.587258e+05
2.329000e+01    1.704271e+05    2.619446e+05
2.330000e+01    1.717340e+05    2.667862e+05
2.331000e+01    1.765163e+05    2.690270e+05
2.332000e+01    1.808345e+05    2.669823e+05
2.333000e+01    1.812419e+05    2.632193e+05
2.334000e+01    1.782304e+05    2.619950e+05
2.335000e+01    1.757279e+05    2.650198e+05
2.336000e+01    1.771845e+05    2.697516e+05
2.337000e+01    1.821180e+05    2.719222e+05
2.338000e+01    1.865828e+05    2.698499e+05
2.339000e+01    1.871679e+05    2.661137e+05
2.340000e+01    1.844165e+05    2.649653e+05
2.341000e+01    1.823088e+05    2.680603e+05
2.342000e+01    1.842782e+05    2.727495e+05
2.343000e+01    1.897228e+05    2.747393e+05
2.344000e+01    1.946306e+05    2.724281e+05
2.345000e+01    1.956410e+05    2.685254e+05
2.346000e+01    1.935092e+05    2.673177e+05
2.347000e+01    1.924490e+05    2.702029e+05
2.348000e+01    1.958139e+05    2.740571e+05
2.349000e+01    2.024901e+05    2.742101e+05
2.350000e+01    2.076333e+05    2.691626e+05
2.351000e+01    2.071999e+05    2.624405e+05
2.352000e+01    2.020505e+05    2.595815e+05
2.353000e+01    1.974205e+05    2.629678e+05
2.354000e+01    1.982551e+05    2.695273e+05
2.355000e+01    2.047364e+05    2.734623e+05
2.356000e+01    2.121311e+05    2.714385e+05
2.357000e+01    2.153848e+05    2.656805e+05
2.358000e+01    2.136865e+05    2.615067e+05
2.359000e+01    2.111110e+05    2.623030e+05
2.360000e+01    2.126914e+05    2.663343e+05
2.361000e+01    2.196688e+05    2.683138e+05
2.362000e+01    2.282882e+05    2.642007e+05
2.363000e+01    2.330837e+05    2.546442e+05
2.364000e+01    2.313071e+05    2.442060e+05
2.365000e+01    2.246145e+05    2.375190e+05
2.366000e+01    2.169927e+05    2.360556e+05
2.367000e+01    2.113488e+05    2.382050e+05
2.368000e+01    2.081521e+05    2.417997e+05
2.369000e+01    2.067871e+05    2.460313e+05
2.370000e+01    2.074546e+05    2.509640e+05
2.371000e+01    2.111711e+05    2.557245e+05
2.372000e+01    2.179168e+05    2.580009e+05
2.373000e+01    2.253188e+05    2.558504e+05
2.374000e+01    2.298654e+05    2.500142e+05
2.375000e+01    2.298818e+05    2.440204e+05
2.376000e+01    2.273529e+05    2.413897e+05
2.377000e+01    2.263333e+05    2.424395e+05
2.378000e+01    2.292741e+05    2.439106e+05
2.379000e+01    2.346782e+05    2.419801e+05
2.380000e+01    2.384607e+05    2.359356e+05
2.381000e+01    2.378605e+05    2.289233e+05
2.382000e+01    2.341199e+05    2.248897e+05
2.383000e+01    2.312836e+05    2.247542e+05
2.384000e+01    2.321504e+05    2.255513e+05
2.385000e+01    2.355208e+05    2.233904e+05
2.386000e+01    2.374109e+05    2.173991e+05
2.387000e+01    2.350647e+05    2.106176e+05
2.388000e+01    2.297490e+05    2.069809e+05
2.389000e+01    2.255409e+05    2.073535e+05
2.390000e+01    2.251989e+05    2.085662e+05
2.391000e+01    2.272741e+05    2.066163e+05
2.392000e+01    2.274423e+05    2.007869e+05
2.393000e+01    2.228003e+05    1.946090e+05
2.394000e+01    2.149563e+05    1.926016e+05
2.395000e+01    2.087832e+05    1.957961e+05
2.396000e+01    2.078609e+05    2.005682e+05
2.397000e+01    2.110965e+05    2.018864e+05
2.398000e+01    2.137033e+05    1.979142e+05
2.399000e+01    2.116222e+05    1.916043e+05
2.400000e+01    2.051643e+05    1.877474e+05
2.401000e+01    1.983067e+05    1.884481e+05
2.402000e+01    1.945882e+05    1.914725e+05
2.403000e+01    1.936891e+05    1.928987e+05
2.404000e+01    1.920267e+05    1.913502e+05
2.405000e+01    1.867370e+05    1.895016e+05
2.406000e+01    1.788764e+05    1.913477e+05
2.407000e+01    1.726226e+05    1.981545e+05
2.408000e+01    1.713371e+05    2.068828e+05
2.409000e+01    1.742895e+05    2.131285e+05
2.410000e+01    1.775325e+05    2.153093e+05
2.411000e+01    1.779295e+05    2.159678e+05
2.412000e+01    1.763060e+05    2.189552e+05
2.413000e+01    1.765851e+05    2.252834e+05
2.414000e+01    1.816750e+05    2.317887e+05
2.415000e+01    1.903005e+05    2.341028e+05
2.416000e+01    1.979527e+05    2.308761e+05
2.417000e+01    2.010308e+05    2.251222e+05
2.418000e+01    2.001300e+05    2.213352e+05
2.419000e+01    1.992024e+05    2.211677e+05
2.420000e+01    2.014175e+05    2.220544e+05
2.421000e+01    2.059505e+05    2.200496e+05
2.422000e+01    2.088231e+05    2.140106e+05
2.423000e+01    2.069757e+05    2.069640e+05
2.424000e+01    2.014725e+05    2.031919e+05
2.425000e+01    1.965397e+05    2.040275e+05
2.426000e+01    1.954599e+05    2.065712e+05
2.427000e+01    1.973828e+05    2.065926e+05
2.428000e+01    1.982318e+05    2.027994e+05
2.429000e+01    1.948935e+05    1.981318e+05
2.430000e+01    1.883922e+05    1.968059e+05
2.431000e+01    1.829386e+05    2.000880e+05
2.432000e+01    1.818143e+05    2.049970e+05
2.433000e+01    1.841211e+05    2.072716e+05
2.434000e+01    1.856545e+05    2.055442e+05
2.435000e+01    1.832443e+05    2.027502e+05
2.436000e+01    1.778886e+05    2.031176e+05
2.437000e+01    1.738098e+05    2.078961e+05
2.438000e+01    1.742295e+05    2.140323e+05
2.439000e+01    1.781657e+05    2.172026e+05
2.440000e+01    1.814219e+05    2.160657e+05
2.441000e+01    1.807605e+05    2.135575e+05
2.442000e+01    1.771447e+05    2.139200e+05
2.443000e+01    1.747417e+05    2.183863e+05
2.444000e+01    1.767070e+05    2.239327e+05
2.445000e+01    1.820034e+05    2.262743e+05
2.446000e+01    1.863819e+05    2.241223e+05
2.447000e+01    1.865985e+05    2.204975e+05
2.448000e+01    1.836242e+05    2.196762e+05
2.449000e+01    1.816063e+05    2.229395e+05
2.450000e+01    1.836917e+05    2.273389e+05
2.451000e+01    1.888689e+05    2.286821e+05
2.452000e+01    1.929886e+05    2.258172e+05
2.453000e+01    1.930182e+05    2.217821e+05
2.454000e+01    1.901233e+05    2.207254e+05
2.455000e+01    1.885385e+05    2.236773e+05
2.456000e+01    1.913041e+05    2.273983e+05
2.457000e+01    1.970924e+05    2.275645e+05
2.458000e+01    2.015184e+05    2.230814e+05
2.459000e+01    2.013219e+05    2.172562e+05
2.460000e+01    1.976274e+05    2.145803e+05
2.461000e+01    1.948667e+05    2.162980e+05
2.462000e+01    1.962931e+05    2.192190e+05
2.463000e+01    2.007605e+05    2.189623e+05
2.464000e+01    2.038867e+05    2.143453e+05
2.465000e+01    2.024280e+05    2.086015e+05
2.466000e+01    1.975758e+05    2.061842e+05
2.467000e+01    1.937703e+05    2.083062e+05
2.468000e+01    1.942865e+05    2.117589e+05
2.469000e+01    1.979941e+05    2.121157e+05
2.470000e+01    2.004842e+05    2.081482e+05
2.471000e+01    1.985151e+05    2.030965e+05
2.472000e+01    1.932739e+05    2.013858e+05
2.473000e+01    1.891957e+05    2.042152e+05
2.474000e+01    1.895549e+05    2.083484e+05
2.475000e+01    1.931875e+05    2.093204e+05
2.476000e+01    1.956471e+05    2.059351e+05
2.477000e+01    1.936881e+05    2.014374e+05
2.478000e+01    1.885025e+05    2.002674e+05
2.479000e+01    1.845506e+05    2.036217e+05
2.480000e+01    1.851075e+05    2.082177e+05
2.481000e+01    1.889597e+05    2.095861e+05
2.482000e+01    1.916433e+05    2.065413e+05
2.483000e+01    1.899006e+05    2.023557e+05
2.484000e+01    1.849852e+05    2.013794e+05
2.485000e+01    1.813615e+05    2.049049e+05
2.486000e+01    1.822865e+05    2.096112e+05
2.487000e+01    1.865212e+05    2.110147e+05
2.488000e+01    1.895627e+05    2.079388e+05
2.489000e+01    1.881282e+05    2.037058e+05
2.490000e+01    1.834909e+05    2.028136e+05
2.491000e+01    1.801765e+05    2.063989e+05
2.492000e+01    1.814385e+05    2.111021e+05
2.493000e+01    1.859933e+05    2.124082e+05
2.494000e+01    1.892648e+05    2.091655e+05
2.495000e+01    1.879857e+05    2.047813e+05
2.496000e+01    1.834712e+05    2.037762e+05
2.497000e+01    1.803014e+05    2.072677e+05
2.498000e+01    1.817432e+05    2.118266e+05
2.499000e+01    1.864319e+05    2.128874e+05
2.500000e+01    1.897155e+05    2.093705e+05
2.501000e+01    1.883324e+05    2.047681e+05
2.502000e+01    1.836870e+05    2.036597e+05
2.503000e+01    1.804798e+05    2.071036e+05
2.504000e+01    1.819576e+05    2.114884e+05
2.505000e+01    1.865478e+05    2.121678e+05
2.506000e+01    1.893421e+05    2.081919e+05
2.507000e+01    1.869682e+05    2.034368e+05
2.508000e+01    1.810919e+05    2.029495e+05
2.509000e+01    1.770143e+05    2.078973e+05
2.510000e+01    1.786307e+05    2.143157e+05
2.511000e+01    1.847528e+05    2.168101e+05
2.512000e+01    1.901591e+05    2.134964e+05
2.513000e+01    1.905563e+05    2.077144e+05
2.514000e+01    1.865413e+05    2.046704e+05
2.515000e+01    1.826661e+05    2.064166e+05
2.516000e+01    1.827941e+05    2.101478e+05
2.517000e+01    1.863488e+05    2.112850e+05
2.518000e+01    1.890949e+05    2.082087e+05
2.519000e+01    1.876309e+05    2.038813e+05
2.520000e+01    1.829259e+05    2.027353e+05
2.521000e+01    1.793780e+05    2.061144e+05
2.522000e+01    1.803944e+05    2.108230e+05
2.523000e+01    1.848910e+05    2.122652e+05
2.524000e+01    1.883400e+05    2.090654e+05
2.525000e+01    1.872696e+05    2.044323e+05
2.526000e+01    1.826973e+05    2.029723e+05
2.527000e+01    1.791132e+05    2.061204e+05
2.528000e+01    1.799710e+05    2.106992e+05
2.529000e+01    1.842437e+05    2.121691e+05
2.530000e+01    1.875016e+05    2.091690e+05
2.531000e+01    1.863663e+05    2.048651e+05
2.532000e+01    1.819166e+05    2.037797e+05
2.533000e+01    1.786271e+05    2.071999e+05
2.534000e+01    1.798444e+05    2.118962e+05
2.535000e+01    1.843449e+05    2.133706e+05
2.536000e+01    1.877284e+05    2.103079e+05
2.537000e+01    1.866572e+05    2.059443e+05
2.538000e+01    1.822804e+05    2.047905e+05
2.539000e+01    1.790645e+05    2.080923e+05
2.540000e+01    1.803138e+05    2.125940e+05
2.541000e+01    1.848437e+05    2.137885e+05
2.542000e+01    1.881294e+05    2.104694e+05
2.543000e+01    1.868686e+05    2.059653e+05
2.544000e+01    1.822852e+05    2.048084e+05
2.545000e+01    1.789202e+05    2.082200e+05
2.546000e+01    1.801229e+05    2.128756e+05
2.547000e+01    1.846672e+05    2.142194e+05
2.548000e+01    1.880138e+05    2.110427e+05
2.549000e+01    1.868502e+05    2.066676e+05
2.550000e+01    1.823972e+05    2.056279e+05
2.551000e+01    1.792109e+05    2.091390e+05
2.552000e+01    1.806013e+05    2.138444e+05
2.553000e+01    1.853285e+05    2.152176e+05
2.554000e+01    1.888605e+05    2.120682e+05
2.555000e+01    1.878998e+05    2.077280e+05
2.556000e+01    1.837014e+05    2.067274e+05
2.557000e+01    1.808175e+05    2.102220e+05
2.558000e+01    1.825251e+05    2.148646e+05
2.559000e+01    1.875839e+05    2.161513e+05
2.560000e+01    1.914911e+05    2.129280e+05
2.561000e+01    1.910057e+05    2.085731e+05
2.562000e+01    1.874181e+05    2.073509e+05
2.563000e+01    1.851310e+05    2.102764e+05
2.564000e+01    1.871663e+05    2.139938e+05
2.565000e+01    1.920401e+05    2.141924e+05
2.566000e+01    1.952046e+05    2.100877e+05
2.567000e+01    1.937185e+05    2.053085e+05
2.568000e+01    1.893225e+05    2.042781e+05
2.569000e+01    1.868276e+05    2.076915e+05
2.570000e+01    1.893311e+05    2.116151e+05
2.571000e+01    1.949314e+05    2.112702e+05
2.572000e+01    1.984461e+05    2.058008e+05
2.573000e+01    1.963742e+05    1.992415e+05
2.574000e+01    1.903094e+05    1.967308e+05
2.575000e+01    1.854435e+05    1.995970e+05
2.576000e+01    1.855194e+05    2.041372e+05
2.577000e+01    1.892871e+05    2.053661e+05
2.578000e+01    1.918960e+05    2.019022e+05
2.579000e+01    1.897841e+05    1.972529e+05
2.580000e+01    1.842712e+05    1.962384e+05
2.581000e+01    1.802133e+05    2.000853e+05
2.582000e+01    1.811170e+05    2.051852e+05
2.583000e+01    1.856232e+05    2.066649e+05
2.584000e+01    1.888083e+05    2.032284e+05
2.585000e+01    1.870813e+05    1.985025e+05
2.586000e+01    1.818682e+05    1.974688e+05
2.587000e+01    1.780498e+05    2.014375e+05
2.588000e+01    1.792071e+05    2.067868e+05
2.589000e+01    1.840812e+05    2.085330e+05
2.590000e+01    1.877151e+05    2.052746e+05
2.591000e+01    1.863961e+05    2.005675e+05
2.592000e+01    1.813064e+05    1.994224e+05
2.593000e+01    1.773775e+05    2.033690e+05
2.594000e+01    1.784455e+05    2.089108e+05
2.595000e+01    1.834216e+05    2.109569e+05
2.596000e+01    1.873584e+05    2.078294e+05
2.597000e+01    1.862242e+05    2.029194e+05
2.598000e+01    1.807845e+05    2.014900e+05
2.599000e+01    1.759077e+05    2.057089e+05
2.600000e+01    1.759855e+05    2.127207e+05
2.601000e+01    1.810685e+05    2.174951e+05
2.602000e+01    1.872678e+05    2.174041e+05
2.603000e+01    1.906995e+05    2.141324e+05
2.604000e+01    1.909523e+05    2.113370e+05
2.605000e+01    1.906627e+05    2.106953e+05
2.606000e+01    1.920346e+05    2.105640e+05
2.607000e+01    1.941889e+05    2.083940e+05
2.608000e+01    1.941530e+05    2.041369e+05
2.609000e+01    1.904640e+05    2.008644e+05
2.610000e+01    1.853631e+05    2.016965e+05
2.611000e+01    1.830677e+05    2.062880e+05
2.612000e+01    1.858920e+05    2.105203e+05
2.613000e+01    1.911889e+05    2.104063e+05
2.614000e+01    1.940933e+05    2.058315e+05
2.615000e+01    1.919009e+05    2.009088e+05
2.616000e+01    1.867005e+05    2.001245e+05
2.617000e+01    1.834123e+05    2.040345e+05
2.618000e+01    1.850232e+05    2.087161e+05
2.619000e+01    1.896834e+05    2.096565e+05
2.620000e+01    1.926152e+05    2.061847e+05
2.621000e+01    1.908645e+05    2.020818e+05
2.622000e+01    1.862410e+05    2.017995e+05
2.623000e+01    1.835252e+05    2.059640e+05
2.624000e+01    1.856440e+05    2.107394e+05
2.625000e+01    1.907436e+05    2.116588e+05
2.626000e+01    1.940156e+05    2.080792e+05
2.627000e+01    1.924711e+05    2.038606e+05
2.628000e+01    1.879875e+05    2.035241e+05
2.629000e+01    1.854123e+05    2.077164e+05
2.630000e+01    1.877518e+05    2.125683e+05
2.631000e+01    1.931784e+05    2.135248e+05
2.632000e+01    1.968293e+05    2.098775e+05
2.633000e+01    1.956911e+05    2.054783e+05
2.634000e+01    1.915876e+05    2.048274e+05
2.635000e+01    1.893235e+05    2.085701e+05
2.636000e+01    1.918492e+05    2.128319e+05
2.637000e+01    1.972758e+05    2.129575e+05
2.638000e+01    2.007010e+05    2.083337e+05
2.639000e+01    1.990815e+05    2.031476e+05
2.640000e+01    1.943716e+05    2.020224e+05
2.641000e+01    1.915775e+05    2.056199e+05
2.642000e+01    1.937839e+05    2.099343e+05
2.643000e+01    1.990832e+05    2.103085e+05
2.644000e+01    2.025061e+05    2.060571e+05
2.645000e+01    2.009733e+05    2.011360e+05
2.646000e+01    1.963778e+05    2.002108e+05
2.647000e+01    1.937197e+05    2.039435e+05
2.648000e+01    1.960705e+05    2.083469e+05
2.649000e+01    2.015218e+05    2.087599e+05
2.650000e+01    2.050768e+05    2.044938e+05
2.651000e+01    2.036294e+05    1.995463e+05
2.652000e+01    1.991142e+05    1.985950e+05
2.653000e+01    1.965390e+05    2.023067e+05
2.654000e+01    1.989953e+05    2.066770e+05
2.655000e+01    2.045651e+05    2.070064e+05
2.656000e+01    2.082041e+05    2.026093e+05
2.657000e+01    2.068130e+05    1.975107e+05
2.658000e+01    2.023173e+05    1.963944e+05
2.659000e+01    1.997351e+05    1.999329e+05
2.660000e+01    2.021658e+05    2.040979e+05
2.661000e+01    2.076347e+05    2.041826e+05
2.662000e+01    2.110714e+05    1.995513e+05
2.663000e+01    2.092180e+05    1.939685e+05
2.664000e+01    2.041519e+05    1.924195e+05
2.665000e+01    2.010080e+05    1.956730e+05
2.666000e+01    2.029252e+05    1.996551e+05
2.667000e+01    2.079583e+05    1.996376e+05
2.668000e+01    2.110499e+05    1.949447e+05
2.669000e+01    2.090873e+05    1.896260e+05
2.670000e+01    2.040407e+05    1.884232e+05
2.671000e+01    2.010145e+05    1.919706e+05
2.672000e+01    2.031138e+05    1.961752e+05
2.673000e+01    2.083555e+05    1.962913e+05
2.674000e+01    2.116285e+05    1.916508e+05
2.675000e+01    2.097975e+05    1.863616e+05
2.676000e+01    2.048678e+05    1.851790e+05
2.677000e+01    2.019504e+05    1.887467e+05
2.678000e+01    2.041655e+05    1.929594e+05
2.679000e+01    2.095170e+05    1.930425e+05
2.680000e+01    2.128571e+05    1.883541e+05
2.681000e+01    2.110684e+05    1.830283e+05
2.682000e+01    2.061637e+05    1.818298e+05
2.683000e+01    2.032791e+05    1.854044e+05
2.684000e+01    2.055602e+05    1.896134e+05
2.685000e+01    2.109659e+05    1.896685e+05
2.686000e+01    2.143434e+05    1.849432e+05
2.687000e+01    2.125677e+05    1.795813e+05
2.688000e+01    2.075617e+05    1.783333e+05
2.689000e+01    2.042603e+05    1.817555e+05
2.690000e+01    2.061312e+05    1.857979e+05
2.691000e+01    2.111324e+05    1.856755e+05
2.692000e+01    2.140983e+05    1.807552e+05
2.693000e+01    2.118837e+05    1.751964e+05
2.694000e+01    2.065280e+05    1.738133e+05
2.695000e+01    2.032123e+05    1.772305e+05
2.696000e+01    2.050654e+05    1.812947e+05
2.697000e+01    2.100664e+05    1.812238e+05
2.698000e+01    2.130623e+05    1.763712e+05
2.699000e+01    2.109396e+05    1.708876e+05
2.700000e+01    2.057459e+05    1.695126e+05
2.701000e+01    2.025920e+05    1.728288e+05
2.702000e+01    2.045215e+05    1.766955e+05
2.703000e+01    2.094436e+05    1.763978e+05
2.704000e+01    2.122108e+05    1.714439e+05
2.705000e+01    2.098445e+05    1.660625e+05
2.706000e+01    2.045399e+05    1.649624e+05
2.707000e+01    2.015089e+05    1.685955e+05
2.708000e+01    2.037815e+05    1.726314e+05
2.709000e+01    2.090918e+05    1.722643e+05
2.710000e+01    2.121442e+05    1.670281e+05
2.711000e+01    2.098589e+05    1.612680e+05
2.712000e+01    2.044403e+05    1.598423e+05
2.713000e+01    2.012063e+05    1.632748e+05
2.714000e+01    2.029574e+05    1.673349e+05
2.715000e+01    2.076027e+05    1.671453e+05
2.716000e+01    2.100238e+05    1.621356e+05
2.717000e+01    2.071275e+05    1.566519e+05
2.718000e+01    2.011586e+05    1.555558e+05
2.719000e+01    1.974490e+05    1.593235e+05
2.720000e+01    1.990855e+05    1.635820e+05
2.721000e+01    2.038319e+05    1.634607e+05
2.722000e+01    2.063309e+05    1.584484e+05
2.723000e+01    2.034781e+05    1.529503e+05
2.724000e+01    1.975308e+05    1.518454e+05
2.725000e+01    1.938418e+05    1.556264e+05
2.726000e+01    1.955260e+05    1.599030e+05
2.727000e+01    2.003346e+05    1.597572e+05
2.728000e+01    2.028794e+05    1.547080e+05
2.729000e+01    2.000529e+05    1.491614e+05
2.730000e+01    1.941093e+05    1.480162e+05
2.731000e+01    1.904278e+05    1.517786e+05
2.732000e+01    1.921430e+05    1.560265e+05
2.733000e+01    1.969765e+05    1.558472e+05
2.734000e+01    1.995518e+05    1.507487e+05
2.735000e+01    1.967498e+05    1.451327e+05
2.736000e+01    1.908211e+05    1.439097e+05
2.737000e+01    1.871508e+05    1.475624e+05
2.738000e+01    1.888230e+05    1.516664e+05
2.739000e+01    1.935401e+05    1.513589e+05
2.740000e+01    1.957143e+05    1.465947e+05
2.741000e+01    1.924655e+05    1.414069e+05
2.742000e+01    1.861328e+05    1.407054e+05
2.743000e+01    1.821275e+05    1.449179e+05
2.744000e+01    1.835314e+05    1.495777e+05
2.745000e+01    1.880208e+05    1.497760e+05
2.746000e+01    1.901591e+05    1.450671e+05
2.747000e+01    1.868718e+05    1.399619e+05
2.748000e+01    1.805192e+05    1.393671e+05
2.749000e+01    1.765370e+05    1.436975e+05
2.750000e+01    1.780160e+05    1.484459e+05
2.751000e+01    1.825848e+05    1.486640e+05
2.752000e+01    1.847724e+05    1.439554e+05
2.753000e+01    1.815014e+05    1.388461e+05
2.754000e+01    1.751485e+05    1.382696e+05
2.755000e+01    1.711902e+05    1.426414e+05
2.756000e+01    1.727191e+05    1.474041e+05
2.757000e+01    1.773236e+05    1.476136e+05
2.758000e+01    1.795232e+05    1.428803e+05
2.759000e+01    1.762318e+05    1.377563e+05
2.760000e+01    1.698521e+05    1.372124e+05
2.761000e+01    1.659012e+05    1.416269e+05
2.762000e+01    1.674544e+05    1.464194e+05
2.763000e+01    1.720890e+05    1.466365e+05
2.764000e+01    1.742988e+05    1.418935e+05
2.765000e+01    1.710244e+05    1.369736e+05
2.766000e+01    1.647441e+05    1.369112e+05
2.767000e+01    1.609209e+05    1.418169e+05
2.768000e+01    1.626342e+05    1.470878e+05
2.769000e+01    1.674391e+05    1.477423e+05
2.770000e+01    1.697778e+05    1.434098e+05
2.771000e+01    1.665737e+05    1.387321e+05
2.772000e+01    1.602967e+05    1.386860e+05
2.773000e+01    1.564958e+05    1.436283e+05
2.774000e+01    1.582700e+05    1.489222e+05
2.775000e+01    1.631335e+05    1.495573e+05
2.776000e+01    1.655099e+05    1.451959e+05
2.777000e+01    1.623153e+05    1.404872e+05
2.778000e+01    1.560271e+05    1.404355e+05
2.779000e+01    1.522379e+05    1.454104e+05
2.780000e+01    1.540535e+05    1.507363e+05
2.781000e+01    1.589886e+05    1.514002e+05
2.782000e+01    1.614747e+05    1.470329e+05
2.783000e+01    1.584038e+05    1.422557e+05
2.784000e+01    1.522211e+05    1.420773e+05
2.785000e+01    1.484731e+05    1.468375e+05
2.786000e+01    1.501971e+05    1.519247e+05
2.787000e+01    1.549070e+05    1.524178e+05
2.788000e+01    1.570879e+05    1.480261e+05
2.789000e+01    1.537362e+05    1.434172e+05
2.790000e+01    1.474351e+05    1.435153e+05
2.791000e+01    1.440005e+05    1.487270e+05
2.792000e+01    1.462001e+05    1.541961e+05
2.793000e+01    1.513844e+05    1.549336e+05
2.794000e+01    1.539453e+05    1.507321e+05
2.795000e+01    1.509221e+05    1.463577e+05
2.796000e+01    1.449643e+05    1.467556e+05
2.797000e+01    1.416963e+05    1.521032e+05
2.798000e+01    1.441048e+05    1.575893e+05
2.799000e+01    1.494827e+05    1.582096e+05
2.800000e+01    1.521411e+05    1.538072e+05
2.801000e+01    1.490826e+05    1.492267e+05
2.802000e+01    1.429939e+05    1.495033e+05
2.803000e+01    1.396044e+05    1.548441e+05
2.804000e+01    1.419348e+05    1.603730e+05
2.805000e+01    1.472892e+05    1.610507e+05
2.806000e+01    1.499585e+05    1.566850e+05
2.807000e+01    1.469132e+05    1.521265e+05
2.808000e+01    1.408543e+05    1.524407e+05
2.809000e+01    1.375206e+05    1.577875e+05
2.810000e+01    1.399172e+05    1.632891e+05
2.811000e+01    1.453239e+05    1.638949e+05
2.812000e+01    1.479882e+05    1.594272e+05
2.813000e+01    1.448784e+05    1.548015e+05
2.814000e+01    1.387477e+05    1.550888e+05
2.815000e+01    1.353534e+05    1.604492e+05
2.816000e+01    1.377925e+05    1.659711e+05
2.817000e+01    1.434885e+05    1.665458e+05
2.818000e+01    1.464216e+05    1.620510e+05
2.819000e+01    1.435849e+05    1.574201e+05
2.820000e+01    1.377420e+05    1.577221e+05
2.821000e+01    1.346708e+05    1.631026e+05
2.822000e+01    1.374040e+05    1.686099e+05
2.823000e+01    1.431328e+05    1.691524e+05
2.824000e+01    1.460576e+05    1.646162e+05
2.825000e+01    1.431728e+05    1.599668e+05
2.826000e+01    1.372755e+05    1.603039e+05
2.827000e+01    1.342071e+05    1.657559e+05
2.828000e+01    1.369737e+05    1.713104e+05
2.829000e+01    1.427526e+05    1.718671e+05
2.830000e+01    1.457122e+05    1.673120e+05
2.831000e+01    1.428246e+05    1.626460e+05
2.832000e+01    1.369258e+05    1.630008e+05
2.833000e+01    1.338715e+05    1.684640e+05
2.834000e+01    1.366640e+05    1.740210e+05
2.835000e+01    1.424636e+05    1.745588e+05
2.836000e+01    1.454028e+05    1.699762e+05
2.837000e+01    1.424756e+05    1.653298e+05
2.838000e+01    1.365648e+05    1.657378e+05
2.839000e+01    1.335423e+05    1.712685e+05
2.840000e+01    1.364141e+05    1.768676e+05
2.841000e+01    1.423000e+05    1.773772e+05
2.842000e+01    1.453778e+05    1.726382e+05
2.843000e+01    1.426126e+05    1.677762e+05
2.844000e+01    1.368467e+05    1.679873e+05
2.845000e+01    1.339810e+05    1.733373e+05
2.846000e+01    1.370326e+05    1.787270e+05
2.847000e+01    1.430605e+05    1.790108e+05
2.848000e+01    1.461527e+05    1.741598e+05
2.849000e+01    1.433214e+05    1.692819e+05
2.850000e+01    1.374991e+05    1.695355e+05
2.851000e+01    1.346409e+05    1.749484e+05
2.852000e+01    1.377265e+05    1.803682e+05
2.853000e+01    1.437929e+05    1.806437e+05
2.854000e+01    1.468919e+05    1.757598e+05
2.855000e+01    1.440198e+05    1.708764e+05
2.856000e+01    1.381724e+05    1.711783e+05
2.857000e+01    1.353305e+05    1.766529e+05
2.858000e+01    1.384809e+05    1.821215e+05
2.859000e+01    1.446385e+05    1.823967e+05
2.860000e+01    1.477943e+05    1.774586e+05
2.861000e+01    1.449498e+05    1.725200e+05
2.862000e+01    1.391081e+05    1.727663e+05
2.863000e+01    1.362542e+05    1.781968e+05
2.864000e+01    1.393846e+05    1.836284e+05
2.865000e+01    1.454957e+05    1.838583e+05
2.866000e+01    1.485820e+05    1.789291e+05
2.867000e+01    1.456870e+05    1.740411e+05
2.868000e+01    1.398324e+05    1.742269e+05
2.869000e+01    1.370337e+05    1.795809e+05
2.870000e+01    1.402511e+05    1.848530e+05
2.871000e+01    1.463910e+05    1.848707e+05
2.872000e+01    1.494335e+05    1.797261e+05
2.873000e+01    1.464408e+05    1.746863e+05
2.874000e+01    1.405147e+05    1.749541e+05
2.875000e+01    1.377316e+05    1.804218e+05
2.876000e+01    1.410224e+05    1.857725e+05
2.877000e+01    1.472556e+05    1.858093e+05
2.878000e+01    1.503577e+05    1.806403e+05
2.879000e+01    1.473690e+05    1.756014e+05
2.880000e+01    1.414683e+05    1.759154e+05
2.881000e+01    1.387572e+05    1.814370e+05
2.882000e+01    1.421676e+05    1.868084e+05
2.883000e+01    1.485251e+05    1.867976e+05
2.884000e+01    1.516803e+05    1.815357e+05
2.885000e+01    1.487035e+05    1.764375e+05
2.886000e+01    1.428065e+05    1.767380e+05
2.887000e+01    1.401354e+05    1.822785e+05
2.888000e+01    1.436389e+05    1.876456e+05
2.889000e+01    1.500809e+05    1.875644e+05
2.890000e+01    1.532771e+05    1.822300e+05
2.891000e+01    1.503071e+05    1.770878e+05
2.892000e+01    1.444315e+05    1.773990e+05
2.893000e+01    1.418351e+05    1.829507e+05
2.894000e+01    1.454423e+05    1.882247e+05
2.895000e+01    1.519691e+05    1.879594e+05
2.896000e+01    1.551735e+05    1.823820e+05
2.897000e+01    1.521216e+05    1.770216e+05
2.898000e+01    1.461526e+05    1.772140e+05
2.899000e+01    1.435795e+05    1.826956e+05
2.900000e+01    1.473250e+05    1.878616e+05
2.901000e+01    1.539935e+05    1.873617e+05
2.902000e+01    1.572308e+05    1.814574e+05
2.903000e+01    1.540717e+05    1.758242e+05
2.904000e+01    1.480203e+05    1.758571e+05
2.905000e+01    1.455332e+05    1.811906e+05
2.906000e+01    1.495528e+05    1.859555e+05
2.907000e+01    1.564070e+05    1.845288e+05
2.908000e+01    1.592042e+05    1.772056e+05
2.909000e+01    1.545637e+05    1.701508e+05
2.910000e+01    1.459359e+05    1.695539e+05
2.911000e+01    1.403669e+05    1.758205e+05
2.912000e+01    1.418928e+05    1.833227e+05
2.913000e+01    1.479226e+05    1.858959e+05
2.914000e+01    1.521534e+05    1.826750e+05
2.915000e+01    1.509124e+05    1.784595e+05
2.916000e+01    1.465708e+05    1.785556e+05
2.917000e+01    1.448263e+05    1.833405e+05
2.918000e+01    1.486518e+05    1.879428e+05
2.919000e+01    1.551221e+05    1.874064e+05
2.920000e+01    1.584282e+05    1.818149e+05
2.921000e+01    1.557305e+05    1.763475e+05
2.922000e+01    1.501350e+05    1.761177e+05
2.923000e+01    1.476475e+05    1.809429e+05
2.924000e+01    1.511006e+05    1.855317e+05
2.925000e+01    1.573082e+05    1.847779e+05
2.926000e+01    1.602249e+05    1.788989e+05
2.927000e+01    1.570122e+05    1.732829e+05
2.928000e+01    1.509539e+05    1.730727e+05
2.929000e+01    1.481405e+05    1.779954e+05
2.930000e+01    1.513835e+05    1.826273e+05
2.931000e+01    1.573713e+05    1.817985e+05
2.932000e+01    1.599385e+05    1.758169e+05
2.933000e+01    1.562786e+05    1.701876e+05
2.934000e+01    1.497386e+05    1.700985e+05
2.935000e+01    1.464779e+05    1.752584e+05
2.936000e+01    1.493204e+05    1.801854e+05
2.937000e+01    1.548817e+05    1.797336e+05
2.938000e+01    1.570269e+05    1.743181e+05
2.939000e+01    1.530735e+05    1.695082e+05
2.940000e+01    1.465616e+05    1.704573e+05
2.941000e+01    1.438299e+05    1.766835e+05
2.942000e+01    1.476626e+05    1.823983e+05
2.943000e+01    1.544989e+05    1.822470e+05
2.944000e+01    1.579293e+05    1.765635e+05
2.945000e+01    1.550002e+05    1.710195e+05
2.946000e+01    1.491025e+05    1.709561e+05
2.947000e+01    1.465206e+05    1.760639e+05
2.948000e+01    1.500777e+05    1.807686e+05
2.949000e+01    1.563261e+05    1.798539e+05
2.950000e+01    1.589892e+05    1.737223e+05
2.951000e+01    1.552829e+05    1.680606e+05
2.952000e+01    1.487592e+05    1.681228e+05
2.953000e+01    1.457420e+05    1.734758e+05
2.954000e+01    1.490301e+05    1.784294e+05
2.955000e+01    1.550888e+05    1.776974e+05
2.956000e+01    1.575661e+05    1.717344e+05
2.957000e+01    1.536988e+05    1.662654e+05
2.958000e+01    1.470629e+05    1.665475e+05
2.959000e+01    1.440103e+05    1.721158e+05
2.960000e+01    1.473325e+05    1.772105e+05
2.961000e+01    1.533972e+05    1.765531e+05
2.962000e+01    1.558354e+05    1.706485e+05
2.963000e+01    1.518966e+05    1.652671e+05
2.964000e+01    1.452093e+05    1.656891e+05
2.965000e+01    1.421894e+05    1.714019e+05
2.966000e+01    1.455682e+05    1.765728e+05
2.967000e+01    1.516699e+05    1.759273e+05
2.968000e+01    1.540795e+05    1.700078e+05
2.969000e+01    1.500451e+05    1.646582e+05
2.970000e+01    1.432912e+05    1.652009e+05
2.971000e+01    1.402655e+05    1.710526e+05
2.972000e+01    1.436871e+05    1.763410e+05
2.973000e+01    1.498373e+05    1.757633e+05
2.974000e+01    1.522394e+05    1.698879e+05
2.975000e+01    1.481708e+05    1.646367e+05
2.976000e+01    1.414054e+05    1.653125e+05
2.977000e+01    1.384227e+05    1.713010e+05
2.978000e+01    1.419381e+05    1.766741e+05
2.979000e+01    1.481561e+05    1.760871e+05
2.980000e+01    1.505414e+05    1.702015e+05
2.981000e+01    1.464058e+05    1.649990e+05
2.982000e+01    1.395904e+05    1.658081e+05
2.983000e+01    1.366508e+05    1.719655e+05
2.984000e+01    1.402975e+05    1.774217e+05
2.985000e+01    1.465973e+05    1.768164e+05
2.986000e+01    1.489300e+05    1.708794e+05
2.987000e+01    1.445928e+05    1.657475e+05
2.988000e+01    1.375704e+05    1.668994e+05
2.989000e+01    1.346753e+05    1.736415e+05
2.990000e+01    1.387654e+05    1.797146e+05
2.991000e+01    1.459252e+05    1.794581e+05
2.992000e+01    1.493032e+05    1.733315e+05
2.993000e+01    1.458063e+05    1.674286e+05
2.994000e+01    1.391053e+05    1.674326e+05
2.995000e+01    1.358518e+05    1.730213e+05
2.996000e+01    1.390609e+05    1.783632e+05
2.997000e+01    1.451647e+05    1.780047e+05
2.998000e+01    1.476945e+05    1.723403e+05
2.999000e+01    1.438462e+05    1.671928e+05
3.000000e+01    1.372801e+05    1.678544e+05
3.001000e+01    1.344055e+05    1.737738e+05
3.002000e+01    1.379355e+05    1.791062e+05
3.003000e+01    1.441294e+05    1.785703e+05
3.004000e+01    1.465465e+05    1.728217e+05
3.005000e+01    1.425502e+05    1.677553e+05
3.006000e+01    1.359356e+05    1.686011e+05
3.007000e+01    1.331440e+05    1.746803e+05
3.008000e+01    1.367927e+05    1.800483e+05
3.009000e+01    1.430175e+05    1.794954e+05
3.010000e+01    1.453917e+05    1.737671e+05
3.011000e+01    1.413525e+05    1.688031e+05
3.012000e+01    1.347747e+05    1.698013e+05
3.013000e+01    1.320970e+05    1.759677e+05
3.014000e+01    1.358167e+05    1.813425e+05
3.015000e+01    1.420269e+05    1.808091e+05
3.016000e+01    1.443595e+05    1.752065e+05
3.017000e+01    1.403764e+05    1.704817e+05
3.018000e+01    1.340548e+05    1.716613e+05
3.019000e+01    1.316820e+05    1.777750e+05
3.020000e+01    1.354946e+05    1.829044e+05
3.021000e+01    1.414472e+05    1.822283e+05
3.022000e+01    1.433355e+05    1.769834e+05
3.023000e+01    1.392752e+05    1.732631e+05
3.024000e+01    1.337906e+05    1.756974e+05
3.025000e+01    1.333091e+05    1.825263e+05
3.026000e+01    1.395469e+05    1.870469e+05
3.027000e+01    1.473845e+05    1.842021e+05
3.028000e+01    1.496451e+05    1.758487e+05
3.029000e+01    1.441066e+05    1.692070e+05
3.030000e+01    1.357852e+05    1.700259e+05
3.031000e+01    1.322201e+05    1.770543e+05
3.032000e+01    1.362111e+05    1.832408e+05
3.033000e+01    1.432004e+05    1.826688e+05
3.034000e+01    1.458920e+05    1.762482e+05
3.035000e+01    1.414361e+05    1.706667e+05
3.036000e+01    1.341781e+05    1.717086e+05
3.037000e+01    1.312618e+05    1.784546e+05
3.038000e+01    1.354333e+05    1.842956e+05
3.039000e+01    1.423554e+05    1.835645e+05
3.040000e+01    1.449576e+05    1.771793e+05
3.041000e+01    1.404934e+05    1.717380e+05
3.042000e+01    1.333339e+05    1.728822e+05
3.043000e+01    1.305184e+05    1.796567e+05
3.044000e+01    1.347406e+05    1.854976e+05
3.045000e+01    1.416622e+05    1.847847e+05
3.046000e+01    1.442328e+05    1.784856e+05
3.047000e+01    1.398517e+05    1.731783e+05
3.048000e+01    1.328556e+05    1.744655e+05
3.049000e+01    1.302730e+05    1.813651e+05
3.050000e+01    1.347971e+05    1.872797e+05
3.051000e+01    1.420535e+05    1.865786e+05
3.052000e+01    1.450178e+05    1.802315e+05
3.053000e+01    1.410258e+05    1.747588e+05
3.054000e+01    1.343768e+05    1.756947e+05
3.055000e+01    1.320029e+05    1.820569e+05
3.056000e+01    1.364399e+05    1.873269e+05
3.057000e+01    1.432810e+05    1.860936e+05
3.058000e+01    1.456266e+05    1.795008e+05
3.059000e+01    1.410217e+05    1.741324e+05
3.060000e+01    1.339829e+05    1.754445e+05
3.061000e+01    1.315068e+05    1.822007e+05
3.062000e+01    1.360228e+05    1.877343e+05
3.063000e+01    1.429686e+05    1.865967e+05
3.064000e+01    1.453234e+05    1.800153e+05
3.065000e+01    1.406430e+05    1.747191e+05
3.066000e+01    1.335630e+05    1.761678e+05
3.067000e+01    1.311199e+05    1.830828e+05
3.068000e+01    1.357313e+05    1.887265e+05
3.069000e+01    1.427606e+05    1.876194e+05
3.070000e+01    1.451344e+05    1.810711e+05
3.071000e+01    1.404845e+05    1.758592e+05
3.072000e+01    1.335044e+05    1.773901e+05
3.073000e+01    1.312562e+05    1.842712e+05
3.074000e+01    1.360608e+05    1.897503e+05
3.075000e+01    1.431406e+05    1.884170e+05
3.076000e+01    1.454406e+05    1.817281e+05
3.077000e+01    1.407104e+05    1.765278e+05
3.078000e+01    1.337742e+05    1.781807e+05
3.079000e+01    1.317172e+05    1.851540e+05
3.080000e+01    1.366638e+05    1.905080e+05
3.081000e+01    1.436287e+05    1.889796e+05
3.082000e+01    1.455376e+05    1.823358e+05
3.083000e+01    1.404348e+05    1.776947e+05
3.084000e+01    1.336678e+05    1.803581e+05
3.085000e+01    1.326348e+05    1.882397e+05
3.086000e+01    1.393048e+05    1.937414e+05
3.087000e+01    1.480350e+05    1.911626e+05
3.088000e+01    1.508828e+05    1.824166e+05
3.089000e+01    1.453532e+05    1.753687e+05
3.090000e+01    1.368702e+05    1.762034e+05
3.091000e+01    1.334439e+05    1.834954e+05
3.092000e+01    1.379094e+05    1.897403e+05
3.093000e+01    1.452887e+05    1.887810e+05
3.094000e+01    1.478748e+05    1.818857e+05
3.095000e+01    1.430084e+05    1.762806e+05
3.096000e+01    1.356278e+05    1.777922e+05
3.097000e+01    1.332142e+05    1.849900e+05
3.098000e+01    1.381818e+05    1.905622e+05
3.099000e+01    1.453826e+05    1.888727e+05
3.100000e+01    1.473573e+05    1.816545e+05
3.101000e+01    1.418902e+05    1.762797e+05
3.102000e+01    1.343419e+05    1.783388e+05
3.103000e+01    1.322785e+05    1.858615e+05
3.104000e+01    1.376280e+05    1.911936e+05
3.105000e+01    1.445300e+05    1.888618e+05
3.106000e+01    1.451154e+05    1.814155e+05
3.107000e+01    1.376474e+05    1.773397e+05
3.108000e+01    1.289425e+05    1.827281e+05
3.109000e+01    1.281999e+05    1.947926e+05
3.110000e+01    1.381477e+05    2.038943e+05
3.111000e+01    1.520664e+05    2.022306e+05
3.112000e+01    1.596269e+05    1.910421e+05
3.113000e+01    1.562268e+05    1.795072e+05
3.114000e+01    1.468384e+05    1.761765e+05
3.115000e+01    1.408542e+05    1.814126e+05
3.116000e+01    1.431621e+05    1.877988e+05
3.117000e+01    1.499689e+05    1.877894e+05
3.118000e+01    1.531784e+05    1.811177e+05
3.119000e+01    1.488062e+05    1.745638e+05
3.120000e+01    1.408390e+05    1.747966e+05
3.121000e+01    1.370252e+05    1.815701e+05
3.122000e+01    1.409529e+05    1.879892e+05
3.123000e+01    1.483621e+05    1.875609e+05
3.124000e+01    1.514355e+05    1.807284e+05
3.125000e+01    1.468821e+05    1.744349e+05
3.126000e+01    1.390147e+05    1.750743e+05
3.127000e+01    1.355365e+05    1.820492e+05
3.128000e+01    1.397218e+05    1.883739e+05
3.129000e+01    1.471425e+05    1.877401e+05
3.130000e+01    1.501029e+05    1.808503e+05
3.131000e+01    1.453468e+05    1.747773e+05
3.132000e+01    1.374256e+05    1.759052e+05
3.133000e+01    1.341742e+05    1.835073e+05
3.134000e+01    1.389615e+05    1.904510e+05
3.135000e+01    1.473821e+05    1.901955e+05
3.136000e+01    1.515837e+05    1.831741e+05
3.137000e+01    1.480262e+05    1.763046e+05
3.138000e+01    1.408007e+05    1.760065e+05
3.139000e+01    1.373665e+05    1.819633e+05
3.140000e+01    1.410881e+05    1.876547e+05
3.141000e+01    1.479800e+05    1.870271e+05
3.142000e+01    1.509040e+05    1.806413e+05
3.143000e+01    1.469046e+05    1.749373e+05
3.144000e+01    1.401554e+05    1.756151e+05
3.145000e+01    1.376869e+05    1.818060e+05
3.146000e+01    1.421730e+05    1.869008e+05
3.147000e+01    1.491199e+05    1.853173e+05
3.148000e+01    1.514129e+05    1.782168e+05
3.149000e+01    1.464518e+05    1.724553e+05
3.150000e+01    1.389160e+05    1.737028e+05
3.151000e+01    1.361714e+05    1.806319e+05
3.152000e+01    1.407571e+05    1.862588e+05
3.153000e+01    1.478901e+05    1.848728e+05
3.154000e+01    1.502082e+05    1.777567e+05
3.155000e+01    1.451194e+05    1.719696e+05
3.156000e+01    1.374915e+05    1.732705e+05
3.157000e+01    1.347362e+05    1.803252e+05
3.158000e+01    1.394149e+05    1.860400e+05
3.159000e+01    1.466596e+05    1.846294e+05
3.160000e+01    1.489921e+05    1.774220e+05
3.161000e+01    1.438644e+05    1.715730e+05
3.162000e+01    1.361797e+05    1.728481e+05
3.163000e+01    1.333792e+05    1.798817e+05
3.164000e+01    1.379941e+05    1.855296e+05
3.165000e+01    1.450529e+05    1.840336e+05
3.166000e+01    1.470848e+05    1.768772e+05
3.167000e+01    1.416469e+05    1.712885e+05
3.168000e+01    1.338033e+05    1.730274e+05
3.169000e+01    1.311342e+05    1.805911e+05
3.170000e+01    1.361295e+05    1.866210e+05
3.171000e+01    1.436704e+05    1.852793e+05
3.172000e+01    1.461468e+05    1.780510e+05
3.173000e+01    1.410234e+05    1.722590e+05
3.174000e+01    1.333832e+05    1.737804e+05
3.175000e+01    1.308501e+05    1.812520e+05
3.176000e+01    1.359049e+05    1.871964e+05
3.177000e+01    1.434207e+05    1.857607e+05
3.178000e+01    1.457629e+05    1.784668e+05
3.179000e+01    1.404133e+05    1.727241e+05
3.180000e+01    1.325598e+05    1.743948e+05
3.181000e+01    1.298487e+05    1.819367e+05
3.182000e+01    1.347732e+05    1.879645e+05
3.183000e+01    1.421785e+05    1.866198e+05
3.184000e+01    1.443970e+05    1.794701e+05
3.185000e+01    1.389974e+05    1.739531e+05
3.186000e+01    1.312054e+05    1.758898e+05
3.187000e+01    1.286968e+05    1.836667e+05
3.188000e+01    1.339386e+05    1.897981e+05
3.189000e+01    1.416533e+05    1.884015e+05
3.190000e+01    1.441206e+05    1.811068e+05
3.191000e+01    1.388882e+05    1.753920e+05
3.192000e+01    1.311998e+05    1.771191e+05
3.193000e+01    1.287771e+05    1.846689e+05
3.194000e+01    1.340253e+05    1.905161e+05
3.195000e+01    1.416283e+05    1.888345e+05
3.196000e+01    1.438712e+05    1.813150e+05
3.197000e+01    1.383460e+05    1.755018e+05
3.198000e+01    1.304050e+05    1.772871e+05
3.199000e+01    1.278213e+05    1.849376e+05
3.200000e+01    1.330243e+05    1.909169e+05
3.201000e+01    1.407276e+05    1.894272e+05
3.202000e+01    1.430447e+05    1.820845e+05
3.203000e+01    1.375810e+05    1.765079e+05
3.204000e+01    1.297642e+05    1.785540e+05
3.205000e+01    1.273697e+05    1.864598e+05
3.206000e+01    1.327688e+05    1.926047e+05
3.207000e+01    1.405354e+05    1.910996e+05
3.208000e+01    1.428429e+05    1.837324e+05
3.209000e+01    1.373494e+05    1.781691e+05
3.210000e+01    1.295128e+05    1.802699e+05
3.211000e+01    1.271465e+05    1.882428e+05
3.212000e+01    1.326217e+05    1.943948e+05
3.213000e+01    1.404193e+05    1.928464e+05
3.214000e+01    1.427071e+05    1.854371e+05
3.215000e+01    1.371530e+05    1.798663e+05
3.216000e+01    1.292579e+05    1.820175e+05
3.217000e+01    1.269017e+05    1.900669e+05
3.218000e+01    1.323959e+05    1.962643e+05
3.219000e+01    1.402106e+05    1.947508e+05
3.220000e+01    1.425089e+05    1.873810e+05
3.221000e+01    1.369742e+05    1.818793e+05
3.222000e+01    1.291705e+05    1.841170e+05
3.223000e+01    1.269475e+05    1.921661e+05
3.224000e+01    1.325529e+05    1.982791e+05
3.225000e+01    1.403933e+05    1.966304e+05
3.226000e+01    1.427481e+05    1.891373e+05
3.227000e+01    1.373132e+05    1.836349e+05
3.228000e+01    1.296939e+05    1.859546e+05
3.229000e+01    1.277716e+05    1.940925e+05
3.230000e+01    1.337639e+05    2.002072e+05
3.231000e+01    1.419688e+05    1.984218e+05
3.232000e+01    1.444382e+05    1.907781e+05
3.233000e+01    1.389738e+05    1.851628e+05
3.234000e+01    1.312972e+05    1.874273e+05
3.235000e+01    1.293457e+05    1.955475e+05
3.236000e+01    1.353475e+05    2.016021e+05
3.237000e+01    1.435105e+05    1.997369e+05
3.238000e+01    1.458895e+05    1.920305e+05
3.239000e+01    1.403031e+05    1.864073e+05
3.240000e+01    1.325301e+05    1.887374e+05
3.241000e+01    1.305706e+05    1.969335e+05
3.242000e+01    1.365768e+05    2.030166e+05
3.243000e+01    1.447325e+05    2.011427e+05
3.244000e+01    1.470619e+05    1.934212e+05
3.245000e+01    1.413915e+05    1.878356e+05
3.246000e+01    1.335823e+05    1.902551e+05
3.247000e+01    1.316275e+05    1.985179e+05
3.248000e+01    1.376530e+05    2.046366e+05
3.249000e+01    1.458058e+05    2.027723e+05
3.250000e+01    1.480761e+05    1.950795e+05
3.251000e+01    1.423790e+05    1.895798e+05
3.252000e+01    1.347329e+05    1.919075e+05
3.253000e+01    1.329839e+05    2.000369e+05
3.254000e+01    1.391993e+05    2.059622e+05
3.255000e+01    1.474509e+05    2.038774e+05
3.256000e+01    1.497698e+05    1.960934e+05
3.257000e+01    1.442026e+05    1.906483e+05
3.258000e+01    1.367640e+05    1.932462e+05
3.259000e+01    1.354346e+05    2.014974e+05
3.260000e+01    1.421226e+05    2.072246e+05
3.261000e+01    1.506406e+05    2.046974e+05
3.262000e+01    1.529131e+05    1.963988e+05
3.263000e+01    1.470202e+05    1.905882e+05
3.264000e+01    1.391613e+05    1.931051e+05
3.265000e+01    1.375155e+05    2.014882e+05
3.266000e+01    1.440234e+05    2.074385e+05
3.267000e+01    1.524956e+05    2.051335e+05
3.268000e+01    1.548007e+05    1.970145e+05
3.269000e+01    1.489850e+05    1.913603e+05
3.270000e+01    1.412801e+05    1.939600e+05
3.271000e+01    1.397699e+05    2.022878e+05
3.272000e+01    1.462742e+05    2.080937e+05
3.273000e+01    1.545250e+05    2.057128e+05
3.274000e+01    1.564558e+05    1.978215e+05
3.275000e+01    1.504803e+05    1.928219e+05
3.276000e+01    1.431729e+05    1.962707e+05
3.277000e+01    1.427108e+05    2.050625e+05
3.278000e+01    1.506284e+05    2.104246e+05
3.279000e+01    1.600234e+05    2.066162e+05
3.280000e+01    1.622232e+05    1.967019e+05
3.281000e+01    1.553949e+05    1.897551e+05
3.282000e+01    1.464042e+05    1.920370e+05
3.283000e+01    1.441547e+05    2.008660e+05
3.284000e+01    1.508473e+05    2.072330e+05
3.285000e+01    1.598644e+05    2.047544e+05
3.286000e+01    1.624364e+05    1.959016e+05
3.287000e+01    1.563084e+05    1.894487e+05
3.288000e+01    1.479352e+05    1.917331e+05
3.289000e+01    1.460040e+05    2.002939e+05
3.290000e+01    1.526974e+05    2.064155e+05
3.291000e+01    1.615787e+05    2.038663e+05
3.292000e+01    1.640380e+05    1.951019e+05
3.293000e+01    1.578889e+05    1.888357e+05
3.294000e+01    1.496308e+05    1.912738e+05
3.295000e+01    1.478589e+05    1.998993e+05
3.296000e+01    1.546988e+05    2.060126e+05
3.297000e+01    1.636760e+05    2.034083e+05
3.298000e+01    1.661483e+05    1.946065e+05
3.299000e+01    1.600265e+05    1.883644e+05
3.300000e+01    1.518306e+05    1.908640e+05
3.301000e+01    1.501921e+05    1.995619e+05
3.302000e+01    1.572552e+05    2.056876e+05
3.303000e+01    1.663129e+05    2.028875e+05
3.304000e+01    1.688377e+05    1.937716e+05
3.305000e+01    1.626895e+05    1.870763e+05
3.306000e+01    1.543031e+05    1.890274e+05
3.307000e+01    1.522738e+05    1.971690e+05
3.308000e+01    1.587036e+05    2.028332e+05
3.309000e+01    1.671285e+05    1.999348e+05
3.310000e+01    1.690688e+05    1.910601e+05
3.311000e+01    1.625494e+05    1.848719e+05
3.312000e+01    1.541448e+05    1.874397e+05
3.313000e+01    1.524115e+05    1.960246e+05
3.314000e+01    1.592531e+05    2.018477e+05
3.315000e+01    1.680108e+05    1.988481e+05
3.316000e+01    1.700752e+05    1.897570e+05
3.317000e+01    1.634944e+05    1.834397e+05
3.318000e+01    1.550065e+05    1.859882e+05
3.319000e+01    1.532397e+05    1.946296e+05
3.320000e+01    1.601178e+05    2.004990e+05
3.321000e+01    1.689106e+05    1.974747e+05
3.322000e+01    1.709260e+05    1.883555e+05
3.323000e+01    1.642766e+05    1.820744e+05
3.324000e+01    1.557410e+05    1.847330e+05
3.325000e+01    1.540071e+05    1.935196e+05
3.326000e+01    1.610015e+05    1.994732e+05
3.327000e+01    1.698851e+05    1.964587e+05
3.328000e+01    1.718966e+05    1.873645e+05
3.329000e+01    1.650814e+05    1.811978e+05
3.330000e+01    1.564065e+05    1.840417e+05
3.331000e+01    1.546533e+05    1.930345e+05
3.332000e+01    1.616915e+05    1.991143e+05
3.333000e+01    1.706355e+05    1.961412e+05
3.334000e+01    1.727275e+05    1.869876e+05
3.335000e+01    1.660648e+05    1.806701e+05
3.336000e+01    1.575247e+05    1.833527e+05
3.337000e+01    1.558464e+05    1.920980e+05
3.338000e+01    1.628302e+05    1.979028e+05
3.339000e+01    1.715617e+05    1.947246e+05
3.340000e+01    1.733329e+05    1.855684e+05
3.341000e+01    1.664408e+05    1.795388e+05
3.342000e+01    1.579857e+05    1.826236e+05
3.343000e+01    1.567209e+05    1.916416e+05
3.344000e+01    1.642700e+05    1.973673e+05
3.345000e+01    1.733949e+05    1.937318e+05
3.346000e+01    1.751731e+05    1.840338e+05
3.347000e+01    1.680243e+05    1.776858e+05
3.348000e+01    1.593507e+05    1.807914e+05
3.349000e+01    1.582225e+05    1.899611e+05
3.350000e+01    1.662818e+05    1.955031e+05
3.351000e+01    1.758423e+05    1.910698e+05
3.352000e+01    1.774361e+05    1.800887e+05
3.353000e+01    1.691186e+05    1.725442e+05
3.354000e+01    1.584541e+05    1.754126e+05
3.355000e+01    1.552952e+05    1.857060e+05
3.356000e+01    1.621470e+05    1.935033e+05
3.357000e+01    1.719539e+05    1.917137e+05
3.358000e+01    1.751980e+05    1.827549e+05
3.359000e+01    1.692307e+05    1.759041e+05
3.360000e+01    1.607088e+05    1.779528e+05
3.361000e+01    1.586825e+05    1.864437e+05
3.362000e+01    1.654351e+05    1.923772e+05
3.363000e+01    1.742708e+05    1.893548e+05
3.364000e+01    1.762932e+05    1.800501e+05
3.365000e+01    1.694491e+05    1.735597e+05
3.366000e+01    1.606314e+05    1.761665e+05
3.367000e+01    1.587262e+05    1.850264e+05
3.368000e+01    1.657088e+05    1.910020e+05
3.369000e+01    1.746169e+05    1.877895e+05
3.370000e+01    1.765156e+05    1.783356e+05
3.371000e+01    1.695155e+05    1.718335e+05
3.372000e+01    1.606426e+05    1.745080e+05
3.373000e+01    1.588166e+05    1.833653e+05
3.374000e+01    1.658977e+05    1.891179e+05
3.375000e+01    1.746965e+05    1.855423e+05
3.376000e+01    1.762148e+05    1.757445e+05
3.377000e+01    1.686028e+05    1.691006e+05
3.378000e+01    1.590494e+05    1.719617e+05
3.379000e+01    1.566901e+05    1.813056e+05
3.380000e+01    1.635311e+05    1.878196e+05
3.381000e+01    1.723831e+05    1.850988e+05
3.382000e+01    1.742586e+05    1.761176e+05
3.383000e+01    1.672671e+05    1.701458e+05
3.384000e+01    1.585503e+05    1.734034e+05
3.385000e+01    1.570377e+05    1.827544e+05
3.386000e+01    1.644596e+05    1.888839e+05
3.387000e+01    1.735852e+05    1.856180e+05
3.388000e+01    1.753946e+05    1.761462e+05
3.389000e+01    1.681826e+05    1.699124e+05
3.390000e+01    1.592654e+05    1.731017e+05
3.391000e+01    1.576617e+05    1.824793e+05
3.392000e+01    1.650884e+05    1.886044e+05
3.393000e+01    1.741912e+05    1.852375e+05
3.394000e+01    1.759004e+05    1.756963e+05
3.395000e+01    1.685521e+05    1.694722e+05
3.396000e+01    1.595379e+05    1.727674e+05
3.397000e+01    1.579533e+05    1.822823e+05
3.398000e+01    1.654842e+05    1.884487e+05
3.399000e+01    1.746577e+05    1.850571e+05
3.400000e+01    1.763726e+05    1.754606e+05
3.401000e+01    1.689715e+05    1.692273e+05
3.402000e+01    1.599324e+05    1.726059e+05
3.403000e+01    1.584257e+05    1.822046e+05
3.404000e+01    1.660725e+05    1.883891e+05
3.405000e+01    1.754107e+05    1.849081e+05
3.406000e+01    1.772784e+05    1.751508e+05
3.407000e+01    1.699521e+05    1.688168e+05
3.408000e+01    1.610228e+05    1.721561e+05
3.409000e+01    1.596777e+05    1.817188e+05
3.410000e+01    1.675342e+05    1.878251e+05
3.411000e+01    1.770150e+05    1.842164e+05
3.412000e+01    1.788628e+05    1.743323e+05
3.413000e+01    1.714920e+05    1.679290e+05
3.414000e+01    1.711242e+05    1.677753e+05
3.415000e+01    1.712392e+05    1.677113e+05
3.416000e+01    1.713542e+05    1.676473e+05
3.417000e+01    1.714692e+05    1.675834e+05
3.418000e+01    1.715842e+05    1.675194e+05
3.419000e+01    1.716993e+05    1.674555e+05
3.420000e+01    1.718144e+05    1.673916e+05
3.421000e+01    1.719295e+05    1.673277e+05
3.422000e+01    1.720446e+05    1.672637e+05
3.423000e+01    1.721596e+05    1.671998e+05
3.424000e+01    1.722747e+05    1.671359e+05
3.425000e+01    1.723898e+05    1.670720e+05
3.426000e+01    1.725049e+05    1.670081e+05
3.427000e+01    1.726200e+05    1.669442e+05
3.428000e+01    1.727351e+05    1.668802e+05
3.429000e+01    1.728502e+05    1.668163e+05
3.430000e+01    1.729653e+05    1.667524e+05
3.431000e+01    1.730946e+05    1.665618e+05
3.432000e+01    1.732256e+05    1.663551e+05
3.433000e+01    1.733567e+05    1.661483e+05
3.434000e+01    1.734878e+05    1.659415e+05
3.435000e+01    1.736189e+05    1.657347e+05
3.436000e+01    1.737500e+05    1.655280e+05
3.437000e+01    1.738811e+05    1.653212e+05
3.438000e+01    1.740122e+05    1.651144e+05
3.439000e+01    1.741433e+05    1.649076e+05
3.440000e+01    1.742744e+05    1.647009e+05
3.441000e+01    1.744055e+05    1.644941e+05
3.442000e+01    1.745366e+05    1.642873e+05
3.443000e+01    1.746676e+05    1.640805e+05
3.444000e+01    1.747987e+05    1.638738e+05
3.445000e+01    1.749298e+05    1.636670e+05
3.446000e+01    1.750609e+05    1.634602e+05
3.447000e+01    1.751920e+05    1.632534e+05
3.448000e+01    1.753231e+05    1.630467e+05
3.449000e+01    1.754542e+05    1.628399e+05
3.450000e+01    1.755853e+05    1.626331e+05
3.451000e+01    1.757164e+05    1.624263e+05
3.452000e+01    1.758475e+05    1.622196e+05
3.453000e+01    1.759786e+05    1.620128e+05
3.454000e+01    1.761096e+05    1.618060e+05
3.455000e+01    1.762407e+05    1.615992e+05
3.456000e+01    1.763400e+05    1.613594e+05
3.457000e+01    1.763607e+05    1.610380e+05
3.458000e+01    1.763815e+05    1.607166e+05
3.459000e+01    1.764023e+05    1.603952e+05
3.460000e+01    1.764230e+05    1.600739e+05
3.461000e+01    1.764438e+05    1.597525e+05
3.462000e+01    1.764645e+05    1.594311e+05
3.463000e+01    1.764853e+05    1.591097e+05
3.464000e+01    1.765060e+05    1.587884e+05
3.465000e+01    1.765268e+05    1.584670e+05
3.466000e+01    1.765477e+05    1.581457e+05
3.467000e+01    1.765685e+05    1.578243e+05
3.468000e+01    1.765894e+05    1.575030e+05
3.469000e+01    1.766102e+05    1.571816e+05
3.470000e+01    1.766311e+05    1.568603e+05
3.471000e+01    1.766519e+05    1.565389e+05
3.472000e+01    1.766728e+05    1.562176e+05
3.473000e+01    1.766937e+05    1.558962e+05
3.474000e+01    1.767145e+05    1.555749e+05
3.475000e+01    1.767354e+05    1.552535e+05
3.476000e+01    1.767562e+05    1.549322e+05
3.477000e+01    1.767771e+05    1.546108e+05
3.478000e+01    1.767979e+05    1.542895e+05
3.479000e+01    1.768188e+05    1.539681e+05
3.480000e+01    1.768396e+05    1.536468e+05
3.481000e+01    1.768605e+05    1.533254e+05
3.482000e+01    1.767676e+05    1.530005e+05
3.483000e+01    1.766237e+05    1.526740e+05
3.484000e+01    1.764798e+05    1.523476e+05
3.485000e+01    1.763359e+05    1.520211e+05
3.486000e+01    1.761920e+05    1.516946e+05
3.487000e+01    1.760482e+05    1.513681e+05
3.488000e+01    1.759043e+05    1.510416e+05
3.489000e+01    1.757604e+05    1.507152e+05
3.490000e+01    1.756165e+05    1.503887e+05
3.491000e+01    1.754727e+05    1.500622e+05
3.492000e+01    1.753288e+05    1.497357e+05
3.493000e+01    1.751849e+05    1.494092e+05
3.494000e+01    1.750410e+05    1.490828e+05
3.495000e+01    1.748971e+05    1.487563e+05
3.496000e+01    1.747533e+05    1.484298e+05
3.497000e+01    1.746094e+05    1.481033e+05
3.498000e+01    1.744655e+05    1.477768e+05
3.499000e+01    1.743216e+05    1.474504e+05
3.500000e+01    1.741777e+05    1.471239e+05
3.501000e+01    1.740339e+05    1.467974e+05
3.502000e+01    1.738900e+05    1.464709e+05
3.503000e+01    1.737461e+05    1.461444e+05
3.504000e+01    1.736022e+05    1.458180e+05
3.505000e+01    1.734584e+05    1.454915e+05
3.506000e+01    1.733145e+05    1.451650e+05
3.507000e+01    1.731590e+05    1.448476e+05
3.508000e+01    1.728908e+05    1.446188e+05
3.509000e+01    1.726225e+05    1.443899e+05
3.510000e+01    1.723542e+05    1.441611e+05
3.511000e+01    1.720859e+05    1.439323e+05
3.512000e+01    1.718177e+05    1.437034e+05
3.513000e+01    1.715495e+05    1.434746e+05
3.514000e+01    1.712813e+05    1.432458e+05
3.515000e+01    1.710131e+05    1.430169e+05
3.516000e+01    1.707450e+05    1.427881e+05
3.517000e+01    1.704768e+05    1.425593e+05
3.518000e+01    1.702086e+05    1.423305e+05
3.519000e+01    1.699404e+05    1.421016e+05
3.520000e+01    1.696722e+05    1.418728e+05
3.521000e+01    1.694041e+05    1.416440e+05
3.522000e+01    1.691359e+05    1.414151e+05
3.523000e+01    1.688677e+05    1.411863e+05
3.524000e+01    1.685995e+05    1.409575e+05
3.525000e+01    1.683314e+05    1.407286e+05
3.526000e+01    1.680632e+05    1.404998e+05
3.527000e+01    1.677950e+05    1.402710e+05
3.528000e+01    1.675268e+05    1.400422e+05
3.529000e+01    1.672586e+05    1.398133e+05
3.530000e+01    1.669905e+05    1.395845e+05
3.531000e+01    1.667223e+05    1.393557e+05
3.532000e+01    1.664541e+05    1.391268e+05
3.533000e+01    1.661667e+05    1.389654e+05
3.534000e+01    1.658596e+05    1.388728e+05
3.535000e+01    1.655525e+05    1.387801e+05
3.536000e+01    1.652455e+05    1.386875e+05
3.537000e+01    1.649384e+05    1.385948e+05
3.538000e+01    1.646314e+05    1.385022e+05
3.539000e+01    1.643243e+05    1.384095e+05
3.540000e+01    1.640172e+05    1.383169e+05
3.541000e+01    1.637102e+05    1.382242e+05
3.542000e+01    1.634031e+05    1.381316e+05
3.543000e+01    1.630960e+05    1.380389e+05
3.544000e+01    1.627890e+05    1.379463e+05
3.545000e+01    1.624819e+05    1.378536e+05
3.546000e+01    1.621749e+05    1.377610e+05
3.547000e+01    1.618678e+05    1.376683e+05
3.548000e+01    1.615607e+05    1.375757e+05
3.549000e+01    1.612537e+05    1.374830e+05
3.550000e+01    1.609466e+05    1.373904e+05
3.551000e+01    1.606395e+05    1.372977e+05
3.552000e+01    1.603325e+05    1.372051e+05
3.553000e+01    1.600254e+05    1.371124e+05
3.554000e+01    1.597184e+05    1.370197e+05
3.555000e+01    1.594113e+05    1.369271e+05
3.556000e+01    1.591042e+05    1.368344e+05
3.557000e+01    1.587972e+05    1.367418e+05
3.558000e+01    1.584901e+05    1.366491e+05
3.559000e+01    1.582127e+05    1.366613e+05
3.560000e+01    1.579388e+05    1.366854e+05
3.561000e+01    1.576649e+05    1.367095e+05
3.562000e+01    1.573910e+05    1.367336e+05
3.563000e+01    1.571171e+05    1.367577e+05
3.564000e+01    1.568431e+05    1.367818e+05
3.565000e+01    1.565692e+05    1.368059e+05
3.566000e+01    1.562953e+05    1.368300e+05
3.567000e+01    1.560214e+05    1.368541e+05
3.568000e+01    1.557475e+05    1.368782e+05
3.569000e+01    1.554735e+05    1.369023e+05
3.570000e+01    1.551996e+05    1.369265e+05
3.571000e+01    1.549257e+05    1.369506e+05
3.572000e+01    1.546518e+05    1.369747e+05
3.573000e+01    1.543779e+05    1.369988e+05
3.574000e+01    1.541039e+05    1.370229e+05
3.575000e+01    1.538300e+05    1.370470e+05
3.576000e+01    1.535561e+05    1.370711e+05
3.577000e+01    1.532822e+05    1.370952e+05
3.578000e+01    1.530083e+05    1.371193e+05
3.579000e+01    1.527343e+05    1.371434e+05
3.580000e+01    1.524604e+05    1.371675e+05
3.581000e+01    1.521865e+05    1.371917e+05
3.582000e+01    1.519126e+05    1.372158e+05
3.583000e+01    1.516387e+05    1.372399e+05
3.584000e+01    1.513865e+05    1.372866e+05
3.585000e+01    1.511852e+05    1.373861e+05
3.586000e+01    1.509839e+05    1.374856e+05
3.587000e+01    1.507826e+05    1.375851e+05
3.588000e+01    1.505814e+05    1.376846e+05
3.589000e+01    1.503801e+05    1.377841e+05
3.590000e+01    1.501788e+05    1.378837e+05
3.591000e+01    1.499775e+05    1.379832e+05
3.592000e+01    1.497762e+05    1.380827e+05
3.593000e+01    1.495749e+05    1.381822e+05
3.594000e+01    1.493736e+05    1.382817e+05
3.595000e+01    1.491724e+05    1.383812e+05
3.596000e+01    1.489711e+05    1.384808e+05
3.597000e+01    1.487698e+05    1.385803e+05
3.598000e+01    1.485685e+05    1.386798e+05
3.599000e+01    1.483672e+05    1.387793e+05
3.600000e+01    1.481659e+05    1.388788e+05
3.601000e+01    1.479647e+05    1.389784e+05
3.602000e+01    1.477634e+05    1.390779e+05
3.603000e+01    1.475621e+05    1.391774e+05
3.604000e+01    1.473608e+05    1.392769e+05
3.605000e+01    1.471595e+05    1.393764e+05
3.606000e+01    1.469583e+05    1.394759e+05
3.607000e+01    1.467571e+05    1.395754e+05
3.608000e+01    1.465559e+05    1.396748e+05
3.609000e+01    1.463547e+05    1.397743e+05
3.610000e+01    1.462175e+05    1.398945e+05
3.611000e+01    1.461075e+05    1.400235e+05
3.612000e+01    1.459975e+05    1.401524e+05
3.613000e+01    1.458876e+05    1.402814e+05
3.614000e+01    1.457776e+05    1.404104e+05
3.615000e+01    1.456676e+05    1.405394e+05
3.616000e+01    1.455576e+05    1.406684e+05
3.617000e+01    1.454477e+05    1.407974e+05
3.618000e+01    1.453377e+05    1.409264e+05
3.619000e+01    1.452277e+05    1.410553e+05
3.620000e+01    1.451177e+05    1.411843e+05
3.621000e+01    1.450077e+05    1.413133e+05
3.622000e+01    1.448978e+05    1.414423e+05
3.623000e+01    1.447878e+05    1.415713e+05
3.624000e+01    1.446778e+05    1.417003e+05
3.625000e+01    1.445678e+05    1.418293e+05
3.626000e+01    1.444579e+05    1.419582e+05
3.627000e+01    1.443479e+05    1.420872e+05
3.628000e+01    1.442379e+05    1.422162e+05
3.629000e+01    1.441279e+05    1.423452e+05
3.630000e+01    1.440180e+05    1.424742e+05
3.631000e+01    1.439080e+05    1.426032e+05
3.632000e+01    1.437980e+05    1.427322e+05
3.633000e+01    1.436880e+05    1.428611e+05
3.634000e+01    1.435780e+05    1.429901e+05
3.635000e+01    1.434774e+05    1.431165e+05
3.636000e+01    1.434570e+05    1.432200e+05
3.637000e+01    1.434366e+05    1.433235e+05
3.638000e+01    1.434162e+05    1.434270e+05
3.639000e+01    1.433959e+05    1.435305e+05
3.640000e+01    1.433755e+05    1.436340e+05
3.641000e+01    1.433551e+05    1.437375e+05
3.642000e+01    1.433347e+05    1.438410e+05
3.643000e+01    1.433144e+05    1.439445e+05
3.644000e+01    1.432940e+05    1.440479e+05
3.645000e+01    1.432736e+05    1.441514e+05
3.646000e+01    1.432532e+05    1.442549e+05
3.647000e+01    1.432329e+05    1.443584e+05
3.648000e+01    1.432125e+05    1.444619e+05
3.649000e+01    1.431921e+05    1.445654e+05
3.650000e+01    1.431717e+05    1.446689e+05
3.651000e+01    1.431514e+05    1.447724e+05
3.652000e+01    1.431310e+05    1.448759e+05
3.653000e+01    1.431107e+05    1.449794e+05
3.654000e+01    1.430904e+05    1.450828e+05
3.655000e+01    1.430700e+05    1.451862e+05
3.656000e+01    1.430497e+05    1.452896e+05
3.657000e+01    1.430294e+05    1.453930e+05
3.658000e+01    1.430091e+05    1.454964e+05
3.659000e+01    1.429888e+05    1.455998e+05
3.660000e+01    1.429685e+05    1.457032e+05
3.661000e+01    1.429725e+05    1.457663e+05
3.662000e+01    1.430003e+05    1.457898e+05
3.663000e+01    1.430280e+05    1.458134e+05
3.664000e+01    1.430558e+05    1.458370e+05
3.665000e+01    1.430836e+05    1.458605e+05
3.666000e+01    1.431113e+05    1.458841e+05
3.667000e+01    1.431391e+05    1.459077e+05
3.668000e+01    1.431669e+05    1.459312e+05
3.669000e+01    1.431946e+05    1.459548e+05
3.670000e+01    1.432224e+05    1.459784e+05
3.671000e+01    1.432502e+05    1.460019e+05
3.672000e+01    1.432780e+05    1.460255e+05
3.673000e+01    1.433057e+05    1.460491e+05
3.674000e+01    1.433335e+05    1.460726e+05
3.675000e+01    1.433613e+05    1.460962e+05
3.676000e+01    1.433890e+05    1.461198e+05
3.677000e+01    1.434168e+05    1.461433e+05
3.678000e+01    1.434446e+05    1.461669e+05
3.679000e+01    1.434723e+05    1.461905e+05
3.680000e+01    1.435001e+05    1.462140e+05
3.681000e+01    1.435279e+05    1.462376e+05
3.682000e+01    1.435557e+05    1.462612e+05
3.683000e+01    1.435834e+05    1.462847e+05
3.684000e+01    1.436112e+05    1.463083e+05
3.685000e+01    1.436390e+05    1.463319e+05
3.686000e+01    1.436667e+05    1.463554e+05
3.687000e+01    1.436622e+05    1.462964e+05
3.688000e+01    1.436543e+05    1.462291e+05
3.689000e+01    1.436465e+05    1.461617e+05
3.690000e+01    1.436386e+05    1.460943e+05
3.691000e+01    1.436308e+05    1.460270e+05
3.692000e+01    1.436229e+05    1.459596e+05
3.693000e+01    1.436151e+05    1.458922e+05
3.694000e+01    1.436072e+05    1.458248e+05
3.695000e+01    1.435994e+05    1.457575e+05
3.696000e+01    1.435915e+05    1.456901e+05
3.697000e+01    1.435837e+05    1.456227e+05
3.698000e+01    1.435758e+05    1.455554e+05
3.699000e+01    1.435680e+05    1.454880e+05
3.700000e+01    1.435602e+05    1.454205e+05
3.701000e+01    1.435523e+05    1.453531e+05
3.702000e+01    1.435445e+05    1.452856e+05
3.703000e+01    1.435367e+05    1.452182e+05
3.704000e+01    1.435288e+05    1.451507e+05
3.705000e+01    1.435210e+05    1.450832e+05
3.706000e+01    1.435132e+05    1.450158e+05
3.707000e+01    1.435054e+05    1.449483e+05
3.708000e+01    1.434975e+05    1.448808e+05
3.709000e+01    1.434897e+05    1.448134e+05
3.710000e+01    1.434819e+05    1.447459e+05
3.711000e+01    1.434740e+05    1.446784e+05
3.712000e+01    1.434319e+05    1.446043e+05
3.713000e+01    1.433136e+05    1.445154e+05
3.714000e+01    1.431952e+05    1.444265e+05
3.715000e+01    1.430769e+05    1.443376e+05
3.716000e+01    1.429585e+05    1.442487e+05
3.717000e+01    1.428402e+05    1.441597e+05
3.718000e+01    1.427219e+05    1.440708e+05
3.719000e+01    1.426035e+05    1.439819e+05
3.720000e+01    1.424852e+05    1.438930e+05
3.721000e+01    1.423668e+05    1.438041e+05
3.722000e+01    1.422485e+05    1.437152e+05
3.723000e+01    1.421301e+05    1.436263e+05
3.724000e+01    1.420118e+05    1.435373e+05
3.725000e+01    1.418934e+05    1.434484e+05
3.726000e+01    1.417751e+05    1.433595e+05
3.727000e+01    1.416567e+05    1.432706e+05
3.728000e+01    1.415384e+05    1.431817e+05
3.729000e+01    1.414200e+05    1.430928e+05
3.730000e+01    1.413017e+05    1.430039e+05
3.731000e+01    1.411834e+05    1.429149e+05
3.732000e+01    1.410650e+05    1.428260e+05
3.733000e+01    1.409467e+05    1.427371e+05
3.734000e+01    1.408283e+05    1.426482e+05
3.735000e+01    1.407100e+05    1.425593e+05
3.736000e+01    1.405916e+05    1.424704e+05
3.737000e+01    1.404733e+05    1.423815e+05
3.738000e+01    1.402850e+05    1.423640e+05
3.739000e+01    1.400684e+05    1.423755e+05
3.740000e+01    1.398519e+05    1.423870e+05
3.741000e+01    1.396353e+05    1.423985e+05
3.742000e+01    1.394187e+05    1.424100e+05
3.743000e+01    1.392022e+05    1.424214e+05
3.744000e+01    1.389856e+05    1.424329e+05
3.745000e+01    1.387691e+05    1.424444e+05
3.746000e+01    1.385525e+05    1.424559e+05
3.747000e+01    1.383359e+05    1.424673e+05
3.748000e+01    1.381193e+05    1.424787e+05
3.749000e+01    1.379027e+05    1.424901e+05
3.750000e+01    1.376862e+05    1.425015e+05
3.751000e+01    1.374696e+05    1.425129e+05
3.752000e+01    1.372530e+05    1.425243e+05
3.753000e+01    1.370364e+05    1.425357e+05
3.754000e+01    1.368199e+05    1.425471e+05
3.755000e+01    1.366033e+05    1.425585e+05
3.756000e+01    1.363867e+05    1.425699e+05
3.757000e+01    1.361701e+05    1.425813e+05
3.758000e+01    1.359535e+05    1.425927e+05
3.759000e+01    1.357370e+05    1.426041e+05
3.760000e+01    1.355204e+05    1.426155e+05
3.761000e+01    1.353038e+05    1.426269e+05
3.762000e+01    1.350872e+05    1.426383e+05
3.763000e+01    1.348738e+05    1.426696e+05
3.764000e+01    1.346844e+05    1.428558e+05
3.765000e+01    1.344950e+05    1.430420e+05
3.766000e+01    1.343056e+05    1.432282e+05
3.767000e+01    1.341163e+05    1.434143e+05
3.768000e+01    1.339269e+05    1.436005e+05
3.769000e+01    1.337375e+05    1.437867e+05
3.770000e+01    1.335482e+05    1.439729e+05
3.771000e+01    1.333588e+05    1.441591e+05
3.772000e+01    1.331694e+05    1.443452e+05
3.773000e+01    1.329801e+05    1.445314e+05
3.774000e+01    1.327907e+05    1.447176e+05
3.775000e+01    1.326013e+05    1.449038e+05
3.776000e+01    1.324119e+05    1.450899e+05
3.777000e+01    1.322226e+05    1.452761e+05
3.778000e+01    1.320332e+05    1.454623e+05
3.779000e+01    1.318438e+05    1.456485e+05
3.780000e+01    1.316545e+05    1.458346e+05
3.781000e+01    1.314651e+05    1.460208e+05
3.782000e+01    1.312757e+05    1.462070e+05
3.783000e+01    1.310863e+05    1.463932e+05
3.784000e+01    1.308970e+05    1.465793e+05
3.785000e+01    1.307076e+05    1.467655e+05
3.786000e+01    1.305182e+05    1.469517e+05
3.787000e+01    1.303289e+05    1.471379e+05
3.788000e+01    1.301395e+05    1.473241e+05
3.789000e+01    1.300460e+05    1.475665e+05
3.790000e+01    1.300422e+05    1.478616e+05
3.791000e+01    1.300384e+05    1.481568e+05
3.792000e+01    1.300347e+05    1.484519e+05
3.793000e+01    1.300309e+05    1.487470e+05
3.794000e+01    1.300270e+05    1.490421e+05
3.795000e+01    1.300232e+05    1.493371e+05
3.796000e+01    1.300194e+05    1.496322e+05
3.797000e+01    1.300156e+05    1.499273e+05
3.798000e+01    1.300118e+05    1.502223e+05
3.799000e+01    1.300080e+05    1.505174e+05
3.800000e+01    1.300041e+05    1.508125e+05
3.801000e+01    1.300003e+05    1.511076e+05
3.802000e+01    1.299965e+05    1.514026e+05
3.803000e+01    1.299927e+05    1.516977e+05
3.804000e+01    1.299889e+05    1.519928e+05
3.805000e+01    1.299850e+05    1.522878e+05
3.806000e+01    1.299812e+05    1.525829e+05
3.807000e+01    1.299774e+05    1.528780e+05
3.808000e+01    1.299736e+05    1.531731e+05
3.809000e+01    1.299698e+05    1.534681e+05
3.810000e+01    1.299660e+05    1.537632e+05
3.811000e+01    1.299621e+05    1.540583e+05
3.812000e+01    1.299583e+05    1.543533e+05
3.813000e+01    1.299545e+05    1.546484e+05
3.814000e+01    1.299507e+05    1.549435e+05
3.815000e+01    1.301638e+05    1.551629e+05
3.816000e+01    1.303961e+05    1.553756e+05
3.817000e+01    1.306284e+05    1.555883e+05
3.818000e+01    1.308607e+05    1.558010e+05
3.819000e+01    1.310930e+05    1.560137e+05
3.820000e+01    1.313253e+05    1.562265e+05
3.821000e+01    1.315576e+05    1.564392e+05
3.822000e+01    1.317899e+05    1.566519e+05
3.823000e+01    1.320222e+05    1.568646e+05
3.824000e+01    1.322545e+05    1.570773e+05
3.825000e+01    1.324869e+05    1.572900e+05
3.826000e+01    1.327192e+05    1.575027e+05
3.827000e+01    1.329515e+05    1.577154e+05
3.828000e+01    1.331838e+05    1.579282e+05
3.829000e+01    1.334161e+05    1.581409e+05
3.830000e+01    1.336484e+05    1.583536e+05
3.831000e+01    1.338807e+05    1.585663e+05
3.832000e+01    1.341130e+05    1.587790e+05
3.833000e+01    1.343453e+05    1.589917e+05
3.834000e+01    1.345776e+05    1.592044e+05
3.835000e+01    1.348099e+05    1.594171e+05
3.836000e+01    1.350422e+05    1.596299e+05
3.837000e+01    1.352746e+05    1.598426e+05
3.838000e+01    1.355069e+05    1.600553e+05
3.839000e+01    1.357392e+05    1.602680e+05
3.840000e+01    1.360038e+05    1.603974e+05
3.841000e+01    1.363370e+05    1.603505e+05
3.842000e+01    1.366701e+05    1.603036e+05
3.843000e+01    1.370032e+05    1.602567e+05
3.844000e+01    1.373364e+05    1.602097e+05
3.845000e+01    1.376695e+05    1.601628e+05
3.846000e+01    1.380027e+05    1.601159e+05
3.847000e+01    1.383358e+05    1.600690e+05
3.848000e+01    1.386690e+05    1.600221e+05
3.849000e+01    1.390021e+05    1.599751e+05
3.850000e+01    1.393353e+05    1.599282e+05
3.851000e+01    1.396684e+05    1.598813e+05
3.852000e+01    1.400016e+05    1.598344e+05
3.853000e+01    1.403347e+05    1.597875e+05
3.854000e+01    1.406679e+05    1.597405e+05
3.855000e+01    1.410010e+05    1.596936e+05
3.856000e+01    1.413341e+05    1.596467e+05
3.857000e+01    1.416673e+05    1.595998e+05
3.858000e+01    1.420004e+05    1.595529e+05
3.859000e+01    1.423336e+05    1.595059e+05
3.860000e+01    1.426667e+05    1.594590e+05
3.861000e+01    1.429999e+05    1.594121e+05
3.862000e+01    1.433330e+05    1.593652e+05
3.863000e+01    1.436662e+05    1.593183e+05
3.864000e+01    1.439993e+05    1.592713e+05
3.865000e+01    1.443325e+05    1.592244e+05
3.866000e+01    1.445613e+05    1.589874e+05
3.867000e+01    1.447502e+05    1.586776e+05
3.868000e+01    1.449391e+05    1.583678e+05
3.869000e+01    1.451280e+05    1.580580e+05
3.870000e+01    1.453169e+05    1.577481e+05
3.871000e+01    1.455058e+05    1.574383e+05
3.872000e+01    1.456947e+05    1.571285e+05
3.873000e+01    1.458836e+05    1.568186e+05
3.874000e+01    1.460725e+05    1.565088e+05
3.875000e+01    1.462614e+05    1.561990e+05
3.876000e+01    1.464503e+05    1.558891e+05
3.877000e+01    1.466392e+05    1.555793e+05
3.878000e+01    1.468281e+05    1.552695e+05
3.879000e+01    1.470170e+05    1.549597e+05
3.880000e+01    1.472059e+05    1.546498e+05
3.881000e+01    1.473948e+05    1.543400e+05
3.882000e+01    1.475837e+05    1.540302e+05
3.883000e+01    1.477726e+05    1.537203e+05
3.884000e+01    1.479615e+05    1.534105e+05
3.885000e+01    1.481503e+05    1.531007e+05
3.886000e+01    1.483392e+05    1.527908e+05
3.887000e+01    1.485281e+05    1.524810e+05
3.888000e+01    1.487170e+05    1.521712e+05
3.889000e+01    1.489058e+05    1.518613e+05
3.890000e+01    1.490946e+05    1.515515e+05
3.891000e+01    1.492447e+05    1.512344e+05
3.892000e+01    1.491237e+05    1.508667e+05
3.893000e+01    1.490027e+05    1.504989e+05
3.894000e+01    1.488816e+05    1.501312e+05
3.895000e+01    1.487606e+05    1.497635e+05
3.896000e+01    1.486396e+05    1.493958e+05
3.897000e+01    1.485185e+05    1.490281e+05
3.898000e+01    1.483975e+05    1.486603e+05
3.899000e+01    1.482765e+05    1.482926e+05
3.900000e+01    1.481554e+05    1.479249e+05
3.901000e+01    1.480344e+05    1.475572e+05
3.902000e+01    1.479134e+05    1.471895e+05
3.903000e+01    1.477923e+05    1.468217e+05
3.904000e+01    1.476713e+05    1.464540e+05
3.905000e+01    1.475503e+05    1.460863e+05
3.906000e+01    1.474292e+05    1.457186e+05
3.907000e+01    1.473082e+05    1.453508e+05
3.908000e+01    1.471872e+05    1.449831e+05
3.909000e+01    1.470661e+05    1.446154e+05
3.910000e+01    1.469451e+05    1.442477e+05
3.911000e+01    1.468241e+05    1.438800e+05
3.912000e+01    1.467030e+05    1.435122e+05
3.913000e+01    1.465820e+05    1.431445e+05
3.914000e+01    1.464610e+05    1.427768e+05
3.915000e+01    1.463399e+05    1.424091e+05
3.916000e+01    1.462189e+05    1.420414e+05
3.917000e+01    1.459675e+05    1.417859e+05
3.918000e+01    1.455992e+05    1.416311e+05
3.919000e+01    1.452309e+05    1.414762e+05
3.920000e+01    1.448625e+05    1.413214e+05
3.921000e+01    1.444942e+05    1.411666e+05
3.922000e+01    1.441259e+05    1.410118e+05
3.923000e+01    1.437576e+05    1.408570e+05
3.924000e+01    1.433893e+05    1.407021e+05
3.925000e+01    1.430209e+05    1.405473e+05
3.926000e+01    1.426526e+05    1.403925e+05
3.927000e+01    1.422843e+05    1.402377e+05
3.928000e+01    1.419160e+05    1.400829e+05
3.929000e+01    1.415476e+05    1.399281e+05
3.930000e+01    1.411793e+05    1.397732e+05
3.931000e+01    1.408110e+05    1.396184e+05
3.932000e+01    1.404427e+05    1.394636e+05
3.933000e+01    1.400744e+05    1.393088e+05
3.934000e+01    1.397060e+05    1.391540e+05
3.935000e+01    1.393376e+05    1.389992e+05
3.936000e+01    1.389692e+05    1.388443e+05
3.937000e+01    1.386009e+05    1.386895e+05
3.938000e+01    1.382325e+05    1.385347e+05
3.939000e+01    1.378641e+05    1.383799e+05
3.940000e+01    1.374957e+05    1.382251e+05
3.941000e+01    1.371274e+05    1.380703e+05
3.942000e+01    1.367590e+05    1.379154e+05
3.943000e+01    1.364040e+05    1.380712e+05
3.944000e+01    1.360500e+05    1.382506e+05
3.945000e+01    1.356959e+05    1.384299e+05
3.946000e+01    1.353419e+05    1.386093e+05
3.947000e+01    1.349879e+05    1.387887e+05
3.948000e+01    1.346339e+05    1.389681e+05
3.949000e+01    1.342799e+05    1.391474e+05
3.950000e+01    1.339259e+05    1.393268e+05
3.951000e+01    1.335719e+05    1.395062e+05
3.952000e+01    1.332178e+05    1.396856e+05
3.953000e+01    1.328638e+05    1.398649e+05
3.954000e+01    1.325098e+05    1.400443e+05
3.955000e+01    1.321558e+05    1.402237e+05
3.956000e+01    1.318018e+05    1.404031e+05
3.957000e+01    1.314478e+05    1.405824e+05
3.958000e+01    1.310938e+05    1.407618e+05
3.959000e+01    1.307397e+05    1.409412e+05
3.960000e+01    1.303857e+05    1.411206e+05
3.961000e+01    1.300317e+05    1.412999e+05
3.962000e+01    1.296777e+05    1.414793e+05
3.963000e+01    1.293237e+05    1.416587e+05
3.964000e+01    1.289697e+05    1.418381e+05
3.965000e+01    1.286157e+05    1.420174e+05
3.966000e+01    1.282616e+05    1.421968e+05
3.967000e+01    1.279076e+05    1.423762e+05
3.968000e+01    1.276453e+05    1.426213e+05
3.969000e+01    1.275680e+05    1.429989e+05
3.970000e+01    1.274906e+05    1.433766e+05
3.971000e+01    1.274133e+05    1.437542e+05
3.972000e+01    1.273359e+05    1.441318e+05
3.973000e+01    1.272586e+05    1.445095e+05
3.974000e+01    1.271812e+05    1.448871e+05
3.975000e+01    1.271038e+05    1.452648e+05
3.976000e+01    1.270265e+05    1.456424e+05
3.977000e+01    1.269491e+05    1.460201e+05
3.978000e+01    1.268739e+05    1.463999e+05
3.979000e+01    1.268002e+05    1.467812e+05
3.980000e+01    1.267265e+05    1.471624e+05
3.981000e+01    1.266527e+05    1.475437e+05
3.982000e+01    1.265789e+05    1.479250e+05
3.983000e+01    1.265051e+05    1.483064e+05
3.984000e+01    1.264313e+05    1.486877e+05
3.985000e+01    1.263575e+05    1.490690e+05
3.986000e+01    1.262837e+05    1.494503e+05
3.987000e+01    1.262099e+05    1.498316e+05
3.988000e+01    1.261361e+05    1.502129e+05
3.989000e+01    1.260623e+05    1.505942e+05
3.990000e+01    1.259885e+05    1.509755e+05
3.991000e+01    1.259148e+05    1.513568e+05
3.992000e+01    1.258410e+05    1.517381e+05
3.993000e+01    1.257672e+05    1.521194e+05
3.994000e+01    1.259355e+05    1.524300e+05
3.995000e+01    1.261917e+05    1.527149e+05
3.996000e+01    1.264479e+05    1.529998e+05
3.997000e+01    1.267042e+05    1.532847e+05
3.998000e+01    1.269604e+05    1.535697e+05
3.999000e+01    1.272166e+05    1.538546e+05
4.000000e+01    1.274729e+05    1.541395e+05
4.001000e+01    1.277291e+05    1.544244e+05
4.002000e+01    1.279853e+05    1.547093e+05
4.003000e+01    1.282416e+05    1.549942e+05
4.004000e+01    1.284978e+05    1.552791e+05
4.005000e+01    1.287540e+05    1.555640e+05
4.006000e+01    1.290103e+05    1.558489e+05
4.007000e+01    1.292665e+05    1.561338e+05
4.008000e+01    1.295227e+05    1.564188e+05
4.009000e+01    1.297789e+05    1.567037e+05
4.010000e+01    1.300352e+05    1.569886e+05
4.011000e+01    1.302914e+05    1.572735e+05
4.012000e+01    1.305476e+05    1.575584e+05
4.013000e+01    1.308039e+05    1.578433e+05
4.014000e+01    1.310601e+05    1.581282e+05
4.015000e+01    1.313163e+05    1.584131e+05
4.016000e+01    1.315726e+05    1.586980e+05
4.017000e+01    1.318288e+05    1.589829e+05
4.018000e+01    1.320850e+05    1.592679e+05
4.019000e+01    1.323587e+05    1.595094e+05
4.020000e+01    1.327435e+05    1.594745e+05
4.021000e+01    1.331282e+05    1.594397e+05
4.022000e+01    1.335130e+05    1.594049e+05
4.023000e+01    1.338978e+05    1.593701e+05
4.024000e+01    1.342826e+05    1.593352e+05
4.025000e+01    1.346673e+05    1.593004e+05
4.026000e+01    1.350521e+05    1.592656e+05
4.027000e+01    1.354369e+05    1.592308e+05
4.028000e+01    1.358216e+05    1.591960e+05
4.029000e+01    1.362063e+05    1.591612e+05
4.030000e+01    1.365910e+05    1.591264e+05
4.031000e+01    1.369758e+05    1.590917e+05
4.032000e+01    1.373605e+05    1.590569e+05
4.033000e+01    1.377452e+05    1.590221e+05
4.034000e+01    1.381299e+05    1.589873e+05
4.035000e+01    1.385147e+05    1.589526e+05
4.036000e+01    1.388994e+05    1.589178e+05
4.037000e+01    1.392841e+05    1.588830e+05
4.038000e+01    1.396689e+05    1.588483e+05
4.039000e+01    1.400536e+05    1.588135e+05
4.040000e+01    1.404383e+05    1.587787e+05
4.041000e+01    1.408230e+05    1.587439e+05
4.042000e+01    1.412078e+05    1.587092e+05
4.043000e+01    1.415925e+05    1.586744e+05
4.044000e+01    1.419772e+05    1.586396e+05
4.045000e+01    1.422704e+05    1.584448e+05
4.046000e+01    1.424849e+05    1.581124e+05
4.047000e+01    1.426993e+05    1.577801e+05
4.048000e+01    1.429138e+05    1.574477e+05
4.049000e+01    1.431283e+05    1.571154e+05
4.050000e+01    1.433428e+05    1.567830e+05
4.051000e+01    1.435572e+05    1.564507e+05
4.052000e+01    1.437718e+05    1.561184e+05
4.053000e+01    1.439865e+05    1.557863e+05
4.054000e+01    1.442012e+05    1.554541e+05
4.055000e+01    1.444158e+05    1.551220e+05
4.056000e+01    1.446305e+05    1.547898e+05
4.057000e+01    1.448452e+05    1.544576e+05
4.058000e+01    1.450598e+05    1.541255e+05
4.059000e+01    1.452745e+05    1.537933e+05
4.060000e+01    1.454891e+05    1.534612e+05
4.061000e+01    1.457038e+05    1.531290e+05
4.062000e+01    1.459185e+05    1.527968e+05
4.063000e+01    1.461331e+05    1.524647e+05
4.064000e+01    1.463478e+05    1.521325e+05
4.065000e+01    1.465625e+05    1.518004e+05
4.066000e+01    1.467771e+05    1.514682e+05
4.067000e+01    1.469918e+05    1.511360e+05
4.068000e+01    1.472065e+05    1.508039e+05
4.069000e+01    1.474211e+05    1.504717e+05
4.070000e+01    1.476358e+05    1.501396e+05
4.071000e+01    1.475356e+05    1.497588e+05
4.072000e+01    1.474153e+05    1.493750e+05
4.073000e+01    1.472949e+05    1.489912e+05
4.074000e+01    1.471746e+05    1.486074e+05
4.075000e+01    1.470543e+05    1.482236e+05
4.076000e+01    1.469340e+05    1.478398e+05
4.077000e+01    1.468136e+05    1.474561e+05
4.078000e+01    1.466933e+05    1.470723e+05
4.079000e+01    1.465730e+05    1.466886e+05
4.080000e+01    1.464527e+05    1.463048e+05
4.081000e+01    1.463323e+05    1.459210e+05
4.082000e+01    1.462120e+05    1.455373e+05
4.083000e+01    1.460917e+05    1.451535e+05
4.084000e+01    1.459714e+05    1.447698e+05
4.085000e+01    1.458510e+05    1.443860e+05
4.086000e+01    1.457307e+05    1.440022e+05
4.087000e+01    1.456104e+05    1.436185e+05
4.088000e+01    1.454900e+05    1.432347e+05
4.089000e+01    1.453697e+05    1.428509e+05
4.090000e+01    1.452494e+05    1.424672e+05
4.091000e+01    1.451291e+05    1.420834e+05
4.092000e+01    1.450087e+05    1.416997e+05
4.093000e+01    1.448884e+05    1.413159e+05
4.094000e+01    1.447681e+05    1.409321e+05
4.095000e+01    1.446478e+05    1.405484e+05
4.096000e+01    1.444431e+05    1.402414e+05
4.097000e+01    1.440762e+05    1.400821e+05
4.098000e+01    1.437094e+05    1.399228e+05
4.099000e+01    1.433425e+05    1.397635e+05
4.100000e+01    1.429757e+05    1.396042e+05
4.101000e+01    1.426088e+05    1.394449e+05
4.102000e+01    1.422420e+05    1.392856e+05
4.103000e+01    1.418751e+05    1.391263e+05
4.104000e+01    1.415083e+05    1.389669e+05
4.105000e+01    1.411414e+05    1.388076e+05
4.106000e+01    1.407746e+05    1.386483e+05
4.107000e+01    1.404077e+05    1.384890e+05
4.108000e+01    1.400409e+05    1.383297e+05
4.109000e+01    1.396740e+05    1.381704e+05
4.110000e+01    1.393072e+05    1.380111e+05
4.111000e+01    1.389403e+05    1.378518e+05
4.112000e+01    1.385735e+05    1.376925e+05
4.113000e+01    1.382066e+05    1.375332e+05
4.114000e+01    1.378398e+05    1.373739e+05
4.115000e+01    1.374729e+05    1.372145e+05
4.116000e+01    1.371061e+05    1.370552e+05
4.117000e+01    1.367392e+05    1.368959e+05
4.118000e+01    1.363724e+05    1.367366e+05
4.119000e+01    1.360055e+05    1.365773e+05
4.120000e+01    1.356387e+05    1.364180e+05
4.121000e+01    1.352718e+05    1.362587e+05
4.122000e+01    1.349170e+05    1.363421e+05
4.123000e+01    1.345662e+05    1.365088e+05
4.124000e+01    1.342155e+05    1.366756e+05
4.125000e+01    1.338647e+05    1.368423e+05
4.126000e+01    1.335140e+05    1.370090e+05
4.127000e+01    1.331632e+05    1.371758e+05
4.128000e+01    1.328125e+05    1.373425e+05
4.129000e+01    1.324617e+05    1.375092e+05
4.130000e+01    1.321110e+05    1.376760e+05
4.131000e+01    1.317602e+05    1.378427e+05
4.132000e+01    1.314095e+05    1.380094e+05
4.133000e+01    1.310587e+05    1.381762e+05
4.134000e+01    1.307080e+05    1.383429e+05
4.135000e+01    1.303572e+05    1.385096e+05
4.136000e+01    1.300065e+05    1.386764e+05
4.137000e+01    1.296558e+05    1.388431e+05
4.138000e+01    1.293050e+05    1.390098e+05
4.139000e+01    1.289543e+05    1.391766e+05
4.140000e+01    1.286035e+05    1.393433e+05
4.141000e+01    1.282528e+05    1.395100e+05
4.142000e+01    1.279020e+05    1.396768e+05
4.143000e+01    1.275513e+05    1.398435e+05
4.144000e+01    1.272005e+05    1.400103e+05
4.145000e+01    1.268498e+05    1.401770e+05
4.146000e+01    1.264990e+05    1.403437e+05
4.147000e+01    1.261852e+05    1.405387e+05
4.148000e+01    1.260867e+05    1.408987e+05
4.149000e+01    1.259882e+05    1.412586e+05
4.150000e+01    1.258896e+05    1.416185e+05
4.151000e+01    1.257911e+05    1.419785e+05
4.152000e+01    1.256926e+05    1.423384e+05
4.153000e+01    1.255941e+05    1.426983e+05
4.154000e+01    1.254956e+05    1.430583e+05
4.155000e+01    1.253970e+05    1.434182e+05
4.156000e+01    1.252985e+05    1.437781e+05
4.157000e+01    1.252000e+05    1.441380e+05
4.158000e+01    1.251015e+05    1.444980e+05
4.159000e+01    1.250029e+05    1.448579e+05
4.160000e+01    1.249044e+05    1.452178e+05
4.161000e+01    1.248059e+05    1.455778e+05
4.162000e+01    1.247074e+05    1.459377e+05
4.163000e+01    1.246088e+05    1.462976e+05
4.164000e+01    1.245103e+05    1.466575e+05
4.165000e+01    1.244118e+05    1.470175e+05
4.166000e+01    1.243133e+05    1.473774e+05
4.167000e+01    1.242147e+05    1.477373e+05
4.168000e+01    1.241163e+05    1.480973e+05
4.169000e+01    1.240178e+05    1.484573e+05
4.170000e+01    1.239193e+05    1.488173e+05
4.171000e+01    1.238208e+05    1.491772e+05
4.172000e+01    1.237223e+05    1.495372e+05
4.173000e+01    1.237891e+05    1.498641e+05
4.174000e+01    1.239918e+05    1.501636e+05
4.175000e+01    1.241945e+05    1.504632e+05
4.176000e+01    1.243972e+05    1.507628e+05
4.177000e+01    1.245999e+05    1.510624e+05
4.178000e+01    1.248026e+05    1.513620e+05
4.179000e+01    1.250053e+05    1.516616e+05
4.180000e+01    1.252080e+05    1.519611e+05
4.181000e+01    1.254107e+05    1.522607e+05
4.182000e+01    1.256134e+05    1.525603e+05
4.183000e+01    1.258161e+05    1.528599e+05
4.184000e+01    1.260188e+05    1.531595e+05
4.185000e+01    1.262215e+05    1.534591e+05
4.186000e+01    1.264242e+05    1.537586e+05
4.187000e+01    1.266269e+05    1.540582e+05
4.188000e+01    1.268296e+05    1.543578e+05
4.189000e+01    1.270323e+05    1.546574e+05
4.190000e+01    1.272350e+05    1.549570e+05
4.191000e+01    1.274377e+05    1.552566e+05
4.192000e+01    1.276404e+05    1.555561e+05
4.193000e+01    1.278431e+05    1.558557e+05
4.194000e+01    1.280458e+05    1.561553e+05
4.195000e+01    1.282485e+05    1.564549e+05
4.196000e+01    1.284512e+05    1.567545e+05
4.197000e+01    1.286539e+05    1.570541e+05
4.198000e+01    1.288565e+05    1.573537e+05
4.199000e+01    1.292032e+05    1.574127e+05
4.200000e+01    1.295572e+05    1.574592e+05
4.201000e+01    1.299113e+05    1.575057e+05
4.202000e+01    1.302653e+05    1.575522e+05
4.203000e+01    1.306194e+05    1.575988e+05
4.204000e+01    1.309735e+05    1.576453e+05
4.205000e+01    1.313275e+05    1.576918e+05
4.206000e+01    1.316816e+05    1.577383e+05
4.207000e+01    1.320357e+05    1.577848e+05
4.208000e+01    1.323897e+05    1.578314e+05
4.209000e+01    1.327438e+05    1.578779e+05
4.210000e+01    1.330978e+05    1.579244e+05
4.211000e+01    1.334519e+05    1.579709e+05
4.212000e+01    1.338060e+05    1.580175e+05
4.213000e+01    1.341600e+05    1.580640e+05
4.214000e+01    1.345141e+05    1.581105e+05
4.215000e+01    1.348682e+05    1.581571e+05
4.216000e+01    1.352223e+05    1.582036e+05
4.217000e+01    1.355764e+05    1.582502e+05
4.218000e+01    1.359306e+05    1.582967e+05
4.219000e+01    1.362847e+05    1.583433e+05
4.220000e+01    1.366388e+05    1.583898e+05
4.221000e+01    1.369929e+05    1.584364e+05
4.222000e+01    1.373470e+05    1.584829e+05
4.223000e+01    1.377011e+05    1.585295e+05
4.224000e+01    1.380281e+05    1.584804e+05
4.225000e+01    1.383053e+05    1.582561e+05
4.226000e+01    1.385825e+05    1.580318e+05
4.227000e+01    1.388596e+05    1.578076e+05
4.228000e+01    1.391368e+05    1.575833e+05
4.229000e+01    1.394140e+05    1.573590e+05
4.230000e+01    1.396912e+05    1.571347e+05
4.231000e+01    1.399684e+05    1.569104e+05
4.232000e+01    1.402455e+05    1.566861e+05
4.233000e+01    1.405227e+05    1.564618e+05
4.234000e+01    1.407999e+05    1.562375e+05
4.235000e+01    1.410771e+05    1.560132e+05
4.236000e+01    1.413543e+05    1.557889e+05
4.237000e+01    1.416314e+05    1.555646e+05
4.238000e+01    1.419086e+05    1.553403e+05
4.239000e+01    1.421858e+05    1.551160e+05
4.240000e+01    1.424630e+05    1.548917e+05
4.241000e+01    1.427401e+05    1.546674e+05
4.242000e+01    1.430173e+05    1.544431e+05
4.243000e+01    1.432945e+05    1.542188e+05
4.244000e+01    1.435717e+05    1.539945e+05
4.245000e+01    1.438489e+05    1.537702e+05
4.246000e+01    1.441260e+05    1.535459e+05
4.247000e+01    1.444032e+05    1.533216e+05
4.248000e+01    1.446804e+05    1.530974e+05
4.249000e+01    1.449576e+05    1.528731e+05
4.250000e+01    1.450564e+05    1.525523e+05
4.251000e+01    1.450973e+05    1.522002e+05
4.252000e+01    1.451382e+05    1.518481e+05
4.253000e+01    1.451791e+05    1.514960e+05
4.254000e+01    1.452200e+05    1.511439e+05
4.255000e+01    1.452610e+05    1.507919e+05
4.256000e+01    1.453019e+05    1.504398e+05
4.257000e+01    1.453428e+05    1.500877e+05
4.258000e+01    1.453837e+05    1.497356e+05
4.259000e+01    1.454246e+05    1.493835e+05
4.260000e+01    1.454655e+05    1.490314e+05
4.261000e+01    1.455064e+05    1.486793e+05
4.262000e+01    1.455474e+05    1.483273e+05
4.263000e+01    1.455884e+05    1.479752e+05
4.264000e+01    1.456294e+05    1.476231e+05
4.265000e+01    1.456703e+05    1.472710e+05
4.266000e+01    1.457113e+05    1.469189e+05
4.267000e+01    1.457523e+05    1.465669e+05
4.268000e+01    1.457932e+05    1.462148e+05
4.269000e+01    1.458342e+05    1.458627e+05
4.270000e+01    1.458752e+05    1.455106e+05
4.271000e+01    1.459161e+05    1.451585e+05
4.272000e+01    1.459571e+05    1.448065e+05
4.273000e+01    1.459981e+05    1.444544e+05
4.274000e+01    1.460390e+05    1.441023e+05
4.275000e+01    1.460412e+05    1.437616e+05
4.276000e+01    1.458348e+05    1.434823e+05
4.277000e+01    1.456285e+05    1.432030e+05
4.278000e+01    1.454222e+05    1.429236e+05
4.279000e+01    1.452159e+05    1.426443e+05
4.280000e+01    1.450096e+05    1.423649e+05
4.281000e+01    1.448032e+05    1.420856e+05
4.282000e+01    1.445969e+05    1.418062e+05
4.283000e+01    1.443906e+05    1.415269e+05
4.284000e+01    1.441843e+05    1.412475e+05
4.285000e+01    1.439780e+05    1.409682e+05
4.286000e+01    1.437716e+05    1.406888e+05
4.287000e+01    1.435653e+05    1.404095e+05
4.288000e+01    1.433590e+05    1.401301e+05
4.289000e+01    1.431527e+05    1.398508e+05
4.290000e+01    1.429464e+05    1.395715e+05
4.291000e+01    1.427400e+05    1.392921e+05
4.292000e+01    1.425337e+05    1.390128e+05
4.293000e+01    1.423274e+05    1.387334e+05
4.294000e+01    1.421211e+05    1.384541e+05
4.295000e+01    1.419148e+05    1.381747e+05
4.296000e+01    1.417084e+05    1.378954e+05
4.297000e+01    1.415021e+05    1.376160e+05
4.298000e+01    1.412958e+05    1.373367e+05
4.299000e+01    1.410895e+05    1.370573e+05
4.300000e+01    1.408832e+05    1.367780e+05
4.301000e+01    1.406076e+05    1.366206e+05
4.302000e+01    1.402775e+05    1.365593e+05
4.303000e+01    1.399475e+05    1.364980e+05
4.304000e+01    1.396174e+05    1.364367e+05
4.305000e+01    1.392873e+05    1.363753e+05
4.306000e+01    1.389572e+05    1.363140e+05
4.307000e+01    1.386271e+05    1.362527e+05
4.308000e+01    1.382971e+05    1.361914e+05
4.309000e+01    1.379670e+05    1.361301e+05
4.310000e+01    1.376370e+05    1.360688e+05
4.311000e+01    1.373069e+05    1.360075e+05
4.312000e+01    1.369769e+05    1.359461e+05
4.313000e+01    1.366469e+05    1.358848e+05
4.314000e+01    1.363168e+05    1.358235e+05
4.315000e+01    1.359868e+05    1.357622e+05
4.316000e+01    1.356568e+05    1.357009e+05
4.317000e+01    1.353267e+05    1.356395e+05
4.318000e+01    1.349967e+05    1.355782e+05
4.319000e+01    1.346667e+05    1.355169e+05
4.320000e+01    1.343366e+05    1.354556e+05
4.321000e+01    1.340066e+05    1.353943e+05
4.322000e+01    1.336766e+05    1.353329e+05
4.323000e+01    1.333465e+05    1.352716e+05
4.324000e+01    1.330165e+05    1.352103e+05
4.325000e+01    1.326864e+05    1.351490e+05
4.326000e+01    1.323564e+05    1.350877e+05
4.327000e+01    1.320841e+05    1.352583e+05
4.328000e+01    1.318141e+05    1.354383e+05
4.329000e+01    1.315442e+05    1.356183e+05
4.330000e+01    1.312742e+05    1.357983e+05
4.331000e+01    1.310042e+05    1.359782e+05
4.332000e+01    1.307343e+05    1.361582e+05
4.333000e+01    1.304643e+05    1.363382e+05
4.334000e+01    1.301943e+05    1.365182e+05
4.335000e+01    1.299244e+05    1.366981e+05
4.336000e+01    1.296544e+05    1.368781e+05
4.337000e+01    1.293844e+05    1.370581e+05
4.338000e+01    1.291145e+05    1.372381e+05
4.339000e+01    1.288445e+05    1.374180e+05
4.340000e+01    1.285745e+05    1.375980e+05
4.341000e+01    1.283045e+05    1.377780e+05
4.342000e+01    1.280346e+05    1.379580e+05
4.343000e+01    1.277646e+05    1.381379e+05
4.344000e+01    1.274946e+05    1.383179e+05
4.345000e+01    1.272247e+05    1.384979e+05
4.346000e+01    1.269547e+05    1.386779e+05
4.347000e+01    1.266847e+05    1.388578e+05
4.348000e+01    1.264148e+05    1.390378e+05
4.349000e+01    1.261448e+05    1.392178e+05
4.350000e+01    1.258748e+05    1.393978e+05
4.351000e+01    1.256049e+05    1.395777e+05
4.352000e+01    1.254121e+05    1.398069e+05
4.353000e+01    1.253547e+05    1.401223e+05
4.354000e+01    1.252972e+05    1.404377e+05
4.355000e+01    1.252397e+05    1.407531e+05
4.356000e+01    1.251823e+05    1.410685e+05
4.357000e+01    1.251249e+05    1.413838e+05
4.358000e+01    1.250675e+05    1.416992e+05
4.359000e+01    1.250101e+05    1.420146e+05
4.360000e+01    1.249526e+05    1.423299e+05
4.361000e+01    1.248952e+05    1.426453e+05
4.362000e+01    1.248378e+05    1.429607e+05
4.363000e+01    1.247804e+05    1.432760e+05
4.364000e+01    1.247229e+05    1.435914e+05
4.365000e+01    1.246655e+05    1.439068e+05
4.366000e+01    1.246081e+05    1.442221e+05
4.367000e+01    1.245507e+05    1.445375e+05
4.368000e+01    1.244933e+05    1.448529e+05
4.369000e+01    1.244358e+05    1.451682e+05
4.370000e+01    1.243784e+05    1.454836e+05
4.371000e+01    1.243210e+05    1.457990e+05
4.372000e+01    1.242636e+05    1.461143e+05
4.373000e+01    1.242062e+05    1.464297e+05
4.374000e+01    1.241487e+05    1.467450e+05
4.375000e+01    1.240913e+05    1.470604e+05
4.376000e+01    1.240339e+05    1.473758e+05
4.377000e+01    1.239765e+05    1.476911e+05
4.378000e+01    1.241143e+05    1.479671e+05
4.379000e+01    1.243118e+05    1.482309e+05
4.380000e+01    1.245094e+05    1.484947e+05
4.381000e+01    1.247070e+05    1.487585e+05
4.382000e+01    1.249045e+05    1.490224e+05
4.383000e+01    1.251021e+05    1.492862e+05
4.384000e+01    1.252997e+05    1.495500e+05
4.385000e+01    1.254972e+05    1.498139e+05
4.386000e+01    1.256948e+05    1.500777e+05
4.387000e+01    1.258924e+05    1.503415e+05
4.388000e+01    1.260899e+05    1.506054e+05
4.389000e+01    1.262875e+05    1.508692e+05
4.390000e+01    1.264851e+05    1.511330e+05
4.391000e+01    1.266826e+05    1.513969e+05
4.392000e+01    1.268802e+05    1.516607e+05
4.393000e+01    1.270777e+05    1.519245e+05
4.394000e+01    1.272753e+05    1.521884e+05
4.395000e+01    1.274729e+05    1.524522e+05
4.396000e+01    1.276704e+05    1.527160e+05
4.397000e+01    1.278680e+05    1.529799e+05
4.398000e+01    1.280656e+05    1.532437e+05
4.399000e+01    1.282631e+05    1.535075e+05
4.400000e+01    1.284607e+05    1.537713e+05
4.401000e+01    1.286583e+05    1.540352e+05
4.402000e+01    1.288559e+05    1.542990e+05
4.403000e+01    1.290789e+05    1.545249e+05
4.404000e+01    1.294279e+05    1.545628e+05
4.405000e+01    1.297769e+05    1.546007e+05
4.406000e+01    1.301258e+05    1.546386e+05
4.407000e+01    1.304748e+05    1.546765e+05
4.408000e+01    1.308238e+05    1.547144e+05
4.409000e+01    1.311728e+05    1.547522e+05
4.410000e+01    1.315218e+05    1.547901e+05
4.411000e+01    1.318708e+05    1.548280e+05
4.412000e+01    1.322198e+05    1.548659e+05
4.413000e+01    1.325688e+05    1.549038e+05
4.414000e+01    1.329178e+05    1.549417e+05
4.415000e+01    1.332668e+05    1.549796e+05
4.416000e+01    1.336158e+05    1.550175e+05
4.417000e+01    1.339647e+05    1.550554e+05
4.418000e+01    1.343137e+05    1.550933e+05
4.419000e+01    1.346627e+05    1.551312e+05
4.420000e+01    1.350117e+05    1.551691e+05
4.421000e+01    1.353607e+05    1.552070e+05
4.422000e+01    1.357097e+05    1.552449e+05
4.423000e+01    1.360587e+05    1.552828e+05
4.424000e+01    1.364077e+05    1.553207e+05
4.425000e+01    1.367567e+05    1.553586e+05
4.426000e+01    1.371057e+05    1.553965e+05
4.427000e+01    1.374547e+05    1.554344e+05
4.428000e+01    1.378036e+05    1.554723e+05
4.429000e+01    1.381188e+05    1.553508e+05
4.430000e+01    1.384084e+05    1.551091e+05
4.431000e+01    1.386979e+05    1.548673e+05
4.432000e+01    1.389875e+05    1.546256e+05
4.433000e+01    1.392771e+05    1.543839e+05
4.434000e+01    1.395667e+05    1.541421e+05
4.435000e+01    1.398562e+05    1.539004e+05
4.436000e+01    1.401458e+05    1.536587e+05
4.437000e+01    1.404354e+05    1.534169e+05
4.438000e+01    1.407250e+05    1.531752e+05
4.439000e+01    1.410146e+05    1.529335e+05
4.440000e+01    1.413041e+05    1.526917e+05
4.441000e+01    1.415937e+05    1.524500e+05
4.442000e+01    1.418833e+05    1.522083e+05
4.443000e+01    1.421729e+05    1.519665e+05
4.444000e+01    1.424625e+05    1.517248e+05
4.445000e+01    1.427520e+05    1.514831e+05
4.446000e+01    1.430416e+05    1.512413e+05
4.447000e+01    1.433312e+05    1.509996e+05
4.448000e+01    1.436208e+05    1.507579e+05
4.449000e+01    1.439104e+05    1.505161e+05
4.450000e+01    1.442000e+05    1.502743e+05
4.451000e+01    1.444896e+05    1.500325e+05
4.452000e+01    1.447792e+05    1.497907e+05
4.453000e+01    1.450688e+05    1.495489e+05
4.454000e+01    1.453584e+05    1.493072e+05
4.455000e+01    1.453974e+05    1.489149e+05
4.456000e+01    1.454291e+05    1.485183e+05
4.457000e+01    1.454609e+05    1.481217e+05
4.458000e+01    1.454927e+05    1.477251e+05
4.459000e+01    1.455245e+05    1.473285e+05
4.460000e+01    1.455563e+05    1.469319e+05
4.461000e+01    1.455880e+05    1.465353e+05
4.462000e+01    1.456198e+05    1.461388e+05
4.463000e+01    1.456516e+05    1.457422e+05
4.464000e+01    1.456834e+05    1.453456e+05
4.465000e+01    1.457152e+05    1.449490e+05
4.466000e+01    1.457470e+05    1.445524e+05
4.467000e+01    1.457787e+05    1.441558e+05
4.468000e+01    1.458105e+05    1.437592e+05
4.469000e+01    1.458423e+05    1.433626e+05
4.470000e+01    1.458741e+05    1.429660e+05
4.471000e+01    1.459059e+05    1.425694e+05
4.472000e+01    1.459376e+05    1.421729e+05
4.473000e+01    1.459694e+05    1.417763e+05
4.474000e+01    1.460012e+05    1.413797e+05
4.475000e+01    1.460330e+05    1.409831e+05
4.476000e+01    1.460648e+05    1.405865e+05
4.477000e+01    1.460965e+05    1.401899e+05
4.478000e+01    1.461283e+05    1.397933e+05
4.479000e+01    1.461601e+05    1.393967e+05
4.480000e+01    1.460790e+05    1.390351e+05
4.481000e+01    1.458092e+05    1.387321e+05
4.482000e+01    1.455394e+05    1.384291e+05
4.483000e+01    1.452696e+05    1.381261e+05
4.484000e+01    1.449998e+05    1.378230e+05
4.485000e+01    1.447300e+05    1.375200e+05
4.486000e+01    1.444601e+05    1.372170e+05
4.487000e+01    1.441903e+05    1.369139e+05
4.488000e+01    1.439205e+05    1.366109e+05
4.489000e+01    1.436507e+05    1.363079e+05
4.490000e+01    1.433809e+05    1.360049e+05
4.491000e+01    1.431111e+05    1.357018e+05
4.492000e+01    1.428413e+05    1.353988e+05
4.493000e+01    1.425714e+05    1.350958e+05
4.494000e+01    1.423016e+05    1.347927e+05
4.495000e+01    1.420318e+05    1.344897e+05
4.496000e+01    1.417620e+05    1.341866e+05
4.497000e+01    1.414922e+05    1.338835e+05
4.498000e+01    1.412224e+05    1.335804e+05
4.499000e+01    1.409525e+05    1.332774e+05
4.500000e+01    1.406827e+05    1.329743e+05
4.501000e+01    1.404129e+05    1.326712e+05
4.502000e+01    1.401431e+05    1.323681e+05
4.503000e+01    1.398733e+05    1.320650e+05
4.504000e+01    1.396034e+05    1.317619e+05
4.505000e+01    1.393336e+05    1.314588e+05
4.506000e+01    1.389615e+05    1.313913e+05
4.507000e+01    1.385598e+05    1.313916e+05
4.508000e+01    1.381582e+05    1.313920e+05
4.509000e+01    1.377566e+05    1.313923e+05
4.510000e+01    1.373549e+05    1.313926e+05
4.511000e+01    1.369533e+05    1.313929e+05
4.512000e+01    1.365516e+05    1.313933e+05
4.513000e+01    1.361500e+05    1.313936e+05
4.514000e+01    1.357484e+05    1.313939e+05
4.515000e+01    1.353467e+05    1.313943e+05
4.516000e+01    1.349451e+05    1.313946e+05
4.517000e+01    1.345435e+05    1.313949e+05
4.518000e+01    1.341418e+05    1.313953e+05
4.519000e+01    1.337402e+05    1.313956e+05
4.520000e+01    1.333385e+05    1.313959e+05
4.521000e+01    1.329369e+05    1.313962e+05
4.522000e+01    1.325353e+05    1.313966e+05
4.523000e+01    1.321336e+05    1.313969e+05
4.524000e+01    1.317320e+05    1.313972e+05
4.525000e+01    1.313304e+05    1.313976e+05
4.526000e+01    1.309287e+05    1.313979e+05
4.527000e+01    1.305271e+05    1.313982e+05
4.528000e+01    1.301255e+05    1.313986e+05
4.529000e+01    1.297238e+05    1.313989e+05
4.530000e+01    1.293222e+05    1.313992e+05
4.531000e+01    1.289482e+05    1.314547e+05
4.532000e+01    1.287017e+05    1.317642e+05
4.533000e+01    1.284552e+05    1.320736e+05
4.534000e+01    1.282087e+05    1.323830e+05
4.535000e+01    1.279621e+05    1.326925e+05
4.536000e+01    1.277156e+05    1.330019e+05
4.537000e+01    1.274691e+05    1.333113e+05
4.538000e+01    1.272226e+05    1.336208e+05
4.539000e+01    1.269760e+05    1.339302e+05
4.540000e+01    1.267295e+05    1.342397e+05
4.541000e+01    1.264830e+05    1.345491e+05
4.542000e+01    1.262365e+05    1.348585e+05
4.543000e+01    1.259899e+05    1.351679e+05
4.544000e+01    1.257434e+05    1.354773e+05
4.545000e+01    1.254968e+05    1.357867e+05
4.546000e+01    1.252502e+05    1.360961e+05
4.547000e+01    1.250037e+05    1.364055e+05
4.548000e+01    1.247571e+05    1.367148e+05
4.549000e+01    1.245106e+05    1.370242e+05
4.550000e+01    1.242640e+05    1.373336e+05
4.551000e+01    1.240175e+05    1.376430e+05
4.552000e+01    1.237709e+05    1.379524e+05
4.553000e+01    1.235244e+05    1.382618e+05
4.554000e+01    1.232778e+05    1.385712e+05
4.555000e+01    1.230312e+05    1.388806e+05
4.556000e+01    1.227847e+05    1.391899e+05
4.557000e+01    1.227425e+05    1.395451e+05
4.558000e+01    1.228478e+05    1.399334e+05
4.559000e+01    1.229531e+05    1.403217e+05
4.560000e+01    1.230584e+05    1.407099e+05
4.561000e+01    1.231638e+05    1.410982e+05
4.562000e+01    1.232691e+05    1.414865e+05
4.563000e+01    1.233744e+05    1.418747e+05
4.564000e+01    1.234798e+05    1.422630e+05
4.565000e+01    1.235851e+05    1.426512e+05
4.566000e+01    1.236904e+05    1.430395e+05
4.567000e+01    1.237957e+05    1.434278e+05
4.568000e+01    1.239011e+05    1.438160e+05
4.569000e+01    1.240064e+05    1.442043e+05
4.570000e+01    1.241117e+05    1.445926e+05
4.571000e+01    1.242171e+05    1.449808e+05
4.572000e+01    1.243224e+05    1.453691e+05
4.573000e+01    1.244277e+05    1.457574e+05
4.574000e+01    1.245331e+05    1.461456e+05
4.575000e+01    1.246384e+05    1.465339e+05
4.576000e+01    1.247437e+05    1.469222e+05
4.577000e+01    1.248490e+05    1.473104e+05
4.578000e+01    1.249544e+05    1.476987e+05
4.579000e+01    1.250597e+05    1.480869e+05
4.580000e+01    1.251650e+05    1.484752e+05
4.581000e+01    1.252704e+05    1.488635e+05
4.582000e+01    1.253757e+05    1.492517e+05
4.583000e+01    1.257692e+05    1.494112e+05
4.584000e+01    1.261678e+05    1.495666e+05
4.585000e+01    1.265664e+05    1.497220e+05
4.586000e+01    1.269650e+05    1.498774e+05
4.587000e+01    1.273636e+05    1.500329e+05
4.588000e+01    1.277622e+05    1.501883e+05
4.589000e+01    1.281607e+05    1.503437e+05
4.590000e+01    1.285593e+05    1.504991e+05
4.591000e+01    1.289578e+05    1.506545e+05
4.592000e+01    1.293564e+05    1.508099e+05
4.593000e+01    1.297549e+05    1.509652e+05
4.594000e+01    1.301534e+05    1.511206e+05
4.595000e+01    1.305520e+05    1.512760e+05
4.596000e+01    1.309505e+05    1.514314e+05
4.597000e+01    1.313491e+05    1.515868e+05
4.598000e+01    1.317476e+05    1.517422e+05
4.599000e+01    1.321461e+05    1.518976e+05
4.600000e+01    1.325447e+05    1.520530e+05
4.601000e+01    1.329432e+05    1.522084e+05
4.602000e+01    1.333418e+05    1.523638e+05
4.603000e+01    1.337403e+05    1.525191e+05
4.604000e+01    1.341389e+05    1.526745e+05
4.605000e+01    1.345374e+05    1.528299e+05
4.606000e+01    1.349359e+05    1.529853e+05
4.607000e+01    1.353345e+05    1.531407e+05
4.608000e+01    1.357336e+05    1.531474e+05
4.609000e+01    1.361337e+05    1.529164e+05
4.610000e+01    1.365338e+05    1.526854e+05
4.611000e+01    1.369338e+05    1.524544e+05
4.612000e+01    1.373339e+05    1.522235e+05
4.613000e+01    1.377340e+05    1.519925e+05
4.614000e+01    1.381341e+05    1.517615e+05
4.615000e+01    1.385342e+05    1.515305e+05
4.616000e+01    1.389342e+05    1.512995e+05
4.617000e+01    1.393343e+05    1.510686e+05
4.618000e+01    1.397344e+05    1.508376e+05
4.619000e+01    1.401345e+05    1.506066e+05
4.620000e+01    1.405345e+05    1.503756e+05
4.621000e+01    1.409346e+05    1.501446e+05
4.622000e+01    1.413347e+05    1.499137e+05
4.623000e+01    1.417348e+05    1.496827e+05
4.624000e+01    1.421349e+05    1.494517e+05
4.625000e+01    1.425349e+05    1.492207e+05
4.626000e+01    1.429350e+05    1.489897e+05
4.627000e+01    1.433351e+05    1.487588e+05
4.628000e+01    1.437352e+05    1.485278e+05
4.629000e+01    1.441353e+05    1.482968e+05
4.630000e+01    1.445353e+05    1.480658e+05
4.631000e+01    1.449354e+05    1.478348e+05
4.632000e+01    1.453355e+05    1.476038e+05
4.633000e+01    1.457356e+05    1.473729e+05
4.634000e+01    1.458927e+05    1.469473e+05
4.635000e+01    1.459840e+05    1.464691e+05
4.636000e+01    1.460754e+05    1.459908e+05
4.637000e+01    1.461667e+05    1.455126e+05
4.638000e+01    1.462580e+05    1.450344e+05
4.639000e+01    1.463493e+05    1.445561e+05
4.640000e+01    1.464406e+05    1.440779e+05
4.641000e+01    1.465319e+05    1.435997e+05
4.642000e+01    1.466232e+05    1.431215e+05
4.643000e+01    1.467145e+05    1.426432e+05
4.644000e+01    1.468058e+05    1.421650e+05
4.645000e+01    1.468972e+05    1.416868e+05
4.646000e+01    1.469885e+05    1.412085e+05
4.647000e+01    1.470798e+05    1.407303e+05
4.648000e+01    1.471711e+05    1.402521e+05
4.649000e+01    1.472624e+05    1.397738e+05
4.650000e+01    1.473537e+05    1.392956e+05
4.651000e+01    1.474450e+05    1.388174e+05
4.652000e+01    1.475363e+05    1.383391e+05
4.653000e+01    1.476276e+05    1.378609e+05
4.654000e+01    1.477189e+05    1.373827e+05
4.655000e+01    1.478103e+05    1.369044e+05
4.656000e+01    1.479016e+05    1.364262e+05
4.657000e+01    1.479929e+05    1.359480e+05
4.658000e+01    1.480842e+05    1.354697e+05
4.659000e+01    1.481015e+05    1.350087e+05
4.660000e+01    1.478016e+05    1.346215e+05
4.661000e+01    1.475018e+05    1.342343e+05
4.662000e+01    1.472020e+05    1.338470e+05
4.663000e+01    1.469021e+05    1.334598e+05
4.664000e+01    1.466023e+05    1.330726e+05
4.665000e+01    1.463024e+05    1.326853e+05
4.666000e+01    1.460026e+05    1.322981e+05
4.667000e+01    1.457028e+05    1.319108e+05
4.668000e+01    1.454029e+05    1.315236e+05
4.669000e+01    1.451031e+05    1.311364e+05
4.670000e+01    1.448032e+05    1.307491e+05
4.671000e+01    1.445034e+05    1.303619e+05
4.672000e+01    1.442036e+05    1.299747e+05
4.673000e+01    1.439037e+05    1.295874e+05
4.674000e+01    1.436039e+05    1.292002e+05
4.675000e+01    1.433040e+05    1.288130e+05
4.676000e+01    1.430042e+05    1.284257e+05
4.677000e+01    1.427044e+05    1.280385e+05
4.678000e+01    1.424045e+05    1.276512e+05
4.679000e+01    1.421047e+05    1.272640e+05
4.680000e+01    1.418048e+05    1.268768e+05
4.681000e+01    1.415050e+05    1.264895e+05
4.682000e+01    1.412052e+05    1.261023e+05
4.683000e+01    1.409053e+05    1.257151e+05
4.684000e+01    1.406054e+05    1.253278e+05
4.685000e+01    1.402049e+05    1.251580e+05
4.686000e+01    1.397348e+05    1.251383e+05
4.687000e+01    1.392647e+05    1.251186e+05
4.688000e+01    1.387947e+05    1.250989e+05
4.689000e+01    1.383246e+05    1.250792e+05
4.690000e+01    1.378545e+05    1.250595e+05
4.691000e+01    1.373845e+05    1.250398e+05
4.692000e+01    1.369144e+05    1.250201e+05
4.693000e+01    1.364443e+05    1.250004e+05
4.694000e+01    1.359742e+05    1.249807e+05
4.695000e+01    1.355042e+05    1.249610e+05
4.696000e+01    1.350341e+05    1.249413e+05
4.697000e+01    1.345640e+05    1.249216e+05
4.698000e+01    1.340940e+05    1.249019e+05
4.699000e+01    1.336239e+05    1.248822e+05
4.700000e+01    1.331538e+05    1.248625e+05
4.701000e+01    1.326838e+05    1.248428e+05
4.702000e+01    1.322137e+05    1.248231e+05
4.703000e+01    1.317436e+05    1.248034e+05
4.704000e+01    1.312735e+05    1.247837e+05
4.705000e+01    1.308035e+05    1.247640e+05
4.706000e+01    1.303334e+05    1.247443e+05
4.707000e+01    1.298633e+05    1.247246e+05
4.708000e+01    1.293933e+05    1.247049e+05
4.709000e+01    1.289232e+05    1.246852e+05
4.710000e+01    1.284531e+05    1.246655e+05
4.711000e+01    1.281692e+05    1.250044e+05
4.712000e+01    1.278865e+05    1.253456e+05
4.713000e+01    1.276038e+05    1.256868e+05
4.714000e+01    1.273210e+05    1.260280e+05
4.715000e+01    1.270383e+05    1.263693e+05
4.716000e+01    1.267556e+05    1.267105e+05
4.717000e+01    1.264729e+05    1.270517e+05
4.718000e+01    1.261902e+05    1.273929e+05
4.719000e+01    1.259075e+05    1.277342e+05
4.720000e+01    1.256248e+05    1.280754e+05
4.721000e+01    1.253420e+05    1.284166e+05
4.722000e+01    1.250593e+05    1.287579e+05
4.723000e+01    1.247766e+05    1.290991e+05
4.724000e+01    1.244939e+05    1.294403e+05
4.725000e+01    1.242112e+05    1.297815e+05
4.726000e+01    1.239285e+05    1.301228e+05
4.727000e+01    1.236458e+05    1.304640e+05
4.728000e+01    1.233630e+05    1.308052e+05
4.729000e+01    1.230803e+05    1.311464e+05
4.730000e+01    1.227976e+05    1.314877e+05
4.731000e+01    1.225148e+05    1.318289e+05
4.732000e+01    1.222321e+05    1.321702e+05
4.733000e+01    1.219493e+05    1.325114e+05
4.734000e+01    1.216665e+05    1.328527e+05
4.735000e+01    1.213838e+05    1.331939e+05
4.736000e+01    1.212596e+05    1.335637e+05
4.737000e+01    1.213777e+05    1.339771e+05
4.738000e+01    1.214958e+05    1.343905e+05
4.739000e+01    1.216140e+05    1.348039e+05
4.740000e+01    1.217321e+05    1.352173e+05
4.741000e+01    1.218502e+05    1.356307e+05
4.742000e+01    1.219683e+05    1.360440e+05
4.743000e+01    1.220864e+05    1.364574e+05
4.744000e+01    1.222045e+05    1.368708e+05
4.745000e+01    1.223226e+05    1.372842e+05
4.746000e+01    1.224407e+05    1.376976e+05
4.747000e+01    1.225589e+05    1.381110e+05
4.748000e+01    1.226770e+05    1.385244e+05
4.749000e+01    1.227951e+05    1.389378e+05
4.750000e+01    1.229132e+05    1.393512e+05
4.751000e+01    1.230313e+05    1.397646e+05
4.752000e+01    1.231494e+05    1.401780e+05
4.753000e+01    1.232675e+05    1.405913e+05
4.754000e+01    1.233857e+05    1.410047e+05
4.755000e+01    1.235038e+05    1.414181e+05
4.756000e+01    1.236219e+05    1.418315e+05
4.757000e+01    1.237400e+05    1.422449e+05
4.758000e+01    1.238581e+05    1.426583e+05
4.759000e+01    1.239762e+05    1.430717e+05
4.760000e+01    1.240943e+05    1.434851e+05
4.761000e+01    1.242124e+05    1.438985e+05
4.762000e+01    1.245718e+05    1.440942e+05
4.763000e+01    1.249923e+05    1.442348e+05
4.764000e+01    1.254129e+05    1.443754e+05
4.765000e+01    1.258334e+05    1.445160e+05
4.766000e+01    1.262539e+05    1.446566e+05
4.767000e+01    1.266745e+05    1.447972e+05
4.768000e+01    1.270950e+05    1.449378e+05
4.769000e+01    1.275155e+05    1.450784e+05
4.770000e+01    1.279360e+05    1.452190e+05
4.771000e+01    1.283566e+05    1.453596e+05
4.772000e+01    1.287771e+05    1.455002e+05
4.773000e+01    1.291976e+05    1.456408e+05
4.774000e+01    1.296182e+05    1.457814e+05
4.775000e+01    1.300387e+05    1.459220e+05
4.776000e+01    1.304592e+05    1.460626e+05
4.777000e+01    1.308797e+05    1.462032e+05
4.778000e+01    1.313002e+05    1.463438e+05
4.779000e+01    1.317207e+05    1.464844e+05
4.780000e+01    1.321412e+05    1.466251e+05
4.781000e+01    1.325617e+05    1.467657e+05
4.782000e+01    1.329822e+05    1.469063e+05
4.783000e+01    1.334027e+05    1.470469e+05
4.784000e+01    1.338231e+05    1.471876e+05
4.785000e+01    1.342436e+05    1.473282e+05
4.786000e+01    1.346641e+05    1.474688e+05
4.787000e+01    1.350789e+05    1.475284e+05
4.788000e+01    1.354710e+05    1.472638e+05
4.789000e+01    1.358630e+05    1.469992e+05
4.790000e+01    1.362551e+05    1.467346e+05
4.791000e+01    1.366471e+05    1.464700e+05
4.792000e+01    1.370391e+05    1.462053e+05
4.793000e+01    1.374312e+05    1.459407e+05
4.794000e+01    1.378232e+05    1.456761e+05
4.795000e+01    1.382152e+05    1.454115e+05
4.796000e+01    1.386073e+05    1.451469e+05
4.797000e+01    1.389993e+05    1.448823e+05
4.798000e+01    1.393914e+05    1.446176e+05
4.799000e+01    1.397834e+05    1.443530e+05
4.800000e+01    1.401754e+05    1.440884e+05
4.801000e+01    1.405675e+05    1.438238e+05
4.802000e+01    1.409595e+05    1.435592e+05
4.803000e+01    1.413516e+05    1.432945e+05
4.804000e+01    1.417436e+05    1.430299e+05
4.805000e+01    1.421356e+05    1.427653e+05
4.806000e+01    1.425277e+05    1.425007e+05
4.807000e+01    1.429197e+05    1.422361e+05
4.808000e+01    1.433118e+05    1.419715e+05
4.809000e+01    1.437038e+05    1.417068e+05
4.810000e+01    1.440958e+05    1.414422e+05
4.811000e+01    1.444879e+05    1.411776e+05
4.812000e+01    1.448799e+05    1.409130e+05
4.813000e+01    1.450715e+05    1.405110e+05
4.814000e+01    1.451307e+05    1.400181e+05
4.815000e+01    1.451898e+05    1.395252e+05
4.816000e+01    1.452490e+05    1.390324e+05
4.817000e+01    1.453081e+05    1.385395e+05
4.818000e+01    1.453673e+05    1.380467e+05
4.819000e+01    1.454264e+05    1.375538e+05
4.820000e+01    1.454855e+05    1.370609e+05
4.821000e+01    1.455447e+05    1.365681e+05
4.822000e+01    1.456038e+05    1.360752e+05
4.823000e+01    1.456630e+05    1.355824e+05
4.824000e+01    1.457221e+05    1.350896e+05
4.825000e+01    1.457812e+05    1.345968e+05
4.826000e+01    1.458403e+05    1.341040e+05
4.827000e+01    1.458994e+05    1.336111e+05
4.828000e+01    1.459586e+05    1.331183e+05
4.829000e+01    1.460177e+05    1.326255e+05
4.830000e+01    1.460768e+05    1.321327e+05
4.831000e+01    1.461359e+05    1.316399e+05
4.832000e+01    1.461950e+05    1.311471e+05
4.833000e+01    1.462541e+05    1.306543e+05
4.834000e+01    1.463133e+05    1.301615e+05
4.835000e+01    1.463724e+05    1.296687e+05
4.836000e+01    1.464315e+05    1.291759e+05
4.837000e+01    1.464906e+05    1.286831e+05
4.838000e+01    1.465481e+05    1.281907e+05
4.839000e+01    1.462249e+05    1.278121e+05
4.840000e+01    1.459018e+05    1.274334e+05
4.841000e+01    1.455786e+05    1.270548e+05
4.842000e+01    1.452554e+05    1.266762e+05
4.843000e+01    1.449322e+05    1.262975e+05
4.844000e+01    1.446090e+05    1.259189e+05
4.845000e+01    1.442858e+05    1.255402e+05
4.846000e+01    1.439626e+05    1.251616e+05
4.847000e+01    1.436394e+05    1.247830e+05
4.848000e+01    1.433162e+05    1.244043e+05
4.849000e+01    1.429930e+05    1.240257e+05
4.850000e+01    1.426698e+05    1.236470e+05
4.851000e+01    1.423466e+05    1.232684e+05
4.852000e+01    1.420235e+05    1.228897e+05
4.853000e+01    1.417003e+05    1.225111e+05
4.854000e+01    1.413771e+05    1.221325e+05
4.855000e+01    1.410539e+05    1.217538e+05
4.856000e+01    1.407307e+05    1.213752e+05
4.857000e+01    1.404075e+05    1.209965e+05
4.858000e+01    1.400843e+05    1.206179e+05
4.859000e+01    1.397611e+05    1.202393e+05
4.860000e+01    1.394379e+05    1.198606e+05
4.861000e+01    1.391147e+05    1.194820e+05
4.862000e+01    1.387915e+05    1.191033e+05
4.863000e+01    1.384683e+05    1.187247e+05
4.864000e+01    1.380832e+05    1.184929e+05
4.865000e+01    1.376076e+05    1.184758e+05
4.866000e+01    1.371320e+05    1.184587e+05
4.867000e+01    1.366564e+05    1.184415e+05
4.868000e+01    1.361808e+05    1.184244e+05
4.869000e+01    1.357052e+05    1.184072e+05
4.870000e+01    1.352296e+05    1.183901e+05
4.871000e+01    1.347540e+05    1.183731e+05
4.872000e+01    1.342784e+05    1.183560e+05
4.873000e+01    1.338028e+05    1.183389e+05
4.874000e+01    1.333272e+05    1.183218e+05
4.875000e+01    1.328515e+05    1.183047e+05
4.876000e+01    1.323759e+05    1.182876e+05
4.877000e+01    1.319003e+05    1.182706e+05
4.878000e+01    1.314247e+05    1.182535e+05
4.879000e+01    1.309491e+05    1.182364e+05
4.880000e+01    1.304735e+05    1.182193e+05
4.881000e+01    1.299979e+05    1.182022e+05
4.882000e+01    1.295223e+05    1.181852e+05
4.883000e+01    1.290467e+05    1.181681e+05
4.884000e+01    1.285711e+05    1.181510e+05
4.885000e+01    1.280954e+05    1.181339e+05
4.886000e+01    1.276198e+05    1.181168e+05
4.887000e+01    1.271442e+05    1.180997e+05
4.888000e+01    1.266686e+05    1.180827e+05
4.889000e+01    1.261930e+05    1.180656e+05
4.890000e+01    1.258583e+05    1.183250e+05
4.891000e+01    1.255569e+05    1.186500e+05
4.892000e+01    1.252555e+05    1.189750e+05
4.893000e+01    1.249542e+05    1.192999e+05
4.894000e+01    1.246528e+05    1.196249e+05
4.895000e+01    1.243515e+05    1.199498e+05
4.896000e+01    1.240501e+05    1.202748e+05
4.897000e+01    1.237488e+05    1.205998e+05
4.898000e+01    1.234474e+05    1.209247e+05
4.899000e+01    1.231460e+05    1.212497e+05
4.900000e+01    1.228447e+05    1.215747e+05
4.901000e+01    1.225433e+05    1.218996e+05
4.902000e+01    1.222420e+05    1.222246e+05
4.903000e+01    1.219406e+05    1.225495e+05
4.904000e+01    1.216392e+05    1.228745e+05
4.905000e+01    1.213379e+05    1.231995e+05
4.906000e+01    1.210365e+05    1.235244e+05
4.907000e+01    1.207352e+05    1.238494e+05
4.908000e+01    1.204338e+05    1.241744e+05
4.909000e+01    1.201325e+05    1.244993e+05
4.910000e+01    1.198311e+05    1.248243e+05
4.911000e+01    1.195297e+05    1.251492e+05
4.912000e+01    1.192284e+05    1.254742e+05
4.913000e+01    1.189270e+05    1.257992e+05
4.914000e+01    1.186257e+05    1.261241e+05
4.915000e+01    1.184007e+05    1.264681e+05
4.916000e+01    1.184622e+05    1.268832e+05
4.917000e+01    1.185237e+05    1.272984e+05
4.918000e+01    1.185852e+05    1.277136e+05
4.919000e+01    1.186468e+05    1.281288e+05
4.920000e+01    1.187083e+05    1.285440e+05
4.921000e+01    1.187698e+05    1.289593e+05
4.922000e+01    1.188313e+05    1.293745e+05
4.923000e+01    1.188928e+05    1.297897e+05
4.924000e+01    1.189544e+05    1.302049e+05
4.925000e+01    1.190159e+05    1.306201e+05
4.926000e+01    1.190774e+05    1.310353e+05
4.927000e+01    1.191389e+05    1.314505e+05
4.928000e+01    1.192004e+05    1.318657e+05
4.929000e+01    1.192619e+05    1.322809e+05
4.930000e+01    1.193235e+05    1.326961e+05
4.931000e+01    1.193850e+05    1.331113e+05
4.932000e+01    1.194465e+05    1.335265e+05
4.933000e+01    1.195080e+05    1.339418e+05
4.934000e+01    1.195695e+05    1.343570e+05
4.935000e+01    1.196310e+05    1.347722e+05
4.936000e+01    1.196926e+05    1.351874e+05
4.937000e+01    1.197541e+05    1.356026e+05
4.938000e+01    1.198156e+05    1.360178e+05
4.939000e+01    1.198771e+05    1.364330e+05
4.940000e+01    1.199386e+05    1.368482e+05
4.941000e+01    1.201840e+05    1.371389e+05
4.942000e+01    1.205456e+05    1.373509e+05
4.943000e+01    1.209072e+05    1.375629e+05
4.944000e+01    1.212689e+05    1.377749e+05
4.945000e+01    1.216305e+05    1.379869e+05
4.946000e+01    1.219921e+05    1.381989e+05
4.947000e+01    1.223537e+05    1.384109e+05
4.948000e+01    1.227153e+05    1.386229e+05
4.949000e+01    1.230769e+05    1.388349e+05
4.950000e+01    1.234385e+05    1.390469e+05
4.951000e+01    1.238001e+05    1.392589e+05
4.952000e+01    1.241618e+05    1.394709e+05
4.953000e+01    1.245234e+05    1.396829e+05
4.954000e+01    1.248850e+05    1.398949e+05
4.955000e+01    1.252466e+05    1.401069e+05
4.956000e+01    1.256082e+05    1.403189e+05
4.957000e+01    1.259698e+05    1.405309e+05
4.958000e+01    1.263314e+05    1.407429e+05
4.959000e+01    1.266930e+05    1.409549e+05
4.960000e+01    1.270546e+05    1.411669e+05
4.961000e+01    1.274163e+05    1.413789e+05
4.962000e+01    1.277779e+05    1.415909e+05
4.963000e+01    1.281402e+05    1.418036e+05
4.964000e+01    1.285031e+05    1.420169e+05
4.965000e+01    1.288660e+05    1.422302e+05
4.966000e+01    1.292297e+05    1.424384e+05
4.967000e+01    1.296468e+05    1.423067e+05
4.968000e+01    1.300639e+05    1.421749e+05
4.969000e+01    1.304811e+05    1.420432e+05
4.970000e+01    1.308982e+05    1.419115e+05
4.971000e+01    1.313153e+05    1.417798e+05
4.972000e+01    1.317324e+05    1.416480e+05
4.973000e+01    1.321496e+05    1.415163e+05
4.974000e+01    1.325667e+05    1.413846e+05
4.975000e+01    1.329838e+05    1.412528e+05
4.976000e+01    1.334010e+05    1.411211e+05
4.977000e+01    1.338181e+05    1.409894e+05
4.978000e+01    1.342352e+05    1.408577e+05
4.979000e+01    1.346524e+05    1.407259e+05
4.980000e+01    1.350695e+05    1.405942e+05
4.981000e+01    1.354866e+05    1.404625e+05
4.982000e+01    1.359037e+05    1.403307e+05
4.983000e+01    1.363209e+05    1.401990e+05
4.984000e+01    1.367380e+05    1.400673e+05
4.985000e+01    1.371551e+05    1.399355e+05
4.986000e+01    1.375723e+05    1.398038e+05
4.987000e+01    1.379894e+05    1.396721e+05
4.988000e+01    1.384065e+05    1.395404e+05
4.989000e+01    1.388236e+05    1.394086e+05
4.990000e+01    1.392408e+05    1.392769e+05
4.991000e+01    1.396579e+05    1.391452e+05
4.992000e+01    1.399912e+05    1.389020e+05
4.993000e+01    1.402073e+05    1.385029e+05
4.994000e+01    1.404234e+05    1.381039e+05
4.995000e+01    1.406395e+05    1.377048e+05
4.996000e+01    1.408556e+05    1.373058e+05
4.997000e+01    1.410717e+05    1.369068e+05
4.998000e+01    1.412878e+05    1.365077e+05
4.999000e+01    1.415039e+05    1.361087e+05
5.000000e+01    1.417201e+05    1.357096e+05
