# f (GHz)        Re[Z] (Ohm)     Im[Z] (Ohm)
0.000000e+00    -2.410351e+02    2.027288e-06
1.000000e-02    1.493297e+02    4.294264e+02
2.000000e-02    3.127534e+02    6.309562e+02
3.000000e-02    4.388316e+02    7.944883e+02
4.000000e-02    5.460673e+02    9.384355e+02
5.000000e-02    6.413799e+02    1.069655e+03
6.000000e-02    7.283557e+02    1.191863e+03
7.000000e-02    8.092161e+02    1.307181e+03
8.000000e-02    8.852809e+02    1.417017e+03
9.000000e-02    9.574040e+02    1.522262e+03
1.000000e-01    1.026391e+03    1.623619e+03
1.100000e-01    1.093001e+03    1.721905e+03
1.200000e-01    1.157293e+03    1.817106e+03
1.300000e-01    1.219746e+03    1.909637e+03
1.400000e-01    1.280548e+03    1.999766e+03
1.500000e-01    1.339981e+03    2.087765e+03
1.600000e-01    1.397985e+03    2.173531e+03
1.700000e-01    1.455005e+03    2.257545e+03
1.800000e-01    1.511349e+03    2.340047e+03
1.900000e-01    1.566570e+03    2.420568e+03
2.000000e-01    1.621022e+03    2.499546e+03
2.100000e-01    1.674777e+03    2.577045e+03
2.200000e-01    1.727813e+03    2.653019e+03
2.300000e-01    1.780235e+03    2.727616e+03
2.400000e-01    1.832059e+03    2.800774e+03
2.500000e-01    1.883371e+03    2.872611e+03
2.600000e-01    1.934105e+03    2.943224e+03
2.700000e-01    1.984220e+03    3.012633e+03
2.800000e-01    2.033873e+03    3.080830e+03
2.900000e-01    2.083069e+03    3.147873e+03
3.000000e-01    2.131796e+03    3.213669e+03
3.100000e-01    2.180056e+03    3.278294e+03
3.200000e-01    2.227875e+03    3.341834e+03
3.300000e-01    2.275202e+03    3.404245e+03
3.400000e-01    2.322031e+03    3.465519e+03
3.500000e-01    2.368485e+03    3.525829e+03
3.600000e-01    2.414514e+03    3.585080e+03
3.700000e-01    2.460013e+03    3.643239e+03
3.800000e-01    2.505043e+03    3.700427e+03
3.900000e-01    2.549560e+03    3.756613e+03
4.000000e-01    2.593625e+03    3.811865e+03
4.100000e-01    2.637153e+03    3.866147e+03
4.200000e-01    2.680131e+03    3.919444e+03
4.300000e-01    2.722593e+03    3.971838e+03
4.400000e-01    2.764514e+03    4.023372e+03
4.500000e-01    2.805801e+03    4.073970e+03
4.600000e-01    2.846624e+03    4.123814e+03
4.700000e-01    2.887032e+03    4.172834e+03
4.800000e-01    2.927657e+03    4.221036e+03
4.900000e-01    2.967645e+03    4.268424e+03
5.000000e-01    3.007018e+03    4.315088e+03
5.100000e-01    3.045756e+03    4.361026e+03
5.200000e-01    3.083854e+03    4.406348e+03
5.300000e-01    3.121237e+03    4.450986e+03
5.400000e-01    3.157800e+03    4.494831e+03
5.500000e-01    3.193578e+03    4.537936e+03
5.600000e-01    3.228892e+03    4.580694e+03
5.700000e-01    3.263719e+03    4.623102e+03
5.800000e-01    3.297460e+03    4.664580e+03
5.900000e-01    3.330407e+03    4.705517e+03
6.000000e-01    3.362807e+03    4.746167e+03
6.100000e-01    3.394681e+03    4.786565e+03
6.200000e-01    3.425553e+03    4.826304e+03
6.300000e-01    3.455617e+03    4.865596e+03
6.400000e-01    3.484915e+03    4.904504e+03
6.500000e-01    3.513368e+03    4.943073e+03
6.600000e-01    3.541032e+03    4.981327e+03
6.700000e-01    3.567927e+03    5.019301e+03
6.800000e-01    3.594035e+03    5.057042e+03
6.900000e-01    3.619349e+03    5.094561e+03
7.000000e-01    3.643896e+03    5.131916e+03
7.100000e-01    3.667569e+03    5.169111e+03
7.200000e-01    3.690444e+03    5.206178e+03
7.300000e-01    3.712570e+03    5.243173e+03
7.400000e-01    3.733889e+03    5.280100e+03
7.500000e-01    3.754431e+03    5.317000e+03
7.600000e-01    3.774194e+03    5.353920e+03
7.700000e-01    3.793171e+03    5.390936e+03
7.800000e-01    3.811348e+03    5.428024e+03
7.900000e-01    3.828793e+03    5.465210e+03
8.000000e-01    3.845264e+03    5.502301e+03
8.100000e-01    3.861078e+03    5.539620e+03
8.200000e-01    3.876289e+03    5.577289e+03
8.300000e-01    3.890909e+03    5.615350e+03
8.400000e-01    3.904973e+03    5.653787e+03
8.500000e-01    3.918145e+03    5.692261e+03
8.600000e-01    3.930482e+03    5.730871e+03
8.700000e-01    3.942307e+03    5.769934e+03
8.800000e-01    3.953613e+03    5.809531e+03
8.900000e-01    3.964438e+03    5.849669e+03
9.000000e-01    3.974807e+03    5.890336e+03
9.100000e-01    3.984418e+03    5.931213e+03
9.200000e-01    3.993478e+03    5.972540e+03
9.300000e-01    4.002043e+03    6.014357e+03
9.400000e-01    4.010524e+03    6.056758e+03
9.500000e-01    4.019410e+03    6.099794e+03
9.600000e-01    4.027885e+03    6.143390e+03
9.700000e-01    4.035952e+03    6.187522e+03
9.800000e-01    4.043694e+03    6.232296e+03
9.900000e-01    4.051082e+03    6.277674e+03
1.000000e+00    4.058154e+03    6.323745e+03
1.010000e+00    4.064998e+03    6.370510e+03
1.020000e+00    4.071553e+03    6.417878e+03
1.030000e+00    4.077812e+03    6.465935e+03
1.040000e+00    4.083766e+03    6.514679e+03
1.050000e+00    4.089663e+03    6.564233e+03
1.060000e+00    4.095542e+03    6.614621e+03
1.070000e+00    4.101155e+03    6.665534e+03
1.080000e+00    4.106815e+03    6.717241e+03
1.090000e+00    4.112574e+03    6.769749e+03
1.100000e+00    4.118320e+03    6.822949e+03
1.110000e+00    4.124126e+03    6.876909e+03
1.120000e+00    4.130030e+03    6.931606e+03
1.130000e+00    4.136127e+03    6.987092e+03
1.140000e+00    4.142327e+03    7.043229e+03
1.150000e+00    4.148808e+03    7.100140e+03
1.160000e+00    4.155486e+03    7.157731e+03
1.170000e+00    4.162521e+03    7.216147e+03
1.180000e+00    4.169870e+03    7.275257e+03
1.190000e+00    4.177563e+03    7.335063e+03
1.200000e+00    4.185645e+03    7.395555e+03
1.210000e+00    4.194178e+03    7.456731e+03
1.220000e+00    4.203126e+03    7.518545e+03
1.230000e+00    4.212648e+03    7.581105e+03
1.240000e+00    4.222697e+03    7.644280e+03
1.250000e+00    4.233300e+03    7.708079e+03
1.260000e+00    4.244500e+03    7.772483e+03
1.270000e+00    4.256291e+03    7.837421e+03
1.280000e+00    4.268768e+03    7.902963e+03
1.290000e+00    4.281706e+03    7.969389e+03
1.300000e+00    4.295344e+03    8.036373e+03
1.310000e+00    4.309713e+03    8.103849e+03
1.320000e+00    4.324784e+03    8.171723e+03
1.330000e+00    4.340659e+03    8.240029e+03
1.340000e+00    4.357434e+03    8.308829e+03
1.350000e+00    4.375167e+03    8.378080e+03
1.360000e+00    4.393624e+03    8.447517e+03
1.370000e+00    4.413021e+03    8.517337e+03
1.380000e+00    4.433370e+03    8.587489e+03
1.390000e+00    4.454648e+03    8.657882e+03
1.400000e+00    4.476874e+03    8.728470e+03
1.410000e+00    4.501059e+03    8.799140e+03
1.420000e+00    4.527059e+03    8.869850e+03
1.430000e+00    4.554038e+03    8.940672e+03
1.440000e+00    4.582017e+03    9.011567e+03
1.450000e+00    4.611004e+03    9.082478e+03
1.460000e+00    4.641114e+03    9.153417e+03
1.470000e+00    4.672258e+03    9.224264e+03
1.480000e+00    4.704459e+03    9.295029e+03
1.490000e+00    4.737757e+03    9.365739e+03
1.500000e+00    4.772062e+03    9.436249e+03
1.510000e+00    4.807399e+03    9.506523e+03
1.520000e+00    4.843955e+03    9.576602e+03
1.530000e+00    4.881587e+03    9.646390e+03
1.540000e+00    4.920194e+03    9.715980e+03
1.550000e+00    4.959853e+03    9.785855e+03
1.560000e+00    5.000598e+03    9.855371e+03
1.570000e+00    5.042283e+03    9.924332e+03
1.580000e+00    5.085178e+03    9.992808e+03
1.590000e+00    5.129131e+03    1.006080e+04
1.600000e+00    5.174082e+03    1.012820e+04
1.610000e+00    5.220027e+03    1.019501e+04
1.620000e+00    5.266922e+03    1.026114e+04
1.630000e+00    5.314847e+03    1.032660e+04
1.640000e+00    5.363805e+03    1.039127e+04
1.650000e+00    5.413700e+03    1.045517e+04
1.660000e+00    5.464514e+03    1.051828e+04
1.670000e+00    5.516218e+03    1.058057e+04
1.680000e+00    5.568796e+03    1.064199e+04
1.690000e+00    5.622253e+03    1.070246e+04
1.700000e+00    5.676630e+03    1.076195e+04
1.710000e+00    5.731768e+03    1.082045e+04
1.720000e+00    5.787686e+03    1.087794e+04
1.730000e+00    5.844339e+03    1.093440e+04
1.740000e+00    5.901673e+03    1.098979e+04
1.750000e+00    5.959718e+03    1.104397e+04
1.760000e+00    6.018487e+03    1.109703e+04
1.770000e+00    6.077891e+03    1.114896e+04
1.780000e+00    6.137834e+03    1.119967e+04
1.790000e+00    6.198284e+03    1.124917e+04
1.800000e+00    6.259638e+03    1.129809e+04
1.810000e+00    6.321760e+03    1.134603e+04
1.820000e+00    6.384249e+03    1.139260e+04
1.830000e+00    6.447103e+03    1.143788e+04
1.840000e+00    6.510352e+03    1.148188e+04
1.850000e+00    6.573941e+03    1.152462e+04
1.860000e+00    6.637697e+03    1.156592e+04
1.870000e+00    6.701721e+03    1.160572e+04
1.880000e+00    6.767412e+03    1.164339e+04
1.890000e+00    6.833855e+03    1.167940e+04
1.900000e+00    6.900343e+03    1.171396e+04
1.910000e+00    6.966884e+03    1.174716e+04
1.920000e+00    7.033395e+03    1.177891e+04
1.930000e+00    7.099884e+03    1.180912e+04
1.940000e+00    7.166257e+03    1.183791e+04
1.950000e+00    7.232490e+03    1.186531e+04
1.960000e+00    7.298539e+03    1.189128e+04
1.970000e+00    7.364363e+03    1.191587e+04
1.980000e+00    7.429885e+03    1.193899e+04
1.990000e+00    7.495068e+03    1.196058e+04
2.000000e+00    7.559883e+03    1.198081e+04
2.010000e+00    7.624260e+03    1.199963e+04
2.020000e+00    7.688202e+03    1.201710e+04
2.030000e+00    7.751617e+03    1.203320e+04
2.040000e+00    7.814474e+03    1.204789e+04
2.050000e+00    7.876686e+03    1.206113e+04
2.060000e+00    7.939584e+03    1.207368e+04
2.070000e+00    8.001773e+03    1.208491e+04
2.080000e+00    8.063248e+03    1.209485e+04
2.090000e+00    8.123959e+03    1.210355e+04
2.100000e+00    8.183789e+03    1.211090e+04
2.110000e+00    8.242734e+03    1.211699e+04
2.120000e+00    8.300790e+03    1.212191e+04
2.130000e+00    8.357928e+03    1.212568e+04
2.140000e+00    8.414082e+03    1.212829e+04
2.150000e+00    8.469268e+03    1.212984e+04
2.160000e+00    8.523269e+03    1.213017e+04
2.170000e+00    8.576204e+03    1.212947e+04
2.180000e+00    8.628025e+03    1.212777e+04
2.190000e+00    8.678695e+03    1.212509e+04
2.200000e+00    8.728220e+03    1.212149e+04
2.210000e+00    8.776515e+03    1.211698e+04
2.220000e+00    8.823452e+03    1.211153e+04
2.230000e+00    8.869112e+03    1.210523e+04
2.240000e+00    8.913505e+03    1.209818e+04
2.250000e+00    8.956534e+03    1.209034e+04
2.260000e+00    8.998172e+03    1.208174e+04
2.270000e+00    9.038451e+03    1.207249e+04
2.280000e+00    9.077240e+03    1.206261e+04
2.290000e+00    9.114674e+03    1.205218e+04
2.300000e+00    9.150725e+03    1.204127e+04
2.310000e+00    9.186014e+03    1.202979e+04
2.320000e+00    9.220910e+03    1.201771e+04
2.330000e+00    9.254308e+03    1.200525e+04
2.340000e+00    9.286152e+03    1.199246e+04
2.350000e+00    9.317704e+03    1.197725e+04
2.360000e+00    9.347875e+03    1.196145e+04
2.370000e+00    9.376575e+03    1.194547e+04
2.380000e+00    9.403820e+03    1.192937e+04
2.390000e+00    9.429486e+03    1.191319e+04
2.400000e+00    9.453599e+03    1.189699e+04
2.410000e+00    9.476250e+03    1.188080e+04
2.420000e+00    9.497435e+03    1.186470e+04
2.430000e+00    9.517149e+03    1.184871e+04
2.440000e+00    9.535415e+03    1.183288e+04
2.450000e+00    9.552028e+03    1.181722e+04
2.460000e+00    9.567042e+03    1.180173e+04
2.470000e+00    9.580632e+03    1.178653e+04
2.480000e+00    9.592754e+03    1.177164e+04
2.490000e+00    9.603441e+03    1.175713e+04
2.500000e+00    9.612737e+03    1.174305e+04
2.510000e+00    9.620428e+03    1.172946e+04
2.520000e+00    9.626748e+03    1.171640e+04
2.530000e+00    9.631717e+03    1.170389e+04
2.540000e+00    9.635329e+03    1.169196e+04
2.550000e+00    9.637631e+03    1.168067e+04
2.560000e+00    9.638582e+03    1.167003e+04
2.570000e+00    9.639112e+03    1.165919e+04
2.580000e+00    9.638722e+03    1.164881e+04
2.590000e+00    9.637152e+03    1.163924e+04
2.600000e+00    9.634418e+03    1.163053e+04
2.610000e+00    9.630522e+03    1.162268e+04
2.620000e+00    9.625369e+03    1.161568e+04
2.630000e+00    9.619060e+03    1.160972e+04
2.640000e+00    9.611711e+03    1.160474e+04
2.650000e+00    9.603367e+03    1.160078e+04
2.660000e+00    9.594054e+03    1.159787e+04
2.670000e+00    9.583759e+03    1.159598e+04
2.680000e+00    9.572474e+03    1.159522e+04
2.690000e+00    9.560282e+03    1.159566e+04
2.700000e+00    9.547228e+03    1.159721e+04
2.710000e+00    9.533382e+03    1.159991e+04
2.720000e+00    9.518806e+03    1.160381e+04
2.730000e+00    9.503482e+03    1.160888e+04
2.740000e+00    9.487430e+03    1.161527e+04
2.750000e+00    9.470751e+03    1.162298e+04
2.760000e+00    9.453457e+03    1.163189e+04
2.770000e+00    9.435626e+03    1.164207e+04
2.780000e+00    9.417312e+03    1.165355e+04
2.790000e+00    9.398507e+03    1.166629e+04
2.800000e+00    9.379259e+03    1.168046e+04
2.810000e+00    9.359662e+03    1.169582e+04
2.820000e+00    9.339878e+03    1.170962e+04
2.830000e+00    9.320155e+03    1.172313e+04
2.840000e+00    9.300207e+03    1.173799e+04
2.850000e+00    9.280044e+03    1.175416e+04
2.860000e+00    9.259733e+03    1.177180e+04
2.870000e+00    9.239310e+03    1.179076e+04
2.880000e+00    9.218824e+03    1.181103e+04
2.890000e+00    9.198339e+03    1.183261e+04
2.900000e+00    9.177865e+03    1.185549e+04
2.910000e+00    9.157451e+03    1.187970e+04
2.920000e+00    9.137173e+03    1.190532e+04
2.930000e+00    9.117064e+03    1.193223e+04
2.940000e+00    9.097150e+03    1.196041e+04
2.950000e+00    9.077454e+03    1.198980e+04
2.960000e+00    9.058049e+03    1.202047e+04
2.970000e+00    9.038997e+03    1.205244e+04
2.980000e+00    9.020284e+03    1.208564e+04
2.990000e+00    9.001991e+03    1.212007e+04
3.000000e+00    8.984144e+03    1.215567e+04
3.010000e+00    8.966734e+03    1.219238e+04
3.020000e+00    8.949838e+03    1.223023e+04
3.030000e+00    8.933523e+03    1.226927e+04
3.040000e+00    8.917815e+03    1.230945e+04
3.050000e+00    8.902693e+03    1.235064e+04
3.060000e+00    8.888207e+03    1.239288e+04
3.070000e+00    8.874424e+03    1.243613e+04
3.080000e+00    8.860940e+03    1.247942e+04
3.090000e+00    8.847954e+03    1.252293e+04
3.100000e+00    8.835756e+03    1.256737e+04
3.110000e+00    8.824329e+03    1.261271e+04
3.120000e+00    8.813693e+03    1.265887e+04
3.130000e+00    8.803870e+03    1.270584e+04
3.140000e+00    8.794912e+03    1.275361e+04
3.150000e+00    8.786896e+03    1.280221e+04
3.160000e+00    8.779797e+03    1.285153e+04
3.170000e+00    8.773583e+03    1.290153e+04
3.180000e+00    8.768247e+03    1.295212e+04
3.190000e+00    8.763784e+03    1.300326e+04
3.200000e+00    8.760318e+03    1.305502e+04
3.210000e+00    8.757918e+03    1.310738e+04
3.220000e+00    8.756517e+03    1.316027e+04
3.230000e+00    8.756115e+03    1.321363e+04
3.240000e+00    8.756714e+03    1.326745e+04
3.250000e+00    8.758334e+03    1.332166e+04
3.260000e+00    8.761021e+03    1.337629e+04
3.270000e+00    8.764812e+03    1.343127e+04
3.280000e+00    8.769358e+03    1.348604e+04
3.290000e+00    8.774062e+03    1.353944e+04
3.300000e+00    8.779788e+03    1.359308e+04
3.310000e+00    8.786550e+03    1.364690e+04
3.320000e+00    8.794414e+03    1.370093e+04
3.330000e+00    8.803129e+03    1.375484e+04
3.340000e+00    8.811658e+03    1.380788e+04
3.350000e+00    8.821056e+03    1.386087e+04
3.360000e+00    8.831466e+03    1.391391e+04
3.370000e+00    8.842868e+03    1.396693e+04
3.380000e+00    8.855373e+03    1.401993e+04
3.390000e+00    8.868867e+03    1.407287e+04
3.400000e+00    8.883358e+03    1.412572e+04
3.410000e+00    8.898792e+03    1.417847e+04
3.420000e+00    8.915190e+03    1.423108e+04
3.430000e+00    8.932524e+03    1.428354e+04
3.440000e+00    8.950908e+03    1.433579e+04
3.450000e+00    8.970214e+03    1.438786e+04
3.460000e+00    8.990436e+03    1.443968e+04
3.470000e+00    9.011590e+03    1.449132e+04
3.480000e+00    9.033531e+03    1.454261e+04
3.490000e+00    9.056399e+03    1.459363e+04
3.500000e+00    9.080243e+03    1.464434e+04
3.510000e+00    9.105048e+03    1.469479e+04
3.520000e+00    9.130827e+03    1.474496e+04
3.530000e+00    9.157706e+03    1.479487e+04
3.540000e+00    9.185715e+03    1.484444e+04
3.550000e+00    9.215224e+03    1.489358e+04
3.560000e+00    9.246144e+03    1.494205e+04
3.570000e+00    9.278784e+03    1.498908e+04
3.580000e+00    9.312878e+03    1.503478e+04
3.590000e+00    9.346920e+03    1.507850e+04
3.600000e+00    9.380175e+03    1.512006e+04
3.610000e+00    9.413696e+03    1.516036e+04
3.620000e+00    9.447097e+03    1.519940e+04
3.630000e+00    9.480377e+03    1.523707e+04
3.640000e+00    9.513314e+03    1.527369e+04
3.650000e+00    9.545779e+03    1.530944e+04
3.660000e+00    9.577906e+03    1.534462e+04
3.670000e+00    9.609764e+03    1.537934e+04
3.680000e+00    9.641454e+03    1.541365e+04
3.690000e+00    9.673147e+03    1.544764e+04
3.700000e+00    9.704941e+03    1.548128e+04
3.710000e+00    9.736901e+03    1.551451e+04
3.720000e+00    9.769035e+03    1.554723e+04
3.730000e+00    9.801327e+03    1.557936e+04
3.740000e+00    9.833754e+03    1.561088e+04
3.750000e+00    9.865660e+03    1.564139e+04
3.760000e+00    9.896706e+03    1.567066e+04
3.770000e+00    9.927843e+03    1.569930e+04
3.780000e+00    9.959036e+03    1.572733e+04
3.790000e+00    9.990227e+03    1.575460e+04
3.800000e+00    1.002140e+04    1.578118e+04
3.810000e+00    1.005244e+04    1.580703e+04
3.820000e+00    1.008338e+04    1.583221e+04
3.830000e+00    1.011421e+04    1.585674e+04
3.840000e+00    1.014488e+04    1.588065e+04
3.850000e+00    1.017444e+04    1.590409e+04
3.860000e+00    1.020333e+04    1.592704e+04
3.870000e+00    1.023198e+04    1.594947e+04
3.880000e+00    1.026037e+04    1.597134e+04
3.890000e+00    1.028849e+04    1.599269e+04
3.900000e+00    1.031633e+04    1.601354e+04
3.910000e+00    1.034383e+04    1.603387e+04
3.920000e+00    1.037103e+04    1.605373e+04
3.930000e+00    1.039792e+04    1.607317e+04
3.940000e+00    1.042447e+04    1.609219e+04
3.950000e+00    1.045069e+04    1.611078e+04
3.960000e+00    1.047654e+04    1.612894e+04
3.970000e+00    1.050199e+04    1.614672e+04
3.980000e+00    1.052685e+04    1.616392e+04
3.990000e+00    1.055129e+04    1.618076e+04
4.000000e+00    1.057534e+04    1.619732e+04
4.010000e+00    1.059895e+04    1.621360e+04
4.020000e+00    1.062211e+04    1.622957e+04
4.030000e+00    1.064487e+04    1.624530e+04
4.040000e+00    1.066722e+04    1.626084e+04
4.050000e+00    1.068914e+04    1.627616e+04
4.060000e+00    1.071067e+04    1.629126e+04
4.070000e+00    1.073180e+04    1.630621e+04
4.080000e+00    1.075243e+04    1.632099e+04
4.090000e+00    1.077263e+04    1.633560e+04
4.100000e+00    1.079240e+04    1.635010e+04
4.110000e+00    1.081068e+04    1.636523e+04
4.120000e+00    1.082851e+04    1.638028e+04
4.130000e+00    1.084592e+04    1.639524e+04
4.140000e+00    1.086290e+04    1.641015e+04
4.150000e+00    1.087947e+04    1.642506e+04
4.160000e+00    1.089553e+04    1.643984e+04
4.170000e+00    1.091118e+04    1.645456e+04
4.180000e+00    1.092644e+04    1.646926e+04
4.190000e+00    1.094130e+04    1.648398e+04
4.200000e+00    1.095568e+04    1.649871e+04
4.210000e+00    1.096966e+04    1.651342e+04
4.220000e+00    1.098250e+04    1.652799e+04
4.230000e+00    1.099439e+04    1.654250e+04
4.240000e+00    1.100585e+04    1.655709e+04
4.250000e+00    1.101687e+04    1.657175e+04
4.260000e+00    1.102748e+04    1.658651e+04
4.270000e+00    1.103771e+04    1.660143e+04
4.280000e+00    1.104755e+04    1.661652e+04
4.290000e+00    1.105700e+04    1.663178e+04
4.300000e+00    1.106608e+04    1.664716e+04
4.310000e+00    1.107477e+04    1.666277e+04
4.320000e+00    1.108311e+04    1.667864e+04
4.330000e+00    1.109110e+04    1.669475e+04
4.340000e+00    1.109878e+04    1.671112e+04
4.350000e+00    1.110614e+04    1.672772e+04
4.360000e+00    1.111291e+04    1.674505e+04
4.370000e+00    1.111891e+04    1.676340e+04
4.380000e+00    1.112465e+04    1.678205e+04
4.390000e+00    1.113021e+04    1.680100e+04
4.400000e+00    1.113555e+04    1.682022e+04
4.410000e+00    1.114074e+04    1.683978e+04
4.420000e+00    1.114577e+04    1.685967e+04
4.430000e+00    1.115062e+04    1.687991e+04
4.440000e+00    1.115535e+04    1.690044e+04
4.450000e+00    1.115995e+04    1.692121e+04
4.460000e+00    1.116446e+04    1.694233e+04
4.470000e+00    1.116885e+04    1.696377e+04
4.480000e+00    1.117315e+04    1.698554e+04
4.490000e+00    1.117735e+04    1.700764e+04
4.500000e+00    1.118146e+04    1.702999e+04
4.510000e+00    1.118554e+04    1.705268e+04
4.520000e+00    1.118958e+04    1.707573e+04
4.530000e+00    1.119356e+04    1.709911e+04
4.540000e+00    1.119751e+04    1.712284e+04
4.550000e+00    1.120140e+04    1.714684e+04
4.560000e+00    1.120530e+04    1.717118e+04
4.570000e+00    1.120928e+04    1.719589e+04
4.580000e+00    1.121329e+04    1.722099e+04
4.590000e+00    1.121736e+04    1.724646e+04
4.600000e+00    1.122154e+04    1.727228e+04
4.610000e+00    1.122586e+04    1.729844e+04
4.620000e+00    1.123008e+04    1.732604e+04
4.630000e+00    1.123439e+04    1.735428e+04
4.640000e+00    1.123892e+04    1.738286e+04
4.650000e+00    1.124356e+04    1.741166e+04
4.660000e+00    1.124837e+04    1.744068e+04
4.670000e+00    1.125342e+04    1.746993e+04
4.680000e+00    1.125871e+04    1.749939e+04
4.690000e+00    1.126351e+04    1.752898e+04
4.700000e+00    1.126837e+04    1.755873e+04
4.710000e+00    1.127345e+04    1.758868e+04
4.720000e+00    1.127876e+04    1.761882e+04
4.730000e+00    1.128429e+04    1.764909e+04
4.740000e+00    1.129005e+04    1.767946e+04
4.750000e+00    1.129607e+04    1.770994e+04
4.760000e+00    1.130225e+04    1.774047e+04
4.770000e+00    1.130868e+04    1.777115e+04
4.780000e+00    1.131536e+04    1.780198e+04
4.790000e+00    1.132226e+04    1.783292e+04
4.800000e+00    1.132938e+04    1.786399e+04
4.810000e+00    1.133670e+04    1.789508e+04
4.820000e+00    1.134430e+04    1.792623e+04
4.830000e+00    1.135220e+04    1.795746e+04
4.840000e+00    1.136043e+04    1.798875e+04
4.850000e+00    1.136896e+04    1.802011e+04
4.860000e+00    1.137778e+04    1.805151e+04
4.870000e+00    1.138691e+04    1.808315e+04
4.880000e+00    1.139661e+04    1.811613e+04
4.890000e+00    1.140659e+04    1.814903e+04
4.900000e+00    1.141688e+04    1.818181e+04
4.910000e+00    1.142746e+04    1.821451e+04
4.920000e+00    1.143829e+04    1.824707e+04
4.930000e+00    1.144941e+04    1.827952e+04
4.940000e+00    1.146078e+04    1.831187e+04
4.950000e+00    1.147235e+04    1.834407e+04
4.960000e+00    1.148409e+04    1.837613e+04
4.970000e+00    1.149594e+04    1.840798e+04
4.980000e+00    1.150786e+04    1.843959e+04
4.990000e+00    1.151991e+04    1.847099e+04
5.000000e+00    1.153209e+04    1.850221e+04
5.010000e+00    1.154445e+04    1.853326e+04
5.020000e+00    1.155697e+04    1.856414e+04
5.030000e+00    1.156962e+04    1.859489e+04
5.040000e+00    1.158240e+04    1.862554e+04
5.050000e+00    1.159529e+04    1.865609e+04
5.060000e+00    1.160829e+04    1.868651e+04
5.070000e+00    1.162132e+04    1.871682e+04
5.080000e+00    1.163444e+04    1.874696e+04
5.090000e+00    1.164765e+04    1.877690e+04
5.100000e+00    1.166095e+04    1.880659e+04
5.110000e+00    1.167453e+04    1.883580e+04
5.120000e+00    1.168867e+04    1.886389e+04
5.130000e+00    1.170199e+04    1.888876e+04
5.140000e+00    1.171205e+04    1.890710e+04
5.150000e+00    1.171831e+04    1.895506e+04
5.160000e+00    1.173192e+04    1.899309e+04
5.170000e+00    1.174972e+04    1.902442e+04
5.180000e+00    1.176523e+04    1.905539e+04
5.190000e+00    1.178119e+04    1.908733e+04
5.200000e+00    1.179883e+04    1.911849e+04
5.210000e+00    1.181769e+04    1.914814e+04
5.220000e+00    1.183592e+04    1.917401e+04
5.230000e+00    1.185166e+04    1.919934e+04
5.240000e+00    1.186632e+04    1.922469e+04
5.250000e+00    1.188027e+04    1.925022e+04
5.260000e+00    1.189366e+04    1.927572e+04
5.270000e+00    1.190643e+04    1.930097e+04
5.280000e+00    1.191843e+04    1.932605e+04
5.290000e+00    1.192934e+04    1.935101e+04
5.300000e+00    1.193848e+04    1.937734e+04
5.310000e+00    1.194767e+04    1.940529e+04
5.320000e+00    1.195734e+04    1.943463e+04
5.330000e+00    1.196897e+04    1.946466e+04
5.340000e+00    1.198166e+04    1.949392e+04
5.350000e+00    1.199474e+04    1.952251e+04
5.360000e+00    1.200794e+04    1.955033e+04
5.370000e+00    1.202083e+04    1.957737e+04
5.380000e+00    1.203333e+04    1.960409e+04
5.390000e+00    1.204705e+04    1.963098e+04
5.400000e+00    1.206030e+04    1.965779e+04
5.410000e+00    1.207301e+04    1.968478e+04
5.420000e+00    1.208531e+04    1.971204e+04
5.430000e+00    1.209727e+04    1.973976e+04
5.440000e+00    1.210916e+04    1.976816e+04
5.450000e+00    1.212135e+04    1.979693e+04
5.460000e+00    1.213389e+04    1.982603e+04
5.470000e+00    1.214727e+04    1.985499e+04
5.480000e+00    1.216090e+04    1.988357e+04
5.490000e+00    1.217467e+04    1.991179e+04
5.500000e+00    1.218840e+04    1.993944e+04
5.510000e+00    1.220189e+04    1.996673e+04
5.520000e+00    1.221513e+04    1.999384e+04
5.530000e+00    1.222803e+04    2.002075e+04
5.540000e+00    1.224060e+04    2.004761e+04
5.550000e+00    1.225296e+04    2.007448e+04
5.560000e+00    1.226507e+04    2.010136e+04
5.570000e+00    1.227696e+04    2.012827e+04
5.580000e+00    1.228870e+04    2.015524e+04
5.590000e+00    1.230032e+04    2.018229e+04
5.600000e+00    1.231178e+04    2.020931e+04
5.610000e+00    1.232312e+04    2.023637e+04
5.620000e+00    1.233418e+04    2.026347e+04
5.630000e+00    1.234412e+04    2.029079e+04
5.640000e+00    1.235432e+04    2.031797e+04
5.650000e+00    1.236552e+04    2.034478e+04
5.660000e+00    1.237639e+04    2.037165e+04
5.670000e+00    1.238702e+04    2.039867e+04
5.680000e+00    1.239745e+04    2.042585e+04
5.690000e+00    1.240756e+04    2.045321e+04
5.700000e+00    1.241749e+04    2.048083e+04
5.710000e+00    1.242731e+04    2.050870e+04
5.720000e+00    1.243698e+04    2.053686e+04
5.730000e+00    1.244656e+04    2.056529e+04
5.740000e+00    1.245609e+04    2.059395e+04
5.750000e+00    1.246553e+04    2.062285e+04
5.760000e+00    1.247492e+04    2.065201e+04
5.770000e+00    1.248432e+04    2.068139e+04
5.780000e+00    1.249368e+04    2.071104e+04
5.790000e+00    1.250303e+04    2.074094e+04
5.800000e+00    1.251239e+04    2.077107e+04
5.810000e+00    1.252172e+04    2.080147e+04
5.820000e+00    1.253106e+04    2.083212e+04
5.830000e+00    1.254047e+04    2.086301e+04
5.840000e+00    1.254994e+04    2.089425e+04
5.850000e+00    1.255952e+04    2.092575e+04
5.860000e+00    1.256923e+04    2.095747e+04
5.870000e+00    1.257911e+04    2.098950e+04
5.880000e+00    1.258913e+04    2.102170e+04
5.890000e+00    1.259932e+04    2.105408e+04
5.900000e+00    1.261031e+04    2.108579e+04
5.910000e+00    1.262177e+04    2.111718e+04
5.920000e+00    1.263342e+04    2.114872e+04
5.930000e+00    1.264525e+04    2.118040e+04
5.940000e+00    1.265727e+04    2.121219e+04
5.950000e+00    1.266945e+04    2.124409e+04
5.960000e+00    1.268180e+04    2.127610e+04
5.970000e+00    1.269433e+04    2.130821e+04
5.980000e+00    1.270703e+04    2.134044e+04
5.990000e+00    1.271989e+04    2.137276e+04
6.000000e+00    1.273295e+04    2.140516e+04
6.010000e+00    1.274620e+04    2.143771e+04
6.020000e+00    1.275966e+04    2.147034e+04
6.030000e+00    1.277331e+04    2.150306e+04
6.040000e+00    1.278718e+04    2.153590e+04
6.050000e+00    1.280128e+04    2.156881e+04
6.060000e+00    1.281567e+04    2.160181e+04
6.070000e+00    1.283035e+04    2.163488e+04
6.080000e+00    1.284527e+04    2.166795e+04
6.090000e+00    1.286031e+04    2.170130e+04
6.100000e+00    1.287514e+04    2.173520e+04
6.110000e+00    1.289027e+04    2.176906e+04
6.120000e+00    1.290576e+04    2.180283e+04
6.130000e+00    1.292147e+04    2.183646e+04
6.140000e+00    1.293745e+04    2.186996e+04
6.150000e+00    1.295367e+04    2.190327e+04
6.160000e+00    1.297001e+04    2.193519e+04
6.170000e+00    1.298659e+04    2.196691e+04
6.180000e+00    1.300333e+04    2.199845e+04
6.190000e+00    1.302024e+04    2.202982e+04
6.200000e+00    1.303734e+04    2.206101e+04
6.210000e+00    1.305458e+04    2.209204e+04
6.220000e+00    1.307198e+04    2.212288e+04
6.230000e+00    1.308951e+04    2.215349e+04
6.240000e+00    1.310717e+04    2.218392e+04
6.250000e+00    1.312499e+04    2.221415e+04
6.260000e+00    1.314291e+04    2.224417e+04
6.270000e+00    1.316093e+04    2.227397e+04
6.280000e+00    1.317905e+04    2.230355e+04
6.290000e+00    1.319725e+04    2.233287e+04
6.300000e+00    1.321556e+04    2.236196e+04
6.310000e+00    1.323393e+04    2.239082e+04
6.320000e+00    1.325229e+04    2.241937e+04
6.330000e+00    1.327070e+04    2.244765e+04
6.340000e+00    1.328912e+04    2.247568e+04
6.350000e+00    1.330758e+04    2.250341e+04
6.360000e+00    1.332603e+04    2.253088e+04
6.370000e+00    1.334445e+04    2.255808e+04
6.380000e+00    1.336285e+04    2.258499e+04
6.390000e+00    1.338118e+04    2.261166e+04
6.400000e+00    1.339945e+04    2.263802e+04
6.410000e+00    1.341735e+04    2.266384e+04
6.420000e+00    1.343477e+04    2.268902e+04
6.430000e+00    1.345207e+04    2.271394e+04
6.440000e+00    1.346923e+04    2.273861e+04
6.450000e+00    1.348625e+04    2.276300e+04
6.460000e+00    1.350307e+04    2.278715e+04
6.470000e+00    1.351971e+04    2.281104e+04
6.480000e+00    1.353614e+04    2.283469e+04
6.490000e+00    1.355234e+04    2.285812e+04
6.500000e+00    1.356831e+04    2.288130e+04
6.510000e+00    1.358400e+04    2.290427e+04
6.520000e+00    1.359929e+04    2.292691e+04
6.530000e+00    1.361428e+04    2.294937e+04
6.540000e+00    1.362896e+04    2.297166e+04
6.550000e+00    1.364331e+04    2.299378e+04
6.560000e+00    1.365729e+04    2.301628e+04
6.570000e+00    1.367087e+04    2.303919e+04
6.580000e+00    1.368405e+04    2.306200e+04
6.590000e+00    1.369684e+04    2.308472e+04
6.600000e+00    1.370922e+04    2.310737e+04
6.610000e+00    1.372122e+04    2.312997e+04
6.620000e+00    1.373278e+04    2.315255e+04
6.630000e+00    1.374394e+04    2.317514e+04
6.640000e+00    1.375461e+04    2.319775e+04
6.650000e+00    1.376487e+04    2.322042e+04
6.660000e+00    1.377470e+04    2.324316e+04
6.670000e+00    1.378375e+04    2.326602e+04
6.680000e+00    1.379229e+04    2.328900e+04
6.690000e+00    1.380040e+04    2.331210e+04
6.700000e+00    1.380804e+04    2.333535e+04
6.710000e+00    1.381525e+04    2.335875e+04
6.720000e+00    1.382196e+04    2.338226e+04
6.730000e+00    1.382824e+04    2.340597e+04
6.740000e+00    1.383406e+04    2.342987e+04
6.750000e+00    1.383941e+04    2.345403e+04
6.760000e+00    1.384427e+04    2.347846e+04
6.770000e+00    1.384869e+04    2.350317e+04
6.780000e+00    1.385265e+04    2.352819e+04
6.790000e+00    1.385617e+04    2.355354e+04
6.800000e+00    1.385923e+04    2.357923e+04
6.810000e+00    1.386180e+04    2.360536e+04
6.820000e+00    1.386392e+04    2.363191e+04
6.830000e+00    1.386559e+04    2.365892e+04
6.840000e+00    1.386686e+04    2.368641e+04
6.850000e+00    1.386771e+04    2.371445e+04
6.860000e+00    1.386820e+04    2.374303e+04
6.870000e+00    1.386828e+04    2.377225e+04
6.880000e+00    1.386802e+04    2.380206e+04
6.890000e+00    1.386745e+04    2.383249e+04
6.900000e+00    1.386661e+04    2.386357e+04
6.910000e+00    1.386551e+04    2.389530e+04
6.920000e+00    1.386420e+04    2.392772e+04
6.930000e+00    1.386275e+04    2.396100e+04
6.940000e+00    1.386113e+04    2.399499e+04
6.950000e+00    1.385934e+04    2.402970e+04
6.960000e+00    1.385741e+04    2.406512e+04
6.970000e+00    1.385535e+04    2.410129e+04
6.980000e+00    1.385318e+04    2.413822e+04
6.990000e+00    1.385091e+04    2.417598e+04
7.000000e+00    1.384856e+04    2.421454e+04
7.010000e+00    1.384616e+04    2.425388e+04
7.020000e+00    1.384373e+04    2.429406e+04
7.030000e+00    1.384160e+04    2.433555e+04
7.040000e+00    1.383968e+04    2.437821e+04
7.050000e+00    1.383781e+04    2.442181e+04
7.060000e+00    1.383604e+04    2.446629e+04
7.070000e+00    1.383437e+04    2.451170e+04
7.080000e+00    1.383287e+04    2.455802e+04
7.090000e+00    1.383156e+04    2.460528e+04
7.100000e+00    1.383051e+04    2.465356e+04
7.110000e+00    1.382976e+04    2.470284e+04
7.120000e+00    1.382935e+04    2.475307e+04
7.130000e+00    1.382930e+04    2.480423e+04
7.140000e+00    1.382964e+04    2.485630e+04
7.150000e+00    1.383039e+04    2.490929e+04
7.160000e+00    1.383166e+04    2.496329e+04
7.170000e+00    1.383346e+04    2.501824e+04
7.180000e+00    1.383609e+04    2.507385e+04
7.190000e+00    1.383954e+04    2.513015e+04
7.200000e+00    1.384357e+04    2.518731e+04
7.210000e+00    1.384825e+04    2.524537e+04
7.220000e+00    1.385366e+04    2.530440e+04
7.230000e+00    1.385979e+04    2.536432e+04
7.240000e+00    1.386663e+04    2.542511e+04
7.250000e+00    1.387422e+04    2.548675e+04
7.260000e+00    1.388261e+04    2.554926e+04
7.270000e+00    1.389187e+04    2.561265e+04
7.280000e+00    1.390212e+04    2.567696e+04
7.290000e+00    1.391332e+04    2.574212e+04
7.300000e+00    1.392548e+04    2.580808e+04
7.310000e+00    1.393868e+04    2.587484e+04
7.320000e+00    1.395294e+04    2.594235e+04
7.330000e+00    1.396840e+04    2.601066e+04
7.340000e+00    1.398511e+04    2.607971e+04
7.350000e+00    1.400308e+04    2.614943e+04
7.360000e+00    1.402224e+04    2.621975e+04
7.370000e+00    1.404271e+04    2.629065e+04
7.380000e+00    1.406445e+04    2.636209e+04
7.390000e+00    1.408765e+04    2.643406e+04
7.400000e+00    1.411226e+04    2.650653e+04
7.410000e+00    1.413830e+04    2.657939e+04
7.420000e+00    1.416570e+04    2.665262e+04
7.430000e+00    1.419452e+04    2.672615e+04
7.440000e+00    1.422484e+04    2.679884e+04
7.450000e+00    1.425674e+04    2.687170e+04
7.460000e+00    1.429018e+04    2.694481e+04
7.470000e+00    1.432510e+04    2.701809e+04
7.480000e+00    1.436151e+04    2.709151e+04
7.490000e+00    1.439945e+04    2.716505e+04
7.500000e+00    1.443958e+04    2.723887e+04
7.510000e+00    1.448160e+04    2.731280e+04
7.520000e+00    1.452525e+04    2.738671e+04
7.530000e+00    1.457054e+04    2.746057e+04
7.540000e+00    1.461747e+04    2.753430e+04
7.550000e+00    1.466608e+04    2.760787e+04
7.560000e+00    1.471637e+04    2.768119e+04
7.570000e+00    1.476855e+04    2.775419e+04
7.580000e+00    1.482243e+04    2.782684e+04
7.590000e+00    1.487800e+04    2.789905e+04
7.600000e+00    1.493526e+04    2.797078e+04
7.610000e+00    1.499423e+04    2.804198e+04
7.620000e+00    1.505491e+04    2.811256e+04
7.630000e+00    1.511743e+04    2.818242e+04
7.640000e+00    1.518159e+04    2.825158e+04
7.650000e+00    1.524738e+04    2.831995e+04
7.660000e+00    1.531478e+04    2.838752e+04
7.670000e+00    1.538380e+04    2.845423e+04
7.680000e+00    1.545449e+04    2.852000e+04
7.690000e+00    1.552653e+04    2.858434e+04
7.700000e+00    1.559935e+04    2.864670e+04
7.710000e+00    1.567371e+04    2.870803e+04
7.720000e+00    1.574963e+04    2.876826e+04
7.730000e+00    1.582709e+04    2.882737e+04
7.740000e+00    1.590620e+04    2.888518e+04
7.750000e+00    1.598690e+04    2.894168e+04
7.760000e+00    1.606907e+04    2.899685e+04
7.770000e+00    1.615273e+04    2.905063e+04
7.780000e+00    1.623781e+04    2.910296e+04
7.790000e+00    1.632433e+04    2.915376e+04
7.800000e+00    1.641233e+04    2.920285e+04
7.810000e+00    1.650170e+04    2.925023e+04
7.820000e+00    1.659231e+04    2.929595e+04
7.830000e+00    1.668415e+04    2.933985e+04
7.840000e+00    1.677715e+04    2.938201e+04
7.850000e+00    1.687125e+04    2.942226e+04
7.860000e+00    1.696654e+04    2.946045e+04
7.870000e+00    1.706278e+04    2.949669e+04
7.880000e+00    1.715997e+04    2.953101e+04
7.890000e+00    1.725797e+04    2.956331e+04
7.900000e+00    1.735684e+04    2.959364e+04
7.910000e+00    1.745646e+04    2.962190e+04
7.920000e+00    1.755691e+04    2.964791e+04
7.930000e+00    1.765805e+04    2.967182e+04
7.940000e+00    1.775983e+04    2.969362e+04
7.950000e+00    1.786061e+04    2.971288e+04
7.960000e+00    1.796118e+04    2.972982e+04
7.970000e+00    1.806274e+04    2.974433e+04
7.980000e+00    1.816467e+04    2.975643e+04
7.990000e+00    1.826688e+04    2.976643e+04
8.000000e+00    1.836933e+04    2.977422e+04
8.010000e+00    1.847206e+04    2.977983e+04
8.020000e+00    1.857501e+04    2.978322e+04
8.030000e+00    1.867814e+04    2.978412e+04
8.040000e+00    1.878140e+04    2.978253e+04
8.050000e+00    1.888464e+04    2.977853e+04
8.060000e+00    1.898781e+04    2.977204e+04
8.070000e+00    1.909073e+04    2.976309e+04
8.080000e+00    1.919335e+04    2.975164e+04
8.090000e+00    1.929558e+04    2.973759e+04
8.100000e+00    1.939725e+04    2.972097e+04
8.110000e+00    1.949844e+04    2.970199e+04
8.120000e+00    1.959886e+04    2.968064e+04
8.130000e+00    1.969867e+04    2.965695e+04
8.140000e+00    1.979764e+04    2.963100e+04
8.150000e+00    1.989575e+04    2.960247e+04
8.160000e+00    1.999295e+04    2.957170e+04
8.170000e+00    2.008922e+04    2.953868e+04
8.180000e+00    2.018451e+04    2.950348e+04
8.190000e+00    2.027877e+04    2.946608e+04
8.200000e+00    2.037181e+04    2.942653e+04
8.210000e+00    2.046136e+04    2.938583e+04
8.220000e+00    2.054968e+04    2.934298e+04
8.230000e+00    2.063673e+04    2.929803e+04
8.240000e+00    2.072242e+04    2.925095e+04
8.250000e+00    2.080674e+04    2.920180e+04
8.260000e+00    2.088951e+04    2.915052e+04
8.270000e+00    2.097059e+04    2.909702e+04
8.280000e+00    2.105003e+04    2.904155e+04
8.290000e+00    2.112777e+04    2.898412e+04
8.300000e+00    2.120376e+04    2.892480e+04
8.310000e+00    2.127788e+04    2.886362e+04
8.320000e+00    2.134991e+04    2.880045e+04
8.330000e+00    2.141986e+04    2.873546e+04
8.340000e+00    2.148779e+04    2.866882e+04
8.350000e+00    2.155368e+04    2.860056e+04
8.360000e+00    2.161747e+04    2.853079e+04
8.370000e+00    2.167913e+04    2.845951e+04
8.380000e+00    2.173845e+04    2.838676e+04
8.390000e+00    2.179544e+04    2.831255e+04
8.400000e+00    2.185023e+04    2.823707e+04
8.410000e+00    2.190272e+04    2.816032e+04
8.420000e+00    2.195292e+04    2.808241e+04
8.430000e+00    2.200085e+04    2.800330e+04
8.440000e+00    2.204652e+04    2.792273e+04
8.450000e+00    2.208974e+04    2.784112e+04
8.460000e+00    2.213004e+04    2.775975e+04
8.470000e+00    2.216730e+04    2.767906e+04
8.480000e+00    2.220200e+04    2.759757e+04
8.490000e+00    2.223414e+04    2.751526e+04
8.500000e+00    2.226336e+04    2.743221e+04
8.510000e+00    2.228992e+04    2.734855e+04
8.520000e+00    2.231382e+04    2.726437e+04
8.530000e+00    2.233504e+04    2.717976e+04
8.540000e+00    2.235355e+04    2.709480e+04
8.550000e+00    2.236929e+04    2.700957e+04
8.560000e+00    2.238203e+04    2.692415e+04
8.570000e+00    2.239204e+04    2.683862e+04
8.580000e+00    2.239932e+04    2.675307e+04
8.590000e+00    2.240389e+04    2.666757e+04
8.600000e+00    2.240579e+04    2.658224e+04
8.610000e+00    2.240483e+04    2.649712e+04
8.620000e+00    2.240103e+04    2.641232e+04
8.630000e+00    2.239458e+04    2.632789e+04
8.640000e+00    2.238547e+04    2.624387e+04
8.650000e+00    2.237376e+04    2.616036e+04
8.660000e+00    2.235939e+04    2.607742e+04
8.670000e+00    2.234229e+04    2.599511e+04
8.680000e+00    2.232243e+04    2.591358e+04
8.690000e+00    2.230000e+04    2.583277e+04
8.700000e+00    2.227501e+04    2.575283e+04
8.710000e+00    2.224744e+04    2.567375e+04
8.720000e+00    2.221820e+04    2.559798e+04
8.730000e+00    2.218642e+04    2.552399e+04
8.740000e+00    2.215205e+04    2.545119e+04
8.750000e+00    2.211527e+04    2.537965e+04
8.760000e+00    2.207601e+04    2.530938e+04
8.770000e+00    2.203439e+04    2.524048e+04
8.780000e+00    2.199044e+04    2.517309e+04
8.790000e+00    2.194397e+04    2.510745e+04
8.800000e+00    2.189529e+04    2.504341e+04
8.810000e+00    2.184447e+04    2.498103e+04
8.820000e+00    2.179154e+04    2.492035e+04
8.830000e+00    2.173661e+04    2.486148e+04
8.840000e+00    2.167962e+04    2.480443e+04
8.850000e+00    2.162055e+04    2.474946e+04
8.860000e+00    2.155963e+04    2.469641e+04
8.870000e+00    2.149692e+04    2.464530e+04
8.880000e+00    2.143250e+04    2.459616e+04
8.890000e+00    2.136636e+04    2.454909e+04
8.900000e+00    2.129866e+04    2.450397e+04
8.910000e+00    2.122945e+04    2.446096e+04
8.920000e+00    2.115872e+04    2.442006e+04
8.930000e+00    2.108653e+04    2.438137e+04
8.940000e+00    2.101293e+04    2.434492e+04
8.950000e+00    2.093795e+04    2.431073e+04
8.960000e+00    2.086164e+04    2.427905e+04
8.970000e+00    2.078448e+04    2.425011e+04
8.980000e+00    2.070841e+04    2.422478e+04
8.990000e+00    2.063126e+04    2.420189e+04
9.000000e+00    2.055312e+04    2.418146e+04
9.010000e+00    2.047408e+04    2.416352e+04
9.020000e+00    2.039413e+04    2.414830e+04
9.030000e+00    2.031341e+04    2.413570e+04
9.040000e+00    2.023203e+04    2.412566e+04
9.050000e+00    2.015005e+04    2.411814e+04
9.060000e+00    2.006757e+04    2.411318e+04
9.070000e+00    1.998465e+04    2.411077e+04
9.080000e+00    1.990134e+04    2.411120e+04
9.090000e+00    1.981778e+04    2.411420e+04
9.100000e+00    1.973401e+04    2.411977e+04
9.110000e+00    1.965007e+04    2.412782e+04
9.120000e+00    1.956605e+04    2.413841e+04
9.130000e+00    1.948202e+04    2.415152e+04
9.140000e+00    1.939806e+04    2.416744e+04
9.150000e+00    1.931426e+04    2.418589e+04
9.160000e+00    1.923061e+04    2.420682e+04
9.170000e+00    1.914728e+04    2.423024e+04
9.180000e+00    1.906423e+04    2.425615e+04
9.190000e+00    1.898161e+04    2.428459e+04
9.200000e+00    1.889954e+04    2.431572e+04
9.210000e+00    1.881800e+04    2.434930e+04
9.220000e+00    1.873712e+04    2.438527e+04
9.230000e+00    1.865843e+04    2.442330e+04
9.240000e+00    1.858176e+04    2.446337e+04
9.250000e+00    1.850596e+04    2.450588e+04
9.260000e+00    1.843111e+04    2.455083e+04
9.270000e+00    1.835725e+04    2.459799e+04
9.280000e+00    1.828445e+04    2.464741e+04
9.290000e+00    1.821275e+04    2.469897e+04
9.300000e+00    1.814223e+04    2.475265e+04
9.310000e+00    1.807303e+04    2.480856e+04
9.320000e+00    1.800517e+04    2.486658e+04
9.330000e+00    1.793867e+04    2.492655e+04
9.340000e+00    1.787355e+04    2.498843e+04
9.350000e+00    1.780985e+04    2.505216e+04
9.360000e+00    1.774761e+04    2.511771e+04
9.370000e+00    1.768723e+04    2.518493e+04
9.380000e+00    1.762860e+04    2.525367e+04
9.390000e+00    1.757156e+04    2.532404e+04
9.400000e+00    1.751610e+04    2.539598e+04
9.410000e+00    1.746232e+04    2.546945e+04
9.420000e+00    1.741023e+04    2.554442e+04
9.430000e+00    1.736008e+04    2.562102e+04
9.440000e+00    1.731172e+04    2.569896e+04
9.450000e+00    1.726515e+04    2.577824e+04
9.460000e+00    1.722042e+04    2.585875e+04
9.470000e+00    1.717752e+04    2.594044e+04
9.480000e+00    1.713657e+04    2.602330e+04
9.490000e+00    1.709890e+04    2.610535e+04
9.500000e+00    1.706326e+04    2.618828e+04
9.510000e+00    1.702956e+04    2.627214e+04
9.520000e+00    1.699783e+04    2.635685e+04
9.530000e+00    1.696809e+04    2.644236e+04
9.540000e+00    1.694040e+04    2.652862e+04
9.550000e+00    1.691489e+04    2.661559e+04
9.560000e+00    1.689138e+04    2.670316e+04
9.570000e+00    1.686987e+04    2.679126e+04
9.580000e+00    1.685037e+04    2.687982e+04
9.590000e+00    1.683287e+04    2.696879e+04
9.600000e+00    1.681751e+04    2.705812e+04
9.610000e+00    1.680424e+04    2.714773e+04
9.620000e+00    1.679296e+04    2.723754e+04
9.630000e+00    1.678365e+04    2.732750e+04
9.640000e+00    1.677631e+04    2.741756e+04
9.650000e+00    1.677092e+04    2.750766e+04
9.660000e+00    1.676764e+04    2.759773e+04
9.670000e+00    1.676635e+04    2.768772e+04
9.680000e+00    1.676696e+04    2.777757e+04
9.690000e+00    1.676943e+04    2.786720e+04
9.700000e+00    1.677379e+04    2.795660e+04
9.710000e+00    1.677999e+04    2.804571e+04
9.720000e+00    1.678822e+04    2.813441e+04
9.730000e+00    1.679829e+04    2.822271e+04
9.740000e+00    1.680990e+04    2.830996e+04
9.750000e+00    1.682282e+04    2.839542e+04
9.760000e+00    1.683745e+04    2.848030e+04
9.770000e+00    1.685377e+04    2.856455e+04
9.780000e+00    1.687199e+04    2.864801e+04
9.790000e+00    1.689181e+04    2.873076e+04
9.800000e+00    1.691319e+04    2.881269e+04
9.810000e+00    1.693612e+04    2.889380e+04
9.820000e+00    1.696052e+04    2.897407e+04
9.830000e+00    1.698641e+04    2.905335e+04
9.840000e+00    1.701399e+04    2.913112e+04
9.850000e+00    1.704297e+04    2.920769e+04
9.860000e+00    1.707323e+04    2.928324e+04
9.870000e+00    1.710476e+04    2.935776e+04
9.880000e+00    1.713746e+04    2.943122e+04
9.890000e+00    1.717139e+04    2.950353e+04
9.900000e+00    1.720651e+04    2.957467e+04
9.910000e+00    1.724264e+04    2.964468e+04
9.920000e+00    1.727980e+04    2.971353e+04
9.930000e+00    1.731792e+04    2.978125e+04
9.940000e+00    1.735697e+04    2.984779e+04
9.950000e+00    1.739698e+04    2.991301e+04
9.960000e+00    1.743791e+04    2.997701e+04
9.970000e+00    1.747962e+04    3.003976e+04
9.980000e+00    1.752210e+04    3.010126e+04
9.990000e+00    1.756531e+04    3.016147e+04
1.000000e+01    1.760807e+04    3.022029e+04
1.001000e+01    1.765105e+04    3.027758e+04
1.002000e+01    1.769458e+04    3.033354e+04
1.003000e+01    1.773859e+04    3.038819e+04
1.004000e+01    1.778308e+04    3.044146e+04
1.005000e+01    1.782795e+04    3.049343e+04
1.006000e+01    1.787314e+04    3.054402e+04
1.007000e+01    1.791863e+04    3.059308e+04
1.008000e+01    1.796435e+04    3.064085e+04
1.009000e+01    1.801020e+04    3.068727e+04
1.010000e+01    1.805619e+04    3.073240e+04
1.011000e+01    1.810223e+04    3.077626e+04
1.012000e+01    1.814827e+04    3.081881e+04
1.013000e+01    1.819429e+04    3.085999e+04
1.014000e+01    1.824021e+04    3.089996e+04
1.015000e+01    1.828599e+04    3.093872e+04
1.016000e+01    1.833164e+04    3.097629e+04
1.017000e+01    1.837712e+04    3.101273e+04
1.018000e+01    1.842237e+04    3.104797e+04
1.019000e+01    1.846736e+04    3.108198e+04
1.020000e+01    1.851210e+04    3.111490e+04
1.021000e+01    1.855649e+04    3.114672e+04
1.022000e+01    1.860053e+04    3.117744e+04
1.023000e+01    1.864419e+04    3.120709e+04
1.024000e+01    1.868735e+04    3.123566e+04
1.025000e+01    1.872999e+04    3.126317e+04
1.026000e+01    1.877149e+04    3.129113e+04
1.027000e+01    1.881243e+04    3.131814e+04
1.028000e+01    1.885274e+04    3.134417e+04
1.029000e+01    1.889244e+04    3.136935e+04
1.030000e+01    1.893134e+04    3.139355e+04
1.031000e+01    1.896944e+04    3.141612e+04
1.032000e+01    1.900684e+04    3.143786e+04
1.033000e+01    1.904337e+04    3.145890e+04
1.034000e+01    1.907914e+04    3.147927e+04
1.035000e+01    1.911415e+04    3.149902e+04
1.036000e+01    1.914820e+04    3.151819e+04
1.037000e+01    1.918146e+04    3.153680e+04
1.038000e+01    1.921392e+04    3.155494e+04
1.039000e+01    1.924555e+04    3.157267e+04
1.040000e+01    1.927635e+04    3.158996e+04
1.041000e+01    1.930637e+04    3.160687e+04
1.042000e+01    1.933547e+04    3.162339e+04
1.043000e+01    1.936370e+04    3.163958e+04
1.044000e+01    1.939115e+04    3.165543e+04
1.045000e+01    1.941772e+04    3.167103e+04
1.046000e+01    1.944338e+04    3.168634e+04
1.047000e+01    1.946813e+04    3.170139e+04
1.048000e+01    1.949190e+04    3.171629e+04
1.049000e+01    1.951475e+04    3.173104e+04
1.050000e+01    1.953667e+04    3.174566e+04
1.051000e+01    1.955832e+04    3.176098e+04
1.052000e+01    1.957975e+04    3.177720e+04
1.053000e+01    1.960020e+04    3.179348e+04
1.054000e+01    1.961973e+04    3.180987e+04
1.055000e+01    1.963820e+04    3.182647e+04
1.056000e+01    1.965582e+04    3.184326e+04
1.057000e+01    1.967257e+04    3.186031e+04
1.058000e+01    1.968841e+04    3.187776e+04
1.059000e+01    1.970335e+04    3.189553e+04
1.060000e+01    1.971749e+04    3.191371e+04
1.061000e+01    1.973087e+04    3.193236e+04
1.062000e+01    1.974345e+04    3.195137e+04
1.063000e+01    1.975537e+04    3.197085e+04
1.064000e+01    1.976660e+04    3.199081e+04
1.065000e+01    1.977703e+04    3.201131e+04
1.066000e+01    1.978689e+04    3.203231e+04
1.067000e+01    1.979610e+04    3.205384e+04
1.068000e+01    1.980466e+04    3.207595e+04
1.069000e+01    1.981265e+04    3.209855e+04
1.070000e+01    1.982001e+04    3.212178e+04
1.071000e+01    1.982669e+04    3.214568e+04
1.072000e+01    1.983278e+04    3.217018e+04
1.073000e+01    1.983834e+04    3.219538e+04
1.074000e+01    1.984331e+04    3.222129e+04
1.075000e+01    1.984773e+04    3.224794e+04
1.076000e+01    1.985168e+04    3.227538e+04
1.077000e+01    1.985737e+04    3.230351e+04
1.078000e+01    1.986273e+04    3.233175e+04
1.079000e+01    1.986772e+04    3.236080e+04
1.080000e+01    1.987237e+04    3.239089e+04
1.081000e+01    1.987673e+04    3.242188e+04
1.082000e+01    1.988081e+04    3.245380e+04
1.083000e+01    1.988478e+04    3.248679e+04
1.084000e+01    1.988855e+04    3.252068e+04
1.085000e+01    1.989219e+04    3.255550e+04
1.086000e+01    1.989585e+04    3.259123e+04
1.087000e+01    1.989941e+04    3.262789e+04
1.088000e+01    1.990294e+04    3.266552e+04
1.089000e+01    1.990653e+04    3.270405e+04
1.090000e+01    1.991012e+04    3.274353e+04
1.091000e+01    1.991373e+04    3.278389e+04
1.092000e+01    1.991740e+04    3.282511e+04
1.093000e+01    1.992117e+04    3.286730e+04
1.094000e+01    1.992499e+04    3.291049e+04
1.095000e+01    1.992888e+04    3.295460e+04
1.096000e+01    1.993295e+04    3.299965e+04
1.097000e+01    1.993712e+04    3.304572e+04
1.098000e+01    1.994151e+04    3.309276e+04
1.099000e+01    1.994619e+04    3.314077e+04
1.100000e+01    1.995118e+04    3.319003e+04
1.101000e+01    1.995653e+04    3.324027e+04
1.102000e+01    1.996270e+04    3.329090e+04
1.103000e+01    1.997120e+04    3.334038e+04
1.104000e+01    1.998015e+04    3.339079e+04
1.105000e+01    1.998962e+04    3.344214e+04
1.106000e+01    1.999985e+04    3.349455e+04
1.107000e+01    2.001063e+04    3.354786e+04
1.108000e+01    2.002203e+04    3.360202e+04
1.109000e+01    2.003421e+04    3.365696e+04
1.110000e+01    2.004703e+04    3.371276e+04
1.111000e+01    2.006056e+04    3.376938e+04
1.112000e+01    2.007487e+04    3.382675e+04
1.113000e+01    2.008990e+04    3.388494e+04
1.114000e+01    2.010563e+04    3.394385e+04
1.115000e+01    2.012205e+04    3.400342e+04
1.116000e+01    2.013926e+04    3.406376e+04
1.117000e+01    2.015724e+04    3.412488e+04
1.118000e+01    2.017599e+04    3.418677e+04
1.119000e+01    2.019561e+04    3.424936e+04
1.120000e+01    2.021604e+04    3.431272e+04
1.121000e+01    2.023731e+04    3.437684e+04
1.122000e+01    2.025951e+04    3.444161e+04
1.123000e+01    2.028278e+04    3.450722e+04
1.124000e+01    2.030694e+04    3.457346e+04
1.125000e+01    2.033152e+04    3.463989e+04
1.126000e+01    2.035725e+04    3.470696e+04
1.127000e+01    2.038409e+04    3.477462e+04
1.128000e+01    2.041164e+04    3.484041e+04
1.129000e+01    2.044031e+04    3.490484e+04
1.130000e+01    2.047013e+04    3.496967e+04
1.131000e+01    2.050103e+04    3.503494e+04
1.132000e+01    2.053316e+04    3.510046e+04
1.133000e+01    2.056646e+04    3.516630e+04
1.134000e+01    2.060091e+04    3.523252e+04
1.135000e+01    2.063659e+04    3.529891e+04
1.136000e+01    2.067343e+04    3.536554e+04
1.137000e+01    2.071144e+04    3.543246e+04
1.138000e+01    2.075049e+04    3.549955e+04
1.139000e+01    2.079070e+04    3.556686e+04
1.140000e+01    2.083215e+04    3.563439e+04
1.141000e+01    2.087480e+04    3.570218e+04
1.142000e+01    2.091864e+04    3.577015e+04
1.143000e+01    2.096370e+04    3.583825e+04
1.144000e+01    2.100998e+04    3.590659e+04
1.145000e+01    2.105750e+04    3.597505e+04
1.146000e+01    2.110635e+04    3.604357e+04
1.147000e+01    2.115639e+04    3.611228e+04
1.148000e+01    2.120765e+04    3.618103e+04
1.149000e+01    2.126018e+04    3.624976e+04
1.150000e+01    2.131805e+04    3.631911e+04
1.151000e+01    2.137821e+04    3.638855e+04
1.152000e+01    2.143975e+04    3.645790e+04
1.153000e+01    2.149807e+04    3.651448e+04
1.154000e+01    2.155287e+04    3.656475e+04
1.155000e+01    2.160875e+04    3.661470e+04
1.156000e+01    2.165935e+04    3.668319e+04
1.157000e+01    2.170918e+04    3.675732e+04
1.158000e+01    2.176043e+04    3.683118e+04
1.159000e+01    2.181562e+04    3.690117e+04
1.160000e+01    2.187306e+04    3.696953e+04
1.161000e+01    2.193179e+04    3.703757e+04
1.162000e+01    2.200411e+04    3.710918e+04
1.163000e+01    2.208323e+04    3.718217e+04
1.164000e+01    2.216377e+04    3.725471e+04
1.165000e+01    2.224181e+04    3.731773e+04
1.166000e+01    2.231905e+04    3.737528e+04
1.167000e+01    2.239756e+04    3.743237e+04
1.168000e+01    2.247823e+04    3.748803e+04
1.169000e+01    2.256081e+04    3.754250e+04
1.170000e+01    2.264478e+04    3.759637e+04
1.171000e+01    2.272303e+04    3.764463e+04
1.172000e+01    2.279605e+04    3.768771e+04
1.173000e+01    2.287032e+04    3.773016e+04
1.174000e+01    2.294473e+04    3.777897e+04
1.175000e+01    2.301913e+04    3.783553e+04
1.176000e+01    2.309485e+04    3.789134e+04
1.177000e+01    2.317326e+04    3.794572e+04
1.178000e+01    2.325532e+04    3.799814e+04
1.179000e+01    2.333699e+04    3.805002e+04
1.180000e+01    2.341507e+04    3.810147e+04
1.181000e+01    2.349089e+04    3.815173e+04
1.182000e+01    2.356797e+04    3.820111e+04
1.183000e+01    2.364597e+04    3.825210e+04
1.184000e+01    2.372408e+04    3.831268e+04
1.185000e+01    2.380335e+04    3.837237e+04
1.186000e+01    2.388508e+04    3.843106e+04
1.187000e+01    2.398172e+04    3.848788e+04
1.188000e+01    2.407954e+04    3.854370e+04
1.189000e+01    2.417849e+04    3.859853e+04
1.190000e+01    2.427846e+04    3.864579e+04
1.191000e+01    2.437954e+04    3.869184e+04
1.192000e+01    2.448170e+04    3.873681e+04
1.193000e+01    2.458452e+04    3.878006e+04
1.194000e+01    2.468833e+04    3.882210e+04
1.195000e+01    2.479321e+04    3.886301e+04
1.196000e+01    2.490115e+04    3.890238e+04
1.197000e+01    2.501090e+04    3.894044e+04
1.198000e+01    2.512171e+04    3.897726e+04
1.199000e+01    2.523460e+04    3.900892e+04
1.200000e+01    2.534917e+04    3.903669e+04
1.201000e+01    2.546472e+04    3.906315e+04
1.202000e+01    2.557865e+04    3.908701e+04
1.203000e+01    2.569032e+04    3.910791e+04
1.204000e+01    2.580298e+04    3.912741e+04
1.205000e+01    2.591384e+04    3.914883e+04
1.206000e+01    2.602301e+04    3.917128e+04
1.207000e+01    2.613309e+04    3.919230e+04
1.208000e+01    2.624403e+04    3.921190e+04
1.209000e+01    2.635556e+04    3.923026e+04
1.210000e+01    2.646800e+04    3.924701e+04
1.211000e+01    2.658132e+04    3.926212e+04
1.212000e+01    2.669435e+04    3.927417e+04
1.213000e+01    2.680813e+04    3.928458e+04
1.214000e+01    2.692270e+04    3.929339e+04
1.215000e+01    2.703424e+04    3.930013e+04
1.216000e+01    2.714554e+04    3.930494e+04
1.217000e+01    2.725759e+04    3.930800e+04
1.218000e+01    2.736786e+04    3.931301e+04
1.219000e+01    2.747713e+04    3.931875e+04
1.220000e+01    2.758704e+04    3.932272e+04
1.221000e+01    2.769900e+04    3.932658e+04
1.222000e+01    2.781374e+04    3.933091e+04
1.223000e+01    2.792906e+04    3.933339e+04
1.224000e+01    2.804541e+04    3.933393e+04
1.225000e+01    2.816423e+04    3.933227e+04
1.226000e+01    2.828353e+04    3.932872e+04
1.227000e+01    2.840331e+04    3.932323e+04
1.228000e+01    2.852368e+04    3.931502e+04
1.229000e+01    2.864443e+04    3.930483e+04
1.230000e+01    2.876562e+04    3.929303e+04
1.231000e+01    2.888757e+04    3.928454e+04
1.232000e+01    2.900966e+04    3.927420e+04
1.233000e+01    2.913202e+04    3.926174e+04
1.234000e+01    2.925474e+04    3.924841e+04
1.235000e+01    2.937777e+04    3.923418e+04
1.236000e+01    2.950095e+04    3.921783e+04
1.237000e+01    2.962528e+04    3.920000e+04
1.238000e+01    2.975207e+04    3.918153e+04
1.239000e+01    2.987890e+04    3.916075e+04
1.240000e+01    3.000594e+04    3.913751e+04
1.241000e+01    3.013647e+04    3.911049e+04
1.242000e+01    3.026691e+04    3.908124e+04
1.243000e+01    3.039724e+04    3.904974e+04
1.244000e+01    3.052799e+04    3.901386e+04
1.245000e+01    3.065867e+04    3.897501e+04
1.246000e+01    3.078905e+04    3.893375e+04
1.247000e+01    3.091894e+04    3.888953e+04
1.248000e+01    3.104832e+04    3.884245e+04
1.249000e+01    3.117730e+04    3.879305e+04
1.250000e+01    3.130587e+04    3.874121e+04
1.251000e+01    3.143397e+04    3.868651e+04
1.252000e+01    3.156151e+04    3.862940e+04
1.253000e+01    3.168845e+04    3.856993e+04
1.254000e+01    3.181555e+04    3.850749e+04
1.255000e+01    3.194197e+04    3.844266e+04
1.256000e+01    3.206971e+04    3.837658e+04
1.257000e+01    3.219959e+04    3.830796e+04
1.258000e+01    3.232883e+04    3.823645e+04
1.259000e+01    3.245716e+04    3.816256e+04
1.260000e+01    3.258423e+04    3.808539e+04
1.261000e+01    3.270984e+04    3.800453e+04
1.262000e+01    3.283435e+04    3.792124e+04
1.263000e+01    3.295742e+04    3.783523e+04
1.264000e+01    3.307770e+04    3.774613e+04
1.265000e+01    3.319634e+04    3.765481e+04
1.266000e+01    3.331357e+04    3.756119e+04
1.267000e+01    3.342867e+04    3.746539e+04
1.268000e+01    3.354208e+04    3.736721e+04
1.269000e+01    3.365388e+04    3.726651e+04
1.270000e+01    3.376399e+04    3.716347e+04
1.271000e+01    3.387236e+04    3.705810e+04
1.272000e+01    3.397907e+04    3.695047e+04
1.273000e+01    3.408402e+04    3.684051e+04
1.274000e+01    3.418676e+04    3.672762e+04
1.275000e+01    3.428755e+04    3.661241e+04
1.276000e+01    3.438645e+04    3.649503e+04
1.277000e+01    3.448259e+04    3.637480e+04
1.278000e+01    3.457650e+04    3.625227e+04
1.279000e+01    3.466835e+04    3.612766e+04
1.280000e+01    3.475701e+04    3.600065e+04
1.281000e+01    3.484233e+04    3.587137e+04
1.282000e+01    3.492941e+04    3.573833e+04
1.283000e+01    3.501482e+04    3.560309e+04
1.284000e+01    3.509601e+04    3.546695e+04
1.285000e+01    3.517476e+04    3.532892e+04
1.286000e+01    3.525074e+04    3.518885e+04
1.287000e+01    3.532369e+04    3.504847e+04
1.288000e+01    3.539387e+04    3.490694e+04
1.289000e+01    3.546142e+04    3.476372e+04
1.290000e+01    3.552649e+04    3.461931e+04
1.291000e+01    3.558920e+04    3.447415e+04
1.292000e+01    3.564880e+04    3.432728e+04
1.293000e+01    3.570556e+04    3.417893e+04
1.294000e+01    3.575991e+04    3.402945e+04
1.295000e+01    3.581134e+04    3.387862e+04
1.296000e+01    3.585979e+04    3.372648e+04
1.297000e+01    3.590505e+04    3.357313e+04
1.298000e+01    3.594691e+04    3.341856e+04
1.299000e+01    3.598565e+04    3.326287e+04
1.300000e+01    3.602118e+04    3.310621e+04
1.301000e+01    3.605323e+04    3.294895e+04
1.302000e+01    3.608205e+04    3.279076e+04
1.303000e+01    3.610740e+04    3.263167e+04
1.304000e+01    3.612900e+04    3.247232e+04
1.305000e+01    3.614719e+04    3.231247e+04
1.306000e+01    3.616201e+04    3.215199e+04
1.307000e+01    3.617365e+04    3.199022e+04
1.308000e+01    3.618280e+04    3.182440e+04
1.309000e+01    3.618819e+04    3.165814e+04
1.310000e+01    3.618995e+04    3.149155e+04
1.311000e+01    3.618868e+04    3.132598e+04
1.312000e+01    3.618354e+04    3.116061e+04
1.313000e+01    3.617482e+04    3.099519e+04
1.314000e+01    3.616315e+04    3.083025e+04
1.315000e+01    3.614823e+04    3.066595e+04
1.316000e+01    3.612964e+04    3.050184e+04
1.317000e+01    3.610750e+04    3.033800e+04
1.318000e+01    3.608324e+04    3.017468e+04
1.319000e+01    3.605538e+04    3.001181e+04
1.320000e+01    3.602390e+04    2.984945e+04
1.321000e+01    3.598904e+04    2.968754e+04
1.322000e+01    3.595110e+04    2.952615e+04
1.323000e+01    3.590956e+04    2.936555e+04
1.324000e+01    3.586449e+04    2.920577e+04
1.325000e+01    3.581647e+04    2.904635e+04
1.326000e+01    3.576476e+04    2.888801e+04
1.327000e+01    3.570914e+04    2.873095e+04
1.328000e+01    3.565018e+04    2.857476e+04
1.329000e+01    3.558781e+04    2.841969e+04
1.330000e+01    3.552193e+04    2.826605e+04
1.331000e+01    3.545260e+04    2.811386e+04
1.332000e+01    3.537973e+04    2.796303e+04
1.333000e+01    3.530089e+04    2.781124e+04
1.334000e+01    3.521700e+04    2.765922e+04
1.335000e+01    3.512986e+04    2.750901e+04
1.336000e+01    3.503945e+04    2.736072e+04
1.337000e+01    3.494576e+04    2.721447e+04
1.338000e+01    3.484866e+04    2.707051e+04
1.339000e+01    3.474858e+04    2.692887e+04
1.340000e+01    3.464535e+04    2.678953e+04
1.341000e+01    3.453903e+04    2.665258e+04
1.342000e+01    3.443013e+04    2.651790e+04
1.343000e+01    3.431850e+04    2.638565e+04
1.344000e+01    3.420366e+04    2.625629e+04
1.345000e+01    3.408593e+04    2.612960e+04
1.346000e+01    3.396588e+04    2.600492e+04
1.347000e+01    3.384309e+04    2.588309e+04
1.348000e+01    3.371761e+04    2.576420e+04
1.349000e+01    3.358953e+04    2.564790e+04
1.350000e+01    3.345861e+04    2.553476e+04
1.351000e+01    3.332520e+04    2.542478e+04
1.352000e+01    3.318941e+04    2.531799e+04
1.353000e+01    3.305144e+04    2.521385e+04
1.354000e+01    3.291123e+04    2.511306e+04
1.355000e+01    3.276882e+04    2.501573e+04
1.356000e+01    3.262403e+04    2.492157e+04
1.357000e+01    3.247718e+04    2.483026e+04
1.358000e+01    3.232839e+04    2.474258e+04
1.359000e+01    3.217064e+04    2.465875e+04
1.360000e+01    3.200971e+04    2.457852e+04
1.361000e+01    3.184701e+04    2.450217e+04
1.362000e+01    3.168265e+04    2.442992e+04
1.363000e+01    3.151708e+04    2.436136e+04
1.364000e+01    3.135053e+04    2.429643e+04
1.365000e+01    3.118273e+04    2.423540e+04
1.366000e+01    3.101378e+04    2.417830e+04
1.367000e+01    3.084251e+04    2.412520e+04
1.368000e+01    3.066994e+04    2.407631e+04
1.369000e+01    3.049653e+04    2.403144e+04
1.370000e+01    3.032256e+04    2.399074e+04
1.371000e+01    3.014853e+04    2.395457e+04
1.372000e+01    2.997396e+04    2.392249e+04
1.373000e+01    2.979894e+04    2.389488e+04
1.374000e+01    2.962364e+04    2.387047e+04
1.375000e+01    2.944816e+04    2.384955e+04
1.376000e+01    2.927259e+04    2.383276e+04
1.377000e+01    2.909698e+04    2.382010e+04
1.378000e+01    2.892005e+04    2.381116e+04
1.379000e+01    2.874337e+04    2.380683e+04
1.380000e+01    2.856703e+04    2.380669e+04
1.381000e+01    2.839052e+04    2.381055e+04
1.382000e+01    2.821364e+04    2.381835e+04
1.383000e+01    2.803742e+04    2.383025e+04
1.384000e+01    2.786006e+04    2.384819e+04
1.385000e+01    2.767988e+04    2.387609e+04
1.386000e+01    2.750067e+04    2.390842e+04
1.387000e+01    2.732255e+04    2.394476e+04
1.388000e+01    2.714560e+04    2.398508e+04
1.389000e+01    2.696981e+04    2.402939e+04
1.390000e+01    2.679547e+04    2.407773e+04
1.391000e+01    2.662278e+04    2.413031e+04
1.392000e+01    2.645204e+04    2.418682e+04
1.393000e+01    2.628332e+04    2.424722e+04
1.394000e+01    2.611642e+04    2.431136e+04
1.395000e+01    2.595142e+04    2.437918e+04
1.396000e+01    2.578860e+04    2.445004e+04
1.397000e+01    2.562804e+04    2.452460e+04
1.398000e+01    2.546968e+04    2.460268e+04
1.399000e+01    2.531340e+04    2.468404e+04
1.400000e+01    2.515861e+04    2.476812e+04
1.401000e+01    2.500626e+04    2.485551e+04
1.402000e+01    2.485666e+04    2.494639e+04
1.403000e+01    2.470877e+04    2.504106e+04
1.404000e+01    2.456265e+04    2.513923e+04
1.405000e+01    2.441929e+04    2.524058e+04
1.406000e+01    2.427867e+04    2.534523e+04
1.407000e+01    2.414107e+04    2.545426e+04
1.408000e+01    2.400684e+04    2.556662e+04
1.409000e+01    2.387580e+04    2.568173e+04
1.410000e+01    2.374813e+04    2.580602e+04
1.411000e+01    2.362419e+04    2.593602e+04
1.412000e+01    2.350355e+04    2.606844e+04
1.413000e+01    2.338629e+04    2.620319e+04
1.414000e+01    2.327313e+04    2.634070e+04
1.415000e+01    2.316377e+04    2.648063e+04
1.416000e+01    2.305794e+04    2.662258e+04
1.417000e+01    2.295571e+04    2.676646e+04
1.418000e+01    2.285770e+04    2.691199e+04
1.419000e+01    2.276365e+04    2.705921e+04
1.420000e+01    2.267371e+04    2.720822e+04
1.421000e+01    2.258754e+04    2.735872e+04
1.422000e+01    2.250493e+04    2.751002e+04
1.423000e+01    2.242616e+04    2.766262e+04
1.424000e+01    2.235124e+04    2.781641e+04
1.425000e+01    2.228020e+04    2.797138e+04
1.426000e+01    2.221295e+04    2.812752e+04
1.427000e+01    2.214963e+04    2.828451e+04
1.428000e+01    2.209026e+04    2.844224e+04
1.429000e+01    2.203471e+04    2.860090e+04
1.430000e+01    2.198302e+04    2.876032e+04
1.431000e+01    2.193558e+04    2.892017e+04
1.432000e+01    2.189235e+04    2.908033e+04
1.433000e+01    2.185313e+04    2.924109e+04
1.434000e+01    2.181788e+04    2.940201e+04
1.435000e+01    2.178721e+04    2.956352e+04
1.436000e+01    2.176675e+04    2.973133e+04
1.437000e+01    2.175075e+04    2.989909e+04
1.438000e+01    2.173882e+04    3.006645e+04
1.439000e+01    2.173079e+04    3.023331e+04
1.440000e+01    2.172657e+04    3.039963e+04
1.441000e+01    2.172602e+04    3.056534e+04
1.442000e+01    2.172930e+04    3.073026e+04
1.443000e+01    2.173681e+04    3.089414e+04
1.444000e+01    2.174793e+04    3.105748e+04
1.445000e+01    2.176257e+04    3.122016e+04
1.446000e+01    2.178089e+04    3.138160e+04
1.447000e+01    2.180284e+04    3.154171e+04
1.448000e+01    2.182899e+04    3.170129e+04
1.449000e+01    2.185930e+04    3.185951e+04
1.450000e+01    2.189309e+04    3.201609e+04
1.451000e+01    2.193030e+04    3.217095e+04
1.452000e+01    2.197215e+04    3.232452e+04
1.453000e+01    2.201744e+04    3.247648e+04
1.454000e+01    2.206607e+04    3.262635e+04
1.455000e+01    2.211828e+04    3.277389e+04
1.456000e+01    2.217445e+04    3.291890e+04
1.457000e+01    2.223365e+04    3.306165e+04
1.458000e+01    2.229581e+04    3.320206e+04
1.459000e+01    2.236099e+04    3.333988e+04
1.460000e+01    2.242947e+04    3.347463e+04
1.461000e+01    2.250566e+04    3.360694e+04
1.462000e+01    2.259003e+04    3.373693e+04
1.463000e+01    2.267695e+04    3.386400e+04
1.464000e+01    2.276634e+04    3.398807e+04
1.465000e+01    2.285812e+04    3.410931e+04
1.466000e+01    2.295237e+04    3.422740e+04
1.467000e+01    2.304884e+04    3.434245e+04
1.468000e+01    2.314737e+04    3.445451e+04
1.469000e+01    2.324790e+04    3.456350e+04
1.470000e+01    2.335035e+04    3.466937e+04
1.471000e+01    2.345492e+04    3.477240e+04
1.472000e+01    2.356146e+04    3.487195e+04
1.473000e+01    2.366964e+04    3.496819e+04
1.474000e+01    2.377934e+04    3.506114e+04
1.475000e+01    2.389130e+04    3.515079e+04
1.476000e+01    2.400465e+04    3.523709e+04
1.477000e+01    2.411921e+04    3.532001e+04
1.478000e+01    2.423507e+04    3.539906e+04
1.479000e+01    2.435275e+04    3.547403e+04
1.480000e+01    2.447132e+04    3.554554e+04
1.481000e+01    2.459067e+04    3.561360e+04
1.482000e+01    2.471075e+04    3.567798e+04
1.483000e+01    2.483160e+04    3.573790e+04
1.484000e+01    2.495299e+04    3.579399e+04
1.485000e+01    2.507473e+04    3.584659e+04
1.486000e+01    2.519662e+04    3.589548e+04
1.487000e+01    2.532531e+04    3.593480e+04
1.488000e+01    2.545537e+04    3.596961e+04
1.489000e+01    2.558539e+04    3.600077e+04
1.490000e+01    2.571505e+04    3.602813e+04
1.491000e+01    2.584415e+04    3.605196e+04
1.492000e+01    2.597290e+04    3.607237e+04
1.493000e+01    2.610121e+04    3.608939e+04
1.494000e+01    2.622889e+04    3.610308e+04
1.495000e+01    2.635579e+04    3.611320e+04
1.496000e+01    2.648190e+04    3.611985e+04
1.497000e+01    2.660717e+04    3.612321e+04
1.498000e+01    2.673156e+04    3.612334e+04
1.499000e+01    2.685513e+04    3.612047e+04
1.500000e+01    2.697772e+04    3.611460e+04
1.501000e+01    2.709897e+04    3.610531e+04
1.502000e+01    2.721901e+04    3.609267e+04
1.503000e+01    2.733772e+04    3.607690e+04
1.504000e+01    2.745497e+04    3.605817e+04
1.505000e+01    2.757066e+04    3.603654e+04
1.506000e+01    2.768460e+04    3.601168e+04
1.507000e+01    2.779657e+04    3.598354e+04
1.508000e+01    2.790670e+04    3.595264e+04
1.509000e+01    2.801497e+04    3.591907e+04
1.510000e+01    2.812093e+04    3.588280e+04
1.511000e+01    2.822475e+04    3.584397e+04
1.512000e+01    2.832683e+04    3.580038e+04
1.513000e+01    2.842784e+04    3.574611e+04
1.514000e+01    2.852645e+04    3.568974e+04
1.515000e+01    2.862276e+04    3.563118e+04
1.516000e+01    2.871673e+04    3.557045e+04
1.517000e+01    2.880831e+04    3.550763e+04
1.518000e+01    2.889757e+04    3.544290e+04
1.519000e+01    2.898417e+04    3.537610e+04
1.520000e+01    2.906822e+04    3.530747e+04
1.521000e+01    2.914969e+04    3.523707e+04
1.522000e+01    2.922886e+04    3.516474e+04
1.523000e+01    2.930544e+04    3.509076e+04
1.524000e+01    2.937913e+04    3.501517e+04
1.525000e+01    2.944991e+04    3.493808e+04
1.526000e+01    2.951793e+04    3.485913e+04
1.527000e+01    2.958316e+04    3.477883e+04
1.528000e+01    2.964555e+04    3.469738e+04
1.529000e+01    2.970510e+04    3.461485e+04
1.530000e+01    2.976115e+04    3.453095e+04
1.531000e+01    2.981411e+04    3.444608e+04
1.532000e+01    2.986418e+04    3.436041e+04
1.533000e+01    2.991132e+04    3.427403e+04
1.534000e+01    2.995527e+04    3.418709e+04
1.535000e+01    2.999623e+04    3.409962e+04
1.536000e+01    3.003391e+04    3.401166e+04
1.537000e+01    3.006860e+04    3.392335e+04
1.538000e+01    3.009713e+04    3.382993e+04
1.539000e+01    3.012051e+04    3.373301e+04
1.540000e+01    3.014097e+04    3.363600e+04
1.541000e+01    3.015849e+04    3.353900e+04
1.542000e+01    3.017293e+04    3.344189e+04
1.543000e+01    3.018452e+04    3.334490e+04
1.544000e+01    3.019323e+04    3.324817e+04
1.545000e+01    3.019910e+04    3.315179e+04
1.546000e+01    3.020236e+04    3.305553e+04
1.547000e+01    3.020279e+04    3.295966e+04
1.548000e+01    3.020017e+04    3.286445e+04
1.549000e+01    3.019480e+04    3.276993e+04
1.550000e+01    3.018634e+04    3.267587e+04
1.551000e+01    3.017501e+04    3.258250e+04
1.552000e+01    3.016104e+04    3.249004e+04
1.553000e+01    3.014432e+04    3.239862e+04
1.554000e+01    3.012447e+04    3.230836e+04
1.555000e+01    3.010186e+04    3.221924e+04
1.556000e+01    3.007678e+04    3.213132e+04
1.557000e+01    3.004926e+04    3.204467e+04
1.558000e+01    3.001918e+04    3.195948e+04
1.559000e+01    2.998641e+04    3.187593e+04
1.560000e+01    2.995127e+04    3.179391e+04
1.561000e+01    2.991390e+04    3.171341e+04
1.562000e+01    2.987436e+04    3.163457e+04
1.563000e+01    2.983271e+04    3.155745e+04
1.564000e+01    2.978028e+04    3.148000e+04
1.565000e+01    2.972538e+04    3.140440e+04
1.566000e+01    2.966848e+04    3.133057e+04
1.567000e+01    2.960966e+04    3.125847e+04
1.568000e+01    2.954904e+04    3.118825e+04
1.569000e+01    2.948668e+04    3.111997e+04
1.570000e+01    2.942255e+04    3.105362e+04
1.571000e+01    2.935630e+04    3.098941e+04
1.572000e+01    2.928851e+04    3.092726e+04
1.573000e+01    2.921926e+04    3.086720e+04
1.574000e+01    2.914855e+04    3.080928e+04
1.575000e+01    2.907610e+04    3.075359e+04
1.576000e+01    2.900236e+04    3.070013e+04
1.577000e+01    2.892730e+04    3.064911e+04
1.578000e+01    2.885114e+04    3.060032e+04
1.579000e+01    2.877360e+04    3.055401e+04
1.580000e+01    2.869509e+04    3.050998e+04
1.581000e+01    2.861567e+04    3.046823e+04
1.582000e+01    2.853539e+04    3.042888e+04
1.583000e+01    2.845411e+04    3.039223e+04
1.584000e+01    2.837213e+04    3.035793e+04
1.585000e+01    2.828953e+04    3.032596e+04
1.586000e+01    2.820639e+04    3.029632e+04
1.587000e+01    2.812263e+04    3.026910e+04
1.588000e+01    2.803838e+04    3.024442e+04
1.589000e+01    2.795134e+04    3.022373e+04
1.590000e+01    2.785947e+04    3.020823e+04
1.591000e+01    2.776722e+04    3.019519e+04
1.592000e+01    2.767467e+04    3.018458e+04
1.593000e+01    2.758240e+04    3.017620e+04
1.594000e+01    2.749011e+04    3.017028e+04
1.595000e+01    2.739782e+04    3.016691e+04
1.596000e+01    2.730552e+04    3.016614e+04
1.597000e+01    2.721344e+04    3.016761e+04
1.598000e+01    2.712164e+04    3.017129e+04
1.599000e+01    2.703020e+04    3.017728e+04
1.600000e+01    2.693927e+04    3.018617e+04
1.601000e+01    2.684882e+04    3.019722e+04
1.602000e+01    2.675890e+04    3.021040e+04
1.603000e+01    2.666956e+04    3.022565e+04
1.604000e+01    2.658119e+04    3.024334e+04
1.605000e+01    2.649352e+04    3.026308e+04
1.606000e+01    2.640670e+04    3.028504e+04
1.607000e+01    2.632068e+04    3.030895e+04
1.608000e+01    2.623577e+04    3.033482e+04
1.609000e+01    2.615184e+04    3.036257e+04
1.610000e+01    2.606887e+04    3.039216e+04
1.611000e+01    2.598693e+04    3.042362e+04
1.612000e+01    2.590617e+04    3.045693e+04
1.613000e+01    2.582653e+04    3.049191e+04
1.614000e+01    2.574803e+04    3.052855e+04
1.615000e+01    2.566974e+04    3.057196e+04
1.616000e+01    2.559224e+04    3.061892e+04
1.617000e+01    2.551596e+04    3.066751e+04
1.618000e+01    2.544106e+04    3.071769e+04
1.619000e+01    2.536748e+04    3.076929e+04
1.620000e+01    2.529523e+04    3.082230e+04
1.621000e+01    2.522421e+04    3.087690e+04
1.622000e+01    2.515459e+04    3.093277e+04
1.623000e+01    2.508651e+04    3.098997e+04
1.624000e+01    2.501995e+04    3.104838e+04
1.625000e+01    2.495491e+04    3.110828e+04
1.626000e+01    2.489138e+04    3.116932e+04
1.627000e+01    2.482937e+04    3.123138e+04
1.628000e+01    2.476890e+04    3.129441e+04
1.629000e+01    2.471032e+04    3.135865e+04
1.630000e+01    2.465348e+04    3.142390e+04
1.631000e+01    2.459820e+04    3.148995e+04
1.632000e+01    2.454451e+04    3.155675e+04
1.633000e+01    2.449252e+04    3.162429e+04
1.634000e+01    2.444241e+04    3.169255e+04
1.635000e+01    2.439411e+04    3.176147e+04
1.636000e+01    2.434741e+04    3.183094e+04
1.637000e+01    2.430234e+04    3.190089e+04
1.638000e+01    2.425911e+04    3.197123e+04
1.639000e+01    2.421753e+04    3.204191e+04
1.640000e+01    2.417819e+04    3.211329e+04
1.641000e+01    2.414423e+04    3.218920e+04
1.642000e+01    2.411194e+04    3.226535e+04
1.643000e+01    2.408127e+04    3.234168e+04
1.644000e+01    2.405218e+04    3.241814e+04
1.645000e+01    2.402466e+04    3.249471e+04
1.646000e+01    2.399883e+04    3.257135e+04
1.647000e+01    2.397477e+04    3.264805e+04
1.648000e+01    2.395223e+04    3.272470e+04
1.649000e+01    2.393120e+04    3.280126e+04
1.650000e+01    2.391170e+04    3.287768e+04
1.651000e+01    2.389400e+04    3.295392e+04
1.652000e+01    2.387787e+04    3.302992e+04
1.653000e+01    2.386323e+04    3.310564e+04
1.654000e+01    2.384999e+04    3.318104e+04
1.655000e+01    2.383838e+04    3.325585e+04
1.656000e+01    2.382820e+04    3.333020e+04
1.657000e+01    2.381935e+04    3.340414e+04
1.658000e+01    2.381194e+04    3.347758e+04
1.659000e+01    2.380580e+04    3.355031e+04
1.660000e+01    2.380086e+04    3.362226e+04
1.661000e+01    2.379712e+04    3.369365e+04
1.662000e+01    2.379457e+04    3.376445e+04
1.663000e+01    2.379315e+04    3.383464e+04
1.664000e+01    2.379257e+04    3.390399e+04
1.665000e+01    2.379308e+04    3.397267e+04
1.666000e+01    2.379722e+04    3.404034e+04
1.667000e+01    2.380518e+04    3.410695e+04
1.668000e+01    2.381395e+04    3.417312e+04
1.669000e+01    2.382360e+04    3.423861e+04
1.670000e+01    2.383428e+04    3.430324e+04
1.671000e+01    2.384584e+04    3.436707e+04
1.672000e+01    2.385836e+04    3.443023e+04
1.673000e+01    2.387191e+04    3.449283e+04
1.674000e+01    2.388625e+04    3.455458e+04
1.675000e+01    2.390136e+04    3.461544e+04
1.676000e+01    2.391724e+04    3.467534e+04
1.677000e+01    2.393427e+04    3.473426e+04
1.678000e+01    2.395196e+04    3.479228e+04
1.679000e+01    2.397025e+04    3.484939e+04
1.680000e+01    2.398911e+04    3.490559e+04
1.681000e+01    2.400860e+04    3.496049e+04
1.682000e+01    2.402866e+04    3.501416e+04
1.683000e+01    2.404918e+04    3.506691e+04
1.684000e+01    2.407011e+04    3.511872e+04
1.685000e+01    2.409135e+04    3.516958e+04
1.686000e+01    2.411259e+04    3.521939e+04
1.687000e+01    2.413427e+04    3.526806e+04
1.688000e+01    2.415625e+04    3.531577e+04
1.689000e+01    2.417847e+04    3.536255e+04
1.690000e+01    2.420080e+04    3.540865e+04
1.691000e+01    2.422327e+04    3.545391e+04
1.692000e+01    2.424757e+04    3.549410e+04
1.693000e+01    2.427230e+04    3.553258e+04
1.694000e+01    2.429720e+04    3.557024e+04
1.695000e+01    2.432239e+04    3.560724e+04
1.696000e+01    2.434760e+04    3.564337e+04
1.697000e+01    2.437281e+04    3.567864e+04
1.698000e+01    2.439799e+04    3.571305e+04
1.699000e+01    2.442336e+04    3.574638e+04
1.700000e+01    2.444867e+04    3.577884e+04
1.701000e+01    2.447386e+04    3.581049e+04
1.702000e+01    2.449891e+04    3.584135e+04
1.703000e+01    2.452380e+04    3.587132e+04
1.704000e+01    2.454851e+04    3.590034e+04
1.705000e+01    2.457298e+04    3.592854e+04
1.706000e+01    2.459721e+04    3.595602e+04
1.707000e+01    2.462119e+04    3.598280e+04
1.708000e+01    2.464444e+04    3.600892e+04
1.709000e+01    2.466735e+04    3.603438e+04
1.710000e+01    2.468992e+04    3.605915e+04
1.711000e+01    2.471214e+04    3.608326e+04
1.712000e+01    2.473401e+04    3.610710e+04
1.713000e+01    2.475551e+04    3.613079e+04
1.714000e+01    2.477664e+04    3.615391e+04
1.715000e+01    2.479735e+04    3.617650e+04
1.716000e+01    2.481760e+04    3.619850e+04
1.717000e+01    2.483741e+04    3.621922e+04
1.718000e+01    2.485407e+04    3.623585e+04
1.719000e+01    2.487029e+04    3.625204e+04
1.720000e+01    2.488604e+04    3.626780e+04
1.721000e+01    2.490163e+04    3.628292e+04
1.722000e+01    2.491708e+04    3.629733e+04
1.723000e+01    2.493203e+04    3.631138e+04
1.724000e+01    2.494648e+04    3.632510e+04
1.725000e+01    2.496043e+04    3.633851e+04
1.726000e+01    2.497378e+04    3.635098e+04
1.727000e+01    2.498661e+04    3.636313e+04
1.728000e+01    2.499886e+04    3.637502e+04
1.729000e+01    2.501060e+04    3.638669e+04
1.730000e+01    2.502161e+04    3.639819e+04
1.731000e+01    2.503179e+04    3.640956e+04
1.732000e+01    2.504144e+04    3.642076e+04
1.733000e+01    2.505062e+04    3.643168e+04
1.734000e+01    2.505929e+04    3.644235e+04
1.735000e+01    2.506762e+04    3.645348e+04
1.736000e+01    2.507546e+04    3.646464e+04
1.737000e+01    2.508279e+04    3.647575e+04
1.738000e+01    2.508962e+04    3.648684e+04
1.739000e+01    2.509624e+04    3.649795e+04
1.740000e+01    2.510301e+04    3.650912e+04
1.741000e+01    2.510929e+04    3.652032e+04
1.742000e+01    2.511509e+04    3.653159e+04
1.743000e+01    2.511612e+04    3.654291e+04
1.744000e+01    2.511438e+04    3.655361e+04
1.745000e+01    2.511231e+04    3.656419e+04
1.746000e+01    2.510976e+04    3.657492e+04
1.747000e+01    2.510677e+04    3.658579e+04
1.748000e+01    2.510327e+04    3.659666e+04
1.749000e+01    2.509900e+04    3.660700e+04
1.750000e+01    2.509433e+04    3.661754e+04
1.751000e+01    2.508922e+04    3.662830e+04
1.752000e+01    2.508372e+04    3.663930e+04
1.753000e+01    2.507752e+04    3.665061e+04
1.754000e+01    2.507073e+04    3.666224e+04
1.755000e+01    2.506359e+04    3.667413e+04
1.756000e+01    2.505612e+04    3.668630e+04
1.757000e+01    2.504830e+04    3.669878e+04
1.758000e+01    2.504058e+04    3.671194e+04
1.759000e+01    2.503257e+04    3.672540e+04
1.760000e+01    2.502428e+04    3.673918e+04
1.761000e+01    2.501573e+04    3.675328e+04
1.762000e+01    2.500722e+04    3.676751e+04
1.763000e+01    2.499891e+04    3.678177e+04
1.764000e+01    2.499038e+04    3.679638e+04
1.765000e+01    2.498164e+04    3.681135e+04
1.766000e+01    2.497272e+04    3.682668e+04
1.767000e+01    2.496358e+04    3.684150e+04
1.768000e+01    2.495425e+04    3.685643e+04
1.769000e+01    2.493911e+04    3.687770e+04
1.770000e+01    2.492375e+04    3.689945e+04
1.771000e+01    2.490817e+04    3.692151e+04
1.772000e+01    2.489175e+04    3.694344e+04
1.773000e+01    2.487525e+04    3.696576e+04
1.774000e+01    2.485867e+04    3.698849e+04
1.775000e+01    2.484204e+04    3.701164e+04
1.776000e+01    2.482508e+04    3.703521e+04
1.777000e+01    2.480780e+04    3.705921e+04
1.778000e+01    2.479051e+04    3.708360e+04
1.779000e+01    2.477323e+04    3.710838e+04
1.780000e+01    2.475596e+04    3.713330e+04
1.781000e+01    2.473829e+04    3.715892e+04
1.782000e+01    2.472057e+04    3.718501e+04
1.783000e+01    2.470291e+04    3.721149e+04
1.784000e+01    2.468533e+04    3.723833e+04
1.785000e+01    2.466798e+04    3.726558e+04
1.786000e+01    2.465152e+04    3.729335e+04
1.787000e+01    2.463518e+04    3.732148e+04
1.788000e+01    2.461896e+04    3.734998e+04
1.789000e+01    2.460289e+04    3.737884e+04
1.790000e+01    2.458683e+04    3.740750e+04
1.791000e+01    2.457078e+04    3.743589e+04
1.792000e+01    2.455493e+04    3.746466e+04
1.793000e+01    2.453926e+04    3.749376e+04
1.794000e+01    2.452375e+04    3.752655e+04
1.795000e+01    2.450764e+04    3.756567e+04
1.796000e+01    2.449152e+04    3.760512e+04
1.797000e+01    2.447563e+04    3.764488e+04
1.798000e+01    2.445999e+04    3.768496e+04
1.799000e+01    2.444460e+04    3.772530e+04
1.800000e+01    2.442941e+04    3.776562e+04
1.801000e+01    2.441447e+04    3.780620e+04
1.802000e+01    2.439979e+04    3.784703e+04
1.803000e+01    2.438540e+04    3.788812e+04
1.804000e+01    2.437252e+04    3.793061e+04
1.805000e+01    2.436229e+04    3.797555e+04
1.806000e+01    2.435235e+04    3.802071e+04
1.807000e+01    2.434271e+04    3.806608e+04
1.808000e+01    2.433336e+04    3.811165e+04
1.809000e+01    2.431783e+04    3.815132e+04
1.810000e+01    2.429840e+04    3.818726e+04
1.811000e+01    2.427930e+04    3.822336e+04
1.812000e+01    2.426051e+04    3.825961e+04
1.813000e+01    2.424203e+04    3.829600e+04
1.814000e+01    2.422601e+04    3.834699e+04
1.815000e+01    2.421069e+04    3.840043e+04
1.816000e+01    2.419572e+04    3.845399e+04
1.817000e+01    2.418108e+04    3.850766e+04
1.818000e+01    2.416849e+04    3.856045e+04
1.819000e+01    2.417096e+04    3.860496e+04
1.820000e+01    2.417846e+04    3.865512e+04
1.821000e+01    2.418803e+04    3.870735e+04
1.822000e+01    2.419794e+04    3.875963e+04
1.823000e+01    2.420474e+04    3.880734e+04
1.824000e+01    2.420503e+04    3.884591e+04
1.825000e+01    2.420565e+04    3.888450e+04
1.826000e+01    2.420663e+04    3.892311e+04
1.827000e+01    2.420782e+04    3.896135e+04
1.828000e+01    2.420287e+04    3.900764e+04
1.829000e+01    2.419301e+04    3.906050e+04
1.830000e+01    2.418348e+04    3.911334e+04
1.831000e+01    2.417428e+04    3.916615e+04
1.832000e+01    2.416542e+04    3.921891e+04
1.833000e+01    2.415516e+04    3.927569e+04
1.834000e+01    2.414464e+04    3.933372e+04
1.835000e+01    2.413443e+04    3.939166e+04
1.836000e+01    2.412454e+04    3.944953e+04
1.837000e+01    2.411497e+04    3.950732e+04
1.838000e+01    2.412504e+04    3.956857e+04
1.839000e+01    2.413650e+04    3.962990e+04
1.840000e+01    2.414826e+04    3.969113e+04
1.841000e+01    2.416031e+04    3.975223e+04
1.842000e+01    2.417259e+04    3.981234e+04
1.843000e+01    2.418470e+04    3.986630e+04
1.844000e+01    2.419712e+04    3.992011e+04
1.845000e+01    2.421092e+04    3.997397e+04
1.846000e+01    2.423353e+04    4.002924e+04
1.847000e+01    2.425633e+04    4.008003e+04
1.848000e+01    2.427922e+04    4.012031e+04
1.849000e+01    2.430236e+04    4.016041e+04
1.850000e+01    2.432577e+04    4.020032e+04
1.851000e+01    2.434941e+04    4.024003e+04
1.852000e+01    2.436837e+04    4.028152e+04
1.853000e+01    2.438148e+04    4.032523e+04
1.854000e+01    2.439481e+04    4.036874e+04
1.855000e+01    2.440835e+04    4.041204e+04
1.856000e+01    2.442210e+04    4.045509e+04
1.857000e+01    2.443300e+04    4.049631e+04
1.858000e+01    2.444197e+04    4.053620e+04
1.859000e+01    2.445112e+04    4.057586e+04
1.860000e+01    2.446043e+04    4.061530e+04
1.861000e+01    2.446992e+04    4.065450e+04
1.862000e+01    2.447447e+04    4.070632e+04
1.863000e+01    2.447716e+04    4.076297e+04
1.864000e+01    2.447999e+04    4.081938e+04
1.865000e+01    2.448295e+04    4.087554e+04
1.866000e+01    2.448604e+04    4.093146e+04
1.867000e+01    2.450092e+04    4.098738e+04
1.868000e+01    2.451825e+04    4.104308e+04
1.869000e+01    2.453567e+04    4.109853e+04
1.870000e+01    2.455319e+04    4.115373e+04
1.871000e+01    2.457468e+04    4.120655e+04
1.872000e+01    2.460063e+04    4.125700e+04
1.873000e+01    2.462663e+04    4.130715e+04
1.874000e+01    2.465236e+04    4.135676e+04
1.875000e+01    2.467813e+04    4.140612e+04
1.876000e+01    2.470422e+04    4.145520e+04
1.877000e+01    2.474025e+04    4.150283e+04
1.878000e+01    2.477631e+04    4.155021e+04
1.879000e+01    2.481237e+04    4.159731e+04
1.880000e+01    2.484843e+04    4.164414e+04
1.881000e+01    2.488422e+04    4.168970e+04
1.882000e+01    2.491775e+04    4.172617e+04
1.883000e+01    2.495126e+04    4.176240e+04
1.884000e+01    2.498475e+04    4.179839e+04
1.885000e+01    2.501819e+04    4.183411e+04
1.886000e+01    2.505133e+04    4.186944e+04
1.887000e+01    2.508313e+04    4.190376e+04
1.888000e+01    2.511487e+04    4.193785e+04
1.889000e+01    2.514655e+04    4.197171e+04
1.890000e+01    2.517814e+04    4.200534e+04
1.891000e+01    2.520897e+04    4.203716e+04
1.892000e+01    2.523732e+04    4.206322e+04
1.893000e+01    2.526557e+04    4.208908e+04
1.894000e+01    2.529372e+04    4.211472e+04
1.895000e+01    2.532176e+04    4.214017e+04
1.896000e+01    2.534693e+04    4.216654e+04
1.897000e+01    2.536663e+04    4.218974e+04
1.898000e+01    2.538659e+04    4.221181e+04
1.899000e+01    2.540642e+04    4.223369e+04
1.900000e+01    2.542610e+04    4.225540e+04
1.901000e+01    2.544618e+04    4.227829e+04
1.902000e+01    2.546744e+04    4.230437e+04
1.903000e+01    2.548854e+04    4.233030e+04
1.904000e+01    2.550947e+04    4.235607e+04
1.905000e+01    2.553023e+04    4.238170e+04
1.906000e+01    2.555013e+04    4.240718e+04
1.907000e+01    2.556825e+04    4.243250e+04
1.908000e+01    2.558616e+04    4.245768e+04
1.909000e+01    2.560387e+04    4.248274e+04
1.910000e+01    2.562139e+04    4.250770e+04
1.911000e+01    2.563779e+04    4.253511e+04
1.912000e+01    2.565179e+04    4.256849e+04
1.913000e+01    2.566557e+04    4.260177e+04
1.914000e+01    2.567912e+04    4.263497e+04
1.915000e+01    2.569245e+04    4.266811e+04
1.916000e+01    2.570854e+04    4.270238e+04
1.917000e+01    2.573197e+04    4.273961e+04
1.918000e+01    2.575518e+04    4.277680e+04
1.919000e+01    2.577816e+04    4.281397e+04
1.920000e+01    2.580080e+04    4.285109e+04
1.921000e+01    2.582345e+04    4.288684e+04
1.922000e+01    2.584727e+04    4.291756e+04
1.923000e+01    2.586953e+04    4.294398e+04
1.924000e+01    2.589157e+04    4.297042e+04
1.925000e+01    2.591335e+04    4.299687e+04
1.926000e+01    2.593489e+04    4.302349e+04
1.927000e+01    2.595627e+04    4.305067e+04
1.928000e+01    2.597741e+04    4.307791e+04
1.929000e+01    2.599833e+04    4.310521e+04
1.930000e+01    2.601902e+04    4.313258e+04
1.931000e+01    2.604034e+04    4.315995e+04
1.932000e+01    2.606601e+04    4.318693e+04
1.933000e+01    2.609145e+04    4.321402e+04
1.934000e+01    2.611666e+04    4.324122e+04
1.935000e+01    2.614167e+04    4.326854e+04
1.936000e+01    2.616653e+04    4.329535e+04
1.937000e+01    2.619196e+04    4.331613e+04
1.938000e+01    2.621716e+04    4.333706e+04
1.939000e+01    2.624217e+04    4.335816e+04
1.940000e+01    2.626697e+04    4.337943e+04
1.941000e+01    2.629152e+04    4.340083e+04
1.942000e+01    2.631214e+04    4.341903e+04
1.943000e+01    2.633255e+04    4.343745e+04
1.944000e+01    2.635278e+04    4.345609e+04
1.945000e+01    2.637283e+04    4.347494e+04
1.946000e+01    2.639271e+04    4.349402e+04
1.947000e+01    2.641082e+04    4.351381e+04
1.948000e+01    2.642658e+04    4.353257e+04
1.949000e+01    2.644092e+04    4.355082e+04
1.950000e+01    2.645512e+04    4.356933e+04
1.951000e+01    2.646918e+04    4.358810e+04
1.952000e+01    2.648241e+04    4.360448e+04
1.953000e+01    2.649536e+04    4.362053e+04
1.954000e+01    2.650820e+04    4.363688e+04
1.955000e+01    2.652093e+04    4.365355e+04
1.956000e+01    2.653357e+04    4.367053e+04
1.957000e+01    2.654149e+04    4.368824e+04
1.958000e+01    2.654729e+04    4.370646e+04
1.959000e+01    2.655303e+04    4.372499e+04
1.960000e+01    2.655872e+04    4.374387e+04
1.961000e+01    2.656438e+04    4.376310e+04
1.962000e+01    2.656952e+04    4.378473e+04
1.963000e+01    2.657426e+04    4.380832e+04
1.964000e+01    2.657901e+04    4.383225e+04
1.965000e+01    2.658375e+04    4.385653e+04
1.966000e+01    2.658852e+04    4.388119e+04
1.967000e+01    2.659306e+04    4.390730e+04
1.968000e+01    2.659724e+04    4.393529e+04
1.969000e+01    2.660146e+04    4.396362e+04
1.970000e+01    2.660574e+04    4.399232e+04
1.971000e+01    2.661011e+04    4.402137e+04
1.972000e+01    2.661421e+04    4.405098e+04
1.973000e+01    2.661734e+04    4.408141e+04
1.974000e+01    2.661880e+04    4.411250e+04
1.975000e+01    2.662038e+04    4.414395e+04
1.976000e+01    2.662210e+04    4.417576e+04
1.977000e+01    2.662398e+04    4.420833e+04
1.978000e+01    2.662593e+04    4.424575e+04
1.979000e+01    2.662807e+04    4.428353e+04
1.980000e+01    2.663041e+04    4.432167e+04
1.981000e+01    2.663296e+04    4.436016e+04
1.982000e+01    2.663572e+04    4.439900e+04
1.983000e+01    2.664290e+04    4.444020e+04
1.984000e+01    2.665086e+04    4.448203e+04
1.985000e+01    2.665908e+04    4.452419e+04
1.986000e+01    2.666757e+04    4.456668e+04
1.987000e+01    2.667635e+04    4.460950e+04
1.988000e+01    2.668616e+04    4.465103e+04
1.989000e+01    2.669661e+04    4.469216e+04
1.990000e+01    2.670741e+04    4.473362e+04
1.991000e+01    2.671853e+04    4.477536e+04
1.992000e+01    2.672999e+04    4.481739e+04
1.993000e+01    2.674190e+04    4.486073e+04
1.994000e+01    2.675430e+04    4.490546e+04
1.995000e+01    2.676709e+04    4.495047e+04
1.996000e+01    2.678030e+04    4.499575e+04
1.997000e+01    2.679391e+04    4.504128e+04
1.998000e+01    2.680861e+04    4.508739e+04
1.999000e+01    2.682583e+04    4.513471e+04
2.000000e+01    2.684359e+04    4.518213e+04
2.001000e+01    2.686182e+04    4.522977e+04
2.002000e+01    2.688051e+04    4.527760e+04
2.003000e+01    2.689970e+04    4.532562e+04
2.004000e+01    2.692708e+04    4.537645e+04
2.005000e+01    2.695492e+04    4.542743e+04
2.006000e+01    2.698324e+04    4.547854e+04
2.007000e+01    2.701210e+04    4.552979e+04
2.008000e+01    2.704145e+04    4.558115e+04
2.009000e+01    2.706428e+04    4.562169e+04
2.010000e+01    2.708524e+04    4.565865e+04
2.011000e+01    2.710670e+04    4.569567e+04
2.012000e+01    2.712868e+04    4.573274e+04
2.013000e+01    2.715122e+04    4.576983e+04
2.014000e+01    2.718309e+04    4.581073e+04
2.015000e+01    2.722515e+04    4.585571e+04
2.016000e+01    2.726773e+04    4.590067e+04
2.017000e+01    2.731083e+04    4.594560e+04
2.018000e+01    2.735448e+04    4.599049e+04
2.019000e+01    2.739367e+04    4.603245e+04
2.020000e+01    2.741270e+04    4.606259e+04
2.021000e+01    2.743225e+04    4.609263e+04
2.022000e+01    2.745231e+04    4.612255e+04
2.023000e+01    2.747289e+04    4.615235e+04
2.024000e+01    2.749401e+04    4.618198e+04
2.025000e+01    2.752923e+04    4.623083e+04
2.026000e+01    2.756646e+04    4.628134e+04
2.027000e+01    2.760420e+04    4.633166e+04
2.028000e+01    2.764243e+04    4.638177e+04
2.029000e+01    2.768115e+04    4.643165e+04
2.030000e+01    2.772679e+04    4.646319e+04
2.031000e+01    2.777744e+04    4.648170e+04
2.032000e+01    2.782856e+04    4.649993e+04
2.033000e+01    2.788014e+04    4.651787e+04
2.034000e+01    2.793217e+04    4.653550e+04
2.035000e+01    2.797593e+04    4.655368e+04
2.036000e+01    2.799549e+04    4.657393e+04
2.037000e+01    2.801548e+04    4.659383e+04
2.038000e+01    2.803588e+04    4.661336e+04
2.039000e+01    2.805666e+04    4.663251e+04
2.040000e+01    2.807783e+04    4.665128e+04
2.041000e+01    2.809442e+04    4.669371e+04
2.042000e+01    2.811099e+04    4.673772e+04
2.043000e+01    2.812789e+04    4.678131e+04
2.044000e+01    2.814511e+04    4.682446e+04
2.045000e+01    2.816264e+04    4.686717e+04
2.046000e+01    2.816078e+04    4.696368e+04
2.047000e+01    2.814423e+04    4.710097e+04
2.048000e+01    2.812796e+04    4.723772e+04
2.049000e+01    2.811193e+04    4.737400e+04
2.050000e+01    2.809573e+04    4.750943e+04
2.051000e+01    2.808825e+04    4.762095e+04
2.052000e+01    2.812552e+04    4.764836e+04
2.053000e+01    2.816298e+04    4.767523e+04
2.054000e+01    2.820059e+04    4.770155e+04
2.055000e+01    2.823833e+04    4.772735e+04
2.056000e+01    2.827619e+04    4.775264e+04
2.057000e+01    2.831413e+04    4.777740e+04
2.058000e+01    2.835214e+04    4.780163e+04
2.059000e+01    2.839020e+04    4.782529e+04
2.060000e+01    2.842830e+04    4.784840e+04
2.061000e+01    2.846616e+04    4.787118e+04
2.062000e+01    2.850395e+04    4.789350e+04
2.063000e+01    2.854172e+04    4.791529e+04
2.064000e+01    2.857943e+04    4.793656e+04
2.065000e+01    2.861707e+04    4.795727e+04
2.066000e+01    2.865461e+04    4.797746e+04
2.067000e+01    2.869204e+04    4.799714e+04
2.068000e+01    2.872933e+04    4.801633e+04
2.069000e+01    2.876648e+04    4.803503e+04
2.070000e+01    2.880344e+04    4.805324e+04
2.071000e+01    2.884019e+04    4.807092e+04
2.072000e+01    2.887673e+04    4.808813e+04
2.073000e+01    2.891303e+04    4.810489e+04
2.074000e+01    2.894909e+04    4.812121e+04
2.075000e+01    2.898488e+04    4.813710e+04
2.076000e+01    2.901736e+04    4.815263e+04
2.077000e+01    2.904650e+04    4.816777e+04
2.078000e+01    2.907532e+04    4.818252e+04
2.079000e+01    2.910381e+04    4.819691e+04
2.080000e+01    2.913194e+04    4.821094e+04
2.081000e+01    2.915970e+04    4.822463e+04
2.082000e+01    2.918707e+04    4.823798e+04
2.083000e+01    2.921400e+04    4.825101e+04
2.084000e+01    2.924052e+04    4.826375e+04
2.085000e+01    2.926661e+04    4.827624e+04
2.086000e+01    2.929227e+04    4.828848e+04
2.087000e+01    2.931748e+04    4.830050e+04
2.088000e+01    2.934220e+04    4.831231e+04
2.089000e+01    2.936643e+04    4.832393e+04
2.090000e+01    2.939017e+04    4.833540e+04
2.091000e+01    2.941343e+04    4.834674e+04
2.092000e+01    2.943620e+04    4.835798e+04
2.093000e+01    2.945846e+04    4.836913e+04
2.094000e+01    2.948018e+04    4.838021e+04
2.095000e+01    2.950137e+04    4.839127e+04
2.096000e+01    2.952204e+04    4.840232e+04
2.097000e+01    2.954220e+04    4.841339e+04
2.098000e+01    2.956184e+04    4.842451e+04
2.099000e+01    2.958096e+04    4.843569e+04
2.100000e+01    2.959950e+04    4.844699e+04
2.101000e+01    2.961752e+04    4.845842e+04
2.102000e+01    2.962999e+04    4.847461e+04
2.103000e+01    2.964125e+04    4.849162e+04
2.104000e+01    2.965201e+04    4.850883e+04
2.105000e+01    2.966227e+04    4.852627e+04
2.106000e+01    2.967197e+04    4.854401e+04
2.107000e+01    2.968119e+04    4.856204e+04
2.108000e+01    2.968971e+04    4.858066e+04
2.109000e+01    2.969776e+04    4.859966e+04
2.110000e+01    2.970534e+04    4.861903e+04
2.111000e+01    2.971248e+04    4.863880e+04
2.112000e+01    2.971915e+04    4.865905e+04
2.113000e+01    2.972541e+04    4.867974e+04
2.114000e+01    2.973128e+04    4.870091e+04
2.115000e+01    2.973678e+04    4.872257e+04
2.116000e+01    2.974191e+04    4.874476e+04
2.117000e+01    2.974668e+04    4.876752e+04
2.118000e+01    2.975110e+04    4.879089e+04
2.119000e+01    2.975524e+04    4.881486e+04
2.120000e+01    2.975909e+04    4.883944e+04
2.121000e+01    2.976270e+04    4.886467e+04
2.122000e+01    2.976609e+04    4.889055e+04
2.123000e+01    2.976926e+04    4.891716e+04
2.124000e+01    2.977225e+04    4.894452e+04
2.125000e+01    2.977510e+04    4.897259e+04
2.126000e+01    2.977783e+04    4.900139e+04
2.127000e+01    2.978016e+04    4.903326e+04
2.128000e+01    2.978151e+04    4.907263e+04
2.129000e+01    2.978281e+04    4.911284e+04
2.130000e+01    2.978413e+04    4.915387e+04
2.131000e+01    2.978550e+04    4.919571e+04
2.132000e+01    2.978693e+04    4.923837e+04
2.133000e+01    2.978848e+04    4.928186e+04
2.134000e+01    2.979018e+04    4.932619e+04
2.135000e+01    2.979207e+04    4.937147e+04
2.136000e+01    2.979419e+04    4.941760e+04
2.137000e+01    2.979656e+04    4.946459e+04
2.138000e+01    2.979923e+04    4.951245e+04
2.139000e+01    2.980223e+04    4.956116e+04
2.140000e+01    2.980559e+04    4.961076e+04
2.141000e+01    2.980941e+04    4.966130e+04
2.142000e+01    2.981367e+04    4.971271e+04
2.143000e+01    2.981841e+04    4.976498e+04
2.144000e+01    2.982369e+04    4.981810e+04
2.145000e+01    2.982952e+04    4.987207e+04
2.146000e+01    2.983599e+04    4.992691e+04
2.147000e+01    2.984315e+04    4.998266e+04
2.148000e+01    2.985100e+04    5.003923e+04
2.149000e+01    2.985958e+04    5.009661e+04
2.150000e+01    2.986892e+04    5.015478e+04
2.151000e+01    2.987907e+04    5.021373e+04
2.152000e+01    2.989010e+04    5.027349e+04
2.153000e+01    2.990516e+04    5.033937e+04
2.154000e+01    2.992293e+04    5.040911e+04
2.155000e+01    2.994152e+04    5.047990e+04
2.156000e+01    2.996110e+04    5.055137e+04
2.157000e+01    2.998171e+04    5.062350e+04
2.158000e+01    3.000349e+04    5.069631e+04
2.159000e+01    3.002642e+04    5.076975e+04
2.160000e+01    3.005050e+04    5.084375e+04
2.161000e+01    3.007575e+04    5.091830e+04
2.162000e+01    3.010221e+04    5.099335e+04
2.163000e+01    3.012991e+04    5.106888e+04
2.164000e+01    3.015902e+04    5.114490e+04
2.165000e+01    3.018947e+04    5.122132e+04
2.166000e+01    3.022126e+04    5.129811e+04
2.167000e+01    3.025440e+04    5.137522e+04
2.168000e+01    3.028894e+04    5.145262e+04
2.169000e+01    3.032491e+04    5.153027e+04
2.170000e+01    3.036250e+04    5.160814e+04
2.171000e+01    3.040155e+04    5.168617e+04
2.172000e+01    3.044210e+04    5.176431e+04
2.173000e+01    3.048415e+04    5.184251e+04
2.174000e+01    3.052774e+04    5.192073e+04
2.175000e+01    3.057293e+04    5.199891e+04
2.176000e+01    3.061983e+04    5.207701e+04
2.177000e+01    3.066829e+04    5.215495e+04
2.178000e+01    3.071842e+04    5.223274e+04
2.179000e+01    3.077864e+04    5.231402e+04
2.180000e+01    3.084047e+04    5.239501e+04
2.181000e+01    3.090402e+04    5.247564e+04
2.182000e+01    3.096932e+04    5.255585e+04
2.183000e+01    3.103625e+04    5.263560e+04
2.184000e+01    3.110482e+04    5.271484e+04
2.185000e+01    3.117503e+04    5.279352e+04
2.186000e+01    3.124687e+04    5.287159e+04
2.187000e+01    3.132048e+04    5.294892e+04
2.188000e+01    3.139580e+04    5.302549e+04
2.189000e+01    3.147274e+04    5.310126e+04
2.190000e+01    3.155130e+04    5.317618e+04
2.191000e+01    3.163145e+04    5.325020e+04
2.192000e+01    3.171320e+04    5.332326e+04
2.193000e+01    3.179669e+04    5.339520e+04
2.194000e+01    3.188177e+04    5.346603e+04
2.195000e+01    3.196839e+04    5.353572e+04
2.196000e+01    3.205653e+04    5.360422e+04
2.197000e+01    3.214616e+04    5.367148e+04
2.198000e+01    3.223726e+04    5.373744e+04
2.199000e+01    3.232999e+04    5.380187e+04
2.200000e+01    3.242413e+04    5.386488e+04
2.201000e+01    3.251964e+04    5.392654e+04
2.202000e+01    3.261649e+04    5.398697e+04
2.203000e+01    3.271466e+04    5.404584e+04
2.204000e+01    3.281702e+04    5.410254e+04
2.205000e+01    3.292538e+04    5.415657e+04
2.206000e+01    3.303493e+04    5.420887e+04
2.207000e+01    3.314563e+04    5.425939e+04
2.208000e+01    3.325743e+04    5.430810e+04
2.209000e+01    3.337030e+04    5.435494e+04
2.210000e+01    3.348423e+04    5.439978e+04
2.211000e+01    3.359921e+04    5.444251e+04
2.212000e+01    3.371509e+04    5.448323e+04
2.213000e+01    3.383182e+04    5.452191e+04
2.214000e+01    3.394934e+04    5.455851e+04
2.215000e+01    3.406762e+04    5.459300e+04
2.216000e+01    3.418662e+04    5.462519e+04
2.217000e+01    3.430629e+04    5.465507e+04
2.218000e+01    3.442653e+04    5.468273e+04
2.219000e+01    3.454726e+04    5.470815e+04
2.220000e+01    3.466843e+04    5.473129e+04
2.221000e+01    3.478999e+04    5.475214e+04
2.222000e+01    3.491187e+04    5.477045e+04
2.223000e+01    3.503401e+04    5.478632e+04
2.224000e+01    3.515631e+04    5.479984e+04
2.225000e+01    3.527871e+04    5.481097e+04
2.226000e+01    3.540113e+04    5.481969e+04
2.227000e+01    3.552352e+04    5.482600e+04
2.228000e+01    3.564579e+04    5.482960e+04
2.229000e+01    3.576786e+04    5.483075e+04
2.230000e+01    3.589250e+04    5.482733e+04
2.231000e+01    3.601768e+04    5.482081e+04
2.232000e+01    3.614246e+04    5.481185e+04
2.233000e+01    3.626675e+04    5.480042e+04
2.234000e+01    3.639043e+04    5.478627e+04
2.235000e+01    3.651348e+04    5.476969e+04
2.236000e+01    3.663582e+04    5.475068e+04
2.237000e+01    3.675738e+04    5.472927e+04
2.238000e+01    3.687808e+04    5.470545e+04
2.239000e+01    3.699783e+04    5.467916e+04
2.240000e+01    3.711647e+04    5.465029e+04
2.241000e+01    3.723403e+04    5.461907e+04
2.242000e+01    3.735044e+04    5.458554e+04
2.243000e+01    3.746563e+04    5.454972e+04
2.244000e+01    3.757952e+04    5.451164e+04
2.245000e+01    3.769197e+04    5.447119e+04
2.246000e+01    3.780288e+04    5.442839e+04
2.247000e+01    3.791228e+04    5.438344e+04
2.248000e+01    3.802018e+04    5.433656e+04
2.249000e+01    3.812652e+04    5.428779e+04
2.250000e+01    3.823115e+04    5.423699e+04
2.251000e+01    3.833385e+04    5.418402e+04
2.252000e+01    3.843462e+04    5.412901e+04
2.253000e+01    3.853348e+04    5.407212e+04
2.254000e+01    3.863037e+04    5.401339e+04
2.255000e+01    3.872547e+04    5.395286e+04
2.256000e+01    3.881999e+04    5.389055e+04
2.257000e+01    3.891214e+04    5.382639e+04
2.258000e+01    3.900204e+04    5.376059e+04
2.259000e+01    3.908968e+04    5.369325e+04
2.260000e+01    3.917503e+04    5.362443e+04
2.261000e+01    3.925803e+04    5.355420e+04
2.262000e+01    3.933863e+04    5.348261e+04
2.263000e+01    3.941648e+04    5.340958e+04
2.264000e+01    3.949184e+04    5.333535e+04
2.265000e+01    3.956467e+04    5.325999e+04
2.266000e+01    3.963494e+04    5.318357e+04
2.267000e+01    3.970262e+04    5.310618e+04
2.268000e+01    3.976760e+04    5.302785e+04
2.269000e+01    3.982966e+04    5.294863e+04
2.270000e+01    3.988902e+04    5.286867e+04
2.271000e+01    3.994567e+04    5.278805e+04
2.272000e+01    3.999959e+04    5.270685e+04
2.273000e+01    4.005075e+04    5.262516e+04
2.274000e+01    4.009901e+04    5.254303e+04
2.275000e+01    4.014426e+04    5.246056e+04
2.276000e+01    4.018671e+04    5.237784e+04
2.277000e+01    4.022634e+04    5.229497e+04
2.278000e+01    4.026317e+04    5.221203e+04
2.279000e+01    4.029718e+04    5.212911e+04
2.280000e+01    4.032817e+04    5.204630e+04
2.281000e+01    4.035867e+04    5.196520e+04
2.282000e+01    4.038867e+04    5.188581e+04
2.283000e+01    4.041588e+04    5.180679e+04
2.284000e+01    4.044030e+04    5.172822e+04
2.285000e+01    4.046195e+04    5.165019e+04
2.286000e+01    4.048058e+04    5.157284e+04
2.287000e+01    4.049640e+04    5.149624e+04
2.288000e+01    4.050951e+04    5.142044e+04
2.289000e+01    4.051992e+04    5.134552e+04
2.290000e+01    4.052768e+04    5.127156e+04
2.291000e+01    4.053282e+04    5.119865e+04
2.292000e+01    4.053505e+04    5.112701e+04
2.293000e+01    4.053472e+04    5.105659e+04
2.294000e+01    4.053188e+04    5.098747e+04
2.295000e+01    4.052679e+04    5.091991e+04
2.296000e+01    4.051937e+04    5.085387e+04
2.297000e+01    4.050953e+04    5.078938e+04
2.298000e+01    4.049711e+04    5.072667e+04
2.299000e+01    4.048243e+04    5.066563e+04
2.300000e+01    4.046554e+04    5.060634e+04
2.301000e+01    4.044649e+04    5.054886e+04
2.302000e+01    4.042534e+04    5.049325e+04
2.303000e+01    4.040208e+04    5.043965e+04
2.304000e+01    4.037669e+04    5.038824e+04
2.305000e+01    4.034940e+04    5.033890e+04
2.306000e+01    4.032029e+04    5.029169e+04
2.307000e+01    4.029921e+04    5.024735e+04
2.308000e+01    4.027764e+04    5.020532e+04
2.309000e+01    4.025435e+04    5.016573e+04
2.310000e+01    4.022944e+04    5.012862e+04
2.311000e+01    4.020308e+04    5.009389e+04
2.312000e+01    4.017536e+04    5.006159e+04
2.313000e+01    4.014634e+04    5.003176e+04
2.314000e+01    4.011612e+04    5.000442e+04
2.315000e+01    4.008468e+04    4.997984e+04
2.316000e+01    4.005217e+04    4.995794e+04
2.317000e+01    4.001871e+04    4.993864e+04
2.318000e+01    3.998440e+04    4.992196e+04
2.319000e+01    3.994932e+04    4.990794e+04
2.320000e+01    3.991356e+04    4.989658e+04
2.321000e+01    3.987714e+04    4.988821e+04
2.322000e+01    3.984023e+04    4.988258e+04
2.323000e+01    3.980291e+04    4.987966e+04
2.324000e+01    3.976528e+04    4.987947e+04
2.325000e+01    3.972743e+04    4.988200e+04
2.326000e+01    3.968945e+04    4.988727e+04
2.327000e+01    3.965143e+04    4.989560e+04
2.328000e+01    3.961346e+04    4.990665e+04
2.329000e+01    3.957566e+04    4.992040e+04
2.330000e+01    3.953810e+04    4.993686e+04
2.331000e+01    3.950086e+04    4.995600e+04
2.332000e+01    3.946781e+04    4.997571e+04
2.333000e+01    3.944553e+04    4.999239e+04
2.334000e+01    3.942387e+04    5.001169e+04
2.335000e+01    3.940290e+04    5.003359e+04
2.336000e+01    3.938272e+04    5.005806e+04
2.337000e+01    3.936340e+04    5.008507e+04
2.338000e+01    3.934510e+04    5.011470e+04
2.339000e+01    3.932792e+04    5.014698e+04
2.340000e+01    3.931187e+04    5.018168e+04
2.341000e+01    3.929702e+04    5.021873e+04
2.342000e+01    3.928373e+04    5.025819e+04
2.343000e+01    3.927186e+04    5.029994e+04
2.344000e+01    3.926155e+04    5.034409e+04
2.345000e+01    3.925284e+04    5.039051e+04
2.346000e+01    3.924574e+04    5.043903e+04
2.347000e+01    3.924029e+04    5.048960e+04
2.348000e+01    3.923658e+04    5.054215e+04
2.349000e+01    3.923467e+04    5.059662e+04
2.350000e+01    3.923481e+04    5.065313e+04
2.351000e+01    3.923693e+04    5.071146e+04
2.352000e+01    3.924105e+04    5.077150e+04
2.353000e+01    3.924721e+04    5.083316e+04
2.354000e+01    3.925545e+04    5.089637e+04
2.355000e+01    3.926583e+04    5.096105e+04
2.356000e+01    3.927869e+04    5.102731e+04
2.357000e+01    3.929381e+04    5.109488e+04
2.358000e+01    3.931622e+04    5.115156e+04
2.359000e+01    3.934371e+04    5.120272e+04
2.360000e+01    3.937356e+04    5.125493e+04
2.361000e+01    3.940587e+04    5.130815e+04
2.362000e+01    3.944086e+04    5.136234e+04
2.363000e+01    3.947832e+04    5.141732e+04
2.364000e+01    3.951827e+04    5.147300e+04
2.365000e+01    3.956072e+04    5.152930e+04
2.366000e+01    3.960570e+04    5.158611e+04
2.367000e+01    3.965333e+04    5.164338e+04
2.368000e+01    3.970373e+04    5.170100e+04
2.369000e+01    3.975669e+04    5.175886e+04
2.370000e+01    3.981222e+04    5.181686e+04
2.371000e+01    3.987031e+04    5.187491e+04
2.372000e+01    3.993098e+04    5.193292e+04
2.373000e+01    3.999438e+04    5.199079e+04
2.374000e+01    4.006049e+04    5.204841e+04
2.375000e+01    4.012915e+04    5.210570e+04
2.376000e+01    4.020034e+04    5.216257e+04
2.377000e+01    4.027404e+04    5.221893e+04
2.378000e+01    4.035023e+04    5.227469e+04
2.379000e+01    4.042912e+04    5.232970e+04
2.380000e+01    4.051052e+04    5.238388e+04
2.381000e+01    4.059432e+04    5.243717e+04
2.382000e+01    4.068050e+04    5.248950e+04
2.383000e+01    4.076887e+04    5.254031e+04
2.384000e+01    4.085252e+04    5.256836e+04
2.385000e+01    4.093870e+04    5.259505e+04
2.386000e+01    4.102711e+04    5.262042e+04
2.387000e+01    4.111768e+04    5.264440e+04
2.388000e+01    4.121036e+04    5.266692e+04
2.389000e+01    4.130538e+04    5.268788e+04
2.390000e+01    4.140243e+04    5.270721e+04
2.391000e+01    4.150165e+04    5.272465e+04
2.392000e+01    4.160274e+04    5.274034e+04
2.393000e+01    4.170564e+04    5.275420e+04
2.394000e+01    4.181030e+04    5.276617e+04
2.395000e+01    4.191663e+04    5.277618e+04
2.396000e+01    4.202463e+04    5.278411e+04
2.397000e+01    4.213430e+04    5.278977e+04
2.398000e+01    4.224543e+04    5.279329e+04
2.399000e+01    4.235793e+04    5.279463e+04
2.400000e+01    4.247174e+04    5.279373e+04
2.401000e+01    4.258677e+04    5.279055e+04
2.402000e+01    4.270301e+04    5.278490e+04
2.403000e+01    4.282037e+04    5.277671e+04
2.404000e+01    4.293870e+04    5.276612e+04
2.405000e+01    4.305790e+04    5.275307e+04
2.406000e+01    4.317790e+04    5.273754e+04
2.407000e+01    4.329859e+04    5.271950e+04
2.408000e+01    4.341994e+04    5.269870e+04
2.409000e+01    4.353299e+04    5.267055e+04
2.410000e+01    4.363310e+04    5.263275e+04
2.411000e+01    4.373354e+04    5.259236e+04
2.412000e+01    4.383423e+04    5.254935e+04
2.413000e+01    4.393507e+04    5.250373e+04
2.414000e+01    4.403598e+04    5.245520e+04
2.415000e+01    4.413684e+04    5.240397e+04
2.416000e+01    4.423757e+04    5.235012e+04
2.417000e+01    4.433808e+04    5.229364e+04
2.418000e+01    4.443826e+04    5.223453e+04
2.419000e+01    4.453804e+04    5.217281e+04
2.420000e+01    4.463725e+04    5.210815e+04
2.421000e+01    4.473584e+04    5.204090e+04
2.422000e+01    4.483375e+04    5.197109e+04
2.423000e+01    4.493087e+04    5.189874e+04
2.424000e+01    4.502712e+04    5.182387e+04
2.425000e+01    4.512239e+04    5.174645e+04
2.426000e+01    4.521651e+04    5.166632e+04
2.427000e+01    4.530948e+04    5.158377e+04
2.428000e+01    4.540124e+04    5.149885e+04
2.429000e+01    4.549169e+04    5.141158e+04
2.430000e+01    4.558075e+04    5.132202e+04
2.431000e+01    4.566828e+04    5.123009e+04
2.432000e+01    4.575414e+04    5.113579e+04
2.433000e+01    4.583836e+04    5.103935e+04
2.434000e+01    4.592088e+04    5.094081e+04
2.435000e+01    4.598205e+04    5.084758e+04
2.436000e+01    4.603583e+04    5.075443e+04
2.437000e+01    4.608757e+04    5.065923e+04
2.438000e+01    4.613721e+04    5.056208e+04
2.439000e+01    4.618481e+04    5.046316e+04
2.440000e+01    4.623030e+04    5.036254e+04
2.441000e+01    4.627362e+04    5.026027e+04
2.442000e+01    4.631473e+04    5.015644e+04
2.443000e+01    4.635335e+04    5.005097e+04
2.444000e+01    4.638956e+04    4.994406e+04
2.445000e+01    4.642339e+04    4.983581e+04
2.446000e+01    4.645480e+04    4.972632e+04
2.447000e+01    4.648375e+04    4.961566e+04
2.448000e+01    4.651019e+04    4.950390e+04
2.449000e+01    4.653378e+04    4.939101e+04
2.450000e+01    4.655478e+04    4.927722e+04
2.451000e+01    4.657317e+04    4.916260e+04
2.452000e+01    4.658893e+04    4.904724e+04
2.453000e+01    4.660203e+04    4.893123e+04
2.454000e+01    4.661241e+04    4.881464e+04
2.455000e+01    4.661980e+04    4.869754e+04
2.456000e+01    4.662448e+04    4.858006e+04
2.457000e+01    4.662643e+04    4.846230e+04
2.458000e+01    4.662565e+04    4.834434e+04
2.459000e+01    4.662214e+04    4.822627e+04
2.460000e+01    4.661431e+04    4.811260e+04
2.461000e+01    4.659524e+04    4.802380e+04
2.462000e+01    4.657343e+04    4.793516e+04
2.463000e+01    4.654889e+04    4.784679e+04
2.464000e+01    4.652165e+04    4.775876e+04
2.465000e+01    4.649170e+04    4.767117e+04
2.466000e+01    4.645890e+04    4.758414e+04
2.467000e+01    4.642327e+04    4.749778e+04
2.468000e+01    4.638501e+04    4.741212e+04
2.469000e+01    4.634413e+04    4.732726e+04
2.470000e+01    4.630068e+04    4.724328e+04
2.471000e+01    4.625467e+04    4.716025e+04
2.472000e+01    4.620593e+04    4.707836e+04
2.473000e+01    4.615462e+04    4.699764e+04
2.474000e+01    4.610087e+04    4.691813e+04
2.475000e+01    4.604473e+04    4.683991e+04
2.476000e+01    4.598624e+04    4.676304e+04
2.477000e+01    4.592545e+04    4.668760e+04
2.478000e+01    4.586217e+04    4.661384e+04
2.479000e+01    4.579667e+04    4.654169e+04
2.480000e+01    4.572904e+04    4.647119e+04
2.481000e+01    4.565933e+04    4.640241e+04
2.482000e+01    4.558767e+04    4.633535e+04
2.483000e+01    4.551414e+04    4.627006e+04
2.484000e+01    4.543849e+04    4.620690e+04
2.485000e+01    4.536104e+04    4.614570e+04
2.486000e+01    4.529209e+04    4.610350e+04
2.487000e+01    4.523064e+04    4.607856e+04
2.488000e+01    4.516758e+04    4.605573e+04
2.489000e+01    4.510293e+04    4.603512e+04
2.490000e+01    4.503668e+04    4.601693e+04
2.491000e+01    4.496905e+04    4.600100e+04
2.492000e+01    4.490013e+04    4.598735e+04
2.493000e+01    4.482998e+04    4.597603e+04
2.494000e+01    4.475868e+04    4.596707e+04
2.495000e+01    4.468627e+04    4.596062e+04
2.496000e+01    4.461279e+04    4.595677e+04
2.497000e+01    4.453843e+04    4.595535e+04
2.498000e+01    4.446325e+04    4.595639e+04
2.499000e+01    4.438734e+04    4.595991e+04
2.500000e+01    4.431078e+04    4.596592e+04
2.501000e+01    4.423362e+04    4.597463e+04
2.502000e+01    4.415595e+04    4.598598e+04
2.503000e+01    4.407790e+04    4.599984e+04
2.504000e+01    4.399954e+04    4.601623e+04
2.505000e+01    4.392095e+04    4.603514e+04
2.506000e+01    4.384222e+04    4.605657e+04
2.507000e+01    4.376342e+04    4.608077e+04
2.508000e+01    4.368466e+04    4.610753e+04
2.509000e+01    4.360602e+04    4.613679e+04
2.510000e+01    4.352756e+04    4.616852e+04
2.511000e+01    4.344938e+04    4.620271e+04
2.512000e+01    4.341316e+04    4.624920e+04
2.513000e+01    4.338182e+04    4.629945e+04
2.514000e+01    4.335100e+04    4.635209e+04
2.515000e+01    4.332077e+04    4.640709e+04
2.516000e+01    4.329121e+04    4.646442e+04
2.517000e+01    4.326236e+04    4.652403e+04
2.518000e+01    4.323434e+04    4.658594e+04
2.519000e+01    4.320729e+04    4.665030e+04
2.520000e+01    4.318120e+04    4.671683e+04
2.521000e+01    4.315613e+04    4.678550e+04
2.522000e+01    4.313214e+04    4.685626e+04
2.523000e+01    4.310931e+04    4.692905e+04
2.524000e+01    4.308773e+04    4.700392e+04
2.525000e+01    4.306754e+04    4.708089e+04
2.526000e+01    4.304867e+04    4.715973e+04
2.527000e+01    4.303119e+04    4.724040e+04
2.528000e+01    4.301515e+04    4.732283e+04
2.529000e+01    4.300066e+04    4.740688e+04
2.530000e+01    4.298786e+04    4.749258e+04
2.531000e+01    4.297674e+04    4.757996e+04
2.532000e+01    4.296725e+04    4.766885e+04
2.533000e+01    4.295943e+04    4.775919e+04
2.534000e+01    4.295331e+04    4.785092e+04
2.535000e+01    4.294894e+04    4.794397e+04
2.536000e+01    4.294651e+04    4.803838e+04
2.537000e+01    4.296049e+04    4.812622e+04
2.538000e+01    4.301349e+04    4.819525e+04
2.539000e+01    4.306836e+04    4.826531e+04
2.540000e+01    4.312510e+04    4.833633e+04
2.541000e+01    4.318375e+04    4.840826e+04
2.542000e+01    4.324455e+04    4.848109e+04
2.543000e+01    4.330730e+04    4.855467e+04
2.544000e+01    4.337200e+04    4.862891e+04
2.545000e+01    4.343866e+04    4.870376e+04
2.546000e+01    4.350729e+04    4.877912e+04
2.547000e+01    4.357790e+04    4.885495e+04
2.548000e+01    4.365070e+04    4.893119e+04
2.549000e+01    4.372547e+04    4.900773e+04
2.550000e+01    4.380221e+04    4.908450e+04
2.551000e+01    4.388089e+04    4.916142e+04
2.552000e+01    4.396152e+04    4.923843e+04
2.553000e+01    4.404414e+04    4.931546e+04
2.554000e+01    4.412886e+04    4.939243e+04
2.555000e+01    4.421548e+04    4.946926e+04
2.556000e+01    4.430397e+04    4.954590e+04
2.557000e+01    4.439432e+04    4.962229e+04
2.558000e+01    4.448649e+04    4.969835e+04
2.559000e+01    4.458058e+04    4.977399e+04
2.560000e+01    4.467656e+04    4.984915e+04
2.561000e+01    4.477427e+04    4.992379e+04
2.562000e+01    4.487370e+04    4.999785e+04
2.563000e+01    4.499306e+04    5.002886e+04
2.564000e+01    4.512356e+04    5.003710e+04
2.565000e+01    4.525579e+04    5.004453e+04
2.566000e+01    4.538964e+04    5.005111e+04
2.567000e+01    4.552499e+04    5.005684e+04
2.568000e+01    4.566180e+04    5.006167e+04
2.569000e+01    4.580002e+04    5.006554e+04
2.570000e+01    4.593961e+04    5.006841e+04
2.571000e+01    4.608065e+04    5.007014e+04
2.572000e+01    4.622297e+04    5.007075e+04
2.573000e+01    4.636651e+04    5.007023e+04
2.574000e+01    4.651115e+04    5.006852e+04
2.575000e+01    4.665690e+04    5.006561e+04
2.576000e+01    4.680370e+04    5.006129e+04
2.577000e+01    4.695162e+04    5.005547e+04
2.578000e+01    4.710046e+04    5.004837e+04
2.579000e+01    4.725016e+04    5.003994e+04
2.580000e+01    4.740067e+04    5.003019e+04
2.581000e+01    4.755192e+04    5.001907e+04
2.582000e+01    4.770388e+04    5.000654e+04
2.583000e+01    4.785652e+04    4.999248e+04
2.584000e+01    4.800972e+04    4.997700e+04
2.585000e+01    4.816341e+04    4.996011e+04
2.586000e+01    4.831754e+04    4.994179e+04
2.587000e+01    4.847205e+04    4.992204e+04
2.588000e+01    4.862625e+04    4.989810e+04
2.589000e+01    4.876297e+04    4.979686e+04
2.590000e+01    4.889987e+04    4.969420e+04
2.591000e+01    4.903689e+04    4.959009e+04
2.592000e+01    4.917398e+04    4.948456e+04
2.593000e+01    4.931107e+04    4.937761e+04
2.594000e+01    4.944811e+04    4.926914e+04
2.595000e+01    4.958502e+04    4.915920e+04
2.596000e+01    4.972175e+04    4.904788e+04
2.597000e+01    4.985826e+04    4.893520e+04
2.598000e+01    4.999447e+04    4.882117e+04
2.599000e+01    5.013034e+04    4.870581e+04
2.600000e+01    5.026578e+04    4.858903e+04
2.601000e+01    5.040075e+04    4.847094e+04
2.602000e+01    5.053521e+04    4.835159e+04
2.603000e+01    5.066912e+04    4.823104e+04
2.604000e+01    5.080243e+04    4.810929e+04
2.605000e+01    5.093508e+04    4.798639e+04
2.606000e+01    5.106695e+04    4.786224e+04
2.607000e+01    5.119808e+04    4.773700e+04
2.608000e+01    5.132841e+04    4.761071e+04
2.609000e+01    5.145791e+04    4.748343e+04
2.610000e+01    5.158655e+04    4.735518e+04
2.611000e+01    5.171428e+04    4.722599e+04
2.612000e+01    5.184095e+04    4.709583e+04
2.613000e+01    5.196665e+04    4.696485e+04
2.614000e+01    5.206419e+04    4.680890e+04
2.615000e+01    5.212176e+04    4.661754e+04
2.616000e+01    5.217827e+04    4.642549e+04
2.617000e+01    5.223365e+04    4.623277e+04
2.618000e+01    5.228781e+04    4.603942e+04
2.619000e+01    5.234083e+04    4.584552e+04
2.620000e+01    5.239269e+04    4.565115e+04
2.621000e+01    5.244338e+04    4.545634e+04
2.622000e+01    5.249288e+04    4.526114e+04
2.623000e+01    5.254099e+04    4.506536e+04
2.624000e+01    5.258780e+04    4.486927e+04
2.625000e+01    5.263339e+04    4.467296e+04
2.626000e+01    5.267774e+04    4.447648e+04
2.627000e+01    5.272086e+04    4.427988e+04
2.628000e+01    5.276275e+04    4.408322e+04
2.629000e+01    5.280328e+04    4.388655e+04
2.630000e+01    5.284254e+04    4.368994e+04
2.631000e+01    5.288056e+04    4.349342e+04
2.632000e+01    5.291733e+04    4.329704e+04
2.633000e+01    5.295289e+04    4.310086e+04
2.634000e+01    5.298723e+04    4.290493e+04
2.635000e+01    5.302025e+04    4.270933e+04
2.636000e+01    5.305207e+04    4.251411e+04
2.637000e+01    5.308273e+04    4.231930e+04
2.638000e+01    5.311224e+04    4.212494e+04
2.639000e+01    5.314063e+04    4.193108e+04
2.640000e+01    5.309511e+04    4.172815e+04
2.641000e+01    5.302873e+04    4.152329e+04
2.642000e+01    5.296129e+04    4.131907e+04
2.643000e+01    5.289284e+04    4.111554e+04
2.644000e+01    5.282338e+04    4.091274e+04
2.645000e+01    5.275295e+04    4.071070e+04
2.646000e+01    5.268156e+04    4.050949e+04
2.647000e+01    5.260918e+04    4.030921e+04
2.648000e+01    5.253594e+04    4.010980e+04
2.649000e+01    5.246186e+04    3.991132e+04
2.650000e+01    5.238699e+04    3.971379e+04
2.651000e+01    5.231137e+04    3.951724e+04
2.652000e+01    5.223499e+04    3.932175e+04
2.653000e+01    5.215790e+04    3.912738e+04
2.654000e+01    5.208017e+04    3.893408e+04
2.655000e+01    5.200186e+04    3.874187e+04
2.656000e+01    5.192300e+04    3.855077e+04
2.657000e+01    5.184364e+04    3.836081e+04
2.658000e+01    5.176379e+04    3.817209e+04
2.659000e+01    5.168352e+04    3.798461e+04
2.660000e+01    5.160288e+04    3.779831e+04
2.661000e+01    5.152194e+04    3.761322e+04
2.662000e+01    5.144072e+04    3.742933e+04
2.663000e+01    5.135928e+04    3.724667e+04
2.664000e+01    5.127766e+04    3.706536e+04
2.665000e+01    5.118200e+04    3.689210e+04
2.666000e+01    5.101531e+04    3.675462e+04
2.667000e+01    5.084861e+04    3.661838e+04
2.668000e+01    5.068192e+04    3.648338e+04
2.669000e+01    5.051527e+04    3.634960e+04
2.670000e+01    5.034853e+04    3.621706e+04
2.671000e+01    5.018196e+04    3.608575e+04
2.672000e+01    5.001561e+04    3.595566e+04
2.673000e+01    4.984951e+04    3.582679e+04
2.674000e+01    4.968371e+04    3.569911e+04
2.675000e+01    4.951827e+04    3.557265e+04
2.676000e+01    4.935327e+04    3.544748e+04
2.677000e+01    4.918870e+04    3.532346e+04
2.678000e+01    4.902462e+04    3.520058e+04
2.679000e+01    4.886106e+04    3.507882e+04
2.680000e+01    4.869806e+04    3.495815e+04
2.681000e+01    4.853570e+04    3.483860e+04
2.682000e+01    4.837403e+04    3.472018e+04
2.683000e+01    4.821304e+04    3.460278e+04
2.684000e+01    4.805277e+04    3.448636e+04
2.685000e+01    4.789325e+04    3.437090e+04
2.686000e+01    4.773452e+04    3.425638e+04
2.687000e+01    4.757666e+04    3.414281e+04
2.688000e+01    4.741971e+04    3.403016e+04
2.689000e+01    4.726364e+04    3.391834e+04
2.690000e+01    4.710848e+04    3.380731e+04
2.691000e+01    4.692867e+04    3.373961e+04
2.692000e+01    4.672805e+04    3.370879e+04
2.693000e+01    4.652851e+04    3.367872e+04
2.694000e+01    4.633001e+04    3.364931e+04
2.695000e+01    4.613254e+04    3.362051e+04
2.696000e+01    4.593612e+04    3.359226e+04
2.697000e+01    4.574077e+04    3.356454e+04
2.698000e+01    4.554649e+04    3.353729e+04
2.699000e+01    4.535343e+04    3.351053e+04
2.700000e+01    4.516148e+04    3.348417e+04
2.701000e+01    4.497065e+04    3.345815e+04
2.702000e+01    4.478094e+04    3.343244e+04
2.703000e+01    4.459236e+04    3.340700e+04
2.704000e+01    4.440492e+04    3.338177e+04
2.705000e+01    4.421875e+04    3.335674e+04
2.706000e+01    4.403372e+04    3.333184e+04
2.707000e+01    4.384980e+04    3.330702e+04
2.708000e+01    4.366702e+04    3.328224e+04
2.709000e+01    4.348537e+04    3.325746e+04
2.710000e+01    4.330488e+04    3.323264e+04
2.711000e+01    4.312560e+04    3.320773e+04
2.712000e+01    4.294742e+04    3.318268e+04
2.713000e+01    4.277033e+04    3.315747e+04
2.714000e+01    4.259432e+04    3.313205e+04
2.715000e+01    4.241937e+04    3.310638e+04
2.716000e+01    4.224547e+04    3.308041e+04
2.717000e+01    4.207477e+04    3.313294e+04
2.718000e+01    4.190529e+04    3.319223e+04
2.719000e+01    4.173680e+04    3.325113e+04
2.720000e+01    4.156927e+04    3.330958e+04
2.721000e+01    4.140268e+04    3.336757e+04
2.722000e+01    4.123708e+04    3.342500e+04
2.723000e+01    4.107240e+04    3.348187e+04
2.724000e+01    4.090858e+04    3.353816e+04
2.725000e+01    4.074559e+04    3.359386e+04
2.726000e+01    4.058340e+04    3.364893e+04
2.727000e+01    4.042199e+04    3.370335e+04
2.728000e+01    4.026139e+04    3.375701e+04
2.729000e+01    4.010151e+04    3.380996e+04
2.730000e+01    3.994229e+04    3.386217e+04
2.731000e+01    3.978371e+04    3.391364e+04
2.732000e+01    3.962572e+04    3.396434e+04
2.733000e+01    3.946830e+04    3.401425e+04
2.734000e+01    3.931147e+04    3.406325e+04
2.735000e+01    3.915513e+04    3.411144e+04
2.736000e+01    3.899922e+04    3.415879e+04
2.737000e+01    3.884372e+04    3.420529e+04
2.738000e+01    3.868859e+04    3.425094e+04
2.739000e+01    3.853379e+04    3.429570e+04
2.740000e+01    3.837932e+04    3.433950e+04
2.741000e+01    3.822508e+04    3.438243e+04
2.742000e+01    3.808389e+04    3.444329e+04
2.743000e+01    3.797372e+04    3.454849e+04
2.744000e+01    3.786367e+04    3.465282e+04
2.745000e+01    3.775372e+04    3.475622e+04
2.746000e+01    3.764383e+04    3.485869e+04
2.747000e+01    3.753393e+04    3.496029e+04
2.748000e+01    3.742400e+04    3.506103e+04
2.749000e+01    3.731401e+04    3.516092e+04
2.750000e+01    3.720390e+04    3.525997e+04
2.751000e+01    3.709364e+04    3.535813e+04
2.752000e+01    3.698318e+04    3.545543e+04
2.753000e+01    3.687249e+04    3.555192e+04
2.754000e+01    3.676154e+04    3.564763e+04
2.755000e+01    3.665030e+04    3.574258e+04
2.756000e+01    3.653874e+04    3.583678e+04
2.757000e+01    3.642678e+04    3.593019e+04
2.758000e+01    3.631441e+04    3.602288e+04
2.759000e+01    3.620161e+04    3.611489e+04
2.760000e+01    3.608836e+04    3.620625e+04
2.761000e+01    3.597463e+04    3.629699e+04
2.762000e+01    3.586039e+04    3.638713e+04
2.763000e+01    3.574543e+04    3.647668e+04
2.764000e+01    3.562974e+04    3.656576e+04
2.765000e+01    3.551345e+04    3.665432e+04
2.766000e+01    3.539655e+04    3.674241e+04
2.767000e+01    3.527902e+04    3.683007e+04
2.768000e+01    3.520221e+04    3.693487e+04
2.769000e+01    3.514502e+04    3.704791e+04
2.770000e+01    3.508714e+04    3.716061e+04
2.771000e+01    3.502855e+04    3.727301e+04
2.772000e+01    3.496924e+04    3.738516e+04
2.773000e+01    3.490921e+04    3.749708e+04
2.774000e+01    3.484840e+04    3.760881e+04
2.775000e+01    3.478678e+04    3.772038e+04
2.776000e+01    3.472440e+04    3.783184e+04
2.777000e+01    3.466125e+04    3.794323e+04
2.778000e+01    3.459734e+04    3.805460e+04
2.779000e+01    3.453266e+04    3.816598e+04
2.780000e+01    3.446717e+04    3.827741e+04
2.781000e+01    3.440085e+04    3.838895e+04
2.782000e+01    3.433378e+04    3.850062e+04
2.783000e+01    3.426594e+04    3.861247e+04
2.784000e+01    3.419735e+04    3.872452e+04
2.785000e+01    3.412802e+04    3.883683e+04
2.786000e+01    3.405789e+04    3.894945e+04
2.787000e+01    3.398701e+04    3.906243e+04
2.788000e+01    3.391542e+04    3.917576e+04
2.789000e+01    3.384313e+04    3.928950e+04
2.790000e+01    3.377016e+04    3.940369e+04
2.791000e+01    3.369653e+04    3.951835e+04
2.792000e+01    3.362219e+04    3.963359e+04
2.793000e+01    3.354979e+04    3.974893e+04
2.794000e+01    3.352901e+04    3.985551e+04
2.795000e+01    3.350765e+04    3.996272e+04
2.796000e+01    3.348575e+04    4.007057e+04
2.797000e+01    3.346333e+04    4.017911e+04
2.798000e+01    3.344036e+04    4.028845e+04
2.799000e+01    3.341693e+04    4.039853e+04
2.800000e+01    3.339308e+04    4.050938e+04
2.801000e+01    3.336882e+04    4.062103e+04
2.802000e+01    3.334420e+04    4.073349e+04
2.803000e+01    3.331925e+04    4.084683e+04
2.804000e+01    3.329398e+04    4.096112e+04
2.805000e+01    3.326845e+04    4.107630e+04
2.806000e+01    3.324271e+04    4.119239e+04
2.807000e+01    3.321680e+04    4.130941e+04
2.808000e+01    3.319074e+04    4.142737e+04
2.809000e+01    3.316459e+04    4.154634e+04
2.810000e+01    3.313826e+04    4.166647e+04
2.811000e+01    3.311184e+04    4.178767e+04
2.812000e+01    3.308545e+04    4.190984e+04
2.813000e+01    3.305912e+04    4.203302e+04
2.814000e+01    3.303291e+04    4.215721e+04
2.815000e+01    3.300687e+04    4.228249e+04
2.816000e+01    3.298105e+04    4.240884e+04
2.817000e+01    3.295547e+04    4.253621e+04
2.818000e+01    3.293019e+04    4.266459e+04
2.819000e+01    3.291861e+04    4.278094e+04
2.820000e+01    3.292562e+04    4.288053e+04
2.821000e+01    3.293309e+04    4.298122e+04
2.822000e+01    3.294104e+04    4.308294e+04
2.823000e+01    3.294952e+04    4.318565e+04
2.824000e+01    3.295855e+04    4.328933e+04
2.825000e+01    3.296818e+04    4.339397e+04
2.826000e+01    3.297845e+04    4.349956e+04
2.827000e+01    3.298950e+04    4.360619e+04
2.828000e+01    3.300128e+04    4.371375e+04
2.829000e+01    3.301384e+04    4.382219e+04
2.830000e+01    3.302721e+04    4.393150e+04
2.831000e+01    3.304143e+04    4.404166e+04
2.832000e+01    3.305657e+04    4.415266e+04
2.833000e+01    3.307273e+04    4.426454e+04
2.834000e+01    3.308987e+04    4.437718e+04
2.835000e+01    3.310802e+04    4.449056e+04
2.836000e+01    3.312721e+04    4.460464e+04
2.837000e+01    3.314748e+04    4.471940e+04
2.838000e+01    3.316890e+04    4.483482e+04
2.839000e+01    3.319157e+04    4.495089e+04
2.840000e+01    3.321541e+04    4.506753e+04
2.841000e+01    3.324045e+04    4.518469e+04
2.842000e+01    3.326673e+04    4.530234e+04
2.843000e+01    3.329426e+04    4.542043e+04
2.844000e+01    3.332316e+04    4.553896e+04
2.845000e+01    3.335784e+04    4.563154e+04
2.846000e+01    3.339496e+04    4.571784e+04
2.847000e+01    3.343342e+04    4.580443e+04
2.848000e+01    3.347325e+04    4.589123e+04
2.849000e+01    3.351446e+04    4.597821e+04
2.850000e+01    3.355720e+04    4.606533e+04
2.851000e+01    3.360142e+04    4.615254e+04
2.852000e+01    3.364706e+04    4.623978e+04
2.853000e+01    3.369414e+04    4.632700e+04
2.854000e+01    3.374267e+04    4.641416e+04
2.855000e+01    3.379265e+04    4.650120e+04
2.856000e+01    3.384426e+04    4.658806e+04
2.857000e+01    3.389725e+04    4.667487e+04
2.858000e+01    3.395169e+04    4.676146e+04
2.859000e+01    3.400758e+04    4.684772e+04
2.860000e+01    3.406494e+04    4.693361e+04
2.861000e+01    3.412376e+04    4.701907e+04
2.862000e+01    3.418420e+04    4.710400e+04
2.863000e+01    3.424608e+04    4.718840e+04
2.864000e+01    3.430939e+04    4.727222e+04
2.865000e+01    3.437411e+04    4.735541e+04
2.866000e+01    3.444023e+04    4.743792e+04
2.867000e+01    3.450778e+04    4.751967e+04
2.868000e+01    3.457683e+04    4.760056e+04
2.869000e+01    3.464722e+04    4.768062e+04
2.870000e+01    3.471675e+04    4.775613e+04
2.871000e+01    3.477742e+04    4.781356e+04
2.872000e+01    3.483937e+04    4.787002e+04
2.873000e+01    3.490264e+04    4.792541e+04
2.874000e+01    3.496722e+04    4.797965e+04
2.875000e+01    3.503298e+04    4.803278e+04
2.876000e+01    3.509991e+04    4.808476e+04
2.877000e+01    3.516796e+04    4.813555e+04
2.878000e+01    3.523711e+04    4.818510e+04
2.879000e+01    3.530740e+04    4.823327e+04
2.880000e+01    3.537875e+04    4.828006e+04
2.881000e+01    3.545107e+04    4.832550e+04
2.882000e+01    3.552433e+04    4.836956e+04
2.883000e+01    3.559848e+04    4.841219e+04
2.884000e+01    3.567349e+04    4.845336e+04
2.885000e+01    3.574939e+04    4.849289e+04
2.886000e+01    3.582605e+04    4.853086e+04
2.887000e+01    3.590342e+04    4.856727e+04
2.888000e+01    3.598146e+04    4.860212e+04
2.889000e+01    3.606011e+04    4.863537e+04
2.890000e+01    3.613933e+04    4.866699e+04
2.891000e+01    3.621913e+04    4.869676e+04
2.892000e+01    3.629939e+04    4.872487e+04
2.893000e+01    3.638006e+04    4.875129e+04
2.894000e+01    3.646109e+04    4.877601e+04
2.895000e+01    3.654242e+04    4.879903e+04
2.896000e+01    3.661455e+04    4.881816e+04
2.897000e+01    3.667925e+04    4.883368e+04
2.898000e+01    3.674408e+04    4.884745e+04
2.899000e+01    3.680900e+04    4.885946e+04
2.900000e+01    3.687394e+04    4.886972e+04
2.901000e+01    3.693886e+04    4.887822e+04
2.902000e+01    3.700370e+04    4.888487e+04
2.903000e+01    3.706839e+04    4.888962e+04
2.904000e+01    3.713281e+04    4.889282e+04
2.905000e+01    3.719696e+04    4.889429e+04
2.906000e+01    3.726082e+04    4.889401e+04
2.907000e+01    3.732431e+04    4.889199e+04
2.908000e+01    3.738736e+04    4.888811e+04
2.909000e+01    3.744991e+04    4.888242e+04
2.910000e+01    3.751193e+04    4.887503e+04
2.911000e+01    3.757337e+04    4.886595e+04
2.912000e+01    3.763418e+04    4.885520e+04
2.913000e+01    3.769431e+04    4.884281e+04
2.914000e+01    3.775364e+04    4.882862e+04
2.915000e+01    3.781215e+04    4.881279e+04
2.916000e+01    3.786981e+04    4.879537e+04
2.917000e+01    3.792660e+04    4.877640e+04
2.918000e+01    3.798244e+04    4.875590e+04
2.919000e+01    3.803731e+04    4.873391e+04
2.920000e+01    3.809103e+04    4.871027e+04
2.921000e+01    3.814366e+04    4.868520e+04
2.922000e+01    3.818532e+04    4.866735e+04
2.923000e+01    3.822506e+04    4.864879e+04
2.924000e+01    3.826360e+04    4.862889e+04
2.925000e+01    3.830089e+04    4.860770e+04
2.926000e+01    3.833674e+04    4.858511e+04
2.927000e+01    3.837128e+04    4.856133e+04
2.928000e+01    3.840446e+04    4.853638e+04
2.929000e+01    3.843626e+04    4.851032e+04
2.930000e+01    3.846663e+04    4.848318e+04
2.931000e+01    3.849550e+04    4.845498e+04
2.932000e+01    3.852276e+04    4.842570e+04
2.933000e+01    3.854849e+04    4.839550e+04
2.934000e+01    3.857270e+04    4.836440e+04
2.935000e+01    3.859534e+04    4.833247e+04
2.936000e+01    3.861640e+04    4.829976e+04
2.937000e+01    3.863575e+04    4.826626e+04
2.938000e+01    3.865338e+04    4.823203e+04
2.939000e+01    3.866936e+04    4.819717e+04
2.940000e+01    3.868369e+04    4.816174e+04
2.941000e+01    3.869634e+04    4.812578e+04
2.942000e+01    3.870731e+04    4.808933e+04
2.943000e+01    3.871644e+04    4.805243e+04
2.944000e+01    3.872380e+04    4.801514e+04
2.945000e+01    3.872944e+04    4.797754e+04
2.946000e+01    3.873338e+04    4.793968e+04
2.947000e+01    3.873591e+04    4.790573e+04
2.948000e+01    3.873746e+04    4.788095e+04
2.949000e+01    3.873711e+04    4.785605e+04
2.950000e+01    3.873500e+04    4.783114e+04
2.951000e+01    3.873119e+04    4.780649e+04
2.952000e+01    3.872566e+04    4.778189e+04
2.953000e+01    3.871844e+04    4.775739e+04
2.954000e+01    3.870951e+04    4.773306e+04
2.955000e+01    3.869871e+04    4.770897e+04
2.956000e+01    3.868625e+04    4.768515e+04
2.957000e+01    3.867213e+04    4.766164e+04
2.958000e+01    3.865638e+04    4.763849e+04
2.959000e+01    3.863902e+04    4.761575e+04
2.960000e+01    3.862001e+04    4.759349e+04
2.961000e+01    3.859927e+04    4.757178e+04
2.962000e+01    3.857698e+04    4.755063e+04
2.963000e+01    3.855316e+04    4.753007e+04
2.964000e+01    3.852783e+04    4.751016e+04
2.965000e+01    3.850102e+04    4.749093e+04
2.966000e+01    3.847269e+04    4.747246e+04
2.967000e+01    3.844283e+04    4.745483e+04
2.968000e+01    3.841159e+04    4.743800e+04
2.969000e+01    3.837898e+04    4.742202e+04
2.970000e+01    3.834506e+04    4.740693e+04
2.971000e+01    3.830983e+04    4.739275e+04
2.972000e+01    3.827325e+04    4.737959e+04
2.973000e+01    3.824278e+04    4.737347e+04
2.974000e+01    3.821455e+04    4.737115e+04
2.975000e+01    3.818518e+04    4.736988e+04
2.976000e+01    3.815471e+04    4.736970e+04
2.977000e+01    3.812316e+04    4.737062e+04
2.978000e+01    3.809048e+04    4.737278e+04
2.979000e+01    3.805679e+04    4.737614e+04
2.980000e+01    3.802216e+04    4.738068e+04
2.981000e+01    3.798662e+04    4.738643e+04
2.982000e+01    3.795022e+04    4.739339e+04
2.983000e+01    3.791300e+04    4.740160e+04
2.984000e+01    3.787490e+04    4.741122e+04
2.985000e+01    3.783608e+04    4.742212e+04
2.986000e+01    3.779657e+04    4.743431e+04
2.987000e+01    3.775641e+04    4.744780e+04
2.988000e+01    3.771566e+04    4.746260e+04
2.989000e+01    3.767434e+04    4.747874e+04
2.990000e+01    3.763245e+04    4.749636e+04
2.991000e+01    3.759010e+04    4.751531e+04
2.992000e+01    3.754732e+04    4.753560e+04
2.993000e+01    3.750417e+04    4.755723e+04
2.994000e+01    3.746069e+04    4.758021e+04
2.995000e+01    3.741690e+04    4.760458e+04
2.996000e+01    3.737284e+04    4.763041e+04
2.997000e+01    3.732861e+04    4.765767e+04
2.998000e+01    3.728511e+04    4.768644e+04
2.999000e+01    3.725456e+04    4.771607e+04
3.000000e+01    3.722392e+04    4.774701e+04
3.001000e+01    3.719322e+04    4.777933e+04
3.002000e+01    3.716253e+04    4.781304e+04
3.003000e+01    3.713189e+04    4.784803e+04
3.004000e+01    3.710133e+04    4.788431e+04
3.005000e+01    3.707089e+04    4.792185e+04
3.006000e+01    3.704061e+04    4.796064e+04
3.007000e+01    3.701055e+04    4.800077e+04
3.008000e+01    3.698073e+04    4.804216e+04
3.009000e+01    3.695117e+04    4.808475e+04
3.010000e+01    3.692193e+04    4.812852e+04
3.011000e+01    3.689301e+04    4.817344e+04
3.012000e+01    3.686446e+04    4.821951e+04
3.013000e+01    3.683636e+04    4.826681e+04
3.014000e+01    3.680869e+04    4.831521e+04
3.015000e+01    3.678148e+04    4.836468e+04
3.016000e+01    3.675476e+04    4.841518e+04
3.017000e+01    3.672855e+04    4.846670e+04
3.018000e+01    3.670289e+04    4.851922e+04
3.019000e+01    3.667786e+04    4.857282e+04
3.020000e+01    3.665341e+04    4.862734e+04
3.021000e+01    3.662958e+04    4.868277e+04
3.022000e+01    3.660638e+04    4.873907e+04
3.023000e+01    3.658382e+04    4.879622e+04
3.024000e+01    3.656612e+04    4.885055e+04
3.025000e+01    3.655453e+04    4.890102e+04
3.026000e+01    3.654366e+04    4.895223e+04
3.027000e+01    3.653350e+04    4.900417e+04
3.028000e+01    3.652407e+04    4.905680e+04
3.029000e+01    3.651539e+04    4.911009e+04
3.030000e+01    3.650751e+04    4.916406e+04
3.031000e+01    3.650045e+04    4.921866e+04
3.032000e+01    3.649416e+04    4.927382e+04
3.033000e+01    3.648866e+04    4.932952e+04
3.034000e+01    3.648394e+04    4.938573e+04
3.035000e+01    3.648002e+04    4.944241e+04
3.036000e+01    3.647697e+04    4.949957e+04
3.037000e+01    3.647475e+04    4.955715e+04
3.038000e+01    3.647334e+04    4.961511e+04
3.039000e+01    3.647273e+04    4.967342e+04
3.040000e+01    3.647293e+04    4.973205e+04
3.041000e+01    3.647392e+04    4.979097e+04
3.042000e+01    3.647580e+04    4.985018e+04
3.043000e+01    3.647850e+04    4.990961e+04
3.044000e+01    3.648210e+04    4.996938e+04
3.045000e+01    3.648660e+04    5.002944e+04
3.046000e+01    3.649188e+04    5.008965e+04
3.047000e+01    3.649793e+04    5.014997e+04
3.048000e+01    3.650483e+04    5.021040e+04
3.049000e+01    3.651250e+04    5.027089e+04
3.050000e+01    3.652190e+04    5.032314e+04
3.051000e+01    3.653225e+04    5.037349e+04
3.052000e+01    3.654333e+04    5.042383e+04
3.053000e+01    3.655514e+04    5.047415e+04
3.054000e+01    3.656771e+04    5.052440e+04
3.055000e+01    3.658096e+04    5.057457e+04
3.056000e+01    3.659488e+04    5.062464e+04
3.057000e+01    3.660944e+04    5.067460e+04
3.058000e+01    3.662465e+04    5.072442e+04
3.059000e+01    3.664049e+04    5.077408e+04
3.060000e+01    3.665699e+04    5.082355e+04
3.061000e+01    3.667407e+04    5.087284e+04
3.062000e+01    3.669172e+04    5.092191e+04
3.063000e+01    3.670992e+04    5.097077e+04
3.064000e+01    3.672864e+04    5.101939e+04
3.065000e+01    3.674792e+04    5.106775e+04
3.066000e+01    3.676771e+04    5.111583e+04
3.067000e+01    3.678797e+04    5.116364e+04
3.068000e+01    3.680869e+04    5.121117e+04
3.069000e+01    3.682984e+04    5.125840e+04
3.070000e+01    3.685141e+04    5.130534e+04
3.071000e+01    3.687340e+04    5.135194e+04
3.072000e+01    3.689579e+04    5.139821e+04
3.073000e+01    3.691852e+04    5.144417e+04
3.074000e+01    3.694159e+04    5.148979e+04
3.075000e+01    3.696398e+04    5.153414e+04
3.076000e+01    3.698238e+04    5.157410e+04
3.077000e+01    3.700110e+04    5.161368e+04
3.078000e+01    3.702007e+04    5.165291e+04
3.079000e+01    3.703927e+04    5.169180e+04
3.080000e+01    3.705865e+04    5.173031e+04
3.081000e+01    3.707823e+04    5.176849e+04
3.082000e+01    3.709800e+04    5.180632e+04
3.083000e+01    3.711794e+04    5.184378e+04
3.084000e+01    3.713804e+04    5.188091e+04
3.085000e+01    3.715825e+04    5.191770e+04
3.086000e+01    3.717858e+04    5.195418e+04
3.087000e+01    3.719901e+04    5.199033e+04
3.088000e+01    3.721951e+04    5.202615e+04
3.089000e+01    3.724008e+04    5.206164e+04
3.090000e+01    3.726070e+04    5.209683e+04
3.091000e+01    3.728157e+04    5.213182e+04
3.092000e+01    3.730256e+04    5.216656e+04
3.093000e+01    3.732355e+04    5.220102e+04
3.094000e+01    3.734453e+04    5.223519e+04
3.095000e+01    3.736548e+04    5.226909e+04
3.096000e+01    3.738640e+04    5.230273e+04
3.097000e+01    3.740728e+04    5.233614e+04
3.098000e+01    3.742811e+04    5.236931e+04
3.099000e+01    3.744887e+04    5.240226e+04
3.100000e+01    3.746954e+04    5.243499e+04
3.101000e+01    3.748720e+04    5.246956e+04
3.102000e+01    3.750250e+04    5.250554e+04
3.103000e+01    3.751771e+04    5.254133e+04
3.104000e+01    3.753281e+04    5.257697e+04
3.105000e+01    3.754779e+04    5.261245e+04
3.106000e+01    3.756265e+04    5.264778e+04
3.107000e+01    3.757738e+04    5.268298e+04
3.108000e+01    3.759198e+04    5.271806e+04
3.109000e+01    3.760645e+04    5.275304e+04
3.110000e+01    3.762079e+04    5.278794e+04
3.111000e+01    3.763498e+04    5.282275e+04
3.112000e+01    3.764902e+04    5.285749e+04
3.113000e+01    3.766292e+04    5.289218e+04
3.114000e+01    3.767668e+04    5.292683e+04
3.115000e+01    3.769029e+04    5.296145e+04
3.116000e+01    3.770377e+04    5.299605e+04
3.117000e+01    3.771710e+04    5.303065e+04
3.118000e+01    3.773027e+04    5.306525e+04
3.119000e+01    3.774332e+04    5.309987e+04
3.120000e+01    3.775622e+04    5.313452e+04
3.121000e+01    3.776900e+04    5.316921e+04
3.122000e+01    3.778165e+04    5.320395e+04
3.123000e+01    3.779416e+04    5.323875e+04
3.124000e+01    3.780655e+04    5.327362e+04
3.125000e+01    3.781883e+04    5.330857e+04
3.126000e+01    3.783100e+04    5.334362e+04
3.127000e+01    3.784521e+04    5.338783e+04
3.128000e+01    3.785946e+04    5.343270e+04
3.129000e+01    3.787361e+04    5.347769e+04
3.130000e+01    3.788767e+04    5.352281e+04
3.131000e+01    3.790166e+04    5.356806e+04
3.132000e+01    3.791558e+04    5.361345e+04
3.133000e+01    3.792943e+04    5.365897e+04
3.134000e+01    3.794323e+04    5.370464e+04
3.135000e+01    3.795699e+04    5.375048e+04
3.136000e+01    3.797070e+04    5.379648e+04
3.137000e+01    3.798438e+04    5.384264e+04
3.138000e+01    3.799831e+04    5.388896e+04
3.139000e+01    3.801228e+04    5.393545e+04
3.140000e+01    3.802625e+04    5.398211e+04
3.141000e+01    3.804023e+04    5.402897e+04
3.142000e+01    3.805422e+04    5.407600e+04
3.143000e+01    3.806824e+04    5.412322e+04
3.144000e+01    3.808229e+04    5.417061e+04
3.145000e+01    3.809638e+04    5.421818e+04
3.146000e+01    3.811052e+04    5.426594e+04
3.147000e+01    3.812473e+04    5.431389e+04
3.148000e+01    3.813901e+04    5.436203e+04
3.149000e+01    3.815336e+04    5.441034e+04
3.150000e+01    3.816780e+04    5.445883e+04
3.151000e+01    3.818233e+04    5.450749e+04
3.152000e+01    3.820115e+04    5.455886e+04
3.153000e+01    3.822901e+04    5.461581e+04
3.154000e+01    3.825700e+04    5.467293e+04
3.155000e+01    3.828510e+04    5.473021e+04
3.156000e+01    3.831334e+04    5.478765e+04
3.157000e+01    3.834172e+04    5.484524e+04
3.158000e+01    3.837026e+04    5.490299e+04
3.159000e+01    3.839895e+04    5.496090e+04
3.160000e+01    3.842781e+04    5.501894e+04
3.161000e+01    3.845682e+04    5.507710e+04
3.162000e+01    3.848599e+04    5.513538e+04
3.163000e+01    3.851534e+04    5.519379e+04
3.164000e+01    3.854489e+04    5.525233e+04
3.165000e+01    3.857463e+04    5.531098e+04
3.166000e+01    3.860456e+04    5.536973e+04
3.167000e+01    3.863469e+04    5.542858e+04
3.168000e+01    3.866501e+04    5.548751e+04
3.169000e+01    3.869554e+04    5.554653e+04
3.170000e+01    3.872629e+04    5.560563e+04
3.171000e+01    3.875725e+04    5.566480e+04
3.172000e+01    3.878842e+04    5.572403e+04
3.173000e+01    3.881980e+04    5.578331e+04
3.174000e+01    3.885139e+04    5.584264e+04
3.175000e+01    3.888320e+04    5.590200e+04
3.176000e+01    3.891524e+04    5.596140e+04
3.177000e+01    3.894750e+04    5.602082e+04
3.178000e+01    3.899424e+04    5.607880e+04
3.179000e+01    3.904745e+04    5.613615e+04
3.180000e+01    3.910087e+04    5.619350e+04
3.181000e+01    3.915451e+04    5.625084e+04
3.182000e+01    3.920837e+04    5.630817e+04
3.183000e+01    3.926243e+04    5.636547e+04
3.184000e+01    3.931671e+04    5.642275e+04
3.185000e+01    3.937144e+04    5.647988e+04
3.186000e+01    3.942637e+04    5.653697e+04
3.187000e+01    3.948151e+04    5.659401e+04
3.188000e+01    3.953685e+04    5.665099e+04
3.189000e+01    3.959238e+04    5.670791e+04
3.190000e+01    3.964809e+04    5.676477e+04
3.191000e+01    3.970398e+04    5.682156e+04
3.192000e+01    3.976003e+04    5.687826e+04
3.193000e+01    3.981626e+04    5.693489e+04
3.194000e+01    3.987267e+04    5.699142e+04
3.195000e+01    3.992923e+04    5.704786e+04
3.196000e+01    3.998594e+04    5.710421e+04
3.197000e+01    4.004279e+04    5.716047e+04
3.198000e+01    4.009979e+04    5.721663e+04
3.199000e+01    4.015693e+04    5.727267e+04
3.200000e+01    4.021420e+04    5.732860e+04
3.201000e+01    4.027158e+04    5.738443e+04
3.202000e+01    4.032908e+04    5.744015e+04
3.203000e+01    4.038807e+04    5.749462e+04
3.204000e+01    4.046499e+04    5.753434e+04
3.205000e+01    4.054201e+04    5.757393e+04
3.206000e+01    4.061912e+04    5.761342e+04
3.207000e+01    4.069631e+04    5.765279e+04
3.208000e+01    4.077357e+04    5.769204e+04
3.209000e+01    4.085090e+04    5.773119e+04
3.210000e+01    4.092829e+04    5.777022e+04
3.211000e+01    4.100573e+04    5.780914e+04
3.212000e+01    4.108322e+04    5.784794e+04
3.213000e+01    4.116075e+04    5.788664e+04
3.214000e+01    4.123831e+04    5.792523e+04
3.215000e+01    4.131590e+04    5.796372e+04
3.216000e+01    4.139351e+04    5.800211e+04
3.217000e+01    4.147114e+04    5.804040e+04
3.218000e+01    4.154878e+04    5.807860e+04
3.219000e+01    4.162642e+04    5.811672e+04
3.220000e+01    4.170407e+04    5.815476e+04
3.221000e+01    4.178170e+04    5.819272e+04
3.222000e+01    4.185933e+04    5.823060e+04
3.223000e+01    4.193694e+04    5.826841e+04
3.224000e+01    4.201453e+04    5.830616e+04
3.225000e+01    4.209210e+04    5.834385e+04
3.226000e+01    4.216964e+04    5.838150e+04
3.227000e+01    4.224716e+04    5.841910e+04
3.228000e+01    4.232464e+04    5.845666e+04
3.229000e+01    4.240604e+04    5.848262e+04
3.230000e+01    4.249226e+04    5.849432e+04
3.231000e+01    4.257849e+04    5.850598e+04
3.232000e+01    4.266482e+04    5.851749e+04
3.233000e+01    4.275112e+04    5.852900e+04
3.234000e+01    4.283736e+04    5.854051e+04
3.235000e+01    4.292356e+04    5.855203e+04
3.236000e+01    4.300972e+04    5.856358e+04
3.237000e+01    4.309585e+04    5.857515e+04
3.238000e+01    4.318193e+04    5.858675e+04
3.239000e+01    4.326797e+04    5.859840e+04
3.240000e+01    4.335398e+04    5.861010e+04
3.241000e+01    4.343995e+04    5.862185e+04
3.242000e+01    4.352588e+04    5.863368e+04
3.243000e+01    4.361179e+04    5.864557e+04
3.244000e+01    4.369767e+04    5.865752e+04
3.245000e+01    4.378352e+04    5.866957e+04
3.246000e+01    4.386935e+04    5.868171e+04
3.247000e+01    4.395516e+04    5.869395e+04
3.248000e+01    4.404097e+04    5.870629e+04
3.249000e+01    4.412677e+04    5.871874e+04
3.250000e+01    4.421258e+04    5.873131e+04
3.251000e+01    4.429839e+04    5.874401e+04
3.252000e+01    4.438422e+04    5.875684e+04
3.253000e+01    4.447007e+04    5.876981e+04
3.254000e+01    4.455595e+04    5.878292e+04
3.255000e+01    4.463731e+04    5.877405e+04
3.256000e+01    4.471775e+04    5.876064e+04
3.257000e+01    4.479824e+04    5.874740e+04
3.258000e+01    4.487879e+04    5.873432e+04
3.259000e+01    4.495941e+04    5.872139e+04
3.260000e+01    4.504010e+04    5.870863e+04
3.261000e+01    4.512088e+04    5.869603e+04
3.262000e+01    4.520175e+04    5.868360e+04
3.263000e+01    4.528272e+04    5.867136e+04
3.264000e+01    4.536381e+04    5.865928e+04
3.265000e+01    4.544503e+04    5.864738e+04
3.266000e+01    4.552637e+04    5.863565e+04
3.267000e+01    4.560784e+04    5.862409e+04
3.268000e+01    4.568947e+04    5.861271e+04
3.269000e+01    4.577127e+04    5.860151e+04
3.270000e+01    4.585325e+04    5.859049e+04
3.271000e+01    4.593540e+04    5.857963e+04
3.272000e+01    4.601773e+04    5.856894e+04
3.273000e+01    4.610027e+04    5.855841e+04
3.274000e+01    4.618302e+04    5.854805e+04
3.275000e+01    4.626600e+04    5.853786e+04
3.276000e+01    4.634921e+04    5.852783e+04
3.277000e+01    4.643266e+04    5.851794e+04
3.278000e+01    4.651641e+04    5.850812e+04
3.279000e+01    4.660049e+04    5.849833e+04
3.280000e+01    4.668157e+04    5.848487e+04
3.281000e+01    4.674999e+04    5.845649e+04
3.282000e+01    4.681869e+04    5.842822e+04
3.283000e+01    4.688769e+04    5.840007e+04
3.284000e+01    4.695698e+04    5.837203e+04
3.285000e+01    4.702658e+04    5.834409e+04
3.286000e+01    4.709652e+04    5.831624e+04
3.287000e+01    4.716678e+04    5.828846e+04
3.288000e+01    4.723737e+04    5.826075e+04
3.289000e+01    4.730829e+04    5.823311e+04
3.290000e+01    4.737956e+04    5.820552e+04
3.291000e+01    4.745118e+04    5.817798e+04
3.292000e+01    4.752319e+04    5.815048e+04
3.293000e+01    4.759557e+04    5.812299e+04
3.294000e+01    4.766831e+04    5.809553e+04
3.295000e+01    4.774143e+04    5.806806e+04
3.296000e+01    4.781492e+04    5.804058e+04
3.297000e+01    4.788879e+04    5.801309e+04
3.298000e+01    4.796309e+04    5.798555e+04
3.299000e+01    4.803778e+04    5.795797e+04
3.300000e+01    4.811285e+04    5.793034e+04
3.301000e+01    4.818831e+04    5.790263e+04
3.302000e+01    4.826416e+04    5.787484e+04
3.303000e+01    4.834041e+04    5.784695e+04
3.304000e+01    4.841709e+04    5.781895e+04
3.305000e+01    4.849417e+04    5.779082e+04
3.306000e+01    4.856102e+04    5.775811e+04
3.307000e+01    4.862052e+04    5.772200e+04
3.308000e+01    4.868041e+04    5.768574e+04
3.309000e+01    4.874070e+04    5.764930e+04
3.310000e+01    4.880140e+04    5.761265e+04
3.311000e+01    4.886248e+04    5.757581e+04
3.312000e+01    4.892394e+04    5.753876e+04
3.313000e+01    4.898577e+04    5.750148e+04
3.314000e+01    4.904797e+04    5.746397e+04
3.315000e+01    4.911055e+04    5.742619e+04
3.316000e+01    4.917350e+04    5.738814e+04
3.317000e+01    4.923681e+04    5.734982e+04
3.318000e+01    4.930045e+04    5.731121e+04
3.319000e+01    4.936443e+04    5.727231e+04
3.320000e+01    4.942874e+04    5.723310e+04
3.321000e+01    4.949339e+04    5.719354e+04
3.322000e+01    4.955836e+04    5.715365e+04
3.323000e+01    4.962363e+04    5.711342e+04
3.324000e+01    4.968919e+04    5.707283e+04
3.325000e+01    4.975507e+04    5.703179e+04
3.326000e+01    4.982126e+04    5.699027e+04
3.327000e+01    4.988773e+04    5.694833e+04
3.328000e+01    4.995445e+04    5.690600e+04
3.329000e+01    5.002141e+04    5.686328e+04
3.330000e+01    5.008857e+04    5.682014e+04
3.331000e+01    5.015595e+04    5.677661e+04
3.332000e+01    5.021116e+04    5.673192e+04
3.333000e+01    5.026599e+04    5.668673e+04
3.334000e+01    5.032100e+04    5.664112e+04
3.335000e+01    5.037616e+04    5.659508e+04
3.336000e+01    5.043147e+04    5.654860e+04
3.337000e+01    5.048690e+04    5.650169e+04
3.338000e+01    5.054246e+04    5.645433e+04
3.339000e+01    5.059813e+04    5.640647e+04
3.340000e+01    5.065389e+04    5.635818e+04
3.341000e+01    5.070971e+04    5.630943e+04
3.342000e+01    5.076559e+04    5.626023e+04
3.343000e+01    5.082152e+04    5.621059e+04
3.344000e+01    5.087748e+04    5.616047e+04
3.345000e+01    5.093346e+04    5.610988e+04
3.346000e+01    5.098944e+04    5.605884e+04
3.347000e+01    5.104540e+04    5.600736e+04
3.348000e+01    5.110134e+04    5.595544e+04
3.349000e+01    5.115723e+04    5.590307e+04
3.350000e+01    5.121306e+04    5.585025e+04
3.351000e+01    5.126882e+04    5.579697e+04
3.352000e+01    5.132449e+04    5.574326e+04
3.353000e+01    5.138006e+04    5.568914e+04
3.354000e+01    5.143552e+04    5.563460e+04
3.355000e+01    5.149086e+04    5.557966e+04
3.356000e+01    5.154604e+04    5.552428e+04
3.357000e+01    5.159891e+04    5.546781e+04
3.358000e+01    5.164728e+04    5.540957e+04
3.359000e+01    5.169546e+04    5.535096e+04
3.360000e+01    5.174347e+04    5.529198e+04
3.361000e+01    5.179128e+04    5.523265e+04
3.362000e+01    5.183885e+04    5.517293e+04
3.363000e+01    5.188620e+04    5.511288e+04
3.364000e+01    5.193332e+04    5.505251e+04
3.365000e+01    5.198021e+04    5.499183e+04
3.366000e+01    5.202686e+04    5.493085e+04
3.367000e+01    5.207324e+04    5.486959e+04
3.368000e+01    5.211934e+04    5.480802e+04
3.369000e+01    5.216517e+04    5.474620e+04
3.370000e+01    5.221072e+04    5.468413e+04
3.371000e+01    5.225600e+04    5.462183e+04
3.372000e+01    5.230099e+04    5.455915e+04
3.373000e+01    5.234567e+04    5.449618e+04
3.374000e+01    5.239004e+04    5.443301e+04
3.375000e+01    5.243410e+04    5.436966e+04
3.376000e+01    5.247786e+04    5.430616e+04
3.377000e+01    5.252133e+04    5.424251e+04
3.378000e+01    5.256448e+04    5.417874e+04
3.379000e+01    5.260731e+04    5.411485e+04
3.380000e+01    5.264982e+04    5.405085e+04
3.381000e+01    5.269203e+04    5.398678e+04
3.382000e+01    5.273393e+04    5.392264e+04
3.383000e+01    5.277097e+04    5.385205e+04
3.384000e+01    5.280583e+04    5.377878e+04
3.385000e+01    5.284036e+04    5.370549e+04
3.386000e+01    5.287460e+04    5.363219e+04
3.387000e+01    5.290855e+04    5.355891e+04
3.388000e+01    5.294222e+04    5.348565e+04
3.389000e+01    5.297562e+04    5.341243e+04
3.390000e+01    5.300874e+04    5.333926e+04
3.391000e+01    5.304158e+04    5.326617e+04
3.392000e+01    5.307417e+04    5.319316e+04
3.393000e+01    5.310651e+04    5.312024e+04
3.394000e+01    5.313862e+04    5.304744e+04
3.395000e+01    5.317050e+04    5.297475e+04
3.396000e+01    5.320215e+04    5.290218e+04
3.397000e+01    5.323359e+04    5.282978e+04
3.398000e+01    5.326483e+04    5.275754e+04
3.399000e+01    5.329590e+04    5.268546e+04
3.400000e+01    5.332681e+04    5.261356e+04
3.401000e+01    5.335756e+04    5.254184e+04
3.402000e+01    5.338817e+04    5.247033e+04
3.403000e+01    5.341865e+04    5.239904e+04
3.404000e+01    5.344902e+04    5.232796e+04
3.405000e+01    5.347930e+04    5.225711e+04
3.406000e+01    5.350950e+04    5.218648e+04
3.407000e+01    5.353964e+04    5.211608e+04
3.408000e+01    5.356841e+04    5.204477e+04
3.409000e+01    5.358290e+04    5.196107e+04
3.410000e+01    5.359737e+04    5.187761e+04
3.411000e+01    5.361186e+04    5.179441e+04
3.412000e+01    5.362637e+04    5.171146e+04
3.413000e+01    5.364092e+04    5.162876e+04
3.414000e+01    5.365554e+04    5.154634e+04
3.415000e+01    5.367024e+04    5.146419e+04
3.416000e+01    5.368503e+04    5.138229e+04
3.417000e+01    5.369994e+04    5.130064e+04
3.418000e+01    5.371498e+04    5.121923e+04
3.419000e+01    5.373008e+04    5.113787e+04
3.420000e+01    5.374536e+04    5.105675e+04
3.421000e+01    5.376084e+04    5.097587e+04
3.422000e+01    5.377652e+04    5.089523e+04
3.423000e+01    5.379243e+04    5.081482e+04
3.424000e+01    5.380858e+04    5.073462e+04
3.425000e+01    5.382499e+04    5.065463e+04
3.426000e+01    5.384172e+04    5.057488e+04
3.427000e+01    5.385874e+04    5.049531e+04
3.428000e+01    5.387608e+04    5.041592e+04
3.429000e+01    5.389375e+04    5.033670e+04
3.430000e+01    5.391176e+04    5.025764e+04
3.431000e+01    5.393014e+04    5.017873e+04
3.432000e+01    5.394894e+04    5.009996e+04
3.433000e+01    5.396814e+04    5.002131e+04
3.434000e+01    5.397422e+04    4.993878e+04
3.435000e+01    5.396492e+04    4.985170e+04
3.436000e+01    5.395605e+04    4.976468e+04
3.437000e+01    5.394766e+04    4.967772e+04
3.438000e+01    5.393977e+04    4.959079e+04
3.439000e+01    5.393235e+04    4.950388e+04
3.440000e+01    5.392542e+04    4.941696e+04
3.441000e+01    5.391897e+04    4.933001e+04
3.442000e+01    5.391304e+04    4.924302e+04
3.443000e+01    5.390765e+04    4.915596e+04
3.444000e+01    5.390282e+04    4.906881e+04
3.445000e+01    5.389852e+04    4.898155e+04
3.446000e+01    5.389475e+04    4.889416e+04
3.447000e+01    5.389153e+04    4.880661e+04
3.448000e+01    5.388885e+04    4.871888e+04
3.449000e+01    5.388678e+04    4.863094e+04
3.450000e+01    5.388528e+04    4.854276e+04
3.451000e+01    5.388433e+04    4.845432e+04
3.452000e+01    5.388395e+04    4.836561e+04
3.453000e+01    5.388412e+04    4.827660e+04
3.454000e+01    5.388484e+04    4.818727e+04
3.455000e+01    5.388620e+04    4.809754e+04
3.456000e+01    5.388811e+04    4.800744e+04
3.457000e+01    5.389057e+04    4.791693e+04
3.458000e+01    5.389358e+04    4.782599e+04
3.459000e+01    5.389712e+04    4.773461e+04
3.460000e+01    5.386939e+04    4.764972e+04
3.461000e+01    5.383608e+04    4.756563e+04
3.462000e+01    5.380328e+04    4.748100e+04
3.463000e+01    5.377099e+04    4.739582e+04
3.464000e+01    5.373920e+04    4.731006e+04
3.465000e+01    5.370787e+04    4.722368e+04
3.466000e+01    5.367687e+04    4.713650e+04
3.467000e+01    5.364637e+04    4.704861e+04
3.468000e+01    5.361631e+04    4.696005e+04
3.469000e+01    5.358668e+04    4.687078e+04
3.470000e+01    5.355746e+04    4.678079e+04
3.471000e+01    5.352864e+04    4.669005e+04
3.472000e+01    5.350023e+04    4.659849e+04
3.473000e+01    5.347219e+04    4.650609e+04
3.474000e+01    5.344448e+04    4.641287e+04
3.475000e+01    5.341710e+04    4.631882e+04
3.476000e+01    5.339001e+04    4.622392e+04
3.477000e+01    5.336319e+04    4.612814e+04
3.478000e+01    5.333664e+04    4.603139e+04
3.479000e+01    5.331033e+04    4.593370e+04
3.480000e+01    5.328421e+04    4.583508e+04
3.481000e+01    5.325826e+04    4.573552e+04
3.482000e+01    5.323246e+04    4.563500e+04
3.483000e+01    5.320678e+04    4.553350e+04
3.484000e+01    5.318120e+04    4.543091e+04
3.485000e+01    5.314862e+04    4.533385e+04
3.486000e+01    5.309020e+04    4.525979e+04
3.487000e+01    5.303179e+04    4.518470e+04
3.488000e+01    5.297335e+04    4.510858e+04
3.489000e+01    5.291484e+04    4.503141e+04
3.490000e+01    5.285624e+04    4.495306e+04
3.491000e+01    5.279751e+04    4.487366e+04
3.492000e+01    5.273861e+04    4.479319e+04
3.493000e+01    5.267953e+04    4.471165e+04
3.494000e+01    5.262023e+04    4.462904e+04
3.495000e+01    5.256066e+04    4.454532e+04
3.496000e+01    5.250078e+04    4.446043e+04
3.497000e+01    5.244056e+04    4.437445e+04
3.498000e+01    5.237999e+04    4.428741e+04
3.499000e+01    5.231903e+04    4.419928e+04
3.500000e+01    5.225764e+04    4.411009e+04
3.501000e+01    5.219577e+04    4.401978e+04
3.502000e+01    5.213336e+04    4.392833e+04
3.503000e+01    5.207042e+04    4.383582e+04
3.504000e+01    5.200691e+04    4.374227e+04
3.505000e+01    5.194281e+04    4.364769e+04
3.506000e+01    5.187808e+04    4.355208e+04
3.507000e+01    5.181263e+04    4.345537e+04
3.508000e+01    5.174645e+04    4.335762e+04
3.509000e+01    5.167953e+04    4.325887e+04
3.510000e+01    5.161184e+04    4.315916e+04
3.511000e+01    5.153580e+04    4.308589e+04
3.512000e+01    5.145366e+04    4.303063e+04
3.513000e+01    5.137039e+04    4.297431e+04
3.514000e+01    5.128619e+04    4.291708e+04
3.515000e+01    5.120108e+04    4.285896e+04
3.516000e+01    5.111501e+04    4.279999e+04
3.517000e+01    5.102797e+04    4.274019e+04
3.518000e+01    5.093991e+04    4.267957e+04
3.519000e+01    5.085069e+04    4.261806e+04
3.520000e+01    5.076039e+04    4.255579e+04
3.521000e+01    5.066900e+04    4.249279e+04
3.522000e+01    5.057650e+04    4.242908e+04
3.523000e+01    5.048286e+04    4.236470e+04
3.524000e+01    5.038802e+04    4.229965e+04
3.525000e+01    5.029188e+04    4.223392e+04
3.526000e+01    5.019452e+04    4.216760e+04
3.527000e+01    5.009593e+04    4.210074e+04
3.528000e+01    4.999610e+04    4.203335e+04
3.529000e+01    4.989499e+04    4.196547e+04
3.530000e+01    4.979254e+04    4.189712e+04
3.531000e+01    4.968867e+04    4.182831e+04
3.532000e+01    4.958349e+04    4.175912e+04
3.533000e+01    4.947697e+04    4.168958e+04
3.534000e+01    4.936911e+04    4.161973e+04
3.535000e+01    4.925988e+04    4.154961e+04
3.536000e+01    4.914919e+04    4.147923e+04
3.537000e+01    4.905103e+04    4.145309e+04
3.538000e+01    4.895196e+04    4.142828e+04
3.539000e+01    4.885149e+04    4.140336e+04
3.540000e+01    4.874961e+04    4.137834e+04
3.541000e+01    4.864633e+04    4.135328e+04
3.542000e+01    4.854151e+04    4.132821e+04
3.543000e+01    4.843522e+04    4.130318e+04
3.544000e+01    4.832752e+04    4.127822e+04
3.545000e+01    4.821841e+04    4.125338e+04
3.546000e+01    4.810789e+04    4.122869e+04
3.547000e+01    4.799596e+04    4.120419e+04
3.548000e+01    4.788245e+04    4.117995e+04
3.549000e+01    4.776754e+04    4.115598e+04
3.550000e+01    4.765124e+04    4.113233e+04
3.551000e+01    4.753355e+04    4.110902e+04
3.552000e+01    4.741448e+04    4.108610e+04
3.553000e+01    4.729403e+04    4.106361e+04
3.554000e+01    4.717207e+04    4.104163e+04
3.555000e+01    4.704877e+04    4.102016e+04
3.556000e+01    4.692414e+04    4.099922e+04
3.557000e+01    4.679820e+04    4.097886e+04
3.558000e+01    4.667097e+04    4.095911e+04
3.559000e+01    4.654233e+04    4.094006e+04
3.560000e+01    4.641219e+04    4.092178e+04
3.561000e+01    4.628082e+04    4.090423e+04
3.562000e+01    4.616046e+04    4.089705e+04
3.563000e+01    4.606224e+04    4.090902e+04
3.564000e+01    4.596284e+04    4.092179e+04
3.565000e+01    4.586222e+04    4.093547e+04
3.566000e+01    4.576040e+04    4.095008e+04
3.567000e+01    4.565749e+04    4.096560e+04
3.568000e+01    4.555351e+04    4.098206e+04
3.569000e+01    4.544849e+04    4.099948e+04
3.570000e+01    4.534245e+04    4.101789e+04
3.571000e+01    4.523534e+04    4.103740e+04
3.572000e+01    4.512725e+04    4.105801e+04
3.573000e+01    4.501823e+04    4.107968e+04
3.574000e+01    4.490831e+04    4.110244e+04
3.575000e+01    4.479754e+04    4.112631e+04
3.576000e+01    4.468595e+04    4.115131e+04
3.577000e+01    4.457346e+04    4.117758e+04
3.578000e+01    4.446020e+04    4.120505e+04
3.579000e+01    4.434623e+04    4.123370e+04
3.580000e+01    4.423156e+04    4.126356e+04
3.581000e+01    4.411624e+04    4.129464e+04
3.582000e+01    4.400030e+04    4.132695e+04
3.583000e+01    4.388371e+04    4.136067e+04
3.584000e+01    4.376658e+04    4.139564e+04
3.585000e+01    4.364894e+04    4.143189e+04
3.586000e+01    4.353084e+04    4.146941e+04
3.587000e+01    4.341230e+04    4.150822e+04
3.588000e+01    4.332205e+04    4.154927e+04
3.589000e+01    4.324254e+04    4.159212e+04
3.590000e+01    4.316271e+04    4.163626e+04
3.591000e+01    4.308259e+04    4.168171e+04
3.592000e+01    4.300224e+04    4.172846e+04
3.593000e+01    4.292167e+04    4.177652e+04
3.594000e+01    4.284092e+04    4.182596e+04
3.595000e+01    4.276004e+04    4.187680e+04
3.596000e+01    4.267906e+04    4.192894e+04
3.597000e+01    4.259802e+04    4.198237e+04
3.598000e+01    4.251696e+04    4.203710e+04
3.599000e+01    4.243591e+04    4.209311e+04
3.600000e+01    4.235490e+04    4.215050e+04
3.601000e+01    4.227399e+04    4.220921e+04
3.602000e+01    4.219320e+04    4.226918e+04
3.603000e+01    4.211256e+04    4.233039e+04
3.604000e+01    4.203210e+04    4.239284e+04
3.605000e+01    4.195187e+04    4.245652e+04
3.606000e+01    4.187183e+04    4.252160e+04
3.607000e+01    4.179203e+04    4.258795e+04
3.608000e+01    4.171254e+04    4.265548e+04
3.609000e+01    4.163340e+04    4.272417e+04
3.610000e+01    4.155464e+04    4.279400e+04
3.611000e+01    4.147628e+04    4.286496e+04
3.612000e+01    4.139841e+04    4.293715e+04
3.613000e+01    4.132353e+04    4.300846e+04
3.614000e+01    4.127255e+04    4.306269e+04
3.615000e+01    4.122209e+04    4.311795e+04
3.616000e+01    4.117217e+04    4.317423e+04
3.617000e+01    4.112282e+04    4.323152e+04
3.618000e+01    4.107412e+04    4.328989e+04
3.619000e+01    4.102603e+04    4.334919e+04
3.620000e+01    4.097858e+04    4.340941e+04
3.621000e+01    4.093178e+04    4.347052e+04
3.622000e+01    4.088564e+04    4.353250e+04
3.623000e+01    4.084022e+04    4.359535e+04
3.624000e+01    4.079557e+04    4.365908e+04
3.625000e+01    4.075164e+04    4.372358e+04
3.626000e+01    4.070844e+04    4.378885e+04
3.627000e+01    4.066600e+04    4.385483e+04
3.628000e+01    4.062432e+04    4.392152e+04
3.629000e+01    4.058347e+04    4.398892e+04
3.630000e+01    4.054346e+04    4.405700e+04
3.631000e+01    4.050425e+04    4.412568e+04
3.632000e+01    4.046584e+04    4.419495e+04
3.633000e+01    4.042825e+04    4.426477e+04
3.634000e+01    4.039147e+04    4.433511e+04
3.635000e+01    4.035560e+04    4.440599e+04
3.636000e+01    4.032059e+04    4.447734e+04
3.637000e+01    4.028641e+04    4.454912e+04
3.638000e+01    4.025307e+04    4.462131e+04
3.639000e+01    4.022204e+04    4.468188e+04
3.640000e+01    4.019348e+04    4.472948e+04
3.641000e+01    4.016585e+04    4.477744e+04
3.642000e+01    4.013907e+04    4.482568e+04
3.643000e+01    4.011313e+04    4.487418e+04
3.644000e+01    4.008802e+04    4.492292e+04
3.645000e+01    4.006374e+04    4.497186e+04
3.646000e+01    4.004029e+04    4.502099e+04
3.647000e+01    4.001775e+04    4.507028e+04
3.648000e+01    3.999602e+04    4.511969e+04
3.649000e+01    3.997509e+04    4.516920e+04
3.650000e+01    3.995495e+04    4.521878e+04
3.651000e+01    3.993560e+04    4.526842e+04
3.652000e+01    3.991705e+04    4.531808e+04
3.653000e+01    3.989927e+04    4.536787e+04
3.654000e+01    3.988223e+04    4.541767e+04
3.655000e+01    3.986592e+04    4.546742e+04
3.656000e+01    3.985034e+04    4.551711e+04
3.657000e+01    3.983548e+04    4.556671e+04
3.658000e+01    3.982135e+04    4.561620e+04
3.659000e+01    3.980795e+04    4.566555e+04
3.660000e+01    3.979521e+04    4.571476e+04
3.661000e+01    3.978312e+04    4.576380e+04
3.662000e+01    3.977167e+04    4.581266e+04
3.663000e+01    3.976084e+04    4.586133e+04
3.664000e+01    3.975066e+04    4.590977e+04
3.665000e+01    3.972870e+04    4.594652e+04
3.666000e+01    3.970512e+04    4.598103e+04
3.667000e+01    3.968209e+04    4.601527e+04
3.668000e+01    3.965959e+04    4.604925e+04
3.669000e+01    3.963760e+04    4.608296e+04
3.670000e+01    3.961614e+04    4.611634e+04
3.671000e+01    3.959517e+04    4.614941e+04
3.672000e+01    3.957464e+04    4.618217e+04
3.673000e+01    3.955454e+04    4.621462e+04
3.674000e+01    3.953486e+04    4.624674e+04
3.675000e+01    3.951556e+04    4.627852e+04
3.676000e+01    3.949669e+04    4.630993e+04
3.677000e+01    3.947816e+04    4.634100e+04
3.678000e+01    3.945997e+04    4.637172e+04
3.679000e+01    3.944209e+04    4.640208e+04
3.680000e+01    3.942450e+04    4.643210e+04
3.681000e+01    3.940719e+04    4.646176e+04
3.682000e+01    3.939015e+04    4.649102e+04
3.683000e+01    3.937335e+04    4.651992e+04
3.684000e+01    3.935676e+04    4.654847e+04
3.685000e+01    3.934037e+04    4.657666e+04
3.686000e+01    3.932416e+04    4.660450e+04
3.687000e+01    3.930811e+04    4.663198e+04
3.688000e+01    3.929222e+04    4.665909e+04
3.689000e+01    3.927645e+04    4.668585e+04
3.690000e+01    3.925696e+04    4.671361e+04
3.691000e+01    3.922451e+04    4.674561e+04
3.692000e+01    3.919214e+04    4.677728e+04
3.693000e+01    3.915983e+04    4.680860e+04
3.694000e+01    3.912756e+04    4.683960e+04
3.695000e+01    3.909532e+04    4.687029e+04
3.696000e+01    3.906308e+04    4.690068e+04
3.697000e+01    3.903085e+04    4.693078e+04
3.698000e+01    3.899860e+04    4.696060e+04
3.699000e+01    3.896633e+04    4.699013e+04
3.700000e+01    3.893400e+04    4.701954e+04
3.701000e+01    3.890161e+04    4.704872e+04
3.702000e+01    3.886916e+04    4.707767e+04
3.703000e+01    3.883664e+04    4.710639e+04
3.704000e+01    3.880405e+04    4.713490e+04
3.705000e+01    3.877135e+04    4.716318e+04
3.706000e+01    3.873855e+04    4.719127e+04
3.707000e+01    3.870565e+04    4.721918e+04
3.708000e+01    3.867263e+04    4.724693e+04
3.709000e+01    3.863949e+04    4.727452e+04
3.710000e+01    3.860623e+04    4.730198e+04
3.711000e+01    3.857282e+04    4.732929e+04
3.712000e+01    3.853927e+04    4.735649e+04
3.713000e+01    3.850558e+04    4.738359e+04
3.714000e+01    3.847175e+04    4.741060e+04
3.715000e+01    3.843777e+04    4.743754e+04
3.716000e+01    3.840120e+04    4.747590e+04
3.717000e+01    3.836286e+04    4.752175e+04
3.718000e+01    3.832438e+04    4.756757e+04
3.719000e+01    3.828574e+04    4.761337e+04
3.720000e+01    3.824695e+04    4.765916e+04
3.721000e+01    3.820802e+04    4.770495e+04
3.722000e+01    3.816892e+04    4.775075e+04
3.723000e+01    3.812967e+04    4.779659e+04
3.724000e+01    3.809027e+04    4.784247e+04
3.725000e+01    3.805074e+04    4.788841e+04
3.726000e+01    3.801107e+04    4.793440e+04
3.727000e+01    3.797126e+04    4.798047e+04
3.728000e+01    3.793132e+04    4.802664e+04
3.729000e+01    3.789125e+04    4.807291e+04
3.730000e+01    3.785107e+04    4.811928e+04
3.731000e+01    3.781077e+04    4.816578e+04
3.732000e+01    3.777037e+04    4.821240e+04
3.733000e+01    3.772987e+04    4.825915e+04
3.734000e+01    3.768928e+04    4.830607e+04
3.735000e+01    3.764860e+04    4.835314e+04
3.736000e+01    3.760785e+04    4.840038e+04
3.737000e+01    3.756704e+04    4.844778e+04
3.738000e+01    3.752617e+04    4.849536e+04
3.739000e+01    3.748525e+04    4.854313e+04
3.740000e+01    3.744429e+04    4.859110e+04
3.741000e+01    3.740331e+04    4.863927e+04
3.742000e+01    3.737581e+04    4.870446e+04
3.743000e+01    3.734858e+04    4.877018e+04
3.744000e+01    3.732133e+04    4.883610e+04
3.745000e+01    3.729410e+04    4.890224e+04
3.746000e+01    3.726690e+04    4.896863e+04
3.747000e+01    3.723976e+04    4.903540e+04
3.748000e+01    3.721266e+04    4.910238e+04
3.749000e+01    3.718563e+04    4.916958e+04
3.750000e+01    3.715866e+04    4.923701e+04
3.751000e+01    3.713177e+04    4.930467e+04
3.752000e+01    3.710498e+04    4.937256e+04
3.753000e+01    3.707828e+04    4.944068e+04
3.754000e+01    3.705170e+04    4.950902e+04
3.755000e+01    3.702524e+04    4.957757e+04
3.756000e+01    3.699891e+04    4.964634e+04
3.757000e+01    3.697274e+04    4.971534e+04
3.758000e+01    3.694672e+04    4.978455e+04
3.759000e+01    3.692087e+04    4.985398e+04
3.760000e+01    3.689519e+04    4.992360e+04
3.761000e+01    3.686969e+04    4.999342e+04
3.762000e+01    3.684438e+04    5.006343e+04
3.763000e+01    3.681930e+04    5.013365e+04
3.764000e+01    3.679443e+04    5.020405e+04
3.765000e+01    3.676978e+04    5.027462e+04
3.766000e+01    3.674535e+04    5.034537e+04
3.767000e+01    3.672956e+04    5.041704e+04
3.768000e+01    3.672914e+04    5.049025e+04
3.769000e+01    3.672900e+04    5.056362e+04
3.770000e+01    3.672912e+04    5.063713e+04
3.771000e+01    3.672950e+04    5.071076e+04
3.772000e+01    3.673016e+04    5.078451e+04
3.773000e+01    3.673109e+04    5.085838e+04
3.774000e+01    3.673231e+04    5.093234e+04
3.775000e+01    3.673384e+04    5.100640e+04
3.776000e+01    3.673566e+04    5.108054e+04
3.777000e+01    3.673779e+04    5.115475e+04
3.778000e+01    3.674020e+04    5.122902e+04
3.779000e+01    3.674293e+04    5.130334e+04
3.780000e+01    3.674596e+04    5.137770e+04
3.781000e+01    3.674934e+04    5.145208e+04
3.782000e+01    3.675302e+04    5.152649e+04
3.783000e+01    3.675701e+04    5.160089e+04
3.784000e+01    3.676131e+04    5.167530e+04
3.785000e+01    3.676592e+04    5.174968e+04
3.786000e+01    3.677086e+04    5.182404e+04
3.787000e+01    3.677613e+04    5.189835e+04
3.788000e+01    3.678172e+04    5.197261e+04
3.789000e+01    3.678760e+04    5.204681e+04
3.790000e+01    3.679380e+04    5.212094e+04
3.791000e+01    3.680030e+04    5.219499e+04
3.792000e+01    3.680712e+04    5.226893e+04
3.793000e+01    3.682766e+04    5.233180e+04
3.794000e+01    3.685343e+04    5.239068e+04
3.795000e+01    3.687949e+04    5.244943e+04
3.796000e+01    3.690584e+04    5.250805e+04
3.797000e+01    3.693246e+04    5.256652e+04
3.798000e+01    3.695938e+04    5.262482e+04
3.799000e+01    3.698657e+04    5.268295e+04
3.800000e+01    3.701403e+04    5.274090e+04
3.801000e+01    3.704173e+04    5.279867e+04
3.802000e+01    3.706968e+04    5.285625e+04
3.803000e+01    3.709787e+04    5.291362e+04
3.804000e+01    3.712631e+04    5.297076e+04
3.805000e+01    3.715497e+04    5.302769e+04
3.806000e+01    3.718385e+04    5.308438e+04
3.807000e+01    3.721292e+04    5.314085e+04
3.808000e+01    3.724220e+04    5.319708e+04
3.809000e+01    3.727166e+04    5.325306e+04
3.810000e+01    3.730131e+04    5.330877e+04
3.811000e+01    3.733113e+04    5.336422e+04
3.812000e+01    3.736110e+04    5.341940e+04
3.813000e+01    3.739121e+04    5.347433e+04
3.814000e+01    3.742145e+04    5.352898e+04
3.815000e+01    3.745183e+04    5.358335e+04
3.816000e+01    3.748232e+04    5.363742e+04
3.817000e+01    3.751291e+04    5.369121e+04
3.818000e+01    3.754379e+04    5.374229e+04
3.819000e+01    3.757638e+04    5.377344e+04
3.820000e+01    3.760904e+04    5.380431e+04
3.821000e+01    3.764176e+04    5.383488e+04
3.822000e+01    3.767452e+04    5.386514e+04
3.823000e+01    3.770732e+04    5.389512e+04
3.824000e+01    3.774013e+04    5.392481e+04
3.825000e+01    3.777295e+04    5.395422e+04
3.826000e+01    3.780577e+04    5.398334e+04
3.827000e+01    3.783857e+04    5.401215e+04
3.828000e+01    3.787134e+04    5.404068e+04
3.829000e+01    3.790408e+04    5.406893e+04
3.830000e+01    3.793676e+04    5.409690e+04
3.831000e+01    3.796938e+04    5.412461e+04
3.832000e+01    3.800194e+04    5.415205e+04
3.833000e+01    3.803440e+04    5.417919e+04
3.834000e+01    3.806677e+04    5.420608e+04
3.835000e+01    3.809904e+04    5.423271e+04
3.836000e+01    3.813120e+04    5.425911e+04
3.837000e+01    3.816324e+04    5.428526e+04
3.838000e+01    3.819514e+04    5.431118e+04
3.839000e+01    3.822689e+04    5.433684e+04
3.840000e+01    3.825858e+04    5.436236e+04
3.841000e+01    3.829021e+04    5.438772e+04
3.842000e+01    3.832167e+04    5.441288e+04
3.843000e+01    3.835295e+04    5.443784e+04
3.844000e+01    3.837728e+04    5.445571e+04
3.845000e+01    3.839425e+04    5.446610e+04
3.846000e+01    3.841104e+04    5.447632e+04
3.847000e+01    3.842762e+04    5.448639e+04
3.848000e+01    3.844399e+04    5.449631e+04
3.849000e+01    3.846015e+04    5.450609e+04
3.850000e+01    3.847607e+04    5.451573e+04
3.851000e+01    3.849176e+04    5.452524e+04
3.852000e+01    3.850723e+04    5.453465e+04
3.853000e+01    3.852246e+04    5.454397e+04
3.854000e+01    3.853745e+04    5.455320e+04
3.855000e+01    3.855220e+04    5.456234e+04
3.856000e+01    3.856669e+04    5.457142e+04
3.857000e+01    3.858093e+04    5.458045e+04
3.858000e+01    3.859492e+04    5.458943e+04
3.859000e+01    3.860867e+04    5.459838e+04
3.860000e+01    3.862217e+04    5.460731e+04
3.861000e+01    3.863542e+04    5.461624e+04
3.862000e+01    3.864840e+04    5.462517e+04
3.863000e+01    3.866112e+04    5.463411e+04
3.864000e+01    3.867360e+04    5.464308e+04
3.865000e+01    3.868584e+04    5.465209e+04
3.866000e+01    3.869783e+04    5.466114e+04
3.867000e+01    3.870958e+04    5.467025e+04
3.868000e+01    3.872106e+04    5.467944e+04
3.869000e+01    3.873230e+04    5.468871e+04
3.870000e+01    3.872800e+04    5.470037e+04
3.871000e+01    3.872105e+04    5.471250e+04
3.872000e+01    3.871387e+04    5.472474e+04
3.873000e+01    3.870647e+04    5.473711e+04
3.874000e+01    3.869883e+04    5.474962e+04
3.875000e+01    3.869099e+04    5.476227e+04
3.876000e+01    3.868295e+04    5.477507e+04
3.877000e+01    3.867471e+04    5.478803e+04
3.878000e+01    3.866629e+04    5.480115e+04
3.879000e+01    3.865767e+04    5.481446e+04
3.880000e+01    3.864886e+04    5.482797e+04
3.881000e+01    3.863989e+04    5.484166e+04
3.882000e+01    3.863076e+04    5.485556e+04
3.883000e+01    3.862148e+04    5.486966e+04
3.884000e+01    3.861205e+04    5.488397e+04
3.885000e+01    3.860248e+04    5.489852e+04
3.886000e+01    3.859278e+04    5.491331e+04
3.887000e+01    3.858314e+04    5.492835e+04
3.888000e+01    3.857345e+04    5.494363e+04
3.889000e+01    3.856368e+04    5.495916e+04
3.890000e+01    3.855381e+04    5.497493e+04
3.891000e+01    3.854386e+04    5.499098e+04
3.892000e+01    3.853384e+04    5.500728e+04
3.893000e+01    3.852376e+04    5.502384e+04
3.894000e+01    3.851363e+04    5.504066e+04
3.895000e+01    3.850178e+04    5.506158e+04
3.896000e+01    3.848456e+04    5.509493e+04
3.897000e+01    3.846733e+04    5.512858e+04
3.898000e+01    3.845008e+04    5.516250e+04
3.899000e+01    3.843284e+04    5.519668e+04
3.900000e+01    3.841562e+04    5.523113e+04
3.901000e+01    3.839842e+04    5.526585e+04
3.902000e+01    3.838126e+04    5.530084e+04
3.903000e+01    3.836414e+04    5.533612e+04
3.904000e+01    3.834709e+04    5.537167e+04
3.905000e+01    3.833010e+04    5.540748e+04
3.906000e+01    3.831319e+04    5.544355e+04
3.907000e+01    3.829636e+04    5.547987e+04
3.908000e+01    3.827963e+04    5.551647e+04
3.909000e+01    3.826302e+04    5.555333e+04
3.910000e+01    3.824652e+04    5.559044e+04
3.911000e+01    3.823014e+04    5.562780e+04
3.912000e+01    3.821390e+04    5.566539e+04
3.913000e+01    3.819780e+04    5.570321e+04
3.914000e+01    3.818186e+04    5.574128e+04
3.915000e+01    3.816608e+04    5.577959e+04
3.916000e+01    3.815047e+04    5.581811e+04
3.917000e+01    3.813504e+04    5.585685e+04
3.918000e+01    3.811978e+04    5.589578e+04
3.919000e+01    3.810472e+04    5.593492e+04
3.920000e+01    3.808986e+04    5.597426e+04
3.921000e+01    3.808151e+04    5.602350e+04
3.922000e+01    3.807729e+04    5.607897e+04
3.923000e+01    3.807327e+04    5.613460e+04
3.924000e+01    3.806948e+04    5.619039e+04
3.925000e+01    3.806591e+04    5.624634e+04
3.926000e+01    3.806260e+04    5.630245e+04
3.927000e+01    3.805952e+04    5.635869e+04
3.928000e+01    3.805669e+04    5.641506e+04
3.929000e+01    3.805409e+04    5.647155e+04
3.930000e+01    3.805174e+04    5.652815e+04
3.931000e+01    3.804963e+04    5.658485e+04
3.932000e+01    3.804780e+04    5.664165e+04
3.933000e+01    3.804622e+04    5.669853e+04
3.934000e+01    3.804508e+04    5.675543e+04
3.935000e+01    3.804424e+04    5.681237e+04
3.936000e+01    3.804366e+04    5.686938e+04
3.937000e+01    3.804334e+04    5.692642e+04
3.938000e+01    3.804331e+04    5.698351e+04
3.939000e+01    3.804352e+04    5.704063e+04
3.940000e+01    3.804399e+04    5.709776e+04
3.941000e+01    3.804472e+04    5.715491e+04
3.942000e+01    3.804570e+04    5.721205e+04
3.943000e+01    3.804694e+04    5.726919e+04
3.944000e+01    3.804845e+04    5.732630e+04
3.945000e+01    3.805020e+04    5.738338e+04
3.946000e+01    3.805219e+04    5.744044e+04
3.947000e+01    3.807527e+04    5.749906e+04
3.948000e+01    3.809873e+04    5.755765e+04
3.949000e+01    3.812245e+04    5.761618e+04
3.950000e+01    3.814640e+04    5.767463e+04
3.951000e+01    3.817058e+04    5.773302e+04
3.952000e+01    3.819497e+04    5.779132e+04
3.953000e+01    3.821957e+04    5.784953e+04
3.954000e+01    3.824439e+04    5.790765e+04
3.955000e+01    3.826942e+04    5.796566e+04
3.956000e+01    3.829465e+04    5.802356e+04
3.957000e+01    3.832006e+04    5.808134e+04
3.958000e+01    3.834566e+04    5.813900e+04
3.959000e+01    3.837143e+04    5.819654e+04
3.960000e+01    3.839737e+04    5.825396e+04
3.961000e+01    3.842349e+04    5.831122e+04
3.962000e+01    3.844976e+04    5.836834e+04
3.963000e+01    3.847618e+04    5.842533e+04
3.964000e+01    3.850273e+04    5.848217e+04
3.965000e+01    3.852941e+04    5.853886e+04
3.966000e+01    3.855622e+04    5.859540e+04
3.967000e+01    3.858315e+04    5.865177e+04
3.968000e+01    3.861018e+04    5.870798e+04
3.969000e+01    3.863731e+04    5.876404e+04
3.970000e+01    3.866452e+04    5.881993e+04
3.971000e+01    3.869182e+04    5.887567e+04
3.972000e+01    3.872534e+04    5.892516e+04
3.973000e+01    3.876942e+04    5.896409e+04
3.974000e+01    3.881356e+04    5.900286e+04
3.975000e+01    3.885774e+04    5.904147e+04
3.976000e+01    3.890196e+04    5.907993e+04
3.977000e+01    3.894621e+04    5.911823e+04
3.978000e+01    3.899048e+04    5.915637e+04
3.979000e+01    3.903476e+04    5.919435e+04
3.980000e+01    3.907904e+04    5.923218e+04
3.981000e+01    3.912349e+04    5.926971e+04
3.982000e+01    3.916793e+04    5.930710e+04
3.983000e+01    3.921235e+04    5.934434e+04
3.984000e+01    3.925673e+04    5.938144e+04
3.985000e+01    3.930108e+04    5.941840e+04
3.986000e+01    3.934538e+04    5.945524e+04
3.987000e+01    3.938964e+04    5.949196e+04
3.988000e+01    3.943384e+04    5.952857e+04
3.989000e+01    3.947797e+04    5.956507e+04
3.990000e+01    3.952203e+04    5.960145e+04
3.991000e+01    3.956601e+04    5.963774e+04
3.992000e+01    3.960991e+04    5.967394e+04
3.993000e+01    3.965373e+04    5.971006e+04
3.994000e+01    3.969745e+04    5.974610e+04
3.995000e+01    3.974106e+04    5.978208e+04
3.996000e+01    3.978457e+04    5.981798e+04
3.997000e+01    3.982797e+04    5.985383e+04
3.998000e+01    3.987064e+04    5.987077e+04
3.999000e+01    3.991298e+04    5.988124e+04
4.000000e+01    3.995521e+04    5.989169e+04
4.001000e+01    3.999732e+04    5.990212e+04
4.002000e+01    4.003929e+04    5.991254e+04
4.003000e+01    4.008114e+04    5.992296e+04
4.004000e+01    4.012287e+04    5.993340e+04
4.005000e+01    4.016447e+04    5.994385e+04
4.006000e+01    4.020594e+04    5.995434e+04
4.007000e+01    4.024728e+04    5.996486e+04
4.008000e+01    4.028848e+04    5.997544e+04
4.009000e+01    4.032955e+04    5.998608e+04
4.010000e+01    4.037050e+04    5.999679e+04
4.011000e+01    4.041132e+04    6.000758e+04
4.012000e+01    4.045202e+04    6.001845e+04
4.013000e+01    4.049259e+04    6.002943e+04
4.014000e+01    4.053303e+04    6.004052e+04
4.015000e+01    4.057336e+04    6.005173e+04
4.016000e+01    4.061357e+04    6.006307e+04
4.017000e+01    4.065368e+04    6.007455e+04
4.018000e+01    4.069368e+04    6.008616e+04
4.019000e+01    4.073356e+04    6.009796e+04
4.020000e+01    4.077335e+04    6.010992e+04
4.021000e+01    4.081305e+04    6.012205e+04
4.022000e+01    4.085266e+04    6.013436e+04
4.023000e+01    4.088975e+04    6.014469e+04
4.024000e+01    4.090933e+04    6.013971e+04
4.025000e+01    4.092883e+04    6.013496e+04
4.026000e+01    4.094827e+04    6.013043e+04
4.027000e+01    4.096769e+04    6.012609e+04
4.028000e+01    4.098714e+04    6.012182e+04
4.029000e+01    4.100656e+04    6.011780e+04
4.030000e+01    4.102596e+04    6.011402e+04
4.031000e+01    4.104534e+04    6.011053e+04
4.032000e+01    4.106471e+04    6.010730e+04
4.033000e+01    4.108409e+04    6.010433e+04
4.034000e+01    4.110348e+04    6.010163e+04
4.035000e+01    4.112290e+04    6.009922e+04
4.036000e+01    4.114235e+04    6.009710e+04
4.037000e+01    4.116185e+04    6.009529e+04
4.038000e+01    4.118141e+04    6.009377e+04
4.039000e+01    4.120103e+04    6.009255e+04
4.040000e+01    4.122073e+04    6.009163e+04
4.041000e+01    4.124053e+04    6.009102e+04
4.042000e+01    4.126043e+04    6.009073e+04
4.043000e+01    4.128046e+04    6.009077e+04
4.044000e+01    4.130061e+04    6.009112e+04
4.045000e+01    4.132090e+04    6.009179e+04
4.046000e+01    4.134135e+04    6.009276e+04
4.047000e+01    4.136195e+04    6.009405e+04
4.048000e+01    4.138275e+04    6.009569e+04
4.049000e+01    4.139012e+04    6.009879e+04
4.050000e+01    4.138403e+04    6.010336e+04
4.051000e+01    4.137816e+04    6.010825e+04
4.052000e+01    4.137252e+04    6.011344e+04
4.053000e+01    4.136712e+04    6.011895e+04
4.054000e+01    4.136200e+04    6.012481e+04
4.055000e+01    4.135716e+04    6.013097e+04
4.056000e+01    4.135260e+04    6.013743e+04
4.057000e+01    4.134833e+04    6.014419e+04
4.058000e+01    4.134437e+04    6.015125e+04
4.059000e+01    4.134073e+04    6.015860e+04
4.060000e+01    4.133746e+04    6.016627e+04
4.061000e+01    4.133454e+04    6.017421e+04
4.062000e+01    4.133197e+04    6.018243e+04
4.063000e+01    4.132978e+04    6.019091e+04
4.064000e+01    4.132796e+04    6.019966e+04
4.065000e+01    4.132657e+04    6.020867e+04
4.066000e+01    4.132561e+04    6.021794e+04
4.067000e+01    4.132507e+04    6.022745e+04
4.068000e+01    4.132496e+04    6.023719e+04
4.069000e+01    4.132529e+04    6.024715e+04
4.070000e+01    4.132607e+04    6.025732e+04
4.071000e+01    4.132736e+04    6.026771e+04
4.072000e+01    4.132914e+04    6.027830e+04
4.073000e+01    4.133141e+04    6.028906e+04
4.074000e+01    4.133418e+04    6.029992e+04
4.075000e+01    4.132233e+04    6.032986e+04
4.076000e+01    4.130884e+04    6.036266e+04
4.077000e+01    4.129592e+04    6.039560e+04
4.078000e+01    4.128355e+04    6.042867e+04
4.079000e+01    4.127173e+04    6.046185e+04
4.080000e+01    4.126045e+04    6.049512e+04
4.081000e+01    4.124972e+04    6.052848e+04
4.082000e+01    4.123956e+04    6.056191e+04
4.083000e+01    4.123004e+04    6.059541e+04
4.084000e+01    4.122110e+04    6.062894e+04
4.085000e+01    4.121274e+04    6.066251e+04
4.086000e+01    4.120497e+04    6.069608e+04
4.087000e+01    4.119780e+04    6.072966e+04
4.088000e+01    4.119123e+04    6.076322e+04
4.089000e+01    4.118534e+04    6.079675e+04
4.090000e+01    4.118005e+04    6.083023e+04
4.091000e+01    4.117538e+04    6.086365e+04
4.092000e+01    4.117132e+04    6.089700e+04
4.093000e+01    4.116788e+04    6.093025e+04
4.094000e+01    4.116508e+04    6.096339e+04
4.095000e+01    4.116296e+04    6.099639e+04
4.096000e+01    4.116147e+04    6.102925e+04
4.097000e+01    4.116060e+04    6.106196e+04
4.098000e+01    4.116035e+04    6.109449e+04
4.099000e+01    4.116073e+04    6.112684e+04
4.100000e+01    4.116281e+04    6.116596e+04
4.101000e+01    4.116863e+04    6.122557e+04
4.102000e+01    4.117507e+04    6.128494e+04
4.103000e+01    4.118213e+04    6.134406e+04
4.104000e+01    4.118981e+04    6.140291e+04
4.105000e+01    4.119811e+04    6.146148e+04
4.106000e+01    4.120708e+04    6.151971e+04
4.107000e+01    4.121668e+04    6.157762e+04
4.108000e+01    4.122689e+04    6.163519e+04
4.109000e+01    4.123770e+04    6.169241e+04
4.110000e+01    4.124910e+04    6.174926e+04
4.111000e+01    4.126110e+04    6.180573e+04
4.112000e+01    4.127375e+04    6.186176e+04
4.113000e+01    4.128699e+04    6.191737e+04
4.114000e+01    4.130080e+04    6.197254e+04
4.115000e+01    4.131517e+04    6.202728e+04
4.116000e+01    4.133011e+04    6.208155e+04
4.117000e+01    4.134560e+04    6.213535e+04
4.118000e+01    4.136170e+04    6.218860e+04
4.119000e+01    4.137833e+04    6.224134e+04
4.120000e+01    4.139549e+04    6.229357e+04
4.121000e+01    4.141316e+04    6.234516e+04
4.122000e+01    4.143132e+04    6.239609e+04
4.123000e+01    4.145000e+04    6.244645e+04
4.124000e+01    4.146921e+04    6.249618e+04
4.125000e+01    4.148889e+04    6.254533e+04
4.126000e+01    4.152363e+04    6.260388e+04
4.127000e+01    4.156742e+04    6.266773e+04
4.128000e+01    4.161166e+04    6.273096e+04
4.129000e+01    4.165635e+04    6.279352e+04
4.130000e+01    4.170148e+04    6.285538e+04
4.131000e+01    4.174702e+04    6.291659e+04
4.132000e+01    4.179294e+04    6.297712e+04
4.133000e+01    4.183924e+04    6.303697e+04
4.134000e+01    4.188590e+04    6.309614e+04
4.135000e+01    4.193294e+04    6.315454e+04
4.136000e+01    4.198032e+04    6.321221e+04
4.137000e+01    4.202802e+04    6.326915e+04
4.138000e+01    4.207603e+04    6.332536e+04
4.139000e+01    4.212433e+04    6.338083e+04
4.140000e+01    4.217290e+04    6.343556e+04
4.141000e+01    4.222176e+04    6.348945e+04
4.142000e+01    4.227087e+04    6.354257e+04
4.143000e+01    4.232021e+04    6.359492e+04
4.144000e+01    4.236975e+04    6.364649e+04
4.145000e+01    4.241950e+04    6.369728e+04
4.146000e+01    4.246942e+04    6.374728e+04
4.147000e+01    4.251953e+04    6.379638e+04
4.148000e+01    4.256979e+04    6.384469e+04
4.149000e+01    4.262017e+04    6.389219e+04
4.150000e+01    4.267067e+04    6.393888e+04
4.151000e+01    4.272141e+04    6.398473e+04
4.152000e+01    4.279954e+04    6.402354e+04
4.153000e+01    4.287774e+04    6.406145e+04
4.154000e+01    4.295597e+04    6.409852e+04
4.155000e+01    4.303423e+04    6.413477e+04
4.156000e+01    4.311249e+04    6.417018e+04
4.157000e+01    4.319076e+04    6.420477e+04
4.158000e+01    4.326899e+04    6.423848e+04
4.159000e+01    4.334719e+04    6.427130e+04
4.160000e+01    4.342532e+04    6.430328e+04
4.161000e+01    4.350338e+04    6.433443e+04
4.162000e+01    4.358135e+04    6.436475e+04
4.163000e+01    4.365921e+04    6.439424e+04
4.164000e+01    4.373693e+04    6.442284e+04
4.165000e+01    4.381451e+04    6.445057e+04
4.166000e+01    4.389192e+04    6.447746e+04
4.167000e+01    4.396915e+04    6.450353e+04
4.168000e+01    4.404612e+04    6.452863e+04
4.169000e+01    4.412287e+04    6.455285e+04
4.170000e+01    4.419936e+04    6.457617e+04
4.171000e+01    4.427559e+04    6.459866e+04
4.172000e+01    4.435156e+04    6.462033e+04
4.173000e+01    4.442725e+04    6.464120e+04
4.174000e+01    4.450264e+04    6.466128e+04
4.175000e+01    4.457772e+04    6.468055e+04
4.176000e+01    4.465243e+04    6.469895e+04
4.177000e+01    4.473213e+04    6.470724e+04
4.178000e+01    4.482009e+04    6.469968e+04
4.179000e+01    4.490767e+04    6.469134e+04
4.180000e+01    4.499487e+04    6.468225e+04
4.181000e+01    4.508164e+04    6.467239e+04
4.182000e+01    4.516794e+04    6.466169e+04
4.183000e+01    4.525380e+04    6.465026e+04
4.184000e+01    4.533919e+04    6.463809e+04
4.185000e+01    4.542412e+04    6.462521e+04
4.186000e+01    4.550856e+04    6.461160e+04
4.187000e+01    4.559248e+04    6.459727e+04
4.188000e+01    4.567583e+04    6.458217e+04
4.189000e+01    4.575865e+04    6.456640e+04
4.190000e+01    4.584093e+04    6.454995e+04
4.191000e+01    4.592265e+04    6.453283e+04
4.192000e+01    4.600379e+04    6.451506e+04
4.193000e+01    4.608431e+04    6.449660e+04
4.194000e+01    4.616420e+04    6.447748e+04
4.195000e+01    4.624346e+04    6.445773e+04
4.196000e+01    4.632210e+04    6.443738e+04
4.197000e+01    4.640011e+04    6.441643e+04
4.198000e+01    4.647746e+04    6.439490e+04
4.199000e+01    4.655409e+04    6.437276e+04
4.200000e+01    4.663002e+04    6.435003e+04
4.201000e+01    4.670527e+04    6.432676e+04
4.202000e+01    4.677981e+04    6.430296e+04
4.203000e+01    4.684714e+04    6.425835e+04
4.204000e+01    4.691169e+04    6.420678e+04
4.205000e+01    4.697542e+04    6.415467e+04
4.206000e+01    4.703840e+04    6.410208e+04
4.207000e+01    4.710063e+04    6.404903e+04
4.208000e+01    4.716210e+04    6.399553e+04
4.209000e+01    4.722279e+04    6.394161e+04
4.210000e+01    4.728270e+04    6.388726e+04
4.211000e+01    4.734174e+04    6.383247e+04
4.212000e+01    4.739997e+04    6.377731e+04
4.213000e+01    4.745741e+04    6.372178e+04
4.214000e+01    4.751403e+04    6.366590e+04
4.215000e+01    4.756969e+04    6.360952e+04
4.216000e+01    4.762450e+04    6.355281e+04
4.217000e+01    4.767838e+04    6.349576e+04
4.218000e+01    4.773144e+04    6.343844e+04
4.219000e+01    4.778365e+04    6.338085e+04
4.220000e+01    4.783501e+04    6.332302e+04
4.221000e+01    4.788552e+04    6.326495e+04
4.222000e+01    4.793513e+04    6.320667e+04
4.223000e+01    4.798381e+04    6.314817e+04
4.224000e+01    4.803163e+04    6.308950e+04
4.225000e+01    4.807857e+04    6.303067e+04
4.226000e+01    4.812465e+04    6.297170e+04
4.227000e+01    4.816985e+04    6.291260e+04
4.228000e+01    4.821065e+04    6.285181e+04
4.229000e+01    4.822836e+04    6.278076e+04
4.230000e+01    4.824519e+04    6.270965e+04
4.231000e+01    4.826114e+04    6.263849e+04
4.232000e+01    4.827620e+04    6.256730e+04
4.233000e+01    4.829039e+04    6.249610e+04
4.234000e+01    4.830360e+04    6.242490e+04
4.235000e+01    4.831591e+04    6.235373e+04
4.236000e+01    4.832733e+04    6.228261e+04
4.237000e+01    4.833788e+04    6.221154e+04
4.238000e+01    4.834754e+04    6.214056e+04
4.239000e+01    4.835633e+04    6.206967e+04
4.240000e+01    4.836414e+04    6.199892e+04
4.241000e+01    4.837107e+04    6.192831e+04
4.242000e+01    4.837714e+04    6.185785e+04
4.243000e+01    4.838235e+04    6.178756e+04
4.244000e+01    4.838670e+04    6.171747e+04
4.245000e+01    4.839018e+04    6.164759e+04
4.246000e+01    4.839271e+04    6.157797e+04
4.247000e+01    4.839441e+04    6.150859e+04
4.248000e+01    4.839527e+04    6.143948e+04
4.249000e+01    4.839530e+04    6.137065e+04
4.250000e+01    4.839450e+04    6.130211e+04
4.251000e+01    4.839285e+04    6.123391e+04
4.252000e+01    4.839033e+04    6.116607e+04
4.253000e+01    4.838701e+04    6.109859e+04
4.254000e+01    4.836949e+04    6.103708e+04
4.255000e+01    4.833840e+04    6.098131e+04
4.256000e+01    4.830653e+04    6.092595e+04
4.257000e+01    4.827386e+04    6.087103e+04
4.258000e+01    4.824038e+04    6.081658e+04
4.259000e+01    4.820617e+04    6.076258e+04
4.260000e+01    4.817123e+04    6.070905e+04
4.261000e+01    4.813554e+04    6.065599e+04
4.262000e+01    4.809895e+04    6.060334e+04
4.263000e+01    4.806160e+04    6.055125e+04
4.264000e+01    4.802354e+04    6.049970e+04
4.265000e+01    4.798482e+04    6.044870e+04
4.266000e+01    4.794543e+04    6.039826e+04
4.267000e+01    4.790541e+04    6.034839e+04
4.268000e+01    4.786476e+04    6.029910e+04
4.269000e+01    4.782343e+04    6.025048e+04
4.270000e+01    4.778150e+04    6.020249e+04
4.271000e+01    4.773898e+04    6.015511e+04
4.272000e+01    4.769590e+04    6.010837e+04
4.273000e+01    4.765226e+04    6.006228e+04
4.274000e+01    4.760809e+04    6.001686e+04
4.275000e+01    4.756334e+04    5.997218e+04
4.276000e+01    4.751809e+04    5.992818e+04
4.277000e+01    4.747236e+04    5.988488e+04
4.278000e+01    4.742615e+04    5.984227e+04
4.279000e+01    4.737950e+04    5.980037e+04
4.280000e+01    4.732352e+04    5.978301e+04
4.281000e+01    4.726596e+04    5.976945e+04
4.282000e+01    4.720801e+04    5.975663e+04
4.283000e+01    4.714969e+04    5.974454e+04
4.284000e+01    4.709101e+04    5.973320e+04
4.285000e+01    4.703200e+04    5.972262e+04
4.286000e+01    4.697264e+04    5.971284e+04
4.287000e+01    4.691297e+04    5.970387e+04
4.288000e+01    4.685301e+04    5.969568e+04
4.289000e+01    4.679280e+04    5.968827e+04
4.290000e+01    4.673234e+04    5.968163e+04
4.291000e+01    4.667166e+04    5.967577e+04
4.292000e+01    4.661076e+04    5.967075e+04
4.293000e+01    4.654967e+04    5.966656e+04
4.294000e+01    4.648843e+04    5.966316e+04
4.295000e+01    4.642704e+04    5.966054e+04
4.296000e+01    4.636552e+04    5.965872e+04
4.297000e+01    4.630391e+04    5.965768e+04
4.298000e+01    4.624220e+04    5.965751e+04
4.299000e+01    4.618044e+04    5.965815e+04
4.300000e+01    4.611863e+04    5.965958e+04
4.301000e+01    4.605680e+04    5.966179e+04
4.302000e+01    4.599497e+04    5.966477e+04
4.303000e+01    4.593316e+04    5.966854e+04
4.304000e+01    4.587138e+04    5.967318e+04
4.305000e+01    4.581297e+04    5.968541e+04
4.306000e+01    4.576378e+04    5.971734e+04
4.307000e+01    4.571469e+04    5.975002e+04
4.308000e+01    4.566567e+04    5.978346e+04
4.309000e+01    4.561659e+04    5.981765e+04
4.310000e+01    4.556768e+04    5.985266e+04
4.311000e+01    4.551894e+04    5.988839e+04
4.312000e+01    4.547039e+04    5.992485e+04
4.313000e+01    4.542205e+04    5.996202e+04
4.314000e+01    4.537393e+04    5.999990e+04
4.315000e+01    4.532606e+04    6.003851e+04
4.316000e+01    4.527847e+04    6.007785e+04
4.317000e+01    4.523116e+04    6.011787e+04
4.318000e+01    4.518414e+04    6.015855e+04
4.319000e+01    4.513742e+04    6.019988e+04
4.320000e+01    4.509102e+04    6.024185e+04
4.321000e+01    4.504499e+04    6.028448e+04
4.322000e+01    4.499933e+04    6.032777e+04
4.323000e+01    4.495403e+04    6.037165e+04
4.324000e+01    4.490912e+04    6.041612e+04
4.325000e+01    4.486460e+04    6.046116e+04
4.326000e+01    4.482048e+04    6.050676e+04
4.327000e+01    4.477683e+04    6.055296e+04
4.328000e+01    4.473362e+04    6.059970e+04
4.329000e+01    4.469086e+04    6.064695e+04
4.330000e+01    4.464856e+04    6.069469e+04
4.331000e+01    4.462389e+04    6.074856e+04
4.332000e+01    4.460929e+04    6.080606e+04
4.333000e+01    4.459524e+04    6.086406e+04
4.334000e+01    4.458168e+04    6.092248e+04
4.335000e+01    4.456863e+04    6.098132e+04
4.336000e+01    4.455609e+04    6.104056e+04
4.337000e+01    4.454407e+04    6.110017e+04
4.338000e+01    4.453257e+04    6.116014e+04
4.339000e+01    4.452168e+04    6.122050e+04
4.340000e+01    4.451131e+04    6.128117e+04
4.341000e+01    4.450148e+04    6.134215e+04
4.342000e+01    4.449220e+04    6.140341e+04
4.343000e+01    4.448347e+04    6.146494e+04
4.344000e+01    4.447531e+04    6.152673e+04
4.345000e+01    4.446776e+04    6.158877e+04
4.346000e+01    4.446077e+04    6.165103e+04
4.347000e+01    4.445434e+04    6.171347e+04
4.348000e+01    4.444846e+04    6.177609e+04
4.349000e+01    4.444315e+04    6.183887e+04
4.350000e+01    4.443843e+04    6.190180e+04
4.351000e+01    4.443431e+04    6.196485e+04
4.352000e+01    4.443075e+04    6.202800e+04
4.353000e+01    4.442774e+04    6.209124e+04
4.354000e+01    4.442528e+04    6.215454e+04
4.355000e+01    4.442329e+04    6.221791e+04
4.356000e+01    4.442220e+04    6.228114e+04
4.357000e+01    4.444522e+04    6.233181e+04
4.358000e+01    4.446878e+04    6.238247e+04
4.359000e+01    4.449288e+04    6.243311e+04
4.360000e+01    4.451749e+04    6.248371e+04
4.361000e+01    4.454262e+04    6.253425e+04
4.362000e+01    4.456831e+04    6.258471e+04
4.363000e+01    4.459451e+04    6.263507e+04
4.364000e+01    4.462121e+04    6.268534e+04
4.365000e+01    4.464839e+04    6.273548e+04
4.366000e+01    4.467605e+04    6.278549e+04
4.367000e+01    4.470417e+04    6.283535e+04
4.368000e+01    4.473281e+04    6.288502e+04
4.369000e+01    4.476189e+04    6.293452e+04
4.370000e+01    4.479140e+04    6.298383e+04
4.371000e+01    4.482133e+04    6.303293e+04
4.372000e+01    4.485167e+04    6.308182e+04
4.373000e+01    4.488242e+04    6.313047e+04
4.374000e+01    4.491360e+04    6.317886e+04
4.375000e+01    4.494514e+04    6.322700e+04
4.376000e+01    4.497705e+04    6.327487e+04
4.377000e+01    4.500929e+04    6.332248e+04
4.378000e+01    4.504187e+04    6.336981e+04
4.379000e+01    4.507478e+04    6.341683e+04
4.380000e+01    4.510802e+04    6.346354e+04
4.381000e+01    4.514154e+04    6.350993e+04
4.382000e+01    4.517786e+04    6.354618e+04
4.383000e+01    4.521833e+04    6.356704e+04
4.384000e+01    4.525904e+04    6.358757e+04
4.385000e+01    4.529999e+04    6.360774e+04
4.386000e+01    4.534116e+04    6.362757e+04
4.387000e+01    4.538253e+04    6.364705e+04
4.388000e+01    4.542407e+04    6.366619e+04
4.389000e+01    4.546577e+04    6.368498e+04
4.390000e+01    4.550762e+04    6.370342e+04
4.391000e+01    4.554961e+04    6.372148e+04
4.392000e+01    4.559172e+04    6.373917e+04
4.393000e+01    4.563392e+04    6.375651e+04
4.394000e+01    4.567620e+04    6.377350e+04
4.395000e+01    4.571855e+04    6.379013e+04
4.396000e+01    4.576095e+04    6.380642e+04
4.397000e+01    4.580339e+04    6.382231e+04
4.398000e+01    4.584584e+04    6.383786e+04
4.399000e+01    4.588830e+04    6.385306e+04
4.400000e+01    4.593074e+04    6.386792e+04
4.401000e+01    4.597315e+04    6.388243e+04
4.402000e+01    4.601542e+04    6.389669e+04
4.403000e+01    4.605757e+04    6.391064e+04
4.404000e+01    4.609965e+04    6.392427e+04
4.405000e+01    4.614164e+04    6.393758e+04
4.406000e+01    4.618353e+04    6.395058e+04
4.407000e+01    4.622530e+04    6.396329e+04
4.408000e+01    4.625625e+04    6.396045e+04
4.409000e+01    4.628387e+04    6.395277e+04
4.410000e+01    4.631134e+04    6.394482e+04
4.411000e+01    4.633864e+04    6.393661e+04
4.412000e+01    4.636577e+04    6.392814e+04
4.413000e+01    4.639270e+04    6.391942e+04
4.414000e+01    4.641942e+04    6.391046e+04
4.415000e+01    4.644592e+04    6.390126e+04
4.416000e+01    4.647219e+04    6.389184e+04
4.417000e+01    4.649823e+04    6.388223e+04
4.418000e+01    4.652404e+04    6.387243e+04
4.419000e+01    4.654959e+04    6.386246e+04
4.420000e+01    4.657487e+04    6.385231e+04
4.421000e+01    4.659987e+04    6.384200e+04
4.422000e+01    4.662460e+04    6.383156e+04
4.423000e+01    4.664905e+04    6.382100e+04
4.424000e+01    4.667321e+04    6.381033e+04
4.425000e+01    4.669709e+04    6.379957e+04
4.426000e+01    4.672064e+04    6.378872e+04
4.427000e+01    4.674388e+04    6.377780e+04
4.428000e+01    4.676683e+04    6.376684e+04
4.429000e+01    4.678947e+04    6.375584e+04
4.430000e+01    4.681180e+04    6.374483e+04
4.431000e+01    4.683381e+04    6.373380e+04
4.432000e+01    4.685548e+04    6.372280e+04
4.433000e+01    4.687344e+04    6.371163e+04
4.434000e+01    4.687147e+04    6.369948e+04
4.435000e+01    4.686918e+04    6.368739e+04
4.436000e+01    4.686659e+04    6.367537e+04
4.437000e+01    4.686367e+04    6.366343e+04
4.438000e+01    4.686042e+04    6.365161e+04
4.439000e+01    4.685687e+04    6.363991e+04
4.440000e+01    4.685302e+04    6.362834e+04
4.441000e+01    4.684887e+04    6.361692e+04
4.442000e+01    4.684443e+04    6.360565e+04
4.443000e+01    4.683968e+04    6.359456e+04
4.444000e+01    4.683463e+04    6.358368e+04
4.445000e+01    4.682931e+04    6.357300e+04
4.446000e+01    4.682373e+04    6.356254e+04
4.447000e+01    4.681788e+04    6.355231e+04
4.448000e+01    4.681179e+04    6.354232e+04
4.449000e+01    4.680536e+04    6.353274e+04
4.450000e+01    4.679868e+04    6.352347e+04
4.451000e+01    4.679177e+04    6.351448e+04
4.452000e+01    4.678466e+04    6.350579e+04
4.453000e+01    4.677734e+04    6.349740e+04
4.454000e+01    4.676982e+04    6.348933e+04
4.455000e+01    4.676212e+04    6.348162e+04
4.456000e+01    4.675424e+04    6.347426e+04
4.457000e+01    4.674621e+04    6.346725e+04
4.458000e+01    4.673803e+04    6.346060e+04
4.459000e+01    4.672205e+04    6.346363e+04
4.460000e+01    4.669899e+04    6.347550e+04
4.461000e+01    4.667582e+04    6.348780e+04
4.462000e+01    4.665256e+04    6.350049e+04
4.463000e+01    4.662923e+04    6.351358e+04
4.464000e+01    4.660584e+04    6.352707e+04
4.465000e+01    4.658241e+04    6.354097e+04
4.466000e+01    4.655895e+04    6.355529e+04
4.467000e+01    4.653548e+04    6.357007e+04
4.468000e+01    4.651202e+04    6.358528e+04
4.469000e+01    4.648858e+04    6.360091e+04
4.470000e+01    4.646518e+04    6.361697e+04
4.471000e+01    4.644183e+04    6.363346e+04
4.472000e+01    4.641855e+04    6.365041e+04
4.473000e+01    4.639537e+04    6.366782e+04
4.474000e+01    4.637229e+04    6.368567e+04
4.475000e+01    4.634933e+04    6.370394e+04
4.476000e+01    4.632651e+04    6.372266e+04
4.477000e+01    4.630384e+04    6.374180e+04
4.478000e+01    4.628135e+04    6.376140e+04
4.479000e+01    4.625907e+04    6.378145e+04
4.480000e+01    4.623698e+04    6.380192e+04
4.481000e+01    4.621512e+04    6.382282e+04
4.482000e+01    4.619349e+04    6.384412e+04
4.483000e+01    4.617212e+04    6.386584e+04
4.484000e+01    4.615103e+04    6.388799e+04
4.485000e+01    4.613540e+04    6.393183e+04
4.486000e+01    4.612063e+04    6.397841e+04
4.487000e+01    4.610619e+04    6.402537e+04
4.488000e+01    4.609207e+04    6.407270e+04
4.489000e+01    4.607830e+04    6.412040e+04
4.490000e+01    4.606493e+04    6.416849e+04
4.491000e+01    4.605194e+04    6.421694e+04
4.492000e+01    4.603935e+04    6.426571e+04
4.493000e+01    4.602716e+04    6.431482e+04
4.494000e+01    4.601538e+04    6.436423e+04
4.495000e+01    4.600404e+04    6.441395e+04
4.496000e+01    4.599315e+04    6.446413e+04
4.497000e+01    4.598272e+04    6.451460e+04
4.498000e+01    4.597276e+04    6.456533e+04
4.499000e+01    4.596327e+04    6.461632e+04
4.500000e+01    4.595427e+04    6.466753e+04
4.501000e+01    4.594579e+04    6.471898e+04
4.502000e+01    4.593787e+04    6.477064e+04
4.503000e+01    4.593046e+04    6.482249e+04
4.504000e+01    4.592359e+04    6.487452e+04
4.505000e+01    4.591724e+04    6.492670e+04
4.506000e+01    4.591144e+04    6.497902e+04
4.507000e+01    4.590623e+04    6.503147e+04
4.508000e+01    4.590161e+04    6.508403e+04
4.509000e+01    4.589756e+04    6.513668e+04
4.510000e+01    4.590073e+04    6.519256e+04
4.511000e+01    4.592182e+04    6.525670e+04
4.512000e+01    4.594349e+04    6.532089e+04
4.513000e+01    4.596580e+04    6.538509e+04
4.514000e+01    4.598871e+04    6.544929e+04
4.515000e+01    4.601221e+04    6.551346e+04
4.516000e+01    4.603630e+04    6.557760e+04
4.517000e+01    4.606098e+04    6.564168e+04
4.518000e+01    4.608626e+04    6.570569e+04
4.519000e+01    4.611219e+04    6.576959e+04
4.520000e+01    4.613872e+04    6.583337e+04
4.521000e+01    4.616584e+04    6.589703e+04
4.522000e+01    4.619355e+04    6.596053e+04
4.523000e+01    4.622185e+04    6.602386e+04
4.524000e+01    4.625073e+04    6.608701e+04
4.525000e+01    4.628027e+04    6.614992e+04
4.526000e+01    4.631037e+04    6.621260e+04
4.527000e+01    4.634104e+04    6.627504e+04
4.528000e+01    4.637228e+04    6.633722e+04
4.529000e+01    4.640407e+04    6.639912e+04
4.530000e+01    4.643643e+04    6.646071e+04
4.531000e+01    4.646939e+04    6.652196e+04
4.532000e+01    4.650289e+04    6.658287e+04
4.533000e+01    4.653691e+04    6.664343e+04
4.534000e+01    4.657144e+04    6.670363e+04
4.535000e+01    4.660649e+04    6.676345e+04
4.536000e+01    4.665959e+04    6.681527e+04
4.537000e+01    4.672248e+04    6.686264e+04
4.538000e+01    4.678585e+04    6.690959e+04
4.539000e+01    4.684969e+04    6.695608e+04
4.540000e+01    4.691397e+04    6.700212e+04
4.541000e+01    4.697870e+04    6.704768e+04
4.542000e+01    4.704388e+04    6.709273e+04
4.543000e+01    4.710951e+04    6.713741e+04
4.544000e+01    4.717554e+04    6.718157e+04
4.545000e+01    4.724196e+04    6.722520e+04
4.546000e+01    4.730874e+04    6.726829e+04
4.547000e+01    4.737587e+04    6.731083e+04
4.548000e+01    4.744338e+04    6.735274e+04
4.549000e+01    4.751121e+04    6.739407e+04
4.550000e+01    4.757935e+04    6.743481e+04
4.551000e+01    4.764777e+04    6.747495e+04
4.552000e+01    4.771647e+04    6.751450e+04
4.553000e+01    4.778542e+04    6.755343e+04
4.554000e+01    4.785464e+04    6.759167e+04
4.555000e+01    4.792408e+04    6.762928e+04
4.556000e+01    4.799372e+04    6.766626e+04
4.557000e+01    4.806355e+04    6.770259e+04
4.558000e+01    4.813354e+04    6.773828e+04
4.559000e+01    4.820368e+04    6.777331e+04
4.560000e+01    4.827396e+04    6.780761e+04
4.561000e+01    4.834468e+04    6.784034e+04
4.562000e+01    4.842581e+04    6.784343e+04
4.563000e+01    4.850702e+04    6.784585e+04
4.564000e+01    4.858829e+04    6.784760e+04
4.565000e+01    4.866959e+04    6.784866e+04
4.566000e+01    4.875091e+04    6.784899e+04
4.567000e+01    4.883222e+04    6.784864e+04
4.568000e+01    4.891350e+04    6.784763e+04
4.569000e+01    4.899475e+04    6.784594e+04
4.570000e+01    4.907593e+04    6.784358e+04
4.571000e+01    4.915703e+04    6.784052e+04
4.572000e+01    4.923803e+04    6.783674e+04
4.573000e+01    4.931890e+04    6.783231e+04
4.574000e+01    4.939965e+04    6.782722e+04
4.575000e+01    4.948024e+04    6.782147e+04
4.576000e+01    4.956066e+04    6.781508e+04
4.577000e+01    4.964088e+04    6.780798e+04
4.578000e+01    4.972088e+04    6.780022e+04
4.579000e+01    4.980065e+04    6.779183e+04
4.580000e+01    4.988018e+04    6.778281e+04
4.581000e+01    4.995946e+04    6.777317e+04
4.582000e+01    5.003846e+04    6.776292e+04
4.583000e+01    5.011714e+04    6.775201e+04
4.584000e+01    5.019550e+04    6.774048e+04
4.585000e+01    5.027355e+04    6.772838e+04
4.586000e+01    5.035125e+04    6.771570e+04
4.587000e+01    5.042246e+04    6.769008e+04
4.588000e+01    5.048435e+04    6.764590e+04
4.589000e+01    5.054584e+04    6.760116e+04
4.590000e+01    5.060699e+04    6.755598e+04
4.591000e+01    5.066772e+04    6.751029e+04
4.592000e+01    5.072804e+04    6.746408e+04
4.593000e+01    5.078792e+04    6.741738e+04
4.594000e+01    5.084733e+04    6.737018e+04
4.595000e+01    5.090624e+04    6.732246e+04
4.596000e+01    5.096468e+04    6.727428e+04
4.597000e+01    5.102263e+04    6.722566e+04
4.598000e+01    5.108009e+04    6.717660e+04
4.599000e+01    5.113705e+04    6.712713e+04
4.600000e+01    5.119346e+04    6.707723e+04
4.601000e+01    5.124931e+04    6.702691e+04
4.602000e+01    5.130463e+04    6.697622e+04
4.603000e+01    5.135940e+04    6.692517e+04
4.604000e+01    5.141363e+04    6.687377e+04
4.605000e+01    5.146730e+04    6.682205e+04
4.606000e+01    5.152036e+04    6.676998e+04
4.607000e+01    5.157283e+04    6.671760e+04
4.608000e+01    5.162471e+04    6.666494e+04
4.609000e+01    5.167602e+04    6.661201e+04
4.610000e+01    5.172674e+04    6.655882e+04
4.611000e+01    5.177687e+04    6.650540e+04
4.612000e+01    5.182634e+04    6.645173e+04
4.613000e+01    5.184861e+04    6.638920e+04
4.614000e+01    5.186296e+04    6.632408e+04
4.615000e+01    5.187670e+04    6.625879e+04
4.616000e+01    5.188983e+04    6.619335e+04
4.617000e+01    5.190234e+04    6.612775e+04
4.618000e+01    5.191418e+04    6.606202e+04
4.619000e+01    5.192539e+04    6.599618e+04
4.620000e+01    5.193600e+04    6.593024e+04
4.621000e+01    5.194599e+04    6.586422e+04
4.622000e+01    5.195536e+04    6.579814e+04
4.623000e+01    5.196411e+04    6.573200e+04
4.624000e+01    5.197218e+04    6.566582e+04
4.625000e+01    5.197964e+04    6.559963e+04
4.626000e+01    5.198649e+04    6.553343e+04
4.627000e+01    5.199274e+04    6.546724e+04
4.628000e+01    5.199838e+04    6.540108e+04
4.629000e+01    5.200340e+04    6.533496e+04
4.630000e+01    5.200776e+04    6.526889e+04
4.631000e+01    5.201154e+04    6.520289e+04
4.632000e+01    5.201472e+04    6.513698e+04
4.633000e+01    5.201732e+04    6.507116e+04
4.634000e+01    5.201933e+04    6.500544e+04
4.635000e+01    5.202073e+04    6.493985e+04
4.636000e+01    5.202160e+04    6.487446e+04
4.637000e+01    5.202197e+04    6.480926e+04
4.638000e+01    5.201651e+04    6.474694e+04
4.639000e+01    5.198290e+04    6.469898e+04
4.640000e+01    5.194873e+04    6.465120e+04
4.641000e+01    5.191398e+04    6.460363e+04
4.642000e+01    5.187867e+04    6.455628e+04
4.643000e+01    5.184284e+04    6.450915e+04
4.644000e+01    5.180648e+04    6.446225e+04
4.645000e+01    5.176962e+04    6.441558e+04
4.646000e+01    5.173225e+04    6.436916e+04
4.647000e+01    5.169432e+04    6.432304e+04
4.648000e+01    5.165590e+04    6.427718e+04
4.649000e+01    5.161700e+04    6.423161e+04
4.650000e+01    5.157763e+04    6.418633e+04
4.651000e+01    5.153780e+04    6.414134e+04
4.652000e+01    5.149750e+04    6.409667e+04
4.653000e+01    5.145671e+04    6.405235e+04
4.654000e+01    5.141548e+04    6.400835e+04
4.655000e+01    5.137382e+04    6.396467e+04
4.656000e+01    5.133173e+04    6.392134e+04
4.657000e+01    5.128924e+04    6.387835e+04
4.658000e+01    5.124634e+04    6.383573e+04
4.659000e+01    5.120300e+04    6.379350e+04
4.660000e+01    5.115929e+04    6.375164e+04
4.661000e+01    5.111520e+04    6.371016e+04
4.662000e+01    5.107075e+04    6.366905e+04
4.663000e+01    5.102594e+04    6.362833e+04
4.664000e+01    5.097457e+04    6.360733e+04
4.665000e+01    5.091750e+04    6.360342e+04
4.666000e+01    5.086010e+04    6.359991e+04
4.667000e+01    5.080239e+04    6.359680e+04
4.668000e+01    5.074437e+04    6.359411e+04
4.669000e+01    5.068605e+04    6.359183e+04
4.670000e+01    5.062743e+04    6.359000e+04
4.671000e+01    5.056851e+04    6.358862e+04
4.672000e+01    5.050933e+04    6.358766e+04
4.673000e+01    5.044989e+04    6.358713e+04
4.674000e+01    5.039020e+04    6.358704e+04
4.675000e+01    5.033027e+04    6.358738e+04
4.676000e+01    5.027009e+04    6.358821e+04
4.677000e+01    5.020968e+04    6.358948e+04
4.678000e+01    5.014905e+04    6.359120e+04
4.679000e+01    5.008823e+04    6.359336e+04
4.680000e+01    5.002722e+04    6.359597e+04
4.681000e+01    4.996602e+04    6.359904e+04
4.682000e+01    4.990463e+04    6.360261e+04
4.683000e+01    4.984320e+04    6.360666e+04
4.684000e+01    4.978166e+04    6.361116e+04
4.685000e+01    4.971998e+04    6.361612e+04
4.686000e+01    4.965816e+04    6.362154e+04
4.687000e+01    4.959621e+04    6.362743e+04
4.688000e+01    4.953414e+04    6.363382e+04
4.689000e+01    4.947195e+04    6.364068e+04
4.690000e+01    4.942538e+04    6.367887e+04
4.691000e+01    4.938021e+04    6.372044e+04
4.692000e+01    4.933496e+04    6.376247e+04
4.693000e+01    4.928963e+04    6.380499e+04
4.694000e+01    4.924423e+04    6.384801e+04
4.695000e+01    4.919877e+04    6.389149e+04
4.696000e+01    4.915327e+04    6.393543e+04
4.697000e+01    4.910772e+04    6.397983e+04
4.698000e+01    4.906214e+04    6.402469e+04
4.699000e+01    4.901654e+04    6.407004e+04
4.700000e+01    4.897091e+04    6.411587e+04
4.701000e+01    4.892529e+04    6.416217e+04
4.702000e+01    4.887966e+04    6.420892e+04
4.703000e+01    4.883405e+04    6.425612e+04
4.704000e+01    4.878846e+04    6.430379e+04
4.705000e+01    4.874289e+04    6.435195e+04
4.706000e+01    4.869737e+04    6.440057e+04
4.707000e+01    4.865188e+04    6.444965e+04
4.708000e+01    4.860645e+04    6.449918e+04
4.709000e+01    4.856108e+04    6.454916e+04
4.710000e+01    4.851578e+04    6.459958e+04
4.711000e+01    4.847056e+04    6.465051e+04
4.712000e+01    4.842543e+04    6.470187e+04
4.713000e+01    4.838038e+04    6.475368e+04
4.714000e+01    4.833544e+04    6.480593e+04
4.715000e+01    4.830085e+04    6.486198e+04
4.716000e+01    4.829142e+04    6.492671e+04
4.717000e+01    4.828213e+04    6.499192e+04
4.718000e+01    4.827297e+04    6.505755e+04
4.719000e+01    4.826395e+04    6.512362e+04
4.720000e+01    4.825508e+04    6.519010e+04
4.721000e+01    4.824636e+04    6.525700e+04
4.722000e+01    4.823780e+04    6.532433e+04
4.723000e+01    4.822944e+04    6.539212e+04
4.724000e+01    4.822125e+04    6.546031e+04
4.725000e+01    4.821326e+04    6.552891e+04
4.726000e+01    4.820545e+04    6.559792e+04
4.727000e+01    4.819785e+04    6.566732e+04
4.728000e+01    4.819047e+04    6.573715e+04
4.729000e+01    4.818333e+04    6.580739e+04
4.730000e+01    4.817653e+04    6.587796e+04
4.731000e+01    4.817000e+04    6.594891e+04
4.732000e+01    4.816371e+04    6.602024e+04
4.733000e+01    4.815767e+04    6.609194e+04
4.734000e+01    4.815190e+04    6.616404e+04
4.735000e+01    4.814641e+04    6.623652e+04
4.736000e+01    4.814119e+04    6.630936e+04
4.737000e+01    4.813625e+04    6.638255e+04
4.738000e+01    4.813159e+04    6.645609e+04
4.739000e+01    4.812723e+04    6.652997e+04
4.740000e+01    4.812319e+04    6.660423e+04
4.741000e+01    4.814035e+04    6.666806e+04
4.742000e+01    4.816825e+04    6.672682e+04
4.743000e+01    4.819647e+04    6.678591e+04
4.744000e+01    4.822502e+04    6.684530e+04
4.745000e+01    4.825391e+04    6.690500e+04
4.746000e+01    4.828317e+04    6.696504e+04
4.747000e+01    4.831279e+04    6.702536e+04
4.748000e+01    4.834276e+04    6.708597e+04
4.749000e+01    4.837308e+04    6.714686e+04
4.750000e+01    4.840378e+04    6.720801e+04
4.751000e+01    4.843485e+04    6.726943e+04
4.752000e+01    4.846635e+04    6.733114e+04
4.753000e+01    4.849822e+04    6.739308e+04
4.754000e+01    4.853048e+04    6.745526e+04
4.755000e+01    4.856314e+04    6.751767e+04
4.756000e+01    4.859620e+04    6.758029e+04
4.757000e+01    4.862969e+04    6.764314e+04
4.758000e+01    4.866362e+04    6.770621e+04
4.759000e+01    4.869796e+04    6.776946e+04
4.760000e+01    4.873272e+04    6.783290e+04
4.761000e+01    4.876791e+04    6.789651e+04
4.762000e+01    4.880352e+04    6.796028e+04
4.763000e+01    4.883960e+04    6.802422e+04
4.764000e+01    4.887614e+04    6.808831e+04
4.765000e+01    4.891312e+04    6.815253e+04
4.766000e+01    4.895091e+04    6.821553e+04
4.767000e+01    4.899729e+04    6.824884e+04
4.768000e+01    4.904412e+04    6.828226e+04
4.769000e+01    4.909146e+04    6.831578e+04
4.770000e+01    4.913925e+04    6.834938e+04
4.771000e+01    4.918750e+04    6.838305e+04
4.772000e+01    4.923621e+04    6.841677e+04
4.773000e+01    4.928538e+04    6.845054e+04
4.774000e+01    4.933501e+04    6.848435e+04
4.775000e+01    4.938515e+04    6.851818e+04
4.776000e+01    4.943576e+04    6.855202e+04
4.777000e+01    4.948692e+04    6.858574e+04
4.778000e+01    4.953855e+04    6.861945e+04
4.779000e+01    4.959064e+04    6.865313e+04
4.780000e+01    4.964320e+04    6.868678e+04
4.781000e+01    4.969627e+04    6.872038e+04
4.782000e+01    4.974979e+04    6.875392e+04
4.783000e+01    4.980376e+04    6.878739e+04
4.784000e+01    4.985819e+04    6.882078e+04
4.785000e+01    4.991307e+04    6.885407e+04
4.786000e+01    4.996842e+04    6.888725e+04
4.787000e+01    5.002425e+04    6.892031e+04
4.788000e+01    5.008051e+04    6.895323e+04
4.789000e+01    5.013722e+04    6.898602e+04
4.790000e+01    5.019435e+04    6.901865e+04
4.791000e+01    5.025191e+04    6.905112e+04
4.792000e+01    5.030277e+04    6.907355e+04
4.793000e+01    5.034419e+04    6.908216e+04
4.794000e+01    5.038601e+04    6.909058e+04
4.795000e+01    5.042824e+04    6.909879e+04
4.796000e+01    5.047087e+04    6.910677e+04
4.797000e+01    5.051389e+04    6.911453e+04
4.798000e+01    5.055733e+04    6.912203e+04
4.799000e+01    5.060116e+04    6.912926e+04
4.800000e+01    5.064536e+04    6.913624e+04
4.801000e+01    5.068992e+04    6.914294e+04
4.802000e+01    5.073483e+04    6.914936e+04
4.803000e+01    5.078009e+04    6.915549e+04
4.804000e+01    5.082572e+04    6.916129e+04
4.805000e+01    5.087168e+04    6.916678e+04
4.806000e+01    5.091796e+04    6.917195e+04
4.807000e+01    5.096454e+04    6.917679e+04
4.808000e+01    5.101141e+04    6.918131e+04
4.809000e+01    5.105858e+04    6.918547e+04
4.810000e+01    5.110604e+04    6.918924e+04
4.811000e+01    5.115377e+04    6.919266e+04
4.812000e+01    5.120175e+04    6.919572e+04
4.813000e+01    5.124997e+04    6.919841e+04
4.814000e+01    5.129841e+04    6.920072e+04
4.815000e+01    5.134708e+04    6.920264e+04
4.816000e+01    5.139597e+04    6.920414e+04
4.817000e+01    5.144505e+04    6.920525e+04
4.818000e+01    5.147277e+04    6.920697e+04
4.819000e+01    5.149515e+04    6.920856e+04
4.820000e+01    5.151768e+04    6.920975e+04
4.821000e+01    5.154035e+04    6.921051e+04
4.822000e+01    5.156316e+04    6.921082e+04
4.823000e+01    5.158608e+04    6.921070e+04
4.824000e+01    5.160914e+04    6.921005e+04
4.825000e+01    5.163228e+04    6.920899e+04
4.826000e+01    5.165549e+04    6.920751e+04
4.827000e+01    5.167876e+04    6.920558e+04
4.828000e+01    5.170208e+04    6.920322e+04
4.829000e+01    5.172542e+04    6.920044e+04
4.830000e+01    5.174878e+04    6.919724e+04
4.831000e+01    5.177214e+04    6.919364e+04
4.832000e+01    5.179547e+04    6.918962e+04
4.833000e+01    5.181878e+04    6.918514e+04
4.834000e+01    5.184205e+04    6.918025e+04
4.835000e+01    5.186526e+04    6.917496e+04
4.836000e+01    5.188841e+04    6.916927e+04
4.837000e+01    5.191147e+04    6.916318e+04
4.838000e+01    5.193444e+04    6.915671e+04
4.839000e+01    5.195729e+04    6.914980e+04
4.840000e+01    5.198002e+04    6.914252e+04
4.841000e+01    5.200261e+04    6.913486e+04
4.842000e+01    5.202506e+04    6.912684e+04
4.843000e+01    5.204504e+04    6.912284e+04
4.844000e+01    5.205380e+04    6.913939e+04
4.845000e+01    5.206237e+04    6.915557e+04
4.846000e+01    5.207074e+04    6.917141e+04
4.847000e+01    5.207890e+04    6.918693e+04
4.848000e+01    5.208685e+04    6.920213e+04
4.849000e+01    5.209457e+04    6.921703e+04
4.850000e+01    5.210205e+04    6.923161e+04
4.851000e+01    5.210925e+04    6.924589e+04
4.852000e+01    5.211620e+04    6.925989e+04
4.853000e+01    5.212289e+04    6.927363e+04
4.854000e+01    5.212930e+04    6.928712e+04
4.855000e+01    5.213543e+04    6.930037e+04
4.856000e+01    5.214125e+04    6.931337e+04
4.857000e+01    5.214676e+04    6.932615e+04
4.858000e+01    5.215195e+04    6.933872e+04
4.859000e+01    5.215684e+04    6.935111e+04
4.860000e+01    5.216141e+04    6.936332e+04
4.861000e+01    5.216566e+04    6.937536e+04
4.862000e+01    5.216955e+04    6.938725e+04
4.863000e+01    5.217309e+04    6.939899e+04
4.864000e+01    5.217630e+04    6.941062e+04
4.865000e+01    5.217917e+04    6.942214e+04
4.866000e+01    5.218169e+04    6.943357e+04
4.867000e+01    5.218387e+04    6.944492e+04
4.868000e+01    5.218566e+04    6.945620e+04
4.869000e+01    5.219583e+04    6.948405e+04
4.870000e+01    5.221279e+04    6.952541e+04
4.871000e+01    5.222940e+04    6.956667e+04
4.872000e+01    5.224565e+04    6.960793e+04
4.873000e+01    5.226155e+04    6.964921e+04
4.874000e+01    5.227707e+04    6.969051e+04
4.875000e+01    5.229225e+04    6.973186e+04
4.876000e+01    5.230708e+04    6.977327e+04
4.877000e+01    5.232156e+04    6.981474e+04
4.878000e+01    5.233571e+04    6.985630e+04
4.879000e+01    5.234951e+04    6.989796e+04
4.880000e+01    5.236296e+04    6.993975e+04
4.881000e+01    5.237609e+04    6.998168e+04
4.882000e+01    5.238890e+04    7.002375e+04
4.883000e+01    5.240141e+04    7.006597e+04
4.884000e+01    5.241362e+04    7.010838e+04
4.885000e+01    5.242552e+04    7.015098e+04
4.886000e+01    5.243712e+04    7.019379e+04
4.887000e+01    5.244844e+04    7.023682e+04
4.888000e+01    5.245949e+04    7.028008e+04
4.889000e+01    5.247030e+04    7.032357e+04
4.890000e+01    5.248085e+04    7.036731e+04
4.891000e+01    5.249115e+04    7.041134e+04
4.892000e+01    5.250122e+04    7.045565e+04
4.893000e+01    5.251108e+04    7.050024e+04
4.894000e+01    5.252074e+04    7.054513e+04
4.895000e+01    5.256813e+04    7.059928e+04
4.896000e+01    5.261837e+04    7.065445e+04
4.897000e+01    5.266844e+04    7.070998e+04
4.898000e+01    5.271835e+04    7.076584e+04
4.899000e+01    5.276814e+04    7.082205e+04
4.900000e+01    5.281781e+04    7.087860e+04
4.901000e+01    5.286738e+04    7.093551e+04
4.902000e+01    5.291686e+04    7.099277e+04
4.903000e+01    5.296626e+04    7.105045e+04
4.904000e+01    5.301561e+04    7.110850e+04
4.905000e+01    5.306492e+04    7.116692e+04
4.906000e+01    5.311420e+04    7.122572e+04
4.907000e+01    5.316348e+04    7.128491e+04
4.908000e+01    5.321277e+04    7.134449e+04
4.909000e+01    5.326208e+04    7.140450e+04
4.910000e+01    5.331145e+04    7.146489e+04
4.911000e+01    5.336087e+04    7.152568e+04
4.912000e+01    5.341038e+04    7.158685e+04
4.913000e+01    5.345998e+04    7.164842e+04
4.914000e+01    5.350969e+04    7.171040e+04
4.915000e+01    5.355955e+04    7.177279e+04
4.916000e+01    5.360956e+04    7.183556e+04
4.917000e+01    5.365971e+04    7.189865e+04
4.918000e+01    5.371001e+04    7.196204e+04
4.919000e+01    5.376051e+04    7.202581e+04
4.920000e+01    5.382435e+04    7.208217e+04
4.921000e+01    5.391864e+04    7.212095e+04
4.922000e+01    5.401318e+04    7.216009e+04
4.923000e+01    5.410797e+04    7.219957e+04
4.924000e+01    5.420305e+04    7.223939e+04
4.925000e+01    5.429843e+04    7.227955e+04
4.926000e+01    5.439416e+04    7.232006e+04
4.927000e+01    5.449023e+04    7.236089e+04
4.928000e+01    5.458665e+04    7.240202e+04
4.929000e+01    5.468343e+04    7.244345e+04
4.930000e+01    5.478059e+04    7.248515e+04
4.931000e+01    5.487814e+04    7.252713e+04
4.932000e+01    5.497614e+04    7.256939e+04
4.933000e+01    5.507457e+04    7.261189e+04
4.934000e+01    5.517342e+04    7.265463e+04
4.935000e+01    5.527272e+04    7.269757e+04
4.936000e+01    5.537248e+04    7.274071e+04
4.937000e+01    5.547271e+04    7.278404e+04
4.938000e+01    5.557348e+04    7.282756e+04
4.939000e+01    5.567474e+04    7.287122e+04
4.940000e+01    5.577649e+04    7.291502e+04
4.941000e+01    5.587876e+04    7.295894e+04
4.942000e+01    5.598155e+04    7.300296e+04
4.943000e+01    5.608488e+04    7.304706e+04
4.944000e+01    5.618880e+04    7.309123e+04
4.945000e+01    5.629326e+04    7.313544e+04
4.946000e+01    5.641049e+04    7.314259e+04
4.947000e+01    5.653404e+04    7.313223e+04
4.948000e+01    5.665815e+04    7.312187e+04
4.949000e+01    5.678287e+04    7.311146e+04
4.950000e+01    5.690818e+04    7.310100e+04
4.951000e+01    5.703406e+04    7.309046e+04
4.952000e+01    5.716052e+04    7.307982e+04
4.953000e+01    5.728755e+04    7.306906e+04
4.954000e+01    5.741515e+04    7.305816e+04
4.955000e+01    5.754338e+04    7.304709e+04
4.956000e+01    5.767221e+04    7.303583e+04
4.957000e+01    5.780160e+04    7.302437e+04
4.958000e+01    5.793156e+04    7.301268e+04
4.959000e+01    5.806209e+04    7.300074e+04
4.960000e+01    5.819318e+04    7.298854e+04
4.961000e+01    5.832490e+04    7.297602e+04
4.962000e+01    5.845717e+04    7.296318e+04
4.963000e+01    5.858999e+04    7.295001e+04
4.964000e+01    5.872327e+04    7.293640e+04
4.965000e+01    5.885706e+04    7.292237e+04
4.966000e+01    5.899137e+04    7.290795e+04
4.967000e+01    5.912626e+04    7.289307e+04
4.968000e+01    5.926165e+04    7.287776e+04
4.969000e+01    5.939753e+04    7.286198e+04
4.970000e+01    5.953389e+04    7.284574e+04
4.971000e+01    5.966947e+04    7.282575e+04
4.972000e+01    5.978438e+04    7.275045e+04
4.973000e+01    5.989977e+04    7.267457e+04
4.974000e+01    6.001558e+04    7.259813e+04
4.975000e+01    6.013181e+04    7.252113e+04
4.976000e+01    6.024844e+04    7.244355e+04
4.977000e+01    6.036545e+04    7.236537e+04
4.978000e+01    6.048285e+04    7.228653e+04
4.979000e+01    6.060062e+04    7.220702e+04
4.980000e+01    6.071872e+04    7.212687e+04
4.981000e+01    6.083713e+04    7.204605e+04
4.982000e+01    6.095584e+04    7.196455e+04
4.983000e+01    6.107481e+04    7.188237e+04
4.984000e+01    6.119406e+04    7.179942e+04
4.985000e+01    6.131355e+04    7.171573e+04
4.986000e+01    6.143325e+04    7.163131e+04
4.987000e+01    6.155314e+04    7.154615e+04
4.988000e+01    6.167319e+04    7.146025e+04
4.989000e+01    6.179339e+04    7.137359e+04
4.990000e+01    6.191372e+04    7.128608e+04
4.991000e+01    6.203415e+04    7.119778e+04
4.992000e+01    6.215465e+04    7.110870e+04
4.993000e+01    6.227520e+04    7.101882e+04
4.994000e+01    6.239578e+04    7.092816e+04
4.995000e+01    6.251635e+04    7.083669e+04
4.996000e+01    6.263690e+04    7.074432e+04
4.997000e+01    6.273355e+04    7.063722e+04
4.998000e+01    6.279883e+04    7.051103e+04
4.999000e+01    6.286401e+04    7.038402e+04
5.000000e+01    6.292906e+04    7.025621e+04
