# f (GHz)        Re[Z] (Ohm/m)     Im[Z] (Ohm/m)
0.000000e+00    3.908553e+08    2.984288e+08
1.000000e-02    6.163696e+06    -1.105168e+07
2.000000e-02    4.483463e+06    6.628693e+06
3.000000e-02    -2.481456e+06    3.348980e+06
4.000000e-02    2.894964e+06    8.068452e+05
5.000000e-02    3.358041e+06    4.479326e+06
6.000000e-02    3.556276e+05    1.975278e+06
7.000000e-02    2.418907e+06    7.047531e+03
8.000000e-02    1.909437e+06    2.627071e+06
9.000000e-02    -3.426528e+05    1.781015e+06
1.000000e-01    1.596224e+06    9.054383e+05
1.100000e-01    1.894079e+06    2.618104e+06
1.200000e-01    5.049251e+05    1.511816e+06
1.300000e-01    1.556474e+06    4.782722e+05
1.400000e-01    1.305964e+06    1.856299e+06
1.500000e-01    3.329625e+04    1.416396e+06
1.600000e-01    1.180315e+06    8.971365e+05
1.700000e-01    1.405888e+06    2.049022e+06
1.800000e-01    4.462251e+05    1.315673e+06
1.900000e-01    1.194661e+06    5.794405e+05
2.000000e-01    1.043915e+06    1.542157e+06
2.100000e-01    1.446882e+05    1.259036e+06
2.200000e-01    9.383078e+05    8.977197e+05
2.300000e-01    1.107578e+06    1.695701e+06
2.400000e-01    4.243803e+05    1.183668e+06
2.500000e-01    9.874079e+05    6.154982e+05
2.600000e-01    8.927288e+05    1.393961e+06
2.700000e-01    1.578894e+05    1.166578e+06
2.800000e-01    7.907282e+05    8.650839e+05
2.900000e-01    9.427749e+05    1.501870e+06
3.000000e-01    4.087421e+05    1.115153e+06
3.100000e-01    8.358042e+05    6.704705e+05
3.200000e-01    7.621152e+05    1.264932e+06
3.300000e-01    1.732618e+05    1.097779e+06
3.400000e-01    7.016602e+05    8.340044e+05
3.500000e-01    8.366071e+05    1.395380e+06
3.600000e-01    3.687694e+05    1.073394e+06
3.700000e-01    7.298399e+05    6.889650e+05
3.800000e-01    6.788026e+05    1.185193e+06
3.900000e-01    1.907344e+05    1.058192e+06
4.000000e-01    6.131040e+05    8.475876e+05
4.100000e-01    7.344648e+05    1.303774e+06
4.200000e-01    3.339692e+05    1.037798e+06
4.300000e-01    6.590164e+05    6.906213e+05
4.400000e-01    6.237265e+05    1.145159e+06
4.500000e-01    1.861328e+05    1.037573e+06
4.600000e-01    5.512064e+05    8.461953e+05
4.700000e-01    6.639075e+05    1.235153e+06
4.800000e-01    3.268387e+05    1.014147e+06
4.900000e-01    5.903642e+05    7.201468e+05
5.000000e-01    5.637470e+05    1.105408e+06
5.100000e-01    1.673873e+05    1.013863e+06
5.200000e-01    5.068284e+05    8.297506e+05
5.300000e-01    6.165490e+05    1.192695e+06
5.400000e-01    3.095247e+05    1.001112e+06
5.500000e-01    5.417935e+05    7.354662e+05
5.600000e-01    5.258048e+05    1.069718e+06
5.700000e-01    1.890780e+05    9.980738e+05
5.800000e-01    4.768858e+05    8.400863e+05
5.900000e-01    5.799202e+05    1.161992e+06
6.000000e-01    2.891039e+05    9.893727e+05
6.100000e-01    5.103831e+05    7.360274e+05
6.200000e-01    5.025012e+05    1.048632e+06
6.300000e-01    1.922517e+05    9.885930e+05
6.400000e-01    4.463996e+05    8.440866e+05
6.500000e-01    5.433723e+05    1.124901e+06
6.600000e-01    2.945731e+05    9.776416e+05
6.700000e-01    4.858372e+05    7.515722e+05
6.800000e-01    4.852379e+05    1.041760e+06
6.900000e-01    1.873508e+05    9.858699e+05
7.000000e-01    4.290020e+05    8.422776e+05
7.100000e-01    5.240073e+05    1.105500e+06
7.200000e-01    2.936114e+05    9.756753e+05
7.300000e-01    4.605671e+05    7.688176e+05
7.400000e-01    4.602954e+05    1.021818e+06
7.500000e-01    1.982727e+05    9.778272e+05
7.600000e-01    4.147381e+05    8.451013e+05
7.700000e-01    5.075754e+05    1.095190e+06
7.800000e-01    2.817280e+05    9.718177e+05
7.900000e-01    4.421978e+05    7.697964e+05
8.000000e-01    4.487900e+05    1.005409e+06
8.100000e-01    2.089178e+05    9.695466e+05
8.200000e-01    4.026174e+05    8.487132e+05
8.300000e-01    4.901431e+05    1.067574e+06
8.400000e-01    2.887782e+05    9.596651e+05
8.500000e-01    4.377027e+05    7.686972e+05
8.600000e-01    4.493809e+05    9.986963e+05
8.700000e-01    2.143515e+05    9.642663e+05
8.800000e-01    3.971865e+05    8.441227e+05
8.900000e-01    4.834304e+05    1.048076e+06
9.000000e-01    2.986775e+05    9.525784e+05
9.100000e-01    4.286097e+05    7.791034e+05
9.200000e-01    4.394391e+05    9.830823e+05
9.300000e-01    2.227751e+05    9.550249e+05
9.400000e-01    3.965355e+05    8.359523e+05
9.500000e-01    4.821933e+05    1.037632e+06
9.600000e-01    2.994300e+05    9.481355e+05
9.700000e-01    4.214513e+05    7.799176e+05
9.800000e-01    4.353362e+05    9.691129e+05
9.900000e-01    2.372051e+05    9.475150e+05
1.000000e+00    3.921523e+05    8.414524e+05
1.010000e+00    4.735081e+05    1.022780e+06
1.020000e+00    3.006456e+05    9.417830e+05
1.030000e+00    4.206503e+05    7.744277e+05
1.040000e+00    4.382229e+05    9.619029e+05
1.050000e+00    2.447674e+05    9.418881e+05
1.060000e+00    3.894792e+05    8.367473e+05
1.070000e+00    4.684394e+05    1.002233e+06
1.080000e+00    3.117369e+05    9.282615e+05
1.090000e+00    4.167475e+05    7.755776e+05
1.100000e+00    4.346981e+05    9.471118e+05
1.110000e+00    2.462133e+05    9.296920e+05
1.120000e+00    3.893059e+05    8.216096e+05
1.130000e+00    4.683926e+05    9.856592e+05
1.140000e+00    3.152523e+05    9.175970e+05
1.150000e+00    4.118390e+05    7.708969e+05
1.160000e+00    4.301528e+05    9.281553e+05
1.170000e+00    2.598282e+05    9.150270e+05
1.180000e+00    3.884436e+05    8.168257e+05
1.190000e+00    4.655163e+05    9.710467e+05
1.200000e+00    3.129640e+05    9.068898e+05
1.210000e+00    4.096762e+05    7.598708e+05
1.220000e+00    4.313047e+05    9.145125e+05
1.230000e+00    2.668176e+05    9.045838e+05
1.240000e+00    3.855937e+05    8.106555e+05
1.250000e+00    4.592376e+05    9.510275e+05
1.260000e+00    3.213540e+05    8.930726e+05
1.270000e+00    4.092688e+05    7.554316e+05
1.280000e+00    4.336058e+05    9.058277e+05
1.290000e+00    2.670385e+05    8.959002e+05
1.300000e+00    3.836045e+05    7.990861e+05
1.310000e+00    4.564763e+05    9.357204e+05
1.320000e+00    3.229135e+05    8.829083e+05
1.330000e+00    4.011968e+05    7.522989e+05
1.340000e+00    4.218221e+05    8.882131e+05
1.350000e+00    2.697111e+05    8.818032e+05
1.360000e+00    3.786028e+05    7.891437e+05
1.370000e+00    4.511946e+05    9.239716e+05
1.380000e+00    3.160021e+05    8.735340e+05
1.390000e+00    3.930291e+05    7.429439e+05
1.400000e+00    4.159443e+05    8.743427e+05
1.410000e+00    2.712053e+05    8.709650e+05
1.420000e+00    3.708595e+05    7.848423e+05
1.430000e+00    4.395979e+05    9.074564e+05
1.440000e+00    3.134750e+05    8.611221e+05
1.450000e+00    3.873130e+05    7.336983e+05
1.460000e+00    4.127184e+05    8.653899e+05
1.470000e+00    2.669521e+05    8.624503e+05
1.480000e+00    3.636488e+05    7.752353e+05
1.490000e+00    4.320249e+05    8.926541e+05
1.500000e+00    3.131976e+05    8.507978e+05
1.510000e+00    3.794379e+05    7.320885e+05
1.520000e+00    4.029230e+05    8.530410e+05
1.530000e+00    2.645778e+05    8.518170e+05
1.540000e+00    3.584142e+05    7.648502e+05
1.550000e+00    4.264685e+05    8.838438e+05
1.560000e+00    3.052262e+05    8.449911e+05
1.570000e+00    3.676511e+05    7.282626e+05
1.580000e+00    3.908396e+05    8.441232e+05
1.590000e+00    2.602832e+05    8.462231e+05
1.600000e+00    3.461332e+05    7.666382e+05
1.610000e+00    4.113494e+05    8.779322e+05
1.620000e+00    2.933887e+05    8.419866e+05
1.630000e+00    3.565930e+05    7.257820e+05
1.640000e+00    3.827154e+05    8.426651e+05
1.650000e+00    2.524283e+05    8.458889e+05
1.660000e+00    3.343477e+05    7.672587e+05
1.670000e+00    3.980649e+05    8.722985e+05
1.680000e+00    2.888833e+05    8.394902e+05
1.690000e+00    3.459406e+05    7.306282e+05
1.700000e+00    3.710980e+05    8.422249e+05
1.710000e+00    2.424300e+05    8.460712e+05
1.720000e+00    3.245772e+05    7.648309e+05
1.730000e+00    3.891805e+05    8.711890e+05
1.740000e+00    2.805305e+05    8.409666e+05
1.750000e+00    3.341437e+05    7.351413e+05
1.760000e+00    3.584927e+05    8.401116e+05
1.770000e+00    2.387422e+05    8.453479e+05
1.780000e+00    3.155463e+05    7.698061e+05
1.790000e+00    3.783794e+05    8.725961e+05
1.800000e+00    2.680352e+05    8.453313e+05
1.810000e+00    3.237035e+05    7.391766e+05
1.820000e+00    3.500510e+05    8.455923e+05
1.830000e+00    2.323578e+05    8.533496e+05
1.840000e+00    3.048792e+05    7.818385e+05
1.850000e+00    3.651587e+05    8.794108e+05
1.860000e+00    2.629433e+05    8.537481e+05
1.870000e+00    3.146713e+05    7.527328e+05
1.880000e+00    3.423471e+05    8.594941e+05
1.890000e+00    2.224831e+05    8.662633e+05
1.900000e+00    2.950402e+05    7.928937e+05
1.910000e+00    3.557360e+05    8.906639e+05
1.920000e+00    2.559085e+05    8.674621e+05
1.930000e+00    3.042915e+05    7.714590e+05
1.940000e+00    3.291180e+05    8.713158e+05
1.950000e+00    2.163669e+05    8.796169e+05
1.960000e+00    2.876001e+05    8.081846e+05
1.970000e+00    3.473207e+05    9.074275e+05
1.980000e+00    2.450696e+05    8.858415e+05
1.990000e+00    2.949249e+05    7.892560e+05
2.000000e+00    3.208495e+05    8.890753e+05
2.010000e+00    2.118405e+05    8.987984e+05
2.020000e+00    2.796666e+05    8.329509e+05
2.030000e+00    3.370665e+05    9.279629e+05
2.040000e+00    2.390673e+05    9.073375e+05
2.050000e+00    2.899118e+05    8.134873e+05
2.060000e+00    3.190905e+05    9.181211e+05
2.070000e+00    2.074752e+05    9.277793e+05
2.080000e+00    2.768431e+05    8.618938e+05
2.090000e+00    3.342105e+05    9.578614e+05
2.100000e+00    2.403893e+05    9.401575e+05
2.110000e+00    2.899659e+05    8.539401e+05
2.120000e+00    3.164804e+05    9.563793e+05
2.130000e+00    2.086987e+05    9.672545e+05
2.140000e+00    2.816414e+05    9.027361e+05
2.150000e+00    3.401506e+05    1.004162e+06
2.160000e+00    2.439766e+05    9.872687e+05
2.170000e+00    2.960932e+05    9.025605e+05
2.180000e+00    3.221681e+05    1.006986e+06
2.190000e+00    2.185404e+05    1.019982e+06
2.200000e+00    2.914228e+05    9.639199e+05
2.210000e+00    3.491727e+05    1.070773e+06
2.220000e+00    2.557545e+05    1.056786e+06
2.230000e+00    3.186352e+05    9.756939e+05
2.240000e+00    3.507845e+05    1.089729e+06
2.250000e+00    2.474774e+05    1.102815e+06
2.260000e+00    3.281223e+05    1.050887e+06
2.270000e+00    3.884866e+05    1.167131e+06
2.280000e+00    3.051655e+05    1.160427e+06
2.290000e+00    3.858249e+05    1.092920e+06
2.300000e+00    4.347311e+05    1.222289e+06
2.310000e+00    3.497088e+05    1.235480e+06
2.320000e+00    4.754283e+05    1.180497e+06
2.330000e+00    5.733704e+05    1.303855e+06
2.340000e+00    5.274306e+05    1.273252e+06
2.350000e+00    6.693740e+05    1.167885e+06
2.360000e+00    7.600844e+05    1.244786e+06
2.370000e+00    6.961800e+05    1.157856e+06
2.380000e+00    8.227853e+05    9.912870e+05
2.390000e+00    8.515774e+05    1.026860e+06
2.400000e+00    6.634252e+05    8.946478e+05
2.410000e+00    6.828543e+05    7.442366e+05
2.420000e+00    5.986224e+05    9.021667e+05
2.430000e+00    3.454185e+05    9.072222e+05
2.440000e+00    4.158843e+05    9.033535e+05
2.450000e+00    4.109135e+05    1.237997e+06
2.460000e+00    2.073080e+05    1.317255e+06
2.470000e+00    5.003466e+05    1.356446e+06
2.480000e+00    7.223786e+05    2.019830e+06
2.490000e+00    4.657765e+05    2.331178e+06
2.500000e+00    3.911615e+06    1.795420e+06
2.510000e+00    1.140749e+06    -2.529013e+05
2.520000e+00    1.573249e+06    -2.516576e+05
2.530000e+00    5.946856e+05    1.155437e+06
2.540000e+00    1.374458e+06    -3.562047e+05
2.550000e+00    5.530095e+05    5.419317e+05
2.560000e+00    5.525213e+05    4.911747e+05
2.570000e+00    8.045494e+05    5.096510e+05
2.580000e+00    7.412989e+05    6.133375e+05
2.590000e+00    6.333168e+05    4.859512e+05
2.600000e+00    6.922559e+05    4.882597e+05
2.610000e+00    6.063231e+05    6.116677e+05
2.620000e+00    5.490835e+05    5.694480e+05
2.630000e+00    6.439554e+05    5.996839e+05
2.640000e+00    5.995324e+05    6.725512e+05
2.650000e+00    5.353849e+05    6.082794e+05
2.660000e+00    6.116382e+05    6.747426e+05
2.670000e+00    6.019097e+05    7.755759e+05
2.680000e+00    6.270624e+05    7.117043e+05
2.690000e+00    7.441111e+05    7.052959e+05
2.700000e+00    7.187862e+05    7.154805e+05
2.710000e+00    6.947205e+05    6.041088e+05
2.720000e+00    7.371904e+05    5.973743e+05
2.730000e+00    6.588565e+05    6.429088e+05
2.740000e+00    6.310780e+05    5.851905e+05
2.750000e+00    6.980765e+05    6.148948e+05
2.760000e+00    6.509317e+05    6.588007e+05
2.770000e+00    6.377978e+05    5.883980e+05
2.780000e+00    6.960970e+05    6.129193e+05
2.790000e+00    6.478942e+05    6.612885e+05
2.800000e+00    6.526896e+05    6.005162e+05
2.810000e+00    7.328258e+05    6.178461e+05
2.820000e+00    6.931232e+05    6.374018e+05
2.830000e+00    6.854703e+05    5.449988e+05
2.840000e+00    7.381192e+05    5.517353e+05
2.850000e+00    6.752857e+05    5.761443e+05
2.860000e+00    6.592696e+05    5.007853e+05
2.870000e+00    7.057938e+05    5.148559e+05
2.880000e+00    6.382722e+05    5.408736e+05
2.890000e+00    6.144666e+05    4.751375e+05
2.900000e+00    6.581460e+05    5.093857e+05
2.910000e+00    5.996292e+05    5.554490e+05
2.920000e+00    5.996494e+05    4.944057e+05
2.930000e+00    6.601709e+05    5.144660e+05
2.940000e+00    6.018454e+05    5.376466e+05
2.950000e+00    5.821105e+05    4.709749e+05
2.960000e+00    6.222795e+05    5.063353e+05
2.970000e+00    5.681255e+05    5.547064e+05
2.980000e+00    5.752900e+05    5.012019e+05
2.990000e+00    6.431078e+05    5.243037e+05
3.000000e+00    5.929263e+05    5.434237e+05
3.010000e+00    5.784854e+05    4.715714e+05
3.020000e+00    6.198150e+05    5.030067e+05
3.030000e+00    5.657712e+05    5.496720e+05
3.040000e+00    5.745930e+05    4.996989e+05
3.050000e+00    6.450829e+05    5.233865e+05
3.060000e+00    6.034730e+05    5.399098e+05
3.070000e+00    5.974743e+05    4.632395e+05
3.080000e+00    6.428012e+05    4.864308e+05
3.090000e+00    5.871101e+05    5.229855e+05
3.100000e+00    5.914795e+05    4.645675e+05
3.110000e+00    6.568489e+05    4.835441e+05
3.120000e+00    6.120313e+05    4.972599e+05
3.130000e+00    6.033326e+05    4.208583e+05
3.140000e+00    6.444547e+05    4.389023e+05
3.150000e+00    5.884925e+05    4.681699e+05
3.160000e+00    5.881124e+05    4.042921e+05
3.170000e+00    6.445720e+05    4.177769e+05
3.180000e+00    5.875161e+05    4.306609e+05
3.190000e+00    5.675223e+05    3.549401e+05
3.200000e+00    5.990618e+05    3.772482e+05
3.210000e+00    5.372704e+05    4.128497e+05
3.220000e+00    5.310918e+05    3.583356e+05
3.230000e+00    5.814328e+05    3.788707e+05
3.240000e+00    5.235334e+05    3.986655e+05
3.250000e+00    5.025561e+05    3.313824e+05
3.260000e+00    5.355375e+05    3.625200e+05
3.270000e+00    4.761465e+05    4.059408e+05
3.280000e+00    4.730753e+05    3.578416e+05
3.290000e+00    5.275392e+05    3.819333e+05
3.300000e+00    4.767556e+05    4.040418e+05
3.310000e+00    4.599485e+05    3.423961e+05
3.320000e+00    4.951813e+05    3.737373e+05
3.330000e+00    4.405555e+05    4.183001e+05
3.340000e+00    4.416526e+05    3.718443e+05
3.350000e+00    5.022843e+05    3.971538e+05
3.360000e+00    4.570930e+05    4.194297e+05
3.370000e+00    4.443315e+05    3.549981e+05
3.380000e+00    4.813873e+05    3.805179e+05
3.390000e+00    4.293753e+05    4.201229e+05
3.400000e+00    4.291824e+05    3.715624e+05
3.410000e+00    4.863429e+05    3.933208e+05
3.420000e+00    4.392085e+05    4.136107e+05
3.430000e+00    4.243979e+05    3.494416e+05
3.440000e+00    4.613256e+05    3.737875e+05
3.450000e+00    4.074032e+05    4.135825e+05
3.460000e+00    4.037614e+05    3.653847e+05
3.470000e+00    4.560851e+05    3.863528e+05
3.480000e+00    4.083870e+05    4.089643e+05
3.490000e+00    3.920374e+05    3.500229e+05
3.500000e+00    4.273666e+05    3.777554e+05
3.510000e+00    3.766664e+05    4.201208e+05
3.520000e+00    3.749827e+05    3.744405e+05
3.530000e+00    4.295865e+05    3.953502e+05
3.540000e+00    3.844326e+05    4.186629e+05
3.550000e+00    3.680419e+05    3.609349e+05
3.560000e+00    4.033444e+05    3.880026e+05
3.570000e+00    3.547596e+05    4.311950e+05
3.580000e+00    3.542868e+05    3.867045e+05
3.590000e+00    4.108338e+05    4.084052e+05
3.600000e+00    3.686840e+05    4.321025e+05
3.610000e+00    3.532132e+05    3.727192e+05
3.620000e+00    3.907778e+05    3.983199e+05
3.630000e+00    3.435700e+05    4.411182e+05
3.640000e+00    3.421875e+05    3.984383e+05
3.650000e+00    3.975977e+05    4.190116e+05
3.660000e+00    3.568709e+05    4.432711e+05
3.670000e+00    3.434174e+05    3.859994e+05
3.680000e+00    3.827990e+05    4.097982e+05
3.690000e+00    3.357327e+05    4.514672e+05
3.700000e+00    3.330769e+05    4.073552e+05
3.710000e+00    3.883177e+05    4.264101e+05
3.720000e+00    3.482055e+05    4.506944e+05
3.730000e+00    3.331987e+05    3.955842e+05
3.740000e+00    3.703813e+05    4.194924e+05
3.750000e+00    3.264327e+05    4.619546e+05
3.760000e+00    3.246570e+05    4.169290e+05
3.770000e+00    3.807677e+05    4.357555e+05
3.780000e+00    3.414278e+05    4.596479e+05
3.790000e+00    3.250222e+05    4.043509e+05
3.800000e+00    3.623353e+05    4.272143e+05
3.810000e+00    3.198456e+05    4.696954e+05
3.820000e+00    3.181224e+05    4.281665e+05
3.830000e+00    3.735401e+05    4.453371e+05
3.840000e+00    3.356213e+05    4.690877e+05
3.850000e+00    3.207111e+05    4.140370e+05
3.860000e+00    3.580732e+05    4.351376e+05
3.870000e+00    3.169231e+05    4.770794e+05
3.880000e+00    3.143590e+05    4.358561e+05
3.890000e+00    3.695840e+05    4.517446e+05
3.900000e+00    3.341034e+05    4.759381e+05
3.910000e+00    3.193506e+05    4.217973e+05
3.920000e+00    3.579428e+05    4.419476e+05
3.930000e+00    3.167409e+05    4.837474e+05
3.940000e+00    3.141752e+05    4.410863e+05
3.950000e+00    3.685116e+05    4.557849e+05
3.960000e+00    3.333712e+05    4.809910e+05
3.970000e+00    3.175043e+05    4.274853e+05
3.980000e+00    3.555524e+05    4.466218e+05
3.990000e+00    3.172793e+05    4.876193e+05
4.000000e+00    3.143113e+05    4.459197e+05
4.010000e+00    3.686396e+05    4.595836e+05
4.020000e+00    3.335539e+05    4.838152e+05
4.030000e+00    3.159066e+05    4.299365e+05
4.040000e+00    3.539543e+05    4.492773e+05
4.050000e+00    3.164315e+05    4.913443e+05
4.060000e+00    3.125705e+05    4.509227e+05
4.070000e+00    3.663379e+05    4.634301e+05
4.080000e+00    3.329604e+05    4.874882e+05
4.090000e+00    3.158585e+05    4.350162e+05
4.100000e+00    3.529097e+05    4.528161e+05
4.110000e+00    3.156014e+05    4.946941e+05
4.120000e+00    3.106526e+05    4.532120e+05
4.130000e+00    3.644139e+05    4.650528e+05
4.140000e+00    3.321023e+05    4.897655e+05
4.150000e+00    3.146015e+05    4.383175e+05
4.160000e+00    3.513448e+05    4.543900e+05
4.170000e+00    3.149854e+05    4.955746e+05
4.180000e+00    3.095365e+05    4.551311e+05
4.190000e+00    3.630107e+05    4.669857e+05
4.200000e+00    3.313251e+05    4.916955e+05
4.210000e+00    3.132411e+05    4.412503e+05
4.220000e+00    3.508807e+05    4.562559e+05
4.230000e+00    3.156684e+05    4.976578e+05
4.240000e+00    3.096201e+05    4.588034e+05
4.250000e+00    3.618999e+05    4.690362e+05
4.260000e+00    3.306038e+05    4.942137e+05
4.270000e+00    3.127673e+05    4.453274e+05
4.280000e+00    3.493824e+05    4.603033e+05
4.290000e+00    3.162267e+05    5.014853e+05
4.300000e+00    3.103147e+05    4.636962e+05
4.310000e+00    3.624055e+05    4.725103e+05
4.320000e+00    3.327245e+05    4.978362e+05
4.330000e+00    3.141129e+05    4.493413e+05
4.340000e+00    3.507183e+05    4.637013e+05
4.350000e+00    3.177187e+05    5.058630e+05
4.360000e+00    3.106362e+05    4.669887e+05
4.370000e+00    3.658484e+05    4.759486e+05
4.380000e+00    3.354001e+05    5.027108e+05
4.390000e+00    3.168540e+05    4.539734e+05
4.400000e+00    3.536318e+05    4.663474e+05
4.410000e+00    3.221308e+05    5.074599e+05
4.420000e+00    3.152694e+05    4.701035e+05
4.430000e+00    3.676710e+05    4.777583e+05
4.440000e+00    3.397304e+05    5.029033e+05
4.450000e+00    3.202283e+05    4.544849e+05
4.460000e+00    3.589329e+05    4.665906e+05
4.470000e+00    3.282551e+05    5.072140e+05
4.480000e+00    3.206172e+05    4.699740e+05
4.490000e+00    3.727569e+05    4.757037e+05
4.500000e+00    3.459539e+05    5.007104e+05
4.510000e+00    3.267681e+05    4.527898e+05
4.520000e+00    3.634214e+05    4.634114e+05
4.530000e+00    3.337004e+05    5.047660e+05
4.540000e+00    3.264555e+05    4.658888e+05
4.550000e+00    3.784931e+05    4.694292e+05
4.560000e+00    3.509302e+05    4.945102e+05
4.570000e+00    3.303195e+05    4.474788e+05
4.580000e+00    3.665178e+05    4.566629e+05
4.590000e+00    3.373924e+05    4.966341e+05
4.600000e+00    3.289682e+05    4.597057e+05
4.610000e+00    3.799224e+05    4.630756e+05
4.620000e+00    3.526224e+05    4.886118e+05
4.630000e+00    3.316117e+05    4.413103e+05
4.640000e+00    3.670993e+05    4.487452e+05
4.650000e+00    3.371343e+05    4.898162e+05
4.660000e+00    3.266170e+05    4.535278e+05
4.670000e+00    3.756126e+05    4.568163e+05
4.680000e+00    3.495076e+05    4.824755e+05
4.690000e+00    3.280585e+05    4.368488e+05
4.700000e+00    3.625294e+05    4.446558e+05
4.710000e+00    3.340933e+05    4.857238e+05
4.720000e+00    3.218419e+05    4.484597e+05
4.730000e+00    3.718919e+05    4.513609e+05
4.740000e+00    3.459990e+05    4.776530e+05
4.750000e+00    3.232428e+05    4.334626e+05
4.760000e+00    3.576828e+05    4.412348e+05
4.770000e+00    3.299050e+05    4.824104e+05
4.780000e+00    3.182892e+05    4.467364e+05
4.790000e+00    3.690131e+05    4.491546e+05
4.800000e+00    3.430250e+05    4.769353e+05
4.810000e+00    3.192765e+05    4.316538e+05
4.820000e+00    3.547209e+05    4.384835e+05
4.830000e+00    3.279072e+05    4.798856e+05
4.840000e+00    3.160181e+05    4.459923e+05
4.850000e+00    3.642939e+05    4.477626e+05
4.860000e+00    3.407178e+05    4.742031e+05
4.870000e+00    3.176132e+05    4.309631e+05
4.880000e+00    3.531528e+05    4.372779e+05
4.890000e+00    3.268450e+05    4.801810e+05
4.900000e+00    3.138424e+05    4.452478e+05
4.910000e+00    3.626702e+05    4.461717e+05
4.920000e+00    3.399234e+05    4.732649e+05
4.930000e+00    3.164626e+05    4.309344e+05
4.940000e+00    3.503955e+05    4.366985e+05
4.950000e+00    3.258620e+05    4.771456e+05
4.960000e+00    3.124917e+05    4.439872e+05
4.970000e+00    3.619741e+05    4.439501e+05
4.980000e+00    3.385129e+05    4.716705e+05
4.990000e+00    3.147693e+05    4.305025e+05
5.000000e+00    3.485709e+05    4.349775e+05
5.010000e+00    3.246565e+05    4.760565e+05
5.020000e+00    3.114491e+05    4.434258e+05
5.030000e+00    3.580780e+05    4.431018e+05
5.040000e+00    3.366545e+05    4.705053e+05
5.050000e+00    3.116111e+05    4.285088e+05
5.060000e+00    3.451110e+05    4.334517e+05
5.070000e+00    3.224319e+05    4.753510e+05
5.080000e+00    3.084114e+05    4.432283e+05
5.090000e+00    3.552566e+05    4.420486e+05
5.100000e+00    3.347301e+05    4.694015e+05
5.110000e+00    3.101580e+05    4.290807e+05
5.120000e+00    3.438652e+05    4.324335e+05
5.130000e+00    3.209136e+05    4.737474e+05
5.140000e+00    3.067089e+05    4.427285e+05
5.150000e+00    3.532955e+05    4.410240e+05
5.160000e+00    3.334436e+05    4.692958e+05
5.170000e+00    3.082268e+05    4.302164e+05
5.180000e+00    3.420320e+05    4.333357e+05
5.190000e+00    3.208035e+05    4.747321e+05
5.200000e+00    3.068040e+05    4.441904e+05
5.210000e+00    3.529781e+05    4.418000e+05
5.220000e+00    3.336522e+05    4.702846e+05
5.230000e+00    3.088014e+05    4.313703e+05
5.240000e+00    3.422741e+05    4.329650e+05
5.250000e+00    3.212342e+05    4.751064e+05
5.260000e+00    3.064653e+05    4.454317e+05
5.270000e+00    3.524358e+05    4.424707e+05
5.280000e+00    3.342473e+05    4.699083e+05
5.290000e+00    3.081054e+05    4.318159e+05
5.300000e+00    3.425393e+05    4.338435e+05
5.310000e+00    3.220781e+05    4.748290e+05
5.320000e+00    3.070540e+05    4.462819e+05
5.330000e+00    3.529588e+05    4.419699e+05
5.340000e+00    3.352785e+05    4.706136e+05
5.350000e+00    3.092719e+05    4.330582e+05
5.360000e+00    3.421641e+05    4.340325e+05
5.370000e+00    3.227087e+05    4.756568e+05
5.380000e+00    3.073588e+05    4.463453e+05
5.390000e+00    3.520624e+05    4.423211e+05
5.400000e+00    3.360637e+05    4.693722e+05
5.410000e+00    3.099155e+05    4.330843e+05
5.420000e+00    3.433250e+05    4.326887e+05
5.430000e+00    3.251776e+05    4.740228e+05
5.440000e+00    3.091442e+05    4.453578e+05
5.450000e+00    3.533964e+05    4.402684e+05
5.460000e+00    3.376223e+05    4.675348e+05
5.470000e+00    3.114423e+05    4.322387e+05
5.480000e+00    3.433720e+05    4.319459e+05
5.490000e+00    3.264376e+05    4.727783e+05
5.500000e+00    3.099865e+05    4.450298e+05
5.510000e+00    3.548500e+05    4.388572e+05
5.520000e+00    3.394535e+05    4.672168e+05
5.530000e+00    3.123252e+05    4.315038e+05
5.540000e+00    3.450297e+05    4.306055e+05
5.550000e+00    3.277047e+05    4.727975e+05
5.560000e+00    3.095797e+05    4.439453e+05
5.570000e+00    3.559909e+05    4.380187e+05
5.580000e+00    3.408426e+05    4.676135e+05
5.590000e+00    3.135095e+05    4.326770e+05
5.600000e+00    3.456603e+05    4.313242e+05
5.610000e+00    3.300126e+05    4.723001e+05
5.620000e+00    3.132426e+05    4.458920e+05
5.630000e+00    3.567814e+05    4.396786e+05
5.640000e+00    3.435958e+05    4.671280e+05
5.650000e+00    3.166561e+05    4.336140e+05
5.660000e+00    3.499355e+05    4.303233e+05
5.670000e+00    3.348470e+05    4.727011e+05
5.680000e+00    3.175409e+05    4.453972e+05
5.690000e+00    3.612852e+05    4.375915e+05
5.700000e+00    3.487531e+05    4.649740e+05
5.710000e+00    3.216928e+05    4.313181e+05
5.720000e+00    3.543045e+05    4.274352e+05
5.730000e+00    3.396153e+05    4.690315e+05
5.740000e+00    3.227581e+05    4.420568e+05
5.750000e+00    3.653081e+05    4.332860e+05
5.760000e+00    3.538493e+05    4.614339e+05
5.770000e+00    3.257339e+05    4.274307e+05
5.780000e+00    3.578939e+05    4.233591e+05
5.790000e+00    3.449765e+05    4.628220e+05
5.800000e+00    3.269007e+05    4.366387e+05
5.810000e+00    3.705781e+05    4.272370e+05
5.820000e+00    3.590915e+05    4.537646e+05
5.830000e+00    3.295808e+05    4.203631e+05
5.840000e+00    3.620946e+05    4.156088e+05
5.850000e+00    3.498313e+05    4.548337e+05
5.860000e+00    3.307650e+05    4.285862e+05
5.870000e+00    3.730539e+05    4.179677e+05
5.880000e+00    3.614319e+05    4.450174e+05
5.890000e+00    3.317175e+05    4.118900e+05
5.900000e+00    3.620310e+05    4.069724e+05
5.910000e+00    3.501685e+05    4.479978e+05
5.920000e+00    3.308323e+05    4.211507e+05
5.930000e+00    3.716676e+05    4.094944e+05
5.940000e+00    3.601801e+05    4.373775e+05
5.950000e+00    3.312201e+05    4.058784e+05
5.960000e+00    3.620630e+05    3.992277e+05
5.970000e+00    3.501942e+05    4.376283e+05
5.980000e+00    3.300990e+05    4.118857e+05
5.990000e+00    3.705125e+05    3.992980e+05
6.000000e+00    3.587141e+05    4.255105e+05
6.010000e+00    3.264026e+05    3.940402e+05
6.020000e+00    3.552713e+05    3.878161e+05
6.030000e+00    3.431541e+05    4.274868e+05
6.040000e+00    3.215407e+05    4.037226e+05
6.050000e+00    3.615413e+05    3.922058e+05
6.060000e+00    3.503213e+05    4.199837e+05
6.070000e+00    3.189806e+05    3.905761e+05
6.080000e+00    3.484999e+05    3.841343e+05
6.090000e+00    3.369363e+05    4.241208e+05
6.100000e+00    3.155472e+05    4.023427e+05
6.110000e+00    3.563672e+05    3.901878e+05
6.120000e+00    3.467714e+05    4.187562e+05
6.130000e+00    3.163479e+05    3.894693e+05
6.140000e+00    3.451633e+05    3.827006e+05
6.150000e+00    3.355811e+05    4.225925e+05
6.160000e+00    3.128529e+05    3.997894e+05
6.170000e+00    3.537823e+05    3.881641e+05
6.180000e+00    3.450530e+05    4.156330e+05
6.190000e+00    3.141186e+05    3.876975e+05
6.200000e+00    3.434224e+05    3.794992e+05
6.210000e+00    3.342224e+05    4.194742e+05
6.220000e+00    3.126756e+05    3.971764e+05
6.230000e+00    3.526360e+05    3.834661e+05
6.240000e+00    3.436444e+05    4.117744e+05
6.250000e+00    3.130403e+05    3.833025e+05
6.260000e+00    3.398075e+05    3.748813e+05
6.270000e+00    3.313021e+05    4.138847e+05
6.280000e+00    3.086616e+05    3.922617e+05
6.290000e+00    3.472065e+05    3.779597e+05
6.300000e+00    3.393674e+05    4.056610e+05
6.310000e+00    3.074847e+05    3.781858e+05
6.320000e+00    3.350537e+05    3.686741e+05
6.330000e+00    3.262204e+05    4.097825e+05
6.340000e+00    3.011397e+05    3.872852e+05
6.350000e+00    3.411734e+05    3.722248e+05
6.360000e+00    3.331721e+05    4.021568e+05
6.370000e+00    2.998725e+05    3.748903e+05
6.380000e+00    3.272046e+05    3.653853e+05
6.390000e+00    3.188940e+05    4.057511e+05
6.400000e+00    2.955684e+05    3.856165e+05
6.410000e+00    3.331952e+05    3.715241e+05
6.420000e+00    3.262027e+05    4.012779e+05
6.430000e+00    2.930343e+05    3.754357e+05
6.440000e+00    3.207962e+05    3.657251e+05
6.450000e+00    3.137468e+05    4.072917e+05
6.460000e+00    2.900170e+05    3.881227e+05
6.470000e+00    3.275814e+05    3.735281e+05
6.480000e+00    3.213723e+05    4.036075e+05
6.490000e+00    2.879308e+05    3.781058e+05
6.500000e+00    3.169823e+05    3.677844e+05
6.510000e+00    3.105752e+05    4.114846e+05
6.520000e+00    2.855624e+05    3.914147e+05
6.530000e+00    3.241437e+05    3.758114e+05
6.540000e+00    3.190362e+05    4.056820e+05
6.550000e+00    2.864931e+05    3.812223e+05
6.560000e+00    3.135979e+05    3.710246e+05
6.570000e+00    3.080727e+05    4.118825e+05
6.580000e+00    2.852526e+05    3.936100e+05
6.590000e+00    3.210238e+05    3.785688e+05
6.600000e+00    3.170235e+05    4.061661e+05
6.610000e+00    2.848481e+05    3.831732e+05
6.620000e+00    3.115676e+05    3.714718e+05
6.630000e+00    3.071487e+05    4.122660e+05
6.640000e+00    2.830950e+05    3.943242e+05
6.650000e+00    3.200740e+05    3.777180e+05
6.660000e+00    3.160351e+05    4.069015e+05
6.670000e+00    2.841901e+05    3.837233e+05
6.680000e+00    3.094554e+05    3.724610e+05
6.690000e+00    3.066682e+05    4.126265e+05
6.700000e+00    2.816186e+05    3.949794e+05
6.710000e+00    3.184682e+05    3.781318e+05
6.720000e+00    3.153996e+05    4.066588e+05
6.730000e+00    2.829210e+05    3.843545e+05
6.740000e+00    3.084667e+05    3.720346e+05
6.750000e+00    3.058006e+05    4.128929e+05
6.760000e+00    2.815537e+05    3.952758e+05
6.770000e+00    3.163336e+05    3.785001e+05
6.780000e+00    3.148350e+05    4.072581e+05
6.790000e+00    2.800982e+05    3.849227e+05
6.800000e+00    3.063612e+05    3.726090e+05
6.810000e+00    3.040071e+05    4.118495e+05
6.820000e+00    2.794491e+05    3.962916e+05
6.830000e+00    3.151775e+05    3.776393e+05
6.840000e+00    3.123783e+05    4.065105e+05
6.850000e+00    2.788843e+05    3.860175e+05
6.860000e+00    3.044067e+05    3.719389e+05
6.870000e+00    3.015042e+05    4.120116e+05
6.880000e+00    2.765755e+05    3.978705e+05
6.890000e+00    3.116933e+05    3.789451e+05
6.900000e+00    3.104644e+05    4.089204e+05
6.910000e+00    2.765367e+05    3.882637e+05
6.920000e+00    3.020773e+05    3.734121e+05
6.930000e+00    2.998497e+05    4.131511e+05
6.940000e+00    2.737637e+05    3.994421e+05
6.950000e+00    3.091885e+05    3.808338e+05
6.960000e+00    3.094027e+05    4.098406e+05
6.970000e+00    2.744029e+05    3.898026e+05
6.980000e+00    2.996715e+05    3.752563e+05
6.990000e+00    2.994077e+05    4.158962e+05
7.000000e+00    2.737354e+05    4.018478e+05
7.010000e+00    3.078742e+05    3.826074e+05
7.020000e+00    3.086516e+05    4.120041e+05
7.030000e+00    2.743742e+05    3.929909e+05
7.040000e+00    2.988665e+05    3.781252e+05
7.050000e+00    2.997607e+05    4.185824e+05
7.060000e+00    2.737324e+05    4.054116e+05
7.070000e+00    3.078564e+05    3.852791e+05
7.080000e+00    3.098903e+05    4.156456e+05
7.090000e+00    2.757578e+05    3.968198e+05
7.100000e+00    3.006575e+05    3.796186e+05
7.110000e+00    3.010141e+05    4.206505e+05
7.120000e+00    2.747969e+05    4.091173e+05
7.130000e+00    3.095191e+05    3.880420e+05
7.140000e+00    3.120812e+05    4.176846e+05
7.150000e+00    2.772753e+05    4.002792e+05
7.160000e+00    3.022213e+05    3.832832e+05
7.170000e+00    3.045334e+05    4.229949e+05
7.180000e+00    2.782479e+05    4.109710e+05
7.190000e+00    3.119790e+05    3.872399e+05
7.200000e+00    3.140423e+05    4.172825e+05
7.210000e+00    2.780667e+05    4.009158e+05
7.220000e+00    3.030385e+05    3.820002e+05
7.230000e+00    3.061527e+05    4.227993e+05
7.240000e+00    2.788036e+05    4.113400e+05
7.250000e+00    3.116606e+05    3.877731e+05
7.260000e+00    3.166900e+05    4.186876e+05
7.270000e+00    2.791523e+05    4.011172e+05
7.280000e+00    3.022668e+05    3.828757e+05
7.290000e+00    3.083076e+05    4.239511e+05
7.300000e+00    2.775031e+05    4.127494e+05
7.310000e+00    3.109166e+05    3.883718e+05
7.320000e+00    3.170224e+05    4.197049e+05
7.330000e+00    2.781456e+05    4.045615e+05
7.340000e+00    3.016221e+05    3.834336e+05
7.350000e+00    3.091796e+05    4.277793e+05
7.360000e+00    2.769551e+05    4.175444e+05
7.370000e+00    3.093965e+05    3.917653e+05
7.380000e+00    3.179699e+05    4.248860e+05
7.390000e+00    2.749903e+05    4.130037e+05
7.400000e+00    3.005195e+05    3.880844e+05
7.410000e+00    3.109999e+05    4.362324e+05
7.420000e+00    2.733955e+05    4.307110e+05
7.430000e+00    3.082028e+05    3.995641e+05
7.440000e+00    3.221588e+05    4.415893e+05
7.450000e+00    2.713122e+05    4.385142e+05
7.460000e+00    2.995072e+05    4.065015e+05
7.470000e+00    3.322716e+05    4.841879e+05
7.480000e+00    2.641755e+05    5.227410e+05
7.490000e+00    4.465535e+05    4.484115e+05
7.500000e+00    4.931558e+05    5.020851e+05
7.510000e+00    3.711612e+05    2.001368e+05
7.520000e+00    3.190973e+05    3.705131e+05
7.530000e+00    3.030149e+05    3.911910e+05
7.540000e+00    3.187270e+05    3.814758e+05
7.550000e+00    3.322011e+05    3.819522e+05
7.560000e+00    3.210047e+05    4.087497e+05
7.570000e+00    3.193865e+05    3.975950e+05
7.580000e+00    3.456955e+05    3.877712e+05
7.590000e+00    3.454894e+05    4.078022e+05
7.600000e+00    3.340213e+05    3.887832e+05
7.610000e+00    3.598090e+05    3.760118e+05
7.620000e+00    3.723413e+05    3.804024e+05
7.630000e+00    3.239457e+05    3.379228e+05
7.640000e+00    3.242540e+05    3.440507e+05
7.650000e+00    3.290679e+05    3.815656e+05
7.660000e+00    3.121766e+05    3.637005e+05
7.670000e+00    3.282083e+05    3.446804e+05
7.680000e+00    3.224114e+05    3.701894e+05
7.690000e+00    2.937400e+05    3.604324e+05
7.700000e+00    3.101111e+05    3.523348e+05
7.710000e+00    3.114090e+05    3.845942e+05
7.720000e+00    2.922712e+05    3.761706e+05
7.730000e+00    3.170839e+05    3.599877e+05
7.740000e+00    3.175094e+05    3.826528e+05
7.750000e+00    2.878639e+05    3.696589e+05
7.760000e+00    3.054463e+05    3.575995e+05
7.770000e+00    3.067626e+05    3.922910e+05
7.780000e+00    2.829564e+05    3.843463e+05
7.790000e+00    3.108752e+05    3.662511e+05
7.800000e+00    3.140464e+05    3.943655e+05
7.810000e+00    2.832957e+05    3.830135e+05
7.820000e+00    3.042173e+05    3.700817e+05
7.830000e+00    3.107051e+05    4.049653e+05
7.840000e+00    2.914716e+05    3.961543e+05
7.850000e+00    3.212475e+05    3.737583e+05
7.860000e+00    3.254908e+05    3.945750e+05
7.870000e+00    2.899948e+05    3.782869e+05
7.880000e+00    3.049425e+05    3.632028e+05
7.890000e+00    3.065681e+05    3.998076e+05
7.900000e+00    2.847770e+05    3.962072e+05
7.910000e+00    3.118338e+05    3.798892e+05
7.920000e+00    3.189001e+05    4.053098e+05
7.930000e+00    2.910056e+05    3.948769e+05
7.940000e+00    3.123791e+05    3.796386e+05
7.950000e+00    3.213096e+05    4.102646e+05
7.960000e+00    3.019724e+05    4.013992e+05
7.970000e+00    3.272643e+05    3.770845e+05
7.980000e+00    3.322880e+05    4.000721e+05
7.990000e+00    2.978484e+05    3.889047e+05
8.000000e+00    3.158164e+05    3.731378e+05
8.010000e+00    3.221176e+05    4.073657e+05
8.020000e+00    2.993511e+05    4.013247e+05
8.030000e+00    3.258945e+05    3.803725e+05
8.040000e+00    3.325319e+05    4.030487e+05
8.050000e+00    3.026179e+05    3.937571e+05
8.060000e+00    3.208066e+05    3.757907e+05
8.070000e+00    3.294093e+05    4.111059e+05
8.080000e+00    3.071401e+05    4.044584e+05
8.090000e+00    3.334288e+05    3.823745e+05
8.100000e+00    3.412949e+05    4.048791e+05
8.110000e+00    3.109131e+05    3.944149e+05
8.120000e+00    3.274088e+05    3.761268e+05
8.130000e+00    3.365194e+05    4.101647e+05
8.140000e+00    3.120423e+05    4.032633e+05
8.150000e+00    3.363665e+05    3.819270e+05
8.160000e+00    3.446818e+05    4.053395e+05
8.170000e+00    3.131093e+05    3.970514e+05
8.180000e+00    3.311773e+05    3.795089e+05
8.190000e+00    3.409372e+05    4.137515e+05
8.200000e+00    3.199966e+05    4.091046e+05
8.210000e+00    3.457675e+05    3.868432e+05
8.220000e+00    3.583374e+05    4.112980e+05
8.230000e+00    3.278850e+05    4.007012e+05
8.240000e+00    3.465468e+05    3.828856e+05
8.250000e+00    3.588917e+05    4.140992e+05
8.260000e+00    3.369828e+05    4.090004e+05
8.270000e+00    3.644390e+05    3.840608e+05
8.280000e+00    3.754151e+05    4.053716e+05
8.290000e+00    3.467944e+05    3.961009e+05
8.300000e+00    3.656080e+05    3.738073e+05
8.310000e+00    3.766407e+05    4.050366e+05
8.320000e+00    3.561991e+05    3.995875e+05
8.330000e+00    3.821178e+05    3.722472e+05
8.340000e+00    3.935672e+05    3.933224e+05
8.350000e+00    3.647217e+05    3.829680e+05
8.360000e+00    3.827542e+05    3.599532e+05
8.370000e+00    3.959578e+05    3.888296e+05
8.380000e+00    3.742639e+05    3.800280e+05
8.390000e+00    3.977830e+05    3.502236e+05
8.400000e+00    4.079604e+05    3.688749e+05
8.410000e+00    3.768931e+05    3.568438e+05
8.420000e+00    3.913998e+05    3.321445e+05
8.430000e+00    4.014523e+05    3.597272e+05
8.440000e+00    3.775747e+05    3.522096e+05
8.450000e+00    3.988651e+05    3.218105e+05
8.460000e+00    4.074224e+05    3.398088e+05
8.470000e+00    3.738862e+05    3.285352e+05
8.480000e+00    3.860498e+05    3.035578e+05
8.490000e+00    3.938100e+05    3.312956e+05
8.500000e+00    3.671329e+05    3.262536e+05
8.510000e+00    3.870978e+05    2.974680e+05
8.520000e+00    3.943463e+05    3.156759e+05
8.530000e+00    3.578865e+05    3.072853e+05
8.540000e+00    3.690261e+05    2.860268e+05
8.550000e+00    3.785137e+05    3.157759e+05
8.560000e+00    3.520345e+05    3.120026e+05
8.570000e+00    3.709474e+05    2.848825e+05
8.580000e+00    3.795607e+05    3.053680e+05
8.590000e+00    3.447527e+05    2.983539e+05
8.600000e+00    3.567874e+05    2.755807e+05
8.610000e+00    3.658997e+05    3.048577e+05
8.620000e+00    3.378090e+05    3.023520e+05
8.630000e+00    3.561932e+05    2.762576e+05
8.640000e+00    3.659590e+05    2.974835e+05
8.650000e+00    3.312784e+05    2.910264e+05
8.660000e+00    3.414374e+05    2.683244e+05
8.670000e+00    3.506179e+05    2.997780e+05
8.680000e+00    3.245000e+05    2.993012e+05
8.690000e+00    3.431219e+05    2.724728e+05
8.700000e+00    3.520821e+05    2.930843e+05
8.710000e+00    3.162590e+05    2.892234e+05
8.720000e+00    3.275125e+05    2.678863e+05
8.730000e+00    3.377849e+05    2.976000e+05
8.740000e+00    3.105975e+05    2.980659e+05
8.750000e+00    3.294137e+05    2.725175e+05
8.760000e+00    3.405102e+05    2.932482e+05
8.770000e+00    3.053134e+05    2.893250e+05
8.780000e+00    3.157341e+05    2.685958e+05
8.790000e+00    3.278353e+05    2.992014e+05
8.800000e+00    3.006458e+05    3.001683e+05
8.810000e+00    3.197836e+05    2.750199e+05
8.820000e+00    3.324279e+05    2.960833e+05
8.830000e+00    2.980930e+05    2.924826e+05
8.840000e+00    3.091169e+05    2.719952e+05
8.850000e+00    3.222587e+05    3.013060e+05
8.860000e+00    2.958081e+05    3.022065e+05
8.870000e+00    3.139675e+05    2.760311e+05
8.880000e+00    3.259648e+05    2.969393e+05
8.890000e+00    2.915469e+05    2.956397e+05
8.900000e+00    3.037893e+05    2.742413e+05
8.910000e+00    3.166265e+05    3.032356e+05
8.920000e+00    2.909923e+05    3.062158e+05
8.930000e+00    3.102098e+05    2.787830e+05
8.940000e+00    3.226162e+05    2.998354e+05
8.950000e+00    2.905764e+05    2.982257e+05
8.960000e+00    3.009430e+05    2.754375e+05
8.970000e+00    3.155733e+05    3.065521e+05
8.980000e+00    2.909493e+05    3.072474e+05
8.990000e+00    3.076272e+05    2.807709e+05
9.000000e+00    3.231063e+05    3.015827e+05
9.010000e+00    2.886314e+05    2.985907e+05
9.020000e+00    2.989696e+05    2.770246e+05
9.030000e+00    3.134581e+05    3.048279e+05
9.040000e+00    2.880672e+05    3.075713e+05
9.050000e+00    3.056282e+05    2.788464e+05
9.060000e+00    3.192572e+05    2.995414e+05
9.070000e+00    2.874450e+05    2.977214e+05
9.080000e+00    2.962851e+05    2.754619e+05
9.090000e+00    3.129333e+05    3.041855e+05
9.100000e+00    2.862117e+05    3.058545e+05
9.110000e+00    3.032937e+05    2.784736e+05
9.120000e+00    3.171536e+05    2.974144e+05
9.130000e+00    2.849787e+05    2.967043e+05
9.140000e+00    2.935087e+05    2.734527e+05
9.150000e+00    3.105692e+05    3.027759e+05
9.160000e+00    2.842417e+05    3.046698e+05
9.170000e+00    3.008839e+05    2.772988e+05
9.180000e+00    3.149962e+05    2.952449e+05
9.190000e+00    2.831321e+05    2.951747e+05
9.200000e+00    2.919931e+05    2.705730e+05
9.210000e+00    3.093954e+05    2.981440e+05
9.220000e+00    2.825941e+05    2.999240e+05
9.230000e+00    2.982259e+05    2.699188e+05
9.240000e+00    3.106668e+05    2.879074e+05
9.250000e+00    2.772360e+05    2.878537e+05
9.260000e+00    2.828658e+05    2.665172e+05
9.270000e+00    2.987815e+05    2.949945e+05
9.280000e+00    2.720833e+05    3.009504e+05
9.290000e+00    2.870597e+05    2.717184e+05
9.300000e+00    3.028680e+05    2.929396e+05
9.310000e+00    2.686737e+05    2.937266e+05
9.320000e+00    2.773686e+05    2.706182e+05
9.330000e+00    2.930363e+05    2.979559e+05
9.340000e+00    2.697815e+05    3.026252e+05
9.350000e+00    2.836959e+05    2.759485e+05
9.360000e+00    2.993245e+05    2.942296e+05
9.370000e+00    2.668199e+05    2.965971e+05
9.380000e+00    2.735754e+05    2.730486e+05
9.390000e+00    2.911490e+05    2.999831e+05
9.400000e+00    2.658492e+05    3.060346e+05
9.410000e+00    2.805065e+05    2.754113e+05
9.420000e+00    2.990497e+05    2.967781e+05
9.430000e+00    2.636876e+05    2.987776e+05
9.440000e+00    2.716460e+05    2.746169e+05
9.450000e+00    2.891020e+05    3.024224e+05
9.460000e+00    2.651788e+05    3.078100e+05
9.470000e+00    2.805115e+05    2.792120e+05
9.480000e+00    2.977649e+05    2.981635e+05
9.490000e+00    2.649029e+05    2.996033e+05
9.500000e+00    2.709364e+05    2.764104e+05
9.510000e+00    2.875711e+05    3.039586e+05
9.520000e+00    2.657387e+05    3.120211e+05
9.530000e+00    2.822738e+05    2.860246e+05
9.540000e+00    3.023371e+05    3.025289e+05
9.550000e+00    2.736326e+05    3.013854e+05
9.560000e+00    2.813298e+05    2.729856e+05
9.570000e+00    2.974149e+05    2.954402e+05
9.580000e+00    2.699479e+05    2.998424e+05
9.590000e+00    2.795008e+05    2.713720e+05
9.600000e+00    2.946587e+05    2.898244e+05
9.610000e+00    2.632566e+05    2.943097e+05
9.620000e+00    2.699466e+05    2.715885e+05
9.630000e+00    2.889373e+05    2.971950e+05
9.640000e+00    2.650053e+05    3.028286e+05
9.650000e+00    2.786820e+05    2.708881e+05
9.660000e+00    2.972054e+05    2.875830e+05
9.670000e+00    2.600288e+05    2.903325e+05
9.680000e+00    2.642381e+05    2.620126e+05
9.690000e+00    2.836000e+05    2.893211e+05
9.700000e+00    2.555068e+05    2.981214e+05
9.710000e+00    2.652539e+05    2.682108e+05
9.720000e+00    2.829878e+05    2.856377e+05
9.730000e+00    2.513973e+05    2.917247e+05
9.740000e+00    2.551170e+05    2.689353e+05
9.750000e+00    2.736006e+05    2.930937e+05
9.760000e+00    2.504122e+05    3.015723e+05
9.770000e+00    2.608040e+05    2.737661e+05
9.780000e+00    2.790285e+05    2.909868e+05
9.790000e+00    2.468592e+05    2.971447e+05
9.800000e+00    2.516093e+05    2.716438e+05
9.810000e+00    2.718885e+05    2.967690e+05
9.820000e+00    2.481574e+05    3.056989e+05
9.830000e+00    2.576095e+05    2.777571e+05
9.840000e+00    2.751428e+05    2.931165e+05
9.850000e+00    2.453073e+05    2.989319e+05
9.860000e+00    2.487042e+05    2.757719e+05
9.870000e+00    2.684907e+05    3.000249e+05
9.880000e+00    2.429219e+05    3.101629e+05
9.890000e+00    2.525337e+05    2.802830e+05
9.900000e+00    2.713130e+05    2.966698e+05
9.910000e+00    2.410187e+05    3.042568e+05
9.920000e+00    2.435101e+05    2.816237e+05
9.930000e+00    2.638883e+05    3.058380e+05
9.940000e+00    2.390806e+05    3.173146e+05
9.950000e+00    2.488243e+05    2.865805e+05
9.960000e+00    2.704240e+05    3.046574e+05
9.970000e+00    2.393713e+05    3.129535e+05
9.980000e+00    2.432000e+05    2.893590e+05
9.990000e+00    2.649051e+05    3.144191e+05
1.000000e+01    2.403438e+05    3.252538e+05
1.001000e+01    2.516584e+05    2.948331e+05
1.002000e+01    2.721272e+05    3.114431e+05
1.003000e+01    2.437557e+05    3.183843e+05
1.004000e+01    2.475794e+05    2.955458e+05
1.005000e+01    2.699025e+05    3.186956e+05
1.006000e+01    2.470568e+05    3.297242e+05
1.007000e+01    2.563266e+05    3.003321e+05
1.008000e+01    2.776426e+05    3.146258e+05
1.009000e+01    2.480346e+05    3.231077e+05
1.010000e+01    2.511293e+05    2.957699e+05
1.011000e+01    2.749157e+05    3.212534e+05
1.012000e+01    2.526958e+05    3.316500e+05
1.013000e+01    2.623531e+05    3.033669e+05
1.014000e+01    2.834967e+05    3.182616e+05
1.015000e+01    2.538288e+05    3.274148e+05
1.016000e+01    2.567717e+05    3.041453e+05
1.017000e+01    2.813532e+05    3.270436e+05
1.018000e+01    2.617109e+05    3.401513e+05
1.019000e+01    2.754185e+05    3.070656e+05
1.020000e+01    3.007193e+05    3.185475e+05
1.021000e+01    2.739009e+05    3.204106e+05
1.022000e+01    2.741693e+05    2.898688e+05
1.023000e+01    2.935584e+05    3.078426e+05
1.024000e+01    2.671719e+05    3.190353e+05
1.025000e+01    2.715688e+05    2.891655e+05
1.026000e+01    2.937915e+05    3.054947e+05
1.027000e+01    2.627137e+05    3.142139e+05
1.028000e+01    2.643105e+05    2.899927e+05
1.029000e+01    2.865528e+05    3.097789e+05
1.030000e+01    2.627552e+05    3.229152e+05
1.031000e+01    2.696863e+05    2.926373e+05
1.032000e+01    2.916555e+05    3.071368e+05
1.033000e+01    2.627310e+05    3.167439e+05
1.034000e+01    2.647121e+05    2.907995e+05
1.035000e+01    2.874550e+05    3.097059e+05
1.036000e+01    2.632412e+05    3.243723e+05
1.037000e+01    2.716217e+05    2.924220e+05
1.038000e+01    2.931456e+05    3.059795e+05
1.039000e+01    2.652961e+05    3.162142e+05
1.040000e+01    2.661719e+05    2.891859e+05
1.041000e+01    2.898817e+05    3.089691e+05
1.042000e+01    2.666305e+05    3.221526e+05
1.043000e+01    2.738376e+05    2.922009e+05
1.044000e+01    2.963771e+05    3.043014e+05
1.045000e+01    2.678864e+05    3.164056e+05
1.046000e+01    2.701194e+05    2.878302e+05
1.047000e+01    2.926182e+05    3.067157e+05
1.048000e+01    2.705182e+05    3.205256e+05
1.049000e+01    2.761179e+05    2.898270e+05
1.050000e+01    3.005919e+05    3.027102e+05
1.051000e+01    2.724966e+05    3.121699e+05
1.052000e+01    2.726259e+05    2.853921e+05
1.053000e+01    2.967496e+05    3.025591e+05
1.054000e+01    2.727622e+05    3.154700e+05
1.055000e+01    2.777585e+05    2.862624e+05
1.056000e+01    3.022448e+05    2.977168e+05
1.057000e+01    2.735803e+05    3.080810e+05
1.058000e+01    2.725142e+05    2.801763e+05
1.059000e+01    2.946880e+05    2.981345e+05
1.060000e+01    2.719534e+05    3.126646e+05
1.061000e+01    2.740947e+05    2.819156e+05
1.062000e+01    2.985280e+05    2.974776e+05
1.063000e+01    2.729825e+05    3.088793e+05
1.064000e+01    2.709881e+05    2.812358e+05
1.065000e+01    2.942909e+05    3.003477e+05
1.066000e+01    2.713539e+05    3.173715e+05
1.067000e+01    2.759835e+05    2.907643e+05
1.068000e+01    3.048176e+05    3.054808e+05
1.069000e+01    2.812769e+05    3.169062e+05
1.070000e+01    2.817378e+05    2.901023e+05
1.071000e+01    3.068561e+05    3.084122e+05
1.072000e+01    2.864232e+05    3.287174e+05
1.073000e+01    2.974427e+05    3.087423e+05
1.074000e+01    3.429429e+05    3.274126e+05
1.075000e+01    3.447385e+05    3.327843e+05
1.076000e+01    3.688926e+05    2.790770e+05
1.077000e+01    4.041517e+05    2.540963e+05
1.078000e+01    3.663013e+05    2.252580e+05
1.079000e+01    3.332890e+05    1.677753e+05
1.080000e+01    3.167546e+05    1.736078e+05
1.081000e+01    2.587089e+05    2.004984e+05
1.082000e+01    2.409028e+05    1.960912e+05
1.083000e+01    2.664426e+05    2.301980e+05
1.084000e+01    2.496151e+05    2.518804e+05
1.085000e+01    2.520216e+05    2.216314e+05
1.086000e+01    2.718373e+05    2.317714e+05
1.087000e+01    2.388883e+05    2.490653e+05
1.088000e+01    2.314972e+05    2.292706e+05
1.089000e+01    2.590028e+05    2.530222e+05
1.090000e+01    2.419900e+05    2.714767e+05
1.091000e+01    2.448596e+05    2.380879e+05
1.092000e+01    2.663997e+05    2.467862e+05
1.093000e+01    2.353055e+05    2.626028e+05
1.094000e+01    2.294250e+05    2.406581e+05
1.095000e+01    2.562297e+05    2.603150e+05
1.096000e+01    2.381881e+05    2.783398e+05
1.097000e+01    2.401897e+05    2.462916e+05
1.098000e+01    2.631116e+05    2.534084e+05
1.099000e+01    2.321766e+05    2.692802e+05
1.100000e+01    2.263225e+05    2.473551e+05
1.101000e+01    2.545345e+05    2.659317e+05
1.102000e+01    2.362357e+05    2.819107e+05
1.103000e+01    2.357320e+05    2.493019e+05
1.104000e+01    2.577747e+05    2.591226e+05
1.105000e+01    2.292249e+05    2.768870e+05
1.106000e+01    2.253087e+05    2.526367e+05
1.107000e+01    2.534134e+05    2.687549e+05
1.108000e+01    2.322938e+05    2.859692e+05
1.109000e+01    2.319284e+05    2.553048e+05
1.110000e+01    2.561546e+05    2.641790e+05
1.111000e+01    2.284787e+05    2.795929e+05
1.112000e+01    2.216316e+05    2.551208e+05
1.113000e+01    2.477178e+05    2.728595e+05
1.114000e+01    2.291487e+05    2.928427e+05
1.115000e+01    2.304169e+05    2.602636e+05
1.116000e+01    2.542142e+05    2.667408e+05
1.117000e+01    2.248467e+05    2.840442e+05
1.118000e+01    2.187204e+05    2.617740e+05
1.119000e+01    2.481099e+05    2.777394e+05
1.120000e+01    2.294794e+05    2.946530e+05
1.121000e+01    2.266008e+05    2.630046e+05
1.122000e+01    2.511921e+05    2.718104e+05
1.123000e+01    2.253354e+05    2.888434e+05
1.124000e+01    2.181033e+05    2.644130e+05
1.125000e+01    2.450759e+05    2.806217e+05
1.126000e+01    2.279745e+05    3.001444e+05
1.127000e+01    2.273901e+05    2.676910e+05
1.128000e+01    2.507549e+05    2.747489e+05
1.129000e+01    2.238516e+05    2.947956e+05
1.130000e+01    2.191117e+05    2.698877e+05
1.131000e+01    2.473541e+05    2.831754e+05
1.132000e+01    2.290649e+05    3.025814e+05
1.133000e+01    2.283811e+05    2.724863e+05
1.134000e+01    2.542560e+05    2.775094e+05
1.135000e+01    2.262274e+05    2.956371e+05
1.136000e+01    2.199341e+05    2.725313e+05
1.137000e+01    2.508936e+05    2.854547e+05
1.138000e+01    2.318266e+05    3.038241e+05
1.139000e+01    2.295525e+05    2.737378e+05
1.140000e+01    2.563699e+05    2.786315e+05
1.141000e+01    2.290591e+05    2.952119e+05
1.142000e+01    2.202104e+05    2.716607e+05
1.143000e+01    2.506925e+05    2.848962e+05
1.144000e+01    2.327232e+05    3.025798e+05
1.145000e+01    2.293238e+05    2.725095e+05
1.146000e+01    2.568389e+05    2.769383e+05
1.147000e+01    2.291153e+05    2.934423e+05
1.148000e+01    2.194169e+05    2.700332e+05
1.149000e+01    2.487472e+05    2.821755e+05
1.150000e+01    2.294228e+05    3.007170e+05
1.151000e+01    2.245626e+05    2.710013e+05
1.152000e+01    2.518446e+05    2.752356e+05
1.153000e+01    2.240268e+05    2.933159e+05
1.154000e+01    2.149029e+05    2.707331e+05
1.155000e+01    2.447011e+05    2.817031e+05
1.156000e+01    2.248496e+05    3.022420e+05
1.157000e+01    2.211749e+05    2.728568e+05
1.158000e+01    2.467899e+05    2.758918e+05
1.159000e+01    2.192660e+05    2.968912e+05
1.160000e+01    2.106422e+05    2.733835e+05
1.161000e+01    2.374494e+05    2.848064e+05
1.162000e+01    2.200106e+05    3.087608e+05
1.163000e+01    2.165002e+05    2.769076e+05
1.164000e+01    2.400078e+05    2.817628e+05
1.165000e+01    2.165829e+05    3.032422e+05
1.166000e+01    2.059604e+05    2.779499e+05
1.167000e+01    2.341511e+05    2.918028e+05
1.168000e+01    2.193193e+05    3.127400e+05
1.169000e+01    2.121994e+05    2.824121e+05
1.170000e+01    2.404068e+05    2.882879e+05
1.171000e+01    2.157535e+05    3.074904e+05
1.172000e+01    2.050653e+05    2.857718e+05
1.173000e+01    2.369972e+05    2.959878e+05
1.174000e+01    2.178652e+05    3.189564e+05
1.175000e+01    2.137965e+05    2.900857e+05
1.176000e+01    2.389226e+05    2.928860e+05
1.177000e+01    2.153305e+05    3.166828e+05
1.178000e+01    2.051129e+05    2.906432e+05
1.179000e+01    2.332764e+05    3.030968e+05
1.180000e+01    2.197280e+05    3.245456e+05
1.181000e+01    2.119606e+05    2.947894e+05
1.182000e+01    2.410328e+05    2.991801e+05
1.183000e+01    2.169549e+05    3.192632e+05
1.184000e+01    2.067520e+05    2.979966e+05
1.185000e+01    2.363523e+05    3.066926e+05
1.186000e+01    2.204909e+05    3.323508e+05
1.187000e+01    2.151652e+05    3.000427e+05
1.188000e+01    2.409035e+05    3.042010e+05
1.189000e+01    2.200961e+05    3.250582e+05
1.190000e+01    2.070197e+05    3.020639e+05
1.191000e+01    2.400346e+05    3.124012e+05
1.192000e+01    2.238592e+05    3.349072e+05
1.193000e+01    2.187063e+05    3.066079e+05
1.194000e+01    2.446244e+05    3.074861e+05
1.195000e+01    2.232215e+05    3.312630e+05
1.196000e+01    2.100014e+05    3.053934e+05
1.197000e+01    2.409900e+05    3.170737e+05
1.198000e+01    2.272420e+05    3.389344e+05
1.199000e+01    2.204588e+05    3.115147e+05
1.200000e+01    2.478313e+05    3.119246e+05
1.201000e+01    2.254858e+05    3.381695e+05
1.202000e+01    2.137304e+05    3.118243e+05
1.203000e+01    2.441077e+05    3.223162e+05
1.204000e+01    2.309120e+05    3.440557e+05
1.205000e+01    2.229715e+05    3.169695e+05
1.206000e+01    2.507929e+05    3.166947e+05
1.207000e+01    2.285056e+05    3.439136e+05
1.208000e+01    2.165337e+05    3.167189e+05
1.209000e+01    2.464162e+05    3.264287e+05
1.210000e+01    2.336433e+05    3.487834e+05
1.211000e+01    2.259866e+05    3.219335e+05
1.212000e+01    2.536056e+05    3.209658e+05
1.213000e+01    2.330903e+05    3.468092e+05
1.214000e+01    2.185102e+05    3.206024e+05
1.215000e+01    2.511400e+05    3.309657e+05
1.216000e+01    2.382634e+05    3.542190e+05
1.217000e+01    2.308957e+05    3.270329e+05
1.218000e+01    2.568376e+05    3.270543e+05
1.219000e+01    2.388824e+05    3.518834e+05
1.220000e+01    2.230057e+05    3.280995e+05
1.221000e+01    2.576795e+05    3.350592e+05
1.222000e+01    2.424174e+05    3.625426e+05
1.223000e+01    2.352844e+05    3.322990e+05
1.224000e+01    2.622968e+05    3.329375e+05
1.225000e+01    2.439298e+05    3.556525e+05
1.226000e+01    2.309815e+05    3.355166e+05
1.227000e+01    2.615141e+05    3.407520e+05
1.228000e+01    2.513177e+05    3.684997e+05
1.229000e+01    2.395037e+05    3.384684e+05
1.230000e+01    2.722950e+05    3.381654e+05
1.231000e+01    2.504853e+05    3.657159e+05
1.232000e+01    2.378198e+05    3.413604e+05
1.233000e+01    2.687074e+05    3.485330e+05
1.234000e+01    2.586418e+05    3.732714e+05
1.235000e+01    2.502107e+05    3.471505e+05
1.236000e+01    2.776421e+05    3.456068e+05
1.237000e+01    2.623020e+05    3.718754e+05
1.238000e+01    2.455407e+05    3.504249e+05
1.239000e+01    2.797263e+05    3.544108e+05
1.240000e+01    2.697184e+05    3.856898e+05
1.241000e+01    2.555025e+05    3.537980e+05
1.242000e+01    2.916641e+05    3.536151e+05
1.243000e+01    2.731885e+05    3.832488e+05
1.244000e+01    2.576138e+05    3.621317e+05
1.245000e+01    2.929893e+05    3.687718e+05
1.246000e+01    2.863963e+05    4.039460e+05
1.247000e+01    2.793715e+05    3.912072e+05
1.248000e+01    3.710234e+05    3.595969e+05
1.249000e+01    2.849793e+05    3.531799e+05
1.250000e+01    2.849224e+05    3.585399e+05
1.251000e+01    3.111232e+05    3.706104e+05
1.252000e+01    3.096946e+05    3.984961e+05
1.253000e+01    3.111671e+05    3.736794e+05
1.254000e+01    3.478516e+05    3.704580e+05
1.255000e+01    3.453328e+05    3.855720e+05
1.256000e+01    3.224071e+05    3.516820e+05
1.257000e+01    3.597574e+05    3.615899e+05
1.258000e+01    3.522524e+05    3.857716e+05
1.259000e+01    3.460457e+05    3.528565e+05
1.260000e+01    3.886279e+05    3.479641e+05
1.261000e+01    3.767262e+05    3.693531e+05
1.262000e+01    3.695583e+05    3.366575e+05
1.263000e+01    4.115216e+05    3.329698e+05
1.264000e+01    4.087923e+05    3.481199e+05
1.265000e+01    4.074498e+05    3.014568e+05
1.266000e+01    4.464804e+05    2.786620e+05
1.267000e+01    4.297141e+05    2.761507e+05
1.268000e+01    4.080685e+05    2.198900e+05
1.269000e+01    4.201132e+05    1.917182e+05
1.270000e+01    3.762576e+05    1.901314e+05
1.271000e+01    3.197538e+05    1.503480e+05
1.272000e+01    3.060505e+05    1.590310e+05
1.273000e+01    2.570061e+05    2.080388e+05
1.274000e+01    2.247034e+05    2.110892e+05
1.275000e+01    2.523631e+05    2.405014e+05
1.276000e+01    2.429925e+05    2.857092e+05
1.277000e+01    2.338478e+05    2.701094e+05
1.278000e+01    2.650504e+05    2.783609e+05
1.279000e+01    2.507699e+05    3.154046e+05
1.280000e+01    2.388503e+05    3.016996e+05
1.281000e+01    2.791053e+05    3.119659e+05
1.282000e+01    2.746806e+05    3.459590e+05
1.283000e+01    2.657605e+05    3.177738e+05
1.284000e+01    3.052223e+05    3.151645e+05
1.285000e+01    2.907776e+05    3.492973e+05
1.286000e+01    2.743826e+05    3.252507e+05
1.287000e+01    3.150090e+05    3.275046e+05
1.288000e+01    3.107370e+05    3.584517e+05
1.289000e+01    2.996288e+05    3.309836e+05
1.290000e+01    3.328087e+05    3.250387e+05
1.291000e+01    3.222234e+05    3.522668e+05
1.292000e+01    3.086780e+05    3.331849e+05
1.293000e+01    3.435505e+05    3.337063e+05
1.294000e+01    3.419574e+05    3.582710e+05
1.295000e+01    3.338264e+05    3.326045e+05
1.296000e+01    3.639312e+05    3.257952e+05
1.297000e+01    3.544518e+05    3.485600e+05
1.298000e+01    3.430641e+05    3.284553e+05
1.299000e+01    3.781548e+05    3.280647e+05
1.300000e+01    3.763280e+05    3.507025e+05
1.301000e+01    3.685223e+05    3.200177e+05
1.302000e+01    4.026103e+05    3.095978e+05
1.303000e+01    3.909931e+05    3.335750e+05
1.304000e+01    3.732541e+05    3.054863e+05
1.305000e+01    4.132020e+05    2.997038e+05
1.306000e+01    4.101697e+05    3.239094e+05
1.307000e+01    3.976588e+05    2.909851e+05
1.308000e+01    4.282653e+05    2.759407e+05
1.309000e+01    4.178758e+05    2.945107e+05
1.310000e+01    4.016094e+05    2.688935e+05
1.311000e+01    4.325110e+05    2.607898e+05
1.312000e+01    4.271419e+05    2.780811e+05
1.313000e+01    4.129259e+05    2.434215e+05
1.314000e+01    4.406085e+05    2.278167e+05
1.315000e+01    4.235424e+05    2.488195e+05
1.316000e+01    3.988176e+05    2.182758e+05
1.317000e+01    4.295386e+05    2.091408e+05
1.318000e+01    4.202783e+05    2.302417e+05
1.319000e+01    4.003332e+05    1.989728e+05
1.320000e+01    4.214704e+05    1.846450e+05
1.321000e+01    4.029401e+05    2.045645e+05
1.322000e+01    3.787711e+05    1.799755e+05
1.323000e+01    4.047405e+05    1.748857e+05
1.324000e+01    3.913971e+05    2.005690e+05
1.325000e+01    3.659829e+05    1.686720e+05
1.326000e+01    3.898621e+05    1.574597e+05
1.327000e+01    3.708748e+05    1.842719e+05
1.328000e+01    3.447157e+05    1.665111e+05
1.329000e+01    3.689908e+05    1.652030e+05
1.330000e+01    3.586712e+05    1.924582e+05
1.331000e+01    3.386317e+05    1.675437e+05
1.332000e+01    3.648170e+05    1.596249e+05
1.333000e+01    3.481993e+05    1.920655e+05
1.334000e+01    3.234801e+05    1.736714e+05
1.335000e+01    3.527697e+05    1.719930e+05
1.336000e+01    3.482239e+05    1.999345e+05
1.337000e+01    3.323280e+05    1.768243e+05
1.338000e+01    3.596840e+05    1.677839e+05
1.339000e+01    3.477054e+05    1.966906e+05
1.340000e+01    3.247276e+05    1.751480e+05
1.341000e+01    3.585229e+05    1.690570e+05
1.342000e+01    3.562180e+05    1.949055e+05
1.343000e+01    3.393427e+05    1.684882e+05
1.344000e+01    3.650510e+05    1.550758e+05
1.345000e+01    3.524106e+05    1.796049e+05
1.346000e+01    3.255135e+05    1.554314e+05
1.347000e+01    3.589170e+05    1.459287e+05
1.348000e+01    3.530152e+05    1.713705e+05
1.349000e+01    3.329079e+05    1.444355e+05
1.350000e+01    3.553150e+05    1.304425e+05
1.351000e+01    3.395152e+05    1.576075e+05
1.352000e+01    3.098977e+05    1.333967e+05
1.353000e+01    3.390365e+05    1.264859e+05
1.354000e+01    3.320063e+05    1.522593e+05
1.355000e+01    3.100191e+05    1.272633e+05
1.356000e+01    3.324023e+05    1.152515e+05
1.357000e+01    3.167138e+05    1.451016e+05
1.358000e+01    2.874188e+05    1.247827e+05
1.359000e+01    3.139550e+05    1.184303e+05
1.360000e+01    3.075397e+05    1.458707e+05
1.361000e+01    2.851213e+05    1.227278e+05
1.362000e+01    3.094638e+05    1.098255e+05
1.363000e+01    2.944642e+05    1.432580e+05
1.364000e+01    2.659211e+05    1.255904e+05
1.365000e+01    2.910607e+05    1.214202e+05
1.366000e+01    2.848902e+05    1.513332e+05
1.367000e+01    2.602158e+05    1.269254e+05
1.368000e+01    2.866452e+05    1.159500e+05
1.369000e+01    2.742743e+05    1.470866e+05
1.370000e+01    2.491713e+05    1.333637e+05
1.371000e+01    2.775383e+05    1.293422e+05
1.372000e+01    2.750393e+05    1.632284e+05
1.373000e+01    2.507329e+05    1.381930e+05
1.374000e+01    2.758630e+05    1.257314e+05
1.375000e+01    2.651213e+05    1.539341e+05
1.376000e+01    2.375974e+05    1.366362e+05
1.377000e+01    2.688625e+05    1.303410e+05
1.378000e+01    2.652676e+05    1.607300e+05
1.379000e+01    2.435580e+05    1.397116e+05
1.380000e+01    2.680591e+05    1.269989e+05
1.381000e+01    2.578930e+05    1.600788e+05
1.382000e+01    2.293920e+05    1.431947e+05
1.383000e+01    2.568915e+05    1.375448e+05
1.384000e+01    2.543965e+05    1.683384e+05
1.385000e+01    2.289349e+05    1.445782e+05
1.386000e+01    2.563460e+05    1.318829e+05
1.387000e+01    2.470566e+05    1.616594e+05
1.388000e+01    2.211958e+05    1.474242e+05
1.389000e+01    2.521292e+05    1.382744e+05
1.390000e+01    2.491624e+05    1.722564e+05
1.391000e+01    2.271802e+05    1.514930e+05
1.392000e+01    2.521233e+05    1.376838e+05
1.393000e+01    2.424468e+05    1.713263e+05
1.394000e+01    2.146187e+05    1.552788e+05
1.395000e+01    2.424147e+05    1.485793e+05
1.396000e+01    2.416567e+05    1.793729e+05
1.397000e+01    2.155180e+05    1.576859e+05
1.398000e+01    2.426233e+05    1.437754e+05
1.399000e+01    2.341841e+05    1.740796e+05
1.400000e+01    2.062370e+05    1.592692e+05
1.401000e+01    2.371232e+05    1.515060e+05
1.402000e+01    2.371329e+05    1.823179e+05
1.403000e+01    2.144472e+05    1.622093e+05
1.404000e+01    2.416521e+05    1.445198e+05
1.405000e+01    2.312584e+05    1.785780e+05
1.406000e+01    2.046103e+05    1.661911e+05
1.407000e+01    2.344630e+05    1.582098e+05
1.408000e+01    2.352318e+05    1.912149e+05
1.409000e+01    2.117135e+05    1.705120e+05
1.410000e+01    2.359657e+05    1.554140e+05
1.411000e+01    2.288645e+05    1.900395e+05
1.412000e+01    2.008209e+05    1.759188e+05
1.413000e+01    2.295081e+05    1.687351e+05
1.414000e+01    2.324884e+05    2.021014e+05
1.415000e+01    2.074639e+05    1.805438e+05
1.416000e+01    2.316094e+05    1.663572e+05
1.417000e+01    2.250500e+05    2.010439e+05
1.418000e+01    1.983514e+05    1.921185e+05
1.419000e+01    2.331544e+05    1.872330e+05
1.420000e+01    2.441196e+05    2.195620e+05
1.421000e+01    2.278428e+05    1.957126e+05
1.422000e+01    2.611834e+05    1.709448e+05
1.423000e+01    2.566297e+05    1.903722e+05
1.424000e+01    2.219300e+05    1.689712e+05
1.425000e+01    2.463499e+05    1.541853e+05
1.426000e+01    2.423254e+05    1.844885e+05
1.427000e+01    2.114354e+05    1.665799e+05
1.428000e+01    2.379078e+05    1.513938e+05
1.429000e+01    2.319816e+05    1.822783e+05
1.430000e+01    1.980961e+05    1.698422e+05
1.431000e+01    2.300611e+05    1.595648e+05
1.432000e+01    2.315652e+05    1.905358e+05
1.433000e+01    2.025593e+05    1.729851e+05
1.434000e+01    2.303324e+05    1.563157e+05
1.435000e+01    2.260179e+05    1.875163e+05
1.436000e+01    1.946195e+05    1.750948e+05
1.437000e+01    2.254106e+05    1.637386e+05
1.438000e+01    2.273833e+05    1.947255e+05
1.439000e+01    1.986817e+05    1.777679e+05
1.440000e+01    2.266614e+05    1.608835e+05
1.441000e+01    2.232108e+05    1.917370e+05
1.442000e+01    1.926338e+05    1.801997e+05
1.443000e+01    2.219853e+05    1.686360e+05
1.444000e+01    2.261857e+05    2.011733e+05
1.445000e+01    2.000125e+05    1.823790e+05
1.446000e+01    2.247383e+05    1.644970e+05
1.447000e+01    2.232215e+05    1.975754e+05
1.448000e+01    1.938581e+05    1.840790e+05
1.449000e+01    2.216657e+05    1.711966e+05
1.450000e+01    2.276618e+05    2.053254e+05
1.451000e+01    2.005542e+05    1.850497e+05
1.452000e+01    2.251002e+05    1.654802e+05
1.453000e+01    2.226934e+05    1.981144e+05
1.454000e+01    1.928027e+05    1.860822e+05
1.455000e+01    2.209843e+05    1.712602e+05
1.456000e+01    2.243831e+05    2.034974e+05
1.457000e+01    1.979887e+05    1.868119e+05
1.458000e+01    2.232661e+05    1.636212e+05
1.459000e+01    2.186867e+05    1.980164e+05
1.460000e+01    1.879193e+05    1.878427e+05
1.461000e+01    2.161018e+05    1.738081e+05
1.462000e+01    2.203357e+05    2.057755e+05
1.463000e+01    1.902292e+05    1.904012e+05
1.464000e+01    2.176037e+05    1.717690e+05
1.465000e+01    2.160837e+05    2.032045e+05
1.466000e+01    1.838693e+05    1.946201e+05
1.467000e+01    2.143197e+05    1.809198e+05
1.468000e+01    2.216045e+05    2.136294e+05
1.469000e+01    1.943464e+05    1.963062e+05
1.470000e+01    2.191307e+05    1.753795e+05
1.471000e+01    2.192083e+05    2.074207e+05
1.472000e+01    1.886418e+05    1.966491e+05
1.473000e+01    2.168447e+05    1.785454e+05
1.474000e+01    2.208099e+05    2.121298e+05
1.475000e+01    1.936474e+05    1.969823e+05
1.476000e+01    2.169946e+05    1.746956e+05
1.477000e+01    2.154980e+05    2.084849e+05
1.478000e+01    1.819339e+05    2.009954e+05
1.479000e+01    2.125205e+05    1.864436e+05
1.480000e+01    2.210294e+05    2.200803e+05
1.481000e+01    1.940732e+05    2.037087e+05
1.482000e+01    2.174176e+05    1.826574e+05
1.483000e+01    2.201078e+05    2.156706e+05
1.484000e+01    1.877265e+05    2.045043e+05
1.485000e+01    2.148928e+05    1.860414e+05
1.486000e+01    2.200344e+05    2.201278e+05
1.487000e+01    1.899612e+05    2.064854e+05
1.488000e+01    2.146458e+05    1.859627e+05
1.489000e+01    2.154339e+05    2.188466e+05
1.490000e+01    1.844383e+05    2.125971e+05
1.491000e+01    2.132158e+05    1.966630e+05
1.492000e+01    2.251746e+05    2.314549e+05
1.493000e+01    1.961828e+05    2.141495e+05
1.494000e+01    2.191418e+05    1.901123e+05
1.495000e+01    2.190406e+05    2.239553e+05
1.496000e+01    1.854963e+05    2.172260e+05
1.497000e+01    2.132775e+05    2.024533e+05
1.498000e+01    2.224644e+05    2.356778e+05
1.499000e+01    1.951948e+05    2.245948e+05
1.500000e+01    2.205449e+05    2.027182e+05
1.501000e+01    2.268598e+05    2.377485e+05
1.502000e+01    1.954553e+05    2.289447e+05
1.503000e+01    2.234191e+05    2.091704e+05
1.504000e+01    2.321933e+05    2.448796e+05
1.505000e+01    2.025692e+05    2.339957e+05
1.506000e+01    2.308675e+05    2.123614e+05
1.507000e+01    2.375455e+05    2.468396e+05
1.508000e+01    2.096164e+05    2.394184e+05
1.509000e+01    2.387661e+05    2.215060e+05
1.510000e+01    2.514704e+05    2.528826e+05
1.511000e+01    2.238514e+05    2.399844e+05
1.512000e+01    2.497540e+05    2.161925e+05
1.513000e+01    2.568936e+05    2.500445e+05
1.514000e+01    2.301859e+05    2.449975e+05
1.515000e+01    2.624105e+05    2.261184e+05
1.516000e+01    2.802834e+05    2.555286e+05
1.517000e+01    2.547378e+05    2.388077e+05
1.518000e+01    2.813482e+05    2.082253e+05
1.519000e+01    2.891048e+05    2.402449e+05
1.520000e+01    2.607770e+05    2.325809e+05
1.521000e+01    2.945149e+05    2.088803e+05
1.522000e+01    3.136867e+05    2.340040e+05
1.523000e+01    2.870236e+05    2.113994e+05
1.524000e+01    3.106786e+05    1.741215e+05
1.525000e+01    3.148956e+05    2.025385e+05
1.526000e+01    2.790607e+05    1.910964e+05
1.527000e+01    3.088883e+05    1.628438e+05
1.528000e+01    3.230312e+05    1.861150e+05
1.529000e+01    2.894080e+05    1.627108e+05
1.530000e+01    3.049862e+05    1.264213e+05
1.531000e+01    3.028957e+05    1.543496e+05
1.532000e+01    2.629298e+05    1.464893e+05
1.533000e+01    2.868155e+05    1.213545e+05
1.534000e+01    2.975357e+05    1.495144e+05
1.535000e+01    2.581107e+05    1.311415e+05
1.536000e+01    2.718773e+05    9.979417e+04
1.537000e+01    2.707809e+05    1.332891e+05
1.538000e+01    2.327500e+05    1.300934e+05
1.539000e+01    2.547017e+05    1.083250e+05
1.540000e+01    2.637448e+05    1.366987e+05
1.541000e+01    2.278458e+05    1.248856e+05
1.542000e+01    2.421226e+05    9.996447e+04
1.543000e+01    2.447387e+05    1.338658e+05
1.544000e+01    2.101295e+05    1.302536e+05
1.545000e+01    2.324253e+05    1.075112e+05
1.546000e+01    2.405941e+05    1.389932e+05
1.547000e+01    2.031035e+05    1.308055e+05
1.548000e+01    2.237184e+05    1.059885e+05
1.549000e+01    2.332358e+05    1.425809e+05
1.550000e+01    1.943338e+05    1.347295e+05
1.551000e+01    2.156615e+05    1.077597e+05
1.552000e+01    2.254145e+05    1.457809e+05
1.553000e+01    1.911994e+05    1.404491e+05
1.554000e+01    2.133227e+05    1.122052e+05
1.555000e+01    2.202914e+05    1.428042e+05
1.556000e+01    1.817893e+05    1.398891e+05
1.557000e+01    2.027305e+05    1.204136e+05
1.558000e+01    2.184389e+05    1.544407e+05
1.559000e+01    1.876489e+05    1.440284e+05
1.560000e+01    2.049016e+05    1.117658e+05
1.561000e+01    2.082581e+05    1.470893e+05
1.562000e+01    1.710650e+05    1.498356e+05
1.563000e+01    1.978908e+05    1.274713e+05
1.564000e+01    2.139446e+05    1.563534e+05
1.565000e+01    1.788802e+05    1.474686e+05
1.566000e+01    1.952914e+05    1.218763e+05
1.567000e+01    2.059344e+05    1.563784e+05
1.568000e+01    1.721382e+05    1.525165e+05
1.569000e+01    1.927139e+05    1.236882e+05
1.570000e+01    2.048773e+05    1.605688e+05
1.571000e+01    1.723851e+05    1.571998e+05
1.572000e+01    1.939523e+05    1.266095e+05
1.573000e+01    2.022202e+05    1.566843e+05
1.574000e+01    1.621847e+05    1.573413e+05
1.575000e+01    1.867968e+05    1.359846e+05
1.576000e+01    2.100720e+05    1.706777e+05
1.577000e+01    1.716984e+05    1.579281e+05
1.578000e+01    1.875677e+05    1.273356e+05
1.579000e+01    1.977237e+05    1.650511e+05
1.580000e+01    1.649210e+05    1.635057e+05
1.581000e+01    1.875900e+05    1.347056e+05
1.582000e+01    1.998035e+05    1.688222e+05
1.583000e+01    1.669135e+05    1.666967e+05
1.584000e+01    1.896481e+05    1.369851e+05
1.585000e+01    1.998577e+05    1.653594e+05
1.586000e+01    1.634708e+05    1.660658e+05
1.587000e+01    1.886650e+05    1.427957e+05
1.588000e+01    2.111579e+05    1.689986e+05
1.589000e+01    1.728607e+05    1.562589e+05
1.590000e+01    1.835179e+05    1.258272e+05
1.591000e+01    1.947731e+05    1.619181e+05
1.592000e+01    1.565151e+05    1.609255e+05
1.593000e+01    1.752746e+05    1.326888e+05
1.594000e+01    1.920009e+05    1.716711e+05
1.595000e+01    1.630743e+05    1.669100e+05
1.596000e+01    1.807047e+05    1.321248e+05
1.597000e+01    1.868655e+05    1.646514e+05
1.598000e+01    1.511141e+05    1.712033e+05
1.599000e+01    1.758026e+05    1.446852e+05
1.600000e+01    1.931857e+05    1.725305e+05
1.601000e+01    1.542375e+05    1.720446e+05
1.602000e+01    1.777328e+05    1.401524e+05
1.603000e+01    1.910503e+05    1.695212e+05
1.604000e+01    1.501936e+05    1.705172e+05
1.605000e+01    1.719484e+05    1.496846e+05
1.606000e+01    1.968932e+05    1.793665e+05
1.607000e+01    1.601031e+05    1.709203e+05
1.608000e+01    1.730378e+05    1.416648e+05
1.609000e+01    1.919227e+05    1.765435e+05
1.610000e+01    1.523896e+05    1.732626e+05
1.611000e+01    1.694993e+05    1.474442e+05
1.612000e+01    1.910994e+05    1.821365e+05
1.613000e+01    1.611401e+05    1.746949e+05
1.614000e+01    1.720582e+05    1.390400e+05
1.615000e+01    1.853038e+05    1.756411e+05
1.616000e+01    1.513443e+05    1.784755e+05
1.617000e+01    1.700557e+05    1.432342e+05
1.618000e+01    1.874400e+05    1.814252e+05
1.619000e+01    1.587660e+05    1.788242e+05
1.620000e+01    1.730185e+05    1.403884e+05
1.621000e+01    1.831161e+05    1.748730e+05
1.622000e+01    1.480648e+05    1.824843e+05
1.623000e+01    1.703740e+05    1.491101e+05
1.624000e+01    1.863144e+05    1.810632e+05
1.625000e+01    1.554340e+05    1.822499e+05
1.626000e+01    1.723404e+05    1.445866e+05
1.627000e+01    1.832103e+05    1.752746e+05
1.628000e+01    1.452900e+05    1.846481e+05
1.629000e+01    1.692888e+05    1.531656e+05
1.630000e+01    1.861714e+05    1.812010e+05
1.631000e+01    1.524713e+05    1.849166e+05
1.632000e+01    1.712041e+05    1.460117e+05
1.633000e+01    1.821352e+05    1.762189e+05
1.634000e+01    1.441597e+05    1.859087e+05
1.635000e+01    1.676036e+05    1.549890e+05
1.636000e+01    1.863103e+05    1.816765e+05
1.637000e+01    1.494630e+05    1.871498e+05
1.638000e+01    1.702475e+05    1.476479e+05
1.639000e+01    1.801443e+05    1.761549e+05
1.640000e+01    1.431768e+05    1.876746e+05
1.641000e+01    1.652190e+05    1.540448e+05
1.642000e+01    1.840188e+05    1.836400e+05
1.643000e+01    1.503684e+05    1.870057e+05
1.644000e+01    1.670387e+05    1.482786e+05
1.645000e+01    1.787079e+05    1.777182e+05
1.646000e+01    1.419319e+05    1.891372e+05
1.647000e+01    1.631035e+05    1.547222e+05
1.648000e+01    1.813247e+05    1.849857e+05
1.649000e+01    1.507035e+05    1.891732e+05
1.650000e+01    1.649096e+05    1.453416e+05
1.651000e+01    1.763499e+05    1.803331e+05
1.652000e+01    1.445033e+05    1.884555e+05
1.653000e+01    1.587232e+05    1.498439e+05
1.654000e+01    1.805230e+05    1.880222e+05
1.655000e+01    1.509340e+05    1.866835e+05
1.656000e+01    1.580515e+05    1.459708e+05
1.657000e+01    1.769492e+05    1.846680e+05
1.658000e+01    1.424407e+05    1.880909e+05
1.659000e+01    1.539854e+05    1.578384e+05
1.660000e+01    1.832951e+05    1.916418e+05
1.661000e+01    1.480851e+05    1.871347e+05
1.662000e+01    1.562192e+05    1.543968e+05
1.663000e+01    1.811869e+05    1.865134e+05
1.664000e+01    1.380610e+05    1.897651e+05
1.665000e+01    1.538521e+05    1.646256e+05
1.666000e+01    1.854484e+05    1.909164e+05
1.667000e+01    1.430477e+05    1.912894e+05
1.668000e+01    1.574208e+05    1.588573e+05
1.669000e+01    1.760611e+05    1.834714e+05
1.670000e+01    1.318433e+05    1.974155e+05
1.671000e+01    1.553593e+05    1.660285e+05
1.672000e+01    1.772940e+05    1.904879e+05
1.673000e+01    1.410445e+05    2.001018e+05
1.674000e+01    1.573936e+05    1.559325e+05
1.675000e+01    1.695570e+05    1.872105e+05
1.676000e+01    1.371310e+05    2.011796e+05
1.677000e+01    1.510184e+05    1.602550e+05
1.678000e+01    1.757379e+05    1.980268e+05
1.679000e+01    1.469520e+05    1.987231e+05
1.680000e+01    1.503946e+05    1.587394e+05
1.681000e+01    1.741548e+05    1.962825e+05
1.682000e+01    1.368994e+05    2.035085e+05
1.683000e+01    1.514904e+05    1.786148e+05
1.684000e+01    1.905279e+05    2.060128e+05
1.685000e+01    1.526757e+05    2.056952e+05
1.686000e+01    1.696314e+05    1.662268e+05
1.687000e+01    1.875364e+05    1.831104e+05
1.688000e+01    1.397745e+05    1.985130e+05
1.689000e+01    1.585704e+05    1.582297e+05
1.690000e+01    1.761597e+05    1.858518e+05
1.691000e+01    1.436576e+05    1.975769e+05
1.692000e+01    1.514992e+05    1.509154e+05
1.693000e+01    1.720866e+05    1.886315e+05
1.694000e+01    1.375829e+05    1.961893e+05
1.695000e+01    1.457764e+05    1.663183e+05
1.696000e+01    1.837361e+05    1.968134e+05
1.697000e+01    1.394150e+05    1.969267e+05
1.698000e+01    1.497896e+05    1.662172e+05
1.699000e+01    1.743641e+05    1.884281e+05
1.700000e+01    1.282593e+05    2.068815e+05
1.701000e+01    1.485372e+05    1.698476e+05
1.702000e+01    1.717651e+05    1.968476e+05
1.703000e+01    1.423044e+05    2.055447e+05
1.704000e+01    1.456543e+05    1.555677e+05
1.705000e+01    1.698871e+05    1.963836e+05
1.706000e+01    1.354132e+05    2.043692e+05
1.707000e+01    1.434722e+05    1.751866e+05
1.708000e+01    1.809766e+05    2.004601e+05
1.709000e+01    1.345831e+05    2.074390e+05
1.710000e+01    1.495023e+05    1.719208e+05
1.711000e+01    1.696752e+05    1.933398e+05
1.712000e+01    1.317171e+05    2.137544e+05
1.713000e+01    1.444436e+05    1.713208e+05
1.714000e+01    1.724555e+05    2.058764e+05
1.715000e+01    1.430560e+05    2.086509e+05
1.716000e+01    1.437209e+05    1.709874e+05
1.717000e+01    1.787060e+05    2.009412e+05
1.718000e+01    1.299605e+05    2.127052e+05
1.719000e+01    1.470629e+05    1.832090e+05
1.720000e+01    1.751798e+05    2.027278e+05
1.721000e+01    1.401673e+05    2.182562e+05
1.722000e+01    1.484345e+05    1.689856e+05
1.723000e+01    1.711873e+05    2.040796e+05
1.724000e+01    1.386096e+05    2.133623e+05
1.725000e+01    1.434365e+05    1.822849e+05
1.726000e+01    1.845187e+05    2.074694e+05
1.727000e+01    1.377333e+05    2.171410e+05
1.728000e+01    1.520948e+05    1.781457e+05
1.729000e+01    1.719165e+05    1.995919e+05
1.730000e+01    1.377246e+05    2.196604e+05
1.731000e+01    1.419763e+05    1.742822e+05
1.732000e+01    1.790233e+05    2.125175e+05
1.733000e+01    1.444866e+05    2.157838e+05
1.734000e+01    1.487533e+05    1.816993e+05
1.735000e+01    1.762488e+05    2.009226e+05
1.736000e+01    1.294660e+05    2.279811e+05
1.737000e+01    1.463732e+05    1.847769e+05
1.738000e+01    1.748799e+05    2.151400e+05
1.739000e+01    1.476633e+05    2.228956e+05
1.740000e+01    1.459413e+05    1.836804e+05
1.741000e+01    1.834151e+05    2.100243e+05
1.742000e+01    1.318642e+05    2.305285e+05
1.743000e+01    1.484585e+05    2.014102e+05
1.744000e+01    1.927730e+05    2.269028e+05
1.745000e+01    1.592138e+05    2.260668e+05
1.746000e+01    1.625619e+05    1.842493e+05
1.747000e+01    2.009362e+05    2.120710e+05
1.748000e+01    1.590061e+05    2.150167e+05
1.749000e+01    1.692719e+05    1.803952e+05
1.750000e+01    1.908546e+05    1.904490e+05
1.751000e+01    1.517340e+05    2.122182e+05
1.752000e+01    1.487486e+05    1.616603e+05
1.753000e+01    1.818732e+05    2.014646e+05
1.754000e+01    1.432123e+05    2.127166e+05
1.755000e+01    1.512996e+05    1.839930e+05
1.756000e+01    1.832383e+05    2.011206e+05
1.757000e+01    1.475181e+05    2.228277e+05
1.758000e+01    1.501826e+05    1.698102e+05
1.759000e+01    1.820700e+05    2.064607e+05
1.760000e+01    1.467541e+05    2.160850e+05
1.761000e+01    1.524608e+05    1.849591e+05
1.762000e+01    1.844504e+05    2.013713e+05
1.763000e+01    1.479813e+05    2.238016e+05
1.764000e+01    1.492124e+05    1.697564e+05
1.765000e+01    1.805201e+05    2.061120e+05
1.766000e+01    1.429705e+05    2.189504e+05
1.767000e+01    1.511599e+05    1.901195e+05
1.768000e+01    1.846317e+05    2.054718e+05
1.769000e+01    1.510477e+05    2.263561e+05
1.770000e+01    1.487576e+05    1.710063e+05
1.771000e+01    1.846126e+05    2.070915e+05
1.772000e+01    1.441678e+05    2.202123e+05
1.773000e+01    1.532625e+05    1.898078e+05
1.774000e+01    1.841754e+05    2.060683e+05
1.775000e+01    1.546459e+05    2.253259e+05
1.776000e+01    1.490346e+05    1.753317e+05
1.777000e+01    1.909450e+05    2.063659e+05
1.778000e+01    1.440336e+05    2.233488e+05
1.779000e+01    1.565251e+05    1.887839e+05
1.780000e+01    1.861470e+05    2.082913e+05
1.781000e+01    1.593775e+05    2.220015e+05
1.782000e+01    1.525159e+05    1.803149e+05
1.783000e+01    1.958226e+05    2.011165e+05
1.784000e+01    1.453396e+05    2.277387e+05
1.785000e+01    1.579009e+05    1.815402e+05
1.786000e+01    1.893441e+05    2.078223e+05
1.787000e+01    1.597006e+05    2.168111e+05
1.788000e+01    1.558521e+05    1.815488e+05
1.789000e+01    1.882296e+05    1.965431e+05
1.790000e+01    1.507899e+05    2.283086e+05
1.791000e+01    1.513539e+05    1.747524e+05
1.792000e+01    1.963320e+05    2.073888e+05
1.793000e+01    1.546253e+05    2.175949e+05
1.794000e+01    1.594855e+05    1.794763e+05
1.795000e+01    1.830288e+05    1.979526e+05
1.796000e+01    1.545972e+05    2.215339e+05
1.797000e+01    1.497364e+05    1.841363e+05
1.798000e+01    1.982465e+05    2.014011e+05
1.799000e+01    1.516508e+05    2.291631e+05
1.800000e+01    1.577603e+05    1.735380e+05
1.801000e+01    1.901142e+05    2.033363e+05
1.802000e+01    1.553954e+05    2.175350e+05
1.803000e+01    1.597006e+05    1.850606e+05
1.804000e+01    1.920931e+05    1.966191e+05
1.805000e+01    1.631060e+05    2.170440e+05
1.806000e+01    1.508684e+05    1.704232e+05
1.807000e+01    1.980889e+05    1.917579e+05
1.808000e+01    1.458768e+05    2.231778e+05
1.809000e+01    1.549924e+05    1.751008e+05
1.810000e+01    1.918281e+05    2.016320e+05
1.811000e+01    1.583179e+05    2.112056e+05
1.812000e+01    1.561898e+05    1.758260e+05
1.813000e+01    1.829520e+05    1.904018e+05
1.814000e+01    1.545569e+05    2.188732e+05
1.815000e+01    1.475742e+05    1.785733e+05
1.816000e+01    2.002472e+05    1.938739e+05
1.817000e+01    1.520384e+05    2.238003e+05
1.818000e+01    1.526657e+05    1.653083e+05
1.819000e+01    1.880470e+05    1.957978e+05
1.820000e+01    1.483624e+05    2.141900e+05
1.821000e+01    1.536721e+05    1.810797e+05
1.822000e+01    1.856375e+05    1.967853e+05
1.823000e+01    1.598023e+05    2.137518e+05
1.824000e+01    1.481113e+05    1.748030e+05
1.825000e+01    1.847432e+05    1.871817e+05
1.826000e+01    1.481553e+05    2.255549e+05
1.827000e+01    1.408482e+05    1.705079e+05
1.828000e+01    1.966847e+05    1.963271e+05
1.829000e+01    1.478779e+05    2.183965e+05
1.830000e+01    1.503691e+05    1.679073e+05
1.831000e+01    1.798052e+05    1.930685e+05
1.832000e+01    1.457479e+05    2.124918e+05
1.833000e+01    1.483789e+05    1.810542e+05
1.834000e+01    1.821754e+05    1.923131e+05
1.835000e+01    1.569000e+05    2.126012e+05
1.836000e+01    1.438586e+05    1.732383e+05
1.837000e+01    1.840472e+05    1.837682e+05
1.838000e+01    1.472136e+05    2.235130e+05
1.839000e+01    1.376862e+05    1.711084e+05
1.840000e+01    1.985600e+05    1.933913e+05
1.841000e+01    1.471560e+05    2.203615e+05
1.842000e+01    1.461126e+05    1.659954e+05
1.843000e+01    1.809289e+05    1.928052e+05
1.844000e+01    1.415624e+05    2.146110e+05
1.845000e+01    1.454328e+05    1.798993e+05
1.846000e+01    1.794225e+05    1.946813e+05
1.847000e+01    1.525336e+05    2.106173e+05
1.848000e+01    1.435675e+05    1.751840e+05
1.849000e+01    1.752432e+05    1.846081e+05
1.850000e+01    1.481290e+05    2.180191e+05
1.851000e+01    1.371475e+05    1.801665e+05
1.852000e+01    1.873814e+05    1.885175e+05
1.853000e+01    1.508034e+05    2.251817e+05
1.854000e+01    1.334017e+05    1.659038e+05
1.855000e+01    1.883586e+05    1.877932e+05
1.856000e+01    1.361645e+05    2.280071e+05
1.857000e+01    1.366946e+05    1.719535e+05
1.858000e+01    1.849564e+05    1.966977e+05
1.859000e+01    1.446848e+05    2.161961e+05
1.860000e+01    1.431059e+05    1.698144e+05
1.861000e+01    1.742896e+05    1.929002e+05
1.862000e+01    1.414753e+05    2.158508e+05
1.863000e+01    1.404648e+05    1.832165e+05
1.864000e+01    1.747251e+05    1.954809e+05
1.865000e+01    1.484096e+05    2.133272e+05
1.866000e+01    1.368474e+05    1.776040e+05
1.867000e+01    1.685560e+05    1.857118e+05
1.868000e+01    1.435840e+05    2.190284e+05
1.869000e+01    1.324134e+05    1.847850e+05
1.870000e+01    1.773925e+05    1.902024e+05
1.871000e+01    1.498131e+05    2.251225e+05
1.872000e+01    1.276199e+05    1.758882e+05
1.873000e+01    1.758456e+05    1.859519e+05
1.874000e+01    1.394603e+05    2.315209e+05
1.875000e+01    1.244625e+05    1.779157e+05
1.876000e+01    1.917717e+05    1.918183e+05
1.877000e+01    1.425947e+05    2.350772e+05
1.878000e+01    1.276653e+05    1.684058e+05
1.879000e+01    1.809917e+05    1.919270e+05
1.880000e+01    1.326211e+05    2.315583e+05
1.881000e+01    1.290939e+05    1.757682e+05
1.882000e+01    1.830196e+05    1.998953e+05
1.883000e+01    1.404805e+05    2.256749e+05
1.884000e+01    1.339808e+05    1.752407e+05
1.885000e+01    1.719770e+05    1.977476e+05
1.886000e+01    1.321752e+05    2.265338e+05
1.887000e+01    1.333019e+05    1.836263e+05
1.888000e+01    1.752015e+05    2.032976e+05
1.889000e+01    1.426104e+05    2.233421e+05
1.890000e+01    1.352788e+05    1.824525e+05
1.891000e+01    1.665495e+05    1.994280e+05
1.892000e+01    1.346883e+05    2.254840e+05
1.893000e+01    1.339609e+05    1.899232e+05
1.894000e+01    1.716233e+05    2.043041e+05
1.895000e+01    1.449072e+05    2.243795e+05
1.896000e+01    1.340452e+05    1.877335e+05
1.897000e+01    1.645050e+05    1.990654e+05
1.898000e+01    1.383630e+05    2.267090e+05
1.899000e+01    1.341641e+05    1.950164e+05
1.900000e+01    1.716550e+05    2.055556e+05
1.901000e+01    1.468023e+05    2.264693e+05
1.902000e+01    1.339157e+05    1.906439e+05
1.903000e+01    1.654312e+05    1.982712e+05
1.904000e+01    1.421516e+05    2.295867e+05
1.905000e+01    1.338389e+05    1.994484e+05
1.906000e+01    1.715045e+05    2.061804e+05
1.907000e+01    1.478496e+05    2.282166e+05
1.908000e+01    1.358176e+05    1.917921e+05
1.909000e+01    1.671122e+05    2.011919e+05
1.910000e+01    1.434970e+05    2.323294e+05
1.911000e+01    1.329846e+05    2.019052e+05
1.912000e+01    1.724559e+05    2.057314e+05
1.913000e+01    1.511950e+05    2.299561e+05
1.914000e+01    1.369644e+05    1.947425e+05
1.915000e+01    1.677283e+05    2.039532e+05
1.916000e+01    1.419562e+05    2.334067e+05
1.917000e+01    1.361638e+05    2.010086e+05
1.918000e+01    1.749914e+05    2.104273e+05
1.919000e+01    1.503998e+05    2.329669e+05
1.920000e+01    1.375919e+05    1.957193e+05
1.921000e+01    1.698812e+05    2.050611e+05
1.922000e+01    1.445952e+05    2.363900e+05
1.923000e+01    1.371569e+05    2.040957e+05
1.924000e+01    1.779179e+05    2.137115e+05
1.925000e+01    1.524070e+05    2.363722e+05
1.926000e+01    1.440855e+05    1.944509e+05
1.927000e+01    1.807981e+05    2.082288e+05
1.928000e+01    1.464292e+05    2.370815e+05
1.929000e+01    1.413618e+05    1.920930e+05
1.930000e+01    1.882305e+05    2.080217e+05
1.931000e+01    1.492367e+05    2.363909e+05
1.932000e+01    1.366121e+05    1.849089e+05
1.933000e+01    1.833289e+05    2.033126e+05
1.934000e+01    1.436942e+05    2.443019e+05
1.935000e+01    1.327672e+05    1.921292e+05
1.936000e+01    1.929789e+05    2.049500e+05
1.937000e+01    1.522421e+05    2.466045e+05
1.938000e+01    1.282745e+05    1.843180e+05
1.939000e+01    1.915845e+05    1.962261e+05
1.940000e+01    1.494498e+05    2.553915e+05
1.941000e+01    1.250311e+05    1.951861e+05
1.942000e+01    1.934058e+05    1.984109e+05
1.943000e+01    1.613934e+05    2.471006e+05
1.944000e+01    1.297274e+05    1.945390e+05
1.945000e+01    1.815354e+05    1.948598e+05
1.946000e+01    1.575086e+05    2.445549e+05
1.947000e+01    1.338244e+05    2.060951e+05
1.948000e+01    1.831128e+05    2.016199e+05
1.949000e+01    1.644451e+05    2.365203e+05
1.950000e+01    1.398416e+05    1.997590e+05
1.951000e+01    1.757685e+05    2.008215e+05
1.952000e+01    1.555248e+05    2.366550e+05
1.953000e+01    1.428223e+05    2.048173e+05
1.954000e+01    1.842164e+05    2.085657e+05
1.955000e+01    1.592054e+05    2.347864e+05
1.956000e+01    1.440906e+05    1.925226e+05
1.957000e+01    1.847553e+05    2.046404e+05
1.958000e+01    1.506924e+05    2.435648e+05
1.959000e+01    1.382041e+05    1.944061e+05
1.960000e+01    1.996972e+05    2.039469e+05
1.961000e+01    1.605504e+05    2.507545e+05
1.962000e+01    1.276550e+05    1.844123e+05
1.963000e+01    1.977262e+05    1.888895e+05
1.964000e+01    1.628714e+05    2.532418e+05
1.965000e+01    1.300627e+05    2.018934e+05
1.966000e+01    1.922144e+05    1.929928e+05
1.967000e+01    1.737513e+05    2.394287e+05
1.968000e+01    1.390668e+05    1.995003e+05
1.969000e+01    1.801380e+05    1.935378e+05
1.970000e+01    1.634982e+05    2.348053e+05
1.971000e+01    1.459587e+05    2.039383e+05
1.972000e+01    1.881812e+05    2.042665e+05
1.973000e+01    1.638225e+05    2.328115e+05
1.974000e+01    1.455982e+05    1.882081e+05
1.975000e+01    1.917432e+05    1.988648e+05
1.976000e+01    1.549847e+05    2.467628e+05
1.977000e+01    1.316555e+05    1.888788e+05
1.978000e+01    2.095543e+05    1.896644e+05
1.979000e+01    1.711300e+05    2.521644e+05
1.980000e+01    1.297095e+05    1.910723e+05
1.981000e+01    1.869460e+05    1.850814e+05
1.982000e+01    1.675523e+05    2.381948e+05
1.983000e+01    1.415930e+05    2.041110e+05
1.984000e+01    1.864710e+05    1.981415e+05
1.985000e+01    1.673128e+05    2.283793e+05
1.986000e+01    1.477936e+05    1.888062e+05
1.987000e+01    1.867393e+05    1.980012e+05
1.988000e+01    1.548470e+05    2.375673e+05
1.989000e+01    1.388000e+05    1.894973e+05
1.990000e+01    2.029748e+05    1.938272e+05
1.991000e+01    1.684079e+05    2.500820e+05
1.992000e+01    1.282987e+05    1.873073e+05
1.993000e+01    1.881840e+05    1.816793e+05
1.994000e+01    1.695339e+05    2.376720e+05
1.995000e+01    1.392510e+05    2.042098e+05
1.996000e+01    1.853343e+05    1.924545e+05
1.997000e+01    1.710627e+05    2.267062e+05
1.998000e+01    1.467117e+05    1.900284e+05
1.999000e+01    1.870378e+05    1.947207e+05
2.000000e+01    1.561132e+05    2.398483e+05
2.001000e+01    1.323942e+05    1.858553e+05
2.002000e+01    2.081186e+05    1.854913e+05
2.003000e+01    1.736048e+05    2.476721e+05
2.004000e+01    1.306680e+05    1.909916e+05
2.005000e+01    1.825219e+05    1.821865e+05
2.006000e+01    1.668168e+05    2.308152e+05
2.007000e+01    1.434862e+05    2.012843e+05
2.008000e+01    1.853294e+05    1.955670e+05
2.009000e+01    1.659873e+05    2.274186e+05
2.010000e+01    1.409128e+05    1.833665e+05
2.011000e+01    1.937532e+05    1.872094e+05
2.012000e+01    1.607759e+05    2.520899e+05
2.013000e+01    1.190565e+05    1.914694e+05
2.014000e+01    1.930049e+05    1.803729e+05
2.015000e+01    1.757517e+05    2.314951e+05
2.016000e+01    1.403823e+05    1.940735e+05
2.017000e+01    1.775609e+05    1.896562e+05
2.018000e+01    1.590812e+05    2.284646e+05
2.019000e+01    1.407005e+05    1.931809e+05
2.020000e+01    1.961430e+05    1.923544e+05
2.021000e+01    1.665152e+05    2.449447e+05
2.022000e+01    1.168551e+05    1.824238e+05
2.023000e+01    1.872733e+05    1.727747e+05
2.024000e+01    1.694119e+05    2.347907e+05
2.025000e+01    1.383279e+05    2.019970e+05
2.026000e+01    1.831332e+05    1.936155e+05
2.027000e+01    1.649241e+05    2.256523e+05
2.028000e+01    1.387616e+05    1.844987e+05
2.029000e+01    1.906034e+05    1.851182e+05
2.030000e+01    1.617012e+05    2.527186e+05
2.031000e+01    1.155584e+05    1.954649e+05
2.032000e+01    1.865205e+05    1.796824e+05
2.033000e+01    1.733204e+05    2.283432e+05
2.034000e+01    1.397097e+05    1.935114e+05
2.035000e+01    1.760687e+05    1.909118e+05
2.036000e+01    1.553267e+05    2.340804e+05
2.037000e+01    1.291448e+05    1.905096e+05
2.038000e+01    2.014870e+05    1.807143e+05
2.039000e+01    1.751549e+05    2.496255e+05
2.040000e+01    1.253754e+05    1.973986e+05
2.041000e+01    1.726491e+05    1.841537e+05
2.042000e+01    1.602675e+05    2.300885e+05
2.043000e+01    1.375681e+05    2.012171e+05
2.044000e+01    1.885389e+05    1.964571e+05
2.045000e+01    1.630488e+05    2.473802e+05
2.046000e+01    1.092684e+05    1.864164e+05
2.047000e+01    1.820261e+05    1.761883e+05
2.048000e+01    1.043542e+05    2.178030e+05
2.049000e+01    1.089115e+05    2.213920e+05
2.050000e+01    1.140008e+05    2.211553e+05
2.051000e+01    1.167680e+05    2.179232e+05
2.052000e+01    1.162951e+05    2.149955e+05
2.053000e+01    1.148487e+05    2.145421e+05
2.054000e+01    1.151625e+05    2.155337e+05
2.055000e+01    1.173918e+05    2.151116e+05
2.056000e+01    1.188767e+05    2.119043e+05
2.057000e+01    1.170168e+05    2.078357e+05
2.058000e+01    1.122599e+05    2.063757e+05
2.059000e+01    1.080204e+05    2.090228e+05
2.060000e+01    1.075056e+05    2.135813e+05
2.061000e+01    1.105481e+05    2.160778e+05
2.062000e+01    1.136490e+05    2.145902e+05
2.063000e+01    1.133827e+05    2.111103e+05
2.064000e+01    1.097255e+05    2.095816e+05
2.065000e+01    1.060732e+05    2.120083e+05
2.066000e+01    1.058730e+05    2.164382e+05
2.067000e+01    1.091427e+05    2.188966e+05
2.068000e+01    1.124404e+05    2.173651e+05
2.069000e+01    1.122612e+05    2.138183e+05
2.070000e+01    1.085372e+05    2.123280e+05
2.071000e+01    1.047907e+05    2.150330e+05
2.072000e+01    1.046782e+05    2.199812e+05
2.073000e+01    1.084142e+05    2.230263e+05
2.074000e+01    1.126494e+05    2.218468e+05
2.075000e+01    1.136343e+05    2.181745e+05
2.076000e+01    1.109259e+05    2.160434e+05
2.077000e+01    1.077458e+05    2.177637e+05
2.078000e+01    1.076353e+05    2.217225e+05
2.079000e+01    1.109303e+05    2.240960e+05
2.080000e+01    1.144743e+05    2.227340e+05
2.081000e+01    1.148730e+05    2.193641e+05
2.082000e+01    1.119772e+05    2.177902e+05
2.083000e+01    1.090543e+05    2.200250e+05
2.084000e+01    1.095128e+05    2.241998e+05
2.085000e+01    1.134251e+05    2.263673e+05
2.086000e+01    1.173698e+05    2.244783e+05
2.087000e+01    1.178296e+05    2.204593e+05
2.088000e+01    1.146839e+05    2.183362e+05
2.089000e+01    1.113567e+05    2.202545e+05
2.090000e+01    1.114188e+05    2.243162e+05
2.091000e+01    1.149947e+05    2.264921e+05
2.092000e+01    1.186517e+05    2.246749e+05
2.093000e+01    1.188406e+05    2.208162e+05
2.094000e+01    1.155022e+05    2.190246e+05
2.095000e+01    1.122521e+05    2.214096e+05
2.096000e+01    1.128019e+05    2.258550e+05
2.097000e+01    1.172288e+05    2.279784e+05
2.098000e+01    1.217349e+05    2.253718e+05
2.099000e+01    1.221726e+05    2.200242e+05
2.100000e+01    1.181066e+05    2.164553e+05
2.101000e+01    1.130079e+05    2.176321e+05
2.102000e+01    1.111112e+05    2.221481e+05
2.103000e+01    1.134224e+05    2.258242e+05
2.104000e+01    1.170076e+05    2.257867e+05
2.105000e+01    1.181138e+05    2.231147e+05
2.106000e+01    1.159106e+05    2.214522e+05
2.107000e+01    1.131410e+05    2.231979e+05
2.108000e+01    1.131952e+05    2.270847e+05
2.109000e+01    1.165824e+05    2.295145e+05
2.110000e+01    1.203953e+05    2.282834e+05
2.111000e+01    1.212708e+05    2.248228e+05
2.112000e+01    1.187687e+05    2.227594e+05
2.113000e+01    1.158054e+05    2.242802e+05
2.114000e+01    1.156966e+05    2.279294e+05
2.115000e+01    1.187991e+05    2.301408e+05
2.116000e+01    1.221953e+05    2.288666e+05
2.117000e+01    1.226678e+05    2.256509e+05
2.118000e+01    1.199789e+05    2.240913e+05
2.119000e+01    1.171792e+05    2.261746e+05
2.120000e+01    1.175387e+05    2.302521e+05
2.121000e+01    1.213028e+05    2.326524e+05
2.122000e+01    1.254519e+05    2.312891e+05
2.123000e+01    1.266915e+05    2.276787e+05
2.124000e+01    1.247000e+05    2.253388e+05
2.125000e+01    1.222834e+05    2.261741e+05
2.126000e+01    1.223997e+05    2.286645e+05
2.127000e+01    1.250887e+05    2.296035e+05
2.128000e+01    1.274362e+05    2.274573e+05
2.129000e+01    1.266724e+05    2.241541e+05
2.130000e+01    1.231815e+05    2.231780e+05
2.131000e+01    1.203223e+05    2.259800e+05
2.132000e+01    1.211731e+05    2.303179e+05
2.133000e+01    1.253759e+05    2.322958e+05
2.134000e+01    1.293770e+05    2.301821e+05
2.135000e+01    1.298529e+05    2.261196e+05
2.136000e+01    1.269406e+05    2.240349e+05
2.137000e+01    1.240806e+05    2.257779e+05
2.138000e+01    1.245484e+05    2.292687e+05
2.139000e+01    1.281420e+05    2.306467e+05
2.140000e+01    1.313711e+05    2.281747e+05
2.141000e+01    1.309414e+05    2.240566e+05
2.142000e+01    1.271117e+05    2.223305e+05
2.143000e+01    1.235507e+05    2.248337e+05
2.144000e+01    1.237377e+05    2.293488e+05
2.145000e+01    1.275581e+05    2.317444e+05
2.146000e+01    1.314090e+05    2.300101e+05
2.147000e+01    1.317527e+05    2.262359e+05
2.148000e+01    1.286325e+05    2.244979e+05
2.149000e+01    1.255761e+05    2.267880e+05
2.150000e+01    1.260681e+05    2.310513e+05
2.151000e+01    1.300356e+05    2.331802e+05
2.152000e+01    1.339658e+05    2.312235e+05
2.153000e+01    1.343901e+05    2.272642e+05
2.154000e+01    1.313546e+05    2.253426e+05
2.155000e+01    1.283810e+05    2.274419e+05
2.156000e+01    1.289657e+05    2.314967e+05
2.157000e+01    1.330437e+05    2.334404e+05
2.158000e+01    1.370742e+05    2.312950e+05
2.159000e+01    1.375705e+05    2.271277e+05
2.160000e+01    1.345728e+05    2.249915e+05
2.161000e+01    1.316211e+05    2.268777e+05
2.162000e+01    1.321921e+05    2.306912e+05
2.163000e+01    1.362039e+05    2.323797e+05
2.164000e+01    1.400940e+05    2.299820e+05
2.165000e+01    1.403588e+05    2.256091e+05
2.166000e+01    1.370750e+05    2.233735e+05
2.167000e+01    1.338420e+05    2.252630e+05
2.168000e+01    1.341797e+05    2.291735e+05
2.169000e+01    1.380354e+05    2.310097e+05
2.170000e+01    1.418319e+05    2.287632e+05
2.171000e+01    1.420479e+05    2.245506e+05
2.172000e+01    1.387671e+05    2.224735e+05
2.173000e+01    1.355840e+05    2.245142e+05
2.174000e+01    1.360233e+05    2.285526e+05
2.175000e+01    1.400195e+05    2.304564e+05
2.176000e+01    1.439347e+05    2.282323e+05
2.177000e+01    1.442000e+05    2.240065e+05
2.178000e+01    1.409631e+05    2.219152e+05
2.179000e+01    1.378495e+05    2.239463e+05
2.180000e+01    1.384147e+05    2.279379e+05
2.181000e+01    1.425429e+05    2.297203e+05
2.182000e+01    1.465741e+05    2.273026e+05
2.183000e+01    1.469456e+05    2.228531e+05
2.184000e+01    1.437491e+05    2.205519e+05
2.185000e+01    1.406704e+05    2.224055e+05
2.186000e+01    1.412826e+05    2.262047e+05
2.187000e+01    1.454604e+05    2.277447e+05
2.188000e+01    1.494877e+05    2.250165e+05
2.189000e+01    1.497385e+05    2.202378e+05
2.190000e+01    1.463321e+05    2.176731e+05
2.191000e+01    1.430221e+05    2.193432e+05
2.192000e+01    1.434387e+05    2.230035e+05
2.193000e+01    1.474484e+05    2.243655e+05
2.194000e+01    1.512285e+05    2.213785e+05
2.195000e+01    1.510704e+05    2.163661e+05
2.196000e+01    1.471210e+05    2.137214e+05
2.197000e+01    1.432758e+05    2.155402e+05
2.198000e+01    1.433338e+05    2.194807e+05
2.199000e+01    1.471562e+05    2.210082e+05
2.200000e+01    1.506511e+05    2.179525e+05
2.201000e+01    1.497630e+05    2.127964e+05
2.202000e+01    1.444572e+05    2.104721e+05
2.203000e+01    1.390186e+05    2.136946e+05
2.204000e+01    1.381723e+05    2.203318e+05
2.205000e+01    1.427553e+05    2.253370e+05
2.206000e+01    1.491856e+05    2.253102e+05
2.207000e+01    1.529316e+05    2.212945e+05
2.208000e+01    1.525799e+05    2.173307e+05
2.209000e+01    1.506672e+05    2.163577e+05
2.210000e+01    1.506233e+05    2.175675e+05
2.211000e+01    1.531561e+05    2.177381e+05
2.212000e+01    1.556944e+05    2.149015e+05
2.213000e+01    1.552779e+05    2.105395e+05
2.214000e+01    1.518702e+05    2.080806e+05
2.215000e+01    1.485478e+05    2.092622e+05
2.216000e+01    1.484164e+05    2.122278e+05
2.217000e+01    1.514162e+05    2.132983e+05
2.218000e+01    1.542812e+05    2.106661e+05
2.219000e+01    1.538033e+05    2.062986e+05
2.220000e+01    1.500868e+05    2.039729e+05
2.221000e+01    1.464757e+05    2.054985e+05
2.222000e+01    1.462300e+05    2.088729e+05
2.223000e+01    1.492329e+05    2.102482e+05
2.224000e+01    1.520745e+05    2.078209e+05
2.225000e+01    1.514874e+05    2.036521e+05
2.226000e+01    1.476268e+05    2.016218e+05
2.227000e+01    1.439559e+05    2.035520e+05
2.228000e+01    1.437681e+05    2.073975e+05
2.229000e+01    1.469176e+05    2.091667e+05
2.230000e+01    1.499178e+05    2.070476e+05
2.231000e+01    1.494529e+05    2.031680e+05
2.232000e+01    1.457209e+05    2.014981e+05
2.233000e+01    1.423037e+05    2.038448e+05
2.234000e+01    1.425843e+05    2.080071e+05
2.235000e+01    1.463852e+05    2.099318e+05
2.236000e+01    1.501262e+05    2.077017e+05
2.237000e+01    1.503455e+05    2.034217e+05
2.238000e+01    1.471469e+05    2.010996e+05
2.239000e+01    1.440096e+05    2.026102e+05
2.240000e+01    1.442570e+05    2.058602e+05
2.241000e+01    1.476942e+05    2.069156e+05
2.242000e+01    1.507606e+05    2.039963e+05
2.243000e+01    1.501206e+05    1.993422e+05
2.244000e+01    1.460334e+05    1.969889e+05
2.245000e+01    1.421306e+05    1.987638e+05
2.246000e+01    1.418368e+05    2.024509e+05
2.247000e+01    1.449449e+05    2.039760e+05
2.248000e+01    1.478346e+05    2.014971e+05
2.249000e+01    1.471108e+05    1.972237e+05
2.250000e+01    1.429924e+05    1.952053e+05
2.251000e+01    1.391142e+05    1.972878e+05
2.252000e+01    1.388910e+05    2.012228e+05
2.253000e+01    1.420944e+05    2.029638e+05
2.254000e+01    1.450874e+05    2.006913e+05
2.255000e+01    1.444373e+05    1.965963e+05
2.256000e+01    1.403710e+05    1.947733e+05
2.257000e+01    1.365644e+05    1.970491e+05
2.258000e+01    1.364309e+05    2.011615e+05
2.259000e+01    1.397228e+05    2.030181e+05
2.260000e+01    1.427647e+05    2.007766e+05
2.261000e+01    1.421113e+05    1.967105e+05
2.262000e+01    1.380256e+05    1.949384e+05
2.263000e+01    1.341951e+05    1.972932e+05
2.264000e+01    1.340554e+05    2.015016e+05
2.265000e+01    1.373595e+05    2.034396e+05
2.266000e+01    1.403961e+05    2.012666e+05
2.267000e+01    1.397258e+05    1.972843e+05
2.268000e+01    1.356174e+05    1.956195e+05
2.269000e+01    1.317820e+05    1.981109e+05
2.270000e+01    1.316859e+05    2.024599e+05
2.271000e+01    1.350525e+05    2.045088e+05
2.272000e+01    1.381507e+05    2.024246e+05
2.273000e+01    1.375258e+05    1.985170e+05
2.274000e+01    1.334460e+05    1.969382e+05
2.275000e+01    1.296585e+05    1.995463e+05
2.276000e+01    1.296350e+05    2.040004e+05
2.277000e+01    1.330916e+05    2.061350e+05
2.278000e+01    1.362795e+05    2.041060e+05
2.279000e+01    1.357762e+05    2.002638e+05
2.280000e+01    1.318132e+05    1.987842e+05
2.281000e+01    1.281540e+05    2.015025e+05
2.282000e+01    1.282821e+05    2.060768e+05
2.283000e+01    1.319182e+05    2.083144e+05
2.284000e+01    1.352832e+05    2.063476e+05
2.285000e+01    1.348643e+05    2.025306e+05
2.286000e+01    1.309531e+05    2.010786e+05
2.287000e+01    1.273401e+05    2.038526e+05
2.288000e+01    1.275426e+05    2.085039e+05
2.289000e+01    1.312941e+05    2.107919e+05
2.290000e+01    1.347723e+05    2.088349e+05
2.291000e+01    1.344402e+05    2.049971e+05
2.292000e+01    1.305651e+05    2.035261e+05
2.293000e+01    1.269611e+05    2.063292e+05
2.294000e+01    1.272156e+05    2.110540e+05
2.295000e+01    1.310658e+05    2.134079e+05
2.296000e+01    1.346735e+05    2.114587e+05
2.297000e+01    1.344205e+05    2.075532e+05
2.298000e+01    1.304985e+05    2.060237e+05
2.299000e+01    1.267638e+05    2.089202e+05
2.300000e+01    1.269434e+05    2.139588e+05
2.301000e+01    1.310042e+05    2.167958e+05
2.302000e+01    1.352513e+05    2.152352e+05
2.303000e+01    1.359635e+05    2.112744e+05
2.304000e+01    1.329956e+05    2.090176e+05
2.305000e+01    1.297619e+05    2.105463e+05
2.306000e+01    1.295527e+05    2.140444e+05
2.307000e+01    1.323399e+05    2.157812e+05
2.308000e+01    1.348406e+05    2.140492e+05
2.309000e+01    1.339983e+05    2.109768e+05
2.310000e+01    1.302416e+05    2.103204e+05
2.311000e+01    1.271348e+05    2.135682e+05
2.312000e+01    1.278060e+05    2.183141e+05
2.313000e+01    1.317352e+05    2.205651e+05
2.314000e+01    1.351579e+05    2.187675e+05
2.315000e+01    1.348254e+05    2.153998e+05
2.316000e+01    1.312481e+05    2.145351e+05
2.317000e+01    1.282256e+05    2.177867e+05
2.318000e+01    1.290814e+05    2.226544e+05
2.319000e+01    1.332937e+05    2.249988e+05
2.320000e+01    1.370190e+05    2.231925e+05
2.321000e+01    1.369099e+05    2.197508e+05
2.322000e+01    1.334638e+05    2.188541e+05
2.323000e+01    1.305728e+05    2.221680e+05
2.324000e+01    1.316268e+05    2.271475e+05
2.325000e+01    1.361318e+05    2.295844e+05
2.326000e+01    1.401978e+05    2.277870e+05
2.327000e+01    1.403976e+05    2.242783e+05
2.328000e+01    1.372193e+05    2.232941e+05
2.329000e+01    1.345719e+05    2.265211e+05
2.330000e+01    1.358868e+05    2.313708e+05
2.331000e+01    1.406771e+05    2.336197e+05
2.332000e+01    1.450034e+05    2.315832e+05
2.333000e+01    1.454188e+05    2.278282e+05
2.334000e+01    1.424154e+05    2.266121e+05
2.335000e+01    1.399209e+05    2.296451e+05
2.336000e+01    1.413856e+05    2.343850e+05
2.337000e+01    1.463271e+05    2.365637e+05
2.338000e+01    1.508000e+05    2.344996e+05
2.339000e+01    1.513932e+05    2.307715e+05
2.340000e+01    1.486497e+05    2.296313e+05
2.341000e+01    1.465501e+05    2.327344e+05
2.342000e+01    1.485276e+05    2.374316e+05
2.343000e+01    1.539802e+05    2.394296e+05
2.344000e+01    1.588960e+05    2.371265e+05
2.345000e+01    1.599144e+05    2.332319e+05
2.346000e+01    1.577907e+05    2.320323e+05
2.347000e+01    1.567386e+05    2.349257e+05
2.348000e+01    1.601116e+05    2.387881e+05
2.349000e+01    1.667958e+05    2.389491e+05
2.350000e+01    1.719470e+05    2.339098e+05
2.351000e+01    1.715216e+05    2.271958e+05
2.352000e+01    1.663803e+05    2.243449e+05
2.353000e+01    1.617584e+05    2.277394e+05
2.354000e+01    1.626010e+05    2.343070e+05
2.355000e+01    1.690903e+05    2.382502e+05
2.356000e+01    1.764931e+05    2.362345e+05
2.357000e+01    1.797548e+05    2.304846e+05
2.358000e+01    1.780646e+05    2.263190e+05
2.359000e+01    1.754971e+05    2.271234e+05
2.360000e+01    1.770856e+05    2.311628e+05
2.361000e+01    1.840710e+05    2.331504e+05
2.362000e+01    1.926984e+05    2.290455e+05
2.363000e+01    1.975020e+05    2.194971e+05
2.364000e+01    1.957335e+05    2.090670e+05
2.365000e+01    1.890489e+05    2.023882e+05
2.366000e+01    1.814352e+05    2.009329e+05
2.367000e+01    1.757993e+05    2.030904e+05
2.368000e+01    1.726107e+05    2.066932e+05
2.369000e+01    1.712537e+05    2.109330e+05
2.370000e+01    1.719292e+05    2.158738e+05
2.371000e+01    1.756538e+05    2.206425e+05
2.372000e+01    1.824075e+05    2.229270e+05
2.373000e+01    1.898176e+05    2.207846e+05
2.374000e+01    1.943723e+05    2.149565e+05
2.375000e+01    1.943966e+05    2.089709e+05
2.376000e+01    1.918758e+05    2.063483e+05
2.377000e+01    1.908642e+05    2.074063e+05
2.378000e+01    1.938131e+05    2.088854e+05
2.379000e+01    1.992252e+05    2.069631e+05
2.380000e+01    2.030158e+05    2.009267e+05
2.381000e+01    2.024236e+05    1.939225e+05
2.382000e+01    1.986911e+05    1.898970e+05
2.383000e+01    1.958628e+05    1.897697e+05
2.384000e+01    1.967377e+05    1.905750e+05
2.385000e+01    2.001161e+05    1.884222e+05
2.386000e+01    2.020142e+05    1.824390e+05
2.387000e+01    1.996761e+05    1.756656e+05
2.388000e+01    1.943684e+05    1.720371e+05
2.389000e+01    1.901684e+05    1.724178e+05
2.390000e+01    1.898344e+05    1.736386e+05
2.391000e+01    1.919177e+05    1.716968e+05
2.392000e+01    1.920940e+05    1.658756e+05
2.393000e+01    1.874600e+05    1.597058e+05
2.394000e+01    1.796240e+05    1.577065e+05
2.395000e+01    1.734590e+05    1.609092e+05
2.396000e+01    1.725448e+05    1.656894e+05
2.397000e+01    1.757883e+05    1.670157e+05
2.398000e+01    1.784032e+05    1.630517e+05
2.399000e+01    1.763302e+05    1.567499e+05
2.400000e+01    1.698803e+05    1.529011e+05
2.401000e+01    1.630307e+05    1.536099e+05
2.402000e+01    1.593203e+05    1.566425e+05
2.403000e+01    1.584293e+05    1.580768e+05
2.404000e+01    1.567749e+05    1.565365e+05
2.405000e+01    1.514933e+05    1.546959e+05
2.406000e+01    1.436407e+05    1.565502e+05
2.407000e+01    1.373950e+05    1.633651e+05
2.408000e+01    1.361175e+05    1.721015e+05
2.409000e+01    1.390779e+05    1.783554e+05
2.410000e+01    1.423290e+05    1.805443e+05
2.411000e+01    1.427340e+05    1.812109e+05
2.412000e+01    1.411185e+05    1.842065e+05
2.413000e+01    1.414057e+05    1.905428e+05
2.414000e+01    1.465036e+05    1.970563e+05
2.415000e+01    1.551372e+05    1.993785e+05
2.416000e+01    1.627975e+05    1.961599e+05
2.417000e+01    1.658836e+05    1.904141e+05
2.418000e+01    1.649908e+05    1.866352e+05
2.419000e+01    1.640713e+05    1.864759e+05
2.420000e+01    1.662944e+05    1.873707e+05
2.421000e+01    1.708355e+05    1.853740e+05
2.422000e+01    1.737161e+05    1.793432e+05
2.423000e+01    1.718767e+05    1.723047e+05
2.424000e+01    1.663816e+05    1.685408e+05
2.425000e+01    1.614568e+05    1.693845e+05
2.426000e+01    1.603851e+05    1.719363e+05
2.427000e+01    1.623160e+05    1.719659e+05
2.428000e+01    1.631731e+05    1.681808e+05
2.429000e+01    1.598428e+05    1.635213e+05
2.430000e+01    1.533496e+05    1.622036e+05
2.431000e+01    1.479041e+05    1.654937e+05
2.432000e+01    1.467878e+05    1.704109e+05
2.433000e+01    1.491027e+05    1.726936e+05
2.434000e+01    1.506440e+05    1.709743e+05
2.435000e+01    1.482419e+05    1.681884e+05
2.436000e+01    1.428943e+05    1.685640e+05
2.437000e+01    1.388235e+05    1.733506e+05
2.438000e+01    1.392513e+05    1.794950e+05
2.439000e+01    1.431955e+05    1.826734e+05
2.440000e+01    1.464597e+05    1.815447e+05
2.441000e+01    1.458064e+05    1.790446e+05
2.442000e+01    1.421986e+05    1.794152e+05
2.443000e+01    1.398037e+05    1.838896e+05
2.444000e+01    1.417770e+05    1.894442e+05
2.445000e+01    1.470814e+05    1.917939e+05
2.446000e+01    1.514680e+05    1.896500e+05
2.447000e+01    1.516927e+05    1.860333e+05
2.448000e+01    1.487264e+05    1.852202e+05
2.449000e+01    1.467165e+05    1.884916e+05
2.450000e+01    1.488099e+05    1.928992e+05
2.451000e+01    1.539953e+05    1.942504e+05
2.452000e+01    1.581230e+05    1.913937e+05
2.453000e+01    1.581606e+05    1.873667e+05
2.454000e+01    1.552738e+05    1.863181e+05
2.455000e+01    1.536970e+05    1.892782e+05
2.456000e+01    1.564707e+05    1.930073e+05
2.457000e+01    1.622670e+05    1.931816e+05
2.458000e+01    1.667011e+05    1.887066e+05
2.459000e+01    1.665126e+05    1.828896e+05
2.460000e+01    1.628261e+05    1.802218e+05
2.461000e+01    1.600735e+05    1.819477e+05
2.462000e+01    1.615079e+05    1.848768e+05
2.463000e+01    1.659834e+05    1.846282e+05
2.464000e+01    1.691177e+05    1.800193e+05
2.465000e+01    1.676670e+05    1.742837e+05
2.466000e+01    1.628228e+05    1.718745e+05
2.467000e+01    1.590253e+05    1.740047e+05
2.468000e+01    1.595496e+05    1.774654e+05
2.469000e+01    1.632653e+05    1.778304e+05
2.470000e+01    1.657635e+05    1.738711e+05
2.471000e+01    1.638023e+05    1.688274e+05
2.472000e+01    1.585692e+05    1.671250e+05
2.473000e+01    1.544991e+05    1.699625e+05
2.474000e+01    1.548663e+05    1.741037e+05
2.475000e+01    1.585069e+05    1.750839e+05
2.476000e+01    1.609746e+05    1.717067e+05
2.477000e+01    1.590236e+05    1.672171e+05
2.478000e+01    1.538461e+05    1.660553e+05
2.479000e+01    1.499022e+05    1.694177e+05
2.480000e+01    1.504672e+05    1.740219e+05
2.481000e+01    1.543274e+05    1.753984e+05
2.482000e+01    1.570191e+05    1.723617e+05
2.483000e+01    1.552844e+05    1.681843e+05
2.484000e+01    1.503770e+05    1.672160e+05
2.485000e+01    1.467614e+05    1.707497e+05
2.486000e+01    1.476945e+05    1.754642e+05
2.487000e+01    1.519372e+05    1.768757e+05
2.488000e+01    1.549867e+05    1.738079e+05
2.489000e+01    1.535602e+05    1.695831e+05
2.490000e+01    1.489311e+05    1.686991e+05
2.491000e+01    1.456247e+05    1.722924e+05
2.492000e+01    1.468947e+05    1.770038e+05
2.493000e+01    1.514575e+05    1.783180e+05
2.494000e+01    1.547371e+05    1.750835e+05
2.495000e+01    1.534661e+05    1.707074e+05
2.496000e+01    1.489596e+05    1.697105e+05
2.497000e+01    1.457978e+05    1.732101e+05
2.498000e+01    1.472477e+05    1.777771e+05
2.499000e+01    1.519444e+05    1.788460e+05
2.500000e+01    1.552361e+05    1.753372e+05
2.501000e+01    1.538610e+05    1.707429e+05
2.502000e+01    1.492236e+05    1.696427e+05
2.503000e+01    1.460245e+05    1.730947e+05
2.504000e+01    1.475104e+05    1.774877e+05
2.505000e+01    1.521086e+05    1.781752e+05
2.506000e+01    1.549110e+05    1.742075e+05
2.507000e+01    1.525451e+05    1.694604e+05
2.508000e+01    1.466769e+05    1.689813e+05
2.509000e+01    1.426060e+05    1.739360e+05
2.510000e+01    1.442283e+05    1.803603e+05
2.511000e+01    1.503562e+05    1.828606e+05
2.512000e+01    1.557685e+05    1.795529e+05
2.513000e+01    1.561715e+05    1.737768e+05
2.514000e+01    1.521624e+05    1.707387e+05
2.515000e+01    1.482931e+05    1.724908e+05
2.516000e+01    1.484269e+05    1.762280e+05
2.517000e+01    1.519875e+05    1.773712e+05
2.518000e+01    1.547394e+05    1.743007e+05
2.519000e+01    1.532813e+05    1.699793e+05
2.520000e+01    1.485822e+05    1.688392e+05
2.521000e+01    1.450402e+05    1.722243e+05
2.522000e+01    1.460624e+05    1.769389e+05
2.523000e+01    1.505649e+05    1.783869e+05
2.524000e+01    1.540197e+05    1.751931e+05
2.525000e+01    1.529552e+05    1.705660e+05
2.526000e+01    1.483888e+05    1.691119e+05
2.527000e+01    1.448105e+05    1.722659e+05
2.528000e+01    1.456742e+05    1.768506e+05
2.529000e+01    1.499528e+05    1.783265e+05
2.530000e+01    1.532165e+05    1.753323e+05
2.531000e+01    1.520871e+05    1.710344e+05
2.532000e+01    1.476433e+05    1.699549e+05
2.533000e+01    1.443596e+05    1.733810e+05
2.534000e+01    1.455828e+05    1.780833e+05
2.535000e+01    1.500892e+05    1.795636e+05
2.536000e+01    1.534785e+05    1.765068e+05
2.537000e+01    1.524132e+05    1.721492e+05
2.538000e+01    1.480423e+05    1.710013e+05
2.539000e+01    1.448323e+05    1.743091e+05
2.540000e+01    1.460874e+05    1.788167e+05
2.541000e+01    1.506232e+05    1.800172e+05
2.542000e+01    1.539148e+05    1.767040e+05
2.543000e+01    1.526599e+05    1.722058e+05
2.544000e+01    1.480823e+05    1.710548e+05
2.545000e+01    1.447232e+05    1.744723e+05
2.546000e+01    1.459317e+05    1.791339e+05
2.547000e+01    1.504819e+05    1.804836e+05
2.548000e+01    1.538343e+05    1.773129e+05
2.549000e+01    1.526766e+05    1.729437e+05
2.550000e+01    1.482295e+05    1.719099e+05
2.551000e+01    1.450491e+05    1.754270e+05
2.552000e+01    1.464454e+05    1.801383e+05
2.553000e+01    1.511785e+05    1.815175e+05
2.554000e+01    1.547163e+05    1.783740e+05
2.555000e+01    1.537614e+05    1.740398e+05
2.556000e+01    1.495687e+05    1.730449e+05
2.557000e+01    1.466905e+05    1.765453e+05
2.558000e+01    1.484038e+05    1.811936e+05
2.559000e+01    1.534683e+05    1.824861e+05
2.560000e+01    1.573812e+05    1.792686e+05
2.561000e+01    1.569015e+05    1.749194e+05
2.562000e+01    1.533197e+05    1.737029e+05
2.563000e+01    1.510382e+05    1.766342e+05
2.564000e+01    1.530792e+05    1.803574e+05
2.565000e+01    1.579587e+05    1.805618e+05
2.566000e+01    1.611289e+05    1.764628e+05
2.567000e+01    1.596485e+05    1.716894e+05
2.568000e+01    1.552581e+05    1.706647e+05
2.569000e+01    1.527690e+05    1.740839e+05
2.570000e+01    1.552781e+05    1.780132e+05
2.571000e+01    1.608841e+05    1.776741e+05
2.572000e+01    1.644046e+05    1.722105e+05
2.573000e+01    1.623384e+05    1.656569e+05
2.574000e+01    1.562792e+05    1.631520e+05
2.575000e+01    1.514191e+05    1.660240e+05
2.576000e+01    1.515006e+05    1.705699e+05
2.577000e+01    1.552740e+05    1.718045e+05
2.578000e+01    1.578886e+05    1.683465e+05
2.579000e+01    1.557824e+05    1.637029e+05
2.580000e+01    1.502752e+05    1.626942e+05
2.581000e+01    1.462230e+05    1.665468e+05
2.582000e+01    1.471324e+05    1.716525e+05
2.583000e+01    1.516443e+05    1.731380e+05
2.584000e+01    1.548351e+05    1.697072e+05
2.585000e+01    1.531138e+05    1.649871e+05
2.586000e+01    1.479063e+05    1.639592e+05
2.587000e+01    1.440936e+05    1.679336e+05
2.588000e+01    1.452567e+05    1.732887e+05
2.589000e+01    1.501364e+05    1.750406e+05
2.590000e+01    1.537761e+05    1.717879e+05
2.591000e+01    1.524627e+05    1.670866e+05
2.592000e+01    1.473787e+05    1.659473e+05
2.593000e+01    1.434555e+05    1.698997e+05
2.594000e+01    1.445292e+05    1.754472e+05
2.595000e+01    1.495110e+05    1.774991e+05
2.596000e+01    1.534535e+05    1.743773e+05
2.597000e+01    1.523249e+05    1.694731e+05
2.598000e+01    1.468910e+05    1.680495e+05
2.599000e+01    1.420198e+05    1.722741e+05
2.600000e+01    1.421033e+05    1.792917e+05
2.601000e+01    1.471921e+05    1.840718e+05
2.602000e+01    1.533971e+05    1.839866e+05
2.603000e+01    1.568345e+05    1.807207e+05
2.604000e+01    1.570930e+05    1.779311e+05
2.605000e+01    1.568090e+05    1.772951e+05
2.606000e+01    1.581866e+05    1.771695e+05
2.607000e+01    1.603466e+05    1.750053e+05
2.608000e+01    1.603164e+05    1.707540e+05
2.609000e+01    1.566331e+05    1.674872e+05
2.610000e+01    1.515379e+05    1.683250e+05
2.611000e+01    1.492482e+05    1.729223e+05
2.612000e+01    1.520781e+05    1.771604e+05
2.613000e+01    1.573808e+05    1.770521e+05
2.614000e+01    1.602908e+05    1.724831e+05
2.615000e+01    1.581042e+05    1.675662e+05
2.616000e+01    1.529095e+05    1.667876e+05
2.617000e+01    1.496269e+05    1.707034e+05
2.618000e+01    1.512435e+05    1.753908e+05
2.619000e+01    1.559094e+05    1.763370e+05
2.620000e+01    1.588469e+05    1.728709e+05
2.621000e+01    1.571019e+05    1.687737e+05
2.622000e+01    1.524842e+05    1.684972e+05
2.623000e+01    1.497740e+05    1.726674e+05
2.624000e+01    1.518984e+05    1.774486e+05
2.625000e+01    1.570038e+05    1.783737e+05
2.626000e+01    1.602815e+05    1.747999e+05
2.627000e+01    1.587427e+05    1.705871e+05
2.628000e+01    1.542647e+05    1.702563e+05
2.629000e+01    1.516952e+05    1.744545e+05
2.630000e+01    1.540405e+05    1.793121e+05
2.631000e+01    1.594727e+05    1.802744e+05
2.632000e+01    1.631294e+05    1.766328e+05
2.633000e+01    1.619968e+05    1.722394e+05
2.634000e+01    1.578991e+05    1.715943e+05
2.635000e+01    1.556406e+05    1.753427e+05
2.636000e+01    1.581720e+05    1.796102e+05
2.637000e+01    1.636043e+05    1.797416e+05
2.638000e+01    1.670352e+05    1.751236e+05
2.639000e+01    1.654214e+05    1.699432e+05
2.640000e+01    1.607172e+05    1.688238e+05
2.641000e+01    1.579288e+05    1.724270e+05
2.642000e+01    1.601409e+05    1.767472e+05
2.643000e+01    1.654459e+05    1.771272e+05
2.644000e+01    1.688745e+05    1.728815e+05
2.645000e+01    1.673474e+05    1.679662e+05
2.646000e+01    1.627575e+05    1.670467e+05
2.647000e+01    1.601051e+05    1.707852e+05
2.648000e+01    1.624616e+05    1.751943e+05
2.649000e+01    1.679186e+05    1.756131e+05
2.650000e+01    1.714793e+05    1.713528e+05
2.651000e+01    1.700376e+05    1.664110e+05
2.652000e+01    1.655281e+05    1.654655e+05
2.653000e+01    1.629585e+05    1.691830e+05
2.654000e+01    1.654206e+05    1.735590e+05
2.655000e+01    1.709960e+05    1.738942e+05
2.656000e+01    1.746408e+05    1.695028e+05
2.657000e+01    1.732554e+05    1.644100e+05
2.658000e+01    1.687654e+05    1.632995e+05
2.659000e+01    1.661889e+05    1.668438e+05
2.660000e+01    1.686252e+05    1.710145e+05
2.661000e+01    1.740998e+05    1.711050e+05
2.662000e+01    1.775423e+05    1.664794e+05
2.663000e+01    1.756945e+05    1.609024e+05
2.664000e+01    1.706341e+05    1.593591e+05
2.665000e+01    1.674959e+05    1.626184e+05
2.666000e+01    1.694188e+05    1.666063e+05
2.667000e+01    1.744576e+05    1.665945e+05
2.668000e+01    1.775549e+05    1.619074e+05
2.669000e+01    1.755980e+05    1.565945e+05
2.670000e+01    1.705571e+05    1.553975e+05
2.671000e+01    1.675365e+05    1.589506e+05
2.672000e+01    1.696415e+05    1.631610e+05
2.673000e+01    1.748890e+05    1.632828e+05
2.674000e+01    1.781677e+05    1.586480e+05
2.675000e+01    1.763423e+05    1.533646e+05
2.676000e+01    1.714183e+05    1.521878e+05
2.677000e+01    1.685066e+05    1.557612e+05
2.678000e+01    1.707275e+05    1.599797e+05
2.679000e+01    1.760847e+05    1.600685e+05
2.680000e+01    1.794304e+05    1.553859e+05
2.681000e+01    1.776474e+05    1.500659e+05
2.682000e+01    1.727484e+05    1.488731e+05
2.683000e+01    1.698695e+05    1.524535e+05
2.684000e+01    1.721563e+05    1.566683e+05
2.685000e+01    1.775677e+05    1.567292e+05
2.686000e+01    1.809509e+05    1.520096e+05
2.687000e+01    1.791808e+05    1.466535e+05
2.688000e+01    1.741806e+05    1.454112e+05
2.689000e+01    1.708848e+05    1.488391e+05
2.690000e+01    1.727614e+05    1.528873e+05
2.691000e+01    1.777683e+05    1.527707e+05
2.692000e+01    1.807399e+05    1.478561e+05
2.693000e+01    1.785310e+05    1.423031e+05
2.694000e+01    1.731810e+05    1.409258e+05
2.695000e+01    1.698710e+05    1.443488e+05
2.696000e+01    1.717298e+05    1.484187e+05
2.697000e+01    1.767365e+05    1.483535e+05
2.698000e+01    1.797381e+05    1.435067e+05
2.699000e+01    1.776211e+05    1.380289e+05
2.700000e+01    1.724331e+05    1.366596e+05
2.701000e+01    1.692848e+05    1.399816e+05
2.702000e+01    1.712200e+05    1.438541e+05
2.703000e+01    1.761478e+05    1.435621e+05
2.704000e+01    1.789207e+05    1.386140e+05
2.705000e+01    1.765602e+05    1.332384e+05
2.706000e+01    1.712612e+05    1.321440e+05
2.707000e+01    1.682359e+05    1.357828e+05
2.708000e+01    1.705142e+05    1.398246e+05
2.709000e+01    1.758302e+05    1.394632e+05
2.710000e+01    1.788883e+05    1.342327e+05
2.711000e+01    1.766087e+05    1.284784e+05
2.712000e+01    1.711958e+05    1.270584e+05
2.713000e+01    1.679675e+05    1.304968e+05
2.714000e+01    1.697243e+05    1.345625e+05
2.715000e+01    1.743752e+05    1.343788e+05
2.716000e+01    1.768020e+05    1.293748e+05
2.717000e+01    1.739115e+05    1.238969e+05
2.718000e+01    1.679482e+05    1.228065e+05
2.719000e+01    1.642443e+05    1.265799e+05
2.720000e+01    1.658865e+05    1.308443e+05
2.721000e+01    1.706386e+05    1.307287e+05
2.722000e+01    1.731433e+05    1.257221e+05
2.723000e+01    1.702962e+05    1.202299e+05
2.724000e+01    1.643546e+05    1.191307e+05
2.725000e+01    1.606713e+05    1.229175e+05
2.726000e+01    1.623612e+05    1.271998e+05
2.727000e+01    1.671755e+05    1.270598e+05
2.728000e+01    1.697260e+05    1.220164e+05
2.729000e+01    1.669051e+05    1.164755e+05
2.730000e+01    1.609673e+05    1.153360e+05
2.731000e+01    1.572915e+05    1.191042e+05
2.732000e+01    1.590124e+05    1.233579e+05
2.733000e+01    1.638516e+05    1.231843e+05
2.734000e+01    1.664326e+05    1.180916e+05
2.735000e+01    1.636362e+05    1.124814e+05
2.736000e+01    1.577132e+05    1.112641e+05
2.737000e+01    1.540487e+05    1.149226e+05
2.738000e+01    1.557265e+05    1.190323e+05
2.739000e+01    1.604493e+05    1.187306e+05
2.740000e+01    1.626292e+05    1.139721e+05
2.741000e+01    1.593861e+05    1.087901e+05
2.742000e+01    1.530591e+05    1.080944e+05
2.743000e+01    1.490595e+05    1.123126e+05
2.744000e+01    1.504691e+05    1.169782e+05
2.745000e+01    1.549642e+05    1.171823e+05
2.746000e+01    1.571082e+05    1.124791e+05
2.747000e+01    1.538265e+05    1.073797e+05
2.748000e+01    1.474797e+05    1.067906e+05
2.749000e+01    1.435031e+05    1.111268e+05
2.750000e+01    1.449878e+05    1.158810e+05
2.751000e+01    1.495623e+05    1.161048e+05
2.752000e+01    1.517556e+05    1.114020e+05
2.753000e+01    1.484903e+05    1.062984e+05
2.754000e+01    1.421431e+05    1.057277e+05
2.755000e+01    1.381905e+05    1.101053e+05
2.756000e+01    1.397251e+05    1.148738e+05
2.757000e+01    1.443353e+05    1.150890e+05
2.758000e+01    1.465406e+05    1.103614e+05
2.759000e+01    1.432549e+05    1.052432e+05
2.760000e+01    1.368808e+05    1.047051e+05
2.761000e+01    1.329357e+05    1.091253e+05
2.762000e+01    1.344945e+05    1.139236e+05
2.763000e+01    1.391348e+05    1.141464e+05
2.764000e+01    1.413503e+05    1.094092e+05
2.765000e+01    1.380816e+05    1.044950e+05
2.766000e+01    1.318070e+05    1.044385e+05
2.767000e+01    1.279895e+05    1.093499e+05
2.768000e+01    1.297085e+05    1.146266e+05
2.769000e+01    1.345191e+05    1.152868e+05
2.770000e+01    1.368635e+05    1.109601e+05
2.771000e+01    1.336650e+05    1.062881e+05
2.772000e+01    1.273937e+05    1.062478e+05
2.773000e+01    1.235986e+05    1.111958e+05
2.774000e+01    1.253785e+05    1.164955e+05
2.775000e+01    1.302477e+05    1.171364e+05
2.776000e+01    1.326298e+05    1.127808e+05
2.777000e+01    1.294408e+05    1.080778e+05
2.778000e+01    1.231583e+05    1.080319e+05
2.779000e+01    1.193749e+05    1.130126e+05
2.780000e+01    1.211961e+05    1.183442e+05
2.781000e+01    1.261369e+05    1.190138e+05
2.782000e+01    1.286287e+05    1.146523e+05
2.783000e+01    1.255635e+05    1.098809e+05
2.784000e+01    1.193865e+05    1.097083e+05
2.785000e+01    1.156442e+05    1.144741e+05
2.786000e+01    1.173738e+05    1.195672e+05
2.787000e+01    1.220895e+05    1.200660e+05
2.788000e+01    1.242761e+05    1.156801e+05
2.789000e+01    1.209301e+05    1.110770e+05
2.790000e+01    1.146347e+05    1.111808e+05
2.791000e+01    1.112057e+05    1.163983e+05
2.792000e+01    1.134110e+05    1.218731e+05
2.793000e+01    1.186010e+05    1.226164e+05
2.794000e+01    1.211676e+05    1.184207e+05
2.795000e+01    1.181501e+05    1.140520e+05
2.796000e+01    1.121980e+05    1.144556e+05
2.797000e+01    1.089357e+05    1.198090e+05
2.798000e+01    1.113499e+05    1.253009e+05
2.799000e+01    1.167335e+05    1.259270e+05
2.800000e+01    1.193976e+05    1.215303e+05
2.801000e+01    1.163448e+05    1.169556e+05
2.802000e+01    1.102618e+05    1.172379e+05
2.803000e+01    1.068780e+05    1.225845e+05
2.804000e+01    1.092141e+05    1.281191e+05
2.805000e+01    1.145741e+05    1.288026e+05
2.806000e+01    1.172491e+05    1.244426e+05
2.807000e+01    1.142095e+05    1.198899e+05
2.808000e+01    1.081563e+05    1.202098e+05
2.809000e+01    1.048283e+05    1.255624e+05
2.810000e+01    1.072306e+05    1.310698e+05
2.811000e+01    1.126431e+05    1.316814e+05
2.812000e+01    1.153130e+05    1.272194e+05
2.813000e+01    1.122089e+05    1.225995e+05
2.814000e+01    1.060838e+05    1.228925e+05
2.815000e+01    1.026953e+05    1.282587e+05
2.816000e+01    1.051400e+05    1.337863e+05
2.817000e+01    1.108418e+05    1.343668e+05
2.818000e+01    1.137805e+05    1.298778e+05
2.819000e+01    1.109495e+05    1.252527e+05
2.820000e+01    1.051124e+05    1.255604e+05
2.821000e+01    1.020468e+05    1.309467e+05
2.822000e+01    1.047857e+05    1.364598e+05
2.823000e+01    1.105202e+05    1.370080e+05
2.824000e+01    1.134507e+05    1.324775e+05
2.825000e+01    1.105716e+05    1.278339e+05
2.826000e+01    1.046800e+05    1.281768e+05
2.827000e+01    1.016172e+05    1.336345e+05
2.828000e+01    1.043896e+05    1.391948e+05
2.829000e+01    1.101742e+05    1.397572e+05
2.830000e+01    1.131395e+05    1.352079e+05
2.831000e+01    1.102576e+05    1.305476e+05
2.832000e+01    1.043645e+05    1.309082e+05
2.833000e+01    1.013159e+05    1.363772e+05
2.834000e+01    1.041141e+05    1.419399e+05
2.835000e+01    1.099194e+05    1.424835e+05
2.836000e+01    1.128642e+05    1.379067e+05
2.837000e+01    1.099427e+05    1.332660e+05
2.838000e+01    1.040376e+05    1.336798e+05
2.839000e+01    1.010208e+05    1.392162e+05
2.840000e+01    1.038983e+05    1.448211e+05
2.841000e+01    1.097899e+05    1.453365e+05
2.842000e+01    1.128734e+05    1.406032e+05
2.843000e+01    1.101139e+05    1.357470e+05
2.844000e+01    1.043536e+05    1.359638e+05
2.845000e+01    1.014936e+05    1.413197e+05
2.846000e+01    1.045510e+05    1.467150e+05
2.847000e+01    1.105845e+05    1.470046e+05
2.848000e+01    1.136825e+05    1.421594e+05
2.849000e+01    1.108568e+05    1.372872e+05
2.850000e+01    1.050402e+05    1.375466e+05
2.851000e+01    1.021878e+05    1.429653e+05
2.852000e+01    1.052790e+05    1.483908e+05
2.853000e+01    1.113512e+05    1.486721e+05
2.854000e+01    1.144558e+05    1.437939e+05
2.855000e+01    1.115894e+05    1.389163e+05
2.856000e+01    1.057477e+05    1.392240e+05
2.857000e+01    1.029115e+05    1.447043e+05
2.858000e+01    1.060676e+05    1.501787e+05
2.859000e+01    1.122309e+05    1.504597e+05
2.860000e+01    1.153923e+05    1.455273e+05
2.861000e+01    1.125536e+05    1.405944e+05
2.862000e+01    1.067175e+05    1.408466e+05
2.863000e+01    1.038693e+05    1.462828e+05
2.864000e+01    1.070055e+05    1.517201e+05
2.865000e+01    1.131223e+05    1.519558e+05
2.866000e+01    1.162142e+05    1.470324e+05
2.867000e+01    1.133249e+05    1.421501e+05
2.868000e+01    1.074760e+05    1.423418e+05
2.869000e+01    1.046830e+05    1.477015e+05
2.870000e+01    1.079061e+05    1.529793e+05
2.871000e+01    1.140517e+05    1.530028e+05
2.872000e+01    1.170999e+05    1.478639e+05
2.873000e+01    1.141129e+05    1.428299e+05
2.874000e+01    1.081925e+05    1.431034e+05
2.875000e+01    1.054151e+05    1.485770e+05
2.876000e+01    1.087115e+05    1.539334e+05
2.877000e+01    1.149504e+05    1.539760e+05
2.878000e+01    1.180582e+05    1.488127e+05
2.879000e+01    1.150752e+05    1.437795e+05
2.880000e+01    1.091802e+05    1.440993e+05
2.881000e+01    1.064748e+05    1.496267e+05
2.882000e+01    1.098909e+05    1.550039e+05
2.883000e+01    1.162541e+05    1.549988e+05
2.884000e+01    1.194150e+05    1.497426e+05
2.885000e+01    1.164439e+05    1.446503e+05
2.886000e+01    1.105526e+05    1.449565e+05
2.887000e+01    1.078872e+05    1.505027e+05
2.888000e+01    1.113963e+05    1.558756e+05
2.889000e+01    1.178441e+05    1.558001e+05
2.890000e+01    1.210459e+05    1.504716e+05
2.891000e+01    1.180817e+05    1.453351e+05
2.892000e+01    1.122117e+05    1.456520e+05
2.893000e+01    1.096210e+05    1.512095e+05
2.894000e+01    1.132340e+05    1.564893e+05
2.895000e+01    1.197664e+05    1.562297e+05
2.896000e+01    1.229765e+05    1.506581e+05
2.897000e+01    1.199304e+05    1.453034e+05
2.898000e+01    1.139670e+05    1.455017e+05
2.899000e+01    1.113995e+05    1.509889e+05
2.900000e+01    1.151508e+05    1.561607e+05
2.901000e+01    1.218249e+05    1.556666e+05
2.902000e+01    1.250680e+05    1.497681e+05
2.903000e+01    1.219146e+05    1.441406e+05
2.904000e+01    1.158689e+05    1.441793e+05
2.905000e+01    1.133875e+05    1.495185e+05
2.906000e+01    1.174128e+05    1.542892e+05
2.907000e+01    1.242726e+05    1.528683e+05
2.908000e+01    1.270755e+05    1.455509e+05
2.909000e+01    1.224407e+05    1.385018e+05
2.910000e+01    1.138187e+05    1.379107e+05
2.911000e+01    1.082553e+05    1.441830e+05
2.912000e+01    1.097869e+05    1.516910e+05
2.913000e+01    1.158224e+05    1.542699e+05
2.914000e+01    1.200589e+05    1.510548e+05
2.915000e+01    1.188236e+05    1.468450e+05
2.916000e+01    1.144877e+05    1.469469e+05
2.917000e+01    1.127489e+05    1.517375e+05
2.918000e+01    1.165801e+05    1.563456e+05
2.919000e+01    1.230560e+05    1.558150e+05
2.920000e+01    1.263678e+05    1.502292e+05
2.921000e+01    1.236758e+05    1.447676e+05
2.922000e+01    1.180860e+05    1.445436e+05
2.923000e+01    1.156042e+05    1.493745e+05
2.924000e+01    1.190630e+05    1.539691e+05
2.925000e+01    1.252763e+05    1.532211e+05
2.926000e+01    1.281987e+05    1.473478e+05
2.927000e+01    1.249917e+05    1.417375e+05
2.928000e+01    1.189391e+05    1.415331e+05
2.929000e+01    1.161314e+05    1.464616e+05
2.930000e+01    1.193800e+05    1.510993e+05
2.931000e+01    1.253736e+05    1.502763e+05
2.932000e+01    1.279465e+05    1.443004e+05
2.933000e+01    1.242923e+05    1.386769e+05
2.934000e+01    1.177580e+05    1.385935e+05
2.935000e+01    1.145029e+05    1.437591e+05
2.936000e+01    1.173512e+05    1.486919e+05
2.937000e+01    1.229181e+05    1.482459e+05
2.938000e+01    1.250690e+05    1.428362e+05
2.939000e+01    1.211214e+05    1.380320e+05
2.940000e+01    1.146151e+05    1.389869e+05
2.941000e+01    1.118891e+05    1.452188e+05
2.942000e+01    1.157275e+05    1.509394e+05
2.943000e+01    1.225695e+05    1.507939e+05
2.944000e+01    1.260055e+05    1.451161e+05
2.945000e+01    1.230822e+05    1.395779e+05
2.946000e+01    1.171902e+05    1.395202e+05
2.947000e+01    1.146139e+05    1.446338e+05
2.948000e+01    1.181768e+05    1.493442e+05
2.949000e+01    1.244308e+05    1.484353e+05
2.950000e+01    1.270996e+05    1.423095e+05
2.951000e+01    1.233990e+05    1.366535e+05
2.952000e+01    1.168810e+05    1.367215e+05
2.953000e+01    1.138696e+05    1.420803e+05
2.954000e+01    1.171633e+05    1.470396e+05
2.955000e+01    1.232278e+05    1.463134e+05
2.956000e+01    1.257107e+05    1.403561e+05
2.957000e+01    1.218491e+05    1.348929e+05
2.958000e+01    1.152189e+05    1.351808e+05
2.959000e+01    1.121720e+05    1.407548e+05
2.960000e+01    1.154999e+05    1.458553e+05
2.961000e+01    1.215702e+05    1.452036e+05
2.962000e+01    1.240142e+05    1.393048e+05
2.963000e+01    1.200811e+05    1.339292e+05
2.964000e+01    1.133995e+05    1.343570e+05
2.965000e+01    1.103852e+05    1.400755e+05
2.966000e+01    1.137698e+05    1.452521e+05
2.967000e+01    1.198771e+05    1.446124e+05
2.968000e+01    1.222924e+05    1.386987e+05
2.969000e+01    1.182637e+05    1.333549e+05
2.970000e+01    1.115156e+05    1.339033e+05
2.971000e+01    1.084955e+05    1.397608e+05
2.972000e+01    1.119228e+05    1.450549e+05
2.973000e+01    1.180786e+05    1.444829e+05
2.974000e+01    1.204865e+05    1.386134e+05
2.975000e+01    1.164236e+05    1.333679e+05
2.976000e+01    1.096638e+05    1.340494e+05
2.977000e+01    1.066869e+05    1.400437e+05
2.978000e+01    1.102079e+05    1.454226e+05
2.979000e+01    1.164317e+05    1.448413e+05
2.980000e+01    1.188226e+05    1.389615e+05
2.981000e+01    1.146928e+05    1.337648e+05
2.982000e+01    1.078830e+05    1.345796e+05
2.983000e+01    1.049491e+05    1.407428e+05
2.984000e+01    1.086015e+05    1.462047e+05
2.985000e+01    1.149071e+05    1.456052e+05
2.986000e+01    1.172454e+05    1.396739e+05
2.987000e+01    1.129139e+05    1.345478e+05
2.988000e+01    1.058972e+05    1.357055e+05
2.989000e+01    1.030078e+05    1.424533e+05
2.990000e+01    1.071035e+05    1.485321e+05
2.991000e+01    1.142690e+05    1.482815e+05
2.992000e+01    1.176527e+05    1.421606e+05
2.993000e+01    1.141615e+05    1.362634e+05
2.994000e+01    1.074662e+05    1.362732e+05
2.995000e+01    1.042184e+05    1.418677e+05
2.996000e+01    1.074332e+05    1.472154e+05
2.997000e+01    1.135427e+05    1.468626e+05
2.998000e+01    1.160782e+05    1.412040e+05
2.999000e+01    1.122356e+05    1.360622e+05
3.000000e+01    1.056752e+05    1.367296e+05
3.001000e+01    1.028063e+05    1.426547e+05
3.002000e+01    1.063420e+05    1.479929e+05
3.003000e+01    1.125416e+05    1.474628e+05
3.004000e+01    1.149644e+05    1.417199e+05
3.005000e+01    1.109738e+05    1.366593e+05
3.006000e+01    1.043648e+05    1.375109e+05
3.007000e+01    1.015790e+05    1.435959e+05
3.008000e+01    1.052333e+05    1.489696e+05
3.009000e+01    1.114638e+05    1.484224e+05
3.010000e+01    1.138438e+05    1.426999e+05
3.011000e+01    1.098102e+05    1.377416e+05
3.012000e+01    1.032381e+05    1.387457e+05
3.013000e+01    1.005661e+05    1.449178e+05
3.014000e+01    1.042915e+05    1.502984e+05
3.015000e+01    1.105074e+05    1.497707e+05
3.016000e+01    1.128457e+05    1.441739e+05
3.017000e+01    1.088683e+05    1.394548e+05
3.018000e+01    1.025524e+05    1.406401e+05
3.019000e+01    1.001853e+05    1.467597e+05
3.020000e+01    1.040036e+05    1.518948e+05
3.021000e+01    1.099619e+05    1.512244e+05
3.022000e+01    1.118559e+05    1.459853e+05
3.023000e+01    1.078012e+05    1.422708e+05
3.024000e+01    1.023224e+05    1.447108e+05
3.025000e+01    1.018465e+05    1.515455e+05
3.026000e+01    1.080900e+05    1.560719e+05
3.027000e+01    1.159333e+05    1.532328e+05
3.028000e+01    1.181996e+05    1.448852e+05
3.029000e+01    1.126668e+05    1.382492e+05
3.030000e+01    1.043511e+05    1.390739e+05
3.031000e+01    1.007917e+05    1.461081e+05
3.032000e+01    1.047883e+05    1.523003e+05
3.033000e+01    1.117834e+05    1.517341e+05
3.034000e+01    1.144806e+05    1.453192e+05
3.035000e+01    1.100304e+05    1.397435e+05
3.036000e+01    1.027781e+05    1.407912e+05
3.037000e+01    9.986754e+04    1.475429e+05
3.038000e+01    1.040447e+05    1.533897e+05
3.039000e+01    1.109725e+05    1.526644e+05
3.040000e+01    1.135805e+05    1.462849e+05
3.041000e+01    1.091219e+05    1.408494e+05
3.042000e+01    1.019681e+05    1.419993e+05
3.043000e+01    9.915830e+04    1.487796e+05
3.044000e+01    1.033862e+05    1.546262e+05
3.045000e+01    1.103135e+05    1.539191e+05
3.046000e+01    1.128898e+05    1.476258e+05
3.047000e+01    1.085144e+05    1.423243e+05
3.048000e+01    1.015240e+05    1.436172e+05
3.049000e+01    9.894708e+04    1.505226e+05
3.050000e+01    1.034768e+05    1.564429e+05
3.051000e+01    1.107390e+05    1.557476e+05
3.052000e+01    1.137090e+05    1.494062e+05
3.053000e+01    1.097227e+05    1.439393e+05
3.054000e+01    1.030793e+05    1.448810e+05
3.055000e+01    1.007112e+05    1.512489e+05
3.056000e+01    1.051538e+05    1.565246e+05
3.057000e+01    1.120006e+05    1.552972e+05
3.058000e+01    1.143519e+05    1.487101e+05
3.059000e+01    1.097527e+05    1.433475e+05
3.060000e+01    1.027195e+05    1.446654e+05
3.061000e+01    1.002492e+05    1.514273e+05
3.062000e+01    1.047708e+05    1.569667e+05
3.063000e+01    1.117224e+05    1.558348e+05
3.064000e+01    1.140829e+05    1.492591e+05
3.065000e+01    1.094081e+05    1.439687e+05
3.066000e+01    1.023339e+05    1.454232e+05
3.067000e+01    9.989644e+04    1.523439e+05
3.068000e+01    1.045136e+05    1.579934e+05
3.069000e+01    1.115485e+05    1.568921e+05
3.070000e+01    1.139280e+05    1.503495e+05
3.071000e+01    1.092839e+05    1.451434e+05
3.072000e+01    1.023094e+05    1.466800e+05
3.073000e+01    1.000669e+05    1.535669e+05
3.074000e+01    1.048772e+05    1.590518e+05
3.075000e+01    1.119627e+05    1.577242e+05
3.076000e+01    1.142683e+05    1.510411e+05
3.077000e+01    1.095439e+05    1.458466e+05
3.078000e+01    1.026134e+05    1.475052e+05
3.079000e+01    1.005621e+05    1.544843e+05
3.080000e+01    1.055144e+05    1.598441e+05
3.081000e+01    1.124849e+05    1.583214e+05
3.082000e+01    1.143996e+05    1.516833e+05
3.083000e+01    1.093025e+05    1.470480e+05
3.084000e+01    1.025411e+05    1.497172e+05
3.085000e+01    1.015138e+05    1.576045e+05
3.086000e+01    1.081896e+05    1.631120e+05
3.087000e+01    1.169254e+05    1.605390e+05
3.088000e+01    1.197789e+05    1.517988e+05
3.089000e+01    1.142550e+05    1.447566e+05
3.090000e+01    1.057777e+05    1.455971e+05
3.091000e+01    1.023571e+05    1.528948e+05
3.092000e+01    1.068283e+05    1.591454e+05
3.093000e+01    1.142132e+05    1.581920e+05
3.094000e+01    1.168051e+05    1.513024e+05
3.095000e+01    1.119443e+05    1.457031e+05
3.096000e+01    1.045694e+05    1.472205e+05
3.097000e+01    1.021615e+05    1.544240e+05
3.098000e+01    1.071348e+05    1.600019e+05
3.099000e+01    1.143413e+05    1.583182e+05
3.100000e+01    1.163217e+05    1.511057e+05
3.101000e+01    1.108603e+05    1.457367e+05
3.102000e+01    1.033177e+05    1.478016e+05
3.103000e+01    1.012600e+05    1.553300e+05
3.104000e+01    1.066152e+05    1.606679e+05
3.105000e+01    1.135229e+05    1.583419e+05
3.106000e+01    1.141140e+05    1.509013e+05
3.107000e+01    1.066517e+05    1.468312e+05
3.108000e+01    9.795246e+04    1.522254e+05
3.109000e+01    9.721559e+04    1.642957e+05
3.110000e+01    1.071691e+05    1.734032e+05
3.111000e+01    1.210934e+05    1.717452e+05
3.112000e+01    1.286596e+05    1.605625e+05
3.113000e+01    1.252652e+05    1.490333e+05
3.114000e+01    1.158825e+05    1.457084e+05
3.115000e+01    1.099040e+05    1.509502e+05
3.116000e+01    1.122176e+05    1.573423e+05
3.117000e+01    1.190301e+05    1.573386e+05
3.118000e+01    1.222453e+05    1.506727e+05
3.119000e+01    1.178788e+05    1.441245e+05
3.120000e+01    1.099173e+05    1.443631e+05
3.121000e+01    1.061092e+05    1.511423e+05
3.122000e+01    1.100426e+05    1.575672e+05
3.123000e+01    1.174575e+05    1.571447e+05
3.124000e+01    1.205365e+05    1.503179e+05
3.125000e+01    1.159888e+05    1.440301e+05
3.126000e+01    1.081271e+05    1.446753e+05
3.127000e+01    1.046546e+05    1.516560e+05
3.128000e+01    1.088456e+05    1.579864e+05
3.129000e+01    1.162720e+05    1.573584e+05
3.130000e+01    1.192378e+05    1.504741e+05
3.131000e+01    1.144867e+05    1.444061e+05
3.132000e+01    1.065705e+05    1.455390e+05
3.133000e+01    1.033241e+05    1.531462e+05
3.134000e+01    1.081163e+05    1.600949e+05
3.135000e+01    1.165419e+05    1.598444e+05
3.136000e+01    1.207484e+05    1.528281e+05
3.137000e+01    1.171959e+05    1.459636e+05
3.138000e+01    1.099754e+05    1.456705e+05
3.139000e+01    1.065461e+05    1.516323e+05
3.140000e+01    1.102727e+05    1.573287e+05
3.141000e+01    1.171695e+05    1.567062e+05
3.142000e+01    1.200985e+05    1.503254e+05
3.143000e+01    1.161040e+05    1.446264e+05
3.144000e+01    1.093598e+05    1.453092e+05
3.145000e+01    1.068962e+05    1.515052e+05
3.146000e+01    1.113873e+05    1.566049e+05
3.147000e+01    1.183392e+05    1.550265e+05
3.148000e+01    1.206372e+05    1.479310e+05
3.149000e+01    1.156810e+05    1.421746e+05
3.150000e+01    1.081502e+05    1.434271e+05
3.151000e+01    1.054105e+05    1.503612e+05
3.152000e+01    1.100012e+05    1.559931e+05
3.153000e+01    1.171392e+05    1.546122e+05
3.154000e+01    1.194622e+05    1.475011e+05
3.155000e+01    1.143783e+05    1.417189e+05
3.156000e+01    1.067554e+05    1.430249e+05
3.157000e+01    1.040051e+05    1.500846e+05
3.158000e+01    1.086887e+05    1.558044e+05
3.159000e+01    1.159384e+05    1.543988e+05
3.160000e+01    1.182758e+05    1.471965e+05
3.161000e+01    1.131532e+05    1.413525e+05
3.162000e+01    1.054734e+05    1.426326e+05
3.163000e+01    1.026778e+05    1.496713e+05
3.164000e+01    1.072977e+05    1.553242e+05
3.165000e+01    1.143615e+05    1.538332e+05
3.166000e+01    1.163983e+05    1.466818e+05
3.167000e+01    1.109654e+05    1.410982e+05
3.168000e+01    1.031267e+05    1.428421e+05
3.169000e+01    1.004626e+05    1.504108e+05
3.170000e+01    1.054629e+05    1.564457e+05
3.171000e+01    1.130088e+05    1.551091e+05
3.172000e+01    1.154901e+05    1.478858e+05
3.173000e+01    1.103716e+05    1.420988e+05
3.174000e+01    1.027364e+05    1.436252e+05
3.175000e+01    1.002083e+05    1.511018e+05
3.176000e+01    1.052681e+05    1.570513e+05
3.177000e+01    1.127888e+05    1.556206e+05
3.178000e+01    1.151359e+05    1.483317e+05
3.179000e+01    1.097913e+05    1.425940e+05
3.180000e+01    1.019427e+05    1.442698e+05
3.181000e+01    9.923659e+04    1.518166e+05
3.182000e+01    1.041661e+05    1.578495e+05
3.183000e+01    1.115763e+05    1.565098e+05
3.184000e+01    1.137999e+05    1.493651e+05
3.185000e+01    1.084052e+05    1.438531e+05
3.186000e+01    1.006181e+05    1.457949e+05
3.187000e+01    9.811451e+04    1.535768e+05
3.188000e+01    1.033611e+05    1.597131e+05
3.189000e+01    1.110799e+05    1.583206e+05
3.190000e+01    1.135512e+05    1.510299e+05
3.191000e+01    1.083228e+05    1.453192e+05
3.192000e+01    1.006385e+05    1.470504e+05
3.193000e+01    9.821976e+04    1.546043e+05
3.194000e+01    1.034720e+05    1.604556e+05
3.195000e+01    1.110790e+05    1.587781e+05
3.196000e+01    1.133260e+05    1.512627e+05
3.197000e+01    1.078048e+05    1.454536e+05
3.198000e+01    9.986777e+04    1.472430e+05
3.199000e+01    9.728813e+04    1.548975e+05
3.200000e+01    1.024952e+05    1.608809e+05
3.201000e+01    1.102026e+05    1.593953e+05
3.202000e+01    1.125237e+05    1.520567e+05
3.203000e+01    1.070640e+05    1.464841e+05
3.204000e+01    9.925121e+04    1.485343e+05
3.205000e+01    9.686075e+04    1.564442e+05
3.206000e+01    1.022639e+05    1.625932e+05
3.207000e+01    1.100344e+05    1.610922e+05
3.208000e+01    1.123460e+05    1.537290e+05
3.209000e+01    1.068565e+05    1.481699e+05
3.210000e+01    9.902396e+04    1.502747e+05
3.211000e+01    9.666170e+04    1.582517e+05
3.212000e+01    1.021409e+05    1.644078e+05
3.213000e+01    1.099425e+05    1.628634e+05
3.214000e+01    1.122343e+05    1.554582e+05
3.215000e+01    1.066843e+05    1.498915e+05
3.216000e+01    9.879320e+04    1.520468e+05
3.217000e+01    9.644099e+04    1.601003e+05
3.218000e+01    1.019393e+05    1.663018e+05
3.219000e+01    1.097580e+05    1.647924e+05
3.220000e+01    1.120603e+05    1.574266e+05
3.221000e+01    1.065297e+05    1.519290e+05
3.222000e+01    9.872997e+04    1.541708e+05
3.223000e+01    9.651096e+04    1.622240e+05
3.224000e+01    1.021204e+05    1.683410e+05
3.225000e+01    1.099648e+05    1.666965e+05
3.226000e+01    1.123237e+05    1.592074e+05
3.227000e+01    1.068928e+05    1.537091e+05
3.228000e+01    9.927758e+04    1.560329e+05
3.229000e+01    9.735926e+04    1.641749e+05
3.230000e+01    1.033556e+05    1.702937e+05
3.231000e+01    1.115645e+05    1.685124e+05
3.232000e+01    1.140379e+05    1.608727e+05
3.233000e+01    1.085776e+05    1.552615e+05
3.234000e+01    1.009050e+05    1.575301e+05
3.235000e+01    9.895753e+04    1.656544e+05
3.236000e+01    1.049634e+05    1.717131e+05
3.237000e+01    1.131304e+05    1.698520e+05
3.238000e+01    1.155134e+05    1.621497e+05
3.239000e+01    1.099310e+05    1.565305e+05
3.240000e+01    1.021621e+05    1.588646e+05
3.241000e+01    1.002066e+05    1.670648e+05
3.242000e+01    1.062168e+05    1.731521e+05
3.243000e+01    1.143765e+05    1.712822e+05
3.244000e+01    1.167100e+05    1.635649e+05
3.245000e+01    1.110436e+05    1.579832e+05
3.246000e+01    1.032384e+05    1.604069e+05
3.247000e+01    1.012877e+05    1.686737e+05
3.248000e+01    1.073172e+05    1.747965e+05
3.249000e+01    1.154740e+05    1.729364e+05
3.250000e+01    1.177484e+05    1.652476e+05
3.251000e+01    1.120552e+05    1.597520e+05
3.252000e+01    1.044132e+05    1.620838e+05
3.253000e+01    1.026682e+05    1.702173e+05
3.254000e+01    1.088876e+05    1.761466e+05
3.255000e+01    1.171433e+05    1.740659e+05
3.256000e+01    1.194662e+05    1.662860e+05
3.257000e+01    1.139030e+05    1.608450e+05
3.258000e+01    1.064685e+05    1.634470e+05
3.259000e+01    1.051431e+05    1.717023e+05
3.260000e+01    1.118351e+05    1.774335e+05
3.261000e+01    1.203572e+05    1.749104e+05
3.262000e+01    1.226337e+05    1.666159e+05
3.263000e+01    1.167448e+05    1.608093e+05
3.264000e+01    1.088899e+05    1.633303e+05
3.265000e+01    1.072481e+05    1.717175e+05
3.266000e+01    1.137601e+05    1.776719e+05
3.267000e+01    1.222363e+05    1.753710e+05
3.268000e+01    1.245454e+05    1.672561e+05
3.269000e+01    1.187338e+05    1.616060e+05
3.270000e+01    1.110329e+05    1.642098e+05
3.271000e+01    1.095267e+05    1.725416e+05
3.272000e+01    1.160350e+05    1.783516e+05
3.273000e+01    1.242899e+05    1.759748e+05
3.274000e+01    1.262247e+05    1.680876e+05
3.275000e+01    1.202532e+05    1.630921e+05
3.276000e+01    1.129499e+05    1.665449e+05
3.277000e+01    1.124917e+05    1.753408e+05
3.278000e+01    1.204134e+05    1.807070e+05
3.279000e+01    1.298124e+05    1.769027e+05
3.280000e+01    1.320162e+05    1.669924e+05
3.281000e+01    1.251920e+05    1.600497e+05
3.282000e+01    1.162053e+05    1.623358e+05
3.283000e+01    1.139598e+05    1.711688e+05
3.284000e+01    1.206564e+05    1.775399e+05
3.285000e+01    1.296776e+05    1.750654e+05
3.286000e+01    1.322536e+05    1.662167e+05
3.287000e+01    1.261297e+05    1.597678e+05
3.288000e+01    1.177605e+05    1.620563e+05
3.289000e+01    1.158332e+05    1.706212e+05
3.290000e+01    1.225308e+05    1.767469e+05
3.291000e+01    1.314161e+05    1.742018e+05
3.292000e+01    1.338794e+05    1.654415e+05
3.293000e+01    1.277343e+05    1.591794e+05
3.294000e+01    1.194802e+05    1.616215e+05
3.295000e+01    1.177123e+05    1.702511e+05
3.296000e+01    1.245563e+05    1.763685e+05
3.297000e+01    1.335375e+05    1.737682e+05
3.298000e+01    1.360139e+05    1.649706e+05
3.299000e+01    1.298961e+05    1.587325e+05
3.300000e+01    1.217042e+05    1.612362e+05
3.301000e+01    1.200697e+05    1.699382e+05
3.302000e+01    1.271368e+05    1.760679e+05
3.303000e+01    1.361986e+05    1.732719e+05
3.304000e+01    1.387274e+05    1.641601e+05
3.305000e+01    1.325832e+05    1.574690e+05
3.306000e+01    1.242008e+05    1.594241e+05
3.307000e+01    1.221756e+05    1.675698e+05
3.308000e+01    1.286094e+05    1.732380e+05
3.309000e+01    1.370383e+05    1.703438e+05
3.310000e+01    1.389827e+05    1.614731e+05
3.311000e+01    1.324673e+05    1.552891e+05
3.312000e+01    1.240667e+05    1.578609e+05
3.313000e+01    1.223374e+05    1.664499e+05
3.314000e+01    1.291831e+05    1.722771e+05
3.315000e+01    1.379448e+05    1.692816e+05
3.316000e+01    1.400132e+05    1.601945e+05
3.317000e+01    1.334364e+05    1.538813e+05
3.318000e+01    1.249525e+05    1.564339e+05
3.319000e+01    1.231898e+05    1.650794e+05
3.320000e+01    1.300719e+05    1.709529e+05
3.321000e+01    1.388688e+05    1.679326e+05
3.322000e+01    1.408882e+05    1.588175e+05
3.323000e+01    1.342428e+05    1.525405e+05
3.324000e+01    1.257112e+05    1.552032e+05
3.325000e+01    1.239814e+05    1.639938e+05
3.326000e+01    1.309798e+05    1.699516e+05
3.327000e+01    1.398674e+05    1.669411e+05
3.328000e+01    1.418829e+05    1.578510e+05
3.329000e+01    1.350718e+05    1.516884e+05
3.330000e+01    1.264009e+05    1.545364e+05
3.331000e+01    1.246518e+05    1.635332e+05
3.332000e+01    1.316940e+05    1.696172e+05
3.333000e+01    1.406420e+05    1.666481e+05
3.334000e+01    1.427381e+05    1.574986e+05
3.335000e+01    1.360794e+05    1.511852e+05
3.336000e+01    1.275433e+05    1.538718e+05
3.337000e+01    1.258690e+05    1.626212e+05
3.338000e+01    1.328568e+05    1.684301e+05
3.339000e+01    1.415923e+05    1.652560e+05
3.340000e+01    1.433676e+05    1.561039e+05
3.341000e+01    1.364795e+05    1.500783e+05
3.342000e+01    1.280284e+05    1.531672e+05
3.343000e+01    1.267677e+05    1.621894e+05
3.344000e+01    1.343208e+05    1.679191e+05
3.345000e+01    1.434497e+05    1.642877e+05
3.346000e+01    1.452320e+05    1.545938e+05
3.347000e+01    1.380872e+05    1.482498e+05
3.348000e+01    1.294176e+05    1.513595e+05
3.349000e+01    1.282934e+05    1.605333e+05
3.350000e+01    1.363567e+05    1.660794e+05
3.351000e+01    1.459213e+05    1.616502e+05
3.352000e+01    1.475191e+05    1.506732e+05
3.353000e+01    1.392056e+05    1.431328e+05
3.354000e+01    1.285452e+05    1.460053e+05
3.355000e+01    1.253903e+05    1.563027e+05
3.356000e+01    1.322461e+05    1.641041e+05
3.357000e+01    1.420571e+05    1.623186e+05
3.358000e+01    1.453051e+05    1.533639e+05
3.359000e+01    1.393419e+05    1.465172e+05
3.360000e+01    1.308240e+05    1.485699e+05
3.361000e+01    1.288017e+05    1.570650e+05
3.362000e+01    1.355583e+05    1.630025e+05
3.363000e+01    1.443981e+05    1.599841e+05
3.364000e+01    1.464245e+05    1.506836e+05
3.365000e+01    1.395845e+05    1.441972e+05
3.366000e+01    1.307708e+05    1.468081e+05
3.367000e+01    1.288696e+05    1.556721e+05
3.368000e+01    1.358563e+05    1.616518e+05
3.369000e+01    1.447684e+05    1.584433e+05
3.370000e+01    1.466711e+05    1.489936e+05
3.371000e+01    1.396750e+05    1.424956e+05
3.372000e+01    1.308061e+05    1.451741e+05
3.373000e+01    1.289842e+05    1.540355e+05
3.374000e+01    1.360693e+05    1.597922e+05
3.375000e+01    1.448721e+05    1.562206e+05
3.376000e+01    1.463944e+05    1.464270e+05
3.377000e+01    1.387865e+05    1.397871e+05
3.378000e+01    1.292371e+05    1.426524e+05
3.379000e+01    1.268818e+05    1.520003e+05
3.380000e+01    1.337269e+05    1.585184e+05
3.381000e+01    1.425829e+05    1.558017e+05
3.382000e+01    1.444625e+05    1.468246e+05
3.383000e+01    1.374749e+05    1.408568e+05
3.384000e+01    1.287622e+05    1.441185e+05
3.385000e+01    1.272536e+05    1.534736e+05
3.386000e+01    1.346795e+05    1.596072e+05
3.387000e+01    1.438092e+05    1.563453e+05
3.388000e+01    1.456226e+05    1.468777e+05
3.389000e+01    1.384146e+05    1.406480e+05
3.390000e+01    1.295014e+05    1.438413e+05
3.391000e+01    1.279018e+05    1.532230e+05
3.392000e+01    1.353325e+05    1.593522e+05
3.393000e+01    1.444393e+05    1.559893e+05
3.394000e+01    1.461525e+05    1.464523e+05
3.395000e+01    1.388083e+05    1.402323e+05
3.396000e+01    1.297980e+05    1.435315e+05
3.397000e+01    1.282175e+05    1.530505e+05
3.398000e+01    1.357525e+05    1.592210e+05
3.399000e+01    1.449300e+05    1.558335e+05
3.400000e+01    1.466489e+05    1.462411e+05
3.401000e+01    1.392518e+05    1.400118e+05
3.402000e+01    1.302168e+05    1.433945e+05
3.403000e+01    1.287141e+05    1.529972e+05
3.404000e+01    1.363649e+05    1.591859e+05
3.405000e+01    1.457071e+05    1.557089e+05
3.406000e+01    1.475789e+05    1.459558e+05
3.407000e+01    1.402566e+05    1.396258e+05
3.408000e+01    1.313313e+05    1.429692e+05
3.409000e+01    1.299903e+05    1.525360e+05
3.410000e+01    1.378507e+05    1.586464e+05
3.411000e+01    1.473356e+05    1.550417e+05
3.412000e+01    1.491874e+05    1.451618e+05
3.413000e+01    1.418206e+05    1.387625e+05
3.414000e+01    1.414569e+05    1.386129e+05
3.415000e+01    1.415759e+05    1.385530e+05
3.416000e+01    1.416949e+05    1.384931e+05
3.417000e+01    1.418140e+05    1.384332e+05
3.418000e+01    1.419330e+05    1.383733e+05
3.419000e+01    1.420521e+05    1.383135e+05
3.420000e+01    1.421712e+05    1.382536e+05
3.421000e+01    1.422903e+05    1.381938e+05
3.422000e+01    1.424095e+05    1.381340e+05
3.423000e+01    1.425286e+05    1.380741e+05
3.424000e+01    1.426477e+05    1.380143e+05
3.425000e+01    1.427668e+05    1.379545e+05
3.426000e+01    1.428859e+05    1.378946e+05
3.427000e+01    1.430050e+05    1.378348e+05
3.428000e+01    1.431242e+05    1.377750e+05
3.429000e+01    1.432433e+05    1.377151e+05
3.430000e+01    1.433624e+05    1.376553e+05
3.431000e+01    1.434957e+05    1.374688e+05
3.432000e+01    1.436308e+05    1.372661e+05
3.433000e+01    1.437659e+05    1.370634e+05
3.434000e+01    1.439011e+05    1.368607e+05
3.435000e+01    1.440362e+05    1.366580e+05
3.436000e+01    1.441713e+05    1.364554e+05
3.437000e+01    1.443064e+05    1.362527e+05
3.438000e+01    1.444415e+05    1.360500e+05
3.439000e+01    1.445766e+05    1.358473e+05
3.440000e+01    1.447118e+05    1.356446e+05
3.441000e+01    1.448469e+05    1.354419e+05
3.442000e+01    1.449820e+05    1.352392e+05
3.443000e+01    1.451171e+05    1.350365e+05
3.444000e+01    1.452522e+05    1.348338e+05
3.445000e+01    1.453874e+05    1.346311e+05
3.446000e+01    1.455225e+05    1.344284e+05
3.447000e+01    1.456576e+05    1.342257e+05
3.448000e+01    1.457927e+05    1.340230e+05
3.449000e+01    1.459278e+05    1.338203e+05
3.450000e+01    1.460629e+05    1.336176e+05
3.451000e+01    1.461981e+05    1.334150e+05
3.452000e+01    1.463332e+05    1.332123e+05
3.453000e+01    1.464683e+05    1.330096e+05
3.454000e+01    1.466034e+05    1.328069e+05
3.455000e+01    1.467385e+05    1.326042e+05
3.456000e+01    1.468418e+05    1.323684e+05
3.457000e+01    1.468666e+05    1.320511e+05
3.458000e+01    1.468914e+05    1.317338e+05
3.459000e+01    1.469162e+05    1.314165e+05
3.460000e+01    1.469409e+05    1.310992e+05
3.461000e+01    1.469657e+05    1.307819e+05
3.462000e+01    1.469905e+05    1.304646e+05
3.463000e+01    1.470153e+05    1.301474e+05
3.464000e+01    1.470401e+05    1.298301e+05
3.465000e+01    1.470649e+05    1.295128e+05
3.466000e+01    1.470898e+05    1.291955e+05
3.467000e+01    1.471146e+05    1.288782e+05
3.468000e+01    1.471395e+05    1.285610e+05
3.469000e+01    1.471644e+05    1.282437e+05
3.470000e+01    1.471893e+05    1.279264e+05
3.471000e+01    1.472142e+05    1.276092e+05
3.472000e+01    1.472391e+05    1.272919e+05
3.473000e+01    1.472639e+05    1.269746e+05
3.474000e+01    1.472888e+05    1.266574e+05
3.475000e+01    1.473137e+05    1.263401e+05
3.476000e+01    1.473386e+05    1.260228e+05
3.477000e+01    1.473635e+05    1.257056e+05
3.478000e+01    1.473884e+05    1.253883e+05
3.479000e+01    1.474132e+05    1.250710e+05
3.480000e+01    1.474381e+05    1.247538e+05
3.481000e+01    1.474630e+05    1.244365e+05
3.482000e+01    1.473741e+05    1.241157e+05
3.483000e+01    1.472342e+05    1.237933e+05
3.484000e+01    1.470944e+05    1.234709e+05
3.485000e+01    1.469545e+05    1.231485e+05
3.486000e+01    1.468147e+05    1.228261e+05
3.487000e+01    1.466748e+05    1.225037e+05
3.488000e+01    1.465350e+05    1.221813e+05
3.489000e+01    1.463951e+05    1.218589e+05
3.490000e+01    1.462553e+05    1.215365e+05
3.491000e+01    1.461154e+05    1.212141e+05
3.492000e+01    1.459756e+05    1.208917e+05
3.493000e+01    1.458357e+05    1.205693e+05
3.494000e+01    1.456959e+05    1.202469e+05
3.495000e+01    1.455560e+05    1.199245e+05
3.496000e+01    1.454162e+05    1.196021e+05
3.497000e+01    1.452763e+05    1.192797e+05
3.498000e+01    1.451365e+05    1.189573e+05
3.499000e+01    1.449966e+05    1.186349e+05
3.500000e+01    1.448568e+05    1.183125e+05
3.501000e+01    1.447169e+05    1.179901e+05
3.502000e+01    1.445771e+05    1.176677e+05
3.503000e+01    1.444372e+05    1.173453e+05
3.504000e+01    1.442974e+05    1.170229e+05
3.505000e+01    1.441575e+05    1.167005e+05
3.506000e+01    1.440177e+05    1.163781e+05
3.507000e+01    1.438662e+05    1.160648e+05
3.508000e+01    1.436020e+05    1.158401e+05
3.509000e+01    1.433377e+05    1.156153e+05
3.510000e+01    1.430735e+05    1.153906e+05
3.511000e+01    1.428093e+05    1.151658e+05
3.512000e+01    1.425450e+05    1.149411e+05
3.513000e+01    1.422809e+05    1.147163e+05
3.514000e+01    1.420167e+05    1.144916e+05
3.515000e+01    1.417526e+05    1.142668e+05
3.516000e+01    1.414884e+05    1.140421e+05
3.517000e+01    1.412243e+05    1.138173e+05
3.518000e+01    1.409601e+05    1.135926e+05
3.519000e+01    1.406960e+05    1.133678e+05
3.520000e+01    1.404318e+05    1.131431e+05
3.521000e+01    1.401677e+05    1.129183e+05
3.522000e+01    1.399035e+05    1.126936e+05
3.523000e+01    1.396394e+05    1.124688e+05
3.524000e+01    1.393752e+05    1.122441e+05
3.525000e+01    1.391110e+05    1.120193e+05
3.526000e+01    1.388469e+05    1.117946e+05
3.527000e+01    1.385827e+05    1.115699e+05
3.528000e+01    1.383186e+05    1.113451e+05
3.529000e+01    1.380544e+05    1.111204e+05
3.530000e+01    1.377903e+05    1.108956e+05
3.531000e+01    1.375261e+05    1.106709e+05
3.532000e+01    1.372620e+05    1.104461e+05
3.533000e+01    1.369786e+05    1.102888e+05
3.534000e+01    1.366755e+05    1.102002e+05
3.535000e+01    1.363725e+05    1.101117e+05
3.536000e+01    1.360695e+05    1.100231e+05
3.537000e+01    1.357664e+05    1.099345e+05
3.538000e+01    1.354634e+05    1.098459e+05
3.539000e+01    1.351604e+05    1.097574e+05
3.540000e+01    1.348573e+05    1.096688e+05
3.541000e+01    1.345543e+05    1.095802e+05
3.542000e+01    1.342513e+05    1.094917e+05
3.543000e+01    1.339482e+05    1.094031e+05
3.544000e+01    1.336452e+05    1.093145e+05
3.545000e+01    1.333422e+05    1.092260e+05
3.546000e+01    1.330391e+05    1.091374e+05
3.547000e+01    1.327361e+05    1.090488e+05
3.548000e+01    1.324331e+05    1.089602e+05
3.549000e+01    1.321300e+05    1.088717e+05
3.550000e+01    1.318270e+05    1.087831e+05
3.551000e+01    1.315239e+05    1.086945e+05
3.552000e+01    1.312209e+05    1.086060e+05
3.553000e+01    1.309179e+05    1.085174e+05
3.554000e+01    1.306148e+05    1.084288e+05
3.555000e+01    1.303118e+05    1.083403e+05
3.556000e+01    1.300088e+05    1.082517e+05
3.557000e+01    1.297057e+05    1.081631e+05
3.558000e+01    1.294027e+05    1.080746e+05
3.559000e+01    1.291294e+05    1.080908e+05
3.560000e+01    1.288595e+05    1.081189e+05
3.561000e+01    1.285896e+05    1.081471e+05
3.562000e+01    1.283197e+05    1.081753e+05
3.563000e+01    1.280498e+05    1.082035e+05
3.564000e+01    1.277799e+05    1.082317e+05
3.565000e+01    1.275100e+05    1.082599e+05
3.566000e+01    1.272401e+05    1.082881e+05
3.567000e+01    1.269702e+05    1.083163e+05
3.568000e+01    1.267003e+05    1.083445e+05
3.569000e+01    1.264304e+05    1.083727e+05
3.570000e+01    1.261605e+05    1.084009e+05
3.571000e+01    1.258906e+05    1.084290e+05
3.572000e+01    1.256208e+05    1.084572e+05
3.573000e+01    1.253509e+05    1.084854e+05
3.574000e+01    1.250810e+05    1.085136e+05
3.575000e+01    1.248111e+05    1.085418e+05
3.576000e+01    1.245412e+05    1.085700e+05
3.577000e+01    1.242713e+05    1.085982e+05
3.578000e+01    1.240014e+05    1.086264e+05
3.579000e+01    1.237315e+05    1.086546e+05
3.580000e+01    1.234616e+05    1.086828e+05
3.581000e+01    1.231917e+05    1.087110e+05
3.582000e+01    1.229218e+05    1.087391e+05
3.583000e+01    1.226519e+05    1.087673e+05
3.584000e+01    1.224038e+05    1.088181e+05
3.585000e+01    1.222065e+05    1.089217e+05
3.586000e+01    1.220093e+05    1.090253e+05
3.587000e+01    1.218120e+05    1.091289e+05
3.588000e+01    1.216148e+05    1.092325e+05
3.589000e+01    1.214175e+05    1.093361e+05
3.590000e+01    1.212202e+05    1.094397e+05
3.591000e+01    1.210230e+05    1.095433e+05
3.592000e+01    1.208257e+05    1.096469e+05
3.593000e+01    1.206285e+05    1.097505e+05
3.594000e+01    1.204312e+05    1.098541e+05
3.595000e+01    1.202340e+05    1.099577e+05
3.596000e+01    1.200367e+05    1.100613e+05
3.597000e+01    1.198394e+05    1.101649e+05
3.598000e+01    1.196422e+05    1.102685e+05
3.599000e+01    1.194449e+05    1.103721e+05
3.600000e+01    1.192477e+05    1.104757e+05
3.601000e+01    1.190504e+05    1.105793e+05
3.602000e+01    1.188532e+05    1.106829e+05
3.603000e+01    1.186559e+05    1.107865e+05
3.604000e+01    1.184586e+05    1.108901e+05
3.605000e+01    1.182614e+05    1.109937e+05
3.606000e+01    1.180642e+05    1.110973e+05
3.607000e+01    1.178670e+05    1.112008e+05
3.608000e+01    1.176698e+05    1.113044e+05
3.609000e+01    1.174727e+05    1.114079e+05
3.610000e+01    1.173395e+05    1.115322e+05
3.611000e+01    1.172335e+05    1.116652e+05
3.612000e+01    1.171276e+05    1.117983e+05
3.613000e+01    1.170216e+05    1.119314e+05
3.614000e+01    1.169157e+05    1.120644e+05
3.615000e+01    1.168097e+05    1.121975e+05
3.616000e+01    1.167038e+05    1.123306e+05
3.617000e+01    1.165978e+05    1.124636e+05
3.618000e+01    1.164919e+05    1.125967e+05
3.619000e+01    1.163859e+05    1.127298e+05
3.620000e+01    1.162800e+05    1.128628e+05
3.621000e+01    1.161740e+05    1.129959e+05
3.622000e+01    1.160681e+05    1.131290e+05
3.623000e+01    1.159621e+05    1.132620e+05
3.624000e+01    1.158562e+05    1.133951e+05
3.625000e+01    1.157502e+05    1.135282e+05
3.626000e+01    1.156443e+05    1.136612e+05
3.627000e+01    1.155383e+05    1.137943e+05
3.628000e+01    1.154324e+05    1.139274e+05
3.629000e+01    1.153264e+05    1.140605e+05
3.630000e+01    1.152205e+05    1.141935e+05
3.631000e+01    1.151145e+05    1.143266e+05
3.632000e+01    1.150086e+05    1.144597e+05
3.633000e+01    1.149026e+05    1.145927e+05
3.634000e+01    1.147967e+05    1.147258e+05
3.635000e+01    1.147000e+05    1.148562e+05
3.636000e+01    1.146837e+05    1.149638e+05
3.637000e+01    1.146673e+05    1.150714e+05
3.638000e+01    1.146510e+05    1.151790e+05
3.639000e+01    1.146346e+05    1.152865e+05
3.640000e+01    1.146183e+05    1.153941e+05
3.641000e+01    1.146020e+05    1.155017e+05
3.642000e+01    1.145856e+05    1.156093e+05
3.643000e+01    1.145693e+05    1.157168e+05
3.644000e+01    1.145529e+05    1.158244e+05
3.645000e+01    1.145366e+05    1.159320e+05
3.646000e+01    1.145202e+05    1.160396e+05
3.647000e+01    1.145039e+05    1.161472e+05
3.648000e+01    1.144875e+05    1.162547e+05
3.649000e+01    1.144712e+05    1.163623e+05
3.650000e+01    1.144548e+05    1.164699e+05
3.651000e+01    1.144385e+05    1.165775e+05
3.652000e+01    1.144221e+05    1.166851e+05
3.653000e+01    1.144058e+05    1.167926e+05
3.654000e+01    1.143896e+05    1.169001e+05
3.655000e+01    1.143733e+05    1.170076e+05
3.656000e+01    1.143570e+05    1.171151e+05
3.657000e+01    1.143407e+05    1.172226e+05
3.658000e+01    1.143244e+05    1.173300e+05
3.659000e+01    1.143081e+05    1.174375e+05
3.660000e+01    1.142918e+05    1.175450e+05
3.661000e+01    1.142999e+05    1.176121e+05
3.662000e+01    1.143317e+05    1.176398e+05
3.663000e+01    1.143635e+05    1.176674e+05
3.664000e+01    1.143953e+05    1.176951e+05
3.665000e+01    1.144271e+05    1.177227e+05
3.666000e+01    1.144589e+05    1.177504e+05
3.667000e+01    1.144907e+05    1.177780e+05
3.668000e+01    1.145225e+05    1.178057e+05
3.669000e+01    1.145543e+05    1.178333e+05
3.670000e+01    1.145860e+05    1.178610e+05
3.671000e+01    1.146178e+05    1.178886e+05
3.672000e+01    1.146496e+05    1.179163e+05
3.673000e+01    1.146814e+05    1.179439e+05
3.674000e+01    1.147132e+05    1.179716e+05
3.675000e+01    1.147450e+05    1.179992e+05
3.676000e+01    1.147768e+05    1.180269e+05
3.677000e+01    1.148086e+05    1.180545e+05
3.678000e+01    1.148404e+05    1.180822e+05
3.679000e+01    1.148722e+05    1.181098e+05
3.680000e+01    1.149040e+05    1.181375e+05
3.681000e+01    1.149358e+05    1.181651e+05
3.682000e+01    1.149676e+05    1.181928e+05
3.683000e+01    1.149994e+05    1.182204e+05
3.684000e+01    1.150312e+05    1.182481e+05
3.685000e+01    1.150630e+05    1.182757e+05
3.686000e+01    1.150948e+05    1.183034e+05
3.687000e+01    1.150943e+05    1.182484e+05
3.688000e+01    1.150904e+05    1.181852e+05
3.689000e+01    1.150866e+05    1.181219e+05
3.690000e+01    1.150828e+05    1.180586e+05
3.691000e+01    1.150790e+05    1.179953e+05
3.692000e+01    1.150752e+05    1.179320e+05
3.693000e+01    1.150713e+05    1.178687e+05
3.694000e+01    1.150675e+05    1.178054e+05
3.695000e+01    1.150637e+05    1.177421e+05
3.696000e+01    1.150599e+05    1.176789e+05
3.697000e+01    1.150561e+05    1.176156e+05
3.698000e+01    1.150522e+05    1.175523e+05
3.699000e+01    1.150484e+05    1.174890e+05
3.700000e+01    1.150446e+05    1.174256e+05
3.701000e+01    1.150408e+05    1.173622e+05
3.702000e+01    1.150370e+05    1.172989e+05
3.703000e+01    1.150332e+05    1.172355e+05
3.704000e+01    1.150294e+05    1.171721e+05
3.705000e+01    1.150256e+05    1.171087e+05
3.706000e+01    1.150218e+05    1.170453e+05
3.707000e+01    1.150180e+05    1.169820e+05
3.708000e+01    1.150142e+05    1.169186e+05
3.709000e+01    1.150104e+05    1.168552e+05
3.710000e+01    1.150066e+05    1.167918e+05
3.711000e+01    1.150028e+05    1.167284e+05
3.712000e+01    1.149647e+05    1.166584e+05
3.713000e+01    1.148504e+05    1.165736e+05
3.714000e+01    1.147361e+05    1.164887e+05
3.715000e+01    1.146217e+05    1.164039e+05
3.716000e+01    1.145074e+05    1.163191e+05
3.717000e+01    1.143931e+05    1.162342e+05
3.718000e+01    1.142788e+05    1.161494e+05
3.719000e+01    1.141645e+05    1.160646e+05
3.720000e+01    1.140502e+05    1.159797e+05
3.721000e+01    1.139358e+05    1.158949e+05
3.722000e+01    1.138215e+05    1.158101e+05
3.723000e+01    1.137072e+05    1.157252e+05
3.724000e+01    1.135929e+05    1.156404e+05
3.725000e+01    1.134786e+05    1.155556e+05
3.726000e+01    1.133642e+05    1.154707e+05
3.727000e+01    1.132499e+05    1.153859e+05
3.728000e+01    1.131356e+05    1.153011e+05
3.729000e+01    1.130213e+05    1.152162e+05
3.730000e+01    1.129070e+05    1.151314e+05
3.731000e+01    1.127926e+05    1.150466e+05
3.732000e+01    1.126783e+05    1.149617e+05
3.733000e+01    1.125640e+05    1.148769e+05
3.734000e+01    1.124497e+05    1.147921e+05
3.735000e+01    1.123354e+05    1.147072e+05
3.736000e+01    1.122210e+05    1.146224e+05
3.737000e+01    1.121067e+05    1.145376e+05
3.738000e+01    1.119225e+05    1.145242e+05
3.739000e+01    1.117099e+05    1.145398e+05
3.740000e+01    1.114974e+05    1.145554e+05
3.741000e+01    1.112849e+05    1.145709e+05
3.742000e+01    1.110723e+05    1.145865e+05
3.743000e+01    1.108598e+05    1.146021e+05
3.744000e+01    1.106472e+05    1.146176e+05
3.745000e+01    1.104347e+05    1.146332e+05
3.746000e+01    1.102222e+05    1.146487e+05
3.747000e+01    1.100096e+05    1.146642e+05
3.748000e+01    1.097971e+05    1.146797e+05
3.749000e+01    1.095845e+05    1.146952e+05
3.750000e+01    1.093720e+05    1.147107e+05
3.751000e+01    1.091594e+05    1.147261e+05
3.752000e+01    1.089469e+05    1.147416e+05
3.753000e+01    1.087343e+05    1.147571e+05
3.754000e+01    1.085218e+05    1.147726e+05
3.755000e+01    1.083092e+05    1.147881e+05
3.756000e+01    1.080967e+05    1.148035e+05
3.757000e+01    1.078841e+05    1.148190e+05
3.758000e+01    1.076716e+05    1.148345e+05
3.759000e+01    1.074590e+05    1.148500e+05
3.760000e+01    1.072464e+05    1.148655e+05
3.761000e+01    1.070339e+05    1.148810e+05
3.762000e+01    1.068213e+05    1.148964e+05
3.763000e+01    1.066119e+05    1.149319e+05
3.764000e+01    1.064266e+05    1.151222e+05
3.765000e+01    1.062412e+05    1.153124e+05
3.766000e+01    1.060559e+05    1.155027e+05
3.767000e+01    1.058705e+05    1.156929e+05
3.768000e+01    1.056852e+05    1.158832e+05
3.769000e+01    1.054998e+05    1.160735e+05
3.770000e+01    1.053145e+05    1.162637e+05
3.771000e+01    1.051292e+05    1.164540e+05
3.772000e+01    1.049438e+05    1.166442e+05
3.773000e+01    1.047585e+05    1.168345e+05
3.774000e+01    1.045731e+05    1.170247e+05
3.775000e+01    1.043878e+05    1.172150e+05
3.776000e+01    1.042024e+05    1.174053e+05
3.777000e+01    1.040171e+05    1.175955e+05
3.778000e+01    1.038318e+05    1.177858e+05
3.779000e+01    1.036464e+05    1.179760e+05
3.780000e+01    1.034611e+05    1.181663e+05
3.781000e+01    1.032757e+05    1.183566e+05
3.782000e+01    1.030904e+05    1.185468e+05
3.783000e+01    1.029050e+05    1.187371e+05
3.784000e+01    1.027197e+05    1.189273e+05
3.785000e+01    1.025344e+05    1.191176e+05
3.786000e+01    1.023490e+05    1.193078e+05
3.787000e+01    1.021637e+05    1.194981e+05
3.788000e+01    1.019783e+05    1.196884e+05
3.789000e+01    1.018888e+05    1.199349e+05
3.790000e+01    1.018891e+05    1.202341e+05
3.791000e+01    1.018893e+05    1.205333e+05
3.792000e+01    1.018896e+05    1.208325e+05
3.793000e+01    1.018898e+05    1.211317e+05
3.794000e+01    1.018900e+05    1.214309e+05
3.795000e+01    1.018902e+05    1.217300e+05
3.796000e+01    1.018905e+05    1.220292e+05
3.797000e+01    1.018907e+05    1.223283e+05
3.798000e+01    1.018909e+05    1.226275e+05
3.799000e+01    1.018911e+05    1.229266e+05
3.800000e+01    1.018913e+05    1.232258e+05
3.801000e+01    1.018915e+05    1.235249e+05
3.802000e+01    1.018917e+05    1.238241e+05
3.803000e+01    1.018919e+05    1.241232e+05
3.804000e+01    1.018921e+05    1.244224e+05
3.805000e+01    1.018923e+05    1.247215e+05
3.806000e+01    1.018925e+05    1.250207e+05
3.807000e+01    1.018928e+05    1.253199e+05
3.808000e+01    1.018930e+05    1.256190e+05
3.809000e+01    1.018932e+05    1.259182e+05
3.810000e+01    1.018934e+05    1.262173e+05
3.811000e+01    1.018936e+05    1.265165e+05
3.812000e+01    1.018938e+05    1.268156e+05
3.813000e+01    1.018940e+05    1.271148e+05
3.814000e+01    1.018942e+05    1.274139e+05
3.815000e+01    1.021113e+05    1.276374e+05
3.816000e+01    1.023477e+05    1.278542e+05
3.817000e+01    1.025840e+05    1.280710e+05
3.818000e+01    1.028203e+05    1.282878e+05
3.819000e+01    1.030567e+05    1.285046e+05
3.820000e+01    1.032930e+05    1.287214e+05
3.821000e+01    1.035294e+05    1.289382e+05
3.822000e+01    1.037657e+05    1.291550e+05
3.823000e+01    1.040020e+05    1.293718e+05
3.824000e+01    1.042384e+05    1.295886e+05
3.825000e+01    1.044747e+05    1.298054e+05
3.826000e+01    1.047110e+05    1.300222e+05
3.827000e+01    1.049474e+05    1.302390e+05
3.828000e+01    1.051837e+05    1.304558e+05
3.829000e+01    1.054200e+05    1.306725e+05
3.830000e+01    1.056564e+05    1.308893e+05
3.831000e+01    1.058927e+05    1.311061e+05
3.832000e+01    1.061290e+05    1.313229e+05
3.833000e+01    1.063654e+05    1.315397e+05
3.834000e+01    1.066017e+05    1.317565e+05
3.835000e+01    1.068380e+05    1.319733e+05
3.836000e+01    1.070744e+05    1.321901e+05
3.837000e+01    1.073107e+05    1.324069e+05
3.838000e+01    1.075470e+05    1.326237e+05
3.839000e+01    1.077834e+05    1.328405e+05
3.840000e+01    1.080521e+05    1.329740e+05
3.841000e+01    1.083892e+05    1.329312e+05
3.842000e+01    1.087264e+05    1.328883e+05
3.843000e+01    1.090636e+05    1.328455e+05
3.844000e+01    1.094007e+05    1.328027e+05
3.845000e+01    1.097379e+05    1.327598e+05
3.846000e+01    1.100751e+05    1.327170e+05
3.847000e+01    1.104123e+05    1.326741e+05
3.848000e+01    1.107494e+05    1.326313e+05
3.849000e+01    1.110866e+05    1.325885e+05
3.850000e+01    1.114238e+05    1.325456e+05
3.851000e+01    1.117610e+05    1.325028e+05
3.852000e+01    1.120981e+05    1.324600e+05
3.853000e+01    1.124353e+05    1.324171e+05
3.854000e+01    1.127725e+05    1.323743e+05
3.855000e+01    1.131096e+05    1.323314e+05
3.856000e+01    1.134468e+05    1.322886e+05
3.857000e+01    1.137840e+05    1.322458e+05
3.858000e+01    1.141212e+05    1.322029e+05
3.859000e+01    1.144583e+05    1.321601e+05
3.860000e+01    1.147955e+05    1.321173e+05
3.861000e+01    1.151327e+05    1.320744e+05
3.862000e+01    1.154699e+05    1.320316e+05
3.863000e+01    1.158070e+05    1.319887e+05
3.864000e+01    1.161442e+05    1.319459e+05
3.865000e+01    1.164814e+05    1.319031e+05
3.866000e+01    1.167143e+05    1.316702e+05
3.867000e+01    1.169072e+05    1.313644e+05
3.868000e+01    1.171001e+05    1.310587e+05
3.869000e+01    1.172930e+05    1.307529e+05
3.870000e+01    1.174860e+05    1.304472e+05
3.871000e+01    1.176789e+05    1.301414e+05
3.872000e+01    1.178718e+05    1.298357e+05
3.873000e+01    1.180647e+05    1.295299e+05
3.874000e+01    1.182577e+05    1.292242e+05
3.875000e+01    1.184506e+05    1.289184e+05
3.876000e+01    1.186435e+05    1.286127e+05
3.877000e+01    1.188364e+05    1.283069e+05
3.878000e+01    1.190293e+05    1.280012e+05
3.879000e+01    1.192223e+05    1.276954e+05
3.880000e+01    1.194152e+05    1.273897e+05
3.881000e+01    1.196081e+05    1.270839e+05
3.882000e+01    1.198010e+05    1.267782e+05
3.883000e+01    1.199940e+05    1.264725e+05
3.884000e+01    1.201869e+05    1.261667e+05
3.885000e+01    1.203798e+05    1.258610e+05
3.886000e+01    1.205727e+05    1.255552e+05
3.887000e+01    1.207656e+05    1.252494e+05
3.888000e+01    1.209585e+05    1.249437e+05
3.889000e+01    1.211514e+05    1.246379e+05
3.890000e+01    1.213442e+05    1.243322e+05
3.891000e+01    1.214984e+05    1.240192e+05
3.892000e+01    1.213814e+05    1.236555e+05
3.893000e+01    1.212644e+05    1.232919e+05
3.894000e+01    1.211474e+05    1.229282e+05
3.895000e+01    1.210303e+05    1.225646e+05
3.896000e+01    1.209133e+05    1.222010e+05
3.897000e+01    1.207963e+05    1.218373e+05
3.898000e+01    1.206793e+05    1.214737e+05
3.899000e+01    1.205623e+05    1.211100e+05
3.900000e+01    1.204453e+05    1.207464e+05
3.901000e+01    1.203283e+05    1.203828e+05
3.902000e+01    1.202113e+05    1.200191e+05
3.903000e+01    1.200943e+05    1.196555e+05
3.904000e+01    1.199773e+05    1.192919e+05
3.905000e+01    1.198603e+05    1.189282e+05
3.906000e+01    1.197433e+05    1.185646e+05
3.907000e+01    1.196263e+05    1.182009e+05
3.908000e+01    1.195093e+05    1.178373e+05
3.909000e+01    1.193923e+05    1.174737e+05
3.910000e+01    1.192752e+05    1.171100e+05
3.911000e+01    1.191582e+05    1.167464e+05
3.912000e+01    1.190412e+05    1.163827e+05
3.913000e+01    1.189242e+05    1.160191e+05
3.914000e+01    1.188072e+05    1.156555e+05
3.915000e+01    1.186902e+05    1.152918e+05
3.916000e+01    1.185732e+05    1.149282e+05
3.917000e+01    1.183258e+05    1.146768e+05
3.918000e+01    1.179615e+05    1.145260e+05
3.919000e+01    1.175972e+05    1.143753e+05
3.920000e+01    1.172330e+05    1.142246e+05
3.921000e+01    1.168687e+05    1.140738e+05
3.922000e+01    1.165044e+05    1.139231e+05
3.923000e+01    1.161401e+05    1.137724e+05
3.924000e+01    1.157758e+05    1.136216e+05
3.925000e+01    1.154115e+05    1.134709e+05
3.926000e+01    1.150472e+05    1.133202e+05
3.927000e+01    1.146829e+05    1.131694e+05
3.928000e+01    1.143186e+05    1.130187e+05
3.929000e+01    1.139543e+05    1.128680e+05
3.930000e+01    1.135900e+05    1.127172e+05
3.931000e+01    1.132257e+05    1.125665e+05
3.932000e+01    1.128614e+05    1.124157e+05
3.933000e+01    1.124971e+05    1.122650e+05
3.934000e+01    1.121328e+05    1.121143e+05
3.935000e+01    1.117684e+05    1.119635e+05
3.936000e+01    1.114041e+05    1.118128e+05
3.937000e+01    1.110397e+05    1.116621e+05
3.938000e+01    1.106754e+05    1.115113e+05
3.939000e+01    1.103111e+05    1.113606e+05
3.940000e+01    1.099467e+05    1.112099e+05
3.941000e+01    1.095824e+05    1.110591e+05
3.942000e+01    1.092180e+05    1.109084e+05
3.943000e+01    1.088670e+05    1.110682e+05
3.944000e+01    1.085170e+05    1.112517e+05
3.945000e+01    1.081670e+05    1.114352e+05
3.946000e+01    1.078170e+05    1.116186e+05
3.947000e+01    1.074671e+05    1.118021e+05
3.948000e+01    1.071171e+05    1.119855e+05
3.949000e+01    1.067671e+05    1.121690e+05
3.950000e+01    1.064171e+05    1.123524e+05
3.951000e+01    1.060671e+05    1.125359e+05
3.952000e+01    1.057171e+05    1.127194e+05
3.953000e+01    1.053671e+05    1.129028e+05
3.954000e+01    1.050171e+05    1.130863e+05
3.955000e+01    1.046672e+05    1.132697e+05
3.956000e+01    1.043172e+05    1.134532e+05
3.957000e+01    1.039672e+05    1.136366e+05
3.958000e+01    1.036172e+05    1.138201e+05
3.959000e+01    1.032672e+05    1.140036e+05
3.960000e+01    1.029172e+05    1.141870e+05
3.961000e+01    1.025672e+05    1.143705e+05
3.962000e+01    1.022172e+05    1.145539e+05
3.963000e+01    1.018673e+05    1.147374e+05
3.964000e+01    1.015173e+05    1.149208e+05
3.965000e+01    1.011673e+05    1.151043e+05
3.966000e+01    1.008173e+05    1.152877e+05
3.967000e+01    1.004673e+05    1.154712e+05
3.968000e+01    1.002090e+05    1.157204e+05
3.969000e+01    1.001357e+05    1.161021e+05
3.970000e+01    1.000624e+05    1.164838e+05
3.971000e+01    9.998905e+04    1.168656e+05
3.972000e+01    9.991573e+04    1.172473e+05
3.973000e+01    9.984240e+04    1.176290e+05
3.974000e+01    9.976908e+04    1.180107e+05
3.975000e+01    9.969575e+04    1.183924e+05
3.976000e+01    9.962243e+04    1.187742e+05
3.977000e+01    9.954910e+04    1.191559e+05
3.978000e+01    9.947726e+04    1.195391e+05
3.979000e+01    9.940643e+04    1.199234e+05
3.980000e+01    9.933560e+04    1.203076e+05
3.981000e+01    9.926471e+04    1.206918e+05
3.982000e+01    9.919383e+04    1.210761e+05
3.983000e+01    9.912294e+04    1.214604e+05
3.984000e+01    9.905205e+04    1.218446e+05
3.985000e+01    9.898117e+04    1.222289e+05
3.986000e+01    9.891028e+04    1.226131e+05
3.987000e+01    9.883940e+04    1.229974e+05
3.988000e+01    9.876851e+04    1.233817e+05
3.989000e+01    9.869762e+04    1.237659e+05
3.990000e+01    9.862674e+04    1.241502e+05
3.991000e+01    9.855585e+04    1.245344e+05
3.992000e+01    9.848497e+04    1.249187e+05
3.993000e+01    9.841408e+04    1.253030e+05
3.994000e+01    9.858530e+04    1.256165e+05
3.995000e+01    9.884444e+04    1.259044e+05
3.996000e+01    9.910357e+04    1.261922e+05
3.997000e+01    9.936271e+04    1.264801e+05
3.998000e+01    9.962185e+04    1.267679e+05
3.999000e+01    9.988098e+04    1.270558e+05
4.000000e+01    1.001401e+05    1.273437e+05
4.001000e+01    1.003993e+05    1.276315e+05
4.002000e+01    1.006584e+05    1.279194e+05
4.003000e+01    1.009175e+05    1.282073e+05
4.004000e+01    1.011767e+05    1.284951e+05
4.005000e+01    1.014358e+05    1.287830e+05
4.006000e+01    1.016949e+05    1.290708e+05
4.007000e+01    1.019541e+05    1.293587e+05
4.008000e+01    1.022132e+05    1.296466e+05
4.009000e+01    1.024724e+05    1.299344e+05
4.010000e+01    1.027315e+05    1.302223e+05
4.011000e+01    1.029906e+05    1.305102e+05
4.012000e+01    1.032498e+05    1.307980e+05
4.013000e+01    1.035089e+05    1.310859e+05
4.014000e+01    1.037680e+05    1.313737e+05
4.015000e+01    1.040272e+05    1.316616e+05
4.016000e+01    1.042863e+05    1.319495e+05
4.017000e+01    1.045454e+05    1.322373e+05
4.018000e+01    1.048046e+05    1.325252e+05
4.019000e+01    1.050812e+05    1.327697e+05
4.020000e+01    1.054688e+05    1.327378e+05
4.021000e+01    1.058565e+05    1.327059e+05
4.022000e+01    1.062442e+05    1.326740e+05
4.023000e+01    1.066319e+05    1.326422e+05
4.024000e+01    1.070195e+05    1.326103e+05
4.025000e+01    1.074072e+05    1.325784e+05
4.026000e+01    1.077949e+05    1.325465e+05
4.027000e+01    1.081826e+05    1.325147e+05
4.028000e+01    1.085702e+05    1.324829e+05
4.029000e+01    1.089578e+05    1.324510e+05
4.030000e+01    1.093455e+05    1.324192e+05
4.031000e+01    1.097331e+05    1.323874e+05
4.032000e+01    1.101207e+05    1.323556e+05
4.033000e+01    1.105084e+05    1.323237e+05
4.034000e+01    1.108960e+05    1.322919e+05
4.035000e+01    1.112836e+05    1.322601e+05
4.036000e+01    1.116713e+05    1.322283e+05
4.037000e+01    1.120589e+05    1.321965e+05
4.038000e+01    1.124465e+05    1.321646e+05
4.039000e+01    1.128342e+05    1.321328e+05
4.040000e+01    1.132218e+05    1.321010e+05
4.041000e+01    1.136094e+05    1.320692e+05
4.042000e+01    1.139971e+05    1.320373e+05
4.043000e+01    1.143847e+05    1.320055e+05
4.044000e+01    1.147723e+05    1.319737e+05
4.045000e+01    1.150684e+05    1.317818e+05
4.046000e+01    1.152858e+05    1.314524e+05
4.047000e+01    1.155032e+05    1.311230e+05
4.048000e+01    1.157205e+05    1.307936e+05
4.049000e+01    1.159379e+05    1.304642e+05
4.050000e+01    1.161553e+05    1.301348e+05
4.051000e+01    1.163727e+05    1.298054e+05
4.052000e+01    1.165902e+05    1.294761e+05
4.053000e+01    1.168077e+05    1.291468e+05
4.054000e+01    1.170252e+05    1.288176e+05
4.055000e+01    1.172427e+05    1.284883e+05
4.056000e+01    1.174602e+05    1.281590e+05
4.057000e+01    1.176777e+05    1.278298e+05
4.058000e+01    1.178952e+05    1.275005e+05
4.059000e+01    1.181127e+05    1.271712e+05
4.060000e+01    1.183303e+05    1.268420e+05
4.061000e+01    1.185478e+05    1.265127e+05
4.062000e+01    1.187653e+05    1.261835e+05
4.063000e+01    1.189828e+05    1.258542e+05
4.064000e+01    1.192003e+05    1.255249e+05
4.065000e+01    1.194178e+05    1.251957e+05
4.066000e+01    1.196353e+05    1.248664e+05
4.067000e+01    1.198528e+05    1.245371e+05
4.068000e+01    1.200704e+05    1.242079e+05
4.069000e+01    1.202879e+05    1.238786e+05
4.070000e+01    1.205054e+05    1.235493e+05
4.071000e+01    1.204080e+05    1.231715e+05
4.072000e+01    1.202905e+05    1.227905e+05
4.073000e+01    1.201731e+05    1.224096e+05
4.074000e+01    1.200556e+05    1.220287e+05
4.075000e+01    1.199381e+05    1.216478e+05
4.076000e+01    1.198206e+05    1.212670e+05
4.077000e+01    1.197032e+05    1.208861e+05
4.078000e+01    1.195857e+05    1.205052e+05
4.079000e+01    1.194682e+05    1.201244e+05
4.080000e+01    1.193507e+05    1.197435e+05
4.081000e+01    1.192332e+05    1.193626e+05
4.082000e+01    1.191158e+05    1.189818e+05
4.083000e+01    1.189983e+05    1.186009e+05
4.084000e+01    1.188808e+05    1.182200e+05
4.085000e+01    1.187633e+05    1.178392e+05
4.086000e+01    1.186458e+05    1.174583e+05
4.087000e+01    1.185284e+05    1.170774e+05
4.088000e+01    1.184109e+05    1.166966e+05
4.089000e+01    1.182934e+05    1.163157e+05
4.090000e+01    1.181759e+05    1.159348e+05
4.091000e+01    1.180584e+05    1.155539e+05
4.092000e+01    1.179410e+05    1.151731e+05
4.093000e+01    1.178235e+05    1.147922e+05
4.094000e+01    1.177060e+05    1.144113e+05
4.095000e+01    1.175885e+05    1.140305e+05
4.096000e+01    1.173867e+05    1.137264e+05
4.097000e+01    1.170227e+05    1.135700e+05
4.098000e+01    1.166587e+05    1.134136e+05
4.099000e+01    1.162947e+05    1.132572e+05
4.100000e+01    1.159307e+05    1.131007e+05
4.101000e+01    1.155667e+05    1.129443e+05
4.102000e+01    1.152027e+05    1.127879e+05
4.103000e+01    1.148387e+05    1.126315e+05
4.104000e+01    1.144747e+05    1.124751e+05
4.105000e+01    1.141107e+05    1.123187e+05
4.106000e+01    1.137467e+05    1.121622e+05
4.107000e+01    1.133827e+05    1.120058e+05
4.108000e+01    1.130187e+05    1.118494e+05
4.109000e+01    1.126547e+05    1.116930e+05
4.110000e+01    1.122906e+05    1.115366e+05
4.111000e+01    1.119266e+05    1.113802e+05
4.112000e+01    1.115626e+05    1.112238e+05
4.113000e+01    1.111986e+05    1.110673e+05
4.114000e+01    1.108346e+05    1.109109e+05
4.115000e+01    1.104706e+05    1.107545e+05
4.116000e+01    1.101066e+05    1.105981e+05
4.117000e+01    1.097426e+05    1.104417e+05
4.118000e+01    1.093786e+05    1.102853e+05
4.119000e+01    1.090146e+05    1.101288e+05
4.120000e+01    1.086506e+05    1.099724e+05
4.121000e+01    1.082866e+05    1.098160e+05
4.122000e+01    1.079346e+05    1.099023e+05
4.123000e+01    1.075867e+05    1.100719e+05
4.124000e+01    1.072388e+05    1.102416e+05
4.125000e+01    1.068909e+05    1.104112e+05
4.126000e+01    1.065430e+05    1.105808e+05
4.127000e+01    1.061951e+05    1.107505e+05
4.128000e+01    1.058472e+05    1.109201e+05
4.129000e+01    1.054993e+05    1.110897e+05
4.130000e+01    1.051514e+05    1.112593e+05
4.131000e+01    1.048035e+05    1.114290e+05
4.132000e+01    1.044556e+05    1.115986e+05
4.133000e+01    1.041077e+05    1.117682e+05
4.134000e+01    1.037598e+05    1.119378e+05
4.135000e+01    1.034119e+05    1.121075e+05
4.136000e+01    1.030640e+05    1.122771e+05
4.137000e+01    1.027161e+05    1.124467e+05
4.138000e+01    1.023682e+05    1.126164e+05
4.139000e+01    1.020203e+05    1.127860e+05
4.140000e+01    1.016724e+05    1.129556e+05
4.141000e+01    1.013245e+05    1.131252e+05
4.142000e+01    1.009766e+05    1.132949e+05
4.143000e+01    1.006287e+05    1.134645e+05
4.144000e+01    1.002808e+05    1.136341e+05
4.145000e+01    9.993292e+04    1.138037e+05
4.146000e+01    9.958502e+04    1.139734e+05
4.147000e+01    9.927406e+04    1.141713e+05
4.148000e+01    9.917838e+04    1.145341e+05
4.149000e+01    9.908271e+04    1.148969e+05
4.150000e+01    9.898703e+04    1.152598e+05
4.151000e+01    9.889135e+04    1.156226e+05
4.152000e+01    9.879568e+04    1.159854e+05
4.153000e+01    9.870000e+04    1.163482e+05
4.154000e+01    9.860433e+04    1.167111e+05
4.155000e+01    9.850865e+04    1.170739e+05
4.156000e+01    9.841297e+04    1.174367e+05
4.157000e+01    9.831730e+04    1.177995e+05
4.158000e+01    9.822162e+04    1.181623e+05
4.159000e+01    9.812595e+04    1.185252e+05
4.160000e+01    9.803027e+04    1.188880e+05
4.161000e+01    9.793460e+04    1.192508e+05
4.162000e+01    9.783892e+04    1.196136e+05
4.163000e+01    9.774324e+04    1.199765e+05
4.164000e+01    9.764757e+04    1.203393e+05
4.165000e+01    9.755189e+04    1.207021e+05
4.166000e+01    9.745622e+04    1.210649e+05
4.167000e+01    9.736054e+04    1.214278e+05
4.168000e+01    9.726490e+04    1.217906e+05
4.169000e+01    9.716926e+04    1.221535e+05
4.170000e+01    9.707363e+04    1.225163e+05
4.171000e+01    9.697800e+04    1.228792e+05
4.172000e+01    9.688237e+04    1.232421e+05
4.173000e+01    9.695196e+04    1.235718e+05
4.174000e+01    9.715750e+04    1.238743e+05
4.175000e+01    9.736305e+04    1.241768e+05
4.176000e+01    9.756859e+04    1.244793e+05
4.177000e+01    9.777414e+04    1.247817e+05
4.178000e+01    9.797969e+04    1.250842e+05
4.179000e+01    9.818523e+04    1.253867e+05
4.180000e+01    9.839078e+04    1.256892e+05
4.181000e+01    9.859633e+04    1.259916e+05
4.182000e+01    9.880187e+04    1.262941e+05
4.183000e+01    9.900742e+04    1.265966e+05
4.184000e+01    9.921297e+04    1.268991e+05
4.185000e+01    9.941851e+04    1.272016e+05
4.186000e+01    9.962406e+04    1.275040e+05
4.187000e+01    9.982961e+04    1.278065e+05
4.188000e+01    1.000352e+05    1.281090e+05
4.189000e+01    1.002407e+05    1.284115e+05
4.190000e+01    1.004462e+05    1.287139e+05
4.191000e+01    1.006518e+05    1.290164e+05
4.192000e+01    1.008573e+05    1.293189e+05
4.193000e+01    1.010629e+05    1.296214e+05
4.194000e+01    1.012684e+05    1.299239e+05
4.195000e+01    1.014740e+05    1.302263e+05
4.196000e+01    1.016795e+05    1.305288e+05
4.197000e+01    1.018851e+05    1.308313e+05
4.198000e+01    1.020906e+05    1.311338e+05
4.199000e+01    1.024401e+05    1.311957e+05
4.200000e+01    1.027970e+05    1.312451e+05
4.201000e+01    1.031539e+05    1.312945e+05
4.202000e+01    1.035108e+05    1.313439e+05
4.203000e+01    1.038677e+05    1.313933e+05
4.204000e+01    1.042246e+05    1.314427e+05
4.205000e+01    1.045815e+05    1.314922e+05
4.206000e+01    1.049384e+05    1.315416e+05
4.207000e+01    1.052954e+05    1.315910e+05
4.208000e+01    1.056523e+05    1.316404e+05
4.209000e+01    1.060092e+05    1.316898e+05
4.210000e+01    1.063661e+05    1.317393e+05
4.211000e+01    1.067230e+05    1.317887e+05
4.212000e+01    1.070799e+05    1.318381e+05
4.213000e+01    1.074368e+05    1.318875e+05
4.214000e+01    1.077937e+05    1.319369e+05
4.215000e+01    1.081507e+05    1.319864e+05
4.216000e+01    1.085077e+05    1.320358e+05
4.217000e+01    1.088646e+05    1.320852e+05
4.218000e+01    1.092216e+05    1.321347e+05
4.219000e+01    1.095785e+05    1.321841e+05
4.220000e+01    1.099355e+05    1.322336e+05
4.221000e+01    1.102925e+05    1.322830e+05
4.222000e+01    1.106494e+05    1.323325e+05
4.223000e+01    1.110064e+05    1.323819e+05
4.224000e+01    1.113362e+05    1.323358e+05
4.225000e+01    1.116162e+05    1.321144e+05
4.226000e+01    1.118963e+05    1.318930e+05
4.227000e+01    1.121763e+05    1.316716e+05
4.228000e+01    1.124563e+05    1.314502e+05
4.229000e+01    1.127363e+05    1.312288e+05
4.230000e+01    1.130164e+05    1.310074e+05
4.231000e+01    1.132964e+05    1.307860e+05
4.232000e+01    1.135764e+05    1.305646e+05
4.233000e+01    1.138564e+05    1.303432e+05
4.234000e+01    1.141365e+05    1.301218e+05
4.235000e+01    1.144165e+05    1.299004e+05
4.236000e+01    1.146965e+05    1.296790e+05
4.237000e+01    1.149766e+05    1.294576e+05
4.238000e+01    1.152566e+05    1.292361e+05
4.239000e+01    1.155366e+05    1.290147e+05
4.240000e+01    1.158166e+05    1.287933e+05
4.241000e+01    1.160967e+05    1.285719e+05
4.242000e+01    1.163767e+05    1.283505e+05
4.243000e+01    1.166567e+05    1.281291e+05
4.244000e+01    1.169367e+05    1.279077e+05
4.245000e+01    1.172168e+05    1.276863e+05
4.246000e+01    1.174968e+05    1.274649e+05
4.247000e+01    1.177768e+05    1.272435e+05
4.248000e+01    1.180568e+05    1.270221e+05
4.249000e+01    1.183369e+05    1.268007e+05
4.250000e+01    1.184385e+05    1.264828e+05
4.251000e+01    1.184823e+05    1.261337e+05
4.252000e+01    1.185260e+05    1.257845e+05
4.253000e+01    1.185698e+05    1.254353e+05
4.254000e+01    1.186136e+05    1.250861e+05
4.255000e+01    1.186573e+05    1.247369e+05
4.256000e+01    1.187011e+05    1.243877e+05
4.257000e+01    1.187449e+05    1.240385e+05
4.258000e+01    1.187886e+05    1.236893e+05
4.259000e+01    1.188324e+05    1.233401e+05
4.260000e+01    1.188761e+05    1.229909e+05
4.261000e+01    1.189199e+05    1.226417e+05
4.262000e+01    1.189637e+05    1.222925e+05
4.263000e+01    1.190075e+05    1.219434e+05
4.264000e+01    1.190514e+05    1.215942e+05
4.265000e+01    1.190952e+05    1.212450e+05
4.266000e+01    1.191390e+05    1.208958e+05
4.267000e+01    1.191828e+05    1.205466e+05
4.268000e+01    1.192266e+05    1.201974e+05
4.269000e+01    1.192704e+05    1.198482e+05
4.270000e+01    1.193143e+05    1.194991e+05
4.271000e+01    1.193581e+05    1.191499e+05
4.272000e+01    1.194019e+05    1.188007e+05
4.273000e+01    1.194457e+05    1.184515e+05
4.274000e+01    1.194895e+05    1.181023e+05
4.275000e+01    1.194945e+05    1.177645e+05
4.276000e+01    1.192910e+05    1.174881e+05
4.277000e+01    1.190875e+05    1.172116e+05
4.278000e+01    1.188841e+05    1.169352e+05
4.279000e+01    1.186806e+05    1.166587e+05
4.280000e+01    1.184771e+05    1.163823e+05
4.281000e+01    1.182736e+05    1.161058e+05
4.282000e+01    1.180702e+05    1.158294e+05
4.283000e+01    1.178667e+05    1.155529e+05
4.284000e+01    1.176632e+05    1.152765e+05
4.285000e+01    1.174598e+05    1.150000e+05
4.286000e+01    1.172563e+05    1.147236e+05
4.287000e+01    1.170528e+05    1.144471e+05
4.288000e+01    1.168493e+05    1.141707e+05
4.289000e+01    1.166459e+05    1.138942e+05
4.290000e+01    1.164424e+05    1.136178e+05
4.291000e+01    1.162389e+05    1.133413e+05
4.292000e+01    1.160355e+05    1.130649e+05
4.293000e+01    1.158320e+05    1.127884e+05
4.294000e+01    1.156285e+05    1.125119e+05
4.295000e+01    1.154250e+05    1.122355e+05
4.296000e+01    1.152216e+05    1.119590e+05
4.297000e+01    1.150181e+05    1.116826e+05
4.298000e+01    1.148146e+05    1.114061e+05
4.299000e+01    1.146112e+05    1.111297e+05
4.300000e+01    1.144077e+05    1.108532e+05
4.301000e+01    1.141350e+05    1.106987e+05
4.302000e+01    1.138078e+05    1.106403e+05
4.303000e+01    1.134805e+05    1.105819e+05
4.304000e+01    1.131533e+05    1.105235e+05
4.305000e+01    1.128260e+05    1.104650e+05
4.306000e+01    1.124988e+05    1.104066e+05
4.307000e+01    1.121716e+05    1.103482e+05
4.308000e+01    1.118443e+05    1.102898e+05
4.309000e+01    1.115172e+05    1.102314e+05
4.310000e+01    1.111900e+05    1.101729e+05
4.311000e+01    1.108628e+05    1.101145e+05
4.312000e+01    1.105356e+05    1.100561e+05
4.313000e+01    1.102084e+05    1.099977e+05
4.314000e+01    1.098812e+05    1.099392e+05
4.315000e+01    1.095540e+05    1.098808e+05
4.316000e+01    1.092268e+05    1.098224e+05
4.317000e+01    1.088997e+05    1.097640e+05
4.318000e+01    1.085725e+05    1.097055e+05
4.319000e+01    1.082453e+05    1.096471e+05
4.320000e+01    1.079181e+05    1.095887e+05
4.321000e+01    1.075909e+05    1.095303e+05
4.322000e+01    1.072637e+05    1.094718e+05
4.323000e+01    1.069365e+05    1.094134e+05
4.324000e+01    1.066093e+05    1.093550e+05
4.325000e+01    1.062821e+05    1.092966e+05
4.326000e+01    1.059550e+05    1.092381e+05
4.327000e+01    1.056855e+05    1.094117e+05
4.328000e+01    1.054184e+05    1.095946e+05
4.329000e+01    1.051513e+05    1.097774e+05
4.330000e+01    1.048842e+05    1.099603e+05
4.331000e+01    1.046170e+05    1.101432e+05
4.332000e+01    1.043499e+05    1.103260e+05
4.333000e+01    1.040828e+05    1.105089e+05
4.334000e+01    1.038157e+05    1.106918e+05
4.335000e+01    1.035485e+05    1.108746e+05
4.336000e+01    1.032814e+05    1.110575e+05
4.337000e+01    1.030143e+05    1.112404e+05
4.338000e+01    1.027472e+05    1.114232e+05
4.339000e+01    1.024801e+05    1.116061e+05
4.340000e+01    1.022129e+05    1.117890e+05
4.341000e+01    1.019458e+05    1.119718e+05
4.342000e+01    1.016787e+05    1.121547e+05
4.343000e+01    1.014116e+05    1.123376e+05
4.344000e+01    1.011444e+05    1.125204e+05
4.345000e+01    1.008773e+05    1.127033e+05
4.346000e+01    1.006102e+05    1.128862e+05
4.347000e+01    1.003431e+05    1.130691e+05
4.348000e+01    1.000760e+05    1.132519e+05
4.349000e+01    9.980883e+04    1.134348e+05
4.350000e+01    9.954171e+04    1.136177e+05
4.351000e+01    9.927459e+04    1.138005e+05
4.352000e+01    9.908472e+04    1.140326e+05
4.353000e+01    9.903010e+04    1.143509e+05
4.354000e+01    9.897548e+04    1.146692e+05
4.355000e+01    9.892087e+04    1.149875e+05
4.356000e+01    9.886630e+04    1.153057e+05
4.357000e+01    9.881172e+04    1.156240e+05
4.358000e+01    9.875715e+04    1.159422e+05
4.359000e+01    9.870258e+04    1.162605e+05
4.360000e+01    9.864800e+04    1.165788e+05
4.361000e+01    9.859343e+04    1.168970e+05
4.362000e+01    9.853885e+04    1.172153e+05
4.363000e+01    9.848428e+04    1.175335e+05
4.364000e+01    9.842970e+04    1.178518e+05
4.365000e+01    9.837513e+04    1.181701e+05
4.366000e+01    9.832056e+04    1.184883e+05
4.367000e+01    9.826598e+04    1.188066e+05
4.368000e+01    9.821141e+04    1.191248e+05
4.369000e+01    9.815683e+04    1.194431e+05
4.370000e+01    9.810226e+04    1.197614e+05
4.371000e+01    9.804769e+04    1.200796e+05
4.372000e+01    9.799311e+04    1.203979e+05
4.373000e+01    9.793854e+04    1.207161e+05
4.374000e+01    9.788396e+04    1.210344e+05
4.375000e+01    9.782939e+04    1.213526e+05
4.376000e+01    9.777481e+04    1.216709e+05
4.377000e+01    9.772024e+04    1.219892e+05
4.378000e+01    9.786090e+04    1.222680e+05
4.379000e+01    9.806132e+04    1.225347e+05
4.380000e+01    9.826173e+04    1.228014e+05
4.381000e+01    9.846214e+04    1.230681e+05
4.382000e+01    9.866255e+04    1.233349e+05
4.383000e+01    9.886296e+04    1.236016e+05
4.384000e+01    9.906338e+04    1.238683e+05
4.385000e+01    9.926379e+04    1.241350e+05
4.386000e+01    9.946420e+04    1.244018e+05
4.387000e+01    9.966461e+04    1.246685e+05
4.388000e+01    9.986502e+04    1.249352e+05
4.389000e+01    1.000654e+05    1.252019e+05
4.390000e+01    1.002658e+05    1.254687e+05
4.391000e+01    1.004663e+05    1.257354e+05
4.392000e+01    1.006667e+05    1.260021e+05
4.393000e+01    1.008671e+05    1.262688e+05
4.394000e+01    1.010675e+05    1.265356e+05
4.395000e+01    1.012679e+05    1.268023e+05
4.396000e+01    1.014683e+05    1.270690e+05
4.397000e+01    1.016687e+05    1.273357e+05
4.398000e+01    1.018691e+05    1.276025e+05
4.399000e+01    1.020696e+05    1.278692e+05
4.400000e+01    1.022700e+05    1.281359e+05
4.401000e+01    1.024704e+05    1.284026e+05
4.402000e+01    1.026708e+05    1.286693e+05
4.403000e+01    1.028967e+05    1.288981e+05
4.404000e+01    1.032485e+05    1.289389e+05
4.405000e+01    1.036004e+05    1.289797e+05
4.406000e+01    1.039522e+05    1.290205e+05
4.407000e+01    1.043040e+05    1.290613e+05
4.408000e+01    1.046559e+05    1.291021e+05
4.409000e+01    1.050077e+05    1.291429e+05
4.410000e+01    1.053595e+05    1.291836e+05
4.411000e+01    1.057114e+05    1.292244e+05
4.412000e+01    1.060632e+05    1.292652e+05
4.413000e+01    1.064151e+05    1.293060e+05
4.414000e+01    1.067669e+05    1.293468e+05
4.415000e+01    1.071187e+05    1.293876e+05
4.416000e+01    1.074706e+05    1.294284e+05
4.417000e+01    1.078224e+05    1.294692e+05
4.418000e+01    1.081743e+05    1.295100e+05
4.419000e+01    1.085261e+05    1.295508e+05
4.420000e+01    1.088779e+05    1.295915e+05
4.421000e+01    1.092298e+05    1.296323e+05
4.422000e+01    1.095816e+05    1.296731e+05
4.423000e+01    1.099334e+05    1.297139e+05
4.424000e+01    1.102853e+05    1.297547e+05
4.425000e+01    1.106371e+05    1.297955e+05
4.426000e+01    1.109890e+05    1.298363e+05
4.427000e+01    1.113408e+05    1.298771e+05
4.428000e+01    1.116926e+05    1.299179e+05
4.429000e+01    1.120106e+05    1.297993e+05
4.430000e+01    1.123030e+05    1.295604e+05
4.431000e+01    1.125955e+05    1.293216e+05
4.432000e+01    1.128879e+05    1.290828e+05
4.433000e+01    1.131803e+05    1.288439e+05
4.434000e+01    1.134728e+05    1.286051e+05
4.435000e+01    1.137652e+05    1.283662e+05
4.436000e+01    1.140576e+05    1.281274e+05
4.437000e+01    1.143500e+05    1.278886e+05
4.438000e+01    1.146425e+05    1.276497e+05
4.439000e+01    1.149349e+05    1.274109e+05
4.440000e+01    1.152273e+05    1.271720e+05
4.441000e+01    1.155197e+05    1.269332e+05
4.442000e+01    1.158122e+05    1.266944e+05
4.443000e+01    1.161046e+05    1.264555e+05
4.444000e+01    1.163970e+05    1.262167e+05
4.445000e+01    1.166894e+05    1.259778e+05
4.446000e+01    1.169819e+05    1.257390e+05
4.447000e+01    1.172743e+05    1.255002e+05
4.448000e+01    1.175667e+05    1.252613e+05
4.449000e+01    1.178592e+05    1.250224e+05
4.450000e+01    1.181516e+05    1.247835e+05
4.451000e+01    1.184441e+05    1.245446e+05
4.452000e+01    1.187365e+05    1.243058e+05
4.453000e+01    1.190290e+05    1.240669e+05
4.454000e+01    1.193214e+05    1.238280e+05
4.455000e+01    1.193632e+05    1.234386e+05
4.456000e+01    1.193979e+05    1.230449e+05
4.457000e+01    1.194325e+05    1.226512e+05
4.458000e+01    1.194671e+05    1.222575e+05
4.459000e+01    1.195018e+05    1.218638e+05
4.460000e+01    1.195364e+05    1.214701e+05
4.461000e+01    1.195710e+05    1.210764e+05
4.462000e+01    1.196056e+05    1.206827e+05
4.463000e+01    1.196403e+05    1.202890e+05
4.464000e+01    1.196749e+05    1.198953e+05
4.465000e+01    1.197095e+05    1.195016e+05
4.466000e+01    1.197442e+05    1.191079e+05
4.467000e+01    1.197788e+05    1.187142e+05
4.468000e+01    1.198134e+05    1.183205e+05
4.469000e+01    1.198480e+05    1.179268e+05
4.470000e+01    1.198827e+05    1.175331e+05
4.471000e+01    1.199173e+05    1.171394e+05
4.472000e+01    1.199519e+05    1.167457e+05
4.473000e+01    1.199866e+05    1.163520e+05
4.474000e+01    1.200212e+05    1.159583e+05
4.475000e+01    1.200558e+05    1.155647e+05
4.476000e+01    1.200904e+05    1.151710e+05
4.477000e+01    1.201251e+05    1.147773e+05
4.478000e+01    1.201597e+05    1.143836e+05
4.479000e+01    1.201943e+05    1.139899e+05
4.480000e+01    1.201161e+05    1.136312e+05
4.481000e+01    1.198491e+05    1.133310e+05
4.482000e+01    1.195822e+05    1.130309e+05
4.483000e+01    1.193152e+05    1.127308e+05
4.484000e+01    1.190482e+05    1.124306e+05
4.485000e+01    1.187813e+05    1.121305e+05
4.486000e+01    1.185143e+05    1.118304e+05
4.487000e+01    1.182473e+05    1.115302e+05
4.488000e+01    1.179804e+05    1.112301e+05
4.489000e+01    1.177134e+05    1.109300e+05
4.490000e+01    1.174464e+05    1.106298e+05
4.491000e+01    1.171795e+05    1.103297e+05
4.492000e+01    1.169125e+05    1.100296e+05
4.493000e+01    1.166455e+05    1.097294e+05
4.494000e+01    1.163786e+05    1.094293e+05
4.495000e+01    1.161116e+05    1.091291e+05
4.496000e+01    1.158446e+05    1.088290e+05
4.497000e+01    1.155777e+05    1.085288e+05
4.498000e+01    1.153107e+05    1.082286e+05
4.499000e+01    1.150437e+05    1.079284e+05
4.500000e+01    1.147767e+05    1.076282e+05
4.501000e+01    1.145098e+05    1.073280e+05
4.502000e+01    1.142428e+05    1.070278e+05
4.503000e+01    1.139758e+05    1.067276e+05
4.504000e+01    1.137089e+05    1.064274e+05
4.505000e+01    1.134419e+05    1.061272e+05
4.506000e+01    1.130726e+05    1.060626e+05
4.507000e+01    1.126738e+05    1.060658e+05
4.508000e+01    1.122750e+05    1.060690e+05
4.509000e+01    1.118762e+05    1.060722e+05
4.510000e+01    1.114774e+05    1.060754e+05
4.511000e+01    1.110786e+05    1.060787e+05
4.512000e+01    1.106798e+05    1.060819e+05
4.513000e+01    1.102810e+05    1.060851e+05
4.514000e+01    1.098823e+05    1.060883e+05
4.515000e+01    1.094835e+05    1.060916e+05
4.516000e+01    1.090847e+05    1.060948e+05
4.517000e+01    1.086859e+05    1.060980e+05
4.518000e+01    1.082871e+05    1.061012e+05
4.519000e+01    1.078883e+05    1.061045e+05
4.520000e+01    1.074895e+05    1.061077e+05
4.521000e+01    1.070907e+05    1.061109e+05
4.522000e+01    1.066919e+05    1.061141e+05
4.523000e+01    1.062932e+05    1.061174e+05
4.524000e+01    1.058944e+05    1.061206e+05
4.525000e+01    1.054956e+05    1.061238e+05
4.526000e+01    1.050968e+05    1.061270e+05
4.527000e+01    1.046980e+05    1.061303e+05
4.528000e+01    1.042992e+05    1.061335e+05
4.529000e+01    1.039004e+05    1.061367e+05
4.530000e+01    1.035016e+05    1.061399e+05
4.531000e+01    1.031305e+05    1.061983e+05
4.532000e+01    1.028868e+05    1.065107e+05
4.533000e+01    1.026432e+05    1.068230e+05
4.534000e+01    1.023995e+05    1.071353e+05
4.535000e+01    1.021558e+05    1.074476e+05
4.536000e+01    1.019121e+05    1.077600e+05
4.537000e+01    1.016685e+05    1.080723e+05
4.538000e+01    1.014248e+05    1.083846e+05
4.539000e+01    1.011811e+05    1.086970e+05
4.540000e+01    1.009374e+05    1.090093e+05
4.541000e+01    1.006938e+05    1.093216e+05
4.542000e+01    1.004501e+05    1.096339e+05
4.543000e+01    1.002064e+05    1.099462e+05
4.544000e+01    9.996266e+04    1.102585e+05
4.545000e+01    9.971896e+04    1.105708e+05
4.546000e+01    9.947525e+04    1.108831e+05
4.547000e+01    9.923154e+04    1.111953e+05
4.548000e+01    9.898783e+04    1.115076e+05
4.549000e+01    9.874413e+04    1.118199e+05
4.550000e+01    9.850042e+04    1.121322e+05
4.551000e+01    9.825671e+04    1.124445e+05
4.552000e+01    9.801301e+04    1.127568e+05
4.553000e+01    9.776930e+04    1.130690e+05
4.554000e+01    9.752559e+04    1.133813e+05
4.555000e+01    9.728188e+04    1.136936e+05
4.556000e+01    9.703818e+04    1.140059e+05
4.557000e+01    9.699879e+04    1.143640e+05
4.558000e+01    9.710697e+04    1.147551e+05
4.559000e+01    9.721514e+04    1.151463e+05
4.560000e+01    9.732332e+04    1.155374e+05
4.561000e+01    9.743150e+04    1.159286e+05
4.562000e+01    9.753967e+04    1.163197e+05
4.563000e+01    9.764785e+04    1.167109e+05
4.564000e+01    9.775603e+04    1.171021e+05
4.565000e+01    9.786420e+04    1.174932e+05
4.566000e+01    9.797238e+04    1.178844e+05
4.567000e+01    9.808055e+04    1.182755e+05
4.568000e+01    9.818873e+04    1.186667e+05
4.569000e+01    9.829691e+04    1.190578e+05
4.570000e+01    9.840508e+04    1.194490e+05
4.571000e+01    9.851326e+04    1.198402e+05
4.572000e+01    9.862144e+04    1.202313e+05
4.573000e+01    9.872961e+04    1.206225e+05
4.574000e+01    9.883779e+04    1.210136e+05
4.575000e+01    9.894597e+04    1.214048e+05
4.576000e+01    9.905414e+04    1.217959e+05
4.577000e+01    9.916232e+04    1.221871e+05
4.578000e+01    9.927049e+04    1.225783e+05
4.579000e+01    9.937867e+04    1.229694e+05
4.580000e+01    9.948685e+04    1.233606e+05
4.581000e+01    9.959502e+04    1.237517e+05
4.582000e+01    9.970320e+04    1.241429e+05
4.583000e+01    1.000996e+05    1.243052e+05
4.584000e+01    1.005010e+05    1.244635e+05
4.585000e+01    1.009025e+05    1.246218e+05
4.586000e+01    1.013039e+05    1.247802e+05
4.587000e+01    1.017053e+05    1.249385e+05
4.588000e+01    1.021068e+05    1.250968e+05
4.589000e+01    1.025082e+05    1.252551e+05
4.590000e+01    1.029096e+05    1.254134e+05
4.591000e+01    1.033110e+05    1.255717e+05
4.592000e+01    1.037123e+05    1.257299e+05
4.593000e+01    1.041137e+05    1.258882e+05
4.594000e+01    1.045151e+05    1.260465e+05
4.595000e+01    1.049165e+05    1.262048e+05
4.596000e+01    1.053179e+05    1.263631e+05
4.597000e+01    1.057193e+05    1.265214e+05
4.598000e+01    1.061207e+05    1.266796e+05
4.599000e+01    1.065221e+05    1.268379e+05
4.600000e+01    1.069235e+05    1.269962e+05
4.601000e+01    1.073248e+05    1.271545e+05
4.602000e+01    1.077262e+05    1.273128e+05
4.603000e+01    1.081276e+05    1.274711e+05
4.604000e+01    1.085290e+05    1.276293e+05
4.605000e+01    1.089304e+05    1.277876e+05
4.606000e+01    1.093318e+05    1.279459e+05
4.607000e+01    1.097332e+05    1.281042e+05
4.608000e+01    1.101352e+05    1.281138e+05
4.609000e+01    1.105381e+05    1.278857e+05
4.610000e+01    1.109410e+05    1.276576e+05
4.611000e+01    1.113439e+05    1.274295e+05
4.612000e+01    1.117469e+05    1.272014e+05
4.613000e+01    1.121498e+05    1.269733e+05
4.614000e+01    1.125527e+05    1.267452e+05
4.615000e+01    1.129556e+05    1.265172e+05
4.616000e+01    1.133586e+05    1.262891e+05
4.617000e+01    1.137615e+05    1.260610e+05
4.618000e+01    1.141644e+05    1.258329e+05
4.619000e+01    1.145673e+05    1.256048e+05
4.620000e+01    1.149703e+05    1.253767e+05
4.621000e+01    1.153732e+05    1.251486e+05
4.622000e+01    1.157761e+05    1.249205e+05
4.623000e+01    1.161791e+05    1.246925e+05
4.624000e+01    1.165820e+05    1.244644e+05
4.625000e+01    1.169849e+05    1.242363e+05
4.626000e+01    1.173878e+05    1.240082e+05
4.627000e+01    1.177908e+05    1.237801e+05
4.628000e+01    1.181937e+05    1.235520e+05
4.629000e+01    1.185966e+05    1.233239e+05
4.630000e+01    1.189995e+05    1.230958e+05
4.631000e+01    1.194025e+05    1.228678e+05
4.632000e+01    1.198054e+05    1.226397e+05
4.633000e+01    1.202083e+05    1.224116e+05
4.634000e+01    1.203683e+05    1.219889e+05
4.635000e+01    1.204625e+05    1.215136e+05
4.636000e+01    1.205566e+05    1.210382e+05
4.637000e+01    1.206508e+05    1.205629e+05
4.638000e+01    1.207450e+05    1.200876e+05
4.639000e+01    1.208391e+05    1.196122e+05
4.640000e+01    1.209333e+05    1.191369e+05
4.641000e+01    1.210274e+05    1.186615e+05
4.642000e+01    1.211216e+05    1.181862e+05
4.643000e+01    1.212157e+05    1.177109e+05
4.644000e+01    1.213099e+05    1.172355e+05
4.645000e+01    1.214041e+05    1.167602e+05
4.646000e+01    1.214982e+05    1.162849e+05
4.647000e+01    1.215924e+05    1.158095e+05
4.648000e+01    1.216865e+05    1.153342e+05
4.649000e+01    1.217807e+05    1.148588e+05
4.650000e+01    1.218749e+05    1.143835e+05
4.651000e+01    1.219690e+05    1.139082e+05
4.652000e+01    1.220632e+05    1.134328e+05
4.653000e+01    1.221573e+05    1.129575e+05
4.654000e+01    1.222515e+05    1.124822e+05
4.655000e+01    1.223456e+05    1.120068e+05
4.656000e+01    1.224398e+05    1.115315e+05
4.657000e+01    1.225340e+05    1.110561e+05
4.658000e+01    1.226281e+05    1.105808e+05
4.659000e+01    1.226483e+05    1.101227e+05
4.660000e+01    1.223513e+05    1.097383e+05
4.661000e+01    1.220543e+05    1.093540e+05
4.662000e+01    1.217573e+05    1.089696e+05
4.663000e+01    1.214603e+05    1.085853e+05
4.664000e+01    1.211633e+05    1.082010e+05
4.665000e+01    1.208663e+05    1.078166e+05
4.666000e+01    1.205693e+05    1.074323e+05
4.667000e+01    1.202723e+05    1.070479e+05
4.668000e+01    1.199753e+05    1.066636e+05
4.669000e+01    1.196783e+05    1.062792e+05
4.670000e+01    1.193813e+05    1.058949e+05
4.671000e+01    1.190844e+05    1.055106e+05
4.672000e+01    1.187874e+05    1.051262e+05
4.673000e+01    1.184904e+05    1.047419e+05
4.674000e+01    1.181934e+05    1.043575e+05
4.675000e+01    1.178964e+05    1.039732e+05
4.676000e+01    1.175994e+05    1.035888e+05
4.677000e+01    1.173024e+05    1.032045e+05
4.678000e+01    1.170054e+05    1.028202e+05
4.679000e+01    1.167084e+05    1.024358e+05
4.680000e+01    1.164114e+05    1.020515e+05
4.681000e+01    1.161144e+05    1.016671e+05
4.682000e+01    1.158174e+05    1.012828e+05
4.683000e+01    1.155204e+05    1.008985e+05
4.684000e+01    1.152234e+05    1.005141e+05
4.685000e+01    1.148257e+05    1.003471e+05
4.686000e+01    1.143585e+05    1.003303e+05
4.687000e+01    1.138912e+05    1.003135e+05
4.688000e+01    1.134240e+05    1.002967e+05
4.689000e+01    1.129568e+05    1.002799e+05
4.690000e+01    1.124896e+05    1.002631e+05
4.691000e+01    1.120224e+05    1.002463e+05
4.692000e+01    1.115551e+05    1.002295e+05
4.693000e+01    1.110879e+05    1.002127e+05
4.694000e+01    1.106207e+05    1.001959e+05
4.695000e+01    1.101535e+05    1.001791e+05
4.696000e+01    1.096862e+05    1.001623e+05
4.697000e+01    1.092190e+05    1.001455e+05
4.698000e+01    1.087518e+05    1.001286e+05
4.699000e+01    1.082846e+05    1.001118e+05
4.700000e+01    1.078174e+05    1.000950e+05
4.701000e+01    1.073501e+05    1.000782e+05
4.702000e+01    1.068829e+05    1.000614e+05
4.703000e+01    1.064157e+05    1.000446e+05
4.704000e+01    1.059485e+05    1.000278e+05
4.705000e+01    1.054812e+05    1.000110e+05
4.706000e+01    1.050140e+05    9.999420e+04
4.707000e+01    1.045468e+05    9.997740e+04
4.708000e+01    1.040796e+05    9.996059e+04
4.709000e+01    1.036124e+05    9.994379e+04
4.710000e+01    1.031451e+05    9.992698e+04
4.711000e+01    1.028640e+05    1.002687e+05
4.712000e+01    1.025842e+05    1.006129e+05
4.713000e+01    1.023043e+05    1.009570e+05
4.714000e+01    1.020244e+05    1.013011e+05
4.715000e+01    1.017446e+05    1.016452e+05
4.716000e+01    1.014647e+05    1.019894e+05
4.717000e+01    1.011848e+05    1.023335e+05
4.718000e+01    1.009050e+05    1.026776e+05
4.719000e+01    1.006251e+05    1.030217e+05
4.720000e+01    1.003452e+05    1.033658e+05
4.721000e+01    1.000654e+05    1.037100e+05
4.722000e+01    9.978551e+04    1.040541e+05
4.723000e+01    9.950564e+04    1.043982e+05
4.724000e+01    9.922577e+04    1.047423e+05
4.725000e+01    9.894591e+04    1.050864e+05
4.726000e+01    9.866604e+04    1.054306e+05
4.727000e+01    9.838617e+04    1.057747e+05
4.728000e+01    9.810630e+04    1.061188e+05
4.729000e+01    9.782644e+04    1.064629e+05
4.730000e+01    9.754654e+04    1.068071e+05
4.731000e+01    9.726662e+04    1.071512e+05
4.732000e+01    9.698671e+04    1.074953e+05
4.733000e+01    9.670680e+04    1.078395e+05
4.734000e+01    9.642689e+04    1.081836e+05
4.735000e+01    9.614698e+04    1.085277e+05
4.736000e+01    9.602566e+04    1.089004e+05
4.737000e+01    9.614662e+04    1.093167e+05
4.738000e+01    9.626758e+04    1.097330e+05
4.739000e+01    9.638854e+04    1.101493e+05
4.740000e+01    9.650950e+04    1.105656e+05
4.741000e+01    9.663046e+04    1.109818e+05
4.742000e+01    9.675142e+04    1.113981e+05
4.743000e+01    9.687238e+04    1.118144e+05
4.744000e+01    9.699334e+04    1.122307e+05
4.745000e+01    9.711430e+04    1.126470e+05
4.746000e+01    9.723526e+04    1.130633e+05
4.747000e+01    9.735622e+04    1.134796e+05
4.748000e+01    9.747718e+04    1.138958e+05
4.749000e+01    9.759814e+04    1.143121e+05
4.750000e+01    9.771910e+04    1.147284e+05
4.751000e+01    9.784007e+04    1.151447e+05
4.752000e+01    9.796103e+04    1.155610e+05
4.753000e+01    9.808199e+04    1.159773e+05
4.754000e+01    9.820295e+04    1.163935e+05
4.755000e+01    9.832391e+04    1.168098e+05
4.756000e+01    9.844487e+04    1.172261e+05
4.757000e+01    9.856583e+04    1.176424e+05
4.758000e+01    9.868679e+04    1.180587e+05
4.759000e+01    9.880775e+04    1.184750e+05
4.760000e+01    9.892871e+04    1.188913e+05
4.761000e+01    9.904967e+04    1.193075e+05
4.762000e+01    9.941188e+04    1.195062e+05
4.763000e+01    9.983526e+04    1.196497e+05
4.764000e+01    1.002586e+05    1.197932e+05
4.765000e+01    1.006820e+05    1.199367e+05
4.766000e+01    1.011054e+05    1.200801e+05
4.767000e+01    1.015288e+05    1.202236e+05
4.768000e+01    1.019521e+05    1.203671e+05
4.769000e+01    1.023755e+05    1.205106e+05
4.770000e+01    1.027989e+05    1.206541e+05
4.771000e+01    1.032223e+05    1.207976e+05
4.772000e+01    1.036457e+05    1.209411e+05
4.773000e+01    1.040690e+05    1.210846e+05
4.774000e+01    1.044924e+05    1.212280e+05
4.775000e+01    1.049158e+05    1.213715e+05
4.776000e+01    1.053392e+05    1.215150e+05
4.777000e+01    1.057625e+05    1.216585e+05
4.778000e+01    1.061858e+05    1.218021e+05
4.779000e+01    1.066092e+05    1.219456e+05
4.780000e+01    1.070325e+05    1.220891e+05
4.781000e+01    1.074559e+05    1.222326e+05
4.782000e+01    1.078792e+05    1.223761e+05
4.783000e+01    1.083025e+05    1.225197e+05
4.784000e+01    1.087259e+05    1.226632e+05
4.785000e+01    1.091492e+05    1.228067e+05
4.786000e+01    1.095725e+05    1.229502e+05
4.787000e+01    1.099902e+05    1.230127e+05
4.788000e+01    1.103851e+05    1.227510e+05
4.789000e+01    1.107800e+05    1.224893e+05
4.790000e+01    1.111749e+05    1.222276e+05
4.791000e+01    1.115697e+05    1.219658e+05
4.792000e+01    1.119646e+05    1.217041e+05
4.793000e+01    1.123595e+05    1.214424e+05
4.794000e+01    1.127544e+05    1.211807e+05
4.795000e+01    1.131493e+05    1.209189e+05
4.796000e+01    1.135442e+05    1.206572e+05
4.797000e+01    1.139391e+05    1.203955e+05
4.798000e+01    1.143340e+05    1.201338e+05
4.799000e+01    1.147288e+05    1.198720e+05
4.800000e+01    1.151237e+05    1.196103e+05
4.801000e+01    1.155186e+05    1.193486e+05
4.802000e+01    1.159135e+05    1.190869e+05
4.803000e+01    1.163084e+05    1.188251e+05
4.804000e+01    1.167033e+05    1.185634e+05
4.805000e+01    1.170982e+05    1.183017e+05
4.806000e+01    1.174930e+05    1.180400e+05
4.807000e+01    1.178879e+05    1.177782e+05
4.808000e+01    1.182828e+05    1.175165e+05
4.809000e+01    1.186777e+05    1.172548e+05
4.810000e+01    1.190726e+05    1.169931e+05
4.811000e+01    1.194675e+05    1.167313e+05
4.812000e+01    1.198624e+05    1.164696e+05
4.813000e+01    1.200568e+05    1.160705e+05
4.814000e+01    1.201188e+05    1.155805e+05
4.815000e+01    1.201808e+05    1.150905e+05
4.816000e+01    1.202428e+05    1.146006e+05
4.817000e+01    1.203048e+05    1.141106e+05
4.818000e+01    1.203668e+05    1.136206e+05
4.819000e+01    1.204288e+05    1.131307e+05
4.820000e+01    1.204908e+05    1.126407e+05
4.821000e+01    1.205528e+05    1.121508e+05
4.822000e+01    1.206148e+05    1.116608e+05
4.823000e+01    1.206767e+05    1.111708e+05
4.824000e+01    1.207387e+05    1.106809e+05
4.825000e+01    1.208007e+05    1.101910e+05
4.826000e+01    1.208626e+05    1.097011e+05
4.827000e+01    1.209246e+05    1.092112e+05
4.828000e+01    1.209866e+05    1.087213e+05
4.829000e+01    1.210485e+05    1.082313e+05
4.830000e+01    1.211105e+05    1.077414e+05
4.831000e+01    1.211725e+05    1.072515e+05
4.832000e+01    1.212344e+05    1.067616e+05
4.833000e+01    1.212964e+05    1.062717e+05
4.834000e+01    1.213584e+05    1.057818e+05
4.835000e+01    1.214203e+05    1.052918e+05
4.836000e+01    1.214823e+05    1.048019e+05
4.837000e+01    1.215443e+05    1.043120e+05
4.838000e+01    1.216046e+05    1.038226e+05
4.839000e+01    1.212843e+05    1.034468e+05
4.840000e+01    1.209639e+05    1.030711e+05
4.841000e+01    1.206436e+05    1.026953e+05
4.842000e+01    1.203232e+05    1.023196e+05
4.843000e+01    1.200029e+05    1.019438e+05
4.844000e+01    1.196826e+05    1.015681e+05
4.845000e+01    1.193622e+05    1.011923e+05
4.846000e+01    1.190419e+05    1.008166e+05
4.847000e+01    1.187215e+05    1.004408e+05
4.848000e+01    1.184012e+05    1.000651e+05
4.849000e+01    1.180808e+05    9.968935e+04
4.850000e+01    1.177605e+05    9.931360e+04
4.851000e+01    1.174402e+05    9.893785e+04
4.852000e+01    1.171198e+05    9.856210e+04
4.853000e+01    1.167995e+05    9.818636e+04
4.854000e+01    1.164791e+05    9.781061e+04
4.855000e+01    1.161588e+05    9.743486e+04
4.856000e+01    1.158384e+05    9.705912e+04
4.857000e+01    1.155181e+05    9.668337e+04
4.858000e+01    1.151977e+05    9.630762e+04
4.859000e+01    1.148774e+05    9.593187e+04
4.860000e+01    1.145571e+05    9.555613e+04
4.861000e+01    1.142367e+05    9.518038e+04
4.862000e+01    1.139164e+05    9.480463e+04
4.863000e+01    1.135960e+05    9.442888e+04
4.864000e+01    1.132138e+05    9.420002e+04
4.865000e+01    1.127410e+05    9.418577e+04
4.866000e+01    1.122682e+05    9.417153e+04
4.867000e+01    1.117955e+05    9.415728e+04
4.868000e+01    1.113227e+05    9.414304e+04
4.869000e+01    1.108500e+05    9.412879e+04
4.870000e+01    1.103772e+05    9.411457e+04
4.871000e+01    1.099044e+05    9.410038e+04
4.872000e+01    1.094317e+05    9.408619e+04
4.873000e+01    1.089589e+05    9.407201e+04
4.874000e+01    1.084861e+05    9.405782e+04
4.875000e+01    1.080134e+05    9.404363e+04
4.876000e+01    1.075406e+05    9.402944e+04
4.877000e+01    1.070679e+05    9.401525e+04
4.878000e+01    1.065951e+05    9.400107e+04
4.879000e+01    1.061223e+05    9.398688e+04
4.880000e+01    1.056496e+05    9.397269e+04
4.881000e+01    1.051768e+05    9.395850e+04
4.882000e+01    1.047040e+05    9.394431e+04
4.883000e+01    1.042313e+05    9.393013e+04
4.884000e+01    1.037585e+05    9.391594e+04
4.885000e+01    1.032858e+05    9.390175e+04
4.886000e+01    1.028130e+05    9.388756e+04
4.887000e+01    1.023402e+05    9.387337e+04
4.888000e+01    1.018675e+05    9.385918e+04
4.889000e+01    1.013947e+05    9.384500e+04
4.890000e+01    1.010628e+05    9.410733e+04
4.891000e+01    1.007643e+05    9.443519e+04
4.892000e+01    1.004658e+05    9.476304e+04
4.893000e+01    1.001673e+05    9.509090e+04
4.894000e+01    9.986878e+04    9.541876e+04
4.895000e+01    9.957027e+04    9.574661e+04
4.896000e+01    9.927176e+04    9.607447e+04
4.897000e+01    9.897324e+04    9.640232e+04
4.898000e+01    9.867473e+04    9.673018e+04
4.899000e+01    9.837622e+04    9.705804e+04
4.900000e+01    9.807771e+04    9.738589e+04
4.901000e+01    9.777920e+04    9.771375e+04
4.902000e+01    9.748069e+04    9.804160e+04
4.903000e+01    9.718218e+04    9.836946e+04
4.904000e+01    9.688367e+04    9.869732e+04
4.905000e+01    9.658516e+04    9.902517e+04
4.906000e+01    9.628665e+04    9.935303e+04
4.907000e+01    9.598814e+04    9.968088e+04
4.908000e+01    9.568962e+04    1.000087e+05
4.909000e+01    9.539111e+04    1.003366e+05
4.910000e+01    9.509260e+04    1.006645e+05
4.911000e+01    9.479409e+04    1.009923e+05
4.912000e+01    9.449558e+04    1.013202e+05
4.913000e+01    9.419707e+04    1.016480e+05
4.914000e+01    9.389856e+04    1.019759e+05
4.915000e+01    9.367646e+04    1.023227e+05
4.916000e+01    9.374081e+04    1.027408e+05
4.917000e+01    9.380517e+04    1.031588e+05
4.918000e+01    9.386954e+04    1.035769e+05
4.919000e+01    9.393390e+04    1.039950e+05
4.920000e+01    9.399827e+04    1.044132e+05
4.921000e+01    9.406263e+04    1.048313e+05
4.922000e+01    9.412700e+04    1.052494e+05
4.923000e+01    9.419136e+04    1.056675e+05
4.924000e+01    9.425573e+04    1.060856e+05
4.925000e+01    9.432009e+04    1.065037e+05
4.926000e+01    9.438446e+04    1.069218e+05
4.927000e+01    9.444882e+04    1.073399e+05
4.928000e+01    9.451319e+04    1.077580e+05
4.929000e+01    9.457755e+04    1.081761e+05
4.930000e+01    9.464192e+04    1.085942e+05
4.931000e+01    9.470628e+04    1.090123e+05
4.932000e+01    9.477065e+04    1.094304e+05
4.933000e+01    9.483501e+04    1.098485e+05
4.934000e+01    9.489938e+04    1.102666e+05
4.935000e+01    9.496374e+04    1.106847e+05
4.936000e+01    9.502811e+04    1.111028e+05
4.937000e+01    9.509247e+04    1.115209e+05
4.938000e+01    9.515684e+04    1.119390e+05
4.939000e+01    9.522120e+04    1.123571e+05
4.940000e+01    9.528557e+04    1.127752e+05
4.941000e+01    9.553381e+04    1.130688e+05
4.942000e+01    9.589827e+04    1.132837e+05
4.943000e+01    9.626273e+04    1.134986e+05
4.944000e+01    9.662718e+04    1.137135e+05
4.945000e+01    9.699164e+04    1.139284e+05
4.946000e+01    9.735610e+04    1.141432e+05
4.947000e+01    9.772056e+04    1.143581e+05
4.948000e+01    9.808502e+04    1.145730e+05
4.949000e+01    9.844948e+04    1.147879e+05
4.950000e+01    9.881394e+04    1.150028e+05
4.951000e+01    9.917840e+04    1.152177e+05
4.952000e+01    9.954286e+04    1.154326e+05
4.953000e+01    9.990732e+04    1.156475e+05
4.954000e+01    1.002718e+05    1.158624e+05
4.955000e+01    1.006362e+05    1.160773e+05
4.956000e+01    1.010007e+05    1.162922e+05
4.957000e+01    1.013652e+05    1.165071e+05
4.958000e+01    1.017296e+05    1.167220e+05
4.959000e+01    1.020941e+05    1.169369e+05
4.960000e+01    1.024585e+05    1.171518e+05
4.961000e+01    1.028230e+05    1.173667e+05
4.962000e+01    1.031874e+05    1.175815e+05
4.963000e+01    1.035524e+05    1.177969e+05
4.964000e+01    1.039177e+05    1.180127e+05
4.965000e+01    1.042831e+05    1.182285e+05
4.966000e+01    1.046493e+05    1.184392e+05
4.967000e+01    1.050688e+05    1.183100e+05
4.968000e+01    1.054884e+05    1.181808e+05
4.969000e+01    1.059080e+05    1.180515e+05
4.970000e+01    1.063276e+05    1.179223e+05
4.971000e+01    1.067472e+05    1.177931e+05
4.972000e+01    1.071668e+05    1.176638e+05
4.973000e+01    1.075864e+05    1.175346e+05
4.974000e+01    1.080060e+05    1.174054e+05
4.975000e+01    1.084256e+05    1.172762e+05
4.976000e+01    1.088451e+05    1.171469e+05
4.977000e+01    1.092647e+05    1.170177e+05
4.978000e+01    1.096843e+05    1.168885e+05
4.979000e+01    1.101039e+05    1.167593e+05
4.980000e+01    1.105235e+05    1.166300e+05
4.981000e+01    1.109431e+05    1.165008e+05
4.982000e+01    1.113627e+05    1.163716e+05
4.983000e+01    1.117823e+05    1.162423e+05
4.984000e+01    1.122019e+05    1.161131e+05
4.985000e+01    1.126214e+05    1.159839e+05
4.986000e+01    1.130410e+05    1.158547e+05
4.987000e+01    1.134606e+05    1.157254e+05
4.988000e+01    1.138802e+05    1.155962e+05
4.989000e+01    1.142998e+05    1.154670e+05
4.990000e+01    1.147194e+05    1.153377e+05
4.991000e+01    1.151390e+05    1.152085e+05
4.992000e+01    1.154747e+05    1.149678e+05
4.993000e+01    1.156933e+05    1.145713e+05
4.994000e+01    1.159119e+05    1.141747e+05
4.995000e+01    1.161304e+05    1.137782e+05
4.996000e+01    1.163490e+05    1.133817e+05
4.997000e+01    1.165676e+05    1.129851e+05
4.998000e+01    1.167861e+05    1.125886e+05
4.999000e+01    1.170047e+05    1.121920e+05
5.000000e+01    1.172233e+05    1.117955e+05
