time [ns]	Wlong [V/pC]	Wxdip [V/(pC mm)]	Wydip [V/(pC mm)]	Wxquad [V/(pC mm)]	Wyquad [V/(pC mm)]
-1.140645243971000061e-01 -1.220741600931000081e-12 0.000000000000000000e+00 0.000000000000000000e+00 0.000000000000000000e+00 0.000000000000000000e+00
-1.136253408674999937e-01 -1.484753863688999952e-12 1.387771484722000088e-15 3.202205853675000015e-15 -1.387409112751999998e-15 1.818792632255999836e-15
-1.131861573378000058e-01 -1.805048070565000027e-12 3.075400082033000087e-15 7.095762348947000385e-15 -3.074273889991000131e-15 4.030659718923999992e-15
-1.127469738081999934e-01 -2.193071197453000176e-12 5.126417887612999760e-15 1.182765438818999929e-14 -5.124093963197000105e-15 6.718940173995000125e-15
-1.123077902785999949e-01 -2.663111325424999892e-12 7.617446151114000044e-15 1.757532569118000018e-14 -7.613531060877000620e-15 9.984522540698000219e-15
-1.118686067489999963e-01 -3.232196916705999890e-12 1.064118274982999987e-14 2.455290832978000123e-14 -1.063534642840999977e-14 1.394968516075999941e-14
-1.114294232192999945e-01 -3.920720222808999706e-12 1.430956434907000138e-14 3.301919504900999761e-14 -1.430169973021999882e-14 1.876216676950000095e-14
-1.109902396896999960e-01 -4.753553536423000036e-12 1.875757809523999845e-14 4.328675870650999965e-14 -1.874763992459000087e-14 2.459969376819999976e-14
-1.105510561600999975e-01 -5.760905538375999804e-12 2.414804306806999861e-14 5.573244656270000036e-14 -2.413567029878000011e-14 3.167587888852999803e-14
-1.101118726303999956e-01 -6.977577993686000226e-12 3.067735864102000094e-14 7.081025024772999986e-14 -3.066229247869000128e-14 4.024859370158999929e-14
-1.096726891007999971e-01 -8.445762821987999278e-12 3.858246416639999957e-14 8.906700563672999690e-14 -3.856554295563999829e-14 5.062990291243999850e-14
-1.092335055711999986e-01 -1.021732371077000067e-11 4.814911666559999729e-14 1.111611640582999969e-13 -4.813162137957000206e-14 6.319590748401999404e-14
-1.087943220414999967e-01 -1.235509942156000040e-11 5.972072444520000606e-14 1.378853459882000024e-13 -5.970271404826000264e-14 7.839830106886000501e-14
-1.083551385118999982e-01 -1.493198965696999860e-11 7.370858695715999765e-14 1.701925928094000085e-13 -7.368978440677000477e-14 9.677963232101999907e-14
-1.079159549822999997e-01 -1.803669839869000154e-11 9.060693068349000461e-14 2.092274880551000091e-13 -9.058831819445000567e-14 1.189932180504999919e-13
-1.074767714525999979e-01 -2.177477732096999899e-11 1.110119658967000004e-13 2.563646648462000097e-13 -1.109944349547000021e-13 1.458261071832999936e-13
-1.070375879229999994e-01 -2.627403893382999913e-11 1.356394480310999908e-13 3.132561082711000033e-13 -1.356224157640999951e-13 1.782235038299000027e-13
-1.065984043934000008e-01 -3.168574189227999779e-11 1.653449380067999934e-13 3.818854093387000058e-13 -1.653272856666999917e-13 2.173177419183999927e-13
-1.061592208638000023e-01 -3.819335587798999819e-11 2.011540624116999879e-13 4.646317906645999935e-13 -2.011341509347999907e-13 2.644648660643000003e-13
-1.057200373341000005e-01 -4.601002462321000228e-11 2.443001810553000234e-13 5.643471961327000241e-13 -2.442729372869999902e-13 3.212903683341000079e-13
-1.052808538045000020e-01 -5.539554693379000046e-11 2.962634454301999772e-13 6.844473008783000443e-13 -2.962216435112999935e-13 3.897479893463999888e-13
-1.048416702749000035e-01 -6.666214735281000315e-11 3.588108389714999772e-13 8.290188582551999882e-13 -3.587557406967000024e-13 4.721871392776000231e-13
-1.044024867452000016e-01 -8.018094761398999482e-11 4.340526208114999876e-13 1.002949170932999922e-12 -4.339989130019000124e-13 5.714191282060999540e-13
-1.039633032156000031e-01 -9.639015851636000446e-11 5.245123178284000115e-13 1.212090477253999930e-12 -5.244824854479000288e-13 6.907923657107000114e-13
-1.035241196860000046e-01 -1.157937126852000030e-10 6.332060029002000369e-13 1.463452334617000033e-12 -6.332221159747999705e-13 8.342989306869999717e-13
-1.030849361563000027e-01 -1.390334932133000018e-10 7.637392990174000414e-13 1.765404585555999901e-12 -7.638161202567000465e-13 1.006714746950000071e-12
-1.026457526267000042e-01 -1.668628271206999877e-10 9.204276484921000319e-13 2.127923721696000127e-12 -9.205610232139999812e-13 1.213770151141000005e-12
-1.022065690971000057e-01 -2.001685183814000067e-10 1.108423805384000072e-12 2.562916745989999936e-12 -1.108593154732000013e-12 1.462339194279999969e-12
-1.017673855674999933e-01 -2.399779808672000033e-10 1.333867345842999929e-12 3.084591990924000068e-12 -1.334061803451000041e-12 1.760627202475999910e-12
-1.013282020378000053e-01 -2.875393150402000167e-10 1.604078551796000090e-12 3.709879539416999628e-12 -1.604294342349999950e-12 2.118380202874000083e-12
-1.008890185082000068e-01 -3.443221813226000175e-10 1.927776304779000018e-12 4.458947765085999663e-12 -1.927991202179000158e-12 2.547162078301000155e-12
-1.004498349785999944e-01 -4.120999520713999835e-10 2.315319782346000123e-12 5.355821291073000223e-12 -2.315506173046000180e-12 3.060746736737000196e-12
-1.000106514489000065e-01 -4.929517451693000451e-10 2.779000512118000143e-12 6.429078170285000293e-12 -2.779170320672999987e-12 3.675587911492999793e-12
-9.957146791929999408e-02 -5.893349469122999994e-10 3.333416784953000136e-12 7.712688275385999450e-12 -3.333621948163999930e-12 4.411314562774000266e-12
-9.913228438967000566e-02 -7.042048427593000507e-10 3.995940630139000104e-12 9.247064033192000444e-12 -3.996206368733000103e-12 5.291301496849000394e-12
-9.869310086004000337e-02 -8.410118433911000248e-10 4.787332086365000311e-12 1.108025287603000002e-11 -4.787581973321999920e-12 6.343352091126000357e-12
-9.825391733041000109e-02 -1.003764293393999951e-09 5.732314760259000265e-12 1.326930603033000033e-11 -5.732427864187999788e-12 7.600477445930999294e-12
-9.781473380077999880e-02 -1.197381230049000064e-09 6.860082769472000003e-12 1.588188711354999860e-11 -6.860078803289999917e-12 9.101789895375999465e-12
-9.737555027114999651e-02 -1.427684617917999923e-09 8.205018387379999426e-12 1.899809801338000149e-11 -8.205143684532000051e-12 1.089357490102000053e-11
-9.693636674151999422e-02 -1.701462434600000092e-09 9.807872208503000631e-12 2.271276522714000110e-11 -9.808446460377999659e-12 1.303069108459999959e-11
-9.649718321189000581e-02 -2.026548931032999886e-09 1.171708126066999932e-11 2.713839422045999887e-11 -1.171843123941999979e-11 1.557845383459000033e-11
-9.605799968224999763e-02 -2.412076164863999912e-09 1.399002392832999977e-11 3.240845273476999709e-11 -1.399260668502999931e-11 1.861464825790999928e-11
-9.561881615263000123e-02 -2.869315429946999937e-09 1.669469736945000022e-11 3.868091076658000158e-11 -1.669887552835999863e-11 2.223130967748999896e-11
-9.517963262299000693e-02 -3.411618661948000084e-09 1.991171052151999955e-11 4.614242899386999868e-11 -1.991732579558000070e-11 2.653680147414999985e-11
-9.474044909336000464e-02 -4.054150163638999947e-09 2.373612973537999991e-11 5.501343865190999752e-11 -2.374266630609999954e-11 3.165898072275000015e-11
-9.430126556373000235e-02 -4.814825794113999807e-09 2.827953240555000036e-11 6.555416199046000420e-11 -2.828701353940000021e-11 3.774946263471000309e-11
-9.386208203410000006e-02 -5.715340058304000253e-09 3.367307256367000284e-11 7.807166525143000622e-11 -3.368291512215000296e-11 4.498804719852999821e-11
-9.342289850446999777e-02 -6.780772995986000271e-09 4.007196922560000211e-11 9.292826274397000486e-11 -4.008661840880999715e-11 5.358695898645000116e-11
-9.298371497483999548e-02 -8.039345989234000643e-09 4.766063246026000101e-11 1.105515683479999980e-10 -4.768172899416000153e-11 6.379629551825999841e-11
-9.254453144520999319e-02 -9.525720054393999624e-09 5.665712934583999900e-11 1.314456630842999986e-10 -5.668393357673000142e-11 7.591122735116000321e-11
-9.210534791558000478e-02 -1.128097025238000030e-08 6.731682318959000444e-11 1.562034202525999928e-10 -6.734729957386000432e-11 9.028026839592000642e-11
-9.166616438595000249e-02 -1.335375785603000082e-08 7.993819030216999490e-11 1.855218813449000033e-10 -7.997170097680999394e-11 1.073141758736999983e-10
-9.122698085632000020e-02 -1.579899828104000046e-08 9.487231603696999445e-11 2.202214283433000007e-10 -9.491044725032999637e-11 1.274953507617999887e-10
-9.078779732668999791e-02 -1.867837741728999859e-08 1.125329808079000012e-10 2.612676477056000148e-10 -1.125784431658000044e-10 1.513900220604999964e-10
-9.034861379705999562e-02 -2.207004034714999938e-08 1.334071859980000054e-10 3.097952146470999768e-10 -1.334638468466000030e-10 1.796647912707999943e-10
-8.990943026742999333e-02 -2.606656132191000127e-08 1.580675820907999939e-10 3.671360441588000166e-10 -1.581403434205000112e-10 2.131058499265999958e-10
-8.947024673780000492e-02 -3.076839487287999997e-08 1.871862248422999942e-10 4.348532790848999979e-10 -1.872777689415000001e-10 2.526383805271999846e-10
-8.903106320817000263e-02 -3.629386636000999733e-08 2.215487876438000000e-10 5.147803191799999701e-10 -2.216581297220999942e-10 2.993475196479999808e-10
-8.859187967854000034e-02 -4.278883155079999807e-08 2.620725150446000185e-10 6.090641011236999722e-10 -2.621992217262000248e-10 3.545047632704000240e-10
-8.815269614890000605e-02 -5.041666163052999770e-08 3.098310966101999876e-10 7.202173043796999571e-10 -3.099799556961999797e-10 4.196031391636999866e-10
-8.771351261927999576e-02 -5.936988908878999967e-08 3.660864673884999880e-10 8.511823557633000360e-10 -3.662635949169000120e-10 4.963957289752999955e-10
-8.727432908964999347e-02 -6.987094387313999407e-08 4.323187963423000191e-10 1.005404556997999955e-09 -4.325285994238000193e-10 5.869343679120999597e-10
-8.683514556000999918e-02 -8.218287055052999749e-08 5.102520465283000178e-10 1.186915282999999969e-09 -5.105052668349000404e-10 6.936163877944999924e-10
-8.639596203037999689e-02 -9.661072016038000492e-08 6.018922636662000431e-10 1.400424015163000083e-09 -6.022131022003000029e-10 8.192481157039000106e-10
-8.595677850074999460e-02 -1.135088597013999973e-07 7.095843626171000190e-10 1.651424063435000010e-09 -7.100057465502000367e-10 9.671168922336999841e-10
-8.551759497112000619e-02 -1.332828565385000019e-07 8.360743907356000370e-10 1.946323651748000015e-09 -8.366220635650999745e-10 1.141061368034000019e-09
-8.507841144149000390e-02 -1.564021392238000024e-07 9.845723710818999773e-10 2.292596223902999854e-09 -9.852505745236999546e-10 1.345557863549000049e-09
-8.463922791186000161e-02 -1.834305436496000027e-07 1.158813640835999945e-09 2.698948497421000165e-09 -1.159610831986999983e-09 1.585836425242000036e-09
-8.420004438222999932e-02 -2.150345252078999921e-07 1.363127411861999966e-09 3.175523823995000154e-09 -1.364049664564000043e-09 1.868013404691999934e-09
-8.376086085259999703e-02 -2.519191005752000232e-07 1.602541834584999905e-09 3.734146506396999711e-09 -1.603631051398999917e-09 2.199223191409999793e-09
-8.332167732296999474e-02 -2.949139663425000209e-07 1.882915896426000193e-09 4.388585976405999832e-09 -1.884238441895999891e-09 2.587765372995000039e-09
-8.288249379334000633e-02 -3.450413438556000230e-07 2.211084641555000052e-09 5.154841341601000351e-09 -2.212710722515999912e-09 3.043281473209000030e-09
-8.244331026371000404e-02 -4.034940897869999951e-07 2.595005268575999826e-09 6.051485048715999620e-09 -2.596990703685999899e-09 3.576980359941999893e-09
-8.200412673408000175e-02 -4.715835109286000152e-07 3.043896585840000042e-09 7.100075632055999934e-09 -3.046284266127999964e-09 4.201929887166000134e-09
-8.156494320444999946e-02 -5.508293149634000436e-07 3.568415044778999799e-09 8.325619918814999765e-09 -3.571238547709999813e-09 4.933378905185999998e-09
-8.112575967481999717e-02 -6.430081147456000368e-07 4.180898167475000391e-09 9.757106361221999652e-09 -4.184195733749999618e-09 5.789044919765000154e-09
-8.068657614518999488e-02 -7.501586240010000018e-07 4.895645264850999589e-09 1.142816755563000082e-08 -4.899494289534999888e-09 6.789423017677999922e-09
-8.024739261556000647e-02 -8.745830232142000156e-07 5.729207413982999709e-09 1.337780695692000069e-08 -5.733764679119999792e-09 7.958221226223999651e-09
-7.980820908591999829e-02 -1.019084007185999985e-06 6.700763854370000052e-09 1.565110537475999925e-08 -6.706213896122999659e-09 9.322939106131000443e-09
-7.936902555630000189e-02 -1.186717937509999976e-06 7.832579567520000236e-09 1.830009671555000072e-08 -7.839033693386000213e-09 1.091552424044000035e-08
-7.892984202666999960e-02 -1.381075178133999932e-06 9.150411710381999875e-09 2.138497303158999839e-08 -9.157944749800000736e-09 1.277304090492999919e-08
-7.849065849703000530e-02 -1.606284672052999978e-06 1.068383835736999943e-08 2.497542449264999895e-08 -1.069267665793000072e-08 1.493839858152999908e-08
-7.805147496740000301e-02 -1.867112116832000013e-06 1.246679403276999966e-08 2.915190895304999873e-08 -1.247741074821000024e-08 1.746116654979000131e-08
-7.761229143777000072e-02 -2.168975979307000007e-06 1.453846194682000015e-08 3.400708393814999998e-08 -1.455147923307999953e-08 2.039853450456000028e-08
-7.717310790813999843e-02 -2.518259105632999879e-06 1.694425557849999908e-08 3.964770523564999951e-08 -1.696033395826000134e-08 2.381650013915000038e-08
-7.673392437850999614e-02 -2.922204681654000162e-06 1.973666319025000077e-08 4.619694064268000260e-08 -1.975645208453000056e-08 2.779127978919999941e-08
-7.629474084887999386e-02 -3.388513145747000023e-06 2.297606248314999853e-08 5.379677629187000082e-08 -2.300010995914999926e-08 3.241086591280999701e-08
-7.585555731925000544e-02 -3.926548443434999787e-06 2.673169181820000018e-08 6.261041826890999529e-08 -2.676036241996999861e-08 3.777658115003999853e-08
-7.541637378962000315e-02 -4.547197576557999844e-06 3.108294752653999990e-08 7.282508481860000231e-08 -3.111654845804000278e-08 4.400487658983999830e-08
-7.497719025999000086e-02 -5.262662744667999813e-06 3.612093699752999841e-08 8.465567957716000565e-08 -3.616007891896999888e-08 5.122989601447999788e-08
-7.453800673035999858e-02 -6.087193272108999673e-06 4.195029746348999706e-08 9.834911384908999559e-08 -4.199621540754000290e-08 5.960645249204999839e-08
-7.409882320072999629e-02 -7.036633444690999610e-06 4.869105237372000131e-08 1.141890708197999977e-07 -4.874569459075999928e-08 6.931273773915999821e-08
-7.365963967109999400e-02 -8.129409481440000182e-06 5.648094369614000294e-08 1.325011511822999876e-07 -5.654661876467999760e-08 8.055279836496000258e-08
-7.322045614147000558e-02 -9.385427384037999785e-06 6.547796784856000057e-08 1.536583759052999953e-07 -6.555697427627999978e-08 9.355986214698000353e-08
-7.278127261184000329e-02 -1.082847592697000083e-05 7.586273053366000163e-08 1.780871886671000069e-07 -7.595750014298999794e-08 1.086014676001999967e-07
-7.234208908221000101e-02 -1.248597087094999994e-05 8.784186585386000635e-08 2.062746018871000088e-07 -8.795465566292000136e-08 1.259853658449999888e-07
-7.190290555257999872e-02 -1.438951899699999939e-05 1.016519721702000015e-07 2.387777869458999964e-07 -1.017844869282999975e-07 1.460650791454000082e-07
-7.146372202294000442e-02 -1.657133818886000112e-05 1.175629657015999949e-07 2.762357226564000134e-07 -1.177180051608999970e-07 1.692451079957000099e-07
-7.102453849331999414e-02 -1.907087082382000112e-05 1.358821182210000048e-07 3.193793755209000115e-07 -1.360647936725999961e-07 1.959865305285999988e-07
-7.058535496369000573e-02 -2.193204006355000093e-05 1.569599868461999957e-07 3.690398279830999846e-07 -1.571752899146999931e-07 2.268149759525000090e-07
-7.014617143404999755e-02 -2.520934343001999969e-05 1.811970918154999922e-07 4.261604102961000114e-07 -1.814461810251000119e-07 2.623323013377999979e-07
-6.970698790441999526e-02 -2.895914082540999997e-05 2.090490520419000048e-07 4.918161823351999878e-07 -2.093318459019999905e-07 3.032280127235000056e-07
-6.926780437479000685e-02 -3.324379425086000037e-05 2.410325551052999982e-07 5.672360417386000520e-07 -2.413551573759999833e-07 3.502872171621999917e-07
-6.882862084516000456e-02 -3.813434839016000081e-05 2.777349859772000111e-07 6.538210156798999962e-07 -2.781103814057999847e-07 4.044003399241999850e-07
-6.838943731553000227e-02 -4.371599975270999775e-05 3.198251044290000063e-07 7.531610331017999573e-07 -3.202669786405999980e-07 4.665797583109000108e-07
-6.795025378589999998e-02 -5.008178699232000301e-05 3.680631521733000034e-07 8.670579500687000479e-07 -3.685829310937999788e-07 5.379802780693000070e-07
-6.751107025626999769e-02 -5.734004056158999906e-05 4.233112416126000076e-07 9.975559077683999366e-07 -4.239209909622999881e-07 6.199171986795999530e-07
-6.707188672663999540e-02 -6.561007766201999356e-05 4.865476469175999601e-07 1.146974305859000099e-06 -4.872621257145000473e-07 7.138843123118999862e-07
-6.663270319700999311e-02 -7.502030040820999602e-05 5.588826606804000201e-07 1.317942243410000096e-06 -5.597190107482000253e-07 8.215773875183000160e-07
-6.619351966738000470e-02 -8.571876980837999987e-05 6.415713115371999796e-07 1.513438014186999914e-06 -6.425495264045999723e-07 9.449207340631000198e-07
-6.575433613775000241e-02 -9.787865930981999639e-05 7.360301779457000175e-07 1.736834341758999959e-06 -7.371717573639000154e-07 1.086092611551999991e-06
-6.531515260812000012e-02 -1.116889692192999972e-04 8.438620108318000384e-07 1.991947681359000090e-06 -8.451870622601000446e-07 1.247552690477000081e-06
-6.487596907848999783e-02 -1.273750931441000101e-04 9.668797214534999908e-07 2.283090747882999873e-06 -9.684104296942999319e-07 1.432083539795000054e-06
-6.443678554885999554e-02 -1.451654647937999888e-04 1.107124609667000085e-06 2.615127418962000196e-06 -1.108896486145999941e-06 1.642844178991000094e-06
-6.399760201922999325e-02 -1.653287891689999916e-04 1.266892508401000038e-06 2.993531557577999854e-06 -1.268958744670999912e-06 1.883411663473999954e-06
-6.355841848960000484e-02 -1.881487359552000090e-04 1.448775299527999973e-06 3.424461797286999969e-06 -1.451195260503000069e-06 2.157807382648999824e-06
-6.311923495997000255e-02 -2.139645702485000044e-04 1.655710874635999918e-06 3.914863748608000026e-06 -1.658531555197999978e-06 2.470544799173000004e-06
-6.268005143034000026e-02 -2.431803609467000048e-04 1.891010410144000096e-06 4.472587137066999876e-06 -1.894264821633999914e-06 2.826716933898000072e-06
-6.224086790069999903e-02 -2.762023537770999775e-04 2.158375860850000155e-06 5.106485423277999921e-06 -2.162095447565999822e-06 3.232084527537999996e-06
-6.180168437106999674e-02 -3.134763212350000043e-04 2.461941879638000113e-06 5.826487433903999806e-06 -2.466169021981000058e-06 3.693133965392000197e-06
-6.136250084144000139e-02 -3.555293994647000240e-04 2.806344919711999932e-06 6.643687587612000353e-06 -2.811156339404999899e-06 4.217132363656999847e-06
-6.092331731180999910e-02 -4.029843241426000252e-04 3.196812114777999910e-06 7.570504595888000145e-06 -3.202334920789999958e-06 4.812220608432000001e-06
-6.048413378217999681e-02 -4.564703561678000042e-04 3.639233078129999816e-06 8.620888542001000409e-06 -3.645628928799999951e-06 5.487548465360999854e-06
-6.004495025255000146e-02 -5.166493757826000170e-04 4.140199910180999579e-06 9.810504570260999421e-06 -4.147641628523999699e-06 6.253409456352000340e-06
-5.960576672291999917e-02 -5.843135925971999767e-04 4.707046919083999880e-06 1.115688507570000076e-05 -4.715709807214999951e-06 7.121345538952000366e-06
-5.916658319328999688e-02 -6.603660628510000250e-04 5.347943162572000236e-06 1.267961075754000009e-05 -5.357992422581000255e-06 8.104249211028999181e-06
-5.872739966366000153e-02 -7.459032820035999597e-04 6.072040873305999955e-06 1.440054090775000010e-05 -6.083612073322000145e-06 9.216497312860000353e-06
-5.828821613402999924e-02 -8.419475106246000111e-04 6.889607789406000100e-06 1.634407533255999870e-05 -6.902830703938999861e-06 1.047412895703999957e-05
-5.784903260439999695e-02 -9.495932269490000525e-04 7.812090087431000288e-06 1.853743618406999852e-05 -7.827180770950000510e-06 1.189506083474000002e-05
-5.740984907477000160e-02 -1.070119332593000034e-03 8.852168000984000392e-06 2.101099117821000071e-05 -8.869483238159000713e-06 1.349930860426999932e-05
-5.697066554513999931e-02 -1.205168912833999963e-03 1.002394856100999937e-05 2.379858569811999988e-05 -1.004386694432999984e-05 1.530917741527999926e-05
-5.653148201550999702e-02 -1.356422100807000040e-03 1.134321802098000084e-05 2.693783199333999918e-05 -1.136597504662999982e-05 1.734945886046999902e-05
-5.609229848588000167e-02 -1.525509039278000103e-03 1.282752228771999967e-05 3.047041939223000135e-05 -1.285327674096999941e-05 1.964769552844000124e-05
-5.565311495624999938e-02 -1.714339220953000091e-03 1.449616628188000051e-05 3.444256810969000129e-05 -1.452519915412999962e-05 2.223450509388000121e-05
-5.521393142660999814e-02 -1.925263033487000040e-03 1.637049002994999864e-05 3.890565208576999846e-05 -1.640328315643999849e-05 2.514393139626999843e-05
-5.477474789699000174e-02 -2.160506305499000201e-03 1.847435007262999922e-05 4.391680774275000335e-05 -1.851154609178000060e-05 2.841378310386000100e-05
-5.433556436735999945e-02 -2.422587800270999993e-03 2.083439497072999853e-05 4.953939032193999939e-05 -2.087676499670000098e-05 3.208590308663999703e-05
-5.389638083771999821e-02 -2.714429051023000035e-03 2.348004026662999836e-05 5.584338193576999859e-05 -2.352845462338000053e-05 3.620647922831000151e-05
-5.345719730809000286e-02 -3.039695351556999901e-03 2.644347122527999889e-05 6.290592266562999662e-05 -2.649891526174999841e-05 4.082657813151000290e-05
-5.301801377846000057e-02 -3.401423605665000131e-03 2.976008516064999895e-05 7.081208256441000619e-05 -2.982371649558000139e-05 4.600268483943999696e-05
-5.257883024882999828e-02 -3.802902062340999916e-03 3.346925115228999923e-05 7.965588366650999663e-05 -3.354230181099000308e-05 5.179699344807000021e-05
-5.213964671920000293e-02 -4.248360644579000055e-03 3.761475241033000001e-05 8.954131591509000194e-05 -3.769826765891000028e-05 5.827785605886000048e-05
-5.170046318957000064e-02 -4.743008821010000382e-03 4.224460394026000254e-05 1.005829947401000040e-04 -4.233938740527000259e-05 6.552080592875000181e-05
-5.126127965993999835e-02 -5.291470869469999845e-03 4.741109927451999826e-05 1.129066380295999980e-04 -4.751807399803999676e-05 7.360950854038000586e-05
-5.082209613031000300e-02 -5.898525214097999694e-03 5.317180093002999715e-05 1.266500362193000086e-04 -5.329236308667000053e-05 8.263588685142000305e-05
-5.038291260068000071e-02 -6.569815873165000056e-03 5.959036556314999946e-05 1.419647356981000000e-04 -5.972651720261000112e-05 9.270011693354000284e-05
-4.994372907104999842e-02 -7.312753178993000071e-03 6.673655543472999476e-05 1.590177122860999875e-04 -6.689091902089999470e-05 1.039117112117999989e-04
-4.950454554142000307e-02 -8.133319852568000538e-03 7.468654526887999782e-05 1.779922763140000003e-04 -7.486202200629999662e-05 1.163913005992999995e-04
-4.906536201179000078e-02 -9.039142876900000539e-03 8.352415981119999449e-05 1.990885992773000002e-04 -8.372326867380000266e-05 1.302714613509999919e-04
-4.862617848215999850e-02 -1.003801398243000034e-02 9.334164536099000308e-05 2.225249207398000085e-04 -9.356652300041999517e-05 1.456966448503000115e-04
-4.818699495253000314e-02 -1.113892088424000074e-02 1.042392477138999999e-04 2.485397064342000236e-04 -1.044924797112999954e-04 1.628241303906999987e-04
-4.774781142290000086e-02 -1.235076557689999965e-02 1.163253697721000060e-04 2.773940353656000231e-04 -1.166106041375000057e-04 1.818261606328999973e-04
-4.730862789326999857e-02 -1.368344075333999960e-02 1.297185432538000116e-04 3.093735404977999938e-04 -1.300403561308000023e-04 2.028915710019999884e-04
-4.686944436362999733e-02 -1.514741692660999915e-02 1.445493119930000127e-04 3.447895329837000027e-04 -1.449125940752999915e-04 2.262259836638999913e-04
-4.643026083401000093e-02 -1.675684709077000095e-02 1.609603203723999996e-04 3.839799827715999984e-04 -1.613698403459000094e-04 2.520512882490999799e-04
-4.599107730437999864e-02 -1.852340498639000119e-02 1.791056585225999894e-04 4.273120071450999999e-04 -1.795661685015000064e-04 2.806068785678999936e-04
-4.555189377473999740e-02 -2.045997443614000141e-02 1.991512399122000014e-04 4.751854863984000029e-04 -1.996681737952000059e-04 3.121530060803000186e-04
-4.511271024511000205e-02 -2.257895100006999944e-02 2.212770412230999958e-04 5.280354759846999464e-04 -2.218572593112999993e-04 3.469740476028000133e-04
-4.467352671548999871e-02 -2.489656020399000011e-02 2.456799004827999833e-04 5.863328906826000041e-04 -2.463307722159000109e-04 3.853796767910000172e-04
-4.423434318584999747e-02 -2.743156275818000103e-02 2.725737683324000026e-04 6.505855014495000527e-04 -2.733028508731999754e-04 4.277036131978999896e-04
-4.379515965622000212e-02 -3.020339299498000021e-02 3.021897053424000093e-04 7.213409039311000038e-04 -3.030061518639000145e-04 4.743032870129999844e-04
-4.335597612658999983e-02 -3.322895577437000314e-02 3.347783034687999877e-04 7.991914197539999902e-04 -3.356929723331000055e-04 5.255637283616999963e-04
-4.291679259695999754e-02 -3.652426696399999756e-02 3.706104658669000197e-04 8.847797749477999754e-04 -3.716351096998000134e-04 5.819035742666000275e-04
-4.247760906733000219e-02 -4.011321942294000104e-02 4.099771118202000264e-04 9.788024836703999258e-04 -4.111230196037999750e-04 6.437770259943999913e-04
-4.203842553769999990e-02 -4.402015679448000041e-02 4.531894096737999842e-04 1.082008604664000048e-03 -4.544674750886999997e-04 7.116703678437000203e-04
-4.159924200806999761e-02 -4.827256560195999913e-02 5.005813720589999795e-04 1.195199576264999999e-03 -5.020042258128999679e-04 7.861000612346000444e-04
-4.116005847844000226e-02 -5.289347606059000007e-02 5.525139605860999482e-04 1.319236092569000098e-03 -5.540985019278000428e-04 8.676173453553000193e-04
-4.072087494880999997e-02 -5.790940007229000014e-02 6.093783050685999854e-04 1.455046428890000108e-03 -6.111437679850000027e-04 9.568157599972999762e-04
-4.028169141917999768e-02 -6.334617276425999477e-02 6.715945715628999493e-04 1.603629059504999965e-03 -6.735581296912000445e-04 1.054336357049000077e-03
-3.984250788955000233e-02 -6.923462233129999699e-02 7.396093640310999820e-04 1.766050221661000013e-03 -7.417868734466999793e-04 1.160867139179000028e-03
-3.940332435992000004e-02 -7.560429344081000258e-02 8.138992004462999473e-04 1.943443327183999939e-03 -8.163110257064999827e-04 1.277139099865000002e-03
-3.896414083028999775e-02 -8.249123409273000085e-02 8.949761305830000518e-04 2.137014918109999932e-03 -8.976489631244999887e-04 1.403926151767000011e-03
-3.852495730066000240e-02 -8.993876519672000525e-02 9.833902555385000844e-04 2.348056278176999939e-03 -9.863509408205000523e-04 1.542051602158999975e-03
-3.808577377103000011e-02 -9.797971909955000003e-02 1.079724958426000027e-03 2.577954214195000201e-03 -1.082998715117000068e-03 1.692396288143000003e-03
-3.764659024139999782e-02 -1.066471746236000023e-01 1.184593392762999919e-03 2.828192872896000045e-03 -1.188211560581000021e-03 1.855900215247000083e-03
-3.720740671175999659e-02 -1.159812304351000023e-01 1.298648922059000019e-03 3.100348742299999846e-03 -1.302652791133999954e-03 2.033556220676000208e-03
-3.676822318213000124e-02 -1.260355783795999995e-01 1.422596909730000029e-03 3.396087558134999913e-03 -1.427031318561999959e-03 2.226406383823000077e-03
-3.632903965249999895e-02 -1.368376117209000042e-01 1.557194150761999915e-03 3.717169834749000160e-03 -1.562097137874999967e-03 2.435552213990999949e-03
-3.588985612286999666e-02 -1.484296182834000111e-01 1.703238325585000081e-03 4.065462723230999983e-03 -1.708643262846999949e-03 2.662167501688999811e-03
-3.545067259324000131e-02 -1.608691869311000000e-01 1.861557839215000022e-03 4.442946484625999622e-03 -1.867514903735999904e-03 2.907498282354000103e-03
-3.501148906360999902e-02 -1.742241593839999880e-01 2.033015737656000081e-03 4.851712726298000253e-03 -2.039606690683999808e-03 3.172852008655000205e-03
-3.457230553397999673e-02 -1.885274598121000067e-01 2.218535291750999873e-03 5.293967040926999754e-03 -2.225849021206999928e-03 3.459588682251000039e-03
-3.413312200435000138e-02 -2.038163759349999882e-01 2.419124169678999944e-03 5.772042543849000354e-03 -2.427206409259999916e-03 3.769128064732000204e-03
-3.369393847471999909e-02 -2.201420146055000082e-01 2.635853783247999946e-03 6.288401002987000291e-03 -2.644705745634000089e-03 4.102972117037999820e-03
-3.325475494508999680e-02 -2.375784483635000055e-01 2.869815455888000046e-03 6.845615600578999933e-03 -2.879463040932000052e-03 4.462715465467999992e-03
-3.281557141546000145e-02 -2.561750127744000238e-01 3.122110268815000197e-03 7.446368628916000092e-03 -3.132660546427999855e-03 4.850028188514999769e-03
-3.237638788582999916e-02 -2.759838607151000045e-01 3.393896556608000121e-03 8.093480155918000851e-03 -3.405502253845000063e-03 5.266632069841999629e-03
-3.193720435619999687e-02 -2.970749737921999922e-01 3.686446238573999872e-03 8.789931907265999267e-03 -3.699216845727000113e-03 5.714298734707999768e-03
-3.149802082657000152e-02 -3.195279356942999915e-01 4.001130856354000176e-03 9.538843476737999746e-03 -4.015116423216999637e-03 6.194875603699000373e-03
-3.105883729693999923e-02 -3.433499687277000167e-01 4.339355550425000319e-03 1.034343840763999982e-02 -4.354624357638999660e-03 6.710309462743000407e-03
-3.061965376731000041e-02 -3.685926977230000179e-01 4.702521609956000076e-03 1.120705966924999929e-02 -4.719217130349000200e-03 7.262638720769000120e-03
-3.018047023768000159e-02 -3.953449263739999830e-01 5.092070316792000374e-03 1.213321131912999985e-02 -5.110373735043000076e-03 7.853968334044000160e-03
-2.974128670804999930e-02 -4.237105158353999812e-01 5.509553804195000022e-03 1.312556187513999953e-02 -5.529597953056000249e-03 8.486458535403999456e-03
-2.930210317841000153e-02 -4.537068428248000052e-01 5.956618333532000091e-03 1.418791224315000057e-02 -5.978473592833000345e-03 9.162319173835000580e-03
-2.886291964877999924e-02 -4.853623020676999800e-01 6.434923267112000432e-03 1.532417378286000074e-02 -6.458671839914000359e-03 9.883803849801000435e-03
-2.842373611915000042e-02 -5.187500575978000183e-01 6.946137419240000152e-03 1.653837169435000073e-02 -6.971937611373000068e-03 1.065321713967999975e-02
-2.798455258952000160e-02 -5.539765670827000443e-01 7.492034485989999826e-03 1.783464569741000094e-02 -7.520111441951999633e-03 1.147293604065999922e-02
-2.754536905988999931e-02 -5.910662373666000224e-01 8.074521524858000246e-03 1.921725138824000034e-02 -8.105100146337999509e-03 1.234544115018999973e-02
-2.710618553026000049e-02 -6.300290057471999994e-01 8.695542735515999350e-03 2.069059436597999943e-02 -8.728786973762999585e-03 1.327331863827000032e-02
-2.666700200063000167e-02 -6.710057985181999696e-01 9.357017825213000822e-03 2.225924056810999960e-02 -9.393041374981000655e-03 1.425920035501999916e-02
-2.622781847099999938e-02 -7.140138214023999952e-01 1.006088050213999920e-02 2.392786109873000153e-02 -1.009983742785000062e-02 1.530571433481000068e-02
-2.578863494137000056e-02 -7.590524442393999927e-01 1.080911178816999947e-02 2.570118412066000127e-02 -1.085127393917999922e-02 1.641549067227000142e-02
-2.534945141173999827e-02 -8.061491121423000061e-01 1.160372596431999935e-02 2.758401011724000151e-02 -1.164946942425000055e-02 1.759117498658999829e-02
-2.491026788210999945e-02 -8.553940162466999730e-01 1.244680037495999973e-02 2.958124973703999891e-02 -1.249650304713000037e-02 1.883541586401999909e-02
-2.447108435248000063e-02 -9.068715872792000310e-01 1.334055093433000015e-02 3.169792056700999894e-02 -1.339447210301000085e-02 2.015089636175999843e-02
-2.403190082284999834e-02 -9.605708034662000516e-01 1.428730155660999993e-02 3.393909397959000290e-02 -1.434559263198999929e-02 2.154041329494000082e-02
-2.359271729321999952e-02 -1.016435964413999971e+00 1.528931610413999942e-02 3.630984540174000269e-02 -1.535218587253999942e-02 2.300683155216999912e-02
-2.315353376359000070e-02 -1.074561358258999899e+00 1.634873259353000069e-02 3.881524812394999968e-02 -1.641653256133000088e-02 2.455288744791999864e-02
-2.271435023395999842e-02 -1.135038670516999915e+00 1.746769887203999949e-02 4.146043682069999736e-02 -1.754080278487999897e-02 2.618112183817000033e-02
-2.227516670432999960e-02 -1.197832682952999939e+00 1.864846193637999944e-02 4.425067832344999758e-02 -1.872717409413000161e-02 2.789410155442000050e-02
-2.183598317470000078e-02 -1.262868762699000058e+00 1.989328691120000048e-02 4.719131724537999756e-02 -1.997797310689999883e-02 2.969460942892999944e-02
-2.139679964506999849e-02 -1.330054220317000047e+00 2.120442026203999894e-02 5.028762153012000108e-02 -2.129560689396000142e-02 3.158545647160999892e-02
-2.095761611543000072e-02 -1.399530688924000010e+00 2.258419604738999900e-02 5.354468076180000230e-02 -2.268238015632999954e-02 3.356918431208000264e-02
-2.051843258579999843e-02 -1.471424368059000010e+00 2.403501307199000167e-02 5.696739621043000329e-02 -2.414042319391000030e-02 3.564812932118999883e-02
-2.007924905616999961e-02 -1.545495563440999920e+00 2.555906203958999839e-02 6.056057824451999833e-02 -2.567181079429000159e-02 3.782471269596000135e-02
-1.964006552654000079e-02 -1.621737091056000057e+00 2.715817535382000075e-02 6.432910395547999927e-02 -2.727870830304000155e-02 4.010147741245000119e-02
-1.920088199690999850e-02 -1.700144065788999903e+00 2.883410188181000089e-02 6.827799167626000254e-02 -2.896334436585000158e-02 4.248083362169999960e-02
-1.876169846727999968e-02 -1.780666880045000067e+00 3.058897006557000087e-02 7.241225676633999964e-02 -3.072784748708000044e-02 4.496487573478000210e-02
-1.832251493765000086e-02 -1.863093527948999961e+00 3.242528658418999954e-02 7.673658914945000187e-02 -3.257418173385000226e-02 4.755544475326999726e-02
-1.788333140801999857e-02 -1.947419764208000004e+00 3.434532993639000109e-02 8.125512676769999776e-02 -3.450423172586000037e-02 5.025427893019999981e-02
-1.744414787838999975e-02 -2.033784742198000206e+00 3.635072503230000335e-02 8.597158659753000032e-02 -3.651983787845999863e-02 5.306303028313000270e-02
-1.700496434876000093e-02 -2.122042507776999987e+00 3.844276772703000139e-02 9.088969815050999823e-02 -3.862272990656000216e-02 5.598328659224000026e-02
-1.656578081912999864e-02 -2.211952178824000192e+00 4.062294754120999996e-02 9.601341931432000321e-02 -4.081450122343999870e-02 5.901660391519000098e-02
-1.612659728949999982e-02 -2.303234570797000114e+00 4.289293006414000159e-02 1.013465954304000050e-01 -4.309671295063000063e-02 6.216437075366999798e-02
-1.568741375987000100e-02 -2.395863193373000133e+00 4.525428655388000210e-02 1.068924578407999953e-01 -4.547092384951999938e-02 6.542767938266000338e-02
-1.524823023024000045e-02 -2.489981549271000016e+00 4.770845999636000312e-02 1.126535594873999957e-01 -4.793853114400999788e-02 6.880739397575999505e-02
-1.480904670060999989e-02 -2.585483618847999931e+00 5.025672567158000204e-02 1.186321163565999953e-01 -5.050064829899000157e-02 7.230417789097999537e-02
-1.436986317097999934e-02 -2.681822135937999896e+00 5.289999346801999708e-02 1.248302699542999938e-01 -5.315826290695999795e-02 7.591824109247000130e-02
-1.393067964135000052e-02 -2.778813792917000036e+00 5.563885687826999882e-02 1.312500436359000100e-01 -5.591238841401000026e-02 7.964933596937999460e-02
-1.349149611171999996e-02 -2.876619490572999815e+00 5.847387764664999793e-02 1.378930772543000005e-01 -5.876399269935000252e-02 8.349725311957000018e-02
-1.305231258208999941e-02 -2.975178154217000159e+00 6.140569807116000312e-02 1.447603293088000065e-01 -6.171375216358999938e-02 8.746208702487000275e-02
-1.261312905244999991e-02 -3.073915162117999866e+00 6.443476533271000339e-02 1.518519913497999863e-01 -6.476179447893999630e-02 9.154380159491999625e-02
-1.217394552281999935e-02 -3.172571503118999825e+00 6.756109169254000124e-02 1.591677471846000003e-01 -6.790772398401999366e-02 9.574155784271000391e-02
-1.173476199319000053e-02 -3.271218286668999831e+00 7.078441414316000158e-02 1.667070882686000066e-01 -7.115102792360999961e-02 1.000535194510999981e-01
-1.129557846355999998e-02 -3.369694901342000115e+00 7.410452603042999575e-02 1.744693634021000084e-01 -7.449146524404000325e-02 1.044774342648999987e-01
-1.085639493392999942e-02 -3.467665190825000021e+00 7.752132756436999617e-02 1.824535471784000107e-01 -7.792894239995999672e-02 1.090116402696000020e-01
-1.041721140430000060e-02 -3.564708423188999831e+00 8.103438257148000423e-02 1.906579379657999951e-01 -8.146309524863000473e-02 1.136552204585000031e-01
-9.978027874670999248e-03 -3.660841329444000092e+00 8.464258823258000164e-02 1.990799898811999868e-01 -8.509309111413000670e-02 1.184069013898999961e-01
-9.538844345041000428e-03 -3.755908690086999790e+00 8.834433789345000343e-02 2.077164737263000049e-01 -8.881766659652000351e-02 1.232641225030999960e-01
-9.099660815410000672e-03 -3.849554643115999930e+00 9.213794111100999384e-02 2.165639305615000010e-01 -9.263512754647000580e-02 1.282233168593999995e-01
-8.660477285780000117e-03 -3.941498754841000096e+00 9.602190337087999905e-02 2.256186855691000026e-01 -9.654348946745000548e-02 1.332807753904000081e-01
-8.221293756149000362e-03 -4.031481659091999958e+00 9.999467724098999588e-02 2.348762736308999954e-01 -1.005409589586999941e-01 1.384330075651999947e-01
-7.782110226518999807e-03 -4.119344279802000131e+00 1.040540397721999993e-01 2.443311445521000047e-01 -1.046260112962000000e-01 1.436765434814999964e-01
-7.342926696888000052e-03 -4.204823122862999973e+00 1.081969747872000009e-01 2.539770411814999962e-01 -1.087965945888999947e-01 1.490076320640000007e-01
-6.903743167258000364e-03 -4.287623497595999922e+00 1.124205796035999960e-01 2.638076823473000099e-01 -1.130495247529999941e-01 1.544220830309999959e-01
-6.464559637626999741e-03 -4.367550003459999886e+00 1.167226456545999991e-01 2.738169598272000016e-01 -1.173811646416000054e-01 1.599154309586000022e-01
-6.025376107997000054e-03 -4.444482741637999723e+00 1.211009330132000045e-01 2.839983596344999861e-01 -1.217885495963000053e-01 1.654832261672999905e-01
-5.586192578366000298e-03 -4.517941995943999700e+00 1.255523461076999969e-01 2.943444421017000212e-01 -1.262694151412999954e-01 1.711210137815999954e-01
-5.147009048735999744e-03 -4.587755871794000129e+00 1.300731229315000015e-01 3.048467121842999838e-01 -1.308209231758999946e-01 1.768239350151999956e-01
-4.707825519104999988e-03 -4.653942016373999735e+00 1.346594043317000111e-01 3.154958134288000093e-01 -1.354388142700000131e-01 1.825863718009000103e-01
-4.268641989474000233e-03 -4.716395109581999812e+00 1.393070752527000022e-01 3.262819108767999743e-01 -1.401181708387999880e-01 1.884022290140000000e-01
-3.829458459844000111e-03 -4.774494259845999622e+00 1.440114848190000019e-01 3.371950966857000243e-01 -1.448546382318000036e-01 1.942655194818999898e-01
-3.390274930212999922e-03 -4.827728325602000048e+00 1.487678373489000061e-01 3.482257385511999814e-01 -1.496444342139000017e-01 2.001705518632000136e-01
-2.951091400582999801e-03 -4.876599548308999665e+00 1.535718715150999891e-01 3.593642468966000147e-01 -1.544833497294000046e-01 2.061117137334000093e-01
-2.511907870952000046e-03 -4.921398884330000278e+00 1.584199718878999963e-01 3.706004725407999745e-01 -1.593664662569000134e-01 2.120830094313000125e-01
-2.072724341321999925e-03 -4.961096308187999959e+00 1.633083910565999997e-01 3.819233486945000089e-01 -1.642887656849000011e-01 2.180778609459000095e-01
-1.633540811690999952e-03 -4.995228118882000246e+00 1.682321788569000054e-01 3.933208527579000191e-01 -1.692455785436000060e-01 2.240894359767000021e-01
-1.194357282061000048e-03 -5.024302571930999939e+00 1.731848607459000045e-01 4.047803580454000238e-01 -1.742323330582999930e-01 2.301110735570000010e-01
-7.551737524302000026e-04 -5.048574604298999624e+00 1.781598095364000101e-01 4.162896018544000043e-01 -1.792441193940000066e-01 2.361363233517000115e-01
-3.159902227997000101e-04 -5.067873999971999943e+00 1.831520143569000114e-01 4.278372962793000056e-01 -1.842753957940999887e-01 2.421588509298999992e-01
1.231933068308000096e-04 -5.081572019110000227e+00 1.881579489789000081e-01 4.394123939110000099e-01 -1.893200168237000047e-01 2.481725569271999998e-01
5.623768364613999926e-04 -5.089389440079999716e+00 1.931737332718000133e-01 4.510028280044999782e-01 -1.943719333262000082e-01 2.541715902858999732e-01
1.001560366091999894e-03 -5.091662579848000192e+00 1.981938400974999903e-01 4.625952036923000055e-01 -1.994259681354000058e-01 2.601499681378999784e-01
1.440743895722000015e-03 -5.088658713430000091e+00 2.032113255066000101e-01 4.741759319086000235e-01 -2.044775904703000080e-01 2.661010120464000206e-01
1.879927425352999988e-03 -5.080180107773999865e+00 2.082190172131999917e-01 4.857324225037000232e-01 -2.095219574214000069e-01 2.720173619962000244e-01
2.319110954982999892e-03 -5.066130995852000218e+00 2.132108114338999993e-01 4.972529418373000110e-01 -2.145536159992000036e-01 2.778917846669999858e-01
2.758294484614000081e-03 -5.046617996752999602e+00 2.181822947006999969e-01 5.087254890642000094e-01 -2.195669682031000103e-01 2.837181058152000168e-01
3.197478014244999837e-03 -5.021739042640000150e+00 2.231301605016000056e-01 5.201371658504000406e-01 -2.245564084381000136e-01 2.894909344268000173e-01
3.636661543874999958e-03 -4.991289087811000336e+00 2.280504095199999970e-01 5.314757608261000410e-01 -2.295160187814999919e-01 2.952051109675999929e-01
4.075845073505999713e-03 -4.955389770234000402e+00 2.329369734598999986e-01 5.427299409806000119e-01 -2.344396188516000012e-01 3.008546484472000015e-01
4.515028603136000268e-03 -4.914260259999999825e+00 2.377826705403000007e-01 5.538884917472000069e-01 -2.393214287053999911e-01 3.064333627586999786e-01
4.954212132767000024e-03 -4.868339175610000069e+00 2.425814960481000038e-01 5.649396501593000330e-01 -2.441567621403999966e-01 3.119359028795000155e-01
5.393395662396999711e-03 -4.817465831516999586e+00 2.473295109903999867e-01 5.758716203607000539e-01 -2.489418945178999976e-01 3.173577509634999960e-01
5.832579192028000334e-03 -4.761434878880000277e+00 2.520235406556999846e-01 5.866732864403000347e-01 -2.536734608419999870e-01 3.226942309163000067e-01
6.271762721658000021e-03 -4.700609538664999754e+00 2.566593924626000001e-01 5.973342209844999529e-01 -2.583477936915000162e-01 3.279398989783000040e-01
6.710946251288999777e-03 -4.635694043095999639e+00 2.612316651134000134e-01 6.078447072549999497e-01 -2.629600004518999889e-01 3.330895982288000212e-01
7.150129780919000332e-03 -4.566624549425999824e+00 2.657351604807000056e-01 6.181959269944999891e-01 -2.675034843954000041e-01 3.381399960086999834e-01
7.589313310550000087e-03 -4.493319082666999975e+00 2.701659795820999799e-01 6.283792210509999698e-01 -2.719713550167999760e-01 3.430892349883000181e-01
8.028496840179999774e-03 -4.416048060824000032e+00 2.745210614724000187e-01 6.383849819026999883e-01 -2.763595888672999989e-01 3.479344631494999951e-01
8.467680369810999530e-03 -4.335198806200000199e+00 2.787970983101000222e-01 6.482034620233000366e-01 -2.806681239836000263e-01 3.526704303434999854e-01
8.906863899441999285e-03 -4.251082006064000218e+00 2.829904834313999862e-01 6.578273211337000159e-01 -2.848970646051999789e-01 3.572913860149999898e-01
9.346047429071999840e-03 -4.163712263122000046e+00 2.870981224424000167e-01 6.672522211728000308e-01 -2.890422126634000222e-01 3.617941240040999928e-01
9.785230958702000395e-03 -4.073119816281000283e+00 2.911175585590999870e-01 6.764734901622000418e-01 -2.930963585645999792e-01 3.661784927435000059e-01
1.022441448833000081e-02 -3.979974114888999992e+00 2.950462670128000120e-01 6.854831383884000262e-01 -2.970550625137000078e-01 3.704450540045999829e-01
1.066359801795999963e-02 -3.884841632779000076e+00 2.988811291246999957e-01 6.942720806751000451e-01 -3.009189993197999846e-01 3.745928857681999902e-01
1.110278154759000019e-02 -3.787491283745000104e+00 3.026188746719999934e-01 7.028349820221000410e-01 -3.046895615049000083e-01 3.786191830076999776e-01
1.154196507722000074e-02 -3.687892160746999881e+00 3.062571277362999833e-01 7.111709082518999914e-01 -3.083640149845999767e-01 3.825204595221000092e-01
1.198114860686000024e-02 -3.586396010129000000e+00 3.097947908595999889e-01 7.192788601245000413e-01 -3.119368920043000259e-01 3.862942544410000179e-01
1.242033213649000080e-02 -3.483763920421000027e+00 3.132314894836999986e-01 7.271547166901000114e-01 -3.154051067311000045e-01 3.899404655059999780e-01
1.285951566611999962e-02 -3.380392266439999904e+00 3.165670679993000114e-01 7.347933525975000046e-01 -3.187693782998000103e-01 3.934612251681999795e-01
1.329869919575000017e-02 -3.276252153203000006e+00 3.198014780551000080e-01 7.421919963519000296e-01 -3.220306387490999844e-01 3.968588016010999864e-01
1.373788272538000073e-02 -3.171230653660999987e+00 3.229342152545000011e-01 7.493503366096999629e-01 -3.251876089462999997e-01 4.001332597269000035e-01
1.417706625500999955e-02 -3.065658445447999814e+00 3.259634706348000233e-01 7.562686787546000211e-01 -3.282391210251000002e-01 4.032825602012999888e-01
1.461624978464000010e-02 -2.959986950865999944e+00 3.288867072612000064e-01 7.629476077165999737e-01 -3.311865365707999942e-01 4.063053401587999880e-01
1.505543331427000066e-02 -2.854562408464000001e+00 3.317029401009000122e-01 7.693884519352000018e-01 -3.340317582865999779e-01 4.092032753411999901e-01
1.549461684389999948e-02 -2.749696402994000088e+00 3.344142627857000227e-01 7.755920253411000553e-01 -3.367740945155999754e-01 4.119802886189000146e-01
1.593380037353000003e-02 -2.645554112670000180e+00 3.370243780398999855e-01 7.815573460428000274e-01 -3.394112049072999793e-01 4.146397026406000164e-01
1.637298390315999885e-02 -2.542125903182999913e+00 3.395353865835000207e-01 7.872838590845000484e-01 -3.419427223256999993e-01 4.171828173252999927e-01
1.681216743279000114e-02 -2.439456019945000165e+00 3.419464568187999820e-01 7.927750918228000376e-01 -3.443709887124000169e-01 4.196100822139999797e-01
1.725135096241999996e-02 -2.337898878769999911e+00 3.442558469477999816e-01 7.980377321932999868e-01 -3.466984597728000050e-01 4.219227605795999869e-01
1.769053449204999878e-02 -2.237897342226999875e+00 3.464638375433000128e-01 8.030763002677999696e-01 -3.489265671185999840e-01 4.241230472949000241e-01
1.812971802168000107e-02 -2.139698531621999855e+00 3.485733200225000217e-01 8.078910539564999604e-01 -3.510573483853000054e-01 4.262133401775000108e-01
1.856890155130999989e-02 -2.043282623043999990e+00 3.505879066945999933e-01 8.124825443015000204e-01 -3.530936186149999934e-01 4.281963776521000020e-01
1.900808508093999871e-02 -1.948438092246999931e+00 3.525100922846999829e-01 8.168561193397000375e-01 -3.550362777461000263e-01 4.300758750531999963e-01
1.944726861057000100e-02 -1.855399798929000088e+00 3.543412250833999910e-01 8.210196841182000327e-01 -3.568837151270999875e-01 4.318559621577999774e-01
1.988645214019999982e-02 -1.764689457840000086e+00 3.560825193736000260e-01 8.249785227461999826e-01 -3.586361081914000160e-01 4.335396736284000130e-01
2.032563566984000106e-02 -1.676481553968000027e+00 3.577355083916999856e-01 8.287353190139999937e-01 -3.602990177547000239e-01 4.351287428910999844e-01
2.076481919946999988e-02 -1.590578419687000089e+00 3.593020963790000133e-01 8.322946878300999662e-01 -3.618801090216999805e-01 4.366252809714000205e-01
2.120400272909999870e-02 -1.506839391618000068e+00 3.607850170167999915e-01 8.356642231398999643e-01 -3.633825125878999973e-01 4.380331776677000022e-01
2.164318625873000099e-02 -1.425420497786999974e+00 3.621878492689999951e-01 8.388501972028999942e-01 -3.648037442061999869e-01 4.393572993623000023e-01
2.208236978835999981e-02 -1.346686137690999985e+00 3.635136268381999880e-01 8.418554087462000179e-01 -3.661416884027000052e-01 4.406013047058000009e-01
2.252155331798999863e-02 -1.270736004133000030e+00 3.647634389109000175e-01 8.446834328892000032e-01 -3.673995749653999887e-01 4.417668390380999899e-01
2.296073684762000092e-02 -1.197464883215999976e+00 3.659375406250000018e-01 8.473426989168000301e-01 -3.685839955222000031e-01 4.428552716331000116e-01
2.339992037724999974e-02 -1.126694359502999898e+00 3.670385935493999940e-01 8.498434604568999573e-01 -3.696997604155000117e-01 4.438701084789999918e-01
2.383910390687999856e-02 -1.058482396982999951e+00 3.680728052862999866e-01 8.521918580784000330e-01 -3.707483682955000082e-01 4.448172673258000143e-01
2.427828743651000085e-02 -9.929783306910000551e-01 3.690462316215999961e-01 8.543900703707000277e-01 -3.717305182619000115e-01 4.457024903374999791e-01
2.471747096613999967e-02 -9.302783986185999554e-01 3.699601289450999975e-01 8.564421518410999523e-01 -3.726482811512999982e-01 4.465284480569999825e-01
2.515665449576999849e-02 -8.704061707139000292e-01 3.708118107976000055e-01 8.583564693217999864e-01 -3.735049800265000108e-01 4.472950648205000213e-01
2.559583802540000078e-02 -8.130730976444999758e-01 3.716007907216000161e-01 8.601413317328000518e-01 -3.743043805297999738e-01 4.480033291810999740e-01
2.603502155502999960e-02 -7.581485537283999543e-01 3.723325096785999877e-01 8.618011622508999769e-01 -3.750500287977999725e-01 4.486581955599999727e-01
2.647420508465999842e-02 -7.057437035210000209e-01 3.730146269838000017e-01 8.633392651975000387e-01 -3.757441452393999737e-01 4.492664116633999782e-01
2.691338861429000071e-02 -6.560861549279000116e-01 3.736507833327999961e-01 8.647624418188000206e-01 -3.763871117961999913e-01 4.498314901654000275e-01
2.735257214391999953e-02 -6.090909154850000506e-01 3.742399176271000161e-01 8.660798524382999908e-01 -3.769794284801000206e-01 4.503526452079000264e-01
2.779175567354999835e-02 -5.644032324640000375e-01 3.747812947538000095e-01 8.672978276560999733e-01 -3.775245516629999742e-01 4.508298166513999838e-01
2.823093920318000064e-02 -5.218206007693000359e-01 3.752779748485999822e-01 8.684186801473999795e-01 -3.780283268246000250e-01 4.512681792811000236e-01
2.867012273281999840e-02 -4.815381449187000062e-01 3.757347177238999913e-01 8.694451560688000180e-01 -3.784947647901000245e-01 4.516754828867999838e-01
2.910930626245000069e-02 -4.436835411094999793e-01 3.761543680944000045e-01 8.703836568373000127e-01 -3.789237116638000114e-01 4.520553372794000047e-01
2.954848979207999951e-02 -4.080445862923999800e-01 3.765378055342000208e-01 8.712419305327999686e-01 -3.793139821697000258e-01 4.524056040509999987e-01
2.998767332170999833e-02 -3.743385060434000211e-01 3.768865506012999966e-01 8.720254358979999676e-01 -3.796677493344000065e-01 4.527242825591999975e-01
3.042685685134000062e-02 -3.425389270965000232e-01 3.772037181883000079e-01 8.727375331896000121e-01 -3.799900767862999795e-01 4.530149911026999932e-01
3.086604038096999944e-02 -3.127229451720999753e-01 3.774922493046000138e-01 8.733820072964999515e-01 -3.802845788363000135e-01 4.532849953933000275e-01
3.130522391059999826e-02 -2.848296181403000005e-01 3.777533133414999744e-01 8.739636131065999791e-01 -3.805514963327999989e-01 4.535389949204000071e-01
3.174440744023000055e-02 -2.586833135416000129e-01 3.779870309041999943e-01 8.744866794366999985e-01 -3.807903030749000273e-01 4.537767078080000016e-01
3.218359096986000284e-02 -2.341692433811000118e-01 3.781943610806999811e-01 8.749547894111999735e-01 -3.810024887149999762e-01 4.539961573801000183e-01
3.262277449948999819e-02 -2.112081119099999960e-01 3.783778575830999968e-01 8.753717395917000044e-01 -3.811911599269999784e-01 4.541976430249000107e-01
3.306195802912000048e-02 -1.897409485244999916e-01 3.785406371789000191e-01 8.757415746558000480e-01 -3.813593494004000051e-01 4.543844793196000209e-01
3.350114155875000277e-02 -1.697163083940000095e-01 3.786848496474000125e-01 8.760677883670000554e-01 -3.815093393471999939e-01 4.545613195738000267e-01
3.394032508837999812e-02 -1.511050234034000128e-01 3.788112703739999754e-01 8.763536481631000186e-01 -3.816420819308000145e-01 4.547319308453999787e-01
3.437950861801000041e-02 -1.338198109075000031e-01 3.789201932744999946e-01 8.766030871446000017e-01 -3.817564542522000059e-01 4.548971918536000025e-01
3.481869214764000270e-02 -1.176784158212000053e-01 3.790123156667000170e-01 8.768198355006000533e-01 -3.818509838469000273e-01 4.550549556963000009e-01
3.525787567726999805e-02 -1.025413932182999976e-01 3.790887415545999839e-01 8.770056429660999520e-01 -3.819278503269999958e-01 4.552033804983000032e-01
3.569705920690000034e-02 -8.845037434088999506e-02 3.791508553619999944e-01 8.771610198914999712e-01 -3.819932608398999840e-01 4.553449552684000201e-01
3.613624273653000263e-02 -7.549104784339999430e-02 3.792007134920000189e-01 8.772882685737000141e-01 -3.820513463326000170e-01 4.554855755214000101e-01
3.657542626616999693e-02 -6.356888124699999754e-02 3.792407506732000111e-01 8.773922295292000406e-01 -3.820991219263999983e-01 4.556285953477000050e-01
3.701460979579999921e-02 -5.243287151024000198e-02 3.792719381058000105e-01 8.774771001221000066e-01 -3.821309645770000207e-01 4.557715173981999879e-01
3.745379332542000256e-02 -4.195484327487000037e-02 3.792927601466999921e-01 8.775438271562999715e-01 -3.821476806172000029e-01 4.559104193756999823e-01
3.789297685505999685e-02 -3.222073955963000030e-02 3.793017080459999968e-01 8.775918623694000109e-01 -3.821570141314999947e-01 4.560463580172000042e-01
3.833216038468999914e-02 -2.331800233395999941e-02 3.793007795209999977e-01 8.776224717720000346e-01 -3.821640415354000120e-01 4.561847645109999849e-01
3.877134391432000143e-02 -1.513968653742000028e-02 3.792944610235999825e-01 8.776388964221000233e-01 -3.821651808729999988e-01 4.563288102129000046e-01
3.921052744394999678e-02 -7.499521326139999867e-03 3.792845964202000153e-01 8.776439569392000539e-01 -3.821545889719000222e-01 4.564762623631999916e-01
3.964971097357999907e-02 -3.308436252348999763e-04 3.792685619060999769e-01 8.776390201810000402e-01 -3.821333082255999880e-01 4.566238190549999909e-01
4.008889450321000136e-02 6.307013618118999763e-03 3.792440950959000134e-01 8.776249323849000250e-01 -3.821078682728999976e-01 4.567721323974999748e-01
4.052807803283999671e-02 1.238584768542999939e-02 3.792137067815999907e-01 8.776024504232999845e-01 -3.820813710795000206e-01 4.569247482030999730e-01
4.096726156246999900e-02 1.797275724729999885e-02 3.791815616120000065e-01 8.775719329860000029e-01 -3.820506465835999954e-01 4.570836231595999943e-01
4.140644509210000129e-02 2.315582518424999861e-02 3.791474507481999989e-01 8.775341319581000388e-01 -3.820125102593999733e-01 4.572478078009999947e-01
4.184562862172999664e-02 2.798351933627999874e-02 3.791075522626000116e-01 8.774912768171000410e-01 -3.819686159933000091e-01 4.574158823991000267e-01
4.228481215135999893e-02 3.247112575627000147e-02 3.790611279136000267e-01 8.774458251846000145e-01 -3.819224384486000212e-01 4.575876418609000074e-01
4.272399568099000122e-02 3.660386892184999685e-02 3.790126104679000241e-01 8.773980566760000155e-01 -3.818745977763999822e-01 4.577633004182999898e-01
4.316317921061999657e-02 4.035756333381999850e-02 3.789655945516999802e-01 8.773466611828999451e-01 -3.818235276158999936e-01 4.579426504144999965e-01
4.360236274024999886e-02 4.375709035993999990e-02 3.789180073815999750e-01 8.772920426814999617e-01 -3.817688295548999911e-01 4.581255127912000069e-01
4.404154626988000115e-02 4.689663309291999815e-02 3.788657944864000093e-01 8.772369895492000413e-01 -3.817116492259000071e-01 4.583120970471999955e-01
4.448072979951000344e-02 4.983711860619999962e-02 3.788091810340999954e-01 8.771831681495999566e-01 -3.816528025934000090e-01 4.585026575869999843e-01
4.491991332914999774e-02 5.252799125661999913e-02 3.787521429735000167e-01 8.771290888900999949e-01 -3.815924274393999727e-01 4.586974640713000206e-01
4.535909685878000003e-02 5.489032520831999690e-02 3.786966916953999895e-01 8.770732102138999453e-01 -3.815308062184999960e-01 4.588969356504999930e-01
4.579828038840000337e-02 5.695425945364999964e-02 3.786408810442999928e-01 8.770172010857999467e-01 -3.814680709066000097e-01 4.591007975195000035e-01
4.623746391803999767e-02 5.882951376863999882e-02 3.785826196543000122e-01 8.769637824638000234e-01 -3.814037615702999817e-01 4.593072671294000098e-01
4.667664744766999996e-02 6.055275299812999668e-02 3.785227307956999798e-01 8.769126754974000404e-01 -3.813378973145999939e-01 4.595144204573000102e-01
4.711583097730000225e-02 6.205265068435000114e-02 3.784632415802999805e-01 8.768616304855000321e-01 -3.812716553969000000e-01 4.597225004689999839e-01
4.755501450692999760e-02 6.327814929722999637e-02 3.784045247016000202e-01 8.768109407341999617e-01 -3.812057819788000068e-01 4.599333966194000256e-01
4.799419803655999989e-02 6.427966206330000543e-02 3.783454478786000275e-01 8.767636609771000122e-01 -3.811393592126999796e-01 4.601474027549000145e-01
4.843338156619000218e-02 6.512688874154000385e-02 3.782853513284000213e-01 8.767208983848000514e-01 -3.810715800496999872e-01 4.603620856014000173e-01
4.887256509581999753e-02 6.581649189518000431e-02 3.782247701404000129e-01 8.766801461801999595e-01 -3.810036392773000213e-01 4.605752475928999723e-01
4.931174862544999982e-02 6.630474132390000441e-02 3.781646336867999780e-01 8.766397264955999580e-01 -3.809370872223999949e-01 4.607874612299999728e-01
4.975093215508000211e-02 6.658365772669000426e-02 3.781054242181999814e-01 8.766019304616999852e-01 -3.808713296442999829e-01 4.610002612358000129e-01
5.019011568470999746e-02 6.668019334347000115e-02 3.780468935158999844e-01 8.765693354500999623e-01 -3.808048931154999761e-01 4.612130596064000221e-01
5.062929921433999975e-02 6.661726718891999854e-02 3.779883433326000075e-01 8.765402951894000205e-01 -3.807383300341000143e-01 4.614236612468000098e-01
5.106848274397000204e-02 6.640954787861999553e-02 3.779294546520999831e-01 8.765113365283999647e-01 -3.806733392514000114e-01 4.616311127703999762e-01
5.150766627359999739e-02 6.606552323144999905e-02 3.778707897922000125e-01 8.764828465263000412e-01 -3.806095147029999737e-01 4.618360901147000042e-01
5.194684980322999968e-02 6.556666523967999427e-02 3.778129932227999865e-01 8.764587772819999456e-01 -3.805449114851000014e-01 4.620386788129999811e-01
5.238603333286000197e-02 6.488275975195000045e-02 3.777557212018999855e-01 8.764406757754999999e-01 -3.804799170834000099e-01 4.622376320107999814e-01
5.282521686248999732e-02 6.403579387041999360e-02 3.776981980386999727e-01 8.764254667116000430e-01 -3.804173817588000217e-01 4.624319630245000146e-01
5.326440039212999855e-02 6.310206357129999333e-02 3.776407018740999821e-01 8.764102713097999819e-01 -3.803580878282999955e-01 4.626215915519999999e-01
5.370358392176000084e-02 6.211368512517000118e-02 3.775843722662000079e-01 8.763964668113000123e-01 -3.802992338726000066e-01 4.628061678650999822e-01
5.414276745139000313e-02 6.100759188999999721e-02 3.775293685903000074e-01 8.763869980917999847e-01 -3.802389645675000041e-01 4.629849599431000162e-01
5.458195098101999848e-02 5.972558198689999903e-02 3.774744272844999804e-01 8.763818524887000416e-01 -3.801794980266000046e-01 4.631583072091000064e-01
5.502113451065000077e-02 5.832186657182000106e-02 3.774187706388000274e-01 8.763787078678999531e-01 -3.801235117753000159e-01 4.633273310957000124e-01
5.546031804028000306e-02 5.690150096603999869e-02 3.773633733542999802e-01 8.763767869328999982e-01 -3.800698735185999988e-01 4.634914190364999853e-01
5.589950156990999841e-02 5.548015861733000126e-02 3.773095478264000269e-01 8.763773891106999558e-01 -3.800157962230000241e-01 4.636478644429000151e-01
5.633868509954000070e-02 5.398302697013999951e-02 3.772570825609999901e-01 8.763810043184999676e-01 -3.799614808637000185e-01 4.637952312144000278e-01
5.677786862917000299e-02 5.237557047342000088e-02 3.772046545202000223e-01 8.763864270078000063e-01 -3.799094731430999738e-01 4.639353124228000058e-01
5.721705215879999834e-02 5.071879426919000122e-02 3.771515727665999962e-01 8.763930225456000311e-01 -3.798603965278000150e-01 4.640700664956999844e-01
5.765623568843000063e-02 4.908336721736000080e-02 3.770983584311000114e-01 8.764016899625000079e-01 -3.798124751061000004e-01 4.641982225919000227e-01
5.809541921806000292e-02 4.747500023994000173e-02 3.770459480575000244e-01 8.764128701972000446e-01 -3.797649467949000268e-01 4.643172711836000000e-01
5.853460274768999827e-02 4.586629494358000075e-02 3.769948847592999863e-01 8.764255092071000508e-01 -3.797189560545000120e-01 4.644277671281999975e-01
5.897378627732000056e-02 4.424917685890000091e-02 3.769449617371000150e-01 8.764390609961000278e-01 -3.796749160812999957e-01 4.645327832730000162e-01
5.941296980695000285e-02 4.263341435227999826e-02 3.768952928570999950e-01 8.764548188523999528e-01 -3.796317567874999965e-01 4.646331744218000215e-01
5.985215333657999820e-02 4.103868775365000082e-02 3.768451909000999911e-01 8.764736886824999740e-01 -3.795892817297000232e-01 4.647262198148000012e-01
6.029133686621000049e-02 3.950780552929000072e-02 3.767952020259999757e-01 8.764938823851999850e-01 -3.795487127662999782e-01 4.648097579045999961e-01
6.073052039584000278e-02 3.808293332946000032e-02 3.767465242040999862e-01 8.765128258469999656e-01 -3.795101633131000018e-01 4.648852447828999979e-01
6.116970392547999708e-02 3.675029287499999991e-02 3.766991304337000135e-01 8.765308796988999784e-01 -3.794720166187999788e-01 4.649553409675999949e-01
6.160888745510999936e-02 3.545694201492000097e-02 3.766515801936999863e-01 8.765511143752999779e-01 -3.794338338446999748e-01 4.650203837413000030e-01
6.204807098473000271e-02 3.420361239194000258e-02 3.766033236013999752e-01 8.765751103715000436e-01 -3.793975305392999764e-01 4.650790356846999929e-01
6.248725451436999700e-02 3.306531380353999738e-02 3.765559244880000156e-01 8.766007346733000194e-01 -3.793642365982000109e-01 4.651311433238000115e-01
6.292643804399999929e-02 3.208792995402000303e-02 3.765108572868000048e-01 8.766249177191000053e-01 -3.793320782794000201e-01 4.651780030873000071e-01
6.336562157363000158e-02 3.122386573880999924e-02 3.764671882723999996e-01 8.766473569336999949e-01 -3.792988894613000261e-01 4.652203968665000189e-01
6.380480510326000387e-02 3.042047679001999919e-02 3.764229582683999986e-01 8.766703103102999606e-01 -3.792654613825000021e-01 4.652581260497999915e-01
6.424398863289000616e-02 2.971880657839999842e-02 3.763780959601999987e-01 8.766954424873000251e-01 -3.792340608224999965e-01 4.652913482466000117e-01
6.468317216251999457e-02 2.919596921243999832e-02 3.763342645607999915e-01 8.767221085804000058e-01 -3.792049049665000005e-01 4.653209581200000167e-01
6.512235569214999686e-02 2.884595328252999996e-02 3.762922680856999880e-01 8.767485832715999905e-01 -3.791762329057999925e-01 4.653476305040000205e-01
6.556153922177999915e-02 2.859593301225000009e-02 3.762513704322000274e-01 8.767739314697999831e-01 -3.791471986102000202e-01 4.653716448501999947e-01
6.600072275141000144e-02 2.842532279502000062e-02 3.762110169285999839e-01 8.767984303750000485e-01 -3.791186482014000103e-01 4.653936532090999778e-01
6.643990628104000373e-02 2.839058391799000047e-02 3.761714715430000133e-01 8.768228234349999539e-01 -3.790912210778999980e-01 4.654145111308000127e-01
6.687908981067000602e-02 2.852954574251000130e-02 3.761326923073000095e-01 8.768475357384000191e-01 -3.790644286986000200e-01 4.654342841892000204e-01
6.731827334029999443e-02 2.881282226529999907e-02 3.760943020304999829e-01 8.768723650880999587e-01 -3.790377361426000014e-01 4.654524992613999768e-01
6.775745686992999672e-02 2.920504513217999851e-02 3.760568785717000040e-01 8.768967494359000137e-01 -3.790112415431000081e-01 4.654695455839000240e-01
6.819664039955999901e-02 2.971096636205999841e-02 3.760215350680000124e-01 8.769203979559000439e-01 -3.789851377564000257e-01 4.654868214769999901e-01
6.863582392919000130e-02 3.033819159514999919e-02 3.759878938974999807e-01 8.769435256459999772e-01 -3.789594494603000241e-01 4.655052940436000264e-01
6.907500745882000359e-02 3.106973452424000026e-02 3.759543233716000077e-01 8.769662583435999803e-01 -3.789342435377999752e-01 4.655249503105000075e-01
6.951419098845999789e-02 3.190063050600999706e-02 3.759207116707000140e-01 8.769880974457000544e-01 -3.789093004456999814e-01 4.655459952022000247e-01
6.995337451809000018e-02 3.285199838635999986e-02 3.758889895858000263e-01 8.770084937887999699e-01 -3.788839125512999950e-01 4.655695060496999882e-01
7.039255804770999658e-02 3.391867245181000301e-02 3.758599871664999870e-01 8.770277989435000254e-01 -3.788579016774999975e-01 4.655962844318000116e-01
7.083174157735000476e-02 3.504964008214000309e-02 3.758318792591999746e-01 8.770469268831000420e-01 -3.788323283717999757e-01 4.656259527932000153e-01
7.127092510697999317e-02 3.621501024314999900e-02 3.758032381563000124e-01 8.770659408419000380e-01 -3.788080705153000216e-01 4.656579710397000249e-01
7.171010863660999546e-02 3.744756599159999866e-02 3.757756792426000247e-01 8.770837075877999656e-01 -3.787842200425000083e-01 4.656929270758000117e-01
7.214929216623999775e-02 3.877562577791000137e-02 3.757513671620000273e-01 8.770993497221000190e-01 -3.787592602548999765e-01 4.657320398877999867e-01
7.258847569587000004e-02 4.015523934643999704e-02 3.757293531415999976e-01 8.771134068639999670e-01 -3.787334311343000248e-01 4.657758053982000157e-01
7.302765922550000233e-02 4.152120181399000104e-02 3.757069273247999885e-01 8.771269362451999951e-01 -3.787083311169999744e-01 4.658238574151999933e-01
7.346684275513000462e-02 4.287509140738000185e-02 3.756838546324999806e-01 8.771399164323999686e-01 -3.786843162308000110e-01 4.658758978838999920e-01
7.390602628476000691e-02 4.426384375154999995e-02 3.756626220929000226e-01 8.771513365444999488e-01 -3.786599940295999889e-01 4.659321384364000229e-01
7.434520981438999532e-02 4.568739075224999974e-02 3.756445352564000140e-01 8.771606855707000383e-01 -3.786344811974000080e-01 4.659929900045000073e-01
7.478439334401999761e-02 4.708741097230000061e-02 3.756280653733000130e-01 8.771685088651000051e-01 -3.786085581092000218e-01 4.660587902032999885e-01
7.522357687364999990e-02 4.842526032707000078e-02 3.756116121440999933e-01 8.771753754978000028e-01 -3.785831966604000232e-01 4.661296640190999985e-01
7.566276040328000219e-02 4.971585127383999769e-02 3.755957341687999884e-01 8.771810432739000074e-01 -3.785583973705999861e-01 4.662053306498000205e-01
7.610194393291000448e-02 5.097588127615999831e-02 3.755816198022000063e-01 8.771849779489999666e-01 -3.785339281173000225e-01 4.662853733396000178e-01
7.654112746254000677e-02 5.218536550631999726e-02 3.755690232196999823e-01 8.771871236585000453e-01 -3.785098134214999743e-01 4.663699898352000051e-01
7.698031099216999518e-02 5.331472076856000331e-02 3.755570008838999829e-01 8.771877202625000258e-01 -3.784855982418999787e-01 4.664598941890999995e-01
7.741949452179999747e-02 5.435233570740000131e-02 3.755456006067000030e-01 8.771867610672999804e-01 -3.784605258022999963e-01 4.665549477588000205e-01
7.785867805144000564e-02 5.529109983592000316e-02 3.755355618771000215e-01 8.771840940637000150e-01 -3.784350091270999861e-01 4.666535684934000061e-01
7.829786158106999405e-02 5.611959421559999800e-02 3.755269515113999756e-01 8.771797814791999492e-01 -3.784105145796000103e-01 4.667544106907999812e-01
7.873704511069000433e-02 5.683862925496999813e-02 3.755191317163000253e-01 8.771738993983000388e-01 -3.783873675148999860e-01 4.668581584159999798e-01
7.917622864032999863e-02 5.745619135981999692e-02 3.755117631532999822e-01 8.771661712203000505e-01 -3.783641930705999856e-01 4.669665088766000172e-01
7.961541216996000092e-02 5.795581344843000332e-02 3.755050805185999874e-01 8.771562504979999453e-01 -3.783403077520000046e-01 4.670795425268000067e-01
8.005459569959000321e-02 5.830188966994000188e-02 3.754993485891999772e-01 8.771442429064999491e-01 -3.783169957597999900e-01 4.671953391841999759e-01
8.049377922922000550e-02 5.848715296859000046e-02 3.754945173659999802e-01 8.771305136678000380e-01 -3.782952754666000228e-01 4.673123673046999937e-01
8.093296275884999391e-02 5.853991789474000118e-02 3.754902444659000138e-01 8.771150874523999663e-01 -3.782740442979999895e-01 4.674310027579000049e-01
8.137214628847999620e-02 5.846962336183000181e-02 3.754860473150000155e-01 8.770977252024999560e-01 -3.782519979876000082e-01 4.675520787213000018e-01
8.181132981810999849e-02 5.824258162394999744e-02 3.754817589514999887e-01 8.770785302989000387e-01 -3.782299978020999820e-01 4.676749277710999797e-01
8.225051334774000078e-02 5.783318821655999975e-02 3.754779222442999886e-01 8.770578812499999488e-01 -3.782096835636999943e-01 4.677977913876000260e-01
8.268969687737000307e-02 5.726222376565000272e-02 3.754751946255999728e-01 8.770356525129999747e-01 -3.781907905742000198e-01 4.679196887518000114e-01
8.312888040700000536e-02 5.655541020514000261e-02 3.754732284801000075e-01 8.770111083242000394e-01 -3.781718422818999836e-01 4.680410316342000221e-01
8.356806393662999377e-02 5.569775050817000334e-02 3.754708252105000144e-01 8.769838709130000076e-01 -3.781527849049000078e-01 4.681625134338999739e-01
8.400724746625999606e-02 5.466490547427999697e-02 3.754674648285000194e-01 8.769544718410999806e-01 -3.781348682251999826e-01 4.682839679688000079e-01
8.444643099588999835e-02 5.347158538709999992e-02 3.754639530548000148e-01 8.769235145377000107e-01 -3.781183109108999796e-01 4.684043077330000138e-01
8.488561452552000064e-02 5.214749617337999937e-02 3.754611435583999901e-01 8.768907455669000539e-01 -3.781021437289999731e-01 4.685222385503999831e-01
8.532479805515000293e-02 5.068639818515999901e-02 3.754587240949999738e-01 8.768555674658999877e-01 -3.780862667077999895e-01 4.686370434684000164e-01
8.576398158478000522e-02 4.906301536940999714e-02 3.754558216653999803e-01 8.768181902064999811e-01 -3.780716821981000009e-01 4.687487690939999840e-01
8.620316511441999952e-02 4.728571253476999969e-02 3.754522240631000263e-01 8.767795011062999855e-01 -3.780585568993999890e-01 4.688574777573999985e-01
8.664234864403999592e-02 4.538662402598000328e-02 3.754483672776000036e-01 8.767397342074000344e-01 -3.780459158285999766e-01 4.689623918310000250e-01
8.708153217368000409e-02 4.336870601855000174e-02 3.754444995872999735e-01 8.766979721655000501e-01 -3.780335362610000027e-01 4.690623243259999797e-01
8.752071570331000638e-02 4.121090753683000207e-02 3.754404141375000115e-01 8.766533087997999685e-01 -3.780223688707000096e-01 4.691570598834999828e-01
8.795989923293999480e-02 3.892373188531000200e-02 3.754357696178999837e-01 8.766060333551000117e-01 -3.780127036593000089e-01 4.692475068849000230e-01
8.839908276256999708e-02 3.654947247095000074e-02 3.754303404523999799e-01 8.765572179959000287e-01 -3.780036743533000121e-01 4.693339627404000125e-01
8.883826629219999937e-02 3.410058172330000109e-02 3.754242324725999835e-01 8.765073877857000317e-01 -3.779950783180999752e-01 4.694149457412000181e-01
8.927744982183000166e-02 3.154737795743999679e-02 3.754179776818999947e-01 8.764560572645000436e-01 -3.779879045680999972e-01 4.694885787565000190e-01
8.971663335146000395e-02 2.888274471521999967e-02 3.754119025079000194e-01 8.764025231083999445e-01 -3.779823629585999933e-01 4.695546751445000000e-01
9.015581688109000624e-02 2.615236269984999931e-02 3.754053306392000078e-01 8.763467130183000275e-01 -3.779771760089000177e-01 4.696145021336000092e-01
9.059500041071999465e-02 2.339580940970999862e-02 3.753972296768999795e-01 8.762891278546000029e-01 -3.779717867631999795e-01 4.696686883844999882e-01
9.103418394034999694e-02 2.059813766254000103e-02 3.753878609663999777e-01 8.762301674832999598e-01 -3.779675663527999885e-01 4.697163570076999806e-01
9.147336746997999923e-02 1.773175667060999938e-02 3.753787127520000211e-01 8.761696897905999482e-01 -3.779655897542000265e-01 4.697563675386999815e-01
9.191255099961000152e-02 1.481445743321000048e-02 3.753702809387000072e-01 8.761072356467000111e-01 -3.779647389140000091e-01 4.697884690215999859e-01
9.235173452924000381e-02 1.189089493080999933e-02 3.753611205613999746e-01 8.760426750240000171e-01 -3.779635067436999951e-01 4.698129464542999956e-01
9.279091805887000610e-02 8.979719014036000382e-03 3.753500207416000101e-01 8.759765994095000119e-01 -3.779624303852999745e-01 4.698299044690000259e-01
9.323010158849999451e-02 6.073118185062000192e-03 3.753379825766000044e-01 8.759099199994000440e-01 -3.779630676404999723e-01 4.698393058072999895e-01
9.366928511812999680e-02 3.171246529988000062e-03 3.753267189869000098e-01 8.758429435943000385e-01 -3.779654658928999766e-01 4.698411621672999861e-01
9.410846864777000498e-02 2.851062308749999761e-04 3.753160703189000191e-01 8.757749428430999794e-01 -3.779683382565000027e-01 4.698353346967000244e-01
9.454765217739999339e-02 -2.579829324799999893e-03 3.753045059858000077e-01 8.757048234765999473e-01 -3.779711608647000065e-01 4.698216053020999872e-01
9.498683570702000367e-02 -5.411864928299999974e-03 3.752916898193999762e-01 8.756322058551000431e-01 -3.779745046847999834e-01 4.698002012608999967e-01
9.542601923665999797e-02 -8.179004318711000435e-03 3.752788526238000077e-01 8.755577424489999760e-01 -3.779786805054999865e-01 4.697717332535999990e-01
9.586520276629000026e-02 -1.085852988423999937e-02 3.752667286063999796e-01 8.754824614916000280e-01 -3.779835363719000196e-01 4.697363369709999792e-01
9.630438629592000255e-02 -1.346776015428999967e-02 3.752547293081999746e-01 8.754069846429000101e-01 -3.779893268326999789e-01 4.696934447789000155e-01
9.674356982555000484e-02 -1.603092161028999915e-02 3.752423380311999956e-01 8.753313004731000380e-01 -3.779963880255999831e-01 4.696427720481999857e-01
9.718275335517999325e-02 -1.852628943018000060e-02 3.752298965502999795e-01 8.752549900456999543e-01 -3.780041289975999974e-01 4.695849544863999747e-01
9.762193688480999554e-02 -2.090467548818000093e-02 3.752177037612999810e-01 8.751775820385999660e-01 -3.780116420794000232e-01 4.695207630172000268e-01
9.806112041443999783e-02 -2.315396004833000093e-02 3.752055987931000036e-01 8.750989122086000327e-01 -3.780191570418999780e-01 4.694503033726999952e-01
9.850030394407000012e-02 -2.530318182052000014e-02 3.751937532728000235e-01 8.750192784111999744e-01 -3.780276452513000041e-01 4.693736132779999792e-01
9.893948747370000241e-02 -2.736220718606999919e-02 3.751826687802000126e-01 8.749391540318000038e-01 -3.780371705032000151e-01 4.692914447691000079e-01
9.937867100333000470e-02 -2.930111977428000170e-02 3.751720925816999785e-01 8.748587616333000083e-01 -3.780469395571000035e-01 4.692045346634000080e-01
9.981785453295999311e-02 -3.109807201156000039e-02 3.751612205372000242e-01 8.747781156681000425e-01 -3.780568299193999837e-01 4.691124539077999867e-01
1.002570380626000013e-01 -3.276526014493000294e-02 3.751503494223000224e-01 8.746973933988000383e-01 -3.780674455906000153e-01 4.690142786923000018e-01
1.006962215921999998e-01 -3.431138509456999747e-02 3.751409228620999903e-01 8.746168054260999858e-01 -3.780786703676999871e-01 4.689104502722999945e-01
1.011354051219000016e-01 -3.571682652969000032e-02 3.751333436257999754e-01 8.745359786541999636e-01 -3.780896357763999793e-01 4.688029493170000062e-01
1.015745886515000002e-01 -3.696718859229999876e-02 3.751261880676000082e-01 8.744540677258999528e-01 -3.781002934018999895e-01 4.686932559534999765e-01
1.020137721810999987e-01 -3.807722160138000272e-02 3.751184894833000105e-01 8.743710018217000224e-01 -3.781115936564999891e-01 4.685809301832999929e-01
1.024529557106999972e-01 -3.905733103915000337e-02 3.751114475753000166e-01 8.742882189995999642e-01 -3.781238151704999773e-01 4.684647555606000213e-01
1.028921392403999990e-01 -3.988797768927000026e-02 3.751066730607999777e-01 8.742073908495000545e-01 -3.781360933703000193e-01 4.683447425933999764e-01
1.033313227699999975e-01 -4.055463577734000347e-02 3.751038517363000091e-01 8.741284521969999721e-01 -3.781479728766000137e-01 4.682223810391999974e-01
1.037705062995999961e-01 -4.107813819331000010e-02 3.751015517497000018e-01 8.740496150926000407e-01 -3.781600586212999771e-01 4.680991965929000020e-01
1.042096898292999979e-01 -4.147790594972999845e-02 3.750995448157999901e-01 8.739695014349000424e-01 -3.781726679324000084e-01 4.679756497349000233e-01
1.046488733588999964e-01 -4.173221120731000072e-02 3.750988518935999827e-01 8.738886170201000114e-01 -3.781852126667999969e-01 4.678514049763999871e-01
1.050880568884999949e-01 -4.181371309997999886e-02 3.750999679868000092e-01 8.738084522546000210e-01 -3.781974935822999817e-01 4.677262075047000089e-01
1.055272404181999968e-01 -4.174310429005999995e-02 3.751024485905999906e-01 8.737298166531000110e-01 -3.782102166085000161e-01 4.676003602609000165e-01
1.059664239477999953e-01 -4.156327878815999771e-02 3.751060163457000107e-01 8.736525784974999986e-01 -3.782234876443000271e-01 4.674745982585000181e-01
1.064056074773999938e-01 -4.127304133692000221e-02 3.751108189258999803e-01 8.735764422370999593e-01 -3.782361751089999835e-01 4.673496847893999773e-01
1.068447910070999957e-01 -4.083323896049000090e-02 3.751167132370000212e-01 8.735011720137999536e-01 -3.782477115878999929e-01 4.672261145803999760e-01
1.072839745366999942e-01 -4.023536088053999982e-02 3.751234165765000017e-01 8.734263342158999910e-01 -3.782592326372999914e-01 4.671041348239999835e-01
1.077231580663000066e-01 -3.951787634329999993e-02 3.751312714601999776e-01 8.733516914725000246e-01 -3.782717788095000255e-01 4.669839556002999825e-01
1.081623415959000051e-01 -3.870896419528999793e-02 3.751408270607999862e-01 8.732778718549000230e-01 -3.782845096170999732e-01 4.668658739918999934e-01
1.086015251256000069e-01 -3.779570021838000310e-02 3.751518026962999963e-01 8.732059106758000011e-01 -3.782960152623000005e-01 4.667502992047999899e-01
1.090407086552000054e-01 -3.676221314947999974e-02 3.751635215442999938e-01 8.731360060025999958e-01 -3.783064626461000168e-01 4.666377870062999866e-01
1.094798921848000040e-01 -3.562068853109000288e-02 3.751762047296999802e-01 8.730673880021999622e-01 -3.783170235000000159e-01 4.665288962081000079e-01
1.099190757145000058e-01 -3.438873899684000146e-02 3.751906533196999738e-01 8.729995537290999863e-01 -3.783278848344999723e-01 4.664237690229000033e-01
1.103582592441000043e-01 -3.306948504699999680e-02 3.752067200188000107e-01 8.729328809599999905e-01 -3.783382735113000050e-01 4.663220341245999934e-01
1.107974427737000028e-01 -3.167135034995000042e-02 3.752233857642999770e-01 8.728677358355000360e-01 -3.783479581754999876e-01 4.662235542438000202e-01
1.112366263034000047e-01 -3.021583436081000038e-02 3.752404459950999804e-01 8.728038039715000362e-01 -3.783573158756999844e-01 4.661291873130000152e-01
1.116758098330000032e-01 -2.870602765869999934e-02 3.752587645382999826e-01 8.727408919625999628e-01 -3.783662336576000262e-01 4.660402203835999901e-01
1.121149933626000017e-01 -2.711859166951999939e-02 3.752785352572999833e-01 8.726796642248000335e-01 -3.783742735451000039e-01 4.659569116837999903e-01
1.125541768922000002e-01 -2.545088898410999972e-02 3.752986510322999791e-01 8.726207307790000423e-01 -3.783816967533000231e-01 4.658781939693000251e-01
1.129933604219000021e-01 -2.374657145533000044e-02 3.753184013888999915e-01 8.725635040400999687e-01 -3.783890622068999954e-01 4.658031721386999835e-01
1.134325439515000006e-01 -2.204539912506000079e-02 3.753385811211999989e-01 8.725069811993000357e-01 -3.783960007141000115e-01 4.657324186208000039e-01
1.138717274810999991e-01 -2.033401727267999948e-02 3.753600889472000213e-01 8.724514173262000183e-01 -3.784016358912000166e-01 4.656673296668000228e-01
1.143109110108000009e-01 -1.858066869575000085e-02 3.753824053920000181e-01 8.723980816306999841e-01 -3.784060679058000032e-01 4.656086089042000276e-01
1.147500945403999995e-01 -1.679685916191000009e-02 3.754044002610000264e-01 8.723472780693000139e-01 -3.784101690764000159e-01 4.655559228255000126e-01
1.151892780699999980e-01 -1.502502534778000012e-02 3.754259343961999784e-01 8.722977845617999604e-01 -3.784140024632000054e-01 4.655086960663999962e-01
1.156284615996999998e-01 -1.327967363693999953e-02 3.754477188843000079e-01 8.722487139828000169e-01 -3.784167548006999726e-01 4.654665473869999959e-01
1.160676451292999983e-01 -1.154371449463999916e-02 3.754700575871000034e-01 8.722008753066999853e-01 -3.784182343993999775e-01 4.654291115381000155e-01
1.165068286588999968e-01 -9.817550450844999763e-03 3.754925586005999905e-01 8.721554692852999668e-01 -3.784190906630000018e-01 4.653962226269000024e-01
1.169460121885999987e-01 -8.128723231344999606e-03 3.755147611697000065e-01 8.721122051183000101e-01 -3.784194367729999953e-01 4.653684022710999901e-01
1.173851957181999972e-01 -6.489699145788000410e-03 3.755363608121000119e-01 8.720697778438000203e-01 -3.784186073185000221e-01 4.653465250812000020e-01
1.178243792477999957e-01 -4.886081920450999726e-03 3.755571018823000151e-01 8.720278458975999625e-01 -3.784165021406999951e-01 4.653307555580000199e-01
1.182635627773999942e-01 -3.316587018222000045e-03 3.755770240585999953e-01 8.719874193565000375e-01 -3.784138129887000268e-01 4.653203085802999905e-01
1.187027463070999961e-01 -1.809565091971000001e-03 3.755965200708999974e-01 8.719492651967000185e-01 -3.784105863389999880e-01 4.653144834976000177e-01
1.191419298366999946e-01 -3.863853303294000042e-04 3.756156624240000186e-01 8.719129245348999913e-01 -3.784059321411999965e-01 4.653133890137000073e-01
1.195811133662999931e-01 9.607171500357000477e-04 3.756338376021999825e-01 8.718776136582000458e-01 -3.783996289218999887e-01 4.653172261765999851e-01
1.200202968959999950e-01 2.239682427112000065e-03 3.756505171965999756e-01 8.718432802094000511e-01 -3.783926535814999825e-01 4.653252987218000070e-01
1.204594804255999935e-01 3.436879795522999794e-03 3.756659520060999791e-01 8.718102324013999871e-01 -3.783854861220000143e-01 4.653363687855999742e-01
1.208986639552000059e-01 4.541132708318999615e-03 3.756805841429999848e-01 8.717783243485000000e-01 -3.783772113562000050e-01 4.653500663205999976e-01
1.213378474848999938e-01 5.560983767378999999e-03 3.756942504342999922e-01 8.717471694269000038e-01 -3.783671072890000264e-01 4.653673804756999766e-01
1.217770310145000062e-01 6.497033709540999888e-03 3.757065619482999885e-01 8.717168778046000543e-01 -3.783558916493000024e-01 4.653895198760999996e-01
1.222162145441000047e-01 7.323125535465000238e-03 3.757175863537000060e-01 8.716879854781000025e-01 -3.783444276778000215e-01 4.654163872855999751e-01
1.226553980737000032e-01 8.020029423862000753e-03 3.757274631672999909e-01 8.716606788905000291e-01 -3.783322828008999772e-01 4.654463489446000191e-01
1.230945816034000051e-01 8.605363542056000334e-03 3.757357786350999929e-01 8.716344979336999588e-01 -3.783186439258000022e-01 4.654776059124999810e-01
1.235337651330000036e-01 9.102065876199999170e-03 3.757420752607000258e-01 8.716088309042999693e-01 -3.783037367557000041e-01 4.655097524165000000e-01
1.239729486626000021e-01 9.496399758484000420e-03 3.757466091582000178e-01 8.715834216250000210e-01 -3.782882228050000184e-01 4.655437815908999855e-01
1.244121321923000040e-01 9.758997085838000060e-03 3.757498292163000131e-01 8.715584159702000067e-01 -3.782719778233000207e-01 4.655804687978000178e-01
1.248513157219000025e-01 9.892982439544999174e-03 3.757514622370999868e-01 8.715342232555000068e-01 -3.782545848075000161e-01 4.656190741963999735e-01
1.252904992514999871e-01 9.925697078016999797e-03 3.757509528926999964e-01 8.715113466545000298e-01 -3.782363361475000185e-01 4.656580119584999844e-01
1.257296827812000029e-01 9.859715447808000549e-03 3.757484931021999874e-01 8.714899766396000391e-01 -3.782176297779000218e-01 4.656965546856000060e-01
1.261688663107999875e-01 9.668008948412000481e-03 3.757446956343999944e-01 8.714695661999000142e-01 -3.781980370649999923e-01 4.657352378287999972e-01
1.266080498403999999e-01 9.338292834641999385e-03 3.757394853339999785e-01 8.714491051049999548e-01 -3.781771283165999975e-01 4.657745221658999846e-01
1.270472333700999878e-01 8.889398460340999439e-03 3.757322899928999815e-01 8.714281468279999610e-01 -3.781555775114999740e-01 4.658137185060000074e-01
1.274864168997000002e-01 8.338520644487000533e-03 3.757231734986000160e-01 8.714074391568999989e-01 -3.781341878978999871e-01 4.658515781745000139e-01
1.279256004293000126e-01 7.681431570287999833e-03 3.757127437457000174e-01 8.713881404343000181e-01 -3.781124146523999752e-01 4.658874694967000130e-01
1.283647839588999973e-01 6.912304427407999809e-03 3.757009873778999753e-01 8.713703255872999875e-01 -3.780892599871999993e-01 4.659215625599000266e-01
1.288039674886000130e-01 6.035931293413000082e-03 3.756872724688000154e-01 8.713526553292000321e-01 -3.780651619174000277e-01 4.659542075850999776e-01
1.292431510181999976e-01 5.051742671386000305e-03 3.756715731179999795e-01 8.713338727050999877e-01 -3.780414336753000204e-01 4.659855091858000065e-01
1.296823345478000100e-01 3.952446901508000279e-03 3.756545886584999883e-01 8.713144174682000420e-01 -3.780180819765999733e-01 4.660151131604999830e-01
1.301215180774999980e-01 2.749169383509999891e-03 3.756364568730000131e-01 8.712960218987999550e-01 -3.779938325187999770e-01 4.660419098074999877e-01
1.305607016071000104e-01 1.471007075236000026e-03 3.756164743266000028e-01 8.712796055220000113e-01 -3.779683482282999996e-01 4.660643315678000276e-01
1.309998851366999950e-01 1.257148266384000069e-04 3.755944500103000072e-01 8.712641176333999482e-01 -3.779427966369000025e-01 4.660816663360999867e-01
1.314390686664000107e-01 -1.312007337493999995e-03 3.755712442556000119e-01 8.712478844915999554e-01 -3.779179254819000078e-01 4.660949164782000054e-01
1.318782521959999954e-01 -2.854485861950000012e-03 3.755474432540000240e-01 8.712306863747000252e-01 -3.778930793449999936e-01 4.661055802465999820e-01
1.323174357256000078e-01 -4.470163581100999872e-03 3.755224967481000098e-01 8.712137851347999673e-01 -3.778676076690000163e-01 4.661135289832999962e-01
1.327566192552999957e-01 -6.124412198709999929e-03 3.754958079622999767e-01 8.711980084678000447e-01 -3.778419167257000000e-01 4.661168444766999874e-01
1.331958027849000081e-01 -7.828448556585999515e-03 3.754677907405999937e-01 8.711827066445000378e-01 -3.778165495808999963e-01 4.661139755250999772e-01
1.336349863144999928e-01 -9.614416854047999617e-03 3.754391346716999811e-01 8.711669626611000528e-01 -3.777913923224999748e-01 4.661052950503999925e-01
1.340741698441000052e-01 -1.147539903546999918e-02 3.754098086723000050e-01 8.711510237960999881e-01 -3.777663717293999746e-01 4.660920366192000119e-01
1.345133533737999931e-01 -1.336615081639999994e-02 3.753795526379000158e-01 8.711357223254999615e-01 -3.777418591703999851e-01 4.660743226845999732e-01
1.349525369034000055e-01 -1.526011276210999940e-02 3.753486560813000250e-01 8.711209186673000149e-01 -3.777178325500000211e-01 4.660510285630000138e-01
1.353917204329999902e-01 -1.717218594116000016e-02 3.753174516932000215e-01 8.711055772625000415e-01 -3.776937235771999912e-01 4.660213444622000045e-01
1.358309039627000059e-01 -1.912074283752999981e-02 3.752856612914999834e-01 8.710894604005999797e-01 -3.776696508701000154e-01 4.659856287942999997e-01
1.362700874922999905e-01 -2.109610401087000028e-02 3.752530606396999868e-01 8.710737401122999879e-01 -3.776466335911000116e-01 4.659445378657000036e-01
1.367092710219000029e-01 -2.307595593759000085e-02 3.752201959179999879e-01 8.710593901438999920e-01 -3.776249127526999927e-01 4.658979356103999936e-01
1.371484545515999909e-01 -2.504860683375999958e-02 3.751875520847000045e-01 8.710456766367999926e-01 -3.776033093035000010e-01 4.658451061662999826e-01
1.375876380812000033e-01 -2.700940445196000142e-02 3.751545716574999911e-01 8.710310449222999907e-01 -3.775811453360999881e-01 4.657857608286000151e-01
1.380268216107999879e-01 -2.895167170556000105e-02 3.751205308219000001e-01 8.710151754724000384e-01 -3.775595759668999851e-01 4.657203320077000219e-01
1.384660051404000003e-01 -3.087156820610000019e-02 3.750859781431999940e-01 8.709992788684000065e-01 -3.775398515489000184e-01 4.656492131478000007e-01
1.389051886700999883e-01 -3.276789465036999971e-02 3.750521850558000136e-01 8.709843051165999661e-01 -3.775213456902000164e-01 4.655720954932999756e-01
1.393443721997000007e-01 -3.462989671668000036e-02 3.750193801673000205e-01 8.709696898445999924e-01 -3.775027067148000182e-01 4.654883921180000272e-01
1.397835557293000130e-01 -3.643996526523000240e-02 3.749866552807999964e-01 8.709543018312999596e-01 -3.774841092237999907e-01 4.653982166785999852e-01
1.402227392590000010e-01 -3.819409135735000321e-02 3.749536045487000258e-01 8.709380539225000106e-01 -3.774667936282000147e-01 4.653025252654999777e-01
1.406619227886000134e-01 -3.990159926031999760e-02 3.749209640485000050e-01 8.709218927734000415e-01 -3.774509284879000170e-01 4.652020679782999935e-01
1.411011063181999980e-01 -4.155644586269999913e-02 3.748894209847999925e-01 8.709063724318000244e-01 -3.774355670323999989e-01 4.650964655386000124e-01
1.415402898479000138e-01 -4.312939441427000170e-02 3.748587186739000265e-01 8.708909281215000409e-01 -3.774204904747999745e-01 4.649847009824999988e-01
1.419794733774999984e-01 -4.460272746812000283e-02 3.748282756661999726e-01 8.708747413820000505e-01 -3.774065135322000053e-01 4.648664656086000102e-01
1.424186569071000108e-01 -4.599344146282000056e-02 3.747979863720999893e-01 8.708578083928000257e-01 -3.773939254109999752e-01 4.647426580851999889e-01
1.428578404367999988e-01 -4.732213397947999944e-02 3.747680991262000161e-01 8.708407480898999742e-01 -3.773820652716000090e-01 4.646145166312000141e-01
1.432970239664000112e-01 -4.857365244771000290e-02 3.747388609235000057e-01 8.708238171280000550e-01 -3.773706433465000010e-01 4.644825982731999869e-01
1.437362074959999958e-01 -4.971219973685000321e-02 3.747105234495000103e-01 8.708066046944999972e-01 -3.773601840008999897e-01 4.643466940886000205e-01
1.441753910256000082e-01 -5.072668402793999859e-02 3.746832372903999842e-01 8.707886979348999912e-01 -3.773508589469000141e-01 4.642063768060999962e-01
1.446145745552999962e-01 -5.163602985810000073e-02 3.746568101662000050e-01 8.707701984154999630e-01 -3.773420715934999725e-01 4.640614528111000059e-01
1.450537580849000086e-01 -5.245169346917000208e-02 3.746310072917999889e-01 8.707513749683000182e-01 -3.773335823117999754e-01 4.639122381490000113e-01
1.454929416144999932e-01 -5.315881744405000220e-02 3.746060850829999733e-01 8.707321381406000205e-01 -3.773259663501000172e-01 4.637596667232999903e-01
1.459321251442000089e-01 -5.373871091164000163e-02 3.745824964973000215e-01 8.707122033059999655e-01 -3.773195314421999846e-01 4.636048098891000224e-01
1.463713086737999935e-01 -5.419049544318999684e-02 3.745601211569999922e-01 8.706916084543000478e-01 -3.773137855388999928e-01 4.634479411353999989e-01
1.468104922034000059e-01 -5.452277034242000026e-02 3.745384292937999904e-01 8.706706817061999892e-01 -3.773084248281000086e-01 4.632883495171000177e-01
1.472496757330999939e-01 -5.473748967558000195e-02 3.745173659268000166e-01 8.706495174570000328e-01 -3.773038577898000234e-01 4.631255147378999792e-01
1.476888592627000063e-01 -5.482924159284999904e-02 3.744973277038999848e-01 8.706278638675000181e-01 -3.773002148578000203e-01 4.629602802730999889e-01
1.481280427922999909e-01 -5.479080198278000330e-02 3.744782753202000047e-01 8.706055918134000260e-01 -3.772967907117000252e-01 4.627943623081000046e-01
1.485672263219000033e-01 -5.461508239262000131e-02 3.744597557709999913e-01 8.705828483134999685e-01 -3.772931203157000035e-01 4.626287635983999946e-01
1.490064098515999913e-01 -5.430080072682000325e-02 3.744419188381999941e-01 8.705595196606999986e-01 -3.772897618630000061e-01 4.624631865391000130e-01
1.494455933812000037e-01 -5.385882397076999922e-02 3.744255275289999907e-01 8.705349794447000411e-01 -3.772873002282999821e-01 4.622970449475999888e-01
1.498847769107999883e-01 -5.330257409096000182e-02 3.744106573297000251e-01 8.705088691123999967e-01 -3.772853310122000203e-01 4.621304998819000254e-01
1.503239604405000041e-01 -5.262944541752000160e-02 3.743963751325999900e-01 8.704819053183000532e-01 -3.772832010880000086e-01 4.619642711568999749e-01
1.507631439700999887e-01 -5.182270273232000152e-02 3.743821806100000038e-01 8.704552669382999985e-01 -3.772810869914999810e-01 4.617989048360000015e-01
1.512023274997000011e-01 -5.087503781191000246e-02 3.743688014375000095e-01 8.704290925273999724e-01 -3.772795036764000076e-01 4.616346590409000084e-01
1.516415110293999891e-01 -4.979880449777999984e-02 3.743569125414000220e-01 8.704021829543000521e-01 -3.772782782747999830e-01 4.614719298946999837e-01
1.520806945590000014e-01 -4.860895544488000319e-02 3.743459612964000205e-01 8.703735232107000508e-01 -3.772768405585000262e-01 4.613114270936000127e-01
1.525198780886000138e-01 -4.730780263722000195e-02 3.743350822297000224e-01 8.703436111254000407e-01 -3.772750818385999794e-01 4.611539010878000222e-01
1.529590616183000018e-01 -4.589171372123999892e-02 3.743244203634999989e-01 8.703137110026000212e-01 -3.772731050170000100e-01 4.609997951524000270e-01
1.533982451478999864e-01 -4.436065077744000273e-02 3.743146117855999933e-01 8.702840461487999502e-01 -3.772705378166000267e-01 4.608490992761000160e-01
1.538374286774999988e-01 -4.271506444815999920e-02 3.743055552446999945e-01 8.702534756444999520e-01 -3.772669850647999978e-01 4.607015495671000216e-01
1.542766122071000112e-01 -4.095617720240000287e-02 3.742967189988999910e-01 8.702211121176000042e-01 -3.772628651607999872e-01 4.605571982468000258e-01
1.547157957367999992e-01 -3.909655953289999791e-02 3.742882397037999853e-01 8.701875995846000134e-01 -3.772588909563999726e-01 4.604168426333000164e-01
1.551549792664000116e-01 -3.715638807576999991e-02 3.742806602475000077e-01 8.701542805227000521e-01 -3.772549028848999897e-01 4.602815836372999847e-01
1.555941627959999962e-01 -3.513960207079999676e-02 3.742738099906999794e-01 8.701214572495999944e-01 -3.772501049695999864e-01 4.601518206292000146e-01
1.560333463257000119e-01 -3.302873968296000246e-02 3.742669518810999851e-01 8.700881448620999548e-01 -3.772443396149999795e-01 4.600270612128000147e-01
1.564725298552999966e-01 -3.081662981546999872e-02 3.742599305406000276e-01 8.700535226100000186e-01 -3.772381775347000143e-01 4.599070249312000036e-01
1.569117133849000090e-01 -2.852810933279999878e-02 3.742532144021000207e-01 8.700179465594000128e-01 -3.772316755897999752e-01 4.597925496329999806e-01
1.573508969145999969e-01 -2.619217430170000041e-02 3.742468236609000076e-01 8.699822036056999996e-01 -3.772239615083000097e-01 4.596848564639000045e-01
1.577900804442000093e-01 -2.380589537513000051e-02 3.742401758435000003e-01 8.699463236751000528e-01 -3.772143422440000227e-01 4.595841122625000108e-01
1.582292639737999940e-01 -2.134948401901999929e-02 3.742331191595000273e-01 8.699097852449000357e-01 -3.772031250342000042e-01 4.594894359692999752e-01
1.586684475035000097e-01 -1.882816294319999972e-02 3.742262322236000194e-01 8.698726563113999832e-01 -3.771910094807000013e-01 4.594004809278000034e-01
1.591076310330999943e-01 -1.627090977870999933e-02 3.742198441426000111e-01 8.698356960669999527e-01 -3.771781975569000189e-01 4.593183409939999851e-01
1.595468145627000067e-01 -1.368974911215000041e-02 3.742135031700999925e-01 8.697991193544000188e-01 -3.771644127222000265e-01 4.592443778518999764e-01
1.599859980922999914e-01 -1.107095495398000007e-02 3.742067080575000038e-01 8.697620085492999698e-01 -3.771493918573000093e-01 4.591785249906999988e-01
1.604251816220000071e-01 -8.413428735135999523e-03 3.741995261948999896e-01 8.697235248310000166e-01 -3.771330819757000019e-01 4.591194394790000244e-01
1.608643651515999917e-01 -5.746449322499999623e-03 3.741921785653999910e-01 8.696842197197000024e-01 -3.771155907725999845e-01 4.590663628589000123e-01
1.613035486812000041e-01 -3.093857203674999813e-03 3.741845482453999838e-01 8.696453814165999718e-01 -3.770970330144000071e-01 4.590202265685999761e-01
1.617427322108999921e-01 -4.447485774762000152e-04 3.741763924441000033e-01 8.696072825996999933e-01 -3.770772085099999837e-01 4.589825732109000245e-01
1.621819157405000045e-01 2.218883414487999965e-03 3.741676090957999912e-01 8.695689343600999655e-01 -3.770555592461000138e-01 4.589537738525999999e-01
1.626210992700999891e-01 4.882814738349000074e-03 3.741580962787999787e-01 8.695296670477999923e-01 -3.770318279629000235e-01 4.589328463890999799e-01
1.630602827998000048e-01 7.513639846059999745e-03 3.741477768697999973e-01 8.694900742573999919e-01 -3.770065630275999946e-01 4.589189192950000051e-01
1.634994663293999895e-01 1.010119232239000027e-02 3.741368939786000047e-01 8.694509643618000272e-01 -3.769804059056999779e-01 4.589122419860000024e-01
1.639386498590000019e-01 1.266214700448000004e-02 3.741258071760000248e-01 8.694121326695000151e-01 -3.769530571772000127e-01 4.589135128926000173e-01
1.643778333886999898e-01 1.520303292577999954e-02 3.741143824932999795e-01 8.693728877437999492e-01 -3.769237041017999834e-01 4.589227469268000181e-01
1.648170169183000022e-01 1.770287091379000102e-02 3.741021075266999785e-01 8.693332983032999728e-01 -3.768924095426000043e-01 4.589393460644999867e-01
1.652562004478999869e-01 2.013739568991999851e-02 3.740889150246000106e-01 8.692940523187000501e-01 -3.768601643780000177e-01 4.589630319417999926e-01
1.656953839774999993e-01 2.250255526514000071e-02 3.740752664215999945e-01 8.692552766294999733e-01 -3.768274081151000154e-01 4.589940846255000095e-01
1.661345675071999872e-01 2.480612862848000089e-02 3.740612226341999969e-01 8.692163600685000047e-01 -3.767934392451999792e-01 4.590326637711000246e-01
1.665737510367999996e-01 2.704872773885999906e-02 3.740461034663000173e-01 8.691769773401000210e-01 -3.767576358094000266e-01 4.590784543754999891e-01
1.670129345664000120e-01 2.922130489636000014e-02 3.740294053811000219e-01 8.691374896578000220e-01 -3.767203265076000118e-01 4.591310842085000177e-01
1.674521180961000000e-01 3.131274721294999980e-02 3.740114563826000271e-01 8.690981659887999644e-01 -3.766819189021000103e-01 4.591903556988999879e-01
1.678913016257000124e-01 3.331268451739999997e-02 3.739927826260999733e-01 8.690587894140000547e-01 -3.766420608989000107e-01 4.592559150780999855e-01
1.683304851552999970e-01 3.521328554145999878e-02 3.739733976067000087e-01 8.690193635805000261e-01 -3.766004346388999724e-01 4.593273002564999818e-01
1.687696686850000127e-01 3.701496885732000197e-02 3.739531415065999731e-01 8.689804663786000472e-01 -3.765576602678000206e-01 4.594045988066000064e-01
1.692088522145999974e-01 3.872571123347000321e-02 3.739321671065999886e-01 8.689423769929000008e-01 -3.765145172464000045e-01 4.594883777804000258e-01
1.696480357442000098e-01 4.034823157738000321e-02 3.739105810212000058e-01 8.689044525844999978e-01 -3.764707952940999913e-01 4.595784511059999855e-01
1.700872192737999944e-01 4.186985193509999703e-02 3.738880619459999943e-01 8.688659998925000183e-01 -3.764258370128999998e-01 4.596733937220999766e-01
1.705264028035000101e-01 4.327026443626000307e-02 3.738643170888000244e-01 8.688272863873000018e-01 -3.763797999324000054e-01 4.597720728413000058e-01
1.709655863330999948e-01 4.454015790434000255e-02 3.738394777331999763e-01 8.687889882017000298e-01 -3.763333762123999837e-01 4.598750996045000150e-01
1.714047698627000071e-01 4.568987748126000087e-02 3.738136018127000137e-01 8.687510464176000369e-01 -3.762865195082000236e-01 4.599836572975000148e-01
1.718439533923999951e-01 4.673695131413999754e-02 3.737863303449999730e-01 8.687129289105000041e-01 -3.762385243933000223e-01 4.600971624458999876e-01
1.722831369220000075e-01 4.768295733143999848e-02 3.737575988644000202e-01 8.686747970999999513e-01 -3.761893547169999907e-01 4.602134184814999918e-01
1.727223204515999921e-01 4.850590469728000009e-02 3.737281239599000160e-01 8.686374381054999816e-01 -3.761398892530999905e-01 4.603312680766000198e-01
1.731615039813000079e-01 4.918388851329000278e-02 3.736984676671999961e-01 8.686009820287999839e-01 -3.760906974952999970e-01 4.604517745912000137e-01
1.736006875108999925e-01 4.972625525123999801e-02 3.736681203253999772e-01 8.685646002675000421e-01 -3.760414729084999852e-01 4.605761792070000027e-01
1.740398710405000049e-01 5.016633079476000290e-02 3.736363322094000128e-01 8.685277272082999600e-01 -3.759919239273999958e-01 4.607038359187000109e-01
1.744790545701999929e-01 5.051460130787999853e-02 3.736033838471000124e-01 8.684907789889999563e-01 -3.759423798989000032e-01 4.608330823280999966e-01
1.749182380998000053e-01 5.073664562968999842e-02 3.735700240748999756e-01 8.684543385720999709e-01 -3.758931396970000005e-01 4.609632405319000203e-01
1.753574216293999899e-01 5.079837089243999931e-02 3.735360012057999946e-01 8.684184300162000048e-01 -3.758439512467999788e-01 4.610945739176000036e-01
1.757966051590000023e-01 5.072019633112000159e-02 3.735003856406999834e-01 8.683830581853000385e-01 -3.757945942734999822e-01 4.612268275040999899e-01
1.762357886886999903e-01 5.055418811304000087e-02 3.734632960934000101e-01 8.683486450681999758e-01 -3.757453929389000247e-01 4.613591158049999974e-01
1.766749722183000026e-01 5.030876944685999663e-02 3.734259843844999760e-01 8.683152060747999501e-01 -3.756967090543000265e-01 4.614910801495999970e-01
1.771141557478999873e-01 4.993441927388000273e-02 3.733889043386999784e-01 8.682817762912999893e-01 -3.756484640425999944e-01 4.616229354385000261e-01
1.775533392776000030e-01 4.939879588007999728e-02 3.733509521830000177e-01 8.682476109586000357e-01 -3.756006276951999734e-01 4.617543293627999756e-01
1.779925228071999876e-01 4.873976267164999848e-02 3.733112462318000091e-01 8.682135418362000312e-01 -3.755536725067999959e-01 4.618843241560000035e-01
1.784317063368000000e-01 4.801343780956000146e-02 3.732705565441000184e-01 8.681810961267000248e-01 -3.755080015362999846e-01 4.620127083634000265e-01
1.788708898664999880e-01 4.721597785309000067e-02 3.732300412148000235e-01 8.681504280923000305e-01 -3.754633449452999816e-01 4.621401113324000165e-01
1.793100733961000004e-01 4.629825033931000283e-02 3.731894005274000170e-01 8.681201915833000049e-01 -3.754193001573999933e-01 4.622663239474000263e-01
1.797492569257000128e-01 4.524650721216000315e-02 3.731474683580999763e-01 8.680895343915000506e-01 -3.753761122040999987e-01 4.623896753930999970e-01
1.801884404552999974e-01 4.410293454846000299e-02 3.731042261083000189e-01 8.680591487227999892e-01 -3.753342720892999806e-01 4.625089305521999927e-01
1.806276239850000132e-01 4.290141358914000003e-02 3.730609783680999825e-01 8.680300174325999985e-01 -3.752936093538999929e-01 4.626248579207000167e-01
1.810668075145999978e-01 4.162530352444000076e-02 3.730184606683000226e-01 8.680021364398999850e-01 -3.752535436810000014e-01 4.627387627771000211e-01
1.815059910442000102e-01 4.024796791575999816e-02 3.729758560092000241e-01 8.679750943881999747e-01 -3.752142006067999969e-01 4.628500681843999986e-01
1.819451745738999981e-01 3.878214141698999723e-02 3.729321284134000103e-01 8.679490718847000519e-01 -3.751765387025999821e-01 4.629567069334000196e-01
1.823843581035000105e-01 3.726136980175000224e-02 3.728875480164999812e-01 8.679244035993000095e-01 -3.751411672603000014e-01 4.630577867701000105e-01
1.828235416330999952e-01 3.569361727862999795e-02 3.728432074226000204e-01 8.679006914400999584e-01 -3.751076156579999932e-01 4.631545216283999844e-01
1.832627251628000109e-01 3.406343193180000339e-02 3.727994167277999815e-01 8.678772906831000444e-01 -3.750750991060999850e-01 4.632481606109000172e-01
1.837019086923999955e-01 3.236922596505999866e-02 3.727553564889999893e-01 8.678544223212000253e-01 -3.750435851817999766e-01 4.633380844494000006e-01
1.841410922220000079e-01 3.062932785254000173e-02 3.727103898665000137e-01 8.678329296015999672e-01 -3.750136755867000127e-01 4.634226268828999795e-01
1.845802757516999959e-01 2.885408828084999946e-02 3.726650903747000254e-01 8.678130441832999642e-01 -3.749856515612999819e-01 4.635010305025000221e-01
1.850194592813000083e-01 2.703861725027999902e-02 3.726205388793000228e-01 8.677942628382999679e-01 -3.749591226615999751e-01 4.635737689380000082e-01
1.854586428108999929e-01 2.518650010070000098e-02 3.725769067576999993e-01 8.677764587610999891e-01 -3.749337067205000262e-01 4.636413566336999859e-01
1.858978263405000053e-01 2.331751284091999887e-02 3.725333361415000266e-01 8.677601660949999518e-01 -3.749097088557000190e-01 4.637037247079000002e-01
1.863370098701999933e-01 2.144327797843999933e-02 3.724892826076000030e-01 8.677454810060000190e-01 -3.748878048011000108e-01 4.637607124072999909e-01
1.867761933998000057e-01 1.955400385626999971e-02 3.724453657951999896e-01 8.677316020677999786e-01 -3.748681058714000147e-01 4.638123701717000169e-01
1.872153769293999903e-01 1.764191072813000097e-02 3.724024684221999837e-01 8.677180761524000419e-01 -3.748498957042999957e-01 4.638585018995000087e-01
1.876545604591000060e-01 1.572460292961999975e-02 3.723604412752999915e-01 8.677057940656000001e-01 -3.748325191747000074e-01 4.638984558143000037e-01
1.880937439886999907e-01 1.383021294756999961e-02 3.723184091553000119e-01 8.676958823114000463e-01 -3.748162848800999924e-01 4.639318072251000236e-01
1.885329275183000031e-01 1.196589112594000082e-02 3.722762321267000241e-01 8.676879619349999739e-01 -3.748020691480000166e-01 4.639590020164000017e-01
1.889721110479999910e-01 1.011564335994999918e-02 3.722348525586999801e-01 8.676804613485999962e-01 -3.747900963640000138e-01 4.639809098189999759e-01
1.894112945776000034e-01 8.268939657406000621e-03 3.721949530847999954e-01 8.676726965897000321e-01 -3.747796396290999921e-01 4.639977862927999741e-01
1.898504781071999881e-01 6.439366998292999668e-03 3.721559703612999925e-01 8.676658006544000212e-01 -3.747700698170999822e-01 4.640090083617999794e-01
1.902896616369000038e-01 4.650692626968999828e-03 3.721169636302000261e-01 8.676612417512999942e-01 -3.747616291295999824e-01 4.640138978276999726e-01
1.907288451664999884e-01 2.912907518889000080e-03 3.720780261434000202e-01 8.676590211354999749e-01 -3.747547599873000124e-01 4.640125424532999809e-01
1.911680286961000008e-01 1.220313884534999930e-03 3.720402009504999996e-01 8.676578565378000318e-01 -3.747491518630000074e-01 4.640056547106000129e-01
1.916072122257000132e-01 -4.294706761024000242e-04 3.720041272872000038e-01 8.676568245721000272e-01 -3.747441278475999726e-01 4.639938109642000041e-01
1.920463957554000012e-01 -2.024931361408000095e-03 3.719693323014000019e-01 8.676562458823999791e-01 -3.747397969581999777e-01 4.639770524933999885e-01
1.924855792850000136e-01 -3.553707026345000099e-03 3.719349745411000274e-01 8.676569676633000272e-01 -3.747371082245000151e-01 4.639551472808000065e-01
1.929247628145999982e-01 -5.018092570205999643e-03 3.719009331624000270e-01 8.676592450023999925e-01 -3.747366264111000045e-01 4.639279873362999740e-01
1.933639463442999862e-01 -6.426656249419999620e-03 3.718679348030000109e-01 8.676625545838000386e-01 -3.747377640956000011e-01 4.638956954640000019e-01
1.938031298738999986e-01 -7.773537540072999845e-03 3.718366720385999913e-01 8.676663060417000306e-01 -3.747394286844999978e-01 4.638585622763000127e-01
1.942423134035000110e-01 -9.040466451878999971e-03 3.718069523065000159e-01 8.676704787661000395e-01 -3.747410478141999790e-01 4.638169947167999907e-01
1.946814969331999989e-01 -1.022161044216000035e-02 3.717779094909999804e-01 8.676755009823999831e-01 -3.747427485786000156e-01 4.637713787946999844e-01
1.951206804628000113e-01 -1.132938993020000083e-02 3.717491634748000262e-01 8.676815908860000537e-01 -3.747448716153999881e-01 4.637218511694000123e-01
1.955598639923999960e-01 -1.236631998587999978e-02 3.717214789739999858e-01 8.676883744918999497e-01 -3.747476378558999843e-01 4.636682919601000097e-01
1.959990475220000083e-01 -1.330890152455000038e-02 3.716958101119000046e-01 8.676952975024999626e-01 -3.747511682144999967e-01 4.636106889004000253e-01
1.964382310516999963e-01 -1.413814676855000042e-02 3.716718512543999986e-01 8.677023524690999912e-01 -3.747555635436999877e-01 4.635494952734000029e-01
1.968774145813000087e-01 -1.487254655395999978e-02 3.716483165851999781e-01 8.677101077094999670e-01 -3.747608676270999806e-01 4.634855248552999796e-01
1.973165981108999933e-01 -1.554429205556000053e-02 3.716248535273999898e-01 8.677188749715000204e-01 -3.747668892934999940e-01 4.634194349753000264e-01
1.977557816406000091e-01 -1.614821364743999899e-02 3.716027795426999902e-01 8.677281407211000497e-01 -3.747730204817000255e-01 4.633512689381000249e-01
1.981949651701999937e-01 -1.664453396013999831e-02 3.715832655446000277e-01 8.677371615923999970e-01 -3.747784547213999784e-01 4.632804934781999950e-01
1.986341486998000061e-01 -1.701544768658000070e-02 3.715655318007999863e-01 8.677459295902000269e-01 -3.747829099603000036e-01 4.632066330244000163e-01
1.990733322294999941e-01 -1.728735477999999992e-02 3.715478772942000241e-01 8.677550385448999926e-01 -3.747870585818000033e-01 4.631300568782000249e-01
1.995125157591000065e-01 -1.748472892896999961e-02 3.715301118529000246e-01 8.677645967342999533e-01 -3.747918702811000036e-01 4.630520427129000138e-01
1.999516992886999911e-01 -1.759278344149000153e-02 3.715137428122999852e-01 8.677738896161000248e-01 -3.747975125804000052e-01 4.629737773049000249e-01
2.003908828184000068e-01 -1.758827955051999944e-02 3.714996897983999791e-01 8.677824063432999502e-01 -3.748032390493999944e-01 4.628953605478000055e-01
2.008300663479999915e-01 -1.748144529330999952e-02 3.714870258594000219e-01 8.677906202174000549e-01 -3.748083251979000274e-01 4.628161957488999834e-01
2.012692498776000039e-01 -1.729624034202000005e-02 3.714744960183999911e-01 8.677991782331000437e-01 -3.748126235374000248e-01 4.627363084882999966e-01
2.017084334071999885e-01 -1.702626171890999837e-02 3.714623045525999867e-01 8.678077337017999771e-01 -3.748161288615999842e-01 4.626565928160999985e-01
2.021476169369000042e-01 -1.664603982072000027e-02 3.714515299071000087e-01 8.678154038808000292e-01 -3.748186317296000047e-01 4.625775200982000235e-01
2.025868004664999888e-01 -1.615835207464999881e-02 3.714423125640000101e-01 8.678222600021999744e-01 -3.748201779156000168e-01 4.624984663078999803e-01
2.030259839961000012e-01 -1.559328979955000062e-02 3.714336106471999854e-01 8.678293887146000252e-01 -3.748213885551999747e-01 4.624190727811999801e-01
2.034651675257999892e-01 -1.495967560867999917e-02 3.714247248202000029e-01 8.678371798856000519e-01 -3.748228028553999835e-01 4.623406123937999768e-01
2.039043510554000016e-01 -1.423407761259000079e-02 3.714162914381000102e-01 8.678444500520999805e-01 -3.748241417793000130e-01 4.622648573091999724e-01
2.043435345849999862e-01 -1.340651530419999932e-02 3.714094515961000043e-01 8.678499260495999845e-01 -3.748246426319999935e-01 4.621918371568000117e-01
2.047827181147000020e-01 -1.250160617854000067e-02 3.714044086129000277e-01 8.678539393813999858e-01 -3.748239044485999760e-01 4.621200192891999903e-01
2.052219016442999866e-01 -1.153752287112999944e-02 3.714001556347000244e-01 8.678577589842000339e-01 -3.748219919213000018e-01 4.620488838212999938e-01
2.056610851738999990e-01 -1.049603720165000025e-02 3.713955842569999777e-01 8.678616416708000436e-01 -3.748189392158999822e-01 4.619799988937999813e-01
2.061002687035000114e-01 -9.358460520810000030e-03 3.713906345579999768e-01 8.678646332131999541e-01 -3.748146822469000106e-01 4.619149363737999892e-01
2.065394522331999994e-01 -8.145837728826000809e-03 3.713861708658000027e-01 8.678662898882000265e-01 -3.748094094259000197e-01 4.618533187257999884e-01
2.069786357628000117e-01 -6.892084031877999950e-03 3.713827487138000039e-01 8.678674556959999897e-01 -3.748034905598999766e-01 4.617939743501999761e-01
2.074178192923999964e-01 -5.593767750419999935e-03 3.713798394253999824e-01 8.678688792829000187e-01 -3.747970183898000074e-01 4.617371794765000037e-01
2.078570028221000121e-01 -4.220598794830000312e-03 3.713765917167000108e-01 8.678699720168000509e-01 -3.747897634894000185e-01 4.616844425848000144e-01
2.082961863516999967e-01 -2.768346505783999840e-03 3.713731070510999932e-01 8.678696678409999477e-01 -3.747815414428000147e-01 4.616364311194000036e-01
2.087353698813000091e-01 -1.267733230899000061e-03 3.713703188760000273e-01 8.678679036366999666e-01 -3.747722703024999880e-01 4.615923992600000081e-01
2.091745534109999971e-01 2.598083431694000046e-04 3.713685085849000034e-01 8.678654185240000096e-01 -3.747617574739999791e-01 4.615516749454999790e-01
2.096137369406000095e-01 1.824096160299000079e-03 3.713666293839000265e-01 8.678624791826999862e-01 -3.747498760335999934e-01 4.615145997872999728e-01
2.100529204701999941e-01 3.436848966172999838e-03 3.713635707192999846e-01 8.678587351826000384e-01 -3.747369096954999979e-01 4.614818115898000062e-01
2.104921039999000099e-01 5.087349018936000028e-03 3.713596097024000064e-01 8.678541976606000130e-01 -3.747232419727999919e-01 4.614535723016000013e-01
2.109312875294999945e-01 6.759662552159999629e-03 3.713559321586000217e-01 8.678493564653999570e-01 -3.747087206904000101e-01 4.614301012988999973e-01
2.113704710591000069e-01 8.453239194027000608e-03 3.713529107781999850e-01 8.678441170784000347e-01 -3.746928813232000000e-01 4.614117122565999929e-01
2.118096545886999915e-01 1.017264437669000016e-02 3.713496114757999789e-01 8.678375370437000358e-01 -3.746758362166999756e-01 4.613982751292999840e-01
2.122488381184000072e-01 1.191300579296999951e-02 3.713451594594999738e-01 8.678291558755000246e-01 -3.746582800325000129e-01 4.613893495552000013e-01
2.126880216479999919e-01 1.366855710833999975e-02 3.713399393960999939e-01 8.678199277900999764e-01 -3.746404107553999996e-01 4.613852179519999930e-01
2.131272051776000043e-01 1.544049129136999994e-02 3.713349327418000168e-01 8.678111115308000389e-01 -3.746215309752999878e-01 4.613868988520000158e-01
2.135663887072999922e-01 1.722186311841000100e-02 3.713301644945000146e-01 8.678025845725000353e-01 -3.746011056515999860e-01 4.613945676972999732e-01
2.140055722369000046e-01 1.898857528378000009e-02 3.713244636713999847e-01 8.677930256838000123e-01 -3.745795807978000158e-01 4.614068418430999907e-01
2.144447557664999893e-01 2.072357162657000040e-02 3.713169396511999953e-01 8.677817043350000148e-01 -3.745576142993999880e-01 4.614225058506000177e-01
2.148839392962000050e-01 2.244116301788999859e-02 3.713081932849999767e-01 8.677693584490000500e-01 -3.745350664029000187e-01 4.614423145479999988e-01
2.153231228257999896e-01 2.416836647142000041e-02 3.712995171467000088e-01 8.677570785397999975e-01 -3.745114781100000179e-01 4.614680665897999967e-01
2.157623063554000020e-01 2.590571115819999964e-02 3.712910585790000217e-01 8.677448960263000055e-01 -3.744871266740000260e-01 4.615002440115000271e-01
2.162014898850999900e-01 2.762362827350000119e-02 3.712815373982000233e-01 8.677319240102999709e-01 -3.744627029934999851e-01 4.615376210868000206e-01
2.166406734147000024e-01 2.929694011647999974e-02 3.712700795259000208e-01 8.677175957324999578e-01 -3.744380704486999778e-01 4.615791195360999799e-01
2.170798569442999870e-01 3.092680508248000018e-02 3.712575463412999821e-01 8.677022285519000455e-01 -3.744122442450000254e-01 4.616250327047999868e-01
2.175190404738999994e-01 3.252546563691999931e-02 3.712452065217999864e-01 8.676863540465999947e-01 -3.743847558237999862e-01 4.616762159178999791e-01
2.179582240035999874e-01 3.409308481472000246e-02 3.712325855870000080e-01 8.676699708498000208e-01 -3.743563293869999753e-01 4.617328683492999963e-01
2.183974075331999998e-01 3.561741837481999934e-02 3.712179117030000031e-01 8.676527704343000025e-01 -3.743279896425000253e-01 4.617944338082000111e-01
2.188365910628000122e-01 3.708996804419999876e-02 3.712007773891999873e-01 8.676348592485999545e-01 -3.743000903511000121e-01 4.618601528938999778e-01
2.192757745925000001e-01 3.851576779964999836e-02 3.711829707777999920e-01 8.676167812924000522e-01 -3.742724139790000182e-01 4.619294779029000098e-01
2.197149581221000125e-01 3.990634659805000067e-02 3.711659535969000223e-01 8.675987123989999938e-01 -3.742445968292000269e-01 4.620024095975999723e-01
2.201541416516999972e-01 4.126175228756000235e-02 3.711486805254000099e-01 8.675800152538000187e-01 -3.742161508285000160e-01 4.620795728036999894e-01
2.205933251814000129e-01 4.256016381942000215e-02 3.711291131950000266e-01 8.675599468990999874e-01 -3.741866531877999780e-01 4.621614882283999748e-01
2.210325087109999975e-01 4.377377498808000117e-02 3.711071402914000172e-01 8.675386307694999966e-01 -3.741563163284999938e-01 4.622476961509999760e-01
2.214716922406000099e-01 4.490038844003999691e-02 3.710845064162999751e-01 8.675168858903999913e-01 -3.741259052102000049e-01 4.623371721692000058e-01
2.219108757702999979e-01 4.596895208854000214e-02 3.710620831188999880e-01 8.674950798307999866e-01 -3.740957678019000143e-01 4.624296704288000104e-01
2.223500592999000103e-01 4.700223289652000203e-02 3.710387949874000002e-01 8.674726193594000101e-01 -3.740655057726999799e-01 4.625258658347999874e-01
2.227892428294999949e-01 4.798322784038999700e-02 3.710136015273000076e-01 8.674487990433999984e-01 -3.740349711250999798e-01 4.626258762079000220e-01
2.232284263591000073e-01 4.887588457785999735e-02 3.709871492960999939e-01 8.674237643591999891e-01 -3.740048343662999986e-01 4.627285132314999938e-01
2.236676098887999953e-01 4.967345148705999691e-02 3.709606035083000131e-01 8.673982507045999713e-01 -3.739754627824000144e-01 4.628326423735000250e-01
2.241067934184000077e-01 5.040347832606000000e-02 3.709337624637999986e-01 8.673725940656999978e-01 -3.739459399501999792e-01 4.629386094378000194e-01
2.245459769479999923e-01 5.108272487319000243e-02 3.709053952061999726e-01 8.673464255123000122e-01 -3.739152585810999740e-01 4.630474765058000264e-01
2.249851604777000080e-01 5.169114027766000263e-02 3.708750820778000112e-01 8.673192526942999914e-01 -3.738840664563999883e-01 4.631592561946000219e-01
2.254243440072999927e-01 5.220208964656999906e-02 3.708438007916999846e-01 8.672909225613999462e-01 -3.738539797902999950e-01 4.632728026885000183e-01
2.258635275369000051e-01 5.261945514402999874e-02 3.708126879820999866e-01 8.672614976007999577e-01 -3.738252561090000259e-01 4.633872775294999857e-01
2.263027110665999930e-01 5.296794463932000263e-02 3.707818260924000131e-01 8.672310797889000167e-01 -3.737964733668999728e-01 4.635028323563999963e-01
2.267418945962000054e-01 5.325795371763999975e-02 3.707503609187000060e-01 8.671998831931000407e-01 -3.737667548734999734e-01 4.636197726405000274e-01
2.271810781257999901e-01 5.347645391297999734e-02 3.707174842000000026e-01 8.671681569128999456e-01 -3.737369726906000222e-01 4.637378088881000116e-01
2.276202616554000024e-01 5.360644638162000153e-02 3.706832356852000077e-01 8.671358511953000114e-01 -3.737081329656999906e-01 4.638563523916000020e-01
2.280594451850999904e-01 5.364193807498000149e-02 3.706484690806000071e-01 8.671025732968999922e-01 -3.736798033156999987e-01 4.639749783955000040e-01
2.284986287147000028e-01 5.358857248868000023e-02 3.706139555062000213e-01 8.670680223404999554e-01 -3.736511409978999776e-01 4.640933973070999752e-01
2.289378122442999874e-01 5.346086736779000204e-02 3.705795161023999751e-01 8.670322953804999733e-01 -3.736225411681999842e-01 4.642114623078000268e-01
2.293769957740000032e-01 5.327319766361000158e-02 3.705443656615000081e-01 8.669956678393000438e-01 -3.735950170298000250e-01 4.643293530036999850e-01
2.298161793035999878e-01 5.302236163105000094e-02 3.705083746382000220e-01 8.669582767487999941e-01 -3.735684826812000203e-01 4.644472111337000220e-01
2.302553628332000002e-01 5.268610187469000006e-02 3.704723952316000268e-01 8.669201205584999848e-01 -3.735419127135000128e-01 4.645644110566999885e-01
2.306945463628999882e-01 5.225162824337999806e-02 3.704369624062999744e-01 8.668811334985000450e-01 -3.735149664040999795e-01 4.646798112518000234e-01
2.311337298925000006e-01 5.173724107305999881e-02 3.704013291611999992e-01 8.668411229671999507e-01 -3.734882794607000123e-01 4.647930688094000229e-01
2.315729134221000129e-01 5.116874005894000293e-02 3.703645998223000224e-01 8.667998848908999854e-01 -3.734622376682000255e-01 4.649050760960000139e-01
2.320120969518000009e-01 5.054184400474000249e-02 3.703274438076000208e-01 8.667575638385000003e-01 -3.734366115200000169e-01 4.650165160147000099e-01
2.324512804814000133e-01 4.983084859281999845e-02 3.702916044594999900e-01 8.667146424775999947e-01 -3.734114411025000191e-01 4.651264557845000147e-01
2.328904640109999979e-01 4.903272253944000042e-02 3.702575853769999870e-01 8.666713259581999562e-01 -3.733871220850000228e-01 4.652331277762999928e-01
2.333296475406000103e-01 4.817628972916999930e-02 3.702238326142999747e-01 8.666271646982000032e-01 -3.733634283957000255e-01 4.653359124233999999e-01
2.337688310702999983e-01 4.728067359530999797e-02 3.701887548232999925e-01 8.665815962670999628e-01 -3.733395960888000187e-01 4.654357844345000106e-01
2.342080145999000107e-01 4.632887459263999863e-02 3.701528328363999920e-01 8.665347020604999839e-01 -3.733156730155999803e-01 4.655337442090000111e-01
2.346471981294999953e-01 4.529644377600999805e-02 3.701179430986999974e-01 8.664871139033000214e-01 -3.732925957871999767e-01 4.656295015961999795e-01
2.350863816592000111e-01 4.418719304977999918e-02 3.700849714166000171e-01 8.664392875288999818e-01 -3.732704897901999996e-01 4.657219725555000189e-01
2.355255651887999957e-01 4.302331428193000018e-02 3.700530224292999937e-01 8.663911584298999990e-01 -3.732481980853999959e-01 4.658105065088000152e-01
2.359647487184000081e-01 4.181476779907000035e-02 3.700210479439000055e-01 8.663423779932000190e-01 -3.732252446782000077e-01 4.658951508638000116e-01
2.364039322480999961e-01 4.055779961779999720e-02 3.699893584109000266e-01 8.662925706784999624e-01 -3.732029517113999995e-01 4.659760036482000212e-01
2.368431157777000085e-01 3.925379005744999983e-02 3.699589484320000010e-01 8.662415269886000191e-01 -3.731824647906999970e-01 4.660528252035999741e-01
2.372822993072999931e-01 3.790932913416000111e-02 3.699298687245000106e-01 8.661895728053999877e-01 -3.731628079607999804e-01 4.661253334902000223e-01
2.377214828369000055e-01 3.652258434391000147e-02 3.699011833020999784e-01 8.661375810767999450e-01 -3.731423766522999896e-01 4.661934936138000252e-01
2.381606663665999934e-01 3.508797311143999759e-02 3.698726031794999924e-01 8.660861008726999932e-01 -3.731214834530000024e-01 4.662573754791000114e-01
2.385998498962000058e-01 3.361152108898000229e-02 3.698453009536999958e-01 8.660345539092999534e-01 -3.731016419934999884e-01 4.663168964393999971e-01
2.390390334257999905e-01 3.210467687286999716e-02 3.698204965933000188e-01 8.659818889031000166e-01 -3.730828361081000022e-01 4.663717917322999784e-01
2.394782169555000062e-01 3.056600613896999843e-02 3.697977039315999970e-01 8.659280472714000476e-01 -3.730635395779000052e-01 4.664217841393999975e-01
2.399174004850999908e-01 2.898801941790999856e-02 3.697752280187999729e-01 8.658740703656999660e-01 -3.730434879630999956e-01 4.664667270962000178e-01
2.403565840147000032e-01 2.738091000242999853e-02 3.697523918289999934e-01 8.658205879310999498e-01 -3.730243671439000264e-01 4.665066230793000202e-01
2.407957675443999912e-01 2.576728829197999851e-02 3.697304603641000109e-01 8.657670372118000390e-01 -3.730071253671999876e-01 4.665415441012000231e-01
2.412349510740000036e-01 2.414904357527999923e-02 3.697110195916000208e-01 8.657128624402999906e-01 -3.729904029430000101e-01 4.665715012605000100e-01
2.416741346035999882e-01 2.250211451158999967e-02 3.696940770414999800e-01 8.656586756067999877e-01 -3.729726219457999981e-01 4.665963426720000085e-01
2.421133181333000040e-01 2.081485645246999860e-02 3.696783394920999943e-01 8.656053564062999861e-01 -3.729541394431000190e-01 4.666157998423000053e-01
2.425525016628999886e-01 1.911127223678000045e-02 3.696629901917000138e-01 8.655525352723000276e-01 -3.729361216075000041e-01 4.666297093389999984e-01
2.429916851925000010e-01 1.741994618589999891e-02 3.696485155381000198e-01 8.654990829479000114e-01 -3.729185454810999834e-01 4.666382111528000198e-01
2.434308687221000134e-01 1.573639068438999894e-02 3.696358416748000142e-01 8.654449684400999931e-01 -3.729007784591999997e-01 4.666416448042999821e-01
2.438700522518000013e-01 1.403764550651000025e-02 3.696252373125000212e-01 8.653914745030000244e-01 -3.728832258636000097e-01 4.666401631416000062e-01
2.443092357814000137e-01 1.232424362065000049e-02 3.696162510420000213e-01 8.653393321825999518e-01 -3.728667949559000272e-01 4.666334910773999867e-01
2.447484193109999984e-01 1.062287905726999951e-02 3.696084283250999913e-01 8.652877236227000113e-01 -3.728511972547000064e-01 4.666211807826999847e-01
2.451876028406999863e-01 8.948059847645999793e-03 3.696018784005999924e-01 8.652357180165000106e-01 -3.728352604367000112e-01 4.666031133492999916e-01
2.456267863702999987e-01 7.284075630974999778e-03 3.695971113416999798e-01 8.651837934309000167e-01 -3.728186569190000133e-01 4.665796456197000008e-01
2.460659698999000111e-01 5.612413736416000352e-03 3.695942600766000119e-01 8.651330431695000156e-01 -3.728019642629000208e-01 4.665512391378999757e-01
2.465051534295999991e-01 3.940055872893999736e-03 3.695926011330999961e-01 8.650834674748999475e-01 -3.727852588557000191e-01 4.665180455654999725e-01
2.469443369592000115e-01 2.289487782421999792e-03 3.695913098808000230e-01 8.650341428991999981e-01 -3.727681258680000109e-01 4.664798824397999866e-01
2.473835204887999961e-01 6.715972217087000243e-04 3.695907891686999736e-01 8.649848917262999981e-01 -3.727509901691000160e-01 4.664364916784000115e-01
2.478227040185000118e-01 -9.194967898208999870e-04 3.695925425211000204e-01 8.649366635140000037e-01 -3.727348497085000156e-01 4.663877735902999810e-01
2.482618875480999965e-01 -2.490467074317999786e-03 3.695972079866000071e-01 8.648900507929999648e-01 -3.727194730426999780e-01 4.663339186336999953e-01
2.487010710777000089e-01 -4.038997615004999951e-03 3.696033787826999983e-01 8.648443968521000169e-01 -3.727034319606999935e-01 4.662754048446000055e-01
2.491402546072999935e-01 -5.558854629112999768e-03 3.696092661877999896e-01 8.647988781890000309e-01 -3.726863632476999921e-01 4.662126951484000248e-01
2.495794381370000092e-01 -7.046384378665999752e-03 3.696150919646999933e-01 8.647537235739000128e-01 -3.726696012542999870e-01 4.661457577388999907e-01
2.500186216665999939e-01 -8.500713043146000680e-03 3.696226837336999971e-01 8.647096753098000299e-01 -3.726538255240999797e-01 4.660740272748000179e-01
2.504578051961999785e-01 -9.922133109661000414e-03 3.696328415549999802e-01 8.646667749823999660e-01 -3.726376865775000158e-01 4.659971166636999729e-01
2.508969887258999942e-01 -1.131066939001999956e-02 3.696444398090000250e-01 8.646245301056999510e-01 -3.726199686721999860e-01 4.659155390993999779e-01
2.513361722554999789e-01 -1.266261246475000081e-02 3.696564061336000129e-01 8.645830365259999928e-01 -3.726017508396000100e-01 4.658304229874000169e-01
2.517753557851000190e-01 -1.396880962819000045e-02 3.696692030091000003e-01 8.645430082024999630e-01 -3.725848358544999739e-01 4.657423934568999946e-01
2.522145393147999792e-01 -1.522086112847999967e-02 3.696835433842999841e-01 8.645045921631000496e-01 -3.725689925301999827e-01 4.656509533773000031e-01
2.526537228444000194e-01 -1.642041051259000156e-02 3.696987511875999832e-01 8.644669828969999692e-01 -3.725525361240999977e-01 4.655551645116999815e-01
2.530929063740000040e-01 -1.757887509455999947e-02 3.697136060010000058e-01 8.644295659735999893e-01 -3.725350722456999830e-01 4.654548422872999969e-01
2.535320899035999886e-01 -1.870541621664000009e-02 3.697282565460000003e-01 8.643927744999999607e-01 -3.725177282993000216e-01 4.653508823834999752e-01
2.539712734333000044e-01 -1.979660250645999889e-02 3.697441045722000275e-01 8.643573041065000240e-01 -3.725007722597000193e-01 4.652443932172999896e-01
2.544104569628999890e-01 -2.083977299248000042e-02 3.697619250445999817e-01 8.643230247461000104e-01 -3.724830079545999872e-01 4.651356404677000067e-01
2.548496404924999736e-01 -2.182510163661000036e-02 3.697810356669000154e-01 8.642893564660000250e-01 -3.724640247038999985e-01 4.650239530829000101e-01
2.552888240221999894e-01 -2.275159741268999863e-02 3.698003107110000021e-01 8.642563647993000142e-01 -3.724452801715000261e-01 4.649086901557999973e-01
2.557280075517999740e-01 -2.362205551981999899e-02 3.698192326652000039e-01 8.642246362515000335e-01 -3.724279890212999766e-01 4.647902343547999915e-01
2.561671910814000142e-01 -2.443689729216000014e-02 3.698379018267000107e-01 8.641941355386999479e-01 -3.724112514467000090e-01 4.646698689007999761e-01
2.566063746110999744e-01 -2.519588878219999883e-02 3.698566972116000273e-01 8.641640765397999857e-01 -3.723934032053999865e-01 4.645485403437999983e-01
2.570455581407000145e-01 -2.590244814984999852e-02 3.698760489790999806e-01 8.641341754829999777e-01 -3.723742855328999735e-01 4.644258480192999805e-01
2.574847416702999992e-01 -2.656084307986000120e-02 3.698960396566999820e-01 8.641052289099999673e-01 -3.723550371016000060e-01 4.643005357187000026e-01
2.579239252000000149e-01 -2.716977138872999839e-02 3.699161907886999723e-01 8.640779231731999799e-01 -3.723363386138999753e-01 4.641720637849000020e-01
2.583631087295999995e-01 -2.772386932033000032e-02 3.699360415490000054e-01 8.640516770494000021e-01 -3.723180299398999860e-01 4.640414333357000265e-01
2.588022922591999841e-01 -2.822140744923999980e-02 3.699557536540000191e-01 8.640253660315999618e-01 -3.722999502198000021e-01 4.639102332325000244e-01
2.592414757888000243e-01 -2.866399205921999968e-02 3.699755835565000095e-01 8.639988275034999887e-01 -3.722819241920999889e-01 4.637790649503999996e-01
2.596806593184999845e-01 -2.904787743373999850e-02 3.699950176256999734e-01 8.639728863860000052e-01 -3.722632076055000239e-01 4.636472671697999814e-01
2.601198428481000247e-01 -2.936511790558999843e-02 3.700132792702000017e-01 8.639480665562999651e-01 -3.722432240924999913e-01 4.635141463310000209e-01
2.605590263777000093e-01 -2.961879699696999893e-02 3.700306325286000231e-01 8.639240837553999741e-01 -3.722228335009000189e-01 4.633799931084999768e-01
2.609982099074000250e-01 -2.982749768107000043e-02 3.700482114777000064e-01 8.639006209821999960e-01 -3.722036488643999941e-01 4.632456111902999996e-01
2.614373934370000097e-01 -3.000365841992999952e-02 3.700663511398000205e-01 8.638777397547999781e-01 -3.721858990910000275e-01 4.631112164148999955e-01
2.618765769665999943e-01 -3.013313060799999860e-02 3.700840145566000050e-01 8.638552420557999989e-01 -3.721680921277000231e-01 4.629763641444999966e-01
2.623157604963000100e-01 -3.018959648416999833e-02 3.701002635848000266e-01 8.638324380305999473e-01 -3.721491039238000176e-01 4.628409479939000204e-01
2.627549440258999947e-01 -3.016806128677999854e-02 3.701154245487000005e-01 8.638091263553000498e-01 -3.721294626819000029e-01 4.627056965219999984e-01
2.631941275554999793e-01 -3.009096124038999898e-02 3.701302045357000026e-01 8.637862320660000259e-01 -3.721100846825999842e-01 4.625713838509999953e-01
2.636333110851000194e-01 -2.997975187295999835e-02 3.701443962327999881e-01 8.637647629271000271e-01 -3.720909670079999843e-01 4.624379681931999886e-01
2.640724946147999797e-01 -2.983343480291000133e-02 3.701572555065000270e-01 8.637444497366000284e-01 -3.720720038691999743e-01 4.623049964097999953e-01
2.645116781444000198e-01 -2.963860908427999943e-02 3.701687179797999994e-01 8.637240962046000003e-01 -3.720539533466000193e-01 4.621726179564999981e-01
2.649508616740000044e-01 -2.938718633282999884e-02 3.701794452311999994e-01 8.637030592522000338e-01 -3.720372153370000157e-01 4.620415591140000222e-01
2.653900452037000202e-01 -2.907735313063000010e-02 3.701898318849999869e-01 8.636816710118000451e-01 -3.720203523426999781e-01 4.619120700825999903e-01
2.658292287333000048e-01 -2.870962714419000167e-02 3.701995637412999751e-01 8.636603220095000477e-01 -3.720014853977999802e-01 4.617835749002000001e-01
2.662684122628999894e-01 -2.829198793334000012e-02 3.702080531476000247e-01 8.636389700780999767e-01 -3.719810779207000095e-01 4.616556940016999788e-01
2.667075957926000052e-01 -2.783921471208000015e-02 3.702148747944999929e-01 8.636176984543999513e-01 -3.719617817038999852e-01 4.615290827970999765e-01
2.671467793221999898e-01 -2.735666649293000061e-02 3.702199396459999736e-01 8.635969464311999966e-01 -3.719451874918999756e-01 4.614047506492000017e-01
2.675859628517999744e-01 -2.683292251447999890e-02 3.702236370856999970e-01 8.635767773238000045e-01 -3.719300689285000017e-01 4.612828900247000208e-01
2.680251463814999902e-01 -2.625816159815000037e-02 3.702266014653999848e-01 8.635565277686999552e-01 -3.719143831191000227e-01 4.611629403070999778e-01
2.684643299110999748e-01 -2.563960039269000055e-02 3.702289701932999777e-01 8.635356639739000251e-01 -3.718977322436999855e-01 4.610445989429000080e-01
2.689035134407000149e-01 -2.498636513948000043e-02 3.702301459085999835e-01 8.635145028844000148e-01 -3.718809938134000070e-01 4.609281710695999901e-01
2.693426969702999996e-01 -2.429103362825000070e-02 3.702296604329999852e-01 8.634935801662999566e-01 -3.718646463122000090e-01 4.608140211464000213e-01
2.697818805000000153e-01 -2.354511136762999987e-02 3.702278512902000274e-01 8.634727624086999676e-01 -3.718486959594999863e-01 4.607023103942999853e-01
2.702210640295999999e-01 -2.276387584180000062e-02 3.702251309690000047e-01 8.634516203626000364e-01 -3.718335474460000012e-01 4.605932794913000228e-01
2.706602475591999846e-01 -2.197126524950000076e-02 3.702210393882999773e-01 8.634303128139999561e-01 -3.718195907585000182e-01 4.604871341489000236e-01
2.710994310889000003e-01 -2.116256504056999999e-02 3.702148513794000229e-01 8.634093077528000038e-01 -3.718062162531000081e-01 4.603835573478000098e-01
2.715386146184999849e-01 -2.030907405748999875e-02 3.702068790295000023e-01 8.633884005533000172e-01 -3.717924619278999976e-01 4.602820456046000097e-01
2.719777981481000251e-01 -1.940418431677999947e-02 3.701982124932000073e-01 8.633668917155999933e-01 -3.717785252524999917e-01 4.601829458642999748e-01
2.724169816777999853e-01 -1.847732147347000073e-02 3.701891393648999995e-01 8.633448146939000090e-01 -3.717655058732999840e-01 4.600873785394999915e-01
2.728561652074000254e-01 -1.755041789556999882e-02 3.701787455132999893e-01 8.633231071596999540e-01 -3.717537093023999817e-01 4.599957070249999780e-01
2.732953487370000101e-01 -1.660631913282999833e-02 3.701663188664999771e-01 8.633022291483000155e-01 -3.717423702761000204e-01 4.599068707808999790e-01
2.737345322667000258e-01 -1.561953537923999914e-02 3.701523030161000261e-01 8.632813817743000273e-01 -3.717310779012999999e-01 4.598199208272999994e-01
2.741737157963000104e-01 -1.459750347688000029e-02 3.701374383029999993e-01 8.632596289699999703e-01 -3.717202084517000071e-01 4.597355248982000209e-01
2.746128993258999951e-01 -1.356702301380000031e-02 3.701216673878000019e-01 8.632371869353000493e-01 -3.717097979269999852e-01 4.596550083206999981e-01
2.750520828554999797e-01 -1.253416438313999931e-02 3.701044767823000181e-01 8.632149513721000256e-01 -3.716994244035000117e-01 4.595783962605999862e-01
2.754912663851999954e-01 -1.148445397142999931e-02 3.700858552942000168e-01 8.631932047528000362e-01 -3.716896166756999964e-01 4.595045744462999959e-01
2.759304499147999801e-01 -1.041487562796999944e-02 3.700662873348999904e-01 8.631715413050999874e-01 -3.716817737395000099e-01 4.594332269008999936e-01
2.763696334444000202e-01 -9.338472481771999470e-03 3.700459748402999960e-01 8.631497728796999613e-01 -3.716758140481000172e-01 4.593653536348999977e-01
2.768088169740999804e-01 -8.259111071819999136e-03 3.700245299402999954e-01 8.631280656158000220e-01 -3.716694607596999766e-01 4.593016316922999831e-01
2.772480005037000206e-01 -7.166901189302000118e-03 3.700014195497999814e-01 8.631062687953999779e-01 -3.716612176538000023e-01 4.592413989388000051e-01
2.776871840333000052e-01 -6.060515047096999737e-03 3.699765269206999885e-01 8.630839874430999981e-01 -3.716527664736000158e-01 4.591837816391000082e-01
2.781263675630000209e-01 -4.951562704116000378e-03 3.699503796013999812e-01 8.630614662461999487e-01 -3.716467145180999965e-01 4.591289158969000250e-01
2.785655510926000056e-01 -3.844376016333000100e-03 3.699238549059999936e-01 8.630395718423999885e-01 -3.716429503483000274e-01 4.590774133498000120e-01
2.790047346221999902e-01 -2.733851264325000072e-03 3.698973647368000162e-01 8.630185440633000304e-01 -3.716392258226999812e-01 4.590293597883999821e-01
2.794439181519000059e-01 -1.625991269269999985e-03 3.698702779051000200e-01 8.629974791630999897e-01 -3.716347219444999794e-01 4.589845438162000191e-01
2.798831016814999906e-01 -5.347436187126999559e-04 3.698415645472000191e-01 8.629755434033999917e-01 -3.716307498829999889e-01 4.589430533073999841e-01
2.803222852110999752e-01 5.481590201130999819e-04 3.698111224878999903e-01 8.629530911242999647e-01 -3.716280050842999949e-01 4.589048903208000074e-01
2.807614687407000154e-01 1.651081127391999933e-03 3.697799411561999983e-01 8.629309765034000046e-01 -3.716255231125999980e-01 4.588695381160999842e-01
2.812006522703999756e-01 2.775555784004000038e-03 3.697487333901999795e-01 8.629092942667999644e-01 -3.716228895511000108e-01 4.588367525518000090e-01
2.816398358000000157e-01 3.879358786981999818e-03 3.697170292570000072e-01 8.628875903967999639e-01 -3.716212495149999739e-01 4.588073265347999974e-01
2.820790193296000004e-01 4.929331672417000022e-03 3.696840647362000243e-01 8.628659434859999866e-01 -3.716210986672000005e-01 4.587820866749000026e-01
2.825182028593000161e-01 5.948373196313999633e-03 3.696499834238000104e-01 8.628448505068999630e-01 -3.716210004205000028e-01 4.587603986875999906e-01
2.829573863889000007e-01 6.981512508806999619e-03 3.696155047865999910e-01 8.628240886463000026e-01 -3.716198322229000151e-01 4.587407232310999894e-01
2.833965699184999854e-01 8.032139476562999772e-03 3.695808130388000268e-01 8.628027006317999792e-01 -3.716186954665999798e-01 4.587226145521999809e-01
2.838357534482000011e-01 9.064435218884999562e-03 3.695455254294000014e-01 8.627804030265999735e-01 -3.716190905824999779e-01 4.587071467784999967e-01
2.842749369777999857e-01 1.005893021058000027e-02 3.695095451798999786e-01 8.627581574468999870e-01 -3.716205713210999906e-01 4.586952549066000140e-01
2.847141205074000259e-01 1.102994463582999962e-02 3.694731874464999843e-01 8.627368543494999820e-01 -3.716218573640999723e-01 4.586866807719000017e-01
2.851533040370000105e-01 1.198923407943999937e-02 3.694364955978999832e-01 8.627161170684000124e-01 -3.716230669071999837e-01 4.586808389907999772e-01
2.855924875667000262e-01 1.292759051427999975e-02 3.693991221046000195e-01 8.626950230286000165e-01 -3.716249880722999888e-01 4.586776844686000221e-01
2.860316710963000109e-01 1.383955297561000053e-02 3.693609936159999996e-01 8.626734448903999875e-01 -3.716271226714000231e-01 4.586771603240000217e-01
2.864708546258999955e-01 1.473511639576000065e-02 3.693225596292000201e-01 8.626519044484000087e-01 -3.716285254541000227e-01 4.586786637961999813e-01
2.869100381556000112e-01 1.561484751075000073e-02 3.692842617732000066e-01 8.626304674939999639e-01 -3.716298875215999775e-01 4.586818223244000237e-01
2.873492216851999959e-01 1.646027180630000100e-02 3.692461514870999939e-01 8.626086811955000488e-01 -3.716325552022000100e-01 4.586872015574000039e-01
2.877884052147999805e-01 1.726330041195000067e-02 3.692080291127999847e-01 8.625865217468999813e-01 -3.716358868067999865e-01 4.586954953608000096e-01
2.882275887444999962e-01 1.804091466543999989e-02 3.691695409520999727e-01 8.625645241742000424e-01 -3.716379911229999999e-01 4.587064584012999768e-01
2.886667722740999809e-01 1.880471355106000039e-02 3.691302326020000080e-01 8.625428160875999728e-01 -3.716390499475999976e-01 4.587193339785999857e-01
2.891059558037000210e-01 1.953972594719999983e-02 3.690900733999999961e-01 8.625208062627000016e-01 -3.716413298617999850e-01 4.587339065993000231e-01
2.895451393333999812e-01 2.023279291650999928e-02 3.690498966449999863e-01 8.624981519869000524e-01 -3.716454046600000116e-01 4.587503691406999984e-01
2.899843228630000214e-01 2.089818374854000155e-02 3.690106589048000041e-01 8.624753436944000429e-01 -3.716489254818999832e-01 4.587685410346000192e-01
2.904235063926000060e-01 2.154926529039000171e-02 3.689721776484999882e-01 8.624528534601000329e-01 -3.716501905767999880e-01 4.587881342419000141e-01
2.908626899221999906e-01 2.216549647020999922e-02 3.689332921046000191e-01 8.624302691015000022e-01 -3.716506140129000046e-01 4.588095647607000060e-01
2.913018734519000064e-01 2.272046882766999912e-02 3.688934587052000169e-01 8.624068838088000399e-01 -3.716521873906999951e-01 4.588334644252000105e-01
2.917410569814999910e-01 2.322907574106999884e-02 3.688534608035000106e-01 8.623827540881999765e-01 -3.716545236632999849e-01 4.588593451556000069e-01
2.921802405110999756e-01 2.372926903315000086e-02 3.688142140296000182e-01 8.623584991828000534e-01 -3.716562110675000197e-01 4.588857721658999855e-01
2.926194240407999914e-01 2.422140385073999827e-02 3.687756057534000154e-01 8.623342830971000295e-01 -3.716573754388999840e-01 4.589121824487000234e-01
2.930586075703999760e-01 2.466464810038999922e-02 3.687370390881999915e-01 8.623097073616999841e-01 -3.716587960007999847e-01 4.589396503684000095e-01
2.934977911000000161e-01 2.503883661822000131e-02 3.686984742068999954e-01 8.622846338240000019e-01 -3.716597813336000034e-01 4.589693490187000124e-01
2.939369746296999764e-01 2.537255238615999942e-02 3.686602156016999809e-01 8.622593603567000331e-01 -3.716592062717000156e-01 4.590009685963999941e-01
2.943761581593000165e-01 2.569518908957999989e-02 3.686221161396999735e-01 8.622338511360000401e-01 -3.716578339837999789e-01 4.590332956445000168e-01
2.948153416889000011e-01 2.599336629285000158e-02 3.685838038663999949e-01 8.622075116233000047e-01 -3.716573626442999934e-01 4.590658279266000008e-01
2.952545252184999858e-01 2.623680362209999950e-02 3.685455175558999819e-01 8.621800748922000546e-01 -3.716576421428999799e-01 4.590990507398000076e-01
2.956937087482000015e-01 2.642315864806999912e-02 3.685079743965000154e-01 8.621521356539000314e-01 -3.716569506358000097e-01 4.591333375123000105e-01
2.961328922777999861e-01 2.657251672616000107e-02 3.684713930403999971e-01 8.621243314500000032e-01 -3.716546969953999913e-01 4.591682910725999878e-01
2.965720758074000263e-01 2.669449875187999977e-02 3.684352228748000169e-01 8.620964172844000073e-01 -3.716517516141999988e-01 4.592032363231999814e-01
2.970112593370999865e-01 2.678505460003000049e-02 3.683989187742000015e-01 8.620676943224999667e-01 -3.716483725415999917e-01 4.592379086439999925e-01
2.974504428667000266e-01 2.684280647629999975e-02 3.683625700252000090e-01 8.620380621304000179e-01 -3.716440958916000237e-01 4.592725558294999955e-01
2.978896263963000113e-01 2.686430847959999854e-02 3.683267340013999802e-01 8.620080261700000523e-01 -3.716396307809000099e-01 4.593076287623000242e-01
2.983288099260000270e-01 2.683326055069000168e-02 3.682919696634999740e-01 8.619777710325999820e-01 -3.716363243388000059e-01 4.593433865618000156e-01
2.987679934556000116e-01 2.673980401437000068e-02 3.682584439948000110e-01 8.619468554681000150e-01 -3.716333363918000177e-01 4.593795735437999905e-01
2.992071769851999963e-01 2.660408085930000138e-02 3.682256329420000029e-01 8.619149230349000268e-01 -3.716279453517999931e-01 4.594154846783000123e-01
2.996463605149000120e-01 2.645496672418999953e-02 3.681925647097999965e-01 8.618821984797000457e-01 -3.716195943533999735e-01 4.594505328596000249e-01
3.000855440444999966e-01 2.628879765221000045e-02 3.681588361502999840e-01 8.618490922317000313e-01 -3.716111746810999983e-01 4.594847242203999871e-01
3.005247275740999813e-01 2.607541759634000172e-02 3.681252851458000075e-01 8.618157310028999873e-01 -3.716049176683999811e-01 4.595184445282999852e-01
3.009639111037000214e-01 2.580423067865000170e-02 3.680931418678000111e-01 8.617820846046999606e-01 -3.715992560942000256e-01 4.595518946155999762e-01
3.014030946333999816e-01 2.549524306653000102e-02 3.680626016510999965e-01 8.617481402114000044e-01 -3.715915224870999789e-01 4.595849058100999751e-01
3.018422781630000218e-01 2.515997957956999861e-02 3.680328193333000097e-01 8.617136468703999741e-01 -3.715817742284999725e-01 4.596171492519999791e-01
3.022814616926000064e-01 2.478284689636999980e-02 3.680032342164000214e-01 8.616780662542999902e-01 -3.715717885377000096e-01 4.596482776422000094e-01
3.027206452223000221e-01 2.435530972288999993e-02 3.679741319347000217e-01 8.616412257536999464e-01 -3.715618696144000199e-01 4.596779904998000155e-01
3.031598287519000068e-01 2.390021032481999888e-02 3.679457745565000160e-01 8.616038021787999490e-01 -3.715511417139000239e-01 4.597062520776000194e-01
3.035990122814999914e-01 2.343904249134000015e-02 3.679178331633999877e-01 8.615666775570000047e-01 -3.715399521530000082e-01 4.597333854173000223e-01
3.040381958112000071e-01 2.295481732067999880e-02 3.678901414360000177e-01 8.615298964427999806e-01 -3.715293878231999969e-01 4.597596992353000234e-01
3.044773793407999918e-01 2.241402591825000096e-02 3.678633354126999988e-01 8.614927142852000230e-01 -3.715189086569000154e-01 4.597850726184999903e-01
3.049165628703999764e-01 2.181446326362000004e-02 3.678380951238999774e-01 8.614546481485000351e-01 -3.715069040505000197e-01 4.598090923545000153e-01
3.053557464000999921e-01 2.118562869209000138e-02 3.678141279384000151e-01 8.614159572441000279e-01 -3.714934201649999768e-01 4.598314253422000064e-01
3.057949299296999768e-01 2.054720083669999905e-02 3.677904995242000097e-01 8.613769616311000021e-01 -3.714800465904999904e-01 4.598517799340999801e-01
3.062341134593000169e-01 1.989165508883999900e-02 3.677667627955000240e-01 8.613374468658999694e-01 -3.714671257886000277e-01 4.598697600375000194e-01
3.066732969889000016e-01 1.920694013666000149e-02 3.677432889398999927e-01 8.612971490816000442e-01 -3.714533890085999768e-01 4.598852836665999755e-01
3.071124805186000173e-01 1.849285061510000036e-02 3.677206906064999781e-01 8.612564721230000497e-01 -3.714385797345999829e-01 4.598990530536999910e-01
3.075516640482000019e-01 1.775132639578000035e-02 3.676993815583999847e-01 8.612161844429000457e-01 -3.714241048976000270e-01 4.599119620859999924e-01
3.079908475777999866e-01 1.698134743689000067e-02 3.676795225630000163e-01 8.611764740052000322e-01 -3.714105335142000031e-01 4.599238493537000094e-01
3.084300311075000023e-01 1.618985469939999977e-02 3.676608988698999991e-01 8.611367472572000192e-01 -3.713966660229000016e-01 4.599333652056000199e-01
3.088692146370999869e-01 1.538933964111999925e-02 3.676429075147000236e-01 8.610964202449999938e-01 -3.713818421623999999e-01 4.599393912568000009e-01
3.093083981667000271e-01 1.457662657037000001e-02 3.676250689139000105e-01 8.610555494831999557e-01 -3.713669985306000121e-01 4.599422234118999975e-01
3.097475816963999873e-01 1.373173536125999947e-02 3.676075194912999944e-01 8.610145575565999465e-01 -3.713524686747000092e-01 4.599430482761999728e-01
3.101867652260000274e-01 1.284903759497999995e-02 3.675907336479999898e-01 8.609736507030000263e-01 -3.713369755131999961e-01 4.599425765481999773e-01
3.106259487556000121e-01 1.195373915184999927e-02 3.675749604094999956e-01 8.609327436288000124e-01 -3.713202051132999948e-01 4.599405193089999844e-01
3.110651322851999967e-01 1.107254218606999914e-02 3.675602790322000102e-01 8.608917860381000153e-01 -3.713042399470999899e-01 4.599361022065999727e-01
3.115043158149000124e-01 1.019983126317999984e-02 3.675468873959999994e-01 8.608509123433000232e-01 -3.712905431076000129e-01 4.599286687238999805e-01
3.119434993444999971e-01 9.309545652049999731e-03 3.675347329220000070e-01 8.608102976674000262e-01 -3.712773145546999776e-01 4.599179629506000011e-01
3.123826828740999817e-01 8.392131704088999500e-03 3.675230615317999772e-01 8.607700191770000231e-01 -3.712620784905000249e-01 4.599042805410000212e-01
3.128218664037999974e-01 7.461670154880000426e-03 3.675111166882000235e-01 8.607300575355000261e-01 -3.712455149462000059e-01 4.598883328194000031e-01
3.132610499333999821e-01 6.531195051325999930e-03 3.674993489282999959e-01 8.606903470896000163e-01 -3.712302592655999933e-01 4.598706146857999832e-01
3.137002334630000222e-01 5.600764391800999893e-03 3.674891568058999969e-01 8.606508315251000241e-01 -3.712168401648999749e-01 4.598508547074999786e-01
3.141394169926999824e-01 4.671025747696000256e-03 3.674811366010999891e-01 8.606115131456999467e-01 -3.712034160109000114e-01 4.598283032737999765e-01
3.145786005223000226e-01 3.749867043994999961e-03 3.674742476030999905e-01 8.605724263908000049e-01 -3.711890810099000015e-01 4.598025544893999950e-01
3.150177840519000072e-01 2.838839547658999866e-03 3.674671370548999727e-01 8.605335775722999792e-01 -3.711748217681000162e-01 4.597738969346999993e-01
3.154569675816000229e-01 1.927351577033999900e-03 3.674597495190999874e-01 8.604950054451999675e-01 -3.711612197324999918e-01 4.597429058383000200e-01
3.158961511112000076e-01 1.009478015765999902e-03 3.674530903241999824e-01 8.604568806772000533e-01 -3.711477322248999955e-01 4.597098935707000233e-01
3.163353346407999922e-01 9.641433330519999750e-05 3.674478047963999905e-01 8.604193618345999939e-01 -3.711345844160999774e-01 4.596747149218000095e-01
3.167745181703999768e-01 -7.968266276483000230e-04 3.674436355854999725e-01 8.603823280962999975e-01 -3.711229409249999778e-01 4.596369197592999889e-01
3.172137017000999926e-01 -1.669257456293999926e-03 3.674401058687000177e-01 8.603455262175999652e-01 -3.711125212069000256e-01 4.595961477982000165e-01
3.176528852296999772e-01 -2.529648231665999978e-03 3.674371021014999905e-01 8.603091095342999539e-01 -3.711013354155999755e-01 4.595525377929000066e-01
3.180920687593000173e-01 -3.381192912037000054e-03 3.674347129403999768e-01 8.602736780172000053e-01 -3.710887801744000014e-01 4.595066501269999826e-01
3.185312522889999776e-01 -4.219809182820000171e-03 3.674329485348000190e-01 8.602394359745999530e-01 -3.710768929664999827e-01 4.594588279078999915e-01
3.189704358186000177e-01 -5.041873049100999843e-03 3.674317794577000029e-01 8.602056008583000013e-01 -3.710672940343999748e-01 4.594088299865999869e-01
3.194096193482000023e-01 -5.842878167466000403e-03 3.674311999436000176e-01 8.601712230357000388e-01 -3.710588377028000151e-01 4.593563392387999822e-01
3.198488028779000181e-01 -6.612871826329000217e-03 3.674311604746000048e-01 8.601365412454999859e-01 -3.710498148240000127e-01 4.593015664958000066e-01
3.202879864075000027e-01 -7.346213864066000049e-03 3.674316135435000130e-01 8.601028856137999945e-01 -3.710406911479999792e-01 4.592449240904000196e-01
3.207271699370999873e-01 -8.054592558362999241e-03 3.674326467251999850e-01 8.600710380171999736e-01 -3.710327821350000166e-01 4.591863106272000006e-01
3.211663534667000275e-01 -8.756007032667999929e-03 3.674343953263999873e-01 8.600402701813999462e-01 -3.710256885457000053e-01 4.591253113868000169e-01
3.216055369963999877e-01 -9.447520587820999391e-03 3.674368132104999796e-01 8.600093884414999890e-01 -3.710182386497000162e-01 4.590620617978000140e-01
3.220447205259999723e-01 -1.010242709030999969e-02 3.674396757219999810e-01 8.599782304777999764e-01 -3.710109667557999757e-01 4.589972460082999972e-01
3.224839040556000125e-01 -1.070181797086000065e-02 3.674427843511999803e-01 8.599475637794999905e-01 -3.710053270317000274e-01 4.589310905967999843e-01
3.229230875852999727e-01 -1.125767266420999932e-02 3.674460402656000158e-01 8.599178611586000276e-01 -3.710009641725999785e-01 4.588630091747000206e-01
3.233622711149000128e-01 -1.179412632143999988e-02 3.674494172964000160e-01 8.598889051207000422e-01 -3.709960732022000163e-01 4.587925734668000244e-01
3.238014546444999975e-01 -1.231443498319999968e-02 3.674530666413000080e-01 8.598604850987999759e-01 -3.709903945595999786e-01 4.587202923727000115e-01
3.242406381742000132e-01 -1.279983031343999954e-02 3.674573442278000202e-01 8.598326978788000119e-01 -3.709856843677000193e-01 4.586470069967000240e-01
3.246798217037999978e-01 -1.323617250282000009e-02 3.674624386602000081e-01 8.598054086309000477e-01 -3.709829318780999974e-01 4.585729468650999729e-01
3.251190052333999825e-01 -1.362633955855000085e-02 3.674679822858000211e-01 8.597781432965000414e-01 -3.709810533001999810e-01 4.584978125004000038e-01
3.255581887630999982e-01 -1.397648859771000000e-02 3.674733239644999983e-01 8.597508880870999848e-01 -3.709788379455000173e-01 4.584213722286999970e-01
3.259973722926999828e-01 -1.428628271803999983e-02 3.674782524720999755e-01 8.597244037610000111e-01 -3.709764465909999864e-01 4.583434937088000094e-01
3.264365558223000230e-01 -1.455811015863000060e-02 3.674832127645000224e-01 8.596992187416000464e-01 -3.709743724871000237e-01 4.582640208461999931e-01
3.268757393519000076e-01 -1.480118473618999980e-02 3.674887274243999746e-01 8.596747219146999575e-01 -3.709725515651000061e-01 4.581832583782999846e-01
3.273149228816000234e-01 -1.501547675779999966e-02 3.674948062255999903e-01 8.596498472907999622e-01 -3.709712406949000063e-01 4.581022203062999898e-01
3.277541064112000080e-01 -1.518174616491000002e-02 3.675010069292999892e-01 8.596244069508000019e-01 -3.709712132269999962e-01 4.580216064015000255e-01
3.281932899407999926e-01 -1.528137024572000062e-02 3.675069039296000040e-01 8.595991465236999529e-01 -3.709721670209999989e-01 4.579407400155000030e-01
3.286324734705000084e-01 -1.532142461643999989e-02 3.675124276253000088e-01 8.595746458453999983e-01 -3.709724101888999814e-01 4.578584340685000198e-01
3.290716570000999930e-01 -1.532692065716000085e-02 3.675178913398999825e-01 8.595508302716999838e-01 -3.709712495176999969e-01 4.577749063104000204e-01
3.295108405296999776e-01 -1.530964465255999982e-02 3.675237052720000119e-01 8.595275299461000440e-01 -3.709703714272999941e-01 4.576918184195999939e-01
3.299500240593999933e-01 -1.525691471641000066e-02 3.675298849251000255e-01 8.595047530820999482e-01 -3.709715439637999990e-01 4.576100924898999778e-01
3.303892075889999780e-01 -1.515138133722999936e-02 3.675358582421999754e-01 8.594821652630000308e-01 -3.709740697662000097e-01 4.575286563272000229e-01
3.308283911186000181e-01 -1.498949154648000076e-02 3.675410296748000127e-01 8.594589969946999641e-01 -3.709759502178999746e-01 4.574460401659000142e-01
3.312675746482999783e-01 -1.477775193720000033e-02 3.675455585969999994e-01 8.594349720532999948e-01 -3.709766147892999966e-01 4.573625378057000201e-01
3.317067581779000185e-01 -1.452296870827999957e-02 3.675502205892999807e-01 8.594108817258000466e-01 -3.709769186578000255e-01 4.572799208760000012e-01
3.321459417075000031e-01 -1.423140734717999976e-02 3.675553598085999907e-01 8.593876787374999937e-01 -3.709772411319999796e-01 4.571993283179999756e-01
3.325851252370999878e-01 -1.390631399801999998e-02 3.675603719809000247e-01 8.593652522933999949e-01 -3.709774111615999903e-01 4.571202534607999857e-01
3.330243087668000035e-01 -1.353888533693000003e-02 3.675645279177000013e-01 8.593426300608999480e-01 -3.709780467218000144e-01 4.570415536926000222e-01
3.334634922963999881e-01 -1.311210749023999922e-02 3.675679775480000244e-01 8.593192384057000144e-01 -3.709799864648999912e-01 4.569627818534000019e-01
3.339026758259999728e-01 -1.262361130276999990e-02 3.675714765772999937e-01 8.592954169244000351e-01 -3.709823910983999773e-01 4.568844559406000094e-01
3.343418593556999885e-01 -1.209639687208999975e-02 3.675752712370999875e-01 8.592717193479999516e-01 -3.709832870322000153e-01 4.568075676721999878e-01
3.347810428852999731e-01 -1.155467493021000019e-02 3.675787607222000264e-01 8.592482455890999571e-01 -3.709823268999000168e-01 4.567329647421000116e-01
3.352202264149000133e-01 -1.099403566006999962e-02 3.675813094652000124e-01 8.592247694064000241e-01 -3.709812905068999855e-01 4.566607964268999953e-01
3.356594099445999735e-01 -1.038762252530999949e-02 3.675829604076999990e-01 8.592010513472000399e-01 -3.709813114318000205e-01 4.565904076590999727e-01
3.360985934742000136e-01 -9.718747844664000005e-03 3.675841840601000166e-01 8.591768271166999593e-01 -3.709812745130999789e-01 4.565210488988000193e-01
3.365377770037999983e-01 -8.995719182162000005e-03 3.675852733189000077e-01 8.591518870773999783e-01 -3.709798094239999955e-01 4.564527358355999764e-01
3.369769605335000140e-01 -8.237226710620999814e-03 3.675862316790000084e-01 8.591264383498999901e-01 -3.709773587085999913e-01 4.563861722274000221e-01
3.374161440630999986e-01 -7.456376213871999774e-03 3.675869915241999908e-01 8.591010770714000433e-01 -3.709750982589999913e-01 4.563219564150000074e-01
3.378553275926999833e-01 -6.658098490450999572e-03 3.675873962092999769e-01 8.590760824998000533e-01 -3.709730002432999885e-01 4.562603078413000057e-01
3.382945111223999990e-01 -5.837417571217000042e-03 3.675870697774999973e-01 8.590509368500000020e-01 -3.709702864337000028e-01 4.562014832969999989e-01
3.387336946519999836e-01 -4.978026793531999637e-03 3.675856778404000269e-01 8.590248535165000421e-01 -3.709668936239999826e-01 4.561457924258000007e-01
3.391728781816000238e-01 -4.067203027903000360e-03 3.675834209910999739e-01 8.589976780629999809e-01 -3.709630777547999747e-01 4.560929969822999919e-01
3.396120617112000084e-01 -3.116919101901999972e-03 3.675810028943999885e-01 8.589700283615000487e-01 -3.709582218038000034e-01 4.560423051254999804e-01
3.400512452409000241e-01 -2.156519159788000076e-03 3.675788675937000094e-01 8.589426257944999810e-01 -3.709515619172999989e-01 4.559933727168999917e-01
3.404904287705000088e-01 -1.198324953133000003e-03 3.675765548443999942e-01 8.589156479589999948e-01 -3.709437907929000189e-01 4.559468974650000006e-01
3.409296123000999934e-01 -2.240737557203000127e-04 3.675730862057000059e-01 8.588885777653999520e-01 -3.709364337846999815e-01 4.559038224579000098e-01
3.413687958298000091e-01 7.870756987421999870e-04 3.675680970340000076e-01 8.588605101278999898e-01 -3.709296004768000143e-01 4.558643308077000023e-01
3.418079793593999938e-01 1.831843429368000022e-03 3.675623898716000038e-01 8.588308729089000337e-01 -3.709217185990000276e-01 4.558280826389999874e-01
3.422471628889999784e-01 2.894629361997999844e-03 3.675571156972999853e-01 8.588001858425999835e-01 -3.709117695413000071e-01 4.557950747301000027e-01
3.426863464186000185e-01 3.970355242645999712e-03 3.675524323502999957e-01 8.587698628615000329e-01 -3.709005853855000256e-01 4.557656222668000079e-01
3.431255299482999788e-01 5.059164291529000268e-03 3.675472433858000265e-01 8.587407407510000423e-01 -3.708894497449000127e-01 4.557396404324999817e-01
3.435647134779000189e-01 6.150807513550999792e-03 3.675404032697999757e-01 8.587118893094000116e-01 -3.708783720239999804e-01 4.557166056094000273e-01
3.440038970075000035e-01 7.235032143117999838e-03 3.675320039202999989e-01 8.586814948536000136e-01 -3.708663173051000017e-01 4.556963048886999990e-01
3.444430805372000193e-01 8.320767486135999258e-03 3.675232644104999835e-01 8.586490470294999566e-01 -3.708524506052999770e-01 4.556791304087999817e-01
3.448822640668000039e-01 9.424160792950999135e-03 3.675152230752999905e-01 8.586160431063000198e-01 -3.708366769304000110e-01 4.556655589449000177e-01
3.453214475963999885e-01 1.054115412345999966e-02 3.675077313903999943e-01 8.585842041761000409e-01 -3.708195559745999792e-01 4.556558006986999865e-01
3.457606311259999732e-01 1.165266381227000013e-02 3.674997073256999758e-01 8.585535207150000181e-01 -3.708020930331999976e-01 4.556500113085000248e-01
3.461998146556999889e-01 1.275434238907000029e-02 3.674901835891000168e-01 8.585225425964999602e-01 -3.707850148224000053e-01 4.556482698198999759e-01
3.466389981852999735e-01 1.385765814768000030e-02 3.674790987382000051e-01 8.584901807590999967e-01 -3.707678435012000118e-01 4.556501130617000017e-01
3.470781817149000137e-01 1.496097953384999991e-02 3.674672857715999830e-01 8.584565865990999578e-01 -3.707492649752999747e-01 4.556546498233999820e-01
3.475173652445999739e-01 1.604630099340999955e-02 3.674558082791000158e-01 8.584225088975999673e-01 -3.707287677694000028e-01 4.556615782296000172e-01
3.479565487742000141e-01 1.711063207092999860e-02 3.674451499679999844e-01 8.583885686257000103e-01 -3.707072193323999731e-01 4.556717281075000070e-01
3.483957323037999987e-01 1.817217655597999984e-02 3.674348412555999976e-01 8.583552117039999763e-01 -3.706853868614999881e-01 4.556861283529999862e-01
3.488349158335000144e-01 1.923258044908000147e-02 3.674238554399000267e-01 8.583226043066000122e-01 -3.706627434443000024e-01 4.557047734820000029e-01
3.492740993630999990e-01 2.026202443296000119e-02 3.674114891972000141e-01 8.582902176158000440e-01 -3.706384785908999890e-01 4.557267609353999882e-01
3.497132828926999837e-01 2.124365234999000054e-02 3.673979597768999850e-01 8.582570671857999711e-01 -3.706129111156000189e-01 4.557514454962999784e-01
3.501524664223999994e-01 2.220717138791999945e-02 3.673841839474999982e-01 8.582228332699000095e-01 -3.705869075486999953e-01 4.557789319755999879e-01
3.505916499519999840e-01 2.318733700047000135e-02 3.673709580009000275e-01 8.581883987042999706e-01 -3.705605004142999981e-01 4.558095153839000213e-01
3.510308334816000242e-01 2.416650964944000099e-02 3.673582773317999872e-01 8.581548241367999985e-01 -3.705332317816000254e-01 4.558432245221999968e-01
3.514700170112999844e-01 2.509466574599000105e-02 3.673453904421000171e-01 8.581220644309000001e-01 -3.705054038317999732e-01 4.558800328743999875e-01
3.519092005409000246e-01 2.595844825732999961e-02 3.673315508926999762e-01 8.580892083521000080e-01 -3.704775886027000253e-01 4.559199864656000023e-01
3.523483840705000092e-01 2.679202223276000092e-02 3.673167883085000085e-01 8.580558058542999689e-01 -3.704490538603000260e-01 4.559628337189999825e-01
3.527875676002000249e-01 2.761792698031000082e-02 3.673019221821000047e-01 8.580223502903000510e-01 -3.704182726167999928e-01 4.560079223064000264e-01
3.532267511298000096e-01 2.841577790356000083e-02 3.672877462435000240e-01 8.579894236724000534e-01 -3.703853514609000142e-01 4.560548618868999760e-01
3.536659346593999942e-01 2.916226060832999983e-02 3.672742212678000162e-01 8.579569637152999473e-01 -3.703524656984000241e-01 4.561041020896999809e-01
3.541051181889999788e-01 2.986820461668000110e-02 3.672605576130000271e-01 8.579246235334000437e-01 -3.703211118044000272e-01 4.561564487506000187e-01
3.545443017186999946e-01 3.055393061746999872e-02 3.672460805114999838e-01 8.578924093981999954e-01 -3.702901268484999897e-01 4.562120063480999965e-01
3.549834852482999792e-01 3.121220735842999972e-02 3.672309152587999725e-01 8.578605959175999995e-01 -3.702573979659000147e-01 4.562699000852999953e-01
3.554226687779000193e-01 3.182081924728000222e-02 3.672158112005999842e-01 8.578292928058000033e-01 -3.702225543873999825e-01 4.563290515587000162e-01
3.558618523075999796e-01 3.237604737402999949e-02 3.672013885993999915e-01 8.577984193664000001e-01 -3.701868521473999918e-01 4.563891035298999754e-01
3.563010358372000197e-01 3.288927653775999826e-02 3.671875961944000011e-01 8.577679036380999600e-01 -3.701512085058999979e-01 4.564505480082000077e-01
3.567402193668000043e-01 3.336079939348000206e-02 3.671738447317999809e-01 8.577376073696000303e-01 -3.701156840513999957e-01 4.565140355194999833e-01
3.571794028965000201e-01 3.378072774184000260e-02 3.671596331474000219e-01 8.577072636982000509e-01 -3.700803728861999931e-01 4.565795929149000232e-01
3.576185864261000047e-01 3.415074681845999688e-02 3.671450622079999726e-01 8.576768917293999817e-01 -3.700453040189999876e-01 4.566465277173999970e-01
3.580577699556999893e-01 3.448355068560000208e-02 3.671307356137000211e-01 8.576471641326000039e-01 -3.700096070871999876e-01 4.567141467210000250e-01
3.584969534854000051e-01 3.478169278737999748e-02 3.671171628213000249e-01 8.576188676685999601e-01 -3.699722547186000132e-01 4.567824944644000018e-01
3.589361370149999897e-01 3.503392146102000254e-02 3.671043121665000242e-01 8.575918736372000195e-01 -3.699338055058999930e-01 4.568521424709999779e-01
3.593753205445999743e-01 3.523171442122999958e-02 3.670917325113999818e-01 8.575650369519000060e-01 -3.698960473044000108e-01 4.569231831273999900e-01
3.598145040742000145e-01 3.537532307920000091e-02 3.670789734766999879e-01 8.575373773796000076e-01 -3.698595496282000017e-01 4.569947536467999782e-01
3.602536876038999747e-01 3.546578635808000229e-02 3.670658835576000034e-01 8.575091460234000040e-01 -3.698228922678999941e-01 4.570658526488999840e-01
3.606928711335000148e-01 3.550477368826999991e-02 3.670527694817999897e-01 8.574814965960999569e-01 -3.697849014039000237e-01 4.571364267745999799e-01
3.611320546630999995e-01 3.549884903921000229e-02 3.670403913995999856e-01 8.574552665656000050e-01 -3.697463530912999952e-01 4.572072406514000042e-01
3.615712381926999841e-01 3.544956544791000308e-02 3.670294234675999800e-01 8.574302969645000161e-01 -3.697085622206000011e-01 4.572787227790000020e-01
3.620104217223999998e-01 3.534448867726999732e-02 3.670195476027000026e-01 8.574057851062999447e-01 -3.696714241597000017e-01 4.573503926274999909e-01
3.624496052519999845e-01 3.517494543685999869e-02 3.670094204864000065e-01 8.573810189545999494e-01 -3.696340490439999904e-01 4.574215306939000136e-01
3.628887887816000246e-01 3.495661007728000091e-02 3.669981626950000186e-01 8.573558613713999632e-01 -3.695964706370000186e-01 4.574919381681999964e-01
3.633279723112999848e-01 3.471061092403000120e-02 3.669867272173999995e-01 8.573308417617999666e-01 -3.695593367657000194e-01 4.575617015382000274e-01
3.637671558409000250e-01 3.442792768565999806e-02 3.669770037569000110e-01 8.573067658228999965e-01 -3.695224583728000112e-01 4.576305613341000167e-01
3.642063393705000096e-01 3.407891651527000104e-02 3.669694613189999899e-01 8.572838993522999829e-01 -3.694851654131999785e-01 4.576980394367999860e-01
3.646455229002000253e-01 3.365895477137999942e-02 3.669625258768999809e-01 8.572614653536000384e-01 -3.694478768476999742e-01 4.577641111526000173e-01
3.650847064298000100e-01 3.319479916318000129e-02 3.669546727290999844e-01 8.572382935886999622e-01 -3.694117788149000048e-01 4.578292296784000071e-01
3.655238899593999946e-01 3.269891251805000232e-02 3.669463040379999930e-01 8.572141420940999623e-01 -3.693768259126000153e-01 4.578935208507999843e-01
3.659630734891000103e-01 3.215021729062000205e-02 3.669388785434000155e-01 8.571900534616000433e-01 -3.693415496013000010e-01 4.579563263579999877e-01
3.664022570186999950e-01 3.153591960121000098e-02 3.669328932991000047e-01 8.571671325837000310e-01 -3.693053118356000031e-01 4.580168181664999727e-01
3.668414405482999796e-01 3.088030401150999860e-02 3.669276946691000241e-01 8.571452661391000261e-01 -3.692694362392999752e-01 4.580748530709000121e-01
3.672806240779999953e-01 3.020609889229999845e-02 3.669228395019999978e-01 8.571234427450999949e-01 -3.692353800748999770e-01 4.581309308968000149e-01
3.677198076075999800e-01 2.949365358758000016e-02 3.669184906039000271e-01 8.571010910816000417e-01 -3.692028343905999765e-01 4.581853951361999910e-01
3.681589911372000201e-01 2.871148072106000093e-02 3.669145746683999953e-01 8.570785026909000237e-01 -3.691704660612000199e-01 4.582379217734000032e-01
3.685981746668999803e-01 2.786847395919999845e-02 3.669107454860000006e-01 8.570559524548999608e-01 -3.691377028853000120e-01 4.582877758548999925e-01
3.690373581965000205e-01 2.699853147984999924e-02 3.669073960631000220e-01 8.570331077502000294e-01 -3.691049153054000165e-01 4.583343865425000274e-01
3.694765417261000051e-01 2.610461656127999880e-02 3.669055644258000237e-01 8.570096467407000151e-01 -3.690725393713999991e-01 4.583777117632999998e-01
3.699157252556999897e-01 2.515863929668000001e-02 3.669053302360000268e-01 8.569859127247000385e-01 -3.690409699302000246e-01 4.584182426298999968e-01
3.703549087854000055e-01 2.415482489878999911e-02 3.669053184616000163e-01 8.569624080511000219e-01 -3.690107896802000131e-01 4.584565912865000148e-01
3.707940923149999901e-01 2.312224119039000061e-02 3.669045385954999849e-01 8.569389665218000163e-01 -3.689821257938999954e-01 4.584927585279000017e-01
3.712332758445999747e-01 2.207683618421000041e-02 3.669038641596999994e-01 8.569150430541999652e-01 -3.689541310012000030e-01 4.585257545206999907e-01
3.716724593742999905e-01 2.099851066300000013e-02 3.669047157456999941e-01 8.568906409579000183e-01 -3.689260093719999856e-01 4.585543140941000240e-01
3.721116429038999751e-01 1.986981938484999946e-02 3.669069131261999961e-01 8.568662218810999542e-01 -3.688982475070999856e-01 4.585782209948999766e-01
3.725508264335000153e-01 1.870390044728000023e-02 3.669090533366999862e-01 8.568416518727000053e-01 -3.688718983106999971e-01 4.585986135051999812e-01
3.729900099631999755e-01 1.751547179517999944e-02 3.669107863641999923e-01 8.568160437477999603e-01 -3.688469092985000031e-01 4.586166056402999902e-01
3.734291934928000156e-01 1.629483464050000135e-02 3.669134154927000124e-01 8.567890436217999728e-01 -3.688222147445999743e-01 4.586318177609999824e-01
3.738683770224000003e-01 1.503434585100999962e-02 3.669179489146999762e-01 8.567615947328000026e-01 -3.687974282145000116e-01 4.586427721840999894e-01
3.743075605521000160e-01 1.375372215511999965e-02 3.669235850077000038e-01 8.567347144728000297e-01 -3.687734028394000219e-01 4.586486758564000121e-01
3.747467440817000006e-01 1.247044359702000060e-02 3.669287294299999891e-01 8.567078911611000214e-01 -3.687509713796000010e-01 4.586501779277999957e-01
3.751859276112999853e-01 1.116704868154999933e-02 3.669328984508999913e-01 8.566795684471000261e-01 -3.687300371803999832e-01 4.586481525957000205e-01
3.756251111409000254e-01 9.820315002962999237e-03 3.669370206618999819e-01 8.566492364127999970e-01 -3.687101150302999897e-01 4.586423766295000259e-01
3.760642946705999856e-01 8.445927150268000075e-03 3.669422203491999879e-01 8.566182114839000494e-01 -3.686909536040000046e-01 4.586319892121000219e-01
3.765034782002000258e-01 7.077420883713999612e-03 3.669488441709999882e-01 8.565879618128999784e-01 -3.686723997303000266e-01 4.586168696208999807e-01
3.769426617298000104e-01 5.710917899014999848e-03 3.669564873560000051e-01 8.565582493334999992e-01 -3.686544001434999829e-01 4.585977677256000140e-01
3.773818452593999950e-01 4.311114408001999812e-03 3.669644508916999892e-01 8.565275093523999628e-01 -3.686373310155000027e-01 4.585750638859000250e-01
3.778210287891000108e-01 2.871829468458000044e-03 3.669721273886000223e-01 8.564947732934999891e-01 -3.686215868357999859e-01 4.585481183189999976e-01
3.782602123186999954e-01 1.430614982643999998e-03 3.669792939720999958e-01 8.564605854350999525e-01 -3.686067485055999904e-01 4.585161181101000127e-01
3.786993958482999800e-01 1.366052514988000071e-05 3.669862436701999964e-01 8.564260382773000169e-01 -3.685920752610000184e-01 4.584790222497999723e-01
3.791385793779999958e-01 -1.398258377726999948e-03 3.669935902590999999e-01 8.563914895291999674e-01 -3.685779694394000217e-01 4.584372979624000144e-01
3.795777629075999804e-01 -2.832427892345000184e-03 3.670018000504999822e-01 8.563564906410999766e-01 -3.685658075054999983e-01 4.583911721253000060e-01
3.800169464372000205e-01 -4.282761431084999675e-03 3.670107313957000073e-01 8.563206000806999896e-01 -3.685558940504000125e-01 4.583406332130000038e-01
3.804561299668999808e-01 -5.727054296352999951e-03 3.670195925756000177e-01 8.562838592953999628e-01 -3.685467773393000246e-01 4.582858520192999996e-01
3.808953134965000209e-01 -7.162188490058000144e-03 3.670276307881000233e-01 8.562465560884999771e-01 -3.685372877847999940e-01 4.582270048052999867e-01
3.813344970261000055e-01 -8.597612705614999726e-03 3.670350928303000027e-01 8.562088501253000139e-01 -3.685280909202000021e-01 4.581637972829000205e-01
3.817736805558000213e-01 -1.002965721089000076e-02 3.670431724902999959e-01 8.561706959068999812e-01 -3.685202795683000243e-01 4.580957295302000021e-01
3.822128640854000059e-01 -1.144658038436000003e-02 3.670525053723999731e-01 8.561319242356999482e-01 -3.685135734932999951e-01 4.580228280108999961e-01
3.826520476149999905e-01 -1.284922218093000057e-02 3.670619561562000199e-01 8.560923124417000318e-01 -3.685072376312000242e-01 4.579455842319000158e-01
3.830912311447000063e-01 -1.424487926139000014e-02 3.670696894339999794e-01 8.560517683874000472e-01 -3.685018641389999905e-01 4.578641394692000155e-01
3.835304146742999909e-01 -1.562777172124000039e-02 3.670755394531000082e-01 8.560106173803999630e-01 -3.684985682351000214e-01 4.577781464965999803e-01
3.839695982038999755e-01 -1.698590384948000034e-02 3.670814674573000258e-01 8.559695554933000050e-01 -3.684968589234000058e-01 4.576876159341999872e-01
3.844087817335000157e-01 -1.832242525710000083e-02 3.670891952927000101e-01 8.559290090928000083e-01 -3.684950355591000148e-01 4.575932255990000086e-01
3.848479652631999759e-01 -1.965094161819000082e-02 3.670980379834000162e-01 8.558885095730000003e-01 -3.684926864313999850e-01 4.574953632911000212e-01
3.852871487928000160e-01 -2.097207730360000147e-02 3.671057563310999861e-01 8.558470292048000472e-01 -3.684912094975000274e-01 4.573934573723000274e-01
3.857263323224000007e-01 -2.227134552937000064e-02 3.671111682072000226e-01 8.558041700705000254e-01 -3.684916052453999780e-01 4.572869098355999973e-01
3.861655158521000164e-01 -2.353772330316000055e-02 3.671151986789999988e-01 8.557608087315999867e-01 -3.684931953401999749e-01 4.571762560634999861e-01
3.866046993817000010e-01 -2.476901983831999998e-02 3.671194925667999875e-01 8.557182183906999473e-01 -3.684949899846999832e-01 4.570625342628999999e-01
3.870438829112999857e-01 -2.596325197655000028e-02 3.671246286752000154e-01 8.556766226627999794e-01 -3.684970716095999910e-01 4.569456720267999761e-01
3.874830664410000014e-01 -2.712233533047999842e-02 3.671297428290000164e-01 8.556350168365000064e-01 -3.685000344268000161e-01 4.568245101448999979e-01
3.879222499705999860e-01 -2.826060873449999858e-02 3.671334768419999839e-01 8.555925030890000338e-01 -3.685040772873999781e-01 4.566986763300999730e-01
3.883614335002000262e-01 -2.938943299538999965e-02 3.671352639275999863e-01 8.555493903592999994e-01 -3.685091936011000158e-01 4.565695047494000014e-01
3.888006170298999864e-01 -3.049402419450000096e-02 3.671359422978999754e-01 8.555067040409000123e-01 -3.685153234674000133e-01 4.564384505506000056e-01
3.892398005595000265e-01 -3.154629010214000245e-02 3.671369591529000109e-01 8.554649410919999974e-01 -3.685218589354000152e-01 4.563052131295000091e-01
3.896789840891000112e-01 -3.254210180307000322e-02 3.671386777965000014e-01 8.554237402012999647e-01 -3.685280095842000114e-01 4.561682839564999981e-01
3.901181676188000269e-01 -3.350456448242000035e-02 3.671397602386999859e-01 8.553826117624000469e-01 -3.685341418295000060e-01 4.560271143808000138e-01
3.905573511484000115e-01 -3.444693970787000153e-02 3.671386729646000102e-01 8.553414778855999989e-01 -3.685416240055000014e-01 4.558828733008000178e-01
3.909965346779999962e-01 -3.535495906778000214e-02 3.671354731797999982e-01 8.553004622387999634e-01 -3.685507368700999820e-01 4.557369442947999949e-01
3.914357182075999808e-01 -3.621265543445000012e-02 3.671314610622999908e-01 8.552596676038000112e-01 -3.685600161432999733e-01 4.555893975624000225e-01
3.918749017372999965e-01 -3.702276182751999822e-02 3.671273608183999726e-01 8.552194070652999747e-01 -3.685685535946999769e-01 4.554393264671999786e-01
3.923140852668999812e-01 -3.779127089135000256e-02 3.671227432354000064e-01 8.551802363207999802e-01 -3.685776010446000228e-01 4.552862310217999919e-01
3.927532687965000213e-01 -3.851450559944000207e-02 3.671171522343000260e-01 8.551423358719999479e-01 -3.685885641512000044e-01 4.551305824881999862e-01
3.931924523261999815e-01 -3.919499381508999986e-02 3.671107072882999756e-01 8.551050704545000158e-01 -3.686005711433000265e-01 4.549731916645999852e-01
3.936316358558000217e-01 -3.984721397714999919e-02 3.671033168355999909e-01 8.550676140387000190e-01 -3.686117459525000140e-01 4.548144337503999823e-01
3.940708193854000063e-01 -4.046953660513000206e-02 3.670943683524999779e-01 8.550299853473000145e-01 -3.686221020823000072e-01 4.546541372960000160e-01
3.945100029149999910e-01 -4.103265610844000072e-02 3.670838098415999950e-01 8.549930686532000168e-01 -3.686332529024999860e-01 4.544920291328000128e-01
3.949491864447000067e-01 -4.151943290250999924e-02 3.670726318659999765e-01 8.549575484774000200e-01 -3.686456444180999936e-01 4.543282268943000246e-01
3.953883699742999913e-01 -4.195652267351999976e-02 3.670614222888999856e-01 8.549232147216999644e-01 -3.686581069889000029e-01 4.541633094097999868e-01
3.958275535038999760e-01 -4.237739112147000109e-02 3.670491397130999922e-01 8.548895107564999929e-01 -3.686701930133999827e-01 4.539977897497999848e-01
3.962667370335999917e-01 -4.276962641950000227e-02 3.670343969648999782e-01 8.548563941036000369e-01 -3.686829141619000216e-01 4.538314913106000215e-01
3.967059205631999763e-01 -4.309372301275000289e-02 3.670175949378999825e-01 8.548242339109000110e-01 -3.686966155086000008e-01 4.536637301675999767e-01
3.971451040928000165e-01 -4.334509440043000233e-02 3.670005957527999740e-01 8.547930083677000024e-01 -3.687099581825000194e-01 4.534943613331999801e-01
3.975842876224999767e-01 -4.355844670404000057e-02 3.669842086191000274e-01 8.547621378673999626e-01 -3.687219812681000186e-01 4.533243945823999810e-01
3.980234711521000168e-01 -4.375057729346999713e-02 3.669670631508999969e-01 8.547313230501000225e-01 -3.687337481710999953e-01 4.531551131598999804e-01
3.984626546817000015e-01 -4.389844110614000289e-02 3.669474244998000012e-01 8.547011952762000320e-01 -3.687468095765000231e-01 4.529866077138999803e-01
3.989018382112999861e-01 -4.398267965179999961e-02 3.669253875753000216e-01 8.546727163541000261e-01 -3.687610430050999866e-01 4.528176827129000159e-01
3.993410217410000018e-01 -4.401502179213000188e-02 3.669026209181999731e-01 8.546459597612999781e-01 -3.687750936181999895e-01 4.526474139169999744e-01
3.997802052705999865e-01 -4.400635778754000138e-02 3.668802372394999733e-01 8.546198506590999555e-01 -3.687881962746999975e-01 4.524763732307999775e-01
4.002193888002000266e-01 -4.394318450003999871e-02 3.668575237703999847e-01 8.545933143599000470e-01 -3.688005895557999736e-01 4.523059448107999980e-01
4.006585723298999868e-01 -4.381978100715999691e-02 3.668329038986000157e-01 8.545665074131000294e-01 -3.688127467635999857e-01 4.521367507394000174e-01
4.010977558595000270e-01 -4.366272259957999780e-02 3.668058767115000007e-01 8.545406503886999738e-01 -3.688250585057999964e-01 4.519683088522999936e-01
4.015369393891000116e-01 -4.349195233965000296e-02 3.667776751838000004e-01 8.545166355115000334e-01 -3.688377212585000064e-01 4.518001579193999806e-01
4.019761229188000273e-01 -4.328104573843000180e-02 3.667498067764999869e-01 8.544939993079999629e-01 -3.688502315671000065e-01 4.516326520139999912e-01
4.024153064484000120e-01 -4.299211845327000070e-02 3.667221439616000223e-01 8.544713851862999476e-01 -3.688616746335999785e-01 4.514663481564000214e-01
4.028544899779999966e-01 -4.263463556019000261e-02 3.666930459382999885e-01 8.544479477033000148e-01 -3.688722151657000126e-01 4.513011073716999833e-01
4.032936735077000123e-01 -4.225118637551000117e-02 3.666615567104999918e-01 8.544242029230999513e-01 -3.688833757137999769e-01 4.511363617574000173e-01
4.037328570372999970e-01 -4.185271388583999830e-02 3.666287503767999834e-01 8.544014831967999823e-01 -3.688958261151999984e-01 4.509721317145999886e-01
4.041720405668999816e-01 -4.140788626437000297e-02 3.665962279589000117e-01 8.543805579861000199e-01 -3.689078481849999980e-01 4.508092562661000224e-01
4.046112240965999973e-01 -4.089809659885999815e-02 3.665638805515999965e-01 8.543607755209999821e-01 -3.689174143146999874e-01 4.506485252147000020e-01
4.050504076261999820e-01 -4.034428783356999726e-02 3.665302495784000247e-01 8.543406178287999975e-01 -3.689251015651999754e-01 4.504899601049000002e-01
4.054895911558000221e-01 -3.976875683609999712e-02 3.664948885991000105e-01 8.543192088115999505e-01 -3.689332639023000238e-01 4.503330978701000076e-01
4.059287746854999823e-01 -3.916388403438000182e-02 3.664589980556999804e-01 8.542972399543999895e-01 -3.689426426463000008e-01 4.501776565298999944e-01
4.063679582151000225e-01 -3.851472553195999654e-02 3.664233678687000006e-01 8.542762061716000499e-01 -3.689516177896000060e-01 4.500237036836000071e-01
4.068071417447000071e-01 -3.782455991439000187e-02 3.663870217645999738e-01 8.542566617005999952e-01 -3.689589222185000184e-01 4.498714531324999877e-01
4.072463252742999917e-01 -3.709908882592000134e-02 3.663488330022000028e-01 8.542374800318000005e-01 -3.689652855464000125e-01 4.497212168604000082e-01
4.076855088040000075e-01 -3.632940418348999667e-02 3.663095363180000064e-01 8.542170801631000510e-01 -3.689718035701999854e-01 4.495733955255000192e-01
4.081246923335999921e-01 -3.551282885031999820e-02 3.662708590727999924e-01 8.541952278043000168e-01 -3.689782139400999972e-01 4.494281823574999835e-01
4.085638758631999767e-01 -3.467121203443000038e-02 3.662330581486999970e-01 8.541732524585999853e-01 -3.689836542682999876e-01 4.492853582970999793e-01
4.090030593928999925e-01 -3.382389049422000055e-02 3.661946302181000035e-01 8.541524369131000549e-01 -3.689879601857000146e-01 4.491446995889000204e-01
4.094422429224999771e-01 -3.295648545024999765e-02 3.661545554175000272e-01 8.541325402738999539e-01 -3.689913245238000128e-01 4.490065072234999954e-01
4.098814264521000172e-01 -3.204152796371999984e-02 3.661136849821000072e-01 8.541121318944999707e-01 -3.689936445020000066e-01 4.488713151027999837e-01
4.103206099817000019e-01 -3.108006491941999946e-02 3.660734156498000047e-01 8.540901609140999495e-01 -3.689951114473999927e-01 4.487390579700000215e-01
4.107597935114000176e-01 -3.009737282885999871e-02 3.660337827669999933e-01 8.540668915142000106e-01 -3.689965908462000121e-01 4.486090598965000176e-01
4.111989770410000022e-01 -2.910367972695000055e-02 3.659935706085000184e-01 8.540433566310999813e-01 -3.689984284016000204e-01 4.484811250860999965e-01
4.116381605705999869e-01 -2.808549893405999989e-02 3.659519873530999723e-01 8.540201973204000208e-01 -3.689995426188000249e-01 4.483561850253000025e-01
4.120773441003000026e-01 -2.703492058088999977e-02 3.659096336477999922e-01 8.539971328005999673e-01 -3.689986858120000157e-01 4.482353427765000120e-01
4.125165276298999872e-01 -2.596248111777000114e-02 3.658678180527000223e-01 8.539733657499000152e-01 -3.689960981859000122e-01 4.481184653158999942e-01
4.129557111595000274e-01 -2.487749351497000119e-02 3.658272367889000010e-01 8.539483397210000382e-01 -3.689929962463999735e-01 4.480042885234999939e-01
4.133948946891999876e-01 -2.377742063695999913e-02 3.657873922962999735e-01 8.539221750208000339e-01 -3.689898913954000048e-01 4.478919878522999998e-01
4.138340782188000277e-01 -2.266173545683999868e-02 3.657472029407999869e-01 8.538955122979999812e-01 -3.689863466843000261e-01 4.477821998488999977e-01
4.142732617484000124e-01 -2.153594082936999971e-02 3.657061587084999843e-01 8.538689301328999948e-01 -3.689819686838999857e-01 4.476762866419999876e-01
4.147124452779999970e-01 -2.039565157111000032e-02 3.656648307636999884e-01 8.538423957288999722e-01 -3.689766321242000102e-01 4.475748880102999872e-01
4.151516288077000127e-01 -1.922742167923000012e-02 3.656241535145000054e-01 8.538152191097999610e-01 -3.689700414980000009e-01 4.474774354437999757e-01
4.155908123372999974e-01 -1.803510336709999995e-02 3.655843332197000195e-01 8.537866056688999672e-01 -3.689621160716999859e-01 4.473829163256000108e-01
4.160299958668999820e-01 -1.684583632400999884e-02 3.655447494829999755e-01 8.537563600273000430e-01 -3.689536054797000197e-01 4.472909044255000133e-01
4.164691793965999977e-01 -1.567599471320000118e-02 3.655049036704999810e-01 8.537250857582999730e-01 -3.689452675514000024e-01 4.472019344284999809e-01
4.169083629261999824e-01 -1.450720000555999999e-02 3.654650884069999828e-01 8.536936445477000257e-01 -3.689365531036999934e-01 4.471170045542000038e-01
4.173475464558000225e-01 -1.331241250552000002e-02 3.654259895056999885e-01 8.536623729919999848e-01 -3.689261994358999930e-01 4.470366128725999921e-01
4.177867299854999827e-01 -1.209391562180000060e-02 3.653879461878999924e-01 8.536308502662000031e-01 -3.689141125329000181e-01 4.469601850986000269e-01
4.182259135151000229e-01 -1.087830444225000061e-02 3.653507888770000100e-01 8.535984329910000223e-01 -3.689015072588999744e-01 4.468866088458999797e-01
4.186650970447000075e-01 -9.681808196734999900e-03 3.653141164081999959e-01 8.535648983649000154e-01 -3.688890424069000140e-01 4.468154693286999768e-01
4.191042805744000233e-01 -8.497246541570000616e-03 3.652775181149999773e-01 8.535304635034000054e-01 -3.688760108183000153e-01 4.467475740697000042e-01
4.195434641040000079e-01 -7.310857941889999621e-03 3.652408469062999874e-01 8.534953338113999699e-01 -3.688617224808000139e-01 4.466840499843999779e-01
4.199826476335999925e-01 -6.117503193285999882e-03 3.652046122420000152e-01 8.534595430407000416e-01 -3.688465176092999842e-01 4.466250957428999913e-01
4.204218311633000082e-01 -4.922062917997000082e-03 3.651697967786000087e-01 8.534232540702000325e-01 -3.688308498069999830e-01 4.465699147950999981e-01
4.208610146928999929e-01 -3.737592345111999826e-03 3.651367490394999971e-01 8.533868249328999678e-01 -3.688144541169000035e-01 4.465177484592000035e-01
4.213001982224999775e-01 -2.577821315950000209e-03 3.651044073081000096e-01 8.533503012190000181e-01 -3.687971702987000167e-01 4.464685753586999928e-01
4.217393817521999932e-01 -1.439998116093999924e-03 3.650713353439999920e-01 8.533131199483999785e-01 -3.687796069188999937e-01 4.464227737802000107e-01
4.221785652817999779e-01 -3.018691387074999869e-04 3.650377063731000127e-01 8.532747607905000198e-01 -3.687620525565000196e-01 4.463805174007000054e-01
4.226177488114000180e-01 8.494299265968000088e-04 3.650055133190999723e-01 8.532356158777000266e-01 -3.687435683452999768e-01 4.463417204806000016e-01
4.230569323410000027e-01 1.991850937512999829e-03 3.649761858077000265e-01 8.531967158190000289e-01 -3.687233023129000142e-01 4.463063074449000189e-01
4.234961158707000184e-01 3.090963832969000156e-03 3.649485047880999811e-01 8.531584529476999856e-01 -3.687021057361000165e-01 4.462742813553999821e-01
4.239352994003000030e-01 4.145472340075000151e-03 3.649199128101999756e-01 8.531200337980000548e-01 -3.686815565686000218e-01 4.462456594036000035e-01
4.243744829298999877e-01 5.188815681521999693e-03 3.648899467069999791e-01 8.530805387990999522e-01 -3.686616606334999768e-01 4.462204960266000220e-01
4.248136664596000034e-01 6.242910745133000393e-03 3.648612158514999981e-01 8.530401961225999585e-01 -3.686408572291999808e-01 4.461987877408999936e-01
4.252528499891999880e-01 7.291813504056000352e-03 3.648361731554999876e-01 8.530000992616000310e-01 -3.686183745393000200e-01 4.461801821740999929e-01
4.256920335187999727e-01 8.308534990025999781e-03 3.648136957036000050e-01 8.529607542167000345e-01 -3.685953082869000141e-01 4.461640344562000093e-01
4.261312170484000128e-01 9.287452382124999906e-03 3.647902380602999761e-01 8.529214588076999837e-01 -3.685729154526999896e-01 4.461500972854999802e-01
4.265704005780999730e-01 1.023804920042000084e-02 3.647643714937000015e-01 8.528813307975999791e-01 -3.685508451728000123e-01 4.461390212079999751e-01
4.270095841077000132e-01 1.116426063968000044e-02 3.647387275046999888e-01 8.528405754576999787e-01 -3.685277795510999987e-01 4.461317362043999979e-01
4.274487676372999978e-01 1.206627866431000083e-02 3.647166268313000170e-01 8.528003629050999734e-01 -3.685032756891999939e-01 4.461282594430999726e-01
4.278879511670000135e-01 1.295017441328999951e-02 3.646978427545999879e-01 8.527615331936000409e-01 -3.684783064195999991e-01 4.461274581001999917e-01
4.283271346965999982e-01 1.381836989111000051e-02 3.646791228783999861e-01 8.527236912218999487e-01 -3.684541492312000122e-01 4.461281795154000140e-01
4.287663182261999828e-01 1.465847872218999960e-02 3.646586004065999753e-01 8.526856247431999769e-01 -3.684310680439999985e-01 4.461304170807000036e-01
4.292055017558000229e-01 1.545722190406999957e-02 3.646380987728999878e-01 8.526465021568000457e-01 -3.684079627117000100e-01 4.461351804943000099e-01
4.296446852854999832e-01 1.621919250364000156e-02 3.646204750377999848e-01 8.526066623507000397e-01 -3.683833184874000244e-01 4.461433168689000195e-01
4.300838688151000233e-01 1.695750120901999905e-02 3.646058237545000136e-01 8.525673223848999616e-01 -3.683569140408999854e-01 4.461545827385999807e-01
4.305230523447000079e-01 1.767262008690000108e-02 3.645914681110999922e-01 8.525295044995999660e-01 -3.683305612450999966e-01 4.461678344826000009e-01
4.309622358744000237e-01 1.835629482911000157e-02 3.645753875050999904e-01 8.524931688112999950e-01 -3.683063985687999864e-01 4.461821195517999827e-01
4.314014194040000083e-01 1.900996172950000090e-02 3.645585714085000095e-01 8.524573846967999913e-01 -3.682841748208000032e-01 4.461976516635999812e-01
4.318406029335999929e-01 1.964044178832000109e-02 3.645436506695999834e-01 8.524213527935999846e-01 -3.682611025336999799e-01 4.462155940833000267e-01
4.322797864633000087e-01 2.024111401667999868e-02 3.645317894669999892e-01 8.523851492257999984e-01 -3.682351331650000059e-01 4.462366246296000094e-01
4.327189699928999933e-01 2.079833098620999937e-02 3.645214922246999834e-01 8.523493885463000463e-01 -3.682076945855999872e-01 4.462598286742999742e-01
4.331581535224999779e-01 2.131643023575999912e-02 3.645104681481000086e-01 8.523143517111999579e-01 -3.681820846932000180e-01 4.462835260843999730e-01
4.335973370521999937e-01 2.181414264607000122e-02 3.644982876083999734e-01 8.522797815511999886e-01 -3.681593952111000267e-01 4.463073208539999892e-01
4.340365205817999783e-01 2.229225194111000147e-02 3.644867932151000245e-01 8.522455598896000462e-01 -3.681372739729000254e-01 4.463326970627999879e-01
4.344757041114000184e-01 2.272834776430000120e-02 3.644777927348000213e-01 8.522121702685999667e-01 -3.681130709786000210e-01 4.463610779716999932e-01
4.349148876410999787e-01 2.311363497613000070e-02 3.644707902425999846e-01 8.521801109919999728e-01 -3.680871738247000202e-01 4.463917888926999811e-01
4.353540711707000188e-01 2.347225782646000097e-02 3.644636036982000227e-01 8.521489910963999659e-01 -3.680623695247000060e-01 4.464227667612000183e-01
4.357932547003000034e-01 2.382686612899000134e-02 3.644551377297999828e-01 8.521177042584999750e-01 -3.680403391672000257e-01 4.464531483668999767e-01
4.362324382300000192e-01 2.416263114794999986e-02 3.644466945404999936e-01 8.520857299324999801e-01 -3.680197062646000106e-01 4.464842287029999746e-01
4.366716217596000038e-01 2.444739397710999837e-02 3.644400944692999800e-01 8.520539557374999795e-01 -3.679977373571000077e-01 4.465175763859000058e-01
4.371108052891999884e-01 2.467697816491999999e-02 3.644352285661000002e-01 8.520237869473999970e-01 -3.679734630504000181e-01 4.465529683239999881e-01
4.375499888189000042e-01 2.487737456690999882e-02 3.644303899752999731e-01 8.519954548842000319e-01 -3.679487205738999900e-01 4.465887575065000115e-01
4.379891723484999888e-01 2.506598384944999994e-02 3.644247478509999860e-01 8.519676185976999827e-01 -3.679261334483999724e-01 4.466238289878999845e-01
4.384283558780999734e-01 2.523285383310000171e-02 3.644193950480000277e-01 8.519388779055999672e-01 -3.679062830886000168e-01 4.466585806662999869e-01
4.388675394077000136e-01 2.536227076700999991e-02 3.644156485696999903e-01 8.519094152563000399e-01 -3.678871421609000159e-01 4.466941749971999887e-01
4.393067229373999738e-01 2.545425394627999841e-02 3.644131898390000068e-01 8.518807440097000416e-01 -3.678664546907999822e-01 4.467313275409000028e-01
4.397459064670000140e-01 2.551887164727999896e-02 3.644105720022000061e-01 8.518538614614999949e-01 -3.678444114605999848e-01 4.467697204282999879e-01
4.401850899965999986e-01 2.556254328621000022e-02 3.644071278748999831e-01 8.518280636746999868e-01 -3.678233927337000164e-01 4.468082040272000066e-01
4.406242735263000143e-01 2.558507472997000043e-02 3.644036292846000169e-01 8.518018080921999635e-01 -3.678049273455000212e-01 4.468457086693999880e-01
4.410634570558999989e-01 2.558006427290000079e-02 3.644011218832999832e-01 8.517744935598999811e-01 -3.677876229616000026e-01 4.468823292583999907e-01
4.415026405854999836e-01 2.553629273934000105e-02 3.643997173069999929e-01 8.517470395114999926e-01 -3.677688584855000054e-01 4.469192853357000228e-01
4.419418241151000237e-01 2.545072821976000071e-02 3.643986907219999849e-01 8.517207155785999628e-01 -3.677482190583000188e-01 4.469573422165000198e-01
4.423810076447999839e-01 2.534161793391000173e-02 3.643973468453999831e-01 8.516956719136999920e-01 -3.677281938152999752e-01 4.469955909303000019e-01
4.428201911744000241e-01 2.523286808916000087e-02 3.643955565854999912e-01 8.516707778769999626e-01 -3.677111122819000100e-01 4.470325667716000262e-01
4.432593747040000087e-01 2.511992152224000116e-02 3.643937319243999995e-01 8.516448520650999887e-01 -3.676962612613000059e-01 4.470684018277999994e-01
4.436985582337000245e-01 2.496830104689000060e-02 3.643925349477000197e-01 8.516179462834000402e-01 -3.676808868158999988e-01 4.471047488423999794e-01
4.441377417633000091e-01 2.475759884202000105e-02 3.643923775615000027e-01 8.515913041245000148e-01 -3.676636401758999750e-01 4.471422467978000137e-01
4.445769252928999937e-01 2.451228960289000142e-02 3.643928555241999767e-01 8.515659225635999752e-01 -3.676459655966000106e-01 4.471792108854000247e-01
4.450161088224999784e-01 2.427228820798000078e-02 3.643928260759999871e-01 8.515412159649999868e-01 -3.676299221609999890e-01 4.472137567532000202e-01
4.454552923521999941e-01 2.404222415839999891e-02 3.643915417358000175e-01 8.515154663724999740e-01 -3.676156067890000156e-01 4.472464600353999731e-01
4.458944758817999787e-01 2.378895322328000023e-02 3.643897647159999864e-01 8.514878256350999486e-01 -3.676014321830000098e-01 4.472796241390000205e-01
4.463336594114000189e-01 2.348672859620999989e-02 3.643891681833000273e-01 8.514594907275999658e-01 -3.675864416885999963e-01 4.473140632572000230e-01
4.467728429410999791e-01 2.314684021031999939e-02 3.643902457804999995e-01 8.514323142659999677e-01 -3.675714256265000257e-01 4.473478889581000151e-01
4.472120264707000192e-01 2.279918235486000019e-02 3.643913402480999930e-01 8.514063843615999883e-01 -3.675576426700999932e-01 4.473789293986000226e-01
4.476512100003000039e-01 2.245786337898000168e-02 3.643905091969000254e-01 8.513797798571000053e-01 -3.675450964347999894e-01 4.474074482477000125e-01
4.480903935300000196e-01 2.211069658189000059e-02 3.643881302067000227e-01 8.513510012948000139e-01 -3.675325241672000032e-01 4.474356909518000247e-01
4.485295770596000042e-01 2.173471161837000135e-02 3.643866288484000071e-01 8.513208647783000460e-01 -3.675189247062999875e-01 4.474650697586999848e-01
4.489687605891999889e-01 2.131869647621999903e-02 3.643873488755999812e-01 8.512912733042999891e-01 -3.675047648627000063e-01 4.474944849679999836e-01
4.494079441189000046e-01 2.087639483736000029e-02 3.643887133090999986e-01 8.512626033375999546e-01 -3.674915377624999868e-01 4.475215453627000017e-01
4.498471276484999892e-01 2.043713458571999944e-02 3.643882892640000204e-01 8.512333028942999924e-01 -3.674801250042999956e-01 4.475451627416000000e-01
4.502863111780999739e-01 2.001490334675999974e-02 3.643859535614000222e-01 8.512020496502999967e-01 -3.674697080582000064e-01 4.475667344727000119e-01
4.507254947077999896e-01 1.958780585527999940e-02 3.643838341117000001e-01 8.511693211009000448e-01 -3.674585686721000277e-01 4.475886127065000220e-01
4.511646782373999742e-01 1.912089068187999841e-02 3.643833227384999929e-01 8.511364413952999808e-01 -3.674460705652000114e-01 4.476113415258999861e-01
4.516038617670000144e-01 1.861162338451000098e-02 3.643834103517000211e-01 8.511038363109999505e-01 -3.674334591057999977e-01 4.476327697044000242e-01
4.520430452966999746e-01 1.809758626193999978e-02 3.643823194004999766e-01 8.510708626930999499e-01 -3.674222640615000257e-01 4.476504385914000239e-01
4.524822288263000147e-01 1.761071110878999896e-02 3.643797518920999789e-01 8.510369004830999895e-01 -3.674122120693000260e-01 4.476646750361000238e-01
4.529214123558999994e-01 1.713740354491000151e-02 3.643768303543000187e-01 8.510019048101999939e-01 -3.674015137559999977e-01 4.476783940837000264e-01
4.533605958856000151e-01 1.663808774791999956e-02 3.643744727209000112e-01 8.509660460612999966e-01 -3.673893147748000243e-01 4.476934556029000256e-01
4.537997794151999997e-01 1.609801928783000102e-02 3.643726246219000098e-01 8.509294230988000418e-01 -3.673769569945000146e-01 4.477081016353000043e-01
4.542389629447999844e-01 1.554211103236999986e-02 3.643707848284000184e-01 8.508921518469999556e-01 -3.673661778576999826e-01 4.477189650203000082e-01
4.546781464744000245e-01 1.500112176116999950e-02 3.643685352695000268e-01 8.508543060552999915e-01 -3.673566942109999789e-01 4.477252363681999969e-01
4.551173300040999847e-01 1.447869349867999915e-02 3.643655749208000172e-01 8.508157607941000400e-01 -3.673465644194000013e-01 4.477296678139000008e-01
4.555565135337000249e-01 1.395563178584999925e-02 3.643617957988999900e-01 8.507764190140000293e-01 -3.673347972302000164e-01 4.477351633219999738e-01
4.559956970633000095e-01 1.341515032211999976e-02 3.643574694385000035e-01 8.507364814272999620e-01 -3.673225320405000272e-01 4.477412733069999762e-01
4.564348805930000252e-01 1.285734510268999979e-02 3.643530905353999927e-01 8.506961034837999813e-01 -3.673112630197999939e-01 4.477448037107000234e-01
4.568740641226000099e-01 1.229546497249000073e-02 3.643489668973999840e-01 8.506549737402000488e-01 -3.673007719008999916e-01 4.477435857222000215e-01
4.573132476521999945e-01 1.174372664041000054e-02 3.643450163815000198e-01 8.506128020041000548e-01 -3.672896337684999901e-01 4.477388930507000264e-01
4.577524311817999791e-01 1.120532185182000068e-02 3.643407853960999865e-01 8.505700765397999907e-01 -3.672773563276000020e-01 4.477338655686999846e-01
4.581916147114999949e-01 1.066920576439000026e-02 3.643356116199000239e-01 8.505275369103000305e-01 -3.672650255373000050e-01 4.477298841337999935e-01
4.586307982410999795e-01 1.012194668005000041e-02 3.643292096562000260e-01 8.504848474534999481e-01 -3.672536506272000012e-01 4.477250316028000277e-01
4.590699817707000197e-01 9.564313820399999305e-03 3.643223557845000071e-01 8.504407919763999901e-01 -3.672426415408999723e-01 4.477164052763000224e-01
4.595091653003999799e-01 9.011661893769000453e-03 3.643164059007000244e-01 8.503952079644999662e-01 -3.672305300038000153e-01 4.477036103702999870e-01
4.599483488300000200e-01 8.476193433846999914e-03 3.643115336337999777e-01 8.503496925954000529e-01 -3.672169133363000215e-01 4.476891781667000081e-01
4.603875323596000046e-01 7.954251751682999555e-03 3.643059774870999745e-01 8.503054855743999996e-01 -3.672030215141999787e-01 4.476752369174999968e-01
4.608267158891999893e-01 7.433919165688999617e-03 3.642980048135999738e-01 8.502614640400999457e-01 -3.671901795984000016e-01 4.476606383976000081e-01
4.612658994189000050e-01 6.909527287647000346e-03 3.642883885970999991e-01 8.502155746462000119e-01 -3.671781256910000013e-01 4.476424795325000261e-01
4.617050829484999896e-01 6.384592059631000356e-03 3.642797233817999802e-01 8.501679245125000062e-01 -3.671652858403999797e-01 4.476202024638999966e-01
4.621442664780999743e-01 5.865806265515000062e-03 3.642730332715999886e-01 8.501208971085999488e-01 -3.671506855575000228e-01 4.475966962144000139e-01
4.625834500077999900e-01 5.359738330130999970e-03 3.642662569148999996e-01 8.500758991532000319e-01 -3.671351702894000146e-01 4.475746189773999739e-01
4.630226335373999746e-01 4.871169586862999883e-03 3.642568889951999789e-01 8.500314380530999969e-01 -3.671203798834000165e-01 4.475527193237999746e-01
4.634618170670000148e-01 4.397902378217999862e-03 3.642452935325000141e-01 8.499853125028999923e-01 -3.671066288347000217e-01 4.475271850261999806e-01
4.639010005966999750e-01 3.929627316545000054e-03 3.642342718039000005e-01 8.499376687654000007e-01 -3.670923422228000166e-01 4.474964343889000218e-01
4.643401841263000152e-01 3.458651386538000045e-03 3.642255659481999919e-01 8.498906330952999966e-01 -3.670759855683000117e-01 4.474631993539999741e-01
4.647793676558999998e-01 2.990613341705999906e-03 3.642178150368000078e-01 8.498453839353999895e-01 -3.670582243962999813e-01 4.474312481664999841e-01
4.652185511856000155e-01 2.538365930337000038e-03 3.642082451129000087e-01 8.498008971616000107e-01 -3.670413596104999954e-01 4.474008652559999799e-01
4.656577347152000002e-01 2.106193996270999853e-03 3.641957776040999906e-01 8.497556890574999855e-01 -3.670263686049999863e-01 4.473686124230000227e-01
4.660969182447999848e-01 1.686990214065999926e-03 3.641820509311999854e-01 8.497097567413000041e-01 -3.670113337870000159e-01 4.473315772857999750e-01
4.665361017745000005e-01 1.275084214184000076e-03 3.641695282811999723e-01 8.496643560919000526e-01 -3.669937098039999790e-01 4.472909796189999954e-01
4.669752853040999852e-01 8.739739637495000206e-04 3.641588571168999922e-01 8.496204843671999463e-01 -3.669737491283999731e-01 4.472508096010999745e-01
4.674144688337000253e-01 4.888077421563000223e-04 3.641482556326999798e-01 8.495780116439000107e-01 -3.669543512373000249e-01 4.472130244265999921e-01
4.678536523633999855e-01 1.182922951318000058e-04 3.641356267706999938e-01 8.495359588890000202e-01 -3.669371985382000045e-01 4.471750400280999904e-01
4.682928358930000257e-01 -2.413924254949999877e-04 3.641210713017000167e-01 8.494933751958000379e-01 -3.669204049111000066e-01 4.471327752934000088e-01
4.687320194226000103e-01 -5.898286923036999679e-04 3.641067193958000270e-01 8.494502649209000333e-01 -3.669011148676000200e-01 4.470857817389000122e-01
4.691712029521999949e-01 -9.245598255150999992e-04 3.640939368505999862e-01 8.494078096905000042e-01 -3.668795182256999743e-01 4.470380514232000224e-01
4.696103864819000107e-01 -1.246208356019000039e-03 3.640815378592999751e-01 8.493672782779999597e-01 -3.668585873717999934e-01 4.469932024236999979e-01
4.700495700114999953e-01 -1.556128485760000088e-03 3.640675008340000240e-01 8.493285677955999535e-01 -3.668399293506999781e-01 4.469499947901999781e-01
4.704887535410999799e-01 -1.851646508955000084e-03 3.640518115577999758e-01 8.492903473812000170e-01 -3.668216736432999836e-01 4.469039760471000267e-01
4.709279370707999957e-01 -2.128930141441000203e-03 3.640363739656000130e-01 8.492519002255000116e-01 -3.668011993367999990e-01 4.468532116107999941e-01
4.713671206003999803e-01 -2.388879952921999991e-03 3.640221896633999976e-01 8.492141284926999489e-01 -3.667785779345000274e-01 4.468006886816999756e-01
4.718063041300000204e-01 -2.635216726483000180e-03 3.640079921095999982e-01 8.491781291173999824e-01 -3.667560709264999774e-01 4.467503280594000148e-01
4.722454876596999807e-01 -2.868243552691000092e-03 3.639922323929999926e-01 8.491434645654000191e-01 -3.667349794288000120e-01 4.467021470379000103e-01
4.726846711893000208e-01 -3.085857342496999955e-03 3.639753160297999890e-01 8.491088168681999448e-01 -3.667143648630999953e-01 4.466526504992999747e-01
4.731238547189000054e-01 -3.289594784349000097e-03 3.639588623866999995e-01 8.490740781518999469e-01 -3.666927335428999957e-01 4.465995171234999894e-01
4.735630382484999901e-01 -3.483287122838000030e-03 3.639433589691000170e-01 8.490406352310000404e-01 -3.666698579466000085e-01 4.465443818297000211e-01
4.740022217782000058e-01 -3.665418546030000009e-03 3.639277178459000006e-01 8.490093475986999483e-01 -3.666467371723000079e-01 4.464904834910000120e-01
4.744414053077999904e-01 -3.829548247822999862e-03 3.639110679875999788e-01 8.489792836980000201e-01 -3.666244450126999732e-01 4.464385520470000035e-01
4.748805888373999751e-01 -3.974156050767999569e-03 3.638939155002000048e-01 8.489491247631999471e-01 -3.666031272229999805e-01 4.463861397064000092e-01
4.753197723670999908e-01 -4.105223815419999610e-03 3.638771544487999776e-01 8.489191096674000292e-01 -3.665816925536999893e-01 4.463310070541999797e-01
4.757589558966999754e-01 -4.225414113053999575e-03 3.638606511506999874e-01 8.488906682906000034e-01 -3.665586851829999993e-01 4.462741657936000195e-01
4.761981394263000156e-01 -4.327721678576999798e-03 3.638434346300999933e-01 8.488643718538000371e-01 -3.665340204113999856e-01 4.462186902790999943e-01
4.766373229559000002e-01 -4.406899373650000409e-03 3.638250819852000273e-01 8.488391417084000246e-01 -3.665095008100999752e-01 4.461657186629000016e-01
4.770765064856000159e-01 -4.472385907493999814e-03 3.638064206723000127e-01 8.488136548260000191e-01 -3.664868089703000043e-01 4.461127707379000107e-01
4.775156900152000006e-01 -4.539773667807000222e-03 3.637886925739000077e-01 8.487879010007000069e-01 -3.664653725813999952e-01 4.460568068213000004e-01
4.779548735447999852e-01 -4.608682028466999821e-03 3.637721067636999761e-01 8.487630040421999533e-01 -3.664433162438999747e-01 4.459982979882999854e-01
4.783940570745000009e-01 -4.657949149496999619e-03 3.637553828985000126e-01 8.487398430692999485e-01 -3.664201959251999763e-01 4.459409030916000050e-01
4.788332406040999856e-01 -4.668300584727999754e-03 3.637369998177000241e-01 8.487181919085999837e-01 -3.663972461598999919e-01 4.458869123761000086e-01
4.792724241337000257e-01 -4.646174104359000051e-03 3.637170296264999880e-01 8.486971081410999984e-01 -3.663748842912999959e-01 4.458343645135000033e-01
4.797116076633999859e-01 -4.619582891021999788e-03 3.636973759702000208e-01 8.486759500902999465e-01 -3.663518838802000133e-01 4.457796890342999863e-01
4.801507911930000261e-01 -4.609549472540000296e-03 3.636797093108999901e-01 8.486549792912999601e-01 -3.663277924280000097e-01 4.457223515655999724e-01
4.805899747226000107e-01 -4.607552253408000315e-03 3.636633427811000185e-01 8.486349443795000447e-01 -3.663043674288000151e-01 4.456653616428999931e-01
4.810291582523000264e-01 -4.582898761564999611e-03 3.636458680340999838e-01 8.486160367852000341e-01 -3.662831866617999865e-01 4.456112034101000208e-01
4.814683417819000111e-01 -4.514025403922999717e-03 3.636260637054000155e-01 8.485974774848999980e-01 -3.662631336239999813e-01 4.455587648280999735e-01
4.819075253114999957e-01 -4.412506446732999618e-03 3.636054363103000120e-01 8.485784611872000394e-01 -3.662419204892000124e-01 4.455050970701999735e-01
4.823467088412000114e-01 -4.311996198804000403e-03 3.635863194200000259e-01 8.485593439362000279e-01 -3.662192360015000259e-01 4.454492919158999920e-01
4.827858923707999961e-01 -4.230050918070000186e-03 3.635689699567999922e-01 8.485412806251999562e-01 -3.661966845747999799e-01 4.453934299619000114e-01
4.832250759003999807e-01 -4.146314881320000388e-03 3.635514256255999999e-01 8.485245367253000381e-01 -3.661752463829999749e-01 4.453398310782000213e-01
4.836642594300000209e-01 -4.027943871162000151e-03 3.635321760156999815e-01 8.485078484881000138e-01 -3.661546074004999873e-01 4.452883981388000012e-01
4.841034429596999811e-01 -3.874251411480999878e-03 3.635120536540000225e-01 8.484899973045999522e-01 -3.661346035663999854e-01 4.452371289711999913e-01
4.845426264893000212e-01 -3.720358806377999962e-03 3.634929908360999828e-01 8.484714981373999709e-01 -3.661153811453999873e-01 4.451847086430000267e-01
4.849818100189000059e-01 -3.588997943185999809e-03 3.634754542424999957e-01 8.484538641959999961e-01 -3.660962026615999787e-01 4.451318962611999774e-01
4.854209935486000216e-01 -3.454041469162999825e-03 3.634578867911000266e-01 8.484373509966000038e-01 -3.660760690329000200e-01 4.450802752460999989e-01
4.858601770782000062e-01 -3.271349588699999991e-03 3.634387252803999990e-01 8.484204440774000267e-01 -3.660557145644999788e-01 4.450301630901000172e-01
4.862993606077999909e-01 -3.040865993186999891e-03 3.634183675318000128e-01 8.484019324225999803e-01 -3.660369860712999746e-01 4.449803378434000201e-01
4.867385441375000066e-01 -2.813883557359000195e-03 3.633987086034000114e-01 8.483826152948999999e-01 -3.660198485219999798e-01 4.449298756646999919e-01
4.871777276670999912e-01 -2.629457120763999903e-03 3.633808985577000050e-01 8.483641489088999954e-01 -3.660021793150999847e-01 4.448796462103000171e-01
4.876169111966999759e-01 -2.462541383102000159e-03 3.633640230708999885e-01 8.483466394286000023e-01 -3.659833257928999939e-01 4.448313597865000135e-01
4.880560947263999916e-01 -2.254290217991000191e-03 3.633462052604000125e-01 8.483283659445000069e-01 -3.659655371359000209e-01 4.447852841903999765e-01
4.884952782559999762e-01 -1.985474637822999804e-03 3.633267587499999784e-01 8.483079857795999823e-01 -3.659503855283000040e-01 4.447396871059000056e-01
4.889344617856000164e-01 -1.697600492752999925e-03 3.633068813888000181e-01 8.482861835288999508e-01 -3.659359059187000107e-01 4.446929153856999939e-01
4.893736453152999766e-01 -1.438100817093999981e-03 3.632882138576999931e-01 8.482646518684000547e-01 -3.659194647505000231e-01 4.446455062913000078e-01
4.898128288449000167e-01 -1.204215883180999921e-03 3.632710753057999953e-01 8.482439195041000524e-01 -3.659018970158999795e-01 4.445996055020999815e-01
4.902520123745000014e-01 -9.545556440503999776e-04 3.632543343176999895e-01 8.482228153566999662e-01 -3.658862137400000214e-01 4.445564267052000140e-01
4.906911959040999860e-01 -6.651042895683999864e-04 3.632367597228999823e-01 8.481999729224000140e-01 -3.658730820403000017e-01 4.445149059617999887e-01
4.911303794338000017e-01 -3.546433557817000259e-04 3.632181565702999881e-01 8.481753054699999739e-01 -3.658602741838000161e-01 4.444730862969000218e-01
4.915695629633999864e-01 -5.317447895192999908e-05 3.631992885875000021e-01 8.481498249736000306e-01 -3.658463586933000111e-01 4.444304573933000047e-01
4.920087464930000265e-01 2.382419211025999938e-04 3.631810859592000118e-01 8.481243562678000281e-01 -3.658323448886999785e-01 4.443885257394999955e-01
4.924479300226000111e-01 5.435352943507999659e-04 3.631639825160999924e-01 8.480987113951999889e-01 -3.658193766287999860e-01 4.443490524250999774e-01
4.928871135523000269e-01 8.739842194055999838e-04 3.631476599742999856e-01 8.480720078540000539e-01 -3.658071570086999791e-01 4.443120001579999867e-01
4.933262970819000115e-01 1.211108630212000010e-03 3.631312542119999875e-01 8.480435772430999775e-01 -3.657953352887999832e-01 4.442755493682000179e-01
4.937654806114999961e-01 1.533566086540999939e-03 3.631140811426000203e-01 8.480135729215000362e-01 -3.657843818061999874e-01 4.442382648616000074e-01
4.942046641412000119e-01 1.849467028976000023e-03 3.630963856569999759e-01 8.479828014689000382e-01 -3.657741753140000274e-01 4.442009278431999775e-01
4.946438476707999965e-01 2.186752172494000127e-03 3.630791724663999798e-01 8.479519169113000077e-01 -3.657635301448999843e-01 4.441656975100999882e-01
4.950830312003999811e-01 2.553181475081000001e-03 3.630630689239999764e-01 8.479206709725000124e-01 -3.657521653283999918e-01 4.441334408240000253e-01
4.955222147300999969e-01 2.923314927940999855e-03 3.630475641798999731e-01 8.478880368172000415e-01 -3.657415345176999733e-01 4.441025807806999737e-01
4.959613982596999815e-01 3.273657661891000038e-03 3.630316860018000247e-01 8.478532763121999771e-01 -3.657325924504999937e-01 4.440710879981999981e-01
4.964005817893000216e-01 3.615971651756999874e-03 3.630152637562000240e-01 8.478168733051000272e-01 -3.657242599016000129e-01 4.440391203060999881e-01
4.968397653189999819e-01 3.978353585918000326e-03 3.629990807881000037e-01 8.477801340128999774e-01 -3.657153408368999936e-01 4.440088440146000015e-01
4.972789488486000220e-01 4.361085860309000042e-03 3.629837657389999861e-01 8.477437156441000043e-01 -3.657064787523000016e-01 4.439816917705999844e-01
4.977181323782000066e-01 4.735002419305999952e-03 3.629689903919000038e-01 8.477067874472999920e-01 -3.656987213067000031e-01 4.439566810896000137e-01
4.981573159079000224e-01 5.087022660997000262e-03 3.629539978119999954e-01 8.476679445614999642e-01 -3.656914766059000121e-01 4.439318468728000178e-01
4.985964994375000070e-01 5.443040179892000285e-03 3.629386327856999883e-01 8.476268567971000367e-01 -3.656836353035000098e-01 4.439066964450000263e-01
4.990356829670999916e-01 5.830052641501000388e-03 3.629235354700999783e-01 8.475846595171999676e-01 -3.656756499761000256e-01 4.438825487408000203e-01
4.994748664966999763e-01 6.233135500223000065e-03 3.629093844194000162e-01 8.475426472864000527e-01 -3.656686316835999762e-01 4.438606462565000133e-01
4.999140500263999920e-01 6.613529091651000093e-03 3.628961300456999828e-01 8.475009102985000542e-01 -3.656622534412999892e-01 4.438406450474999820e-01
5.003532335560000321e-01 6.962426002518999624e-03 3.628829616250000001e-01 8.474584641797000550e-01 -3.656555470855999967e-01 4.438212546284999727e-01
5.007924170855999613e-01 7.311544464319999666e-03 3.628690170919000035e-01 8.474144635771000411e-01 -3.656490396995999981e-01 4.438020283226999929e-01
5.012316006153000325e-01 7.687396129172000339e-03 3.628542919966999958e-01 8.473689561466000164e-01 -3.656438083790000126e-01 4.437840412430000270e-01
5.016707841448999616e-01 8.077666489721999771e-03 3.628398846863000182e-01 8.473225630827999622e-01 -3.656388658472999875e-01 4.437685929460999934e-01
5.021099676745000018e-01 8.453552826925000291e-03 3.628270367384999751e-01 8.472758270389000312e-01 -3.656321283764999985e-01 4.437554456280000115e-01
5.025491512041999620e-01 8.808180582237999656e-03 3.628157148782000241e-01 8.472289741909000416e-01 -3.656241209077000232e-01 4.437428508749000078e-01
5.029883347338000021e-01 9.157370453679000363e-03 3.628044285009000003e-01 8.471819879873000447e-01 -3.656179542795999771e-01 4.437296099990000187e-01
5.034275182634000423e-01 9.512472253827000332e-03 3.627918258412999863e-01 8.471346500102000521e-01 -3.656147478458999789e-01 4.437166882492000197e-01
5.038667017931000025e-01 9.868965463179999939e-03 3.627783017410999844e-01 8.470866289826000095e-01 -3.656116096941999793e-01 4.437060916726999760e-01
5.043058853227000427e-01 1.021849233988000004e-02 3.627655597243000241e-01 8.470377737944999597e-01 -3.656056419211000108e-01 4.436982365157999819e-01
5.047450688522999718e-01 1.055830529545000000e-02 3.627545991939000181e-01 8.469883397941999625e-01 -3.655978679922000096e-01 4.436913639119000052e-01
5.051842523820000430e-01 1.088870607349000028e-02 3.627446348732000225e-01 8.469388028897999465e-01 -3.655913299610000222e-01 4.436839737346999768e-01
5.056234359115999721e-01 1.121133384958000051e-02 3.627341701480999991e-01 8.468894370941000282e-01 -3.655868713159000083e-01 4.436769492357999778e-01
5.060626194412000123e-01 1.153026826405999933e-02 3.627226835124000015e-01 8.468401519716000081e-01 -3.655828598870000112e-01 4.436722921515999785e-01
5.065018029708000524e-01 1.184665170194000063e-02 3.627109170953999873e-01 8.467907256186999465e-01 -3.655780036920999732e-01 4.436701793010000006e-01
5.069409865005000126e-01 1.215327673976000084e-02 3.626998304428000197e-01 8.467410913627000379e-01 -3.655723375591999891e-01 4.436685216287999944e-01
5.073801700301000528e-01 1.244317719077000020e-02 3.626897479901000088e-01 8.466913795009000099e-01 -3.655660551129000235e-01 4.436656855830999890e-01
5.078193535596999819e-01 1.272187317299000066e-02 3.626804288893000217e-01 8.466417775982000293e-01 -3.655593772951000187e-01 4.436626233238999961e-01
5.082585370894000532e-01 1.300025735499000037e-02 3.626714652019000229e-01 8.465924129627999672e-01 -3.655532755620000129e-01 4.436616134672999867e-01
5.086977206189999823e-01 1.327567714637000081e-02 3.626624403168000055e-01 8.465433271793000314e-01 -3.655484660741999958e-01 4.436634594280999822e-01
5.091369041486000224e-01 1.353305468470000078e-02 3.626530327536999776e-01 8.464945095364999617e-01 -3.655438191770000178e-01 4.436667208523999983e-01
5.095760876781999515e-01 1.376775100793000035e-02 3.626432793307999836e-01 8.464459693449000177e-01 -3.655375449898000118e-01 4.436695383311000107e-01
5.100152712079000228e-01 1.399363975610999969e-02 3.626336647566000271e-01 8.463978094045000455e-01 -3.655299084558999989e-01 4.436715135932999821e-01
5.104544547374999519e-01 1.422123722762999934e-02 3.626247209310999864e-01 8.463502007701000363e-01 -3.655228877319000036e-01 4.436736783685999996e-01
5.108936382670999921e-01 1.444015034333999935e-02 3.626164995335000030e-01 8.463032126703999847e-01 -3.655169710098999936e-01 4.436771400242999763e-01
5.113328217967999523e-01 1.463461456808000036e-02 3.626085791138999870e-01 8.462566578115999771e-01 -3.655103542349000256e-01 4.436820870427999886e-01
5.117720053263999924e-01 1.480760512685999966e-02 3.626006289895000179e-01 8.462102273939999808e-01 -3.655020036537999784e-01 4.436879072641000121e-01
5.122111888560000326e-01 1.497550174754000082e-02 3.625927735298000165e-01 8.461639270312000249e-01 -3.654935352934000070e-01 4.436939387336000240e-01
5.126503723856999928e-01 1.514279861339999991e-02 3.625852197203999761e-01 8.461183364283000330e-01 -3.654867509651000268e-01 4.436999987615999896e-01
5.130895559153000329e-01 1.529631023548000054e-02 3.625777010069999862e-01 8.460741799719999623e-01 -3.654807726009999813e-01 4.437062667482000178e-01
5.135287394448999621e-01 1.542514384069999973e-02 3.625697287335000185e-01 8.460314876654999594e-01 -3.654732189016999810e-01 4.437128281512999761e-01
5.139679229745000022e-01 1.553414110083000017e-02 3.625615062488999896e-01 8.459894011545999737e-01 -3.654634134474000207e-01 4.437195282186999767e-01
5.144071065041999624e-01 1.563346511610000031e-02 3.625540845483999908e-01 8.459471253638000121e-01 -3.654529537142000017e-01 4.437262918952000201e-01
5.148462900338000026e-01 1.572392095602000162e-02 3.625481033890999849e-01 8.459049614507999637e-01 -3.654434779162999969e-01 4.437333508474999855e-01
5.152854735634000427e-01 1.579843531426999848e-02 3.625426465962999778e-01 8.458639573821999935e-01 -3.654350517068999937e-01 4.437409502444000231e-01
5.157246570931000029e-01 1.585316926221999947e-02 3.625360641936999917e-01 8.458244938403000068e-01 -3.654265705642000261e-01 4.437489306606000050e-01
5.161638406227000431e-01 1.589212833300000099e-02 3.625280164619000267e-01 8.457857914416999634e-01 -3.654168593018999878e-01 4.437568074318000155e-01
5.166030241522999722e-01 1.592207842789999939e-02 3.625200164296000227e-01 8.457471695963000302e-01 -3.654055754657999922e-01 4.437642447953999980e-01
5.170422076820000434e-01 1.594429693184000116e-02 3.625135992624999859e-01 8.457092284900999957e-01 -3.653937032394000139e-01 4.437713029586999869e-01
5.174813912115999726e-01 1.595048292933999926e-02 3.625085249780000130e-01 8.456730185288999779e-01 -3.653827508568999738e-01 4.437782552407000258e-01
5.179205747412000127e-01 1.592941848597000110e-02 3.625033260211000252e-01 8.456382883944000284e-01 -3.653727906570000128e-01 4.437853297875999914e-01
5.183597582708999729e-01 1.588161419274999875e-02 3.624972049478999980e-01 8.456035849730000331e-01 -3.653619715950000013e-01 4.437926049258000272e-01
5.187989418005000131e-01 1.582333075253999910e-02 3.624906763849000124e-01 8.455683640583000482e-01 -3.653489575712000059e-01 4.437999394254000252e-01
5.192381253301000532e-01 1.576791937886000070e-02 3.624844850521000139e-01 8.455340204475999544e-01 -3.653350970613000182e-01 4.438069266669000257e-01
5.196773088598000134e-01 1.570578052957000148e-02 3.624786343724000215e-01 8.455020315357999472e-01 -3.653226765272999943e-01 4.438130850841000008e-01
5.201164923894000536e-01 1.561457236188000010e-02 3.624726672076999945e-01 8.454717114027000546e-01 -3.653114520051999881e-01 4.438182619862000022e-01
5.205556759189999827e-01 1.549019688600999922e-02 3.624664179216999793e-01 8.454409299249999732e-01 -3.652988147949999820e-01 4.438228494550999770e-01
5.209948594487000539e-01 1.535366997683999986e-02 3.624602229136000275e-01 8.454089665767999806e-01 -3.652836193794000152e-01 4.438275103031000257e-01
5.214340429782999831e-01 1.522101945919000082e-02 3.624545775474999898e-01 8.453775125128000223e-01 -3.652679081503000247e-01 4.438325841453000242e-01
5.218732265079000232e-01 1.507994232988999969e-02 3.624496238927999991e-01 8.453484266942999925e-01 -3.652539096338000002e-01 4.438376628276000102e-01
5.223124100374999523e-01 1.490834144036999945e-02 3.624448096514999995e-01 8.453213921018000176e-01 -3.652409226694999789e-01 4.438417760109000243e-01
5.227515935672000236e-01 1.470632472003999963e-02 3.624392300243999832e-01 8.452945410865999598e-01 -3.652266275605000057e-01 4.438442059179000254e-01
5.231907770967999527e-01 1.449419847412000001e-02 3.624326564286999841e-01 8.452668530111999701e-01 -3.652104485750999885e-01 4.438452676876000202e-01
5.236299606263999928e-01 1.428283443953000040e-02 3.624260046434999993e-01 8.452390100739000101e-01 -3.651939003072999790e-01 4.438461170092000141e-01
5.240691441560999531e-01 1.406214908193000046e-02 3.624202545383999885e-01 8.452120224082999567e-01 -3.651780011053999964e-01 4.438475201664999759e-01
5.245083276856999932e-01 1.381982885441999931e-02 3.624151161092999951e-01 8.451859318496000029e-01 -3.651620860936000135e-01 4.438488751038000002e-01
5.249475112153000333e-01 1.355666620343999942e-02 3.624095089250000123e-01 8.451601682584000130e-01 -3.651454451942999779e-01 4.438487643278999917e-01
5.253866947448999625e-01 1.327849121057999952e-02 3.624032318077999859e-01 8.451345309040000364e-01 -3.651286433879999960e-01 4.438465458533000230e-01
5.258258782746000337e-01 1.298529101508999993e-02 3.623971194412000107e-01 8.451092838806999463e-01 -3.651123699214999796e-01 4.438431014183000234e-01
5.262650618041999628e-01 1.267626018990000020e-02 3.623913849929000230e-01 8.450845306486000075e-01 -3.650959102267999912e-01 4.438398076100000256e-01
5.267042453338000030e-01 1.235695134781999993e-02 3.623850659026999765e-01 8.450599488234999956e-01 -3.650778974346999828e-01 4.438369452086999845e-01
5.271434288634999632e-01 1.203227758630999976e-02 3.623777761981000212e-01 8.450351603272000522e-01 -3.650583749631000074e-01 4.438333777026999827e-01
5.275826123931000033e-01 1.169707898372999988e-02 3.623707855398000111e-01 8.450101497173000409e-01 -3.650391323785999731e-01 4.438277688742999771e-01
5.280217959227000435e-01 1.134152364174999955e-02 3.623651447244999879e-01 8.449852657483000185e-01 -3.650216394056000069e-01 4.438199218680999869e-01
5.284609794524000037e-01 1.096350336401000040e-02 3.623596333372999800e-01 8.449608147378999679e-01 -3.650051730978000064e-01 4.438108646578000083e-01
5.289001629820000439e-01 1.056989281258000068e-02 3.623522091358999941e-01 8.449365766677999767e-01 -3.649875593217000169e-01 4.438017250374000078e-01
5.293393465115999730e-01 1.016799182371999968e-02 3.623431531526000171e-01 8.449118147748999608e-01 -3.649676999190000215e-01 4.437926145962000080e-01
5.297785300412000131e-01 9.761018141722000233e-03 3.623349408231000268e-01 8.448860597591999477e-01 -3.649468188607000174e-01 4.437826185964000025e-01
5.302177135708999733e-01 9.349180782264999642e-03 3.623286691063999920e-01 8.448598795802999550e-01 -3.649269011453000200e-01 4.437707977086000066e-01
5.306568971005000135e-01 8.928610130115000390e-03 3.623223592304999907e-01 8.448343940928999540e-01 -3.649083109721000251e-01 4.437570607392999911e-01
5.310960806301000536e-01 8.490576869419999215e-03 3.623137930706000209e-01 8.448097815192999738e-01 -3.648896305339999757e-01 4.437420055237000227e-01
5.315352641598000139e-01 8.028998330325999924e-03 3.623036840537000036e-01 8.447847574885000155e-01 -3.648697984497000224e-01 4.437260887800000275e-01
5.319744476894000540e-01 7.550150521689000423e-03 3.622945213200000070e-01 8.447580496272000250e-01 -3.648494917446999941e-01 4.437091985039999797e-01
5.324136312189999831e-01 7.069229897903000007e-03 3.622869285402000039e-01 8.447300313068000222e-01 -3.648298352270000211e-01 4.436909968919999780e-01
5.328528147487000544e-01 6.593997804505999892e-03 3.622788742888000124e-01 8.447021619779000456e-01 -3.648104804348999974e-01 4.436713769973000265e-01
5.332919982782999835e-01 6.115065759061000077e-03 3.622686479207000154e-01 8.446749311322000464e-01 -3.647900822976999913e-01 4.436504418773999925e-01
5.337311818079000236e-01 5.616307628797999850e-03 3.622571595221000251e-01 8.446472487680000141e-01 -3.647685579880000084e-01 4.436282157816999749e-01
5.341703653375999838e-01 5.094333632586999644e-03 3.622464655532000033e-01 8.446181254608999822e-01 -3.647476094798000057e-01 4.436045439415999825e-01
5.346095488672000240e-01 4.563777123403000256e-03 3.622368835081999916e-01 8.445880881244000049e-01 -3.647284069391000250e-01 4.435792278358999807e-01
5.350487323967999531e-01 4.040279032835000263e-03 3.622267271581999792e-01 8.445582550336000471e-01 -3.647096953396999908e-01 4.435522218422999763e-01
5.354879159265000244e-01 3.520140802096000023e-03 3.622147613434000268e-01 8.445285801284999616e-01 -3.646892955287999727e-01 4.435237740306000043e-01
5.359270994560999535e-01 2.983788980789999802e-03 3.622018040164999841e-01 8.444979402166999938e-01 -3.646671226652999920e-01 4.434942888242000003e-01
5.363662829856999936e-01 2.423199311243000136e-03 3.621893684374000166e-01 8.444658223505999706e-01 -3.646454451062999813e-01 4.434637899891999968e-01
5.368054665153999538e-01 1.857948911406000041e-03 3.621774715391000155e-01 8.444330016711000253e-01 -3.646258676206999838e-01 4.434315637087000161e-01
5.372446500449999940e-01 1.312071189084999985e-03 3.621647725814999830e-01 8.444002958806999803e-01 -3.646072041953000165e-01 4.433967837773000187e-01
5.376838335746000341e-01 7.777334664355999580e-04 3.621506704995999804e-01 8.443673811423999531e-01 -3.645872156182000112e-01 4.433596565796000255e-01
5.381230171041999633e-01 2.195948390655999983e-04 3.621360749681000191e-01 8.443333632824999713e-01 -3.645657021124000252e-01 4.433214478449999940e-01
5.385622006339000345e-01 -3.774244823073999748e-04 3.621217180988999806e-01 8.442980993940000234e-01 -3.645445535503000212e-01 4.432829536633000056e-01
5.390013841634999636e-01 -9.812090770163000523e-04 3.621068723092999986e-01 8.442623465162000240e-01 -3.645248571672000115e-01 4.432433322798000064e-01
5.394405676931000038e-01 -1.549666098888999961e-03 3.620907163402999895e-01 8.442267023174000462e-01 -3.645054511492000215e-01 4.432010532126000046e-01
5.398797512227999640e-01 -2.085401176507000170e-03 3.620740370994000035e-01 8.441909055970000519e-01 -3.644849954698000105e-01 4.431558064989999934e-01
5.403189347524000041e-01 -2.632592134162000091e-03 3.620580611261000059e-01 8.441542924610000442e-01 -3.644642015251000067e-01 4.431087768565999951e-01
5.407581182820000443e-01 -3.220360744375999878e-03 3.620420792612000227e-01 8.441166174327999761e-01 -3.644446683450999758e-01 4.430609998801000038e-01
5.411973018115999734e-01 -3.829379206050999990e-03 3.620241591767000000e-01 8.440782389733999524e-01 -3.644261886933000127e-01 4.430121479388999806e-01
5.416364853413000446e-01 -4.420687388128999827e-03 3.620043782458000070e-01 8.440396457190000312e-01 -3.644069122970999830e-01 4.429612208365000248e-01
5.420756688708999738e-01 -4.980981355064999748e-03 3.619851958065999908e-01 8.440009667026999729e-01 -3.643862393476999806e-01 4.429078744778999766e-01
5.425148524005000139e-01 -5.528782078712999974e-03 3.619676341354999827e-01 8.439619327870000465e-01 -3.643658563159000163e-01 4.428526181974999920e-01
5.429540359301999741e-01 -6.086926404238000160e-03 3.619491793131999757e-01 8.439222397897000461e-01 -3.643471820674999972e-01 4.427960125509999845e-01
5.433932194598000143e-01 -6.660249807088999829e-03 3.619273972704999953e-01 8.438819050094999996e-01 -3.643292320814000007e-01 4.427380933589000200e-01
5.438324029894000544e-01 -7.234303987528000433e-03 3.619040657709000075e-01 8.438412527773999638e-01 -3.643102663285999743e-01 4.426784565303000241e-01
5.442715865189999835e-01 -7.788280215695999979e-03 3.618829611009000136e-01 8.438005991378000337e-01 -3.642905327252000114e-01 4.426166514041000033e-01
5.447107700487000548e-01 -8.315180165924999575e-03 3.618640852907999972e-01 8.437600329757000139e-01 -3.642717479829000182e-01 4.425526236714000250e-01
5.451499535782999839e-01 -8.834130956182000699e-03 3.618432188599000066e-01 8.437194465877000393e-01 -3.642543047617999852e-01 4.424869112777999880e-01
5.455891371079000240e-01 -9.372415985340000824e-03 3.618179590153999814e-01 8.436785915000000191e-01 -3.642367545085000158e-01 4.424201460537999786e-01
5.460283206375999843e-01 -9.928067577232999735e-03 3.617913645524000188e-01 8.436371316973999557e-01 -3.642182241120999753e-01 4.423522120164000149e-01
5.464675041672000244e-01 -1.046423672033999948e-02 3.617676724403999788e-01 8.435949884357000217e-01 -3.641997157590000089e-01 4.422822917643000062e-01
5.469066876967999535e-01 -1.095466553127000080e-02 3.617463374243999885e-01 8.435527793971000499e-01 -3.641823376521999833e-01 4.422100222818999837e-01
5.473458712265000248e-01 -1.142130639521999995e-02 3.617229830707999749e-01 8.435114936437000388e-01 -3.641655613734000041e-01 4.421361146127000263e-01
5.477850547560999539e-01 -1.190456121298999990e-02 3.616955823554999783e-01 8.434713103943000112e-01 -3.641482596050000242e-01 4.420613102854000220e-01
5.482242382856999940e-01 -1.240384435630000060e-02 3.616669582209000033e-01 8.434310680144999628e-01 -3.641305983320000106e-01 4.419851848940000161e-01
5.486634218153999543e-01 -1.287696712321999976e-02 3.616405775223999752e-01 8.433895728778000311e-01 -3.641137445898000036e-01 4.419068206187000136e-01
5.491026053449999944e-01 -1.330278217124999940e-02 3.616160289977000120e-01 8.433473363708999804e-01 -3.640981056284000039e-01 4.418264668906000114e-01
5.495417888746000346e-01 -1.371461134184999951e-02 3.615901538628999989e-01 8.433061712124999554e-01 -3.640828706856999997e-01 4.417454852982999891e-01
5.499809724042999948e-01 -1.415273539115999984e-02 3.615614996618999877e-01 8.432668150807000051e-01 -3.640671634441000060e-01 4.416643718739999835e-01
5.504201559339000349e-01 -1.460375271858000042e-02 3.615318380413999888e-01 8.432278479271999583e-01 -3.640508722526000218e-01 4.415817856977000133e-01
5.508593394634999640e-01 -1.501419006324999916e-02 3.615033224133000211e-01 8.431876826993000007e-01 -3.640344445893999858e-01 4.414962527412000237e-01
5.512985229932000353e-01 -1.535980543105000019e-02 3.614756938897000227e-01 8.431469392664999729e-01 -3.640185479283999936e-01 4.414082784144000016e-01
5.517377065227999644e-01 -1.567686300763999896e-02 3.614471278363000084e-01 8.431076771422000293e-01 -3.640038439455000052e-01 4.413199014545000076e-01
5.521768900524000045e-01 -1.601660266418000050e-02 3.614169894024999996e-01 8.430704436717000316e-01 -3.639904112105000200e-01 4.412322572913000007e-01
5.526160735820999648e-01 -1.638322975241000151e-02 3.613864923258999773e-01 8.430334397711000127e-01 -3.639773629697000135e-01 4.411443315444000257e-01
5.530552571117000049e-01 -1.673039356580999920e-02 3.613566589114999839e-01 8.429951364419000504e-01 -3.639635972754000082e-01 4.410543429957999861e-01
5.534944406413000451e-01 -1.701665158582000084e-02 3.613268745925000136e-01 8.429565794555999858e-01 -3.639489733251000114e-01 4.409618686749000038e-01
5.539336241708999742e-01 -1.725295350001000011e-02 3.612961595236000023e-01 8.429199771398000474e-01 -3.639343514832000248e-01 4.408682079501000106e-01
5.543728077006000454e-01 -1.748696651575000136e-02 3.612649495895000062e-01 8.428855635968000026e-01 -3.639206083193000096e-01 4.407747904714000020e-01
5.548119912301999745e-01 -1.774353326997000005e-02 3.612343944206999891e-01 8.428512496673999932e-01 -3.639080523705999770e-01 4.406816012620000111e-01
5.552511747598000147e-01 -1.799482641067999891e-02 3.612042890211999979e-01 8.428155441110000146e-01 -3.638965038800999752e-01 4.405874064859000017e-01
5.556903582894999749e-01 -1.819872156880000119e-02 3.611731965684999990e-01 8.427795796857000532e-01 -3.638852704052000231e-01 4.404914605119999993e-01
5.561295418191000151e-01 -1.835392256532000083e-02 3.611408252987999834e-01 8.427454835794999655e-01 -3.638733274118999828e-01 4.403945977984000115e-01
5.565687253487000552e-01 -1.849542095010999962e-02 3.611087719002999963e-01 8.427135429019000368e-01 -3.638604329069000110e-01 4.402982437649000103e-01
5.570079088782999843e-01 -1.863936239490000119e-02 3.610781315455999785e-01 8.426820972858000136e-01 -3.638479259465000060e-01 4.402025110534000252e-01
5.574470924079999445e-01 -1.876243062990999924e-02 3.610476954619000201e-01 8.426500171492999902e-01 -3.638373506922000233e-01 4.401059618500000048e-01
5.578862759375999847e-01 -1.884634414317000115e-02 3.610158010931999728e-01 8.426180929868000158e-01 -3.638282432889000106e-01 4.400075631450999780e-01
5.583254594672000248e-01 -1.891225217636999939e-02 3.609830319092000028e-01 8.425875511964000530e-01 -3.638185069377999903e-01 4.399082797851999738e-01
5.587646429968999851e-01 -1.898489754511999833e-02 3.609514402273000244e-01 8.425581279335999652e-01 -3.638073049312999796e-01 4.398100375301999820e-01
5.592038265265000252e-01 -1.904451997414999959e-02 3.609214757697999931e-01 8.425285429333000398e-01 -3.637962557796000085e-01 4.397133400471999742e-01
5.596430100560999543e-01 -1.905049150719000106e-02 3.608914162826999950e-01 8.424985176138000131e-01 -3.637870281428999819e-01 4.396166990834000088e-01
5.600821935856999945e-01 -1.900383906970000078e-02 3.608600054227000253e-01 8.424692505541000465e-01 -3.637789971627999885e-01 4.395185738844000212e-01
5.605213771153999547e-01 -1.894769028722000093e-02 3.608280657335000141e-01 8.424416585891999487e-01 -3.637704555153000174e-01 4.394192467922000134e-01
5.609605606449999948e-01 -1.890348540124999963e-02 3.607969301203000079e-01 8.424150267391999902e-01 -3.637612274611999874e-01 4.393204029360999741e-01
5.613997441746000350e-01 -1.884479763142999850e-02 3.607666416684999766e-01 8.423880506195999818e-01 -3.637526196067000228e-01 4.392232194769000175e-01
5.618389277042999952e-01 -1.874598152560999834e-02 3.607365943092000204e-01 8.423606701989000412e-01 -3.637452020868999769e-01 4.391272897144000154e-01
5.622781112339000353e-01 -1.862004074158999864e-02 3.607068819925000058e-01 8.423339706999000143e-01 -3.637381016955000268e-01 4.390313247827999921e-01
5.627172947634999645e-01 -1.848603389380000170e-02 3.606778713800000147e-01 8.423084015338000441e-01 -3.637305341511999912e-01 4.389346252999999920e-01
5.631564782932000357e-01 -1.833039278852999915e-02 3.606490916001999780e-01 8.422830851414999653e-01 -3.637228471603000113e-01 4.388378271983999768e-01
5.635956618227999648e-01 -1.813227557683000021e-02 3.606197451852999891e-01 8.422572255029000532e-01 -3.637157919751999868e-01 4.387422460977999927e-01
5.640348453524000050e-01 -1.790550396408999850e-02 3.605900975958000187e-01 8.422313417804000446e-01 -3.637096036324999893e-01 4.386484375024000126e-01
5.644740288820999652e-01 -1.767911045599999953e-02 3.605613484799999879e-01 8.422063656510000440e-01 -3.637039781179999820e-01 4.385555295611999749e-01
5.649132124117000053e-01 -1.744823727424999957e-02 3.605341154901000045e-01 8.421820551117999987e-01 -3.636983193223999877e-01 4.384623076010000231e-01
5.653523959413000455e-01 -1.718152183474000103e-02 3.605078319250999974e-01 8.421572894508999596e-01 -3.636920778943000254e-01 4.383689235534999895e-01
5.657915794710000057e-01 -1.687341645909999979e-02 3.604816982024999783e-01 8.421318110972999538e-01 -3.636855476518999764e-01 4.382769558046000213e-01
5.662307630006000458e-01 -1.655214177813000079e-02 3.604555169277999793e-01 8.421066220306999695e-01 -3.636800410707999864e-01 4.381874660164999935e-01
5.666699465301999750e-01 -1.623167532667999999e-02 3.604294416723999861e-01 8.420823485477000325e-01 -3.636762792448999804e-01 4.380995529344000050e-01
5.671091300599000462e-01 -1.589139977258000047e-02 3.604035689635000095e-01 8.420581577549000052e-01 -3.636729205824000277e-01 4.380115111494999880e-01
5.675483135894999753e-01 -1.551502798650999937e-02 3.603781438940000248e-01 8.420329754102999775e-01 -3.636680728218000258e-01 4.379231614317999899e-01
5.679874971191000155e-01 -1.511726920487000032e-02 3.603537511013999994e-01 8.420070759707000141e-01 -3.636621476197999803e-01 4.378361612976000017e-01
5.684266806487999757e-01 -1.471310139179999969e-02 3.603308399778999971e-01 8.419814990295999557e-01 -3.636574455762999758e-01 4.377518348000999926e-01
5.688658641784000158e-01 -1.428809026968000037e-02 3.603090991708999824e-01 8.419562552792000387e-01 -3.636546060138999836e-01 4.376695087813000096e-01
5.693050477079999450e-01 -1.382441649404000071e-02 3.602875684685999946e-01 8.419302798294000523e-01 -3.636515406954000107e-01 4.375876088876999859e-01
5.697442312375999851e-01 -1.333685409149000002e-02 3.602655541615000234e-01 8.419032546075000401e-01 -3.636468837863999770e-01 4.375059285421999955e-01
5.701834147672999453e-01 -1.285470219175000040e-02 3.602434816676999829e-01 8.418762675883999513e-01 -3.636423993603999927e-01 4.374259446311999922e-01
5.706225982968999855e-01 -1.237834854611000006e-02 3.602226384043000218e-01 8.418500294956999808e-01 -3.636401036733999947e-01 4.373488213491000254e-01
5.710617818265000256e-01 -1.187992527073999938e-02 3.602037422843999970e-01 8.418234122483000403e-01 -3.636386423126000134e-01 4.372738632356999999e-01
5.715009653561999858e-01 -1.134249453964999987e-02 3.601858942903999883e-01 8.417948560304000516e-01 -3.636350948723000021e-01 4.371994766810999855e-01
5.719401488858000260e-01 -1.077572565990000085e-02 3.601675832706999758e-01 8.417647311606000216e-01 -3.636296019899999954e-01 4.371253260374000082e-01
5.723793324153999551e-01 -1.019475640196999995e-02 3.601488398016000070e-01 8.417349741251000106e-01 -3.636253797258000020e-01 4.370528621206999920e-01
5.728185159449999952e-01 -9.604880609517999976e-03 3.601314945333999873e-01 8.417062969301000175e-01 -3.636239673057999888e-01 4.369835801220000038e-01
5.732576994746999555e-01 -9.008099226417999247e-03 3.601166970858999949e-01 8.416770630109999818e-01 -3.636230852640000011e-01 4.369172492730000190e-01
5.736968830042999956e-01 -8.405745123509000827e-03 3.601030605646000082e-01 8.416455777199000066e-01 -3.636201485127000255e-01 4.368522822566999753e-01
5.741360665339000358e-01 -7.791325105799999824e-03 3.600884264254000100e-01 8.416124412940999555e-01 -3.636157326366999953e-01 4.367876720398999879e-01
5.745752500635999960e-01 -7.155865375850000397e-03 3.600729653515000184e-01 8.415795133457000254e-01 -3.636120709496000192e-01 4.367241082507000161e-01
5.750144335932000361e-01 -6.502039392832999892e-03 3.600590130253000232e-01 8.415471456334000511e-01 -3.636096662727000273e-01 4.366631104113999906e-01
5.754536171227999652e-01 -5.839002631585999900e-03 3.600477497699000051e-01 8.415138657549999790e-01 -3.636071706426000083e-01 4.366054107553000163e-01
5.758928006524000054e-01 -5.164422603739999944e-03 3.600376092197000166e-01 8.414788098901000435e-01 -3.636038069572999909e-01 4.365503766068999925e-01
5.763319841820999656e-01 -4.469231608222000267e-03 3.600266845687000172e-01 8.414429815392999723e-01 -3.636002083561999942e-01 4.364967832575000206e-01
5.767711677117000058e-01 -3.760082098247000040e-03 3.600154178286000262e-01 8.414074098200999829e-01 -3.635970333667000176e-01 4.364439592029999981e-01
5.772103512413000459e-01 -3.055753497883000047e-03 3.600057062584000045e-01 8.413712824237999932e-01 -3.635940284686000057e-01 4.363924021041000190e-01
5.776495347710000061e-01 -2.356958887083000082e-03 3.599980963678000023e-01 8.413331743709000499e-01 -3.635905881970000197e-01 4.363435104241999984e-01
5.780887183006000463e-01 -1.641989345951000000e-03 3.599912342880000060e-01 8.412934697452000288e-01 -3.635864911678999833e-01 4.362984373786000236e-01
5.785279018301999754e-01 -9.011155565015999775e-04 3.599839373082999727e-01 8.412540111580000257e-01 -3.635820463182999895e-01 4.362567881752000276e-01
5.789670853599000466e-01 -1.533867071916999872e-04 3.599766022431999946e-01 8.412153459794999844e-01 -3.635778999847000259e-01 4.362166417432000176e-01
5.794062688894999757e-01 5.839884425394000021e-04 3.599703082342999849e-01 8.411758514316000079e-01 -3.635743895760000233e-01 4.361764977713999958e-01
5.798454524191000159e-01 1.322536285950000031e-03 3.599654192110999795e-01 8.411341749563000514e-01 -3.635707450437999921e-01 4.361372765734000123e-01
5.802846359487999761e-01 2.081320721252999818e-03 3.599615347098999996e-01 8.410912156890999469e-01 -3.635656082472000228e-01 4.361016627932000067e-01
5.807238194784000163e-01 2.855992624198000051e-03 3.599582549372000173e-01 8.410485959279999646e-01 -3.635589493567999986e-01 4.360710161492999948e-01
5.811630030079999454e-01 3.628803483718000007e-03 3.599554553213000219e-01 8.410061313173999853e-01 -3.635526053982999772e-01 4.360435462366999970e-01
5.816021865377000166e-01 4.395298707691000159e-03 3.599530314512999762e-01 8.409623328411000021e-01 -3.635479024850000185e-01 4.360163756309999861e-01
5.820413700672999457e-01 5.160266979380000001e-03 3.599508434204000129e-01 8.409170320040000313e-01 -3.635435621845999887e-01 4.359891359997000171e-01
5.824805535968999859e-01 5.920685489661000299e-03 3.599490057008000177e-01 8.408717933839999770e-01 -3.635374088907999957e-01 4.359644349760999904e-01
5.829197371265999461e-01 6.676387215435000341e-03 3.599480186765999790e-01 8.408274039805000433e-01 -3.635295708299999817e-01 4.359444895726000135e-01
5.833589206561999863e-01 7.444718871515000266e-03 3.599483568731999816e-01 8.407825254245000490e-01 -3.635221209939000220e-01 4.359283721032000125e-01
5.837981041858000264e-01 8.235661405337999300e-03 3.599497844173000227e-01 8.407357697263000418e-01 -3.635156241065000127e-01 4.359134968223000173e-01
5.842372877153999555e-01 9.022780680989999844e-03 3.599512706863000067e-01 8.406879374178000131e-01 -3.635081836022999724e-01 4.358991548626000023e-01
5.846764712451000268e-01 9.774409857729999401e-03 3.599520258407000184e-01 8.406408478682000363e-01 -3.634986295009000057e-01 4.358871888604000100e-01
5.851156547746999559e-01 1.050857379137999995e-02 3.599526516752000194e-01 8.405945965008999599e-01 -3.634886862441999988e-01 4.358791034735000069e-01
5.855548383042999960e-01 1.127351620982000070e-02 3.599546461570000133e-01 8.405475400227999661e-01 -3.634804967067000181e-01 4.358739540263000256e-01
5.859940218339999563e-01 1.206785367689000056e-02 3.599584282202000218e-01 8.404989719619000432e-01 -3.634732911968999725e-01 4.358699806876000227e-01
5.864332053635999964e-01 1.282926138067000052e-02 3.599625365731000115e-01 8.404502727561999897e-01 -3.634643117654999811e-01 4.358673373420999808e-01
5.868723888932000365e-01 1.352589691728999996e-02 3.599655150203999732e-01 8.404028153135000290e-01 -3.634525115241999949e-01 4.358677912910000063e-01
5.873115724228999968e-01 1.421259513941999959e-02 3.599680288488000257e-01 8.403559503476000225e-01 -3.634396642598000104e-01 4.358719964773999922e-01
5.877507559525000369e-01 1.495409527189000068e-02 3.599719677830000020e-01 8.403081086327000016e-01 -3.634277904611000198e-01 4.358785501706999854e-01
5.881899394820999660e-01 1.572641727883999918e-02 3.599776181570000233e-01 8.402592079346999920e-01 -3.634168684872999822e-01 4.358861257889000140e-01
5.886291230117000062e-01 1.645029272745000132e-02 3.599831094313000190e-01 8.402106699696000325e-01 -3.634054830269000114e-01 4.358952579661000137e-01
5.890683065413999664e-01 1.710737502746000060e-02 3.599870856294999921e-01 8.401633033813999951e-01 -3.633927365769000217e-01 4.359071577711000067e-01
5.895074900710000065e-01 1.776118186930999987e-02 3.599906387590999790e-01 8.401163769910999779e-01 -3.633788995553000056e-01 4.359218175655000249e-01
5.899466736006000467e-01 1.845553197841999851e-02 3.599956383567999851e-01 8.400690510463999505e-01 -3.633646475355000183e-01 4.359383811379000107e-01
5.903858571303000069e-01 1.915105848412999856e-02 3.600020596431999786e-01 8.400217065152999485e-01 -3.633501981267999725e-01 4.359567542100999948e-01
5.908250406599000470e-01 1.979131305634999893e-02 3.600082462279000084e-01 8.399751686377000537e-01 -3.633352066907000189e-01 4.359775487722999943e-01
5.912642241894999762e-01 2.038660817258999836e-02 3.600133834588999937e-01 8.399292725078000288e-01 -3.633193903727999774e-01 4.360006647958000192e-01
5.917034077191000163e-01 2.098901671288000079e-02 3.600183082662999912e-01 8.398831731713000126e-01 -3.633030860550999774e-01 4.360252845548999723e-01
5.921425912487999765e-01 2.161018741210999836e-02 3.600237924469000261e-01 8.398369330175999847e-01 -3.632868026052000210e-01 4.360513993619999917e-01
5.925817747784000167e-01 2.221192604074000154e-02 3.600293561178999902e-01 8.397917824720999569e-01 -3.632701964394000060e-01 4.360799664605999881e-01
5.930209583079999458e-01 2.277117413472000071e-02 3.600343577776999870e-01 8.397483960492999611e-01 -3.632522528541999862e-01 4.361110443162000139e-01
5.934601418377000170e-01 2.330903043156999990e-02 3.600392298583000028e-01 8.397056818884000018e-01 -3.632329291145999783e-01 4.361431274768999833e-01
5.938993253672999462e-01 2.384626899776999889e-02 3.600447155438000202e-01 8.396621193030000541e-01 -3.632137085652999975e-01 4.361753452630000027e-01
5.943385088968999863e-01 2.436717273734999994e-02 3.600504717315000103e-01 8.396179963318000095e-01 -3.631955368690999997e-01 4.362092124490999923e-01
5.947776924265999465e-01 2.484880944409000036e-02 3.600554566276999990e-01 8.395753066625000205e-01 -3.631769795377999821e-01 4.362466892247999772e-01
5.952168759561999867e-01 2.530171711737000048e-02 3.600595190104999843e-01 8.395351752677000512e-01 -3.631559486115000235e-01 4.362870724905000275e-01
5.956560594858000268e-01 2.575393685489000065e-02 3.600636020654999769e-01 8.394962947402999642e-01 -3.631329376497000050e-01 4.363275808339999728e-01
5.960952430154999870e-01 2.620490784673000159e-02 3.600682049069999779e-01 8.394566582496000295e-01 -3.631106838782000024e-01 4.363671320506000151e-01
5.965344265451000272e-01 2.662269655686999928e-02 3.600725507613999898e-01 8.394162778604999930e-01 -3.630902801386000078e-01 4.364077976997000063e-01
5.969736100746999563e-01 2.698949540320999887e-02 3.600758009521999869e-01 8.393771095773000512e-01 -3.630695041454000127e-01 4.364517059681000122e-01
5.974127936044000275e-01 2.732737608553999914e-02 3.600784060400000208e-01 8.393403277252999839e-01 -3.630460373519999728e-01 4.364979145994999921e-01
5.978519771339999567e-01 2.766671783974999910e-02 3.600814244871999859e-01 8.393048197606000072e-01 -3.630207511649000129e-01 4.365437734988000251e-01
5.982911606635999968e-01 2.800348979802999919e-02 3.600848052903999896e-01 8.392689158068999955e-01 -3.629961856846000146e-01 4.365886688269000060e-01
5.987303441932000370e-01 2.830617131908000003e-02 3.600873162329000232e-01 8.392327187828999557e-01 -3.629727993321000268e-01 4.366347383042999963e-01
5.991695277228999972e-01 2.856054898258000158e-02 3.600883269633999850e-01 8.391977674780000118e-01 -3.629486946237999723e-01 4.366837220845999901e-01
5.996087112525000373e-01 2.878682618239000041e-02 3.600887618508000210e-01 8.391648060541000431e-01 -3.629227802835999772e-01 4.367345078618999898e-01
6.000478947820999664e-01 2.900578623925000044e-02 3.600897242464000114e-01 8.391329593213000537e-01 -3.628962407904000043e-01 4.367846010211000052e-01
6.004870783118000377e-01 2.920706949103999903e-02 3.600908515039999980e-01 8.391011703340000016e-01 -3.628703988445999840e-01 4.368332472518999809e-01
6.009262618413999668e-01 2.936847910142999923e-02 3.600909126847999797e-01 8.390695008688999756e-01 -3.628446862356999869e-01 4.368820789457000253e-01
6.013654453710000070e-01 2.949444887593000164e-02 3.600897044615000153e-01 8.390386280491000104e-01 -3.628177131522999921e-01 4.369328121189999803e-01
6.018046289006999672e-01 2.960955185940999934e-02 3.600882630880000157e-01 8.390087957544000163e-01 -3.627894237418999857e-01 4.369851821071999987e-01
6.022438124303000073e-01 2.971536768859999941e-02 3.600870609214000262e-01 8.389798391124000387e-01 -3.627610992847999927e-01 4.370374745076999745e-01
6.026829959599000475e-01 2.978328987437999995e-02 3.600851028318000080e-01 8.389517281310000518e-01 -3.627335349574999923e-01 4.370885577345999806e-01
6.031221794896000077e-01 2.980103748007999903e-02 3.600814757238999797e-01 8.389244065502999836e-01 -3.627060852128999868e-01 4.371388565102000134e-01
6.035613630192000478e-01 2.979794826041999925e-02 3.600769540277999892e-01 8.388974103230999457e-01 -3.626776132940999764e-01 4.371894716279999815e-01
6.040005465487999770e-01 2.980071158885000057e-02 3.600730126178000035e-01 8.388704017900000531e-01 -3.626479126625999916e-01 4.372408616633000067e-01
6.044397300785000482e-01 2.978611230550000030e-02 3.600696127935000268e-01 8.388439680718999814e-01 -3.626179534244000080e-01 4.372925437024999806e-01
6.048789136080999773e-01 2.971182928234999965e-02 3.600651395046999825e-01 8.388190626853000431e-01 -3.625887773520999890e-01 4.373437316928999730e-01
6.053180971377000175e-01 2.958321476003999972e-02 3.600586404478000047e-01 8.387954891227999976e-01 -3.625602669733999917e-01 4.373939690849000250e-01
6.057572806672999466e-01 2.944922742998000095e-02 3.600510451448999949e-01 8.387717504442000482e-01 -3.625312494854999734e-01 4.374433005901999794e-01
6.061964641970000178e-01 2.932935562589999989e-02 3.600436818718000254e-01 8.387469093784000185e-01 -3.625009657698000098e-01 4.374921145915000031e-01
6.066356477265999469e-01 2.918585181275000148e-02 3.600364795116000050e-01 8.387219794896999536e-01 -3.624700620006999774e-01 4.375407535126000225e-01
6.070748312561999871e-01 2.898507990169999979e-02 3.600284356628000171e-01 8.386986975092000085e-01 -3.624396612901000236e-01 4.375890613342000024e-01
6.075140147858000272e-01 2.874845476632000019e-02 3.600192670888999746e-01 8.386772050923000377e-01 -3.624098174193000066e-01 4.376364330183999951e-01
6.079531983154999875e-01 2.851208842981000149e-02 3.600095676403000100e-01 8.386558412807000318e-01 -3.623797073066000185e-01 4.376825632836000013e-01
6.083923818451000276e-01 2.826500053508999855e-02 3.599995114419999864e-01 8.386333198790000276e-01 -3.623491941433000241e-01 4.377279196855000110e-01
6.088315653746999567e-01 2.796922964180000026e-02 3.599884794654999998e-01 8.386102412385000315e-01 -3.623190805100999778e-01 4.377729781640000151e-01
6.092707489044000280e-01 2.762678443107999954e-02 3.599762461793000190e-01 8.385879674831999697e-01 -3.622895608908999754e-01 4.378171429207999843e-01
6.097099324339999571e-01 2.727998106724999899e-02 3.599636262118000030e-01 8.385666789618999584e-01 -3.622596250905000259e-01 4.378592230510999772e-01
6.101491159635999972e-01 2.694375139220999901e-02 3.599513124172000200e-01 8.385453722401999821e-01 -3.622287132920999908e-01 4.378991841763000270e-01
6.105882994932999575e-01 2.658241774670000099e-02 3.599386646902000275e-01 8.385235030476000384e-01 -3.621979067841000210e-01 4.379385349948000106e-01
6.110274830228999976e-01 2.616907871373999953e-02 3.599244799129999728e-01 8.385016531964000208e-01 -3.621683842394999853e-01 4.379783075356999955e-01
6.114666665525000377e-01 2.572870056208999973e-02 3.599087415939000167e-01 8.384803523964999838e-01 -3.621394983501999842e-01 4.380173523688999926e-01
6.119058500821999980e-01 2.529449236313999899e-02 3.598927295598999820e-01 8.384590818581999505e-01 -3.621097934440000166e-01 4.380536608262000087e-01
6.123450336118000381e-01 2.485152101393999988e-02 3.598772455056999942e-01 8.384370543717000190e-01 -3.620794983758000019e-01 4.380870393697999798e-01
6.127842171413999672e-01 2.436157731882999944e-02 3.598615258980000231e-01 8.384144635650999655e-01 -3.620503502362000248e-01 4.381192555947999723e-01
6.132234006711000385e-01 2.382831691072000158e-02 3.598444160423999727e-01 8.383921687427999814e-01 -3.620228301910999869e-01 4.381514362935000073e-01
6.136625842006999676e-01 2.329564339478000165e-02 3.598260428053000060e-01 8.383703078940000220e-01 -3.619952534354000107e-01 4.381825817441000193e-01
6.141017677303000077e-01 2.278116071976999876e-02 3.598075178660999907e-01 8.383480296165000123e-01 -3.619663115346999915e-01 4.382112539204000012e-01
6.145409512599000479e-01 2.225031601746000134e-02 3.597891731580000196e-01 8.383247361789000207e-01 -3.619370959955000022e-01 4.382376433180000252e-01
6.149801347896000081e-01 2.167022775154999956e-02 3.597700449631999753e-01 8.383008777297999981e-01 -3.619094221692000235e-01 4.382628780485000042e-01
6.154193183192000483e-01 2.105752289651999926e-02 3.597494451700000151e-01 8.382771552576999685e-01 -3.618831515020000111e-01 4.382869372275999820e-01
6.158585018487999774e-01 2.044931091376999896e-02 3.597282372021000096e-01 8.382535099883999807e-01 -3.618566843016000067e-01 4.383086383665000252e-01
6.162976853785000486e-01 1.984819270434000013e-02 3.597077280868000160e-01 8.382294029422000525e-01 -3.618296506540999991e-01 4.383276874118000044e-01
6.167368689080999777e-01 1.922556412954000080e-02 3.596876360979999743e-01 8.382046475857000134e-01 -3.618034456975000035e-01 4.383453967372999971e-01
6.171760524377000179e-01 1.856993359336000030e-02 3.596661904176000069e-01 8.381793397644999866e-01 -3.617788648927999784e-01 4.383627379510000033e-01
6.176152359673999781e-01 1.790111554347999928e-02 3.596424977198000028e-01 8.381532860724999479e-01 -3.617547006047999725e-01 4.383786225510000190e-01
6.180544194970000182e-01 1.723445726585999885e-02 3.596179340535000102e-01 8.381262854407000029e-01 -3.617295513695999998e-01 4.383911426918000176e-01
6.184936030265999474e-01 1.655918093346999895e-02 3.595944784485999857e-01 8.380988692494999448e-01 -3.617040604669999881e-01 4.384001775383999933e-01
6.189327865563000186e-01 1.586389230362000163e-02 3.595721582936999838e-01 8.380718657678000172e-01 -3.616801734132000234e-01 4.384076833932000206e-01
6.193719700858999477e-01 1.516035035278999986e-02 3.595490923901999980e-01 8.380450301748999520e-01 -3.616584839258000228e-01 4.384151517084999838e-01
6.198111536154999879e-01 1.446218463029999915e-02 3.595240325751999921e-01 8.380169793780000154e-01 -3.616374521276999876e-01 4.384216296151999814e-01
6.202503371451999481e-01 1.375613263504000053e-02 3.594978781904000220e-01 8.379869861162999589e-01 -3.616154755207999782e-01 4.384249470248000047e-01
6.206895206747999882e-01 1.302039488114999956e-02 3.594722149394999899e-01 8.379560976472999467e-01 -3.615928728396999858e-01 4.384244895200000158e-01
6.211287042044000284e-01 1.226474777512000063e-02 3.594471473538000117e-01 8.379257301183999918e-01 -3.615712714189999732e-01 4.384218496435999812e-01
6.215678877339999575e-01 1.152306070568000045e-02 3.594214692027999924e-01 8.378957075751000128e-01 -3.615515487477000134e-01 4.384186104443000276e-01
6.220070712637000288e-01 1.080233580663999930e-02 3.593946301818999878e-01 8.378646616210000397e-01 -3.615330750651999936e-01 4.384143379454000233e-01
6.224462547932999579e-01 1.006915655809999949e-02 3.593674495622000142e-01 8.378320918403000528e-01 -3.615148093557999931e-01 4.384074002771999878e-01
6.228854383228999980e-01 9.301733374753999931e-03 3.593406896654000038e-01 8.377988888674999801e-01 -3.614964201054000070e-01 4.383972378525000102e-01
6.233246218525999582e-01 8.527967163965999645e-03 3.593139020403999795e-01 8.377657090493999537e-01 -3.614781965860000001e-01 4.383848469289999827e-01
6.237638053821999984e-01 7.784285805933000187e-03 3.592863169668999990e-01 8.377319989481000206e-01 -3.614605101721000135e-01 4.383710576854000229e-01
6.242029889118000385e-01 7.055916609350999964e-03 3.592581720440000126e-01 8.376971763395000270e-01 -3.614437599361999820e-01 4.383553916954999741e-01
6.246421724413999677e-01 6.296363347463000346e-03 3.592302394510000219e-01 8.376617799590999613e-01 -3.614283517722999828e-01 4.383371124616000092e-01
6.250813559711000389e-01 5.501496556504999885e-03 3.592023984316000118e-01 8.376265279767000083e-01 -3.614141432790000108e-01 4.383165469104999823e-01
6.255205395006999680e-01 4.721878554270000222e-03 3.591737888202999884e-01 8.375909052162000545e-01 -3.614001975269000022e-01 4.382944750475999962e-01
6.259597230303000082e-01 3.989712037139999702e-03 3.591444473914000013e-01 8.375538384006999681e-01 -3.613857646160000270e-01 4.382706785236000213e-01
6.263989065599999684e-01 3.272486479938999798e-03 3.591156271150000023e-01 8.375155163936000013e-01 -3.613714065745999848e-01 4.382441483426000040e-01
6.268380900896000085e-01 2.524729540247999844e-03 3.590879197467000128e-01 8.374773193387999859e-01 -3.613584203931000105e-01 4.382146700446000187e-01
6.272772736192000487e-01 1.754680597718999945e-03 3.590600398343000155e-01 8.374397821132000264e-01 -3.613470798398999984e-01 4.381831783763999733e-01
6.277164571489000089e-01 1.003522592179000028e-03 3.590304831955999920e-01 8.374017695165000275e-01 -3.613362470427000095e-01 4.381502888366000104e-01
6.281556406785000490e-01 2.790357053172000043e-04 3.589998068206000092e-01 8.373622002977999523e-01 -3.613250255155999735e-01 4.381154119585999873e-01
6.285948242080999782e-01 -4.464588593642999904e-04 3.589699948485000069e-01 8.373216363126000372e-01 -3.613139821599999912e-01 4.380778540572000113e-01
6.290340077377000183e-01 -1.179573479479000073e-03 3.589416687833000275e-01 8.372813226426000233e-01 -3.613041294555999761e-01 4.380380208701999956e-01
6.294731912673999785e-01 -1.894025290940000092e-03 3.589132878812000271e-01 8.372413131664999675e-01 -3.612953930580999895e-01 4.379967383423000182e-01
6.299123747970000187e-01 -2.582008221694999817e-03 3.588835549739000097e-01 8.372006132299999459e-01 -3.612869652740999804e-01 4.379538554881000079e-01
6.303515583265999478e-01 -3.272662830517999825e-03 3.588533611415999913e-01 8.371589194009999568e-01 -3.612787172526999990e-01 4.379084165023000019e-01
6.307907418563000190e-01 -3.979603307064000055e-03 3.588243179717999776e-01 8.371170895705000170e-01 -3.612711860173000167e-01 4.378600681854000198e-01
6.312299253858999482e-01 -4.669131591097000315e-03 3.587961779250999905e-01 8.370757092474000460e-01 -3.612643040751999934e-01 4.378094778550999933e-01
6.316691089154999883e-01 -5.311464220612000138e-03 3.587671487724000130e-01 8.370341615919999478e-01 -3.612573188525000090e-01 4.377573214125999868e-01
6.321082924451999485e-01 -5.933117365735000349e-03 3.587366710389999769e-01 8.369916257671999871e-01 -3.612502275921999906e-01 4.377036037645000155e-01
6.325474759747999887e-01 -6.578961121739000315e-03 3.587064529428000137e-01 8.369483278472999999e-01 -3.612441886155999815e-01 4.376481360319999792e-01
6.329866595044000288e-01 -7.241132899602999683e-03 3.586781356668999887e-01 8.369051734686000499e-01 -3.612398683845000069e-01 4.375909384023999871e-01
6.334258430340999890e-01 -7.869508403699999530e-03 3.586509528267999847e-01 8.368625395180999682e-01 -3.612362136521999889e-01 4.375318028110999902e-01
6.338650265637000292e-01 -8.446148170825000523e-03 3.586227613237000234e-01 8.368200503675999880e-01 -3.612317302272000097e-01 4.374701202774999853e-01
6.343042100932999583e-01 -9.004901582754000489e-03 3.585929733054000201e-01 8.367773187296999593e-01 -3.612264843362000266e-01 4.374057488106000147e-01
6.347433936230000295e-01 -9.572142175776000156e-03 3.585632900413999735e-01 8.367342928536000146e-01 -3.612219087374000104e-01 4.373396245314000175e-01
6.351825771525999587e-01 -1.013045367990000022e-02 3.585353238180000179e-01 8.366909560483000163e-01 -3.612188215516000112e-01 4.372727934408999761e-01
6.356217606821999988e-01 -1.065760290334000042e-02 3.585084913038000254e-01 8.366472843444999752e-01 -3.612165507014000188e-01 4.372050089708000020e-01
6.360609442118999590e-01 -1.116504660522999945e-02 3.584810098010000057e-01 8.366035792116000014e-01 -3.612141200755000225e-01 4.371350258932999999e-01
6.365001277414999992e-01 -1.167156752036999957e-02 3.584524450229999992e-01 8.365603331106999940e-01 -3.612114907503999883e-01 4.370623424076999775e-01
6.369393112711000393e-01 -1.216499168632999978e-02 3.584242294578000032e-01 8.365176031148999769e-01 -3.612092167243999841e-01 4.369879167271000231e-01
6.373784948006999684e-01 -1.262040466922000059e-02 3.583975577765999843e-01 8.364749286684000085e-01 -3.612073888342999806e-01 4.369128104028999759e-01
6.378176783304000397e-01 -1.304028477336999919e-02 3.583717362978999788e-01 8.364320282457999856e-01 -3.612055033629000267e-01 4.368367429094999754e-01
6.382568618599999688e-01 -1.344725954861999973e-02 3.583452846433999861e-01 8.363891618901000413e-01 -3.612033090012000125e-01 4.367586530791000010e-01
6.386960453896000089e-01 -1.384716330231999977e-02 3.583180940351999855e-01 8.363466003717000552e-01 -3.612013467444999959e-01 4.366783922360000236e-01
6.391352289192999692e-01 -1.422750830770000072e-02 3.582915075349000222e-01 8.363041884801000192e-01 -3.612003723462000049e-01 4.365970336675000230e-01
6.395744124489000093e-01 -1.458581436888000023e-02 3.582663080435999903e-01 8.362617706364999792e-01 -3.612002828063000104e-01 4.365153648094000083e-01
6.400135959785000495e-01 -1.492957244647000019e-02 3.582416343536000136e-01 8.362196265007000306e-01 -3.611999298592000196e-01 4.364328121548999850e-01
6.404527795080999786e-01 -1.524977187812999978e-02 3.582163600807000137e-01 8.361780066984999538e-01 -3.611983447643000167e-01 4.363483730339000055e-01
6.408919630378000498e-01 -1.552621799412000000e-02 3.581907961670999785e-01 8.361365831349000244e-01 -3.611960494725000026e-01 4.362621394624999760e-01
6.413311465673999789e-01 -1.576536219773999950e-02 3.581662072683999831e-01 8.360949840625000462e-01 -3.611945934818999726e-01 4.361751670678000181e-01
6.417703300970000191e-01 -1.600219266237999996e-02 3.581429469292999879e-01 8.360536526541999525e-01 -3.611945869345999927e-01 4.360879804450999986e-01
6.422095136266999793e-01 -1.625004924366000095e-02 3.581199609601000144e-01 8.360133835159000437e-01 -3.611948099423999969e-01 4.360000349247000195e-01
6.426486971563000195e-01 -1.647509112816999965e-02 3.580962882393999847e-01 8.359739794652000233e-01 -3.611937989271999938e-01 4.359108791260000171e-01
6.430878806858999486e-01 -1.664203603231999978e-02 3.580723789072999819e-01 8.359342420318000011e-01 -3.611917834125999982e-01 4.358210600138999746e-01
6.435270642154999887e-01 -1.676452054856999996e-02 3.580494901083000059e-01 8.358936647838000056e-01 -3.611902113332000064e-01 4.357312511151000267e-01
6.439662477451999489e-01 -1.688257395023999921e-02 3.580280677679000267e-01 8.358533521172000214e-01 -3.611896275208000273e-01 4.356410120038000100e-01
6.444054312747999891e-01 -1.700305035388000041e-02 3.580071776293000108e-01 8.358145779368000294e-01 -3.611890415590000014e-01 4.355493297624000171e-01
6.448446148044000292e-01 -1.709503668004999991e-02 3.579856293413000157e-01 8.357769929367000472e-01 -3.611874800391999818e-01 4.354563289437000106e-01
6.452837983340999894e-01 -1.714283825352999960e-02 3.579634763499000005e-01 8.357391635144999498e-01 -3.611851705872000107e-01 4.353635396380000078e-01
6.457229818637000296e-01 -1.716949514477000144e-02 3.579421161181000066e-01 8.357006381589999755e-01 -3.611828207168000238e-01 4.352721054766999775e-01
6.461621653932999587e-01 -1.719498833682000030e-02 3.579226640207999743e-01 8.356624623866000245e-01 -3.611805910229999861e-01 4.351813562658999879e-01
6.466013489230000300e-01 -1.719941337806999912e-02 3.579043985011999829e-01 8.356255224363999812e-01 -3.611783377901000014e-01 4.350897041633000062e-01
6.470405324525999591e-01 -1.715303128534000077e-02 3.578854343157000240e-01 8.355893553390000283e-01 -3.611761567258999772e-01 4.349966215677000259e-01
6.474797159821999992e-01 -1.706718497789000075e-02 3.578651519989000107e-01 8.355530828549999622e-01 -3.611740002793999982e-01 4.349031791681999826e-01
6.479188995118999594e-01 -1.698345882647999891e-02 3.578451868602999797e-01 8.355167438031000371e-01 -3.611712797234999939e-01 4.348107341674000148e-01
6.483580830414999996e-01 -1.691231525793999990e-02 3.578272846005000063e-01 8.354809608651000419e-01 -3.611675440098000012e-01 4.347195667306000266e-01
6.487972665711000397e-01 -1.681368951638999992e-02 3.578108443119999982e-01 8.354457881647999740e-01 -3.611631621634999734e-01 4.346288869919999742e-01
6.492364501008000000e-01 -1.665347903840999969e-02 3.577938393467999800e-01 8.354107659348000148e-01 -3.611587133151000217e-01 4.345378862857999791e-01
6.496756336304000401e-01 -1.645494671765000000e-02 3.577759110522999997e-01 8.353759231124999740e-01 -3.611541514307000100e-01 4.344466542682000054e-01
6.501148171599999692e-01 -1.626661240267000125e-02 3.577588968839999772e-01 8.353418284239000347e-01 -3.611492671536999932e-01 4.343561397362000198e-01
6.505540006897000405e-01 -1.609119835568000034e-02 3.577438437068999888e-01 8.353085507637999507e-01 -3.611444322942999885e-01 4.342671747238999735e-01
6.509931842192999696e-01 -1.588174444940999852e-02 3.577291792166000239e-01 8.352753779723000038e-01 -3.611398917258999974e-01 4.341795165260999845e-01
6.514323677489000097e-01 -1.561276086439000038e-02 3.577130833577999991e-01 8.352418776861000316e-01 -3.611347145623000077e-01 4.340921146085000015e-01
6.518715512785999699e-01 -1.531956428748000067e-02 3.576964231240000180e-01 8.352085573491999648e-01 -3.611277207406000112e-01 4.340045082599000015e-01
6.523107348082000101e-01 -1.504529874757999999e-02 3.576815563444000201e-01 8.351760208963000531e-01 -3.611194135117999915e-01 4.339175877054000097e-01
6.527499183378000502e-01 -1.477683579755999926e-02 3.576687871306000188e-01 8.351440453232999994e-01 -3.611116568025999896e-01 4.338325028118000248e-01
6.531891018673999794e-01 -1.446804878142999955e-02 3.576559619763999831e-01 8.351120906075000239e-01 -3.611051091469000274e-01 4.337491096962000081e-01
6.536282853971000506e-01 -1.411157524322999984e-02 3.576417291601999837e-01 8.350802770505000305e-01 -3.610982374105000114e-01 4.336662689108000124e-01
6.540674689266999797e-01 -1.374524575595000020e-02 3.576273791294000137e-01 8.350490931871999978e-01 -3.610895076101999779e-01 4.335837137879999803e-01
6.545066524563000199e-01 -1.338775099120999984e-02 3.576146873000000115e-01 8.350183641399999690e-01 -3.610794435406000091e-01 4.335027028089000201e-01
6.549458359859999801e-01 -1.301274991155999990e-02 3.576033488186999842e-01 8.349873802357999919e-01 -3.610696001450000026e-01 4.334242677997000026e-01
6.553850195156000202e-01 -1.260222760607000031e-02 3.575917159638000165e-01 8.349561111544999692e-01 -3.610603326394000168e-01 4.333475131953000159e-01
6.558242030451999494e-01 -1.218375217921000009e-02 3.575792344636000153e-01 8.349254383237000310e-01 -3.610506543034999738e-01 4.332706281825000061e-01
6.562633865747999895e-01 -1.178391857038999999e-02 3.575669199811999932e-01 8.348958336978999917e-01 -3.610398062292999866e-01 4.331934437480999822e-01
6.567025701044999497e-01 -1.137670909637999994e-02 3.575557327341999936e-01 8.348665317750000314e-01 -3.610279387409000007e-01 4.331179793120999988e-01
6.571417536340999899e-01 -1.091946430147999920e-02 3.575454806157000176e-01 8.348365851699000029e-01 -3.610155133053999932e-01 4.330460411813999988e-01
6.575809371637000300e-01 -1.042181644309999981e-02 3.575353329702000149e-01 8.348062137998000232e-01 -3.610029406238999816e-01 4.329769673782000172e-01
6.580201206933999902e-01 -9.933994254552000816e-03 3.575247936607000021e-01 8.347763801559000552e-01 -3.609906062436000207e-01 4.329084760763999840e-01
6.584593042230000304e-01 -9.473154228184000464e-03 3.575141536481999949e-01 8.347473193697999561e-01 -3.609783937886000271e-01 4.328395012142000065e-01
6.588984877525999595e-01 -9.006350584736000711e-03 3.575042801660999747e-01 8.347183103794999504e-01 -3.609653606748000065e-01 4.327713940364000256e-01
6.593376712821999996e-01 -8.509515357424999801e-03 3.574956882045000062e-01 8.346888993901999676e-01 -3.609507570405000032e-01 4.327061194767999885e-01
6.597768548118999599e-01 -7.998433916385000106e-03 3.574875627235999942e-01 8.346595493442999780e-01 -3.609352091158999909e-01 4.326439212891000086e-01
6.602160383415000000e-01 -7.488597608227999698e-03 3.574783267020000266e-01 8.346307866883000415e-01 -3.609199585067999760e-01 4.325833560314999993e-01
6.606552218711000402e-01 -6.967223738246999809e-03 3.574677623779999869e-01 8.346023373420999869e-01 -3.609050629455999859e-01 4.325233226094000183e-01
6.610944054008000004e-01 -6.427164514902000345e-03 3.574578339794000081e-01 8.345735872203999817e-01 -3.608894606067999944e-01 4.324642671010999750e-01
6.615335889304000405e-01 -5.890288428630000017e-03 3.574503517672000252e-01 8.345444971854999450e-01 -3.608728439223000128e-01 4.324072273183000026e-01
6.619727724599999696e-01 -5.368382630735000355e-03 3.574443301840000142e-01 8.345155199593999873e-01 -3.608561672873999981e-01 4.323524072584999933e-01
6.624119559897000409e-01 -4.835301615715000001e-03 3.574370859925999899e-01 8.344868020636000416e-01 -3.608398870726000074e-01 4.322992540176999743e-01
6.628511395192999700e-01 -4.273202694517999785e-03 3.574278914419000142e-01 8.344580028039000341e-01 -3.608229674974999801e-01 4.322475216607000181e-01
6.632903230489000101e-01 -3.714309474659999947e-03 3.574189289144000248e-01 8.344289129867999977e-01 -3.608044565819999994e-01 4.321975214568000156e-01
6.637295065785999704e-01 -3.191125568446999926e-03 3.574120822344000192e-01 8.343998177706000163e-01 -3.607850902140000149e-01 4.321494104579000073e-01
6.641686901082000105e-01 -2.671268592023000148e-03 3.574062838497000238e-01 8.343710945422000425e-01 -3.607663244622000276e-01 4.321029445480000231e-01
6.646078736378000507e-01 -2.099883457968999834e-03 3.573992226743000211e-01 8.343426941660999629e-01 -3.607483718973999998e-01 4.320580411482999872e-01
6.650470571675000109e-01 -1.494031807552999996e-03 3.573906886784000148e-01 8.343141514370000511e-01 -3.607301515513999801e-01 4.320149146696000142e-01
6.654862406971000510e-01 -9.279588137998999670e-04 3.573826926076000277e-01 8.342850055528999720e-01 -3.607108076634999994e-01 4.319734373481999845e-01
6.659254242266999801e-01 -4.190441161616999775e-04 3.573765533636000247e-01 8.342552168526999878e-01 -3.606904445556999850e-01 4.319331007673000156e-01
6.663646077564000514e-01 1.015711401469999965e-04 3.573713159740999901e-01 8.342252853978000537e-01 -3.606696533509999858e-01 4.318940538853999755e-01
6.668037912859999805e-01 6.788300651685999585e-04 3.573653420246000190e-01 8.341958435799999849e-01 -3.606490458930000087e-01 4.318574135752999976e-01
6.672429748156000207e-01 1.261602345943999915e-03 3.573583485828000228e-01 8.341669102738999975e-01 -3.606289567300000054e-01 4.318237225966999882e-01
6.676821583452999809e-01 1.789187163150999897e-03 3.573512467882999921e-01 8.341377123933999549e-01 -3.606089368172999965e-01 4.317916610808000266e-01
6.681213418749000210e-01 2.294529983801999948e-03 3.573446709542000277e-01 8.341076344554000377e-01 -3.605879542275999827e-01 4.317594525324000010e-01
6.685605254044999501e-01 2.850760145445000154e-03 3.573384443238999952e-01 8.340772047718999493e-01 -3.605658303054999902e-01 4.317274277709000074e-01
6.689997089340999903e-01 3.446078222504000022e-03 3.573322398261999933e-01 8.340474921067000391e-01 -3.605439101947000013e-01 4.316979160212999767e-01
6.694388924637999505e-01 3.993745501269000200e-03 3.573260693929000142e-01 8.340184203041000055e-01 -3.605232824499999822e-01 4.316722032831000200e-01
6.698780759933999907e-01 4.465817455340999678e-03 3.573200251274000205e-01 8.339885035720000506e-01 -3.605028799682999940e-01 4.316487407688999745e-01
6.703172595230000308e-01 4.938620614150000289e-03 3.573139879414000131e-01 8.339568160228000293e-01 -3.604807737606999796e-01 4.316251980110999975e-01
6.707564430526999910e-01 5.479179621665999748e-03 3.573078207723999755e-01 8.339245384782000281e-01 -3.604571201240999723e-01 4.316014707647000126e-01
6.711956265823000312e-01 6.050110543341999901e-03 3.573016090071000073e-01 8.338935871781999465e-01 -3.604341465911999887e-01 4.315795142344999724e-01
6.716348101118999603e-01 6.571705204004000059e-03 3.572954681084999917e-01 8.338640179366000327e-01 -3.604129757764999997e-01 4.315605520688000074e-01
6.720739936415000004e-01 7.034663764117999804e-03 3.572892646634999725e-01 8.338339485331000001e-01 -3.603921620025000161e-01 4.315437114565999766e-01
6.725131771711999606e-01 7.497292766559000322e-03 3.572828339792999963e-01 8.338021771160000206e-01 -3.603700635995000234e-01 4.315276296335999739e-01
6.729523607008000008e-01 7.992752055501000166e-03 3.572764104405000141e-01 8.337696669052000464e-01 -3.603470826026000107e-01 4.315123314131000254e-01
6.733915442304000409e-01 8.493470872153000353e-03 3.572704127540999863e-01 8.337378217905000444e-01 -3.603244442988999818e-01 4.314988266893999835e-01
6.738307277601000012e-01 8.966082065831999792e-03 3.572646765874999963e-01 8.337063726416999998e-01 -3.603020914298999955e-01 4.314874451374000053e-01
6.742699112897000413e-01 9.415531835283000306e-03 3.572584105309000169e-01 8.336741183556000134e-01 -3.602792845246000075e-01 4.314774007773000131e-01
6.747090948192999704e-01 9.861876559808000625e-03 3.572513174836999816e-01 8.336411176475000406e-01 -3.602564144106999988e-01 4.314679277892000120e-01
6.751482783489000106e-01 1.030628110126999980e-02 3.572442811377000149e-01 8.336086578520000012e-01 -3.602345535270000121e-01 4.314592296774000246e-01
6.755874618785999708e-01 1.073897667703999949e-02 3.572382278531999744e-01 8.335770417986999581e-01 -3.602135401498999800e-01 4.314521288663000220e-01
6.760266454082000109e-01 1.116080731406999919e-02 3.572326204197999733e-01 8.335448773807000444e-01 -3.601920149930999959e-01 4.314471194624999728e-01
6.764658289378000511e-01 1.157811929305000050e-02 3.572260738292000193e-01 8.335111765806000328e-01 -3.601693686990000143e-01 4.314439667159999936e-01
6.769050124675000113e-01 1.198685365349000040e-02 3.572184525586999948e-01 8.334769816466000014e-01 -3.601464231793000126e-01 4.314420454153000128e-01
6.773441959971000514e-01 1.237710498526000021e-02 3.572111640692000045e-01 8.334438739092000503e-01 -3.601240914452000230e-01 4.314408576348999769e-01
6.777833795266999806e-01 1.274887815444999961e-02 3.572049550815999952e-01 8.334116212258000367e-01 -3.601024411779000234e-01 4.314402928221999778e-01
6.782225630564000518e-01 1.311232929204000051e-02 3.571986489496999928e-01 8.333785702638000226e-01 -3.600812010957999965e-01 4.314406057569000197e-01
6.786617465859999809e-01 1.347398203085000030e-02 3.571909901577999813e-01 8.333440959222000455e-01 -3.600601758838000155e-01 4.314422269245000163e-01
6.791009301156000211e-01 1.382959774402999983e-02 3.571827112793000136e-01 8.333093470090999766e-01 -3.600389877854999754e-01 4.314454704101000071e-01
6.795401136452999813e-01 1.416991670935000003e-02 3.571754164354000172e-01 8.332753815439000178e-01 -3.600173429819999993e-01 4.314502626760000070e-01
6.799792971749000214e-01 1.448941508722999955e-02 3.571690323476000017e-01 8.332417827356000117e-01 -3.599957162042999870e-01 4.314561440522999836e-01
6.804184807044999506e-01 1.479007561913000049e-02 3.571619490647000017e-01 8.332077226805000292e-01 -3.599748680136999890e-01 4.314626605860000241e-01
6.808576642342000218e-01 1.507872264442999995e-02 3.571535526238999725e-01 8.331734008772999633e-01 -3.599545909296000268e-01 4.314698166000000001e-01
6.812968477637999509e-01 1.536060076479000072e-02 3.571450214174999860e-01 8.331394574639999773e-01 -3.599339599468999729e-01 4.314780466561999872e-01
6.817360312933999911e-01 1.563588216506999959e-02 3.571373122954000223e-01 8.331055568065000028e-01 -3.599129537863000050e-01 4.314876560770999903e-01
6.821752148230999513e-01 1.590213882976999893e-02 3.571298112447999773e-01 8.330707300742999921e-01 -3.598926166429000095e-01 4.314983736358999900e-01
6.826143983526999914e-01 1.615568178172999830e-02 3.571216058084999978e-01 8.330350462779000376e-01 -3.598732833328999736e-01 4.315095903476999784e-01
6.830535818823000316e-01 1.638835764089000002e-02 3.571128691627999951e-01 8.329998424592000017e-01 -3.598539514642999926e-01 4.315210237198000010e-01
6.834927654118999607e-01 1.659146229587999885e-02 3.571041669439999899e-01 8.329659338061999874e-01 -3.598340064825999995e-01 4.315330291209000246e-01
6.839319489416000319e-01 1.677090876765999911e-02 3.570953937645999776e-01 8.329324114444000005e-01 -3.598142591453999950e-01 4.315462101206000156e-01
6.843711324711999611e-01 1.695001959678999956e-02 3.570863109569000216e-01 8.328978141784999512e-01 -3.597954109438000203e-01 4.315607448491999842e-01
6.848103160008000012e-01 1.714286504092000021e-02 3.570773231561000238e-01 8.328620129892000401e-01 -3.597767534390000077e-01 4.315761076944000241e-01
6.852494995304999614e-01 1.732959809618999855e-02 3.570687577626999731e-01 8.328262783084999787e-01 -3.597575579010999780e-01 4.315915098511000081e-01
6.856886830601000016e-01 1.747668085858999909e-02 3.570600344552000149e-01 8.327916550053999778e-01 -3.597386405752999727e-01 4.316067152076999980e-01
6.861278665897000417e-01 1.758184843847999945e-02 3.570505045496999985e-01 8.327578430569999579e-01 -3.597210664361000232e-01 4.316223564553999803e-01
6.865670501194000019e-01 1.767831639162999874e-02 3.570405108927000026e-01 8.327237264010000084e-01 -3.597041099537999775e-01 4.316391923330999969e-01
6.870062336490000421e-01 1.778827923960999910e-02 3.570306389847999751e-01 8.326886125461000487e-01 -3.596861891798999733e-01 4.316570301707999824e-01
6.874454171785999712e-01 1.789371140700999827e-02 3.570205647959999729e-01 8.326528415902000324e-01 -3.596674154235999787e-01 4.316747835149999935e-01
6.878846007082000114e-01 1.796666283404000156e-02 3.570098232300000229e-01 8.326174048451000509e-01 -3.596495134105999747e-01 4.316918322480000070e-01
6.883237842378999716e-01 1.800954013422999961e-02 3.569991314422000239e-01 8.325830155840999725e-01 -3.596332561221999846e-01 4.317088794055999879e-01
6.887629677675000117e-01 1.804517408783000085e-02 3.569894812496000047e-01 8.325493833582999770e-01 -3.596175506252000109e-01 4.317269393789999743e-01
6.892021512971000519e-01 1.807976470267000021e-02 3.569802345720000103e-01 8.325154341199000330e-01 -3.596012534499000157e-01 4.317458141393999971e-01
6.896413348268000121e-01 1.809934832240999922e-02 3.569697454722999819e-01 8.324804577069999656e-01 -3.595844765005999921e-01 4.317643635567000038e-01
6.900805183564000522e-01 1.809741858263000033e-02 3.569578613482000118e-01 8.324449655590000496e-01 -3.595677895136000224e-01 4.317822098817000187e-01
6.905197018859999814e-01 1.808233749815000083e-02 3.569461058207000215e-01 8.324100937581000448e-01 -3.595514420322000193e-01 4.318001907464000255e-01
6.909588854156000215e-01 1.805674970364000084e-02 3.569351165649000124e-01 8.323761874927000370e-01 -3.595357704266999854e-01 4.318187799248999759e-01
6.913980689452999817e-01 1.801127722540999884e-02 3.569237438703000143e-01 8.323424392064999733e-01 -3.595211308346999979e-01 4.318370360746000003e-01
6.918372524749000219e-01 1.794398509059999883e-02 3.569114035459999834e-01 8.323080929421999841e-01 -3.595069424749999798e-01 4.318539509648000041e-01
6.922764360044999510e-01 1.786811130219000121e-02 3.568994464090000096e-01 8.322735003015000466e-01 -3.594919749380999785e-01 4.318701792556000063e-01
6.927156195342000222e-01 1.779249858974000023e-02 3.568888393137999993e-01 8.322395137286999756e-01 -3.594761418995000013e-01 4.318872698496000195e-01
6.931548030637999513e-01 1.770805041995000134e-02 3.568780417842000174e-01 8.322061468328999512e-01 -3.594608830352000184e-01 4.319053233060000108e-01
6.935939865933999915e-01 1.760143287393000147e-02 3.568650720002000121e-01 8.321725114607000373e-01 -3.594471522414000031e-01 4.319225951680999986e-01
6.940331701230999517e-01 1.747155023254999898e-02 3.568507261696000077e-01 8.321381340214000222e-01 -3.594341393832000131e-01 4.319377873017000158e-01
6.944723536526999919e-01 1.732662664436999955e-02 3.568376118448000067e-01 8.321037053430000441e-01 -3.594206723364000156e-01 4.319517865311000016e-01
6.949115371823000320e-01 1.717506631009000154e-02 3.568262778831999826e-01 8.320701520793000183e-01 -3.594067544685000115e-01 4.319663933276000067e-01
6.953507207119999922e-01 1.702274654761000081e-02 3.568144526429000152e-01 8.320373539102999816e-01 -3.593929133664999775e-01 4.319818358708000239e-01
6.957899042416000324e-01 1.686712939555999949e-02 3.568004981242999807e-01 8.320043109196000319e-01 -3.593791968612000121e-01 4.319964101934000156e-01
6.962290877711999615e-01 1.669143843984999959e-02 3.567856914675999747e-01 8.319704922452000329e-01 -3.593658094057999852e-01 4.320086018529999961e-01
6.966682713009000327e-01 1.648143506975999900e-02 3.567720815448000016e-01 8.319365001016999495e-01 -3.593535741298999886e-01 4.320189285150999869e-01
6.971074548304999619e-01 1.625317069137000026e-02 3.567595076562999901e-01 8.319032198817000179e-01 -3.593424898304999893e-01 4.320293171253000164e-01
6.975466383601000020e-01 1.604262658727000079e-02 3.567461612492999756e-01 8.318706896479000079e-01 -3.593308620746999971e-01 4.320408310475000180e-01
6.979858218897999622e-01 1.585564021622999989e-02 3.567313992135999756e-01 8.318381699578000221e-01 -3.593173922633000061e-01 4.320523686146000020e-01
6.984250054194000024e-01 1.565091802768999937e-02 3.567165103373000079e-01 8.318051753920000513e-01 -3.593033570149000155e-01 4.320618492052999970e-01
6.988641889490000425e-01 1.539374170567000058e-02 3.567026211172000250e-01 8.317720007801999715e-01 -3.592910752781999784e-01 4.320686137997000187e-01
6.993033724785999716e-01 1.510664551909000029e-02 3.566889798146000157e-01 8.317391146781000222e-01 -3.592807486580000265e-01 4.320741941971000255e-01
6.997425560083000429e-01 1.483772392632999940e-02 3.566739720916999867e-01 8.317064077165999825e-01 -3.592705001900000084e-01 4.320803476803999899e-01
7.001817395378999720e-01 1.459276221752999966e-02 3.566574052484000057e-01 8.316734301750999814e-01 -3.592591624859000077e-01 4.320867469026000163e-01
7.006209230675000121e-01 1.433531585841000058e-02 3.566409969204999975e-01 8.316402688041000246e-01 -3.592472550688999844e-01 4.320914501084999748e-01
7.010601065971999724e-01 1.404956295309000083e-02 3.566262765573999793e-01 8.316076902700000328e-01 -3.592354108699999937e-01 4.320936415253999741e-01
7.014992901268000125e-01 1.376125751974000000e-02 3.566124636163000017e-01 8.315761288071999990e-01 -3.592237415287999891e-01 4.320948183539000120e-01
7.019384736564000526e-01 1.348640274594000051e-02 3.565972692441999881e-01 8.315448196049000096e-01 -3.592128079235999971e-01 4.320966370259000100e-01
7.023776571861000129e-01 1.319905516446000064e-02 3.565799335034999795e-01 8.315124465647999452e-01 -3.592032205015999735e-01 4.320984631040999946e-01
7.028168407157000530e-01 1.287469562629999995e-02 3.565624097283999760e-01 8.314787423948000189e-01 -3.591939197555999996e-01 4.320981880663999908e-01
7.032560242452999821e-01 1.253607698486999995e-02 3.565466561610000085e-01 8.314450215597000149e-01 -3.591828845241000212e-01 4.320951369382000085e-01
7.036952077749000223e-01 1.222358010232999989e-02 3.565316238274000016e-01 8.314127665888999541e-01 -3.591702560514999920e-01 4.320909075495000251e-01
7.041343913045999825e-01 1.193675917408999927e-02 3.565145571425000215e-01 8.313818744744000400e-01 -3.591587712655999742e-01 4.320871110921999936e-01
7.045735748342000226e-01 1.163831066027000080e-02 3.564951251237999941e-01 8.313507503060000303e-01 -3.591499949168999728e-01 4.320833485594999801e-01
7.050127583637999518e-01 1.130894895661000051e-02 3.564763105404999965e-01 8.313182120740000292e-01 -3.591419398612999969e-01 4.320780485928999992e-01
7.054519418935000230e-01 1.096711756774999998e-02 3.564603863797000116e-01 8.312848130551000470e-01 -3.591318968378999776e-01 4.320705834054999750e-01
7.058911254230999521e-01 1.063388041155000074e-02 3.564456266000000095e-01 8.312519735468999471e-01 -3.591201141359000037e-01 4.320617639454999992e-01
7.063303089526999923e-01 1.030667866764999920e-02 3.564285050170999947e-01 8.312201630882000147e-01 -3.591089253345000065e-01 4.320526176278000063e-01
7.067694924823000324e-01 9.975135790975999533e-03 3.564082357209999996e-01 8.311884741702000312e-01 -3.590993278024999791e-01 4.320433312893000033e-01
7.072086760119999926e-01 9.639992710802999798e-03 3.563874444423000276e-01 8.311559800948999932e-01 -3.590902875252999782e-01 4.320332804782999747e-01
7.076478595416000328e-01 9.305454634596000210e-03 3.563686155926000243e-01 8.311229392648999958e-01 -3.590807886405000260e-01 4.320216370432999886e-01
7.080870430711999619e-01 8.969368310093000021e-03 3.563514536331999771e-01 8.310902950180000248e-01 -3.590708129297999762e-01 4.320080571889000076e-01
7.085262266009000331e-01 8.631548959030000551e-03 3.563339783587999854e-01 8.310583180548000160e-01 -3.590605851250999736e-01 4.319931582357999789e-01
7.089654101304999623e-01 8.298663773477999925e-03 3.563149280683999831e-01 8.310262859435999516e-01 -3.590503276427999824e-01 4.319781468767999733e-01
7.094045936601000024e-01 7.971251886747000859e-03 3.562945282000999914e-01 8.309935096505000063e-01 -3.590405589655999985e-01 4.319635087363000170e-01
7.098437771897999626e-01 7.637900217337000378e-03 3.562737738523999997e-01 8.309601962216000004e-01 -3.590314035571999796e-01 4.319482064299999813e-01
7.102829607194000028e-01 7.292335517867999835e-03 3.562535879582999776e-01 8.309270537531000533e-01 -3.590219420033000097e-01 4.319307802460999879e-01
7.107221442490000429e-01 6.945718159303999710e-03 3.562342129859999984e-01 8.308943482571999883e-01 -3.590114347696000130e-01 4.319112680837999818e-01
7.111613277787000031e-01 6.611497760570000243e-03 3.562149930015000021e-01 8.308616955833999507e-01 -3.590006872459999832e-01 4.318913332791000093e-01
7.116005113083000433e-01 6.287340605073000153e-03 3.561950210572000231e-01 8.308286676806000415e-01 -3.589908675362999957e-01 4.318721555626999775e-01
7.120396948378999724e-01 5.962854573252999828e-03 3.561741140731999877e-01 8.307952568340000177e-01 -3.589815672962000104e-01 4.318528147590999788e-01
7.124788783676000437e-01 5.636561844489000432e-03 3.561527791713000046e-01 8.307616969075000135e-01 -3.589716313647000057e-01 4.318314433113000228e-01
7.129180618971999728e-01 5.312893694858000088e-03 3.561313187301999861e-01 8.307281029805999584e-01 -3.589613207240999748e-01 4.318077026789000072e-01
7.133572454268000129e-01 4.989276083693999601e-03 3.561096756859999934e-01 8.306944471977999456e-01 -3.589516838647999752e-01 4.317832769498999856e-01
7.137964289564000531e-01 4.660052408384999893e-03 3.560881730591999861e-01 8.306607442611000369e-01 -3.589421707105999726e-01 4.317597103267000191e-01
7.142356124861000133e-01 4.329873344095999665e-03 3.560674152264000081e-01 8.306270649742999446e-01 -3.589312223171000071e-01 4.317364628315000230e-01
7.146747960157000534e-01 4.010456063038000084e-03 3.560470606607000210e-01 8.305933541987999824e-01 -3.589192934884999908e-01 4.317117212882999877e-01
7.151139795452999826e-01 3.704998618878999842e-03 3.560256708737000175e-01 8.305593484568000173e-01 -3.589087433829999951e-01 4.316847979183000006e-01
7.155531630750000538e-01 3.405711348934999886e-03 3.560025501479999743e-01 8.305247826753999751e-01 -3.589000983703999892e-01 4.316568948039999909e-01
7.159923466045999829e-01 3.104896790335999988e-03 3.559790029034999859e-01 8.304897318395000338e-01 -3.588909114189000049e-01 4.316293204319999743e-01
7.164315301342000231e-01 2.799413457952999902e-03 3.559567814099999783e-01 8.304546808364999810e-01 -3.588794317971000236e-01 4.316017128101999889e-01
7.168707136638999833e-01 2.488371634202000016e-03 3.559357196596000250e-01 8.304200738711999819e-01 -3.588670983516999979e-01 4.315727046255000143e-01
7.173098971935000234e-01 2.178015438824999934e-03 3.559140067718999934e-01 8.303857318848000268e-01 -3.588559380049000103e-01 4.315419765324000068e-01
7.177490807230999526e-01 1.884331418967999990e-03 3.558907367951000267e-01 8.303509424035999675e-01 -3.588456227265000020e-01 4.315107199407000049e-01
7.181882642528000238e-01 1.615217796160999929e-03 3.558670911799000081e-01 8.303153340052999987e-01 -3.588348822490000090e-01 4.314798970075000017e-01
7.186274477823999529e-01 1.352052621142000102e-03 3.558446055241000217e-01 8.302794350254000255e-01 -3.588238827301999945e-01 4.314488868320999759e-01
7.190666313119999931e-01 1.067769000037000014e-03 3.558230586728000078e-01 8.302439683221000122e-01 -3.588130900545000168e-01 4.314164585554999820e-01
7.195058148416999533e-01 7.658528199124000442e-04 3.558007829375999798e-01 8.302087281125000162e-01 -3.588014983473000186e-01 4.313825298760999849e-01
7.199449983712999934e-01 4.809926711856999737e-04 3.557768275677000158e-01 8.301727764351000127e-01 -3.587884465644000098e-01 4.313480904372999913e-01
7.203841819009000336e-01 2.325009333936999911e-04 3.557522002485999923e-01 8.301359026721000234e-01 -3.587757697828000136e-01 4.313135468111999882e-01
7.208233654304999627e-01 -2.946256220946999848e-06 3.557287452365999747e-01 8.300991850036999464e-01 -3.587653498500000260e-01 4.312781169095000200e-01
7.212625489602000339e-01 -2.571664573630999995e-04 3.557070194549000197e-01 8.300635505108999723e-01 -3.587555583904999956e-01 4.312411836059000247e-01
7.217017324897999631e-01 -5.259996617169000006e-04 3.556856388899000132e-01 8.300282956883999752e-01 -3.587432303047000115e-01 4.312034583746999772e-01
7.221409160194000032e-01 -7.801789714976000009e-04 3.556628804140000155e-01 8.299918942406000477e-01 -3.587286459224000024e-01 4.311660998956000079e-01
7.225800995490000433e-01 -1.010118842014999995e-03 3.556386352165999964e-01 8.299541216824000145e-01 -3.587152361334999817e-01 4.311290240665999751e-01
7.230192830787000036e-01 -1.234558122649999931e-03 3.556143439775000248e-01 8.299164236338999467e-01 -3.587042523342000022e-01 4.310908366571000183e-01
7.234584666083000437e-01 -1.466072006178000074e-03 3.555911661292999737e-01 8.298799339180999990e-01 -3.586931196029000124e-01 4.310505031763999795e-01
7.238976501378999728e-01 -1.693005988390000084e-03 3.555689093652000254e-01 8.298439972451000513e-01 -3.586798384714999788e-01 4.310085562382999780e-01
7.243368336676000441e-01 -1.902932477507000061e-03 3.555468494446999972e-01 8.298072478746999492e-01 -3.586657471201000202e-01 4.309664193869000015e-01
7.247760171971999732e-01 -2.103419789584999849e-03 3.555247014315999765e-01 8.297695232420999600e-01 -3.586525263181000178e-01 4.309248361485999990e-01
7.252152007268000133e-01 -2.306462344354999819e-03 3.555022783676999865e-01 8.297318798813999585e-01 -3.586394709965000094e-01 4.308832200420000258e-01
7.256543842564999736e-01 -2.506967815086000133e-03 3.554790859288999849e-01 8.296949823968999826e-01 -3.586256707620000261e-01 4.308404284146000185e-01
7.260935677861000137e-01 -2.692728855560000151e-03 3.554552190290000135e-01 8.296583445088000497e-01 -3.586122461214000245e-01 4.307959597043000133e-01
7.265327513157000539e-01 -2.866974873673999898e-03 3.554320657496000124e-01 8.296212508106000083e-01 -3.585999887924000151e-01 4.307503620484999796e-01
7.269719348454000141e-01 -3.043436506271000007e-03 3.554108943382999763e-01 8.295837191688999468e-01 -3.585869615184000270e-01 4.307045513150999927e-01
7.274111183750000542e-01 -3.221186891667999867e-03 3.553909035060999755e-01 8.295462560460999946e-01 -3.585712785367999866e-01 4.306588106331000199e-01
7.278503019045999833e-01 -3.381381942534000210e-03 3.553698789690999948e-01 8.295091393033999783e-01 -3.585546980895000235e-01 4.306125406626999941e-01
7.282894854342000235e-01 -3.514048749321999933e-03 3.553469366386000083e-01 8.294722729399000016e-01 -3.585404123063000159e-01 4.305650035711999779e-01
7.287286689638999837e-01 -3.635718367629999816e-03 3.553235619128999878e-01 8.294354464687999640e-01 -3.585282302721000125e-01 4.305161804434000095e-01
7.291678524935000238e-01 -3.770678383404999987e-03 3.553016447605999995e-01 8.293984790962000142e-01 -3.585150220710000002e-01 4.304667772651999957e-01
7.296070360230999530e-01 -3.919787066849999592e-03 3.552814519499000179e-01 8.293613564427999574e-01 -3.584994777593000226e-01 4.304174587556999776e-01
7.300462195528000242e-01 -4.057454314073999715e-03 3.552619293686000157e-01 8.293244052614000550e-01 -3.584833421092999961e-01 4.303681958601999757e-01
7.304854030823999533e-01 -4.160473248193999676e-03 3.552420829376999878e-01 8.292880231982999728e-01 -3.584679156128999788e-01 4.303183191296000021e-01
7.309245866119999935e-01 -4.233688942813999823e-03 3.552215257476000199e-01 8.292520406458000481e-01 -3.584524500119999901e-01 4.302671440365999911e-01
7.313637701416999537e-01 -4.303381144351000123e-03 3.552004718112999893e-01 8.292157521804000009e-01 -3.584366333076000055e-01 4.302146704041999725e-01
7.318029536712999938e-01 -4.387715197666000252e-03 3.551798065872999732e-01 8.291789109963000337e-01 -3.584216674633000088e-01 4.301617606657999748e-01
7.322421372009000340e-01 -4.478385361741999728e-03 3.551604879288999816e-01 8.291422738778000401e-01 -3.584075993072000088e-01 4.301093892432999999e-01
7.326813207305999942e-01 -4.552607123105000334e-03 3.551423058059999804e-01 8.291066413426000370e-01 -3.583921964424000017e-01 4.300574786774000180e-01
7.331205042602000344e-01 -4.599265003642999915e-03 3.551239316136999835e-01 8.290716884291999822e-01 -3.583742768038000182e-01 4.300047703668999910e-01
7.335596877897999635e-01 -4.628462484736000325e-03 3.551047713716999898e-01 8.290364421639000447e-01 -3.583560948648999989e-01 4.299503246968999770e-01
7.339988713195000347e-01 -4.655851784738000189e-03 3.550859150790999785e-01 8.290007611591999614e-01 -3.583403220433999947e-01 4.298949488016999831e-01
7.344380548490999638e-01 -4.683514128985000365e-03 3.550684251626000099e-01 8.289655068854999698e-01 -3.583261402842000121e-01 4.298403997835000268e-01
7.348772383787000040e-01 -4.700537393097999755e-03 3.550515751455999847e-01 8.289311306230999765e-01 -3.583105519827999852e-01 4.297870773685000256e-01
7.353164219083999642e-01 -4.699719330739000195e-03 3.550340169996000217e-01 8.288969554378999849e-01 -3.582926255468000254e-01 4.297333717508999840e-01
7.357556054380000043e-01 -4.687452118637000335e-03 3.550160713598000117e-01 8.288623037550999495e-01 -3.582742199153999829e-01 4.296778317171000006e-01
7.361947889676000445e-01 -4.674426819976000048e-03 3.549993443537999838e-01 8.288276173385999979e-01 -3.582569188770999835e-01 4.296212485722000207e-01
7.366339724971999736e-01 -4.659597679679000279e-03 3.549842396953999946e-01 8.287937754345999775e-01 -3.582403402968000194e-01 4.295656590531999885e-01
7.370731560269000449e-01 -4.628572093206000278e-03 3.549693843278999839e-01 8.287607895549999881e-01 -3.582235412149000209e-01 4.295116275690000207e-01
7.375123395564999740e-01 -4.570569694560999881e-03 3.549537681802000244e-01 8.287279713201000098e-01 -3.582062992496999887e-01 4.294576287240999823e-01
7.379515230861000141e-01 -4.494360541678999593e-03 3.549380593809000062e-01 8.286951085817999552e-01 -3.581886168885000110e-01 4.294022608031000110e-01
7.383907066157000543e-01 -4.421404474024000046e-03 3.549232347860000192e-01 8.286625817714999842e-01 -3.581703618900000108e-01 4.293460534469000223e-01
7.388298901454000145e-01 -4.360860994254999769e-03 3.549091090250999780e-01 8.286303725375999685e-01 -3.581518805360000002e-01 4.292905562923000073e-01
7.392690736750000546e-01 -4.296878123945999800e-03 3.548950891866999857e-01 8.285979340786999714e-01 -3.581338909610000121e-01 4.292363815258000148e-01
7.397082572045999838e-01 -4.206770598240000374e-03 3.548815189175000273e-01 8.285653202532999861e-01 -3.581163546207000170e-01 4.291828746572999842e-01
7.401474407343000550e-01 -4.088340969129000343e-03 3.548691858495999774e-01 8.285335406081999476e-01 -3.580983708843999969e-01 4.291292794336999950e-01
7.405866242638999841e-01 -3.960260574399999955e-03 3.548578224905000189e-01 8.285032030779000412e-01 -3.580795325450000233e-01 4.290754543765000206e-01
7.410258077935000243e-01 -3.836047900535999918e-03 3.548460654314000151e-01 8.284734683083999629e-01 -3.580605052608000216e-01 4.290216305921000228e-01
7.414649913231999845e-01 -3.709395469588999943e-03 3.548330825082999795e-01 8.284430906698000419e-01 -3.580419079661000259e-01 4.289681971243000103e-01
7.419041748528000246e-01 -3.570056683422999887e-03 3.548197802476000251e-01 8.284120482540000552e-01 -3.580234672595999923e-01 4.289157053025999811e-01
7.423433583823999538e-01 -3.422404442329999869e-03 3.548081085447000182e-01 8.283813283663999938e-01 -3.580046910899000179e-01 4.288644150850999814e-01
7.427825419121000250e-01 -3.276362275439999912e-03 3.547990612745999806e-01 8.283514049900999598e-01 -3.579855969153000195e-01 4.288137677057000108e-01
7.432217254416999541e-01 -3.126331567118000119e-03 3.547913265468999877e-01 8.283218945457000437e-01 -3.579663358137999962e-01 4.287629676369000276e-01
7.436609089712999943e-01 -2.954297156847000057e-03 3.547822981150999810e-01 8.282926542766000377e-01 -3.579468383773000140e-01 4.287122374610000120e-01
7.441000925009000344e-01 -2.755463660154000138e-03 3.547709432384000272e-01 8.282641113615000217e-01 -3.579272875860999847e-01 4.286627570132999776e-01
7.445392760305999946e-01 -2.548784225473000199e-03 3.547593427572000024e-01 8.282361514184000129e-01 -3.579081774755999978e-01 4.286149863543000094e-01
7.449784595602000348e-01 -2.356162939902000167e-03 3.547504600281999876e-01 8.282077215026000250e-01 -3.578893631221999883e-01 4.285678045215000065e-01
7.454176430897999639e-01 -2.177882301953999906e-03 3.547444511526000044e-01 8.281783111686999987e-01 -3.578698545137000142e-01 4.285200435977999933e-01
7.458568266195000351e-01 -1.993869397481000047e-03 3.547384181218000143e-01 8.281490844419999720e-01 -3.578492870068999965e-01 4.284723521575999894e-01
7.462960101490999643e-01 -1.785445541961000037e-03 3.547301811308999908e-01 8.281215022686999605e-01 -3.578288371380999866e-01 4.284265288883000178e-01
7.467351936787000044e-01 -1.552468382652999988e-03 3.547209344510999784e-01 8.280951745082999471e-01 -3.578096782162999978e-01 4.283831063051999899e-01
7.471743772083999646e-01 -1.312225047583000020e-03 3.547132286176000182e-01 8.280682165531000338e-01 -3.577910868495999819e-01 4.283406314311000163e-01
7.476135607380000048e-01 -1.083504476314999920e-03 3.547074985906999989e-01 8.280397876031000415e-01 -3.577713175535999768e-01 4.282976613687000111e-01
7.480527442676000449e-01 -8.685812238880000419e-04 3.547020625828999907e-01 8.280111788149000507e-01 -3.577501479101000137e-01 4.282546021918000045e-01
7.484919277973000051e-01 -6.502718307744999836e-04 3.546959151403999977e-01 8.279839415581999873e-01 -3.577292207962000092e-01 4.282129338760000126e-01
7.489311113269000453e-01 -4.110269785881999938e-04 3.546898233429999769e-01 8.279578393373999701e-01 -3.577096498906000011e-01 4.281731990070999916e-01
7.493702948564999744e-01 -1.542704724166999960e-04 3.546846219822000212e-01 8.279314177270999942e-01 -3.576905622916999872e-01 4.281345945844999834e-01
7.498094783862000456e-01 1.003634136766000021e-04 3.546798936269000002e-01 8.279040362691999499e-01 -3.576706485130999869e-01 4.280963535414999965e-01
7.502486619157999748e-01 3.430635174043999828e-04 3.546748265988999838e-01 8.278764055192999738e-01 -3.576500891803000015e-01 4.280586959209000120e-01
7.506878454454000149e-01 5.844253617325999989e-04 3.546693974331999732e-01 8.278492768016000314e-01 -3.576299237710999779e-01 4.280222414905999750e-01
7.511270289750999751e-01 8.361442104453000032e-04 3.546641982207999755e-01 8.278225089898000322e-01 -3.576101931810999890e-01 4.279870894510999779e-01
7.515662125047000153e-01 1.093312362588999987e-03 3.546597422375000197e-01 8.277956448772000320e-01 -3.575899979652999994e-01 4.279528300550999864e-01
7.520053960343000554e-01 1.345602269896999928e-03 3.546562319479000247e-01 8.277687049869000280e-01 -3.575692609368000263e-01 4.279191507628999913e-01
7.524445795638999845e-01 1.596384496381000060e-03 3.546533741812000207e-01 8.277419392097999928e-01 -3.575491225669000239e-01 4.278861372905000127e-01
7.528837630935999448e-01 1.856853658939000042e-03 3.546502249415000030e-01 8.277151677256999740e-01 -3.575301540611999784e-01 4.278541352256999830e-01
7.533229466231999849e-01 2.125736351998999858e-03 3.546459479169000173e-01 8.276878917279000270e-01 -3.575112222219000158e-01 4.278234597800000261e-01
7.537621301528000251e-01 2.389191352849999797e-03 3.546409787877000119e-01 8.276600106560999537e-01 -3.574909758270999882e-01 4.277940467560000237e-01
7.542013136824999853e-01 2.640520992911999949e-03 3.546366837366000113e-01 8.276320616744999858e-01 -3.574698562667000257e-01 4.277653100268000164e-01
7.546404972121000254e-01 2.887509325437000174e-03 3.546335959788999848e-01 8.276046185408000300e-01 -3.574496149761999808e-01 4.277366775229000107e-01
7.550796807416999545e-01 3.139040052311000209e-03 3.546308544856000000e-01 8.275775895211999744e-01 -3.574309711708000270e-01 4.277084521828000141e-01
7.555188642712999947e-01 3.395772128021000077e-03 3.546277436263999827e-01 8.275502383889999924e-01 -3.574127085439999796e-01 4.276817183091999874e-01
7.559580478009999549e-01 3.655677144220000063e-03 3.546246946039000036e-01 8.275219402974000049e-01 -3.573933380232999779e-01 4.276569679866000229e-01
7.563972313305999950e-01 3.917224451298000239e-03 3.546220061904999943e-01 8.274928896265999478e-01 -3.573729210205000006e-01 4.276331543695999771e-01
7.568364148602000352e-01 4.174373372580000158e-03 3.546186826837000039e-01 8.274639298121999609e-01 -3.573527980180999930e-01 4.276087694969999964e-01
7.572755983898999954e-01 4.420286819781999929e-03 3.546138805451000131e-01 8.274355665086999823e-01 -3.573339619650000021e-01 4.275838083449000071e-01
7.577147819195000356e-01 4.659894682220999673e-03 3.546088364887999833e-01 8.274072748670999733e-01 -3.573161429639000186e-01 4.275599395463000052e-01
7.581539654490999647e-01 4.906253058880000011e-03 3.546056659447999748e-01 8.273780407220999722e-01 -3.572982472430999978e-01 4.275384528826000063e-01
7.585931489787000048e-01 5.159167402966000071e-03 3.546042269644000267e-01 8.273475722248000430e-01 -3.572793952598999900e-01 4.275186279754000229e-01
7.590323325083999650e-01 5.401817306714000282e-03 3.546018178647999952e-01 8.273166730666999813e-01 -3.572597718443999981e-01 4.274986495586000079e-01
7.594715160380000052e-01 5.627731358136000422e-03 3.545966383777000019e-01 8.272863062377000531e-01 -3.572406428798000078e-01 4.274777942965999888e-01
7.599106995676000453e-01 5.855974098919999697e-03 3.545902469803999812e-01 8.272565339470999701e-01 -3.572231310678999905e-01 4.274570992724999741e-01
7.603498830973000056e-01 6.104083733505000393e-03 3.545854798795999852e-01 8.272265205579999447e-01 -3.572067329576000261e-01 4.274379276033999919e-01
7.607890666269000457e-01 6.357600503578000189e-03 3.545827388041999928e-01 8.271953629336999958e-01 -3.571896280679000002e-01 4.274204265345999953e-01
7.612282501564999748e-01 6.586888984652999705e-03 3.545797115600999860e-01 8.271627984250999877e-01 -3.571709367675999780e-01 4.274035731022000073e-01
7.616674336862000461e-01 6.789126811206000305e-03 3.545745787922999770e-01 8.271293886825999975e-01 -3.571520420914999772e-01 4.273863925551000253e-01
7.621066172157999752e-01 6.992146615277999855e-03 3.545681018428999964e-01 8.270962081304999991e-01 -3.571348748198999723e-01 4.273689098267000053e-01
7.625458007454000153e-01 7.215590819515000157e-03 3.545620692229000115e-01 8.270640034702999577e-01 -3.571193872721999951e-01 4.273520466092999848e-01
7.629849842750999755e-01 7.448252512684000112e-03 3.545567977008000082e-01 8.270322849091999995e-01 -3.571037979403999807e-01 4.273366638594999767e-01
7.634241678047000157e-01 7.669452880360999592e-03 3.545511981705999904e-01 8.269995168045000122e-01 -3.570870905647999805e-01 4.273225747025000132e-01
7.638633513342999448e-01 7.875064388871999901e-03 3.545447622978000202e-01 8.269646908205999791e-01 -3.570700065613000018e-01 4.273085675196000022e-01
7.643025348640000161e-01 8.073125382053000787e-03 3.545381831955999874e-01 8.269285493082000338e-01 -3.570534752926999844e-01 4.272937210935999763e-01
7.647417183935999452e-01 8.268297912851999693e-03 3.545318551075999913e-01 8.268927259892999704e-01 -3.570374259183999865e-01 4.272786703775999784e-01
7.651809019231999853e-01 8.462284819760999138e-03 3.545249462526000039e-01 8.268578016552999843e-01 -3.570216743722999797e-01 4.272650347324000175e-01
7.656200854528999455e-01 8.658900081061000550e-03 3.545166952937000016e-01 8.268228740724999914e-01 -3.570067193531000216e-01 4.272533498571999822e-01
7.660592689824999857e-01 8.857003071941999678e-03 3.545078112958999772e-01 8.267870344257000070e-01 -3.569927163050999885e-01 4.272421536661999975e-01
7.664984525121000258e-01 9.046563823814999378e-03 3.544995190749000158e-01 8.267503939953999570e-01 -3.569785926530000264e-01 4.272297430463999901e-01
7.669376360417999861e-01 9.222470778070999964e-03 3.544916088951000077e-01 8.267133276879999881e-01 -3.569633248961999739e-01 4.272164708607000261e-01
7.673768195714000262e-01 9.394370016973999440e-03 3.544826708575000151e-01 8.266756137194000154e-01 -3.569475546252999787e-01 4.272044059433999785e-01
7.678160031009999553e-01 9.571763250423000538e-03 3.544723114787000084e-01 8.266370824352999858e-01 -3.569328392046000054e-01 4.271946584722000062e-01
7.682551866305999955e-01 9.747853467681000597e-03 3.544618500635999814e-01 8.265984501994999567e-01 -3.569196090058999737e-01 4.271859552421999884e-01
7.686943701602999557e-01 9.911824630616999227e-03 3.544522609183000106e-01 8.265604592191000410e-01 -3.569068757775000211e-01 4.271763532685999842e-01
7.691335536898999958e-01 1.006928578152999944e-02 3.544425218134000244e-01 8.265224879100999678e-01 -3.568937489974000066e-01 4.271656668070000218e-01
7.695727372195000360e-01 1.023285727531999915e-02 3.544309922309999972e-01 8.264831714088000103e-01 -3.568802403729999795e-01 4.271554061501999788e-01
7.700119207491999962e-01 1.039698046796999967e-02 3.544177773553000010e-01 8.264424588379000181e-01 -3.568666864228999813e-01 4.271466629237000157e-01
7.704511042788000363e-01 1.054320342705000052e-02 3.544046079820999950e-01 8.264018761207000408e-01 -3.568533948345999907e-01 4.271389833211999831e-01
7.708902878083999655e-01 1.067192594722000086e-02 3.543925865245000084e-01 8.263623124296000100e-01 -3.568408655958000275e-01 4.271314010676000028e-01
7.713294713380000056e-01 1.080677678995000009e-02 3.543810229877999984e-01 8.263226502100999848e-01 -3.568293387538999939e-01 4.271237419869000074e-01
7.717686548676999658e-01 1.095895972467000011e-02 3.543685087737999950e-01 8.262814503380999653e-01 -3.568180034703000159e-01 4.271164819489000064e-01
7.722078383973000060e-01 1.110724113501000004e-02 3.543543318192000080e-01 8.262391677146999625e-01 -3.568056937265999817e-01 4.271098659674000264e-01
7.726470219269000461e-01 1.122819647946000053e-02 3.543387550909999906e-01 8.261974890088999990e-01 -3.567926305199999870e-01 4.271037164318999824e-01
7.730862054566000063e-01 1.133092087900000079e-02 3.543226447924999745e-01 8.261568222591999522e-01 -3.567804271446999853e-01 4.270978509007000157e-01
7.735253889862000465e-01 1.144206258494999927e-02 3.543069927452999757e-01 8.261157599613999647e-01 -3.567699148551999877e-01 4.270922180214000163e-01
7.739645725157999756e-01 1.156552292108000042e-02 3.542921450254999938e-01 8.260732158617000165e-01 -3.567599646681000047e-01 4.270867716051000018e-01
7.744037560454000158e-01 1.167969652317000021e-02 3.542772616032999755e-01 8.260299463108999873e-01 -3.567491218193000191e-01 4.270816292733999875e-01
7.748429395750999760e-01 1.177363233928999976e-02 3.542610561096000144e-01 8.259873696534000276e-01 -3.567375146171999911e-01 4.270772296443000049e-01
7.752821231047000161e-01 1.186313075761999923e-02 3.542432377786000064e-01 8.259456882465999739e-01 -3.567262789299999737e-01 4.270738660835000089e-01
7.757213066342999452e-01 1.196289945468999999e-02 3.542247286776000204e-01 8.259039364436999708e-01 -3.567157866548000267e-01 4.270710949720999960e-01
7.761604901640000165e-01 1.206091580020000019e-02 3.542063944941000186e-01 8.258614021072999689e-01 -3.567054761878999947e-01 4.270680923485000169e-01
7.765996736935999456e-01 1.213554735205999921e-02 3.541882117747000014e-01 8.258182218788999718e-01 -3.566950587843999987e-01 4.270646838935999723e-01
7.770388572231999857e-01 1.218853924665000074e-02 3.541698171450000099e-01 8.257748201644999897e-01 -3.566848617060000004e-01 4.270615611319000249e-01
7.774780407528999460e-01 1.224409788953999961e-02 3.541510743694999963e-01 8.257315280839999661e-01 -3.566750444935999909e-01 4.270593118204999983e-01
7.779172242824999861e-01 1.231634174074999928e-02 3.541317441892000151e-01 8.256887181850000035e-01 -3.566653148714999944e-01 4.270577103370999938e-01
7.783564078121000263e-01 1.239182001146999987e-02 3.541113982001999894e-01 8.256466027083000370e-01 -3.566554762942000245e-01 4.270562713446999781e-01
7.787955913417999865e-01 1.244844909836999997e-02 3.540902311595000018e-01 8.256047483119000052e-01 -3.566456128905999834e-01 4.270550477826999813e-01
7.792347748714000266e-01 1.248141775820999985e-02 3.540692462662000106e-01 8.255623693736999780e-01 -3.566357166151000180e-01 4.270543585311999957e-01
7.796739584009999557e-01 1.250333201465000064e-02 3.540489005279999768e-01 8.255193267998000017e-01 -3.566257243288999956e-01 4.270540063077999937e-01
7.801131419307000270e-01 1.252564187534000069e-02 3.540281720039999969e-01 8.254763510699000273e-01 -3.566159129156999952e-01 4.270534267418999996e-01
7.805523254602999561e-01 1.254901767081000041e-02 3.540058833936000071e-01 8.254340354038000038e-01 -3.566066332512999870e-01 4.270526134445999933e-01
7.809915089898999963e-01 1.256907598704999976e-02 3.539825260496999859e-01 8.253921146628999672e-01 -3.565976142464000187e-01 4.270522654119999761e-01
7.814306925195999565e-01 1.258188295615000028e-02 3.539596978392000048e-01 8.253501111433000359e-01 -3.565881720588000015e-01 4.270527746323999896e-01
7.818698760491999966e-01 1.258319667325000051e-02 3.539378584207000245e-01 8.253082104948999964e-01 -3.565782243998000256e-01 4.270535561471999753e-01
7.823090595788000368e-01 1.257130698606000012e-02 3.539157416127999833e-01 8.252669192117000341e-01 -3.565684489525999812e-01 4.270537814675000043e-01
7.827482431084999970e-01 1.255319795962000010e-02 3.538921858570999723e-01 8.252261531907999492e-01 -3.565592158661000100e-01 4.270534837873999900e-01
7.831874266381000371e-01 1.253845609825000006e-02 3.538675707064999898e-01 8.251853450945999535e-01 -3.565500029513999913e-01 4.270534771407000219e-01
7.836266101676999662e-01 1.252220217559000051e-02 3.538430134368000246e-01 8.251443722936999681e-01 -3.565402472804000134e-01 4.270542654842000019e-01
7.840657936973000064e-01 1.248520235918000078e-02 3.538189325457999912e-01 8.251036999288999807e-01 -3.565302270662999984e-01 4.270554459750000031e-01
7.845049772269999666e-01 1.242123745252999949e-02 3.537949777941000185e-01 8.250635335374999491e-01 -3.565205658742999772e-01 4.270562583270000045e-01
7.849441607566000068e-01 1.235388690615999915e-02 3.537707864504999744e-01 8.250235340172999976e-01 -3.565112234239999900e-01 4.270564020234999814e-01
7.853833442862000469e-01 1.230868510177000018e-02 3.537461423207999833e-01 8.249836452695999967e-01 -3.565015917202000173e-01 4.270561489567999969e-01
7.858225278159000071e-01 1.227385482922999961e-02 3.537207759573000043e-01 8.249445038556999510e-01 -3.564914731161000216e-01 4.270558668253000012e-01
7.862617113455000473e-01 1.221110692690000055e-02 3.536947277297000092e-01 8.249064659639000485e-01 -3.564813689585000223e-01 4.270556626729000160e-01
7.867008948750999764e-01 1.210803316097000017e-02 3.536687527014000243e-01 8.248687646818999575e-01 -3.564716557595999924e-01 4.270554316969999986e-01
7.871400784047000165e-01 1.199583328735000058e-02 3.536436591900999904e-01 8.248304349450999995e-01 -3.564619167754000117e-01 4.270550442446000017e-01
7.875792619343999768e-01 1.190427564979999915e-02 3.536191509871000060e-01 8.247918290833999855e-01 -3.564514425943000053e-01 4.270544022109000193e-01
7.880184454640000169e-01 1.182197645316000051e-02 3.535939156896000246e-01 8.247542953055999604e-01 -3.564402408328999905e-01 4.270533932087000051e-01
7.884576289935999460e-01 1.172009860865000017e-02 3.535671747138000032e-01 8.247182582626999547e-01 -3.564291567012999873e-01 4.270518917687000093e-01
7.888968125233000173e-01 1.159595731210000084e-02 3.535397788303000222e-01 8.246825382957000405e-01 -3.564188484735000273e-01 4.270498321253000107e-01
7.893359960528999464e-01 1.146713643066000002e-02 3.535133336021000217e-01 8.246460467562000130e-01 -3.564089103127000002e-01 4.270472427927000103e-01
7.897751795824999865e-01 1.133622748545000045e-02 3.534883175115000054e-01 8.246094095906000287e-01 -3.563983392635999836e-01 4.270441847402000057e-01
7.902143631121000267e-01 1.119319981023000031e-02 3.534634757805000249e-01 8.245741062278999500e-01 -3.563867683749999959e-01 4.270406970098999944e-01
7.906535466417999869e-01 1.104595088937000008e-02 3.534372826523000111e-01 8.245403808273999990e-01 -3.563747939110000207e-01 4.270368427505999986e-01
7.910927301714000270e-01 1.091202627836000000e-02 3.534097771842000246e-01 8.245069446167000438e-01 -3.563630121943999751e-01 4.270327224014000000e-01
7.915319137009999562e-01 1.077793375383000012e-02 3.533825580011000222e-01 8.244727882442000055e-01 -3.563512772551000185e-01 4.270282901758000182e-01
7.919710972307000274e-01 1.060630320512000006e-02 3.533568729754000270e-01 8.244384446536999755e-01 -3.563392450092999764e-01 4.270231835978999801e-01
7.924102807602999565e-01 1.039697124360999987e-02 3.533320929107000019e-01 8.244050851556999904e-01 -3.563271271310000099e-01 4.270169688282999809e-01
7.928494642898999967e-01 1.020196885931999933e-02 3.533064897311999908e-01 8.243729737531000357e-01 -3.563152763403000245e-01 4.270096665086000054e-01
7.932886478195999569e-01 1.005399869208000070e-02 3.532794143824000144e-01 8.243413710675999706e-01 -3.563033263982999799e-01 4.270018263249000245e-01
7.937278313491999970e-01 9.913515599086000774e-03 3.532521624018999939e-01 8.243096493310000383e-01 -3.562905013270999954e-01 4.269938769303999737e-01
7.941670148788000372e-01 9.722874179182999441e-03 3.532264106313000029e-01 8.242779339681000073e-01 -3.562767470036000139e-01 4.269855631530999895e-01
7.946061984084999974e-01 9.488081310777999461e-03 3.532021541133000264e-01 8.242467244997000453e-01 -3.562628691049000151e-01 4.269762989981000234e-01
7.950453819381000375e-01 9.263443486232000521e-03 3.531776991978999858e-01 8.242163441108000255e-01 -3.562494518761999962e-01 4.269659559674999771e-01
7.954845654676999667e-01 9.070095509182000623e-03 3.531517104481999847e-01 8.241867766817000396e-01 -3.562362376297000255e-01 4.269549225059000030e-01
7.959237489974000379e-01 8.878279083304999389e-03 3.531248065065999975e-01 8.241576586347999500e-01 -3.562226914759000218e-01 4.269433905625000247e-01
7.963629325269999670e-01 8.666869769670000265e-03 3.530988082982999821e-01 8.241283905959999601e-01 -3.562085885728999979e-01 4.269310453553999962e-01
7.968021160566000072e-01 8.449570344009999304e-03 3.530746222787000121e-01 8.240986652691999481e-01 -3.561938986581000277e-01 4.269176535367000258e-01
7.972412995862999674e-01 8.233163866022000579e-03 3.530513381882000035e-01 8.240690360921999469e-01 -3.561787024135000257e-01 4.269035266533000028e-01
7.976804831159000075e-01 7.999410304738000660e-03 3.530275079265999816e-01 8.240405751154999958e-01 -3.561634199695000169e-01 4.268890175467999759e-01
7.981196666455000477e-01 7.748717790949000324e-03 3.530028241879999973e-01 8.240136564587999812e-01 -3.561485045332999921e-01 4.268738637917000034e-01
7.985588501750999768e-01 7.515793721023999834e-03 3.529781037595000059e-01 8.239873222846999523e-01 -3.561336852500999739e-01 4.268575487187000195e-01
7.989980337048000480e-01 7.311482212412999740e-03 3.529539651627000008e-01 8.239602334914000181e-01 -3.561181710165000069e-01 4.268401821059000234e-01
7.994372172343999772e-01 7.090652957293000318e-03 3.529302965466000197e-01 8.239321772832000068e-01 -3.561018469714999912e-01 4.268224253301999838e-01
7.998764007640000173e-01 6.819121945065000252e-03 3.529070514905000011e-01 8.239042832628999946e-01 -3.560854787268999955e-01 4.268044487297000256e-01
8.003155842936999775e-01 6.537673402308000203e-03 3.528846421162999958e-01 8.238776951560999873e-01 -3.560693615907999932e-01 4.267855479688000275e-01
8.007547678233000177e-01 6.306542659547999599e-03 3.528630240287000119e-01 8.238523266382999921e-01 -3.560527134279999895e-01 4.267651325749999836e-01
8.011939513528999468e-01 6.108824205426999741e-03 3.528411755750999745e-01 8.238270977448000076e-01 -3.560350891990999855e-01 4.267436532935000026e-01
8.016331348826000180e-01 5.871211505231999778e-03 3.528183936561000156e-01 8.238012030321000267e-01 -3.560174596223000254e-01 4.267220439553999767e-01
8.020723184121999472e-01 5.575717477062000146e-03 3.527956409813000072e-01 8.237748835334000042e-01 -3.560008219979999833e-01 4.267004668553999736e-01
8.025115019417999873e-01 5.286319302552000207e-03 3.527744950396999868e-01 8.237489525786999556e-01 -3.559844193405000135e-01 4.266781638430999779e-01
8.029506854714000275e-01 5.050836627234999571e-03 3.527548858726999859e-01 8.237237865563999950e-01 -3.559666335651999747e-01 4.266545322577000032e-01
8.033898690010999877e-01 4.835570461775000155e-03 3.527350881267000138e-01 8.236989604976000523e-01 -3.559473426518000028e-01 4.266298203951999768e-01
8.038290525307000278e-01 4.586700331794000239e-03 3.527141976445999916e-01 8.236738424892999788e-01 -3.559280937559000102e-01 4.266045950713999724e-01
8.042682360602999569e-01 4.307321636942000251e-03 3.526934136975000134e-01 8.236483520821999971e-01 -3.559099445157000163e-01 4.265789693268999816e-01
8.047074195900000282e-01 4.033521466547999867e-03 3.526742316399000265e-01 8.236229803696000218e-01 -3.558923153827999730e-01 4.265526801726999828e-01
8.051466031195999573e-01 3.771895760278999848e-03 3.526563789382000103e-01 8.235981209146999715e-01 -3.558741371645000040e-01 4.265256451516000191e-01
8.055857866491999975e-01 3.508006240698999939e-03 3.526384716047000212e-01 8.235735770026999525e-01 -3.558550564076999878e-01 4.264980546493999936e-01
8.060249701788000376e-01 3.250778753311000125e-03 3.526200055809000089e-01 8.235488025510000476e-01 -3.558352571041000223e-01 4.264700151376999981e-01
8.064641537084999978e-01 3.016453677563999802e-03 3.526016504223999926e-01 8.235234961944000176e-01 -3.558151083444999752e-01 4.264414191372000174e-01
8.069033372381000380e-01 2.781329471648000089e-03 3.525840059365999979e-01 8.234978501408000140e-01 -3.557953170388000186e-01 4.264121279797000175e-01
8.073425207676999671e-01 2.503752901460000110e-03 3.525671301448000117e-01 8.234722990610999771e-01 -3.557764509724000157e-01 4.263820254574000046e-01
8.077817042974000383e-01 2.193896542927000100e-03 3.525510638016000065e-01 8.234471136690999504e-01 -3.557579010963000110e-01 4.263509780836000074e-01
8.082208878269999675e-01 1.912052743191000083e-03 3.525357640790999780e-01 8.234221360761000419e-01 -3.557382587756999781e-01 4.263190963574999826e-01
8.086600713566000076e-01 1.685711829326999979e-03 3.525205921587000191e-01 8.233968079618999569e-01 -3.557172008621000137e-01 4.262869976784999793e-01
8.090992548862999678e-01 1.471424656020000081e-03 3.525049257915999767e-01 8.233706113144000360e-01 -3.556960693922999739e-01 4.262552993002999835e-01
8.095384384159000080e-01 1.218057497867999902e-03 3.524893543545999930e-01 8.233436831182000537e-01 -3.556760235843000051e-01 4.262236313689000133e-01
8.099776219455000481e-01 9.310527326181000044e-04 3.524751830521000162e-01 8.233168563411999985e-01 -3.556565820700000047e-01 4.261906362803000170e-01
8.104168054752000083e-01 6.494194750823999987e-04 3.524624843029000032e-01 8.232907692638999908e-01 -3.556367204495000101e-01 4.261554491606999728e-01
8.108559890048000485e-01 3.898505443794999907e-04 3.524497287141000190e-01 8.232649603934999449e-01 -3.556164455349999920e-01 4.261189466433999984e-01
8.112951725343999776e-01 1.431746566501999895e-04 3.524358876306000199e-01 8.232382271039999644e-01 -3.555962879378000152e-01 4.260829454446000142e-01
8.117343560641000488e-01 -9.732013022183000632e-05 3.524219475029999882e-01 8.232100083936999546e-01 -3.555760306901000201e-01 4.260481522376999841e-01
8.121735395936999780e-01 -3.364772320302999867e-04 3.524095765008000147e-01 8.231810649998999585e-01 -3.555551450177000250e-01 4.260134303449999993e-01
8.126127231233000181e-01 -5.899745777480999579e-04 3.523989897500000024e-01 8.231525432008000021e-01 -3.555340148594000049e-01 4.259772164357000235e-01
8.130519066529999783e-01 -8.635839694153999661e-04 3.523889426121999957e-01 8.231246355750999610e-01 -3.555135593141999784e-01 4.259391233282999734e-01
8.134910901826000185e-01 -1.130107226610000066e-03 3.523783200292999740e-01 8.230964965282000501e-01 -3.554938997727999928e-01 4.258998665298999731e-01
8.139302737121999476e-01 -1.360317659011000060e-03 3.523669646377000086e-01 8.230673126845999832e-01 -3.554744102969000230e-01 4.258601884652000180e-01
8.143694572417999877e-01 -1.571676287365000001e-03 3.523554273232000211e-01 8.230370809409000010e-01 -3.554547733087000116e-01 4.258204586571999739e-01
8.148086407714999480e-01 -1.811099254152999903e-03 3.523447485303000115e-01 8.230063616932999926e-01 -3.554349347315000074e-01 4.257809439056000067e-01
8.152478243010999881e-01 -2.086625497360999979e-03 3.523360111084999913e-01 8.229755898285999738e-01 -3.554144264040999812e-01 4.257415881189999807e-01
8.156870078307000282e-01 -2.351241822771000210e-03 3.523290346342999868e-01 8.229446811581999643e-01 -3.553931055937999961e-01 4.257014934837999864e-01
8.161261913603999885e-01 -2.567421233779999985e-03 3.523217979716000148e-01 8.229131254978000465e-01 -3.553723448098999871e-01 4.256594973514999936e-01
8.165653748900000286e-01 -2.758321685218999807e-03 3.523124370455000265e-01 8.228805198712000335e-01 -3.553538093758999983e-01 4.256156652322999889e-01
8.170045584195999577e-01 -2.974154685851999880e-03 3.523018824517999970e-01 8.228472112290999840e-01 -3.553367981951000010e-01 4.255715213517999862e-01
8.174437419493000290e-01 -3.227004578198999860e-03 3.522931657326999755e-01 8.228141877906000046e-01 -3.553185020065999788e-01 4.255281968137000215e-01
8.178829254788999581e-01 -3.481594289544000069e-03 3.522876195706000080e-01 8.227818441369000313e-01 -3.552976587726000002e-01 4.254848973381000210e-01
8.183221090084999982e-01 -3.701512468309000204e-03 3.522830302823000137e-01 8.227489842102999607e-01 -3.552764684834999742e-01 4.254400343479999846e-01
8.187612925381000384e-01 -3.886197501026999925e-03 3.522764946961999821e-01 8.227138522879999805e-01 -3.552577494092000188e-01 4.253935237577999851e-01
8.192004760677999986e-01 -4.065614108751999974e-03 3.522681171070000117e-01 8.226764501983000466e-01 -3.552413423174000107e-01 4.253468412158000200e-01
8.196396595974000387e-01 -4.269959364561999766e-03 3.522605319104000210e-01 8.226390363451999699e-01 -3.552247092463999834e-01 4.253006834111999757e-01
8.200788431269999679e-01 -4.500793626776000353e-03 3.522552476281999856e-01 8.226035871865999827e-01 -3.552063532797999912e-01 4.252537747351000097e-01
8.205180266567000391e-01 -4.725131175496000147e-03 3.522510157243999851e-01 8.225692567343999562e-01 -3.551871655009999906e-01 4.252047171628000055e-01
8.209572101862999682e-01 -4.906326448416000428e-03 3.522460083237000106e-01 8.225333177232999615e-01 -3.551686895603999861e-01 4.251541454314999857e-01
8.213963937159000084e-01 -5.048307957489999755e-03 3.522402051608999884e-01 8.224944897342000294e-01 -3.551514703568999787e-01 4.251039258443999880e-01
8.218355772455000485e-01 -5.197022556021000002e-03 3.522348294097000232e-01 8.224543319546999687e-01 -3.551352273034000251e-01 4.250545564655999753e-01
8.222747607752000087e-01 -5.385802033701999822e-03 3.522303433467000033e-01 8.224150000757000090e-01 -3.551194948465000167e-01 4.250046215927000270e-01
8.227139443048000489e-01 -5.591781986820000376e-03 3.522260924901000068e-01 8.223767241413999507e-01 -3.551037155567999815e-01 4.249528975578000245e-01
8.231531278343999780e-01 -5.764423372261000093e-03 3.522215965187999731e-01 8.223380972845000247e-01 -3.550874756533000109e-01 4.248998260212000222e-01
8.235923113641000493e-01 -5.888286051623999734e-03 3.522171691532999804e-01 8.222981212169000464e-01 -3.550710082106999788e-01 4.248464383330999850e-01
8.240314948936999784e-01 -5.995599634745999579e-03 3.522131846188999993e-01 8.222570765226000500e-01 -3.550549941878999860e-01 4.247927859639999970e-01
8.244706784233000185e-01 -6.119899548657999934e-03 3.522095188900000173e-01 8.222156776849000037e-01 -3.550397602761000138e-01 4.247382817359000029e-01
8.249098619529999787e-01 -6.260609954385000162e-03 3.522059529905999797e-01 8.221742509563000345e-01 -3.550251482340999742e-01 4.246830040344000134e-01
8.253490454826000189e-01 -6.396705976497999574e-03 3.522025031927999983e-01 8.221327860985999658e-01 -3.550110926284000268e-01 4.246276396431999944e-01
8.257882290121999480e-01 -6.513387425972999752e-03 3.521990538975000029e-01 8.220911164594000287e-01 -3.549976117779999885e-01 4.245722853319000012e-01
8.262274125419000192e-01 -6.606342615888999813e-03 3.521952497606000154e-01 8.220488872311000339e-01 -3.549842144550999778e-01 4.245162431369000067e-01
8.266665960714999484e-01 -6.677767807143000257e-03 3.521911834418000042e-01 8.220058585377000293e-01 -3.549702052520999906e-01 4.244591173344999802e-01
8.271057796010999885e-01 -6.740230578950999821e-03 3.521876597752000015e-01 8.219623738757999565e-01 -3.549558715907999984e-01 4.244012980929000034e-01
8.275449631307999487e-01 -6.810694288242999730e-03 3.521851594068000080e-01 8.219190486863999778e-01 -3.549425288752000029e-01 4.243431109661000011e-01
8.279841466603999889e-01 -6.888065925432999836e-03 3.521829135333000016e-01 8.218758971331999730e-01 -3.549308646973000081e-01 4.242843098624999865e-01
8.284233301900000290e-01 -6.947884894784000023e-03 3.521797467019999739e-01 8.218323490786999530e-01 -3.549199075359000255e-01 4.242249192142000247e-01
8.288625137195999582e-01 -6.972441589338999705e-03 3.521756451797000143e-01 8.217883038080000535e-01 -3.549082713662999877e-01 4.241658215440999857e-01
8.293016972493000294e-01 -6.976320585493999901e-03 3.521716901304999814e-01 8.217444210413999972e-01 -3.548959108779999871e-01 4.241076261864000219e-01
8.297408807788999585e-01 -6.986771232986999612e-03 3.521684913920000159e-01 8.217009150538000517e-01 -3.548839399823999763e-01 4.240493615054999887e-01
8.301800643084999987e-01 -7.005723799811999775e-03 3.521655961183000061e-01 8.216568491833999843e-01 -3.548730738047000122e-01 4.239893780981999760e-01
8.306192478381999589e-01 -7.008720451129000009e-03 3.521625925381000055e-01 8.216115139602000461e-01 -3.548630161304999753e-01 4.239276488373999729e-01
8.310584313677999990e-01 -6.979700294353999648e-03 3.521597522227000177e-01 8.215659691644999763e-01 -3.548532153703999881e-01 4.238661885332999923e-01
8.314976148974000392e-01 -6.929934155805999620e-03 3.521570484605999751e-01 8.215219802619999623e-01 -3.548434543528000140e-01 4.238066871865999730e-01
8.319367984270999994e-01 -6.878949110374999593e-03 3.521535352890000081e-01 8.214794556418000271e-01 -3.548336626331000110e-01 4.237484218374000244e-01
8.323759819567000395e-01 -6.829751552747000305e-03 3.521486764819999893e-01 8.214362450394999682e-01 -3.548238385126999961e-01 4.236892465534000118e-01
8.328151654862999687e-01 -6.769106750778000094e-03 3.521436415970000122e-01 8.213909877956000471e-01 -3.548143351733000217e-01 4.236283034814999904e-01
8.332543490160000399e-01 -6.684372148554999955e-03 3.521400818350000073e-01 8.213450568539000241e-01 -3.548056496611999844e-01 4.235669462036000255e-01
8.336935325455999690e-01 -6.575145287506000032e-03 3.521378298009000263e-01 8.213007567703000111e-01 -3.547976810692999861e-01 4.235069658839000217e-01
8.341327160752000092e-01 -6.453273933263999756e-03 3.521349744562000117e-01 8.212583397232999793e-01 -3.547896901475999787e-01 4.234486268161999911e-01
8.345718996048999694e-01 -6.333115121037000139e-03 3.521303042084000245e-01 8.212159857130999496e-01 -3.547812875458000170e-01 4.233907837618000047e-01
8.350110831345000095e-01 -6.216087455889999711e-03 3.521246146134999755e-01 8.211724430535000119e-01 -3.547729939652000120e-01 4.233324557713000202e-01
8.354502666641000497e-01 -6.084640358789999981e-03 3.521193113818000264e-01 8.211284315032999492e-01 -3.547654161073000023e-01 4.232737762068000120e-01
8.358894501936999788e-01 -5.919523014790000273e-03 3.521147143585000028e-01 8.210852376355000093e-01 -3.547582910805999745e-01 4.232155455393999954e-01
8.363286337234000500e-01 -5.724383486913999994e-03 3.521102610906999830e-01 8.210430301744999770e-01 -3.547509448914999974e-01 4.231583311084999854e-01
8.367678172529999792e-01 -5.524004251913999970e-03 3.521055408545000209e-01 8.210011690380000227e-01 -3.547434560950999960e-01 4.231021369742000160e-01
8.372070007826000193e-01 -5.334710295866000422e-03 3.521004068711000023e-01 8.209594260492999451e-01 -3.547366067350999908e-01 4.230466820614999790e-01
8.376461843121999484e-01 -5.145782018305999732e-03 3.520946456023000271e-01 8.209181089379999907e-01 -3.547305844481000170e-01 4.229917768624000263e-01
8.380853678419000197e-01 -4.935568846546000386e-03 3.520882793467000060e-01 8.208773241107000240e-01 -3.547244665295999910e-01 4.229374874178999932e-01
8.385245513714999488e-01 -4.697070759244999574e-03 3.520818237617999724e-01 8.208368383091999565e-01 -3.547174409380000060e-01 4.228840788213000246e-01
8.389637349010999889e-01 -4.439773874513000367e-03 3.520755916680999853e-01 8.207965950273999889e-01 -3.547100452515999924e-01 4.228318033810999910e-01
8.394029184307999492e-01 -4.173939624658999648e-03 3.520690851286000234e-01 8.207568361924000300e-01 -3.547035405412999887e-01 4.227806410150000138e-01
8.398421019603999893e-01 -3.903790754006999930e-03 3.520617502446999891e-01 8.207177158334999501e-01 -3.546982219474000275e-01 4.227302329227000111e-01
8.402812854900000294e-01 -3.631796946688000197e-03 3.520539991955000114e-01 8.206791931386999694e-01 -3.546930205702000238e-01 4.226802304967999802e-01
8.407204690196999897e-01 -3.357443936798999804e-03 3.520466532423000006e-01 8.206412796351000294e-01 -3.546869024730999742e-01 4.226308736059000148e-01
8.411596525493000298e-01 -3.071280184932999920e-03 3.520395254679000163e-01 8.206040129310999687e-01 -3.546800970694000132e-01 4.225831188231999880e-01
8.415988360788999589e-01 -2.760773850461000021e-03 3.520314764642999972e-01 8.205672085791000381e-01 -3.546736077195000170e-01 4.225378288973000163e-01
8.420380196086000302e-01 -2.426370156461000148e-03 3.520220268136000086e-01 8.205306290880000075e-01 -3.546678897737999825e-01 4.224946362882999740e-01
8.424772031381999593e-01 -2.085109640647000214e-03 3.520121145364999982e-01 8.204944255181999546e-01 -3.546624576515000071e-01 4.224519315156000099e-01
8.429163866677999994e-01 -1.753057880216999905e-03 3.520028766891000194e-01 8.204590451222000258e-01 -3.546566444800999807e-01 4.224084968860999934e-01
8.433555701974000396e-01 -1.427086840064999921e-03 3.519942153689000208e-01 8.204246480986000511e-01 -3.546503357613999818e-01 4.223651606680999815e-01
8.437947537270999998e-01 -1.088542479993999910e-03 3.519849725452999789e-01 8.203909461807999959e-01 -3.546439234964000042e-01 4.223242531431999902e-01
8.442339372567000400e-01 -7.247734628845999613e-04 3.519742325745999767e-01 8.203576415921000065e-01 -3.546377932322000159e-01 4.222870600243999739e-01
8.446731207862999691e-01 -3.438760521434999795e-04 3.519622108173999786e-01 8.203246703830999742e-01 -3.546319171878999921e-01 4.222522326682000005e-01
8.451123043160000403e-01 3.462544633187999879e-05 3.519500770714000248e-01 8.202920294547999536e-01 -3.546258551711999885e-01 4.222173160898999855e-01
8.455514878455999694e-01 4.036404162198999946e-04 3.519389286762000246e-01 8.202598390943000028e-01 -3.546192156206999790e-01 4.221816692504000157e-01
8.459906713752000096e-01 7.780484776140000414e-04 3.519285493920999985e-01 8.202285975405000373e-01 -3.546121782794000032e-01 4.221471127242999999e-01
8.464298549048999698e-01 1.174564655232999922e-03 3.519172150568999902e-01 8.201987275362999652e-01 -3.546053457953999843e-01 4.221155270252999747e-01
8.468690384345000099e-01 1.585670770671999920e-03 3.519034023188999938e-01 8.201696718105999651e-01 -3.545989187722999869e-01 4.220866140440999725e-01
8.473082219641000501e-01 1.986123314184999860e-03 3.518878755022999960e-01 8.201401993554999770e-01 -3.545923333375999853e-01 4.220586573558000043e-01
8.477474054938000103e-01 2.368848090662999898e-03 3.518732328170000034e-01 8.201100969157000264e-01 -3.545850481319000047e-01 4.220309494128000050e-01
8.481865890234000505e-01 2.759408286018000169e-03 3.518607874842999972e-01 8.200808069337000017e-01 -3.545773554141999906e-01 4.220044871447999890e-01
8.486257725529999796e-01 3.181840690367000127e-03 3.518486546917000135e-01 8.200535700272999495e-01 -3.545698649592000096e-01 4.219802865351999777e-01
8.490649560827000508e-01 3.621310982689000032e-03 3.518339455087000078e-01 8.200275336057000208e-01 -3.545624339912999967e-01 4.219579851129000025e-01
8.495041396122999799e-01 4.041166546247999640e-03 3.518164599320999786e-01 8.200008434404999491e-01 -3.545543706825999841e-01 4.219365881407000085e-01
8.499433231419000201e-01 4.434132467454000338e-03 3.517989175951999892e-01 8.199733190354999701e-01 -3.545456590950999964e-01 4.219159411466000265e-01
8.503825066715999803e-01 4.833134622608000093e-03 3.517833596598999857e-01 8.199466477197000502e-01 -3.545370893647000199e-01 4.218967709186999815e-01
8.508216902012000205e-01 5.264280174709999593e-03 3.517686026549000089e-01 8.199217319039999730e-01 -3.545289299193999932e-01 4.218795549677000212e-01
8.512608737307999496e-01 5.710088255708000229e-03 3.517520755283999878e-01 8.198973099534999642e-01 -3.545203771966999873e-01 4.218639982542000122e-01
8.517000572603999897e-01 6.134892783819999654e-03 3.517333040485000062e-01 8.198719912670999754e-01 -3.545108474327000048e-01 4.218495583813999805e-01
8.521392407900999499e-01 6.532781305722000324e-03 3.517142885260999829e-01 8.198464262012999937e-01 -3.545009713753000113e-01 4.218359672738000166e-01
8.525784243196999901e-01 6.930885956835999666e-03 3.516965642386999935e-01 8.198221761644000072e-01 -3.544914931029999883e-01 4.218232704768999919e-01
8.530176078493000302e-01 7.350837643395000294e-03 3.516791841979999833e-01 8.197991812146000479e-01 -3.544818708865999923e-01 4.218118405372000002e-01
8.534567913788999594e-01 7.785539809363999607e-03 3.516602345220999903e-01 8.197758782092999796e-01 -3.544710890996000119e-01 4.218022899503000023e-01
8.538959749086000306e-01 8.214483565943000651e-03 3.516395274533999915e-01 8.197516369842999806e-01 -3.544595010780999811e-01 4.217947675745999936e-01
8.543351584381999597e-01 8.626558662680000600e-03 3.516187607913000002e-01 8.197275475752999752e-01 -3.544485589054000019e-01 4.217883290400000207e-01
8.547743419677999999e-01 9.023919820048000029e-03 3.515991362131000164e-01 8.197044880135999634e-01 -3.544385866147999886e-01 4.217817724203000163e-01
8.552135254974999601e-01 9.415443928862000239e-03 3.515797929264999899e-01 8.196817855535000197e-01 -3.544280402832999943e-01 4.217753447918000109e-01
8.556527090271000002e-01 9.811980230846999163e-03 3.515590439403999956e-01 8.196585122870000406e-01 -3.544155278400000220e-01 4.217707730690999912e-01
8.560918925567000404e-01 1.021940756845999936e-02 3.515365843787000011e-01 8.196350143206000416e-01 -3.544016658913000106e-01 4.217690160557999723e-01
8.565310760864000006e-01 1.063060953284000049e-02 3.515137894466000001e-01 8.196121245066000371e-01 -3.543882095161000056e-01 4.217687509288999825e-01
8.569702596160000407e-01 1.102990254448999938e-02 3.514919348398999888e-01 8.195895658627999625e-01 -3.543759163037000226e-01 4.217680264381999944e-01
8.574094431455999699e-01 1.140955672340999982e-02 3.514707228658999760e-01 8.195663246618000164e-01 -3.543639831322000222e-01 4.217669069564000117e-01
8.578486266753000411e-01 1.177764025630999994e-02 3.514487875594999866e-01 8.195423258092999763e-01 -3.543512110538999949e-01 4.217672617225000087e-01
8.582878102048999702e-01 1.214734589723999968e-02 3.514253268449999967e-01 8.195185661913999553e-01 -3.543370430325000209e-01 4.217700307760000045e-01
8.587269937345000104e-01 1.252339057496000031e-02 3.514009245199000153e-01 8.194954887655000464e-01 -3.543217114835999770e-01 4.217740315590999822e-01
8.591661772641000505e-01 1.290026803689999987e-02 3.513768113726999931e-01 8.194722471090000182e-01 -3.543060460786000010e-01 4.217778885646000231e-01
8.596053607938000107e-01 1.326811675682000070e-02 3.513535189909999801e-01 8.194479662389000385e-01 -3.542910128166000261e-01 4.217819528669999873e-01
8.600445443234000509e-01 1.361901367366000030e-02 3.513303812035999951e-01 8.194229423039000038e-01 -3.542767874716999943e-01 4.217874388671999930e-01
8.604837278529999800e-01 1.395399983585000024e-02 3.513063717745000258e-01 8.193980368755999777e-01 -3.542622920838999767e-01 4.217944659919000139e-01
8.609229113827000512e-01 1.428517517030999939e-02 3.512812963249999920e-01 8.193734102961000021e-01 -3.542462592871000182e-01 4.218020526028999906e-01
8.613620949122999804e-01 1.462341794412000059e-02 3.512559202948999926e-01 8.193484684823000297e-01 -3.542288260431999958e-01 4.218097126443000056e-01
8.618012784419000205e-01 1.496298689041999919e-02 3.512309217446000220e-01 8.193227778218999946e-01 -3.542114581504999804e-01 4.218180122222999762e-01
8.622404619715999807e-01 1.528774135804999990e-02 3.512061087864999931e-01 8.192964444279999814e-01 -3.541950923398999862e-01 4.218275267373000070e-01
8.626796455012000209e-01 1.559408899491999956e-02 3.511809168118000257e-01 8.192696694382000100e-01 -3.541789593397000058e-01 4.218380814573000070e-01
8.631188290307999500e-01 1.589469357513999953e-02 3.511552892166999729e-01 8.192424287014999917e-01 -3.541616757605999810e-01 4.218492012564000193e-01
8.635580125605000212e-01 1.619476477505000026e-02 3.511295862843999971e-01 8.192146760453999921e-01 -3.541430484758000263e-01 4.218606943218999872e-01
8.639971960900999504e-01 1.648123473985000156e-02 3.511038905116000142e-01 8.191865312649000419e-01 -3.541241742467000075e-01 4.218726147992000186e-01
8.644363796196999905e-01 1.674724398698999861e-02 3.510780205824999833e-01 8.191581186508000156e-01 -3.541058991875000173e-01 4.218851459065999787e-01
8.648755631493999507e-01 1.701116042442999896e-02 3.510520881090999912e-01 8.191293542816000528e-01 -3.540878319504000005e-01 4.218986337360999817e-01
8.653147466789999909e-01 1.729103128366000011e-02 3.510263158529999816e-01 8.190999628698000246e-01 -3.540690831619999757e-01 4.219132396731000156e-01
8.657539302086000310e-01 1.757050655119999846e-02 3.510003533287999744e-01 8.190696784608000325e-01 -3.540495067966000220e-01 4.219284712006000082e-01
8.661931137382999912e-01 1.781575372582000147e-02 3.509736764201999981e-01 8.190384960323999763e-01 -3.540297543127999824e-01 4.219436181862999957e-01
8.666322972679000314e-01 1.802441373359000079e-02 3.509468100543000069e-01 8.190067592722000134e-01 -3.540102321488000081e-01 4.219587917079000161e-01
8.670714807974999605e-01 1.823112930292000028e-02 3.509210371964999742e-01 8.189748346152000424e-01 -3.539904929114999765e-01 4.219749047317000179e-01
8.675106643271000006e-01 1.845813556983999862e-02 3.508963394546000258e-01 8.189426187248000089e-01 -3.539698893363000254e-01 4.219923727250999845e-01
8.679498478567999609e-01 1.868535952645000026e-02 3.508707926585000192e-01 8.189096165446000386e-01 -3.539485766243000153e-01 4.220104839757999882e-01
8.683890313864000010e-01 1.888348026811999952e-02 3.508431177692000191e-01 8.188756677292999830e-01 -3.539274762351000136e-01 4.220284540770000148e-01
8.688282149160000412e-01 1.905588021595000167e-02 3.508149417540999959e-01 8.188412592861999961e-01 -3.539071711042000024e-01 4.220464865740000127e-01
8.692673984457000014e-01 1.922721703432999849e-02 3.507889498733999800e-01 8.188067730072999817e-01 -3.538871028857000223e-01 4.220652536530000165e-01
8.697065819753000415e-01 1.940335507361999959e-02 3.507651331814000129e-01 8.187717460350999454e-01 -3.538661080694999739e-01 4.220848700143999821e-01
8.701457655048999706e-01 1.956588711950000073e-02 3.507406431398999991e-01 8.187354506277999544e-01 -3.538437152246999839e-01 4.221050278328000172e-01
8.705849490345000108e-01 1.970244214004000100e-02 3.507136823954000171e-01 8.186980648395000282e-01 -3.538207206064000188e-01 4.221256856150999992e-01
8.710241325641999710e-01 1.982195754900999835e-02 3.506858668628999864e-01 8.186605779415999651e-01 -3.537983809736999774e-01 4.221468695526999770e-01
8.714633160938000112e-01 1.993811481293999988e-02 3.506598004923000000e-01 8.186234412839999974e-01 -3.537770980646999797e-01 4.221681630019000209e-01
8.719024996234000513e-01 2.005299043043999932e-02 3.506355999210000185e-01 8.185859967529000025e-01 -3.537560258242000155e-01 4.221892669583999780e-01
8.723416831531000115e-01 2.016013391404000016e-02 3.506112076997999760e-01 8.185475281562000216e-01 -3.537340318900999980e-01 4.222108269548999759e-01
8.727808666827000517e-01 2.025212385229999829e-02 3.505854711688000114e-01 8.185082287975999904e-01 -3.537109286258999785e-01 4.222337116014999725e-01
8.732200502122999808e-01 2.032305121017000116e-02 3.505593738907999968e-01 8.184686375604000030e-01 -3.536875527239999872e-01 4.222575238883999882e-01
8.736592337419000209e-01 2.037387012929000110e-02 3.505342026330000027e-01 8.184286817589000451e-01 -3.536646650617999987e-01 4.222809067518999981e-01
8.740984172715999811e-01 2.041587527120999890e-02 3.505098108708000204e-01 8.183880067883000375e-01 -3.536421446451000206e-01 4.223035058012000187e-01
8.745376008012000213e-01 2.045796980114999997e-02 3.504852571513000226e-01 8.183469198238000342e-01 -3.536194799124000032e-01 4.223265097200999962e-01
8.749767843307999504e-01 2.049104508196000068e-02 3.504603539812999879e-01 8.183061333961000328e-01 -3.535966413312999768e-01 4.223507837314000035e-01
8.754159678605000217e-01 2.049870133794999896e-02 3.504358060848000167e-01 8.182655808205000492e-01 -3.535739149859999930e-01 4.223755599517000081e-01
8.758551513900999508e-01 2.048391674418000019e-02 3.504120482499000211e-01 8.182243271061000467e-01 -3.535510871900000018e-01 4.223997689467999805e-01
8.762943349196999909e-01 2.046751074852000071e-02 3.503885959295000019e-01 8.181819290988999738e-01 -3.535275843890000047e-01 4.224237295762000022e-01
8.767335184493999511e-01 2.045493414373000113e-02 3.503647275414999984e-01 8.181391824413000169e-01 -3.535035731996000186e-01 4.224484036544999821e-01
8.771727019789999913e-01 2.042373009989999905e-02 3.503404826111000125e-01 8.180970399170000018e-01 -3.534801278008999903e-01 4.224736048982000169e-01
8.776118855086000314e-01 2.035600809860000152e-02 3.503166406479999995e-01 8.180553001485999509e-01 -3.534578105225000266e-01 4.224982810440999770e-01
8.780510690382999917e-01 2.026679959957999877e-02 3.502937277779999969e-01 8.180130036956999584e-01 -3.534356977693999813e-01 4.225223605044999831e-01
8.784902525679000318e-01 2.018268498360999835e-02 3.502713942032000261e-01 8.179698881233999908e-01 -3.534125111370999828e-01 4.225469279824999869e-01
8.789294360974999609e-01 2.010365029181999941e-02 3.502489880183999871e-01 8.179267704698000019e-01 -3.533883415290999808e-01 4.225723264819999936e-01
8.793686196272000322e-01 2.000615557526999946e-02 3.502264226755000265e-01 8.178844108027000237e-01 -3.533644881356999834e-01 4.225973505351000026e-01
8.798078031567999613e-01 1.987802049323000170e-02 3.502040446851000244e-01 8.178425403251999848e-01 -3.533417514855000108e-01 4.226209775529000123e-01
8.802469866864000014e-01 1.972990756890000141e-02 3.501818913902999819e-01 8.178003254297999680e-01 -3.533196349805000080e-01 4.226439493879000087e-01
8.806861702160999616e-01 1.957382613052999903e-02 3.501597452306999814e-01 8.177575097871999654e-01 -3.532972333393999964e-01 4.226677231841999838e-01
8.811253537457000018e-01 1.940993634203999965e-02 3.501378569592000223e-01 8.177147084199000160e-01 -3.532742210634000068e-01 4.226923795252000016e-01
8.815645372753000419e-01 1.923642902099000074e-02 3.501167822169000132e-01 8.176725742134000052e-01 -3.532508655573999845e-01 4.227165086968999730e-01
8.820037208050000022e-01 1.905372376863000150e-02 3.500963219039999741e-01 8.176309994664999747e-01 -3.532276819763000009e-01 4.227390112664999866e-01
8.824429043346000423e-01 1.885456119870999869e-02 3.500755378439999732e-01 8.175893974358999783e-01 -3.532052041875000103e-01 4.227602099623999909e-01
8.828820878641999714e-01 1.862826252155000070e-02 3.500542476319000174e-01 8.175476592259000030e-01 -3.531835107156999776e-01 4.227811198699999995e-01
8.833212713938000116e-01 1.838156693518000137e-02 3.500335359337000130e-01 8.175064170076999925e-01 -3.531618530039999926e-01 4.228022716116000002e-01
8.837604549234999718e-01 1.813654599258000127e-02 3.500140433550000263e-01 8.174661302555999987e-01 -3.531393815950999993e-01 4.228234579076999844e-01
8.841996384531000119e-01 1.789746391343999959e-02 3.499947018805000254e-01 8.174262637114999563e-01 -3.531163891676000199e-01 4.228441232487000212e-01
8.846388219827000521e-01 1.763878660762999845e-02 3.499743100375999894e-01 8.173859260642000191e-01 -3.530941028178000152e-01 4.228636606828999889e-01
8.850780055124000123e-01 1.734226861571000131e-02 3.499536214421999913e-01 8.173452629038999717e-01 -3.530729851143000197e-01 4.228816448477000223e-01
8.855171890420000524e-01 1.702854702052000041e-02 3.499343761115000229e-01 8.173055382170000271e-01 -3.530520846210999930e-01 4.228981911370000013e-01
8.859563725715999816e-01 1.672844002634999924e-02 3.499166050013000073e-01 8.172675455882000284e-01 -3.530305623480000099e-01 4.229140222230000079e-01
8.863955561012000217e-01 1.643452711687000065e-02 3.498985600483000002e-01 8.172305183929999828e-01 -3.530089827244999867e-01 4.229298314509999934e-01
8.868347396308999819e-01 1.611079980707999862e-02 3.498794061037999725e-01 8.171931346652000494e-01 -3.529882544419999935e-01 4.229454428900999985e-01
8.872739231605000221e-01 1.574849511661999962e-02 3.498602958397999951e-01 8.171551872526999771e-01 -3.529680064783000115e-01 4.229597853125000029e-01
8.877131066900999512e-01 1.538072634234999986e-02 3.498422731349000170e-01 8.171176133733000224e-01 -3.529471733792000077e-01 4.229719260995000174e-01
8.881522902198000224e-01 1.503204114846999964e-02 3.498247204059999893e-01 8.170811489185000331e-01 -3.529258668333999927e-01 4.229821129938999835e-01
8.885914737493999516e-01 1.468188970418999977e-02 3.498067973276999809e-01 8.170457333325999993e-01 -3.529054022249999978e-01 4.229915310626999880e-01
8.890306572789999917e-01 1.429822831290999963e-02 3.497890203133999787e-01 8.170111550283000179e-01 -3.528863396044999989e-01 4.230008780555000181e-01
8.894698408086000319e-01 1.388673516250999926e-02 3.497721587504000196e-01 8.169773836565999980e-01 -3.528676144887999966e-01 4.230094363606000107e-01
8.899090243382999921e-01 1.347957952920000001e-02 3.497556362654999917e-01 8.169440523544000410e-01 -3.528480742892000088e-01 4.230159166792999970e-01
8.903482078679000322e-01 1.308548003943999991e-02 3.497384920298000077e-01 8.169104859467000157e-01 -3.528280369506999747e-01 4.230200788321999972e-01
8.907873913974999613e-01 1.268060844190000043e-02 3.497212050938999783e-01 8.168767544781000423e-01 -3.528086749652000198e-01 4.230229525859000028e-01
8.912265749272000326e-01 1.224996990071999976e-02 3.497049883243000257e-01 8.168440108914000186e-01 -3.527903681426999838e-01 4.230253190211999970e-01
8.916657584567999617e-01 1.180957760226999942e-02 3.496896479907000144e-01 8.168131079660999605e-01 -3.527723850394000049e-01 4.230265894088000023e-01
8.921049419864000019e-01 1.137644580591000085e-02 3.496737709980999864e-01 8.167833650015999813e-01 -3.527540624434000183e-01 4.230256687257999970e-01
8.925441255160999621e-01 1.093993996143999975e-02 3.496570458994999742e-01 8.167534461245999911e-01 -3.527357079344999868e-01 4.230224955877999737e-01
8.929833090457000022e-01 1.048271614489000060e-02 3.496408423010999855e-01 8.167231217628999618e-01 -3.527181215076999887e-01 4.230180227943999838e-01
8.934224925753000424e-01 1.001491036220999997e-02 3.496260980893999837e-01 8.166933474605000409e-01 -3.527014510443999828e-01 4.230127986284999975e-01
8.938616761050000026e-01 9.561730712950000308e-03 3.496119503683000063e-01 8.166647805098999902e-01 -3.526848538044000114e-01 4.230062913204999941e-01
8.943008596346000427e-01 9.121162254621999199e-03 3.495971002632999869e-01 8.166371024487999453e-01 -3.526675248021999831e-01 4.229977556157000218e-01
8.947400431641999718e-01 8.661182257057999795e-03 3.495815412952000267e-01 8.166098417414999755e-01 -3.526499225640999935e-01 4.229871392683999809e-01
8.951792266939000431e-01 8.166966128398999228e-03 3.495662422220000010e-01 8.165829860497999526e-01 -3.526334133167999818e-01 4.229748178521999802e-01
8.956184102234999722e-01 7.667768725079999667e-03 3.495518398906000135e-01 8.165565305433000187e-01 -3.526184392737999884e-01 4.229609344797000126e-01
8.960575937531000124e-01 7.198947893861999854e-03 3.495382527127999794e-01 8.165302168978000319e-01 -3.526036867435999866e-01 4.229454467059999834e-01
8.964967772827999726e-01 6.752092679857000027e-03 3.495249938462999806e-01 8.165041360688000127e-01 -3.525877742817000171e-01 4.229284949914999814e-01
8.969359608124000127e-01 6.286955191571999904e-03 3.495113684787000130e-01 8.164789167781999479e-01 -3.525712773504999786e-01 4.229102231042000115e-01
8.973751443420000529e-01 5.788470624707000092e-03 3.494969623220000043e-01 8.164547978609000278e-01 -3.525560149884999772e-01 4.228903844438999804e-01
8.978143278717000131e-01 5.285968086194000118e-03 3.494823991193999890e-01 8.164310653233000092e-01 -3.525424704651000107e-01 4.228685935670999929e-01
8.982535114013000532e-01 4.809340607573000213e-03 3.494689484346999997e-01 8.164069744773999604e-01 -3.525291658322000088e-01 4.228449276258999801e-01
8.986926949308999824e-01 4.349679379911999821e-03 3.494568643795999963e-01 8.163827471107999445e-01 -3.525148814624000093e-01 4.228198393904000207e-01
8.991318784605000225e-01 3.879586815683999917e-03 3.494448544018999847e-01 8.163590356755999755e-01 -3.525002680632999819e-01 4.227934234237000211e-01
8.995710619901999827e-01 3.395349549701999828e-03 3.494318586819000205e-01 8.163358656436999761e-01 -3.524865550856999818e-01 4.227652151044999917e-01
9.000102455198000229e-01 2.915861364334000096e-03 3.494185515941000131e-01 8.163128728952999680e-01 -3.524736824245999767e-01 4.227349476000999973e-01
9.004494290493999520e-01 2.448058064433000086e-03 3.494061250164000043e-01 8.162901961320000455e-01 -3.524607409680999837e-01 4.227031620173999915e-01
9.008886125791000232e-01 1.979676119866000030e-03 3.493943135168000036e-01 8.162681662930000304e-01 -3.524476212384999863e-01 4.226706512059000276e-01
9.013277961086999523e-01 1.507572519328999935e-03 3.493819737359999955e-01 8.162462908126999483e-01 -3.524350838522999907e-01 4.226373686304999988e-01
9.017669796382999925e-01 1.047612105408000103e-03 3.493692627959000263e-01 8.162236437220999896e-01 -3.524234131496999933e-01 4.226022988779999934e-01
9.022061631679000326e-01 6.063259815685999527e-04 3.493576384809999880e-01 8.162003697537999480e-01 -3.524119803015000052e-01 4.225646211290000065e-01
9.026453466975999929e-01 1.644438235937000046e-04 3.493474441269999731e-01 8.161776858375999755e-01 -3.524001780107000048e-01 4.225247936923000047e-01
9.030845302272000330e-01 -2.946805317446999934e-04 3.493369878179999888e-01 8.161560163422999503e-01 -3.523880969277000119e-01 4.224841533461999865e-01
9.035237137567999621e-01 -7.560727108917999562e-04 3.493248502767000163e-01 8.161342218185999586e-01 -3.523762404508999913e-01 4.224434057222000161e-01
9.039628972865000334e-01 -1.192831949285999950e-03 3.493120570425999882e-01 8.161113401581999716e-01 -3.523650706518000053e-01 4.224018297441999858e-01
9.044020808160999625e-01 -1.604835646667999950e-03 3.493008119584999904e-01 8.160880685443999694e-01 -3.523547531085000073e-01 4.223582206675000061e-01
9.048412643457000026e-01 -2.015854752103000188e-03 3.492915337354999816e-01 8.160655102064999777e-01 -3.523448984618000046e-01 4.223124014287000239e-01
9.052804478753000428e-01 -2.436933348868000095e-03 3.492822982339999771e-01 8.160432605008000051e-01 -3.523347483350000031e-01 4.222653706157000197e-01
9.057196314050000030e-01 -2.855594198639000141e-03 3.492713357119999751e-01 8.160200571758999821e-01 -3.523240803814000066e-01 4.222179547130999744e-01
9.061588149346000431e-01 -3.261499773875999909e-03 3.492592409156999866e-01 8.159958823184999543e-01 -3.523136174631000261e-01 4.221698153737999948e-01
9.065979984641999723e-01 -3.659070033851000072e-03 3.492481989233000017e-01 8.159719111632000033e-01 -3.523039929101999812e-01 4.221200855221999837e-01
9.070371819939000435e-01 -4.048938016734999860e-03 3.492393148440000039e-01 8.159483933457000182e-01 -3.522947506565000109e-01 4.220686310214000203e-01
9.074763655234999726e-01 -4.420399488057999600e-03 3.492312592592999865e-01 8.159241558352999801e-01 -3.522851453079000050e-01 4.220162061107999851e-01
9.079155490531000128e-01 -4.774399009908000119e-03 3.492218270147999792e-01 8.158986596896999899e-01 -3.522754910388000149e-01 4.219634472789000057e-01
9.083547325827999730e-01 -5.132885096151999782e-03 3.492106253528999837e-01 8.158730540398000386e-01 -3.522666576337999955e-01 4.219101428920999930e-01
9.087939161124000131e-01 -5.507098112925000281e-03 3.491996200702000008e-01 8.158482463237000104e-01 -3.522584791135999760e-01 4.218555898249000125e-01
9.092330996420000533e-01 -5.873064292314000151e-03 3.491906719615999743e-01 8.158231524575999538e-01 -3.522498929717999827e-01 4.217994117171000035e-01
9.096722831717000135e-01 -6.201427064751999577e-03 3.491830979116000155e-01 8.157962102911000546e-01 -3.522406754842999921e-01 4.217419402334000034e-01
9.101114667013000536e-01 -6.501074814807999633e-03 3.491745961521000030e-01 8.157678362296999497e-01 -3.522317836166999894e-01 4.216839379292000034e-01
9.105506502308999828e-01 -6.807440176063999857e-03 3.491644501537999878e-01 8.157398058110000294e-01 -3.522237423656000010e-01 4.216259119313999770e-01
9.109898337606000540e-01 -7.131326200416000100e-03 3.491545430863000066e-01 8.157125173831000220e-01 -3.522159245122000182e-01 4.215675149327000049e-01
9.114290172901999831e-01 -7.446310694540000420e-03 3.491466116476000248e-01 8.156845304084000547e-01 -3.522078367763000206e-01 4.215077509626999896e-01
9.118682008198000233e-01 -7.730661012151999675e-03 3.491396487137000126e-01 8.156549749509000025e-01 -3.521999150899000064e-01 4.214461237100000091e-01
9.123073843494999835e-01 -7.995996007233999864e-03 3.491313156356000147e-01 8.156247723563999630e-01 -3.521924507720999853e-01 4.213834976645000063e-01
9.127465678791000236e-01 -8.262904982538999549e-03 3.491213679981999829e-01 8.155947821411999588e-01 -3.521848518024999763e-01 4.213212913346999766e-01
9.131857514086999528e-01 -8.529138607215000847e-03 3.491120531504999791e-01 8.155641916025999638e-01 -3.521767237162999886e-01 4.212596930399000184e-01
9.136249349382999929e-01 -8.778845243389000325e-03 3.491048720448000076e-01 8.155319447212999728e-01 -3.521687135300000104e-01 4.211972626693999966e-01
9.140641184679999531e-01 -9.009406828431000200e-03 3.490984519188999879e-01 8.154987554400999761e-01 -3.521614901419000132e-01 4.211326977484000089e-01
9.145033019975999933e-01 -9.231024379100000524e-03 3.490905910022000236e-01 8.154661650405999884e-01 -3.521547456567999945e-01 4.210665195582999898e-01
9.149424855272000334e-01 -9.447587531242000389e-03 3.490814128774999969e-01 8.154340243901999630e-01 -3.521479189087000083e-01 4.210003978610999953e-01
9.153816690568999936e-01 -9.654480055263000779e-03 3.490730719640999791e-01 8.154005212289000548e-01 -3.521409725510999955e-01 4.209350573116000249e-01
9.158208525865000338e-01 -9.850782765262999438e-03 3.490665718293999853e-01 8.153648733105000046e-01 -3.521337609815000103e-01 4.208695815974000110e-01
9.162600361160999629e-01 -1.003872602990000043e-02 3.490603492900999916e-01 8.153285458622999693e-01 -3.521258183479000214e-01 4.208028312718000152e-01
9.166992196458000342e-01 -1.021383473193999969e-02 3.490525694641000154e-01 8.152931207799000157e-01 -3.521176954099999867e-01 4.207348397987999977e-01
9.171384031753999633e-01 -1.036961005693999918e-02 3.490437540242999903e-01 8.152580434669000065e-01 -3.521110943990999886e-01 4.206664526973999951e-01
9.175775867050000034e-01 -1.051049681660999949e-02 3.490360323619999816e-01 8.152215095821000457e-01 -3.521062838110000093e-01 4.205980875427999810e-01
9.180167702346000436e-01 -1.064687880026999982e-02 3.490301641863000071e-01 8.151830263691000056e-01 -3.521007914306999997e-01 4.205293967738000238e-01
9.184559537643000038e-01 -1.077812388239000017e-02 3.490245296139999898e-01 8.151439896088999992e-01 -3.520925969361999863e-01 4.204599885327999775e-01
9.188951372939000439e-01 -1.089435041500999915e-02 3.490173985146000080e-01 8.151057383798999689e-01 -3.520834356208999982e-01 4.203899875623999804e-01
9.193343208234999731e-01 -1.099493058646999928e-02 3.490092363905000217e-01 8.150679188000999886e-01 -3.520765058461999830e-01 4.203198063979000088e-01
9.197735043532000443e-01 -1.108973082996999975e-02 3.490019267816000248e-01 8.150291183530999906e-01 -3.520717031301000000e-01 4.202496438177000249e-01
9.202126878827999734e-01 -1.117905629027999941e-02 3.489961697899999771e-01 8.149886392916999567e-01 -3.520660090009999910e-01 4.201793013667999843e-01
9.206518714124000136e-01 -1.124851746562999938e-02 3.489906781161999927e-01 8.149472280017000525e-01 -3.520583663776999939e-01 4.201083466769999775e-01
9.210910549420000537e-01 -1.129116592556000075e-02 3.489840458571999982e-01 8.149061619490000075e-01 -3.520509266542999893e-01 4.200364752708999894e-01
9.215302384717000139e-01 -1.132085446717000059e-02 3.489765265061999799e-01 8.148658726608000169e-01 -3.520449028418999871e-01 4.199639280329999780e-01
9.219694220013000541e-01 -1.135354653264999958e-02 3.489694748689999848e-01 8.148255540436000199e-01 -3.520385208999000093e-01 4.198915331518999761e-01
9.224086055308999832e-01 -1.138593570520000063e-02 3.489635895543000133e-01 8.147841096928000182e-01 -3.520305597314999924e-01 4.198199778603999843e-01
9.228477890606000544e-01 -1.140290799693999962e-02 3.489583106422000092e-01 8.147413864953999552e-01 -3.520228846133000022e-01 4.197488671578000208e-01
9.232869725901999836e-01 -1.139736394487999953e-02 3.489526829044000134e-01 8.146982993181000055e-01 -3.520172152366000118e-01 4.196768755354999825e-01
9.237261561198000237e-01 -1.137249520932999934e-02 3.489462782914000138e-01 8.146557558393000553e-01 -3.520118483704000045e-01 4.196032655081999851e-01
9.241653396494999839e-01 -1.133296739904000004e-02 3.489394053721999733e-01 8.146137677643999764e-01 -3.520043411630000008e-01 4.195290565179999875e-01
9.246045231791000241e-01 -1.128476336416999945e-02 3.489328451215000237e-01 8.145717492656000536e-01 -3.519956126729000268e-01 4.194560589185000188e-01
9.250437067086999532e-01 -1.123513140685999945e-02 3.489272284857999895e-01 8.145293052861000138e-01 -3.519883475819000074e-01 4.193846385864000159e-01
9.254828902384000244e-01 -1.118009471351999982e-02 3.489222540133000150e-01 8.144863911762999509e-01 -3.519825637660000117e-01 4.193131217803999777e-01
9.259220737679999536e-01 -1.110089429172000063e-02 3.489167535952000243e-01 8.144430464895000554e-01 -3.519759599696000163e-01 4.192399067586000116e-01
9.263612572975999937e-01 -1.098873208083000000e-02 3.489100878117000204e-01 8.143995140455000392e-01 -3.519680010128999892e-01 4.191656220687000056e-01
9.268004408272999539e-01 -1.086499778291000022e-02 3.489032262644000126e-01 8.143564355111000408e-01 -3.519603801282000233e-01 4.190923407120000221e-01
9.272396243568999941e-01 -1.075601915275000049e-02 3.488976343983000161e-01 8.143142864657999525e-01 -3.519535122067000144e-01 4.190208429448999961e-01
9.276788078865000342e-01 -1.065174284043999935e-02 3.488931603391000058e-01 8.142726108458999690e-01 -3.519458360434999933e-01 4.189497143143999791e-01
9.281179914161999944e-01 -1.051469484579999926e-02 3.488880496110999818e-01 8.142304459249000148e-01 -3.519370916503000157e-01 4.188774794865000040e-01
9.285571749458000346e-01 -1.033306602054000038e-02 3.488813418662999877e-01 8.141876252338999809e-01 -3.519291550588999895e-01 4.188046558192000113e-01
9.289963584753999637e-01 -1.013839290213000045e-02 3.488742065777999946e-01 8.141450202272999537e-01 -3.519225950964000038e-01 4.187328909949000200e-01
9.294355420050000038e-01 -9.959409408076000739e-03 3.488682377992000094e-01 8.141032756227000178e-01 -3.519153054968000016e-01 4.186626721350000246e-01
9.298747255346999641e-01 -9.783227235235000124e-03 3.488633219960000087e-01 8.140620220094999526e-01 -3.519060231666999994e-01 4.185929207929999785e-01
9.303139090643000042e-01 -9.581342429227000801e-03 3.488581612907000196e-01 8.140207733123999700e-01 -3.518965588008000078e-01 4.185227076981999916e-01
9.307530925939000443e-01 -9.353669491735000160e-03 3.488522467663999760e-01 8.139798842607000040e-01 -3.518886643617000209e-01 4.184524002246000074e-01
9.311922761236000046e-01 -9.120472460580000482e-03 3.488461084582999971e-01 8.139398815350999961e-01 -3.518810561935000192e-01 4.183829457082000047e-01
9.316314596532000447e-01 -8.883031272677999537e-03 3.488399550819000217e-01 8.139003801823999629e-01 -3.518718432483999847e-01 4.183147882400000128e-01
9.320706431827999738e-01 -8.622715906683999995e-03 3.488334292181000107e-01 8.138606210425000098e-01 -3.518619129314999872e-01 4.182477679021999739e-01
9.325098267125000451e-01 -8.337153001744000702e-03 3.488267755003999770e-01 8.138208433982000445e-01 -3.518531912148000207e-01 4.181814693731000232e-01
9.329490102420999742e-01 -8.048493354101000571e-03 3.488208925906000069e-01 8.137820937319000247e-01 -3.518449973207999903e-01 4.181154026523000167e-01
9.333881937717000143e-01 -7.769343158901999800e-03 3.488157490975999919e-01 8.137446299342999678e-01 -3.518351369487999758e-01 4.180494350614999965e-01
9.338273773013000545e-01 -7.484081004102000056e-03 3.488099305603000189e-01 8.137075388740000470e-01 -3.518238373798999730e-01 4.179843081444999942e-01
9.342665608310000147e-01 -7.174078957810000115e-03 3.488025484778000118e-01 8.136702435092000307e-01 -3.518135171478999901e-01 4.179210505614999738e-01
9.347057443606000549e-01 -6.841973450567999902e-03 3.487946880709000275e-01 8.136334236204999515e-01 -3.518047276110000121e-01 4.178595345669000038e-01
9.351449278901999840e-01 -6.499270724703999635e-03 3.487879864505999961e-01 8.135978620584000121e-01 -3.517952254969000103e-01 4.177984363557000203e-01
9.355841114199000552e-01 -6.147670476851999771e-03 3.487823895691000153e-01 8.135631934128999543e-01 -3.517835888186999771e-01 4.177372310135999967e-01
9.360232949494999843e-01 -5.787265996745999744e-03 3.487763637931999838e-01 8.135286145225000265e-01 -3.517712274781000237e-01 4.176773249178000191e-01
9.364624784791000245e-01 -5.427603790953999807e-03 3.487689805518999764e-01 8.134942602796999545e-01 -3.517599150176000111e-01 4.176201455529000017e-01
9.369016620086999536e-01 -5.072155118683000126e-03 3.487607547184000123e-01 8.134609019531999774e-01 -3.517494049816000112e-01 4.175648072552999857e-01
9.373408455384000249e-01 -4.703147443606000427e-03 3.487525663423999833e-01 8.134285688390000546e-01 -3.517385056483000039e-01 4.175091987924999803e-01
9.377800290679999540e-01 -4.302512422025999740e-03 3.487447704443000229e-01 8.133965126382000088e-01 -3.517267751397000208e-01 4.174532338826000277e-01
9.382192125975999941e-01 -3.881587334956000147e-03 3.487374072787000068e-01 8.133645829954000428e-01 -3.517141633397000144e-01 4.173993243478000270e-01
9.386583961272999543e-01 -3.469061002915000119e-03 3.487302989787000040e-01 8.133336393808999754e-01 -3.517005686895000038e-01 4.173490495898999897e-01
9.390975796568999945e-01 -3.071716214199000060e-03 3.487227074743000088e-01 8.133042158301999613e-01 -3.516867402318999969e-01 4.173009270156999850e-01
9.395367631865000346e-01 -2.667951444776999956e-03 3.487138113573000076e-01 8.132755922122000269e-01 -3.516740580286000228e-01 4.172525790898000131e-01
9.399759467161999948e-01 -2.241506039218999890e-03 3.487039165447999856e-01 8.132467427453999864e-01 -3.516623428428999887e-01 4.172039853066000226e-01
9.404151302458000350e-01 -1.800715591981000068e-03 3.486943942529999729e-01 8.132177154465000113e-01 -3.516494524268999888e-01 4.171572415397999944e-01
9.408543137753999641e-01 -1.358842251591999917e-03 3.486859171716999994e-01 8.131894782933000165e-01 -3.516343015214000167e-01 4.171136112944999752e-01
9.412934973051000354e-01 -9.155194201008000137e-04 3.486774761058999972e-01 8.131626365209000395e-01 -3.516186839273999776e-01 4.170722226415000122e-01
9.417326808346999645e-01 -4.679715539760000240e-04 3.486677779223000262e-01 8.131368409250999685e-01 -3.516045152898000237e-01 4.170317082687999832e-01
9.421718643643000046e-01 -2.274968659249000064e-05 3.486569975291999857e-01 8.131114137680000020e-01 -3.515908016473999753e-01 4.169919275715999740e-01
9.426110478939999648e-01 4.183149359241999910e-04 3.486463306227000070e-01 8.130861094399000066e-01 -3.515754216543000021e-01 4.169536489348000252e-01
9.430502314236000050e-01 8.697966836204000258e-04 3.486362032645999864e-01 8.130611426435000455e-01 -3.515587392739000228e-01 4.169173708121000077e-01
9.434894149532000451e-01 1.342614147745999900e-03 3.486258376881999910e-01 8.130367483678999641e-01 -3.515429221108999913e-01 4.168830233526000240e-01
9.439285984827999743e-01 1.821436033531000087e-03 3.486145247849999906e-01 8.130129160175000314e-01 -3.515281764929000241e-01 4.168503629693999790e-01
9.443677820125000455e-01 2.281252100066999931e-03 3.486025186082000182e-01 8.129895056946000453e-01 -3.515123172810000196e-01 4.168191796865999832e-01
9.448069655420999746e-01 2.722565073567999924e-03 3.485904902999000243e-01 8.129664946518999624e-01 -3.514943489301000090e-01 4.167893801491999728e-01
9.452461490717000148e-01 3.171385932711000104e-03 3.485786506010999930e-01 8.129439972029000039e-01 -3.514760743722000202e-01 4.167611742583999801e-01
9.456853326013999750e-01 3.643547929502000127e-03 3.485666372767000087e-01 8.129220088566999625e-01 -3.514592601422000251e-01 4.167348991315000251e-01
9.461245161310000151e-01 4.125836122846999847e-03 3.485539482050000193e-01 8.129002796740999459e-01 -3.514430760842999768e-01 4.167104054408999891e-01
9.465636996606000553e-01 4.596455715623000253e-03 3.485403857784000192e-01 8.128786191346000223e-01 -3.514255480019000122e-01 4.166870064066000023e-01
9.470028831903000155e-01 5.049820799198000316e-03 3.485263109130000148e-01 8.128572016720999605e-01 -3.514062935285000022e-01 4.166644478352000136e-01
9.474420667198999446e-01 5.495158006212999720e-03 3.485123984060000124e-01 8.128362722260999984e-01 -3.513866523490000171e-01 4.166435791038999858e-01
9.478812502494999848e-01 5.942608519582000086e-03 3.484988423738000218e-01 8.128156270305999520e-01 -3.513678622884999769e-01 4.166254208335999909e-01
9.483204337791999450e-01 6.397652447583999577e-03 3.484849465563000237e-01 8.127948189768999798e-01 -3.513499576065999830e-01 4.166096402453999814e-01
9.487596173087999851e-01 6.859294467591999997e-03 3.484699119563000047e-01 8.127739129315999511e-01 -3.513319039669999810e-01 4.165946434218000261e-01
9.491988008384000253e-01 7.316724878501000388e-03 3.484538785376999903e-01 8.127534824472000263e-01 -3.513123344265000059e-01 4.165794520914000154e-01
9.496379843680999855e-01 7.756666866113999699e-03 3.484376703679000209e-01 8.127336133125999673e-01 -3.512908607967999974e-01 4.165649777116999797e-01
9.500771678977000256e-01 8.180811989646999405e-03 3.484216492867999726e-01 8.127134993818999620e-01 -3.512689845843000036e-01 4.165529441411999767e-01
9.505163514272999548e-01 8.606626549320000111e-03 3.484054765813999754e-01 8.126925347936999611e-01 -3.512487309317999795e-01 4.165437858625000156e-01
9.509555349568999949e-01 9.043126882537000366e-03 3.483889355256000187e-01 8.126713251349999556e-01 -3.512299764556000015e-01 4.165361868854999816e-01
9.513947184865999551e-01 9.476311387572999151e-03 3.483721656186000160e-01 8.126508819854000309e-01 -3.512103519288000131e-01 4.165287555716000178e-01
9.518339020161999953e-01 9.889608494286000404e-03 3.483549750696000036e-01 8.126310721387000058e-01 -3.511884466985000230e-01 4.165216055150999797e-01
9.522730855458000354e-01 1.028875171767999926e-02 3.483368407865999883e-01 8.126107118044999522e-01 -3.511657151136000077e-01 4.165159001802999916e-01
9.527122690753999645e-01 1.069091835041999922e-02 3.483179237087999924e-01 8.125892000546000027e-01 -3.511441111813000115e-01 4.165121768498000199e-01
9.531514526051000358e-01 1.109610011241999976e-02 3.482991535928999793e-01 8.125672075598999733e-01 -3.511231926558999739e-01 4.165097426762000010e-01
9.535906361346999649e-01 1.148842807902999974e-02 3.482807754871000139e-01 8.125455066136999527e-01 -3.511012169152999962e-01 4.165077840122000108e-01
9.540298196643000050e-01 1.186425993922999959e-02 3.482617740544999840e-01 8.125239082615000052e-01 -3.510781480885000194e-01 4.165064892034999744e-01
9.544690031939999653e-01 1.223777056501000084e-02 3.482415480953999776e-01 8.125018189793999923e-01 -3.510555663955000072e-01 4.165066601890999864e-01
9.549081867236000054e-01 1.261352690689000050e-02 3.482211990742999919e-01 8.124791937719999524e-01 -3.510339197389999999e-01 4.165085030458999804e-01
9.553473702532000456e-01 1.297418580549000028e-02 3.482019110433000053e-01 8.124562947190000495e-01 -3.510118585079999853e-01 4.165113053466000248e-01
9.557865537829000058e-01 1.330829358029000063e-02 3.481827410021999802e-01 8.124329516506999527e-01 -3.509885231609000122e-01 4.165143052647999888e-01
9.562257373125000459e-01 1.363423621316999998e-02 3.481616567079999780e-01 8.124087957001999705e-01 -3.509647724762000043e-01 4.165175038510999794e-01
9.566649208420999750e-01 1.397765100545999943e-02 3.481386263039999984e-01 8.123840133677000530e-01 -3.509415970943000063e-01 4.165215273617999814e-01
9.571041043718000463e-01 1.433258906109000086e-02 3.481159410806999865e-01 8.123591475285000252e-01 -3.509187110445000091e-01 4.165269402496000195e-01
9.575432879013999754e-01 1.466473224367999956e-02 3.480950398857000083e-01 8.123341680194999803e-01 -3.508954014728000170e-01 4.165337594890999862e-01
9.579824714310000155e-01 1.495378717475000056e-02 3.480746008844000094e-01 8.123083945918000426e-01 -3.508716718857999850e-01 4.165414234807999772e-01
9.584216549605999447e-01 1.521738746570000002e-02 3.480526877760999893e-01 8.122814805518999703e-01 -3.508478596865000076e-01 4.165492043099000008e-01
9.588608384903000159e-01 1.548886243822999997e-02 3.480294677531000080e-01 8.122539202216999543e-01 -3.508240228908999780e-01 4.165568948055000109e-01
9.593000220198999450e-01 1.578214879376000149e-02 3.480064594325000260e-01 8.122263125616999702e-01 -3.508002937135999977e-01 4.165651080250000193e-01
9.597392055494999852e-01 1.608271151026999940e-02 3.479839372710999967e-01 8.121985099973999533e-01 -3.507769585155000036e-01 4.165745927114999914e-01
9.601783890791999454e-01 1.636399683843000122e-02 3.479607180875999850e-01 8.121698146425000431e-01 -3.507536207706999920e-01 4.165852257291999816e-01
9.606175726087999855e-01 1.660865749303000113e-02 3.479363712424000110e-01 8.121398235111000341e-01 -3.507292504414000200e-01 4.165961105648000040e-01
9.610567561384000257e-01 1.682196762642999832e-02 3.479121155184000114e-01 8.121088436333999683e-01 -3.507038004301999967e-01 4.166068157658999738e-01
9.614959396680999859e-01 1.702933948723000038e-02 3.478890441190000127e-01 8.120775516579999964e-01 -3.506788398931999784e-01 4.166179794045999918e-01
9.619351231977000261e-01 1.725339949665000150e-02 3.478664910038999913e-01 8.120463314607000438e-01 -3.506556184474999838e-01 4.166302884099999937e-01
9.623743067272999552e-01 1.748881841607000109e-02 3.478428859155999753e-01 8.120148506647000275e-01 -3.506332275172999724e-01 4.166433392409000236e-01
9.628134902570000264e-01 1.770753256601000081e-02 3.478177427911000041e-01 8.119823027414999617e-01 -3.506097394123999789e-01 4.166561759581999813e-01
9.632526737865999555e-01 1.789384021738999950e-02 3.477921698675999762e-01 8.119482453455999504e-01 -3.505846627713000152e-01 4.166687313397999803e-01
9.636918573161999957e-01 1.806357536862999991e-02 3.477675287115000180e-01 8.119131639946000067e-01 -3.505592266741999752e-01 4.166819684924999989e-01
9.641310408458999559e-01 1.823833260392000027e-02 3.477439675242999795e-01 8.118779563419999956e-01 -3.505346058364999795e-01 4.166965181348000202e-01
9.645702243754999961e-01 1.841160407145000025e-02 3.477203410945999829e-01 8.118428876744999689e-01 -3.505109103562000228e-01 4.167118487259999782e-01
9.650094079051000362e-01 1.855943995406000163e-02 3.476955148690000219e-01 8.118073735567999938e-01 -3.504876905259999842e-01 4.167270439433000129e-01
9.654485914347999964e-01 1.868153892113999862e-02 3.476697045739999825e-01 8.117707870824999450e-01 -3.504644016781000015e-01 4.167418660905999883e-01
9.658877749644000366e-01 1.880804217247000060e-02 3.476442887287999883e-01 8.117330840366999700e-01 -3.504404603978999999e-01 4.167567216681999920e-01
9.663269584939999657e-01 1.895593520779000063e-02 3.476200955420000183e-01 8.116945853831000202e-01 -3.504157902417999737e-01 4.167720371309999727e-01
9.667661420236000058e-01 1.909839376541999992e-02 3.475962533895999851e-01 8.116556243645000057e-01 -3.503912726071000128e-01 4.167880839325999731e-01
9.672053255532999660e-01 1.919739165206000089e-02 3.475713288192999739e-01 8.116165538474999774e-01 -3.503677881776999792e-01 4.168050347076999729e-01
9.676445090829000062e-01 1.925722759575999865e-02 3.475453863051999881e-01 8.115775504430999820e-01 -3.503449220240000272e-01 4.168226581089999883e-01
9.680836926125000463e-01 1.932144254790999979e-02 3.475200153310999962e-01 8.115381137516000098e-01 -3.503215712503999768e-01 4.168401825263000071e-01
9.685228761420999755e-01 1.941437918757000017e-02 3.474961076190000164e-01 8.114973346017000377e-01 -3.502976948257000012e-01 4.168570423288999738e-01
9.689620596718000467e-01 1.950863294503999909e-02 3.474725338519999984e-01 8.114551438503000425e-01 -3.502742707516000031e-01 4.168737160616000081e-01
9.694012432013999758e-01 1.956371722532000007e-02 3.474476954922999794e-01 8.114127650813000026e-01 -3.502514882139999841e-01 4.168912847253000153e-01
9.698404267310000160e-01 1.958094198269999878e-02 3.474217588863000028e-01 8.113712542548999762e-01 -3.502283976205000093e-01 4.169100757652999811e-01
9.702796102606999762e-01 1.959885792095000107e-02 3.473964218489000166e-01 8.113300144638000422e-01 -3.502047703157000202e-01 4.169292442463999881e-01
9.707187937903000163e-01 1.963913487005999881e-02 3.473726584990000088e-01 8.112876214927999818e-01 -3.501818500816000213e-01 4.169479095868000029e-01
9.711579773198999455e-01 1.967941215288999957e-02 3.473496025094000017e-01 8.112438756015000196e-01 -3.501603596103000093e-01 4.169662630190000274e-01
9.715971608496000167e-01 1.968641080271000057e-02 3.473258369794999800e-01 8.111999922152000053e-01 -3.501389833133000118e-01 4.169851606132000121e-01
9.720363443791999458e-01 1.965883941615000075e-02 3.473010794254999811e-01 8.111567041853999793e-01 -3.501161205916999974e-01 4.170048842285999924e-01
9.724755279087999860e-01 1.962403069338999884e-02 3.472762026660999868e-01 8.111133019573000258e-01 -3.500923828270000038e-01 4.170248076756000177e-01
9.729147114384999462e-01 1.960130490660999883e-02 3.472520544720000268e-01 8.110690232339999861e-01 -3.500699205805999914e-01 4.170443257136999815e-01
9.733538949680999863e-01 1.958352809819000062e-02 3.472287438159000206e-01 8.110244069669999556e-01 -3.500495233975000064e-01 4.170636994810000275e-01
9.737930784977000265e-01 1.955194011949000152e-02 3.472058881664000229e-01 8.109804288062999467e-01 -3.500296717433999949e-01 4.170836819447999999e-01
9.742322620272999556e-01 1.949563963483999865e-02 3.471830843445000148e-01 8.109369090265999835e-01 -3.500085884909999723e-01 4.171044353080000100e-01
9.746714455570000268e-01 1.941570501891999936e-02 3.471600842747999960e-01 8.108927523412999827e-01 -3.499862626663000076e-01 4.171251870457999833e-01
9.751106290865999560e-01 1.932218930642000052e-02 3.471368466470000080e-01 8.108475700817999732e-01 -3.499641740339000107e-01 4.171451715050999987e-01
9.755498126161999961e-01 1.923011404563999827e-02 3.471136255601999787e-01 8.108022284540999935e-01 -3.499436465365000082e-01 4.171647229000000068e-01
9.759889961458999563e-01 1.914742423512999850e-02 3.470908813240000113e-01 8.107577424109000397e-01 -3.499246653829999887e-01 4.171849951562999759e-01
9.764281796754999965e-01 1.906198232822000141e-02 3.470688832646000033e-01 8.107142245830000205e-01 -3.499059147676999992e-01 4.172064333739000097e-01
9.768673632051000366e-01 1.895057452331999973e-02 3.470473668776000165e-01 8.106709939107999974e-01 -3.498860103863999926e-01 4.172279413676999726e-01
9.773065467347999968e-01 1.880699844911999999e-02 3.470257476283000186e-01 8.106272693168999899e-01 -3.498650640982999827e-01 4.172480868630999984e-01
9.777457302644000370e-01 1.865109105829999836e-02 3.470037956625000031e-01 8.105827751738999831e-01 -3.498447600514000277e-01 4.172669904233000104e-01
9.781849137939999661e-01 1.850200561629999907e-02 3.469819780551999799e-01 8.105381189258999974e-01 -3.498263494223999848e-01 4.172863159617000162e-01
9.786240973237000373e-01 1.835411528731999836e-02 3.469609261375000142e-01 8.104944935743999546e-01 -3.498089918444000079e-01 4.173071245096000026e-01
9.790632808532999665e-01 1.819198292898999841e-02 3.469406265478000018e-01 8.104524498184000336e-01 -3.497909419660000241e-01 4.173283754077999896e-01
9.795024643829000066e-01 1.801747352461000040e-02 3.469204402287999756e-01 8.104110114067000215e-01 -3.497720176831000116e-01 4.173482085410999964e-01
9.799416479125999668e-01 1.784137270177999987e-02 3.468999742207000136e-01 8.103686931114999492e-01 -3.497536766668999930e-01 4.173663789900999843e-01
9.803808314422000070e-01 1.765445131766999950e-02 3.468795780676999785e-01 8.103254722448000047e-01 -3.497366812998000118e-01 4.173845241258000160e-01
9.808200149718000471e-01 1.743460565533000092e-02 3.468597652770999962e-01 8.102829547607000027e-01 -3.497200775243000104e-01 4.174038582130999986e-01
9.812591985015000073e-01 1.718776087862999846e-02 3.468404819108000248e-01 8.102422801508000205e-01 -3.497029090486000191e-01 4.174234466637000152e-01
9.816983820311000475e-01 1.695311949663999909e-02 3.468213284435999744e-01 8.102026783943000465e-01 -3.496856735664999882e-01 4.174414270508000069e-01
9.821375655606999766e-01 1.675036633759999921e-02 3.468022790254000065e-01 8.101627115030000104e-01 -3.496693356780000150e-01 4.174574942547000234e-01
9.825767490903000168e-01 1.654453258181999911e-02 3.467836902902999840e-01 8.101222722344000315e-01 -3.496539032788000267e-01 4.174732691422000097e-01
9.830159326199999770e-01 1.628979543836999930e-02 3.467656584875000170e-01 8.100824828445000181e-01 -3.496388132891000144e-01 4.174900926489999997e-01
9.834551161496000171e-01 1.599408468400000116e-02 3.467478697169000257e-01 8.100439879191000392e-01 -3.496238797026999801e-01 4.175072303256999739e-01
9.838942996791999462e-01 1.570778503008999835e-02 3.467301543649999873e-01 8.100063203737000173e-01 -3.496090149334999952e-01 4.175228094121000155e-01
9.843334832089000175e-01 1.545151693185000015e-02 3.467127060151999896e-01 8.099689153778999451e-01 -3.495938543729000259e-01 4.175361393017000267e-01
9.847726667384999466e-01 1.519035222737000028e-02 3.466955925992000198e-01 8.099318345260999585e-01 -3.495786238574000171e-01 4.175483876191999899e-01
9.852118502680999867e-01 1.489009619693000032e-02 3.466785556804999890e-01 8.098952657005999978e-01 -3.495645330764999836e-01 4.175609204615999825e-01
9.856510337977000269e-01 1.456742753460000053e-02 3.466616165463000110e-01 8.098590923177999557e-01 -3.495521149163999808e-01 4.175736093961999740e-01
9.860902173273999871e-01 1.426083807941999973e-02 3.466454139330000239e-01 8.098233792287999888e-01 -3.495399502389999746e-01 4.175851783539000217e-01
9.865294008570000273e-01 1.397261036948000031e-02 3.466303892356000227e-01 8.097886864579000310e-01 -3.495265119404999954e-01 4.175948706639999730e-01
9.869685843865999564e-01 1.366924340037999931e-02 3.466158818358999749e-01 8.097553451947000491e-01 -3.495126459505999983e-01 4.176032015962000132e-01
9.874077679163000276e-01 1.333191829434000018e-02 3.466006921675000019e-01 8.097227662313000174e-01 -3.495003949868000226e-01 4.176110386513999795e-01
9.878469514458999567e-01 1.297863308323000085e-02 3.465846150067999898e-01 8.096900099178999666e-01 -3.494896605762999875e-01 4.176184188961000188e-01
9.882861349754999969e-01 1.263437406561999932e-02 3.465688674806999825e-01 8.096569140393999886e-01 -3.494782247186999924e-01 4.176245799552000260e-01
9.887253185051000370e-01 1.230209448828999998e-02 3.465547120079000010e-01 8.096242603851999675e-01 -3.494654160851999869e-01 4.176289562236000230e-01
9.891645020347999973e-01 1.196985670383999938e-02 3.465419930915999980e-01 8.095929096791999457e-01 -3.494534561886000201e-01 4.176318052608999909e-01
9.896036855644000374e-01 1.162869081139999983e-02 3.465293923391000175e-01 8.095630658731000073e-01 -3.494440396363999723e-01 4.176338102059000135e-01
9.900428690939999665e-01 1.127453448074999982e-02 3.465159764308999857e-01 8.095342439302000148e-01 -3.494355450737000046e-01 4.176352545231999946e-01
9.904820526237000378e-01 1.090664458878000051e-02 3.465021165352000221e-01 8.095056187389000346e-01 -3.494253799797000237e-01 4.176356951528000239e-01
9.909212361532999669e-01 1.053356140757999958e-02 3.464888349276999957e-01 8.094765457039000411e-01 -3.494137341171000277e-01 4.176344060691999927e-01
9.913604196829000070e-01 1.016918843521000086e-02 3.464765775656000191e-01 8.094471736905000103e-01 -3.494030037925999754e-01 4.176311050989000018e-01
9.917996032125999673e-01 9.814223919689999895e-03 3.464649121582999980e-01 8.094185285081999526e-01 -3.493942529290000043e-01 4.176262482941999754e-01
9.922387867422000074e-01 9.453031241612000132e-03 3.464533186445999946e-01 8.093915577103999448e-01 -3.493862721698000051e-01 4.176205705295999993e-01
9.926779702718000475e-01 9.078288619326999737e-03 3.464418685889000260e-01 8.093659967787000253e-01 -3.493778747644000204e-01 4.176142819793000061e-01
9.931171538015000078e-01 8.705033414562000221e-03 3.464308970814000133e-01 8.093405573562999500e-01 -3.493691824276000113e-01 4.176067656910000259e-01
9.935563373311000479e-01 8.345767698341999274e-03 3.464202836238999828e-01 8.093143927418999795e-01 -3.493605075530000215e-01 4.175971899072000171e-01
9.939955208606999770e-01 7.984803296532000730e-03 3.464095408437000145e-01 8.092880306002999680e-01 -3.493517441321999928e-01 4.175854415356999860e-01
9.944347043904000483e-01 7.599762016991000110e-03 3.463986490938000262e-01 8.092626146876999993e-01 -3.493432963515000211e-01 4.175723261943999898e-01
9.948738879199999774e-01 7.202426993800000246e-03 3.463883069579000162e-01 8.092385056827999801e-01 -3.493360152694000020e-01 4.175587253270999777e-01
9.953130714496000175e-01 6.831071170599999597e-03 3.463790426948999968e-01 8.092149706118999530e-01 -3.493295800574000021e-01 4.175445906224000137e-01
9.957522549792999778e-01 6.497054927616000009e-03 3.463704210133999872e-01 8.091911337606999544e-01 -3.493223971441000164e-01 4.175289127583000082e-01
9.961914385089000179e-01 6.163775066686000281e-03 3.463615749715999725e-01 8.091669079279999455e-01 -3.493139378333999789e-01 4.175107715301999978e-01
9.966306220384999470e-01 5.793118948205999708e-03 3.463523363455000004e-01 8.091429514004999657e-01 -3.493058366660999892e-01 4.174903680490000268e-01
9.970698055682000183e-01 5.395328653386000269e-03 3.463433248737999848e-01 8.091198922115999670e-01 -3.492995736589999956e-01 4.174688972839999956e-01
9.975089890977999474e-01 5.014026891991999781e-03 3.463349564591999830e-01 8.090976502911000345e-01 -3.492941960823000014e-01 4.174473422796999844e-01
9.979481726273999875e-01 4.671828859668000246e-03 3.463269412346000053e-01 8.090754742115999765e-01 -3.492876943541000090e-01 4.174254664329000164e-01
9.983873561570000277e-01 4.350537053086999881e-03 3.463189554375999957e-01 8.090526984759000007e-01 -3.492798550708000049e-01 4.174020996107000170e-01
9.988265396866999879e-01 4.021507740001000267e-03 3.463112846800999733e-01 8.090294940722000394e-01 -3.492722705633000135e-01 4.173763885371999938e-01
9.992657232163000280e-01 3.676272796539000083e-03 3.463043596661999901e-01 8.090066894626000149e-01 -3.492659163497999764e-01 4.173486174070000221e-01
9.997049067458999572e-01 3.324463834941000177e-03 3.462979270912999730e-01 8.089847223117999642e-01 -3.492601697250000137e-01 4.173197634392000199e-01
1.000144090275999931e+00 2.977993863865999961e-03 3.462911843291999747e-01 8.089630258693000231e-01 -3.492541635743000028e-01 4.172904480510000180e-01
1.000583273805000006e+00 2.645387146218999928e-03 3.462837553433000259e-01 8.089407726699999746e-01 -3.492477852458000243e-01 4.172605265568999910e-01
1.001022457334999949e+00 2.331236111119999906e-03 3.462762078259000176e-01 8.089180182405999453e-01 -3.492411431722999837e-01 4.172295879212000180e-01
1.001461640864000024e+00 2.031788586069999906e-03 3.462694907716000192e-01 8.088955668794000076e-01 -3.492341812077000007e-01 4.171975005415000104e-01
1.001900824393999967e+00 1.735211945513999952e-03 3.462639831345999952e-01 8.088736749625999867e-01 -3.492271694647000047e-01 4.171643238187999758e-01
1.002340007923999909e+00 1.432203037224000089e-03 3.462591205739999900e-01 8.088515268632999744e-01 -3.492206639750999875e-01 4.171299679723000087e-01
1.002779191452999985e+00 1.124513540431000026e-03 3.462538938286999768e-01 8.088283784192999981e-01 -3.492146191653999754e-01 4.170943021329999723e-01
1.003218374982999928e+00 8.216406346828000230e-04 3.462477757585999960e-01 8.088047173749000063e-01 -3.492083059739000128e-01 4.170575707865999959e-01
1.003657558513000092e+00 5.334062970233999570e-04 3.462412350967000174e-01 8.087816261653000272e-01 -3.492013922789000135e-01 4.170203477021000027e-01
1.004096742041999946e+00 2.656645424796999781e-04 3.462352359142000235e-01 8.087591901763000468e-01 -3.491943212588999867e-01 4.169828976405000054e-01
1.004535925572000110e+00 1.505471508642999959e-05 3.462301686622000219e-01 8.087363053273000091e-01 -3.491873456656000019e-01 4.169448161395999941e-01
1.004975109102000053e+00 -2.342104428063999954e-04 3.462254892369999726e-01 8.087122056579999496e-01 -3.491800844781999813e-01 4.169055721864999842e-01
1.005414292630999906e+00 -4.978017425531000356e-04 3.462205531442000273e-01 8.086874613504000386e-01 -3.491724625118999836e-01 4.168652763774000070e-01
1.005853476161000071e+00 -7.691539346474000156e-04 3.462154598241000136e-01 8.086630108100999470e-01 -3.491651371085000011e-01 4.168245561571999880e-01
1.006292659689999924e+00 -1.020170735246999933e-03 3.462106612036999764e-01 8.086387565981999481e-01 -3.491583147703000156e-01 4.167836625138999773e-01
1.006731843220000089e+00 -1.234590675766000052e-03 3.462059977020999768e-01 8.086138311081000341e-01 -3.491510199246000146e-01 4.167421168909999918e-01
1.007171026750000031e+00 -1.432425201472000082e-03 3.462008058316999870e-01 8.085879959542999762e-01 -3.491424676902999957e-01 4.166994703142999912e-01
1.007610210279000107e+00 -1.646714333864000108e-03 3.461950575527000251e-01 8.085619367542999925e-01 -3.491334785608999902e-01 4.166560740029999765e-01
1.008049393809000049e+00 -1.880156327660000059e-03 3.461896977237000073e-01 8.085360619928999570e-01 -3.491254015958999979e-01 4.166127052420999788e-01
1.008488577338999992e+00 -2.101867246370999875e-03 3.461854403674999858e-01 8.085097982519999782e-01 -3.491180329519000258e-01 4.165696053540999810e-01
1.008927760868000068e+00 -2.288797974776999970e-03 3.461817082786999844e-01 8.084825034696999646e-01 -3.491098352372000169e-01 4.165263178245999787e-01
1.009366944398000010e+00 -2.453464474327999873e-03 3.461773073269999723e-01 8.084544761970999804e-01 -3.491001654838000179e-01 4.164823937443000168e-01
1.009806127927000086e+00 -2.623127994880999903e-03 3.461718789664000040e-01 8.084264262995000117e-01 -3.490900908740000030e-01 4.164377757332000107e-01
1.010245311457000028e+00 -2.805380490877999820e-03 3.461661217536000090e-01 8.083983179399000241e-01 -3.490807295373000163e-01 4.163924972933999991e-01
1.010684494986999971e+00 -2.985905350817000085e-03 3.461607269522000152e-01 8.083694822443999728e-01 -3.490718110609000169e-01 4.163466144469999963e-01
1.011123678516000046e+00 -3.150896462518999915e-03 3.461557212763000102e-01 8.083397353883999825e-01 -3.490623799084999757e-01 4.163006283863999735e-01
1.011562862045999989e+00 -3.298401156576999914e-03 3.461508776637000073e-01 8.083095878059000094e-01 -3.490521366557999827e-01 4.162553173620999747e-01
1.012002045575999931e+00 -3.432393400867999982e-03 3.461461041139999861e-01 8.082792571335000176e-01 -3.490414653030999848e-01 4.162106815466000143e-01
1.012441229105000007e+00 -3.558745118701999929e-03 3.461411558840000180e-01 8.082482829428000448e-01 -3.490306585997999811e-01 4.161656018309999872e-01
1.012880412634999949e+00 -3.685972554817000101e-03 3.461355325837000008e-01 8.082164515802999771e-01 -3.490197241633999914e-01 4.161191999962000065e-01
1.013319596164000025e+00 -3.818702974946000007e-03 3.461291363778999930e-01 8.081843289472999681e-01 -3.490086464164000035e-01 4.160721211746000181e-01
1.013758779693999967e+00 -3.949388869228000198e-03 3.461226790345999782e-01 8.081522695888999630e-01 -3.489973497134000180e-01 4.160256507587000163e-01
1.014197963223999910e+00 -4.065140171536999955e-03 3.461169063592000050e-01 8.081195460872999670e-01 -3.489856276744999763e-01 4.159798397999999731e-01
1.014637146752999985e+00 -4.163097703549999661e-03 3.461115917486000115e-01 8.080853506940000042e-01 -3.489734799765000228e-01 4.159335545937999923e-01
1.015076330282999928e+00 -4.251155639666000241e-03 3.461058035640999786e-01 8.080502735115999702e-01 -3.489612566076999989e-01 4.158864174408999914e-01
1.015515513813000092e+00 -4.335208798309999820e-03 3.460990881220000204e-01 8.080156907794000531e-01 -3.489491138538000081e-01 4.158395158448000006e-01
1.015954697341999946e+00 -4.416629241097000044e-03 3.460918655965999902e-01 8.079816983340000203e-01 -3.489366348956999819e-01 4.157936820665000255e-01
1.016393880872000111e+00 -4.501023179530000071e-03 3.460846413108999986e-01 8.079468046434999939e-01 -3.489234089330000010e-01 4.157480893898000129e-01
1.016833064402000053e+00 -4.593463254892999822e-03 3.460774047767000150e-01 8.079100655319000346e-01 -3.489096902225000130e-01 4.157014167749999989e-01
1.017272247930999907e+00 -4.680912246188000288e-03 3.460700135995000148e-01 8.078724599244999638e-01 -3.488959940604000054e-01 4.156537241355000023e-01
1.017711431461000071e+00 -4.737819234931999954e-03 3.460626201088000120e-01 8.078353758516000349e-01 -3.488823112991999986e-01 4.156061987774999911e-01
1.018150614989999925e+00 -4.761924589473999839e-03 3.460552874075999985e-01 8.077985778491000302e-01 -3.488683119621999729e-01 4.155594538683999861e-01
1.018589798520000089e+00 -4.789176630777000100e-03 3.460475568724999951e-01 8.077607890221000231e-01 -3.488541076726999757e-01 4.155130700235999952e-01
1.019028982050000032e+00 -4.852966722598999957e-03 3.460389391263000158e-01 8.077218200549000082e-01 -3.488400588473000163e-01 4.154665923604999866e-01
1.019468165579000107e+00 -4.936603065062000403e-03 3.460296801086000240e-01 8.076827961186999749e-01 -3.488258535268000116e-01 4.154199497121000006e-01
1.019907349109000050e+00 -4.989933712998000266e-03 3.460205196000999961e-01 8.076442323014999536e-01 -3.488106361036000247e-01 4.153729253062000137e-01
1.020346532638999992e+00 -4.993677339104000273e-03 3.460117001417999938e-01 8.076051758240999634e-01 -3.487943424096000000e-01 4.153252670070000097e-01
1.020785716168000068e+00 -4.983614676329999743e-03 3.460026866647999966e-01 8.075647823863999486e-01 -3.487781454507000167e-01 4.152774928706000068e-01
1.021224899698000010e+00 -5.001941445490000124e-03 3.459929484240999997e-01 8.075237121882999913e-01 -3.487630218866999976e-01 4.152305557745000208e-01
1.021664083227000086e+00 -5.044932519309999752e-03 3.459825788474999997e-01 8.074831145969999513e-01 -3.487484064145999763e-01 4.151843418451000023e-01
1.022103266757000029e+00 -5.075359813124000197e-03 3.459719690517999990e-01 8.074428986413999532e-01 -3.487329300195999848e-01 4.151374942878000018e-01
1.022542450286999971e+00 -5.073538993082000147e-03 3.459612624685000082e-01 8.074020051001999931e-01 -3.487161685317000104e-01 4.150893096684999950e-01
1.022981633816000047e+00 -5.055480982986000106e-03 3.459503899151999962e-01 8.073600936167000253e-01 -3.486989460941000152e-01 4.150408949011000215e-01
1.023420817345999989e+00 -5.044550897455000148e-03 3.459393127095000131e-01 8.073179675218999929e-01 -3.486820492530000037e-01 4.149936124884999744e-01
1.023860000875999932e+00 -5.044332649687999909e-03 3.459279056846000233e-01 8.072762967980999793e-01 -3.486654171765000143e-01 4.149471085802000081e-01
1.024299184405000007e+00 -5.042559378173000137e-03 3.459158632595000227e-01 8.072347776884000181e-01 -3.486487208299999807e-01 4.148999230777000169e-01
1.024738367934999950e+00 -5.027800578413999660e-03 3.459031118484000022e-01 8.071927963487000035e-01 -3.486319926234000000e-01 4.148516138589999902e-01
1.025177551464000025e+00 -4.996974628823000128e-03 3.458901410083000116e-01 8.071502422331999771e-01 -3.486152575354000138e-01 4.148031472231000216e-01
1.025616734993999968e+00 -4.956108246090999876e-03 3.458774868630999921e-01 8.071073477686999675e-01 -3.485980782515999965e-01 4.147553064505000164e-01
1.026055918523999910e+00 -4.917930331371000129e-03 3.458649475657999961e-01 8.070643136976000109e-01 -3.485800843556000062e-01 4.147077965702000157e-01
1.026495102052999986e+00 -4.890043490216999973e-03 3.458517542453999893e-01 8.070214870862000289e-01 -3.485617351218999738e-01 4.146600667575999766e-01
1.026934285582999928e+00 -4.862016757015999620e-03 3.458375576480999802e-01 8.069793591635000540e-01 -3.485439507088999855e-01 4.146120712588999835e-01
1.027373469113000093e+00 -4.814194343479999590e-03 3.458228117121999734e-01 8.069378227747000532e-01 -3.485269498304000013e-01 4.145639054033000148e-01
1.027812652641999946e+00 -4.744302577099000252e-03 3.458080575674999935e-01 8.068958423540999458e-01 -3.485099281731000032e-01 4.145154837637999856e-01
1.028251836172000111e+00 -4.673890583215999789e-03 3.457932721224000194e-01 8.068525820044000207e-01 -3.484920428739000098e-01 4.144669806953000246e-01
1.028691019702000053e+00 -4.619341450898000259e-03 3.457781830391000177e-01 8.068087122427000102e-01 -3.484733575328999855e-01 4.144189185768000216e-01
1.029130203230999907e+00 -4.567417833969999660e-03 3.457628168137000246e-01 8.067658548613999558e-01 -3.484546152090999827e-01 4.143713560719999855e-01
1.029569386761000072e+00 -4.493999100896000146e-03 3.457472970275999868e-01 8.067246208250999917e-01 -3.484363794779999912e-01 4.143235589989999745e-01
1.030008570289999925e+00 -4.399980486487000374e-03 3.457313542682999841e-01 8.066838576084000012e-01 -3.484186628124000262e-01 4.142750035766999961e-01
1.030447753820000090e+00 -4.309510570591999767e-03 3.457145840436000039e-01 8.066421625552000485e-01 -3.484011545944000199e-01 4.142262464274000244e-01
1.030886937350000032e+00 -4.232455627680999609e-03 3.456971730348999960e-01 8.065996214719000079e-01 -3.483834503061000176e-01 4.141782104569999845e-01
1.031326120879000108e+00 -4.149086745541000210e-03 3.456798540218999904e-01 8.065575381277999556e-01 -3.483651711806999840e-01 4.141309175501999840e-01
1.031765304409000050e+00 -4.041201915085000304e-03 3.456629580492999732e-01 8.065167226124999589e-01 -3.483462717602999748e-01 4.140835339992999797e-01
1.032204487938999993e+00 -3.921386153529000072e-03 3.456458982276999770e-01 8.064766543985999458e-01 -3.483272963581000026e-01 4.140355436902999897e-01
1.032643671468000068e+00 -3.814270466274000126e-03 3.456278870110999768e-01 8.064363885569000301e-01 -3.483089935461000097e-01 4.139873595926000238e-01
1.033082854998000011e+00 -3.717869344516999946e-03 3.456089328283000195e-01 8.063957874835000483e-01 -3.482915052348000140e-01 4.139397692883000079e-01
1.033522038527000086e+00 -3.604574753198999844e-03 3.455897989141999971e-01 8.063555373665000081e-01 -3.482741584883000119e-01 4.138931055605999942e-01
1.033961222057000029e+00 -3.461717214424999897e-03 3.455710585642000066e-01 8.063161743847000462e-01 -3.482562286993999834e-01 4.138469469232999853e-01
1.034400405586999971e+00 -3.311806149930999945e-03 3.455524811763999726e-01 8.062774972530000195e-01 -3.482377214451999881e-01 4.138004694988000054e-01
1.034839589116000047e+00 -3.182111129340000136e-03 3.455333824606000026e-01 8.062390225998999904e-01 -3.482192134661000193e-01 4.137532933004999802e-01
1.035278772645999990e+00 -3.066700839431999934e-03 3.455133905903000069e-01 8.062007230418000159e-01 -3.482011104352000230e-01 4.137061588493999853e-01
1.035717956175999932e+00 -2.933934432933999869e-03 3.454928120740999864e-01 8.061630009568000466e-01 -3.481833498579000041e-01 4.136603755186000209e-01
1.036157139705000008e+00 -2.767958958865000037e-03 3.454723325933000133e-01 8.061259854768999533e-01 -3.481657455411000246e-01 4.136162293226000042e-01
1.036596323234999950e+00 -2.588042817859000175e-03 3.454523261376999943e-01 8.060892538298000121e-01 -3.481482691364000126e-01 4.135723834939000199e-01
1.037035506764999893e+00 -2.423045340596000161e-03 3.454323539633999962e-01 8.060525035691999962e-01 -3.481308924597000254e-01 4.135274845479999795e-01
1.037474690293999968e+00 -2.277139411185999818e-03 3.454114734904999984e-01 8.060162211900000484e-01 -3.481134256242999769e-01 4.134820301848000090e-01
1.037913873823999911e+00 -2.128311531817000078e-03 3.453893174889999806e-01 8.059811940373999839e-01 -3.480957451207000175e-01 4.134378118991999806e-01
1.038353057352999986e+00 -1.955641431305000112e-03 3.453667997125999811e-01 8.059473604554999726e-01 -3.480780900032999781e-01 4.133956000385000107e-01
1.038792240882999929e+00 -1.760246025862000074e-03 3.453452846219000061e-01 8.059136800849999727e-01 -3.480608977313000008e-01 4.133542958468999773e-01
1.039231424413000093e+00 -1.560457153808000094e-03 3.453248549826000158e-01 8.058794318929000111e-01 -3.480442718894000143e-01 4.133125627404999891e-01
1.039670607941999947e+00 -1.372726776201000070e-03 3.453038832588999907e-01 8.058452276445999818e-01 -3.480277549513999813e-01 4.132704461337999846e-01
1.040109791471999889e+00 -1.198174942308000059e-03 3.452808671720999922e-01 8.058122591977000537e-01 -3.480108234936999945e-01 4.132289736950999770e-01
1.040548975002000054e+00 -1.023072166133000022e-03 3.452564496841000197e-01 8.057807623078999670e-01 -3.479936272224999905e-01 4.131888588747000268e-01
1.040988158530999907e+00 -8.306713976210999481e-04 3.452328556586999886e-01 8.057498095762000156e-01 -3.479769798610999887e-01 4.131501164993000019e-01
1.041427342061000072e+00 -6.161592565407000540e-04 3.452111685038000144e-01 8.057186337989999947e-01 -3.479613474939000084e-01 4.131123726368000071e-01
1.041866525589999926e+00 -3.923050326497999835e-04 3.451899215131999932e-01 8.056875561548000331e-01 -3.479460128645999739e-01 4.130749587720000116e-01
1.042305709120000090e+00 -1.780730259776999995e-04 3.451669642258000104e-01 8.056573333056999964e-01 -3.479297795205000265e-01 4.130372073772999864e-01
1.042744892650000033e+00 2.012644596010999991e-05 3.451422035642999764e-01 8.056280587449999864e-01 -3.479126558291000260e-01 4.129993787126999827e-01
1.043184076179000108e+00 2.140531352522000023e-04 3.451175868965999927e-01 8.055991780875000341e-01 -3.478962151509999989e-01 4.129629284363999786e-01
1.043623259709000051e+00 4.201297637560000016e-04 3.450944371831999868e-01 8.055703642914000540e-01 -3.478816964561999847e-01 4.129290060402999729e-01
1.044062443238999993e+00 6.438955971850000327e-04 3.450718197748999794e-01 8.055418835461000127e-01 -3.478681654099999854e-01 4.128968123683000035e-01
1.044501626768000069e+00 8.787795405984999897e-04 3.450480584812000151e-01 8.055141054447000348e-01 -3.478534804317999773e-01 4.128643163578000208e-01
1.044940810298000011e+00 1.114225539192000014e-03 3.450231150518000001e-01 8.054870486915000072e-01 -3.478370832802000212e-01 4.128307344052999928e-01
1.045379993827000087e+00 1.340757168150999998e-03 3.449985116216999770e-01 8.054604999686999500e-01 -3.478208151207000109e-01 4.127975165198000118e-01
1.045819177357000029e+00 1.553508282749000097e-03 3.449750814179000091e-01 8.054342761920000315e-01 -3.478065015546000227e-01 4.127665250338999892e-01
1.046258360886999972e+00 1.759586801627000072e-03 3.449518216729000053e-01 8.054082433988000167e-01 -3.477936189417999979e-01 4.127378663519999935e-01
1.046697544416000047e+00 1.978175814180999949e-03 3.449273872524999951e-01 8.053823252495999618e-01 -3.477802340683999738e-01 4.127100618501000073e-01
1.047136727945999990e+00 2.221452038131000156e-03 3.449020029102999874e-01 8.053566483877999671e-01 -3.477656892657999821e-01 4.126819832020999779e-01
1.047575911475999932e+00 2.474981030411999971e-03 3.448771146158999823e-01 8.053314858175000257e-01 -3.477511828516000048e-01 4.126539823829999953e-01
1.048015095005000008e+00 2.710097461083000193e-03 3.448533705922999792e-01 8.053068998111999610e-01 -3.477377500314000058e-01 4.126271310660000191e-01
1.048454278534999951e+00 2.920416302041000181e-03 3.448297962979999798e-01 8.052826115010000008e-01 -3.477248761790999732e-01 4.126018501175999775e-01
1.048893462064999893e+00 3.132465163153999935e-03 3.448052432764999731e-01 8.052583795097999486e-01 -3.477116019056999963e-01 4.125775688910999772e-01
1.049332645593999969e+00 3.370010836021999998e-03 3.447800105905999835e-01 8.052343073932000106e-01 -3.476980954098000121e-01 4.125536026859000227e-01
1.049771829123999911e+00 3.620396086324000149e-03 3.447553839931000175e-01 8.052105463251000295e-01 -3.476852899096999905e-01 4.125300808976000155e-01
1.050211012652999987e+00 3.853253207759000168e-03 3.447318015226999988e-01 8.051868941847000194e-01 -3.476733822195999801e-01 4.125077775727999940e-01
1.050650196182999929e+00 4.065182330137999921e-03 3.447082510880999928e-01 8.051630623587999747e-01 -3.476615452023000263e-01 4.124870236427999881e-01
1.051089379713000094e+00 4.283432095323999773e-03 3.446837299787999798e-01 8.051392558386000209e-01 -3.476491217038000237e-01 4.124671270301999981e-01
1.051528563241999947e+00 4.523645556243000194e-03 3.446586801795999966e-01 8.051160078768000439e-01 -3.476364622447000174e-01 4.124472087925999952e-01
1.051967746771999890e+00 4.767088666929999996e-03 3.446343669502999751e-01 8.050933060963000321e-01 -3.476243771522000148e-01 4.124274133294000277e-01
1.052406930302000054e+00 4.990860015763000021e-03 3.446111065113999783e-01 8.050703549909999923e-01 -3.476131331519999867e-01 4.124087393186000039e-01
1.052846113830999908e+00 5.201413635704000074e-03 3.445878775530999971e-01 8.050465784982000494e-01 -3.476022294621000097e-01 4.123916216829999759e-01
1.053285297361000072e+00 5.419890471317000309e-03 3.445638364085999994e-01 8.050225237620000085e-01 -3.475910283731999950e-01 4.123753070576999802e-01
1.053724480889999926e+00 5.647272556047000167e-03 3.445395214126000250e-01 8.049992026090999619e-01 -3.475794700813000238e-01 4.123589903836999970e-01
1.054163664420000091e+00 5.867169944947000192e-03 3.445160405734999931e-01 8.049766175318000538e-01 -3.475681479036000221e-01 4.123430356516999962e-01
1.054602847950000033e+00 6.077943079608999662e-03 3.444934869312999970e-01 8.049535943923999959e-01 -3.475576088662999941e-01 4.123284183000999747e-01
1.055042031479000109e+00 6.296638734237999628e-03 3.444708684512000074e-01 8.049293218023999552e-01 -3.475475971943999820e-01 4.123151878783000157e-01
1.055481215009000051e+00 6.526974841168000328e-03 3.444475489121999745e-01 8.049044933721000161e-01 -3.475372756456999723e-01 4.123022368206000210e-01
1.055920398538999994e+00 6.747141173778999773e-03 3.444240739455999845e-01 8.048803307477999658e-01 -3.475263496395000207e-01 4.122887811320000151e-01
1.056359582068000069e+00 6.942041344798000405e-03 3.444013363671999950e-01 8.048568426965999612e-01 -3.475155756709000232e-01 4.122754248885999728e-01
1.056798765598000012e+00 7.129447923106000187e-03 3.443794534622000025e-01 8.048328162608000547e-01 -3.475057346645000211e-01 4.122633778541999749e-01
1.057237949127999954e+00 7.336036770713000137e-03 3.443578743217999838e-01 8.048075365735000153e-01 -3.474964507925999979e-01 4.122529561768000228e-01
1.057677132657000030e+00 7.558736843710000229e-03 3.443362417686999799e-01 8.047817309485000292e-01 -3.474867251066000029e-01 4.122432920031000037e-01
1.058116316186999972e+00 7.770481076600999938e-03 3.443146357751999953e-01 8.047563935221999643e-01 -3.474764959207999881e-01 4.122334283881000094e-01
1.058555499716000048e+00 7.959862481266000850e-03 3.442931226411999890e-01 8.047312946965999858e-01 -3.474667505171999959e-01 4.122232978133000270e-01
1.058994683245999990e+00 8.143814641274999336e-03 3.442716289316999911e-01 8.047054071046000345e-01 -3.474578578183999955e-01 4.122135262512999776e-01
1.059433866775999933e+00 8.338346517939000668e-03 3.442503521208999939e-01 8.046785296442999780e-01 -3.474487624582999756e-01 4.122045939055000163e-01
1.059873050305000008e+00 8.536349963643000832e-03 3.442298142506000080e-01 8.046515485791999600e-01 -3.474385482587000196e-01 4.121964690241000095e-01
1.060312233834999951e+00 8.723828732833999525e-03 3.442102212925999827e-01 8.046249029519999540e-01 -3.474280726132000230e-01 4.121889353411000156e-01
1.060751417364999893e+00 8.903084656220000559e-03 3.441910508436999971e-01 8.045976907772000031e-01 -3.474189577023999997e-01 4.121818985417999848e-01
1.061190600893999969e+00 9.085773077104999582e-03 3.441715930704999926e-01 8.045689697801999829e-01 -3.474112118686000228e-01 4.121752316005000139e-01
1.061629784423999912e+00 9.271564156219999978e-03 3.441517663720999876e-01 8.045393794219000139e-01 -3.474030424003000106e-01 4.121686244523999898e-01
1.062068967952999987e+00 9.449155572134999848e-03 3.441321328886999820e-01 8.045104913855000150e-01 -3.473932674094000195e-01 4.121619353168000099e-01
1.062508151482999930e+00 9.616229765735000157e-03 3.441132189157999899e-01 8.044825817484999586e-01 -3.473828473889000179e-01 4.121555767594000108e-01
1.062947335013000094e+00 9.784208654639000094e-03 3.440951088681000192e-01 8.044539953581000269e-01 -3.473733794328999758e-01 4.121501325222999834e-01
1.063386518541999948e+00 9.960158012288000684e-03 3.440776178755000081e-01 8.044231660503999848e-01 -3.473648819176000102e-01 4.121455239001999837e-01
1.063825702071999890e+00 1.013480631570999949e-02 3.440604726813999981e-01 8.043906279264999570e-01 -3.473560627642999776e-01 4.121409844953999868e-01
1.064264885602000055e+00 1.029492680154999937e-02 3.440432908955000091e-01 8.043583445092999940e-01 -3.473464203453999755e-01 4.121360979122000168e-01
1.064704069130999908e+00 1.044151058510999971e-02 3.440258402003000260e-01 8.043273199507999793e-01 -3.473369243885000013e-01 4.121314531061999742e-01
1.065143252661000073e+00 1.058882514221000035e-02 3.440085371373000078e-01 8.042965852653000125e-01 -3.473283724424999774e-01 4.121278204180999771e-01
1.065582436189999926e+00 1.074738926586999918e-02 3.439922380729000251e-01 8.042645846564000500e-01 -3.473200020387000042e-01 4.121249485253000167e-01
1.066021619720000091e+00 1.091269189595000036e-02 3.439771091070000231e-01 8.042309295312000117e-01 -3.473104359904000127e-01 4.121218222636999773e-01
1.066460803250000033e+00 1.107061885032999994e-02 3.439620902503999766e-01 8.041964666937999606e-01 -3.472996015115000223e-01 4.121181373335999765e-01
1.066899986779000109e+00 1.121141993687999917e-02 3.439461675928000006e-01 8.041620373718999515e-01 -3.472889544082999880e-01 4.121148522161999783e-01
1.067339170309000052e+00 1.133850529625999963e-02 3.439299927312999827e-01 8.041276634778999899e-01 -3.472797314171000016e-01 4.121129203566000210e-01
1.067778353838999994e+00 1.146504394573000067e-02 3.439152981999999970e-01 8.040928777832000440e-01 -3.472714957376999978e-01 4.121119541650000162e-01
1.068217537368000070e+00 1.160147520186999986e-02 3.439024694269000038e-01 8.040574356651000176e-01 -3.472626952180000171e-01 4.121107182281000259e-01
1.068656720898000012e+00 1.174534344990999998e-02 3.438896958145999938e-01 8.040215185011999610e-01 -3.472524129523000269e-01 4.121087662738999735e-01
1.069095904427999955e+00 1.188406767510000010e-02 3.438752977992999837e-01 8.039853820601999823e-01 -3.472412278061000057e-01 4.121069622119999942e-01
1.069535087957000030e+00 1.200818779735000029e-02 3.438601516972000227e-01 8.039489759126999813e-01 -3.472303552230999735e-01 4.121062366795000265e-01
1.069974271486999973e+00 1.212038517596999987e-02 3.438466237919000079e-01 8.039119597817000473e-01 -3.472202577956000069e-01 4.121063543435999899e-01
1.070413455016000048e+00 1.223063729163999941e-02 3.438353595808000263e-01 8.038741001707999656e-01 -3.472103597342999781e-01 4.121063593074000275e-01
1.070852638545999991e+00 1.234469694479999914e-02 3.438244764021999855e-01 8.038356294463999685e-01 -3.471999971122999851e-01 4.121060090247000152e-01
1.071291822075999933e+00 1.245957179477999964e-02 3.438122246158999973e-01 8.037971277648999768e-01 -3.471892006553999876e-01 4.121061662596000041e-01
1.071731005605000009e+00 1.256890718974000044e-02 3.437991860010000122e-01 8.037589725014999686e-01 -3.471783141074999968e-01 4.121075645903000129e-01
1.072170189134999951e+00 1.266978367029999997e-02 3.437870598857999949e-01 8.037209268945999519e-01 -3.471672356721999808e-01 4.121096352584999734e-01
1.072609372664999894e+00 1.276416846647000086e-02 3.437762543153999872e-01 8.036823409915000438e-01 -3.471556167286000139e-01 4.121111095935999780e-01
1.073048556193999969e+00 1.285624367908999935e-02 3.437658207525999821e-01 8.036427798228999997e-01 -3.471437119897999857e-01 4.121117355432999951e-01
1.073487739723999912e+00 1.294903811951999932e-02 3.437552168226000182e-01 8.036024553082999899e-01 -3.471322833996000057e-01 4.121127915321999846e-01
1.073926923252999988e+00 1.304138454891999935e-02 3.437448132197999939e-01 8.035620613485999764e-01 -3.471213689370999944e-01 4.121155362619000062e-01
1.074366106782999930e+00 1.312674110515000062e-02 3.437347265758000092e-01 8.035221592900999577e-01 -3.471098591633999808e-01 4.121195421739000109e-01
1.074805290313000095e+00 1.319741854586000025e-02 3.437244359475999933e-01 8.034826472938000341e-01 -3.470969575533999762e-01 4.121231757396999762e-01
1.075244473841999948e+00 1.325365382300999935e-02 3.437139225447999880e-01 8.034428494109999708e-01 -3.470835448658999844e-01 4.121256756453000047e-01
1.075683657371999891e+00 1.330817694868999951e-02 3.437041171854999799e-01 8.034022573246000221e-01 -3.470711268089999857e-01 4.121281003910000074e-01
1.076122840902000055e+00 1.337638903990999960e-02 3.436955460005000074e-01 8.033611830047000524e-01 -3.470596085434000111e-01 4.121319091926000100e-01
1.076562024430999909e+00 1.345750070355000022e-02 3.436873021228000202e-01 8.033204519746000027e-01 -3.470472741955000218e-01 4.121370817803999831e-01
1.077001207961000073e+00 1.352856876808000014e-02 3.436781825240000088e-01 8.032803563103999567e-01 -3.470332486207999834e-01 4.121422072531000236e-01
1.077440391491000016e+00 1.356567718058000055e-02 3.436683726215999934e-01 8.032402239499000229e-01 -3.470188142546999921e-01 4.121463172288000187e-01
1.077879575020000091e+00 1.357356387336999988e-02 3.436591312030000123e-01 8.031993420191999578e-01 -3.470055194303999779e-01 4.121500725025999956e-01
1.078318758550000034e+00 1.358585742189000016e-02 3.436510020237000251e-01 8.031580613558000348e-01 -3.469929205042999731e-01 4.121549005772000007e-01
1.078757942079000109e+00 1.362785901686000035e-02 3.436431991803999830e-01 8.031174399574000367e-01 -3.469793687311999997e-01 4.121612389846999736e-01
1.079197125609000052e+00 1.368443993594000048e-02 3.436348555686999928e-01 8.030777880070000263e-01 -3.469645023990000077e-01 4.121679782846999762e-01
1.079636309138999994e+00 1.371689607421999919e-02 3.436261452652000226e-01 8.030381959511000423e-01 -3.469495716418000142e-01 4.121737063641999765e-01
1.080075492668000070e+00 1.371081051295000054e-02 3.436178349917999864e-01 8.029978282185999960e-01 -3.469353460740999817e-01 4.121783233501999932e-01
1.080514676198000013e+00 1.369219217535999969e-02 3.436101964180999779e-01 8.029571580440000300e-01 -3.469211059107999984e-01 4.121831789363999965e-01
1.080953859727999955e+00 1.369007282246999940e-02 3.436027683367999797e-01 8.029173256098000033e-01 -3.469061078082000260e-01 4.121895105348999944e-01
1.081393043257000031e+00 1.369838719562999942e-02 3.435949874411999838e-01 8.028785453005999884e-01 -3.468907853309000089e-01 4.121969713240000166e-01
1.081832226786999973e+00 1.368997288595000077e-02 3.435867441282000057e-01 8.028398792298000464e-01 -3.468757239968000006e-01 4.122040670109000104e-01
1.082271410316000049e+00 1.365847503611000019e-02 3.435783927214999811e-01 8.028006389601000103e-01 -3.468604737604999988e-01 4.122100058491000030e-01
1.082710593845999991e+00 1.362459483756999976e-02 3.435704095716000106e-01 8.027613210456000514e-01 -3.468444331571000072e-01 4.122155704777999974e-01
1.083149777375999934e+00 1.360056398000999978e-02 3.435629985840000233e-01 8.027228281206000293e-01 -3.468281846612999986e-01 4.122218618674999835e-01
1.083588960905000009e+00 1.357084473404999991e-02 3.435558990886000141e-01 8.026852910624000526e-01 -3.468126964464999795e-01 4.122287076492999747e-01
1.084028144434999952e+00 1.351838578850999943e-02 3.435485886735000216e-01 8.026481526265000221e-01 -3.467975624219000186e-01 4.122350117942000236e-01
1.084467327964999894e+00 1.345233734255000049e-02 3.435407385395000124e-01 8.026110752585999819e-01 -3.467813813628999875e-01 4.122404872757000072e-01
1.084906511493999970e+00 1.339254221790999941e-02 3.435324791559000168e-01 8.025741795431999837e-01 -3.467639178170999759e-01 4.122461541247999794e-01
1.085345695023999912e+00 1.333690054436000028e-02 3.435242469122000153e-01 8.025375342852999472e-01 -3.467465906896000094e-01 4.122528085029000255e-01
1.085784878554000077e+00 1.326455671418000012e-02 3.435164096484999985e-01 8.025010627333000190e-01 -3.467304135879999971e-01 4.122596955940999730e-01
1.086224062082999930e+00 1.316950941159999999e-02 3.435089713800000277e-01 8.024650534120999490e-01 -3.467145695266000138e-01 4.122653526867000040e-01
1.086663245613000095e+00 1.307143698953000012e-02 3.435015460069000270e-01 8.024301513159000088e-01 -3.466977208472000194e-01 4.122694765909000192e-01
1.087102429141999949e+00 1.298746788685000049e-02 3.434936940826999741e-01 8.023964809520000019e-01 -3.466798786451000258e-01 4.122732810961999839e-01
1.087541612671999891e+00 1.290773320671999985e-02 3.434854060745999860e-01 8.023631850272999744e-01 -3.466621032885000009e-01 4.122779624917999874e-01
1.087980796202000056e+00 1.280827287822999989e-02 3.434771389865000080e-01 8.023293105488999988e-01 -3.466448954047000042e-01 4.122833287630999766e-01
1.088419979730999909e+00 1.268001269168999960e-02 3.434691853642000137e-01 8.022949891157999947e-01 -3.466278025039000177e-01 4.122881683760000193e-01
1.088859163261000074e+00 1.253693666089999992e-02 3.434611650875999955e-01 8.022613215345999471e-01 -3.466103768234999882e-01 4.122916485472000181e-01
1.089298346791000016e+00 1.240040811887999951e-02 3.434525151903000117e-01 8.022291510621000210e-01 -3.465926833162000231e-01 4.122940427080999948e-01
1.089737530320000092e+00 1.228034056485000081e-02 3.434434389300000112e-01 8.021983094046000184e-01 -3.465748751712999787e-01 4.122961776472000017e-01
1.090176713850000034e+00 1.216643808493000044e-02 3.434348437852000058e-01 8.021680238964999932e-01 -3.465569303816000146e-01 4.122984292885999991e-01
1.090615897379000110e+00 1.203446516331000034e-02 3.434270901365999995e-01 8.021376468618000022e-01 -3.465388794520999904e-01 4.123003755458000130e-01
1.091055080909000052e+00 1.186892454130000080e-02 3.434192515785999822e-01 8.021069453722999842e-01 -3.465208116540999805e-01 4.123013867134999733e-01
1.091494264438999995e+00 1.168428000829999959e-02 3.434101296307999762e-01 8.020761690844000480e-01 -3.465026505114999766e-01 4.123014243443999804e-01
1.091933447968000070e+00 1.151381317952999972e-02 3.433998398729999901e-01 8.020460742842999702e-01 -3.464843376826000076e-01 4.123010841045000041e-01
1.092372631498000013e+00 1.136937594328000026e-02 3.433898239913000250e-01 8.020174386305000125e-01 -3.464661171712000165e-01 4.123007835633999973e-01
1.092811815027999955e+00 1.122301721862999958e-02 3.433811328497000104e-01 8.019901327276000025e-01 -3.464481267881999726e-01 4.123000881139999851e-01
1.093250998557000031e+00 1.104181416024000058e-02 3.433731087799000159e-01 8.019629764339000211e-01 -3.464298885607000056e-01 4.122980940852999932e-01
1.093690182086999974e+00 1.083213058760000048e-02 3.433641318849999791e-01 8.019350287948000533e-01 -3.464109188262999850e-01 4.122944788944999939e-01
1.094129365616000049e+00 1.063075007240000050e-02 3.433535385586999888e-01 8.019068315799999791e-01 -3.463917474256000273e-01 4.122899283838999951e-01
1.094568549145999992e+00 1.045530944396000014e-02 3.433424047331999907e-01 8.018797469513999632e-01 -3.463733964576000135e-01 4.122853843941000074e-01
1.095007732675999934e+00 1.028444220955000016e-02 3.433322614857000077e-01 8.018540907773999971e-01 -3.463557033672999830e-01 4.122809951627000036e-01
1.095446916205000010e+00 1.009059046890999935e-02 3.433232711374000212e-01 8.018286890204000539e-01 -3.463372503063000263e-01 4.122759814004999801e-01
1.095886099734999952e+00 9.872801075807999260e-03 3.433140454349999926e-01 8.018025791009999459e-01 -3.463174845179999850e-01 4.122695229500000225e-01
1.096325283264999895e+00 9.648686290195000043e-03 3.433033333130999787e-01 8.017763988959000221e-01 -3.462978238730000102e-01 4.122616139015999881e-01
1.096764466793999970e+00 9.431461870585000282e-03 3.432915127235000030e-01 8.017514013344999579e-01 -3.462796750571999760e-01 4.122529244666999770e-01
1.097203650323999913e+00 9.226319749201000037e-03 3.432800399329000163e-01 8.017275691402999671e-01 -3.462622091841999761e-01 4.122438884169000173e-01
1.097642833854000077e+00 9.032949020123999875e-03 3.432696068876999740e-01 8.017036285212999491e-01 -3.462434873056999818e-01 4.122341742041999990e-01
1.098082017382999931e+00 8.836398249881000089e-03 3.432594152658000053e-01 8.016788501510000442e-01 -3.462233732705000122e-01 4.122232441204000120e-01
1.098521200913000095e+00 8.610947888584000523e-03 3.432484136112000095e-01 8.016539083053999537e-01 -3.462037121814000029e-01 4.122112557557000012e-01
1.098960384441999949e+00 8.353879599985999937e-03 3.432366598105999755e-01 8.016297036259000253e-01 -3.461854875286000111e-01 4.121989633615000259e-01
1.099399567971999891e+00 8.103382357193999325e-03 3.432249411212000001e-01 8.016061597371000325e-01 -3.461674454088999875e-01 4.121865940887999846e-01
1.099838751502000056e+00 7.896453974308999257e-03 3.432134165631999800e-01 8.015827035197999884e-01 -3.461482553811000007e-01 4.121732812046999817e-01
1.100277935030999910e+00 7.714712532096000379e-03 3.432014344441000064e-01 8.015592728779999954e-01 -3.461285881476000026e-01 4.121580643896000096e-01
1.100717118561000074e+00 7.502590181875000257e-03 3.431887645632999972e-01 8.015360958813999570e-01 -3.461097966914000179e-01 4.121412130600999868e-01
1.101156302091000017e+00 7.242186224854000286e-03 3.431762137809999946e-01 8.015128704934999515e-01 -3.460915685441999790e-01 4.121239761691999903e-01
1.101595485620000092e+00 6.977775900977999969e-03 3.431644976200000086e-01 8.014890411103999801e-01 -3.460725259478000249e-01 4.121070257180000085e-01
1.102034669150000035e+00 6.752837276161999767e-03 3.431530092862000170e-01 8.014648130539000492e-01 -3.460526984569000097e-01 4.120897453533000077e-01
1.102473852679000110e+00 6.553102117590000122e-03 3.431404813671000142e-01 8.014410666524000026e-01 -3.460336015739999826e-01 4.120712454204000230e-01
1.102913036209000053e+00 6.336234801512999684e-03 3.431267482466999752e-01 8.014181056853000307e-01 -3.460156937844999780e-01 4.120514804029999922e-01
1.103352219738999995e+00 6.094511811898999792e-03 3.431130273472000058e-01 8.013951850855000059e-01 -3.459974806444000017e-01 4.120309214985999891e-01
1.103791403268000071e+00 5.854969107571999717e-03 3.431002093525999941e-01 8.013715407490999976e-01 -3.459778923208999823e-01 4.120096077045999894e-01
1.104230586798000013e+00 5.629477957632999727e-03 3.430876414705000266e-01 8.013472691405999493e-01 -3.459580952933999920e-01 4.119872264473999901e-01
1.104669770327999956e+00 5.401783830450999913e-03 3.430742246812000240e-01 8.013228529057999650e-01 -3.459397058822000215e-01 4.119639870856000030e-01
1.105108953857000031e+00 5.165389110937000303e-03 3.430601359352999924e-01 8.012984212810999596e-01 -3.459222084897000116e-01 4.119406677506999848e-01
1.105548137386999974e+00 4.939539561165999688e-03 3.430464696901999733e-01 8.012739492979999989e-01 -3.459037075713999876e-01 4.119175655421000171e-01
1.105987320916999916e+00 4.734475930415000394e-03 3.430333362699999888e-01 8.012496236266000160e-01 -3.458838365506999857e-01 4.118939006896000232e-01
1.106426504445999992e+00 4.527633894920999810e-03 3.430195156674000212e-01 8.012253658778000220e-01 -3.458643136708000054e-01 4.118686323188999743e-01
1.106865687975999935e+00 4.294325791533999681e-03 3.430044085405000165e-01 8.012004420687000028e-01 -3.458464192321000219e-01 4.118416543728999901e-01
1.107304871505000010e+00 4.045644648131000408e-03 3.429892276975000098e-01 8.011743430564000068e-01 -3.458292719166000118e-01 4.118139179463999877e-01
1.107744055034999953e+00 3.815543746646000035e-03 3.429753196756000211e-01 8.011477723880999768e-01 -3.458111940138000051e-01 4.117864793259999878e-01
1.108183238564999895e+00 3.618234117517000158e-03 3.429620657883999946e-01 8.011218466445000352e-01 -3.457918525709000046e-01 4.117595774769000072e-01
1.108622422093999971e+00 3.434486948918999850e-03 3.429477245072999891e-01 8.010963964748000210e-01 -3.457723696171999817e-01 4.117325055161000225e-01
1.109061605623999913e+00 3.235722935995999795e-03 3.429320346388999852e-01 8.010700696742000249e-01 -3.457538889244000102e-01 4.117042344490999817e-01
1.109500789154000078e+00 3.010478729327999928e-03 3.429165179706000210e-01 8.010422943789999861e-01 -3.457365775890000048e-01 4.116743056709000204e-01
1.109939972682999931e+00 2.772692208789999824e-03 3.429020157848999828e-01 8.010140871062000345e-01 -3.457196188018999972e-01 4.116432970844999817e-01
1.110379156213000096e+00 2.552789067508999879e-03 3.428874251044999877e-01 8.009864190707000065e-01 -3.457018402311000105e-01 4.116123250584999838e-01
1.110818339741999949e+00 2.371409820552000149e-03 3.428716413157000265e-01 8.009587724651000551e-01 -3.456828449871000020e-01 4.115819327229999769e-01
1.111257523271999892e+00 2.211393836358000083e-03 3.428554811419000092e-01 8.009301540951000442e-01 -3.456637720026000116e-01 4.115515532483999817e-01
1.111696706802000056e+00 2.028315127567000085e-03 3.428404054254999833e-01 8.009007441983000408e-01 -3.456462235748999912e-01 4.115202129450000190e-01
1.112135890330999910e+00 1.804664346059999978e-03 3.428261079259000144e-01 8.008713909803000242e-01 -3.456300924722000012e-01 4.114876492933999819e-01
1.112575073861000075e+00 1.579948671552999914e-03 3.428108811791999999e-01 8.008419280298999521e-01 -3.456133968383999777e-01 4.114545166711999769e-01
1.113014257391000017e+00 1.402600166461999941e-03 3.427941812017999967e-01 8.008113538432000134e-01 -3.455949353769000032e-01 4.114215307381000053e-01
1.113453440920000093e+00 1.261490508915999930e-03 3.427773849899999892e-01 8.007796916687000000e-01 -3.455760854791999903e-01 4.113886568822999745e-01
1.113892624450000035e+00 1.098375926416999930e-03 3.427617291525000276e-01 8.007483013273000161e-01 -3.455588727808999727e-01 4.113552449715999759e-01
1.114331807979000111e+00 8.898987394698999959e-04 3.427466923435000257e-01 8.007178403718999693e-01 -3.455431228440000169e-01 4.113208507746999865e-01
1.114770991509000053e+00 6.808036321885000157e-04 3.427309923510999945e-01 8.006870501067000490e-01 -3.455269950404000201e-01 4.112857994242000159e-01
1.115210175038999996e+00 5.198524384783000107e-04 3.427143255228000118e-01 8.006544152647999679e-01 -3.455097888338000134e-01 4.112508732660999922e-01
1.115649358568000071e+00 3.938029827463999997e-04 3.426974486384000151e-01 8.006202528868999746e-01 -3.454925042411999825e-01 4.112164006821000251e-01
1.116088542098000014e+00 2.516370201460999879e-04 3.426810856792000259e-01 8.005861646923999597e-01 -3.454757889857000275e-01 4.111817428983999823e-01
1.116527725627999956e+00 7.399672791878999698e-05 3.426653362034000061e-01 8.005528758512999721e-01 -3.454591790907000082e-01 4.111459342200000089e-01
1.116966909157000032e+00 -1.117621779394999994e-04 3.426497695522000009e-01 8.005196549352999735e-01 -3.454426223477999880e-01 4.111089063485000028e-01
1.117406092686999974e+00 -2.752201782854000176e-04 3.426336442064999988e-01 8.004856919792999737e-01 -3.454268989043999816e-01 4.110717387576000026e-01
1.117845276216999917e+00 -4.122525877010000035e-04 3.426164512250999827e-01 8.004509875098999583e-01 -3.454118922832999927e-01 4.110353764665000131e-01
1.118284459745999992e+00 -5.343199938008000131e-04 3.425987160362000128e-01 8.004157448166000499e-01 -3.453962075288000144e-01 4.109993684759999932e-01
1.118723643275999935e+00 -6.552688879208999747e-04 3.425818222927999868e-01 8.003798624193000366e-01 -3.453794541399999862e-01 4.109624162455999818e-01
1.119162826805000011e+00 -7.901087915233999696e-04 3.425664269954999952e-01 8.003434636528999890e-01 -3.453632327342999742e-01 4.109241060905000076e-01
1.119602010334999953e+00 -9.433999350403999640e-04 3.425513683495999828e-01 8.003071802147999625e-01 -3.453486106172000136e-01 4.108854194600999876e-01
1.120041193864999896e+00 -1.095186284519000103e-03 3.425348580316999736e-01 8.002713194892000503e-01 -3.453342334464999941e-01 4.108472868042000181e-01
1.120480377393999971e+00 -1.219034873659000096e-03 3.425166649715999934e-01 8.002352439287000463e-01 -3.453185845508000007e-01 4.108093183809999882e-01
1.120919560923999914e+00 -1.317252928949000064e-03 3.424984464397999862e-01 8.001981767011999702e-01 -3.453026600249999856e-01 4.107705734352999905e-01
1.121358744454000078e+00 -1.417579956713000029e-03 3.424818005717999991e-01 8.001602836386000339e-01 -3.452882900249999998e-01 4.107310962005000232e-01
1.121797927982999932e+00 -1.532487880518000004e-03 3.424665121652999966e-01 8.001223552399000516e-01 -3.452749003100000214e-01 4.106917494087000131e-01
1.122237111513000096e+00 -1.646261360796000056e-03 3.424509695735000192e-01 8.000846628915999625e-01 -3.452604449082000149e-01 4.106525911230999859e-01
1.122676295041999950e+00 -1.747807566623999984e-03 3.424340042701000120e-01 8.000467984675999622e-01 -3.452449817918999964e-01 4.106125020883999999e-01
1.123115478571999892e+00 -1.847421806333000068e-03 3.424160342534000034e-01 8.000085532831000545e-01 -3.452305764124999898e-01 4.105709519637000260e-01
1.123554662102000057e+00 -1.948614867338000021e-03 3.423984455963999807e-01 7.999702330504000480e-01 -3.452176226183000241e-01 4.105292713313999919e-01
1.123993845630999910e+00 -2.033690623247999974e-03 3.423820238981999942e-01 7.999319640765000239e-01 -3.452040992734999869e-01 4.104891269372999973e-01
1.124433029161000075e+00 -2.098200912351000022e-03 3.423661702661000006e-01 7.998933546408000250e-01 -3.451891922463000140e-01 4.104500173248999961e-01
1.124872212691000017e+00 -2.170538359711999838e-03 3.423497621716999895e-01 7.998541984382999681e-01 -3.451749355745999948e-01 4.104094676801999797e-01
1.125311396220000093e+00 -2.267352058504000078e-03 3.423325524813000120e-01 7.998149967662000481e-01 -3.451628569553000236e-01 4.103660830277000016e-01
1.125750579750000036e+00 -2.355149508288999823e-03 3.423152896691999958e-01 7.997762848853999795e-01 -3.451512976248999887e-01 4.103214947750999930e-01
1.126189763279999978e+00 -2.396280380311999973e-03 3.422985381972000196e-01 7.997377695241000284e-01 -3.451379420687000210e-01 4.102784868323000045e-01
1.126628946809000054e+00 -2.415279349263999877e-03 3.422820325822999998e-01 7.996987129482000523e-01 -3.451232821067999890e-01 4.102376548210999729e-01
1.127068130338999996e+00 -2.470200776962000033e-03 3.422653765859999808e-01 7.996590585863000422e-01 -3.451095379226999937e-01 4.101968455978000083e-01
1.127507313868000072e+00 -2.562598556961000022e-03 3.422486627228999989e-01 7.996195966021000245e-01 -3.450973979445999817e-01 4.101538645221000090e-01
1.127946497398000014e+00 -2.629593656286999953e-03 3.422319883305999788e-01 7.995809101444999456e-01 -3.450858411616000154e-01 4.101088564020000105e-01
1.128385680927999957e+00 -2.636447445035999902e-03 3.422150738193999731e-01 7.995426370027000074e-01 -3.450742048427999920e-01 4.100636810830000090e-01
1.128824864457000032e+00 -2.625450880036999963e-03 3.421979629808000190e-01 7.995040239596999943e-01 -3.450623927882999764e-01 4.100196264891000086e-01
1.129264047986999975e+00 -2.647620322661999818e-03 3.421813816823999765e-01 7.994648709810000531e-01 -3.450498263012999889e-01 4.099763416650000214e-01
1.129703231516999917e+00 -2.691096674909999875e-03 3.421655677000000062e-01 7.994256129357000251e-01 -3.450363271103000229e-01 4.099326818915000059e-01
1.130142415045999993e+00 -2.714346862948999878e-03 3.421494301358999901e-01 7.993866981495000301e-01 -3.450234785437999996e-01 4.098879732906999807e-01
1.130581598575999935e+00 -2.714373831102000114e-03 3.421319945638000015e-01 7.993482534985999477e-01 -3.450128557168999910e-01 4.098424795032000190e-01
1.131020782105000011e+00 -2.715612296974000139e-03 3.421141479570999899e-01 7.993102530997000521e-01 -3.450032005399000234e-01 4.097970408257999853e-01
1.131459965634999953e+00 -2.714986934446000141e-03 3.420975567858000055e-01 7.992726129685000513e-01 -3.449917364810999865e-01 4.097522357816000271e-01
1.131899149164999896e+00 -2.689648495311999961e-03 3.420821425525999993e-01 7.992350714140999957e-01 -3.449783276178999825e-01 4.097076313715000140e-01
1.132338332693999972e+00 -2.649027825416999920e-03 3.420662311750000129e-01 7.991973396277000097e-01 -3.449658261392000158e-01 4.096620971953000012e-01
1.132777516223999914e+00 -2.627465713461000184e-03 3.420492037162999877e-01 7.991595386705000470e-01 -3.449557726808000213e-01 4.096153160557000072e-01
1.133216699754000079e+00 -2.623625351118999850e-03 3.420322024699000152e-01 7.991222001554999510e-01 -3.449462387685000020e-01 4.095686621624999857e-01
1.133655883282999932e+00 -2.595920591129000175e-03 3.420158374109000254e-01 7.990856018815000184e-01 -3.449350132576999850e-01 4.095237113685999963e-01
1.134095066813000097e+00 -2.528318344209000163e-03 3.419991639859999988e-01 7.990493524738999653e-01 -3.449227136726000231e-01 4.094798998795000089e-01
1.134534250343000039e+00 -2.455328156628999812e-03 3.419818545039999824e-01 7.990129686818999710e-01 -3.449112173619000021e-01 4.094348121740999935e-01
1.134973433871999893e+00 -2.404261995233000163e-03 3.419654003108000273e-01 7.989766776371000079e-01 -3.449007854116999949e-01 4.093873522341999749e-01
1.135412617402000057e+00 -2.355018684478999910e-03 3.419505597954999865e-01 7.989411576774999579e-01 -3.448904788739000082e-01 4.093395547458000272e-01
1.135851800930999911e+00 -2.281791301605000117e-03 3.419353026504000082e-01 7.989064772945999593e-01 -3.448800736914999776e-01 4.092941007329999881e-01
1.136290984461000075e+00 -2.195896149819999855e-03 3.419175192030000088e-01 7.988718636073000035e-01 -3.448697678261000155e-01 4.092506896591999732e-01
1.136730167991000018e+00 -2.115085521846000061e-03 3.418986765050999743e-01 7.988368214076999596e-01 -3.448590066260999731e-01 4.092064269489000261e-01
1.137169351520000093e+00 -2.024394852595999984e-03 3.418821403924000024e-01 7.988019928352999566e-01 -3.448473985062999736e-01 4.091598231908999961e-01
1.137608535050000036e+00 -1.907346214093999992e-03 3.418681837077999774e-01 7.987683397128000351e-01 -3.448360553773999748e-01 4.091127843139999998e-01
1.138047718579999978e+00 -1.788743246892999942e-03 3.418534231365999987e-01 7.987357304972000360e-01 -3.448262409951999841e-01 4.090678714479000222e-01
1.138486902109000054e+00 -1.699020496077999947e-03 3.418357310580000252e-01 7.987030682639000290e-01 -3.448171849618000273e-01 4.090248712392999808e-01
1.138926085638999997e+00 -1.613497360353000022e-03 3.418171420505000113e-01 7.986698800614999705e-01 -3.448069928667999995e-01 4.089814274813999839e-01
1.139365269168000072e+00 -1.480059093607999973e-03 3.418005977686000008e-01 7.986370291847999514e-01 -3.447954646945000090e-01 4.089364604913000023e-01
1.139804452698000015e+00 -1.302591692767000094e-03 3.417858698189999989e-01 7.986054547684999783e-01 -3.447842965244000135e-01 4.088914309284000237e-01
1.140243636227999957e+00 -1.142612145085000102e-03 3.417705524661999728e-01 7.985748224591999733e-01 -3.447744784685000119e-01 4.088480817783000099e-01
1.140682819757000033e+00 -1.029058095870000102e-03 3.417537440294999840e-01 7.985441012527999538e-01 -3.447650776133999728e-01 4.088062038554000077e-01
1.141122003286999975e+00 -9.172463102099999736e-04 3.417366572100000166e-01 7.985131070915000295e-01 -3.447548731712000158e-01 4.087642986064000117e-01
1.141561186816999918e+00 -7.580662278698000172e-04 3.417201785551999826e-01 7.984826120517000136e-01 -3.447439031803999909e-01 4.087217032200999856e-01
1.142000370345999993e+00 -5.641565659691000472e-04 3.417038521979000043e-01 7.984529793718000423e-01 -3.447330169751000040e-01 4.086792554106999931e-01
1.142439553875999936e+00 -3.783146272601999819e-04 3.416873609603999773e-01 7.984236463467999645e-01 -3.447228223373999811e-01 4.086380922226999779e-01
1.142878737405000011e+00 -2.112595160581999889e-04 3.416712890683000214e-01 7.983942893820999975e-01 -3.447132751683000262e-01 4.085984054337000182e-01
1.143317920934999954e+00 -4.459941700605999737e-05 3.416558258224999811e-01 7.983655889166999531e-01 -3.447036170807999955e-01 4.085594186695000185e-01
1.143757104464999896e+00 1.308978917271000017e-04 3.416399687198000135e-01 7.983380784967000210e-01 -3.446929044293000066e-01 4.085202760855000115e-01
1.144196287993999972e+00 3.154265264017000058e-04 3.416229025513999873e-01 7.983108884595000454e-01 -3.446813723902000248e-01 4.084809104091000065e-01
1.144635471523999914e+00 5.184092618219000468e-04 3.416054601831999826e-01 7.982827472440999772e-01 -3.446707067811000114e-01 4.084421512899000239e-01
1.145074655054000079e+00 7.409326043282999947e-04 3.415892418822000232e-01 7.982540453130000380e-01 -3.446617827431999737e-01 4.084049086377999904e-01
1.145513838582999933e+00 9.557141755852000030e-04 3.415744340422999792e-01 7.982266550398999794e-01 -3.446528550890000098e-01 4.083692103048999766e-01
1.145953022113000097e+00 1.141581019152000101e-03 3.415593407515999935e-01 7.982013347941999681e-01 -3.446417625136000140e-01 4.083342551618999727e-01
1.146392205643000040e+00 1.325545096707999920e-03 3.415424516848999947e-01 7.981764327421999594e-01 -3.446293968590999901e-01 4.082994633729999934e-01
1.146831389171999893e+00 1.550178605878000044e-03 3.415245139192999990e-01 7.981500262335999851e-01 -3.446186510224999999e-01 4.082650938355000259e-01
1.147270572702000058e+00 1.806419016998000093e-03 3.415078091493999879e-01 7.981225733528000132e-01 -3.446099490446000169e-01 4.082316251981000232e-01
1.147709756230999911e+00 2.043321425223999961e-03 3.414932345892999765e-01 7.980962355058000002e-01 -3.446005391197000112e-01 4.081990168619999970e-01
1.148148939761000076e+00 2.245368288286999931e-03 3.414789091366999818e-01 7.980718356600999819e-01 -3.445889367928999802e-01 4.081670808098999959e-01
1.148588123291000018e+00 2.453139544181000189e-03 3.414624908459999997e-01 7.980478240703999804e-01 -3.445772576978999857e-01 4.081362070385999852e-01
1.149027306820000094e+00 2.696120803266999991e-03 3.414443849582999846e-01 7.980225846127000366e-01 -3.445675623394999776e-01 4.081069606753000012e-01
1.149466490350000036e+00 2.950990828187000006e-03 3.414273213924000072e-01 7.979965930012999920e-01 -3.445583832951999992e-01 4.080790184550999733e-01
1.149905673879999979e+00 3.188245360011999954e-03 3.414126365699000076e-01 7.979714532498000112e-01 -3.445472224209000234e-01 4.080512993918000153e-01
1.150344857409000054e+00 3.418656020081999817e-03 3.413984984074999729e-01 7.979475431561999788e-01 -3.445347148824999817e-01 4.080234060726000145e-01
1.150784040938999997e+00 3.662890942900000075e-03 3.413826298632999801e-01 7.979237143098999452e-01 -3.445236021033999951e-01 4.079962928536999822e-01
1.151223224468000073e+00 3.909932612319999903e-03 3.413654214578000223e-01 7.978991026624999705e-01 -3.445144904931999874e-01 4.079710774920999872e-01
1.151662407998000015e+00 4.142904062466999660e-03 3.413489214125999816e-01 7.978741607634000088e-01 -3.445052064708000183e-01 4.079476510614000184e-01
1.152101591527999958e+00 4.378780411120999742e-03 3.413336854453000169e-01 7.978496701960999804e-01 -3.444940644748000214e-01 4.079249615030000053e-01
1.152540775057000033e+00 4.640246280421999638e-03 3.413184617687999856e-01 7.978255750791000134e-01 -3.444816214888000161e-01 4.079023756744999951e-01
1.152979958586999976e+00 4.907558798524999828e-03 3.413026505330999938e-01 7.978012918343000415e-01 -3.444692908459999758e-01 4.078802539436999774e-01
1.153419142116999918e+00 5.144326575835999824e-03 3.412870949715999802e-01 7.977766516233000260e-01 -3.444580254192999846e-01 4.078593294687000159e-01
1.153858325645999994e+00 5.360337789518000197e-03 3.412721391360999945e-01 7.977519722750000541e-01 -3.444481820306999897e-01 4.078399621921999785e-01
1.154297509175999936e+00 5.600522044304999912e-03 3.412567485510999976e-01 7.977274439974999520e-01 -3.444389522030000261e-01 4.078219198586000016e-01
1.154736692706000101e+00 5.872913603120999762e-03 3.412404059711000026e-01 7.977029279176000021e-01 -3.444282324315000032e-01 4.078045357423999984e-01
1.155175876234999954e+00 6.136208010801999686e-03 3.412243845490000038e-01 7.976782633798999989e-01 -3.444149408696000059e-01 4.077872198233000178e-01
1.155615059764999897e+00 6.366798881609000114e-03 3.412099231590000059e-01 7.976533982265999745e-01 -3.444011645480999917e-01 4.077701991025999839e-01
1.156054243293999972e+00 6.590888501709000341e-03 3.411961671361000148e-01 7.976282716100000503e-01 -3.443898938177000213e-01 4.077545554774000269e-01
1.156493426823999915e+00 6.833110358484000176e-03 3.411812866623999962e-01 7.976028741941000311e-01 -3.443807842618999970e-01 4.077409984204999893e-01
1.156932610354000079e+00 7.077958862207999954e-03 3.411650779075999784e-01 7.975773576915999863e-01 -3.443705418727999734e-01 4.077287440126000084e-01
1.157371793882999933e+00 7.308184846995999934e-03 3.411491279682000166e-01 7.975517998890000460e-01 -3.443576467571999866e-01 4.077163086871999909e-01
1.157810977413000098e+00 7.541024626777999632e-03 3.411345760698999974e-01 7.975259687878000214e-01 -3.443441017203999754e-01 4.077034414051999844e-01
1.158250160943000040e+00 7.791254625005000073e-03 3.411208835908000059e-01 7.974996620312999607e-01 -3.443319155274000010e-01 4.076914605254000068e-01
1.158689344471999894e+00 8.032048584873999891e-03 3.411069275047999838e-01 7.974731579264999759e-01 -3.443205052045000270e-01 4.076813944928999733e-01
1.159128528002000058e+00 8.235846579384000637e-03 3.410923399213000029e-01 7.974468481109000528e-01 -3.443086634699999982e-01 4.076726177714000143e-01
1.159567711530999912e+00 8.429695535863999944e-03 3.410774434643000230e-01 7.974204411573999618e-01 -3.442965855589000257e-01 4.076639293663000263e-01
1.160006895061000076e+00 8.660356763634000782e-03 3.410625792981000215e-01 7.973931357883999871e-01 -3.442844756483000035e-01 4.076552920127000101e-01
1.160446078591000019e+00 8.917035739977999254e-03 3.410479765141000152e-01 7.973647955250999786e-01 -3.442714475552000053e-01 4.076476075086000184e-01
1.160885262120000094e+00 9.141562314054999666e-03 3.410339153290999903e-01 7.973363587228999849e-01 -3.442575294013999754e-01 4.076411385479999927e-01
1.161324445650000037e+00 9.316141130193999684e-03 3.410205356113000241e-01 7.973086355767999844e-01 -3.442445841003000107e-01 4.076351664253000107e-01
1.161763629179999979e+00 9.489495271875999713e-03 3.410074704621999797e-01 7.972811519821999537e-01 -3.442332652217000022e-01 4.076292166243999926e-01
1.162202812709000055e+00 9.702109466821999886e-03 3.409939432756000088e-01 7.972527839585999976e-01 -3.442211932957000009e-01 4.076237113883000029e-01
1.162641996238999997e+00 9.931339950381999626e-03 3.409795182536999869e-01 7.972232517864999979e-01 -3.442065381698000137e-01 4.076191597496000019e-01
1.163081179768000073e+00 1.013468025900999929e-02 3.409648419444000211e-01 7.971932838201000182e-01 -3.441913838082000243e-01 4.076154371658999853e-01
1.163520363298000015e+00 1.030988977564999999e-02 3.409512581499999917e-01 7.971633964119000382e-01 -3.441785751784000036e-01 4.076122088697999857e-01
1.163959546827999958e+00 1.048137675895000065e-02 3.409391954272000258e-01 7.971332974324000231e-01 -3.441669049887000065e-01 4.076094384676999804e-01
1.164398730357000034e+00 1.065550559065999922e-02 3.409272432777000206e-01 7.971026763805999504e-01 -3.441530010427999997e-01 4.076070652750000134e-01
1.164837913886999976e+00 1.082433937069000006e-02 3.409137373978999852e-01 7.970718348267999964e-01 -3.441369817887000027e-01 4.076047373871999890e-01
1.165277097416999919e+00 1.099441969238000062e-02 3.408992236182999958e-01 7.970410644558999502e-01 -3.441222369876000275e-01 4.076023808383000269e-01
1.165716280945999994e+00 1.117548097118000079e-02 3.408860524117000024e-01 7.970099474066000278e-01 -3.441096783431000228e-01 4.076005924794000035e-01
1.166155464475999937e+00 1.135117145545000081e-02 3.408750231575999878e-01 7.969779059068999860e-01 -3.440962854115000025e-01 4.075998958122999949e-01
1.166594648006000101e+00 1.149624102186000071e-02 3.408638956287000088e-01 7.969451551520999599e-01 -3.440802590188000165e-01 4.075999269760000043e-01
1.167033831534999955e+00 1.161910767324000025e-02 3.408504956566000277e-01 7.969124575018999845e-01 -3.440638622205999808e-01 4.075999247059999830e-01
1.167473015064999897e+00 1.175409814174999991e-02 3.408361028640999879e-01 7.968800200643999521e-01 -3.440494302088999978e-01 4.075997424216999954e-01
1.167912198593999973e+00 1.190996086484999959e-02 3.408238057970999768e-01 7.968472572156000133e-01 -3.440357097503999873e-01 4.075997568415999917e-01
1.168351382123999915e+00 1.205805109650999983e-02 3.408139832145000159e-01 7.968137191695999766e-01 -3.440203845297000185e-01 4.076000415255999765e-01
1.168790565654000080e+00 1.217858324762999961e-02 3.408036638204999802e-01 7.967796899100000330e-01 -3.440037890141000032e-01 4.076004085209000150e-01
1.169229749182999933e+00 1.228812412871999916e-02 3.407907624723000017e-01 7.967456383083999505e-01 -3.439876902783999824e-01 4.076011402611999790e-01
1.169668932713000098e+00 1.240727551733000061e-02 3.407769089025999842e-01 7.967115280640999497e-01 -3.439721757488999887e-01 4.076027495069000084e-01
1.170108116243000040e+00 1.252725896948999988e-02 3.407649547212999730e-01 7.966769997295000127e-01 -3.439561308874000134e-01 4.076048693382999799e-01
1.170547299771999894e+00 1.262879524427000001e-02 3.407551454243999967e-01 7.966419454433000258e-01 -3.439395238344000183e-01 4.076063447295000253e-01
1.170986483302000059e+00 1.271567678137000036e-02 3.407452553149000196e-01 7.966065797795000014e-01 -3.439230506638000229e-01 4.076068884819999960e-01
1.171425666830999912e+00 1.280682788564000037e-02 3.407337599683999962e-01 7.965711185356999513e-01 -3.439065054389999765e-01 4.076077914083999776e-01
1.171864850361000077e+00 1.290510443761999984e-02 3.407214219981000158e-01 7.965356429765000357e-01 -3.438893976283000087e-01 4.076102392447999989e-01
1.172304033891000019e+00 1.299512957847999937e-02 3.407098698605999787e-01 7.965001183488999992e-01 -3.438722297640000036e-01 4.076135393816999741e-01
1.172743217420000095e+00 1.306822510178999933e-02 3.406996747482000099e-01 7.964643251466999585e-01 -3.438554280380000105e-01 4.076160119096000067e-01
1.173182400950000037e+00 1.313185244206999981e-02 3.406900163136999948e-01 7.964279705278000110e-01 -3.438381034294000216e-01 4.076172909090999830e-01
1.173621584479999980e+00 1.319438734527999917e-02 3.406797068021000241e-01 7.963911161436000308e-01 -3.438196669681999884e-01 4.076186677809000014e-01
1.174060768009000055e+00 1.325418943318000010e-02 3.406684193582000253e-01 7.963542793543000320e-01 -3.438014067826000164e-01 4.076211732201999727e-01
1.174499951538999998e+00 1.330604614960999993e-02 3.406570411800000087e-01 7.963178035614999484e-01 -3.437843830208999751e-01 4.076243283507000048e-01
1.174939135068000073e+00 1.334981253890000011e-02 3.406466431358000091e-01 7.962813445867999995e-01 -3.437670916832999968e-01 4.076271474118000060e-01
1.175378318598000016e+00 1.339050390956000001e-02 3.406371471106999782e-01 7.962443784239999767e-01 -3.437477584752999804e-01 4.076295299023999785e-01
1.175817502127999958e+00 1.343283659665999927e-02 3.406275568327000181e-01 7.962070277952999486e-01 -3.437277541127000124e-01 4.076319994266999758e-01
1.176256685657000034e+00 1.347328509655000041e-02 3.406174688933999994e-01 7.961698476234999600e-01 -3.437096507604999740e-01 4.076345950649000183e-01
1.176695869186999976e+00 1.349727709361000019e-02 3.406074050037999901e-01 7.961328618865000095e-01 -3.436926873782999992e-01 4.076368634868999807e-01
1.177135052716999919e+00 1.349453981354999978e-02 3.405974673541000142e-01 7.960954811675999832e-01 -3.436737367066000082e-01 4.076388631251999795e-01
1.177574236245999995e+00 1.348119935673999965e-02 3.405869948026000182e-01 7.960575469646999913e-01 -3.436526217174999953e-01 4.076414087856000124e-01
1.178013419775999937e+00 1.349013632270000020e-02 3.405762207276000209e-01 7.960197858640000179e-01 -3.436325774289000212e-01 4.076449940785000225e-01
1.178452603306000102e+00 1.352608862072000005e-02 3.405667646368000234e-01 7.959827832846999573e-01 -3.436147567955999960e-01 4.076488805119000136e-01
1.178891786834999955e+00 1.354694032591999969e-02 3.405591291437999879e-01 7.959460267130999966e-01 -3.435962493242000204e-01 4.076517189509999972e-01
1.179330970364999898e+00 1.351326460460000080e-02 3.405510255142999987e-01 7.959085948506999797e-01 -3.435751632258999821e-01 4.076530884747999739e-01
1.179770153893999973e+00 1.344627990041999920e-02 3.405401666126999793e-01 7.958704974693000533e-01 -3.435539328375000201e-01 4.076541489432000120e-01
1.180209337423999916e+00 1.340585724284000003e-02 3.405279304814999852e-01 7.958326292806999769e-01 -3.435350503638999742e-01 4.076565480432999822e-01
1.180648520954000080e+00 1.341068894515000040e-02 3.405178854640000252e-01 7.957954761245999986e-01 -3.435166852159999840e-01 4.076606460007000110e-01
1.181087704482999934e+00 1.341294286693999957e-02 3.405107945199999930e-01 7.957585785615000074e-01 -3.434958157629999786e-01 4.076649808419999799e-01
1.181526888013000098e+00 1.336400213628999994e-02 3.405035559747000007e-01 7.957214061805000238e-01 -3.434733884235000034e-01 4.076677171959000034e-01
1.181966071543000041e+00 1.327640594202000000e-02 3.404936785125999843e-01 7.956840982434000287e-01 -3.434526774905000135e-01 4.076686393705999945e-01
1.182405255071999894e+00 1.319901270763999997e-02 3.404824610277000230e-01 7.956470106417999899e-01 -3.434338955312999930e-01 4.076694367304000144e-01
1.182844438602000059e+00 1.315123350817999984e-02 3.404724979270999929e-01 7.956100816536999520e-01 -3.434141839218000092e-01 4.076718248653000143e-01
1.183283622130999913e+00 1.310835061585000072e-02 3.404640115229000119e-01 7.955731316637000283e-01 -3.433924562112000145e-01 4.076756140846000132e-01
1.183722805661000077e+00 1.304169249002000083e-02 3.404554309144000035e-01 7.955363952473000211e-01 -3.433707068976999954e-01 4.076790047461000266e-01
1.184161989191000020e+00 1.294801450839999993e-02 3.404462145089000025e-01 7.955001614104000307e-01 -3.433502970546999933e-01 4.076807306917999973e-01
1.184601172720000095e+00 1.284191348623999959e-02 3.404370439866999942e-01 7.954640991178999476e-01 -3.433300998505999790e-01 4.076814380534999893e-01
1.185040356250000038e+00 1.273976776215000016e-02 3.404279341245999846e-01 7.954276057286000512e-01 -3.433090580359999811e-01 4.076827146956999992e-01
1.185479539779999980e+00 1.265064992997000023e-02 3.404181829367000089e-01 7.953908443974999631e-01 -3.432878960435000182e-01 4.076851222292000032e-01
1.185918723309000056e+00 1.256624750020999930e-02 3.404080782798000193e-01 7.953547838201999731e-01 -3.432672760163000270e-01 4.076876739490000179e-01
1.186357906838999998e+00 1.246166904213000075e-02 3.403988675394000185e-01 7.953199317963000059e-01 -3.432464747582000264e-01 4.076892163554999837e-01
1.186797090368999941e+00 1.232333688924000005e-02 3.403907303566000020e-01 7.952855227491000267e-01 -3.432250107324000266e-01 4.076898125503000125e-01
1.187236273898000016e+00 1.217309919608999987e-02 3.403822136512000274e-01 7.952503981041000314e-01 -3.432037397775000165e-01 4.076904367370999815e-01
1.187675457427999959e+00 1.204412781081000069e-02 3.403722260618000095e-01 7.952144298190000349e-01 -3.431832341311999990e-01 4.076915728071999756e-01
1.188114640957000034e+00 1.193395849260000044e-02 3.403615450031999834e-01 7.951786323603999840e-01 -3.431626755450000177e-01 4.076926385660999963e-01
1.188553824486999977e+00 1.180605152677000058e-02 3.403517054892999938e-01 7.951439736658999502e-01 -3.431414168367000195e-01 4.076929196442000136e-01
1.188993008016999919e+00 1.164210587989999990e-02 3.403430616775999784e-01 7.951104731738000142e-01 -3.431201773509999775e-01 4.076926279104999828e-01
1.189432191545999995e+00 1.146581848938999990e-02 3.403345370488999877e-01 7.950774370034999761e-01 -3.430996337348999892e-01 4.076925574620999804e-01
1.189871375075999937e+00 1.130321438944000001e-02 3.403249802966999971e-01 7.950441620561999878e-01 -3.430791909843000087e-01 4.076927937568999849e-01
1.190310558606000102e+00 1.114612186620999972e-02 3.403144049496000245e-01 7.950103267175999688e-01 -3.430582324059999744e-01 4.076923520963999792e-01
1.190749742134999956e+00 1.097482921484000014e-02 3.403039569306000045e-01 7.949761208146000069e-01 -3.430373191562000046e-01 4.076904318660999893e-01
1.191188925664999898e+00 1.079375961566999935e-02 3.402946259756000069e-01 7.949422613416999850e-01 -3.430170522286000168e-01 4.076876625302999768e-01
1.191628109193999974e+00 1.061686927405000071e-02 3.402859119510999730e-01 7.949095562996000286e-01 -3.429969340751999884e-01 4.076855089229999840e-01
1.192067292723999916e+00 1.043383471022999928e-02 3.402762175537999978e-01 7.948780523688000477e-01 -3.429764439852999725e-01 4.076844064253999922e-01
1.192506476254000081e+00 1.022432803903999994e-02 3.402649648784000225e-01 7.948467720171999984e-01 -3.429560598577000019e-01 4.076830333204999879e-01
1.192945659782999934e+00 9.999444406684999606e-03 3.402536684511999754e-01 7.948147307723999466e-01 -3.429361217147999796e-01 4.076797763312000056e-01
1.193384843313000099e+00 9.793407289933999185e-03 3.402440187320999732e-01 7.947821746482000016e-01 -3.429159620398999908e-01 4.076745968148999810e-01
1.193824026843000041e+00 9.610157027334999963e-03 3.402354218866999735e-01 7.947503101192999742e-01 -3.428953973491000173e-01 4.076689810692000204e-01
1.194263210371999895e+00 9.411803341660000474e-03 3.402257190096000250e-01 7.947196841057999617e-01 -3.428756923678999979e-01 4.076641450558999846e-01
1.194702393902000059e+00 9.173207184364000691e-03 3.402141747144999950e-01 7.946894068251999510e-01 -3.428574798439000260e-01 4.076597846889999932e-01
1.195141577432000002e+00 8.918989836106000837e-03 3.402023028965999729e-01 7.946584290603000422e-01 -3.428390654815999805e-01 4.076547043668000136e-01
1.195580760961000077e+00 8.685996851166999377e-03 3.401915167187000155e-01 7.946271363950999644e-01 -3.428187651349999809e-01 4.076481930445000068e-01
1.196019944491000020e+00 8.471672125114999494e-03 3.401814201698000195e-01 7.945968859669000350e-01 -3.427978538668000064e-01 4.076404181784000214e-01
1.196459128020000096e+00 8.245266789434000168e-03 3.401709938142999934e-01 7.945680149241000079e-01 -3.427789254183999934e-01 4.076317946120999736e-01
1.196898311550000038e+00 7.995390597448000583e-03 3.401601107487999820e-01 7.945391974633000398e-01 -3.427620024033999901e-01 4.076225510704000188e-01
1.197337495079999981e+00 7.738224936322000112e-03 3.401490045414000130e-01 7.945092097192999470e-01 -3.427446914596999905e-01 4.076129325933000036e-01
1.197776678609000056e+00 7.485324331639999981e-03 3.401374037500000114e-01 7.944786536078000116e-01 -3.427259115988000038e-01 4.076032503873999735e-01
1.198215862138999999e+00 7.231435240140000366e-03 3.401252831870000271e-01 7.944491636648000066e-01 -3.427069908352999850e-01 4.075933568805000240e-01
1.198655045668999941e+00 6.974705679703999996e-03 3.401135346249000158e-01 7.944212098538999678e-01 -3.426889727397999796e-01 4.075823740012999852e-01
1.199094229198000017e+00 6.722560010455000401e-03 3.401026812267999855e-01 7.943935675701999655e-01 -3.426713265137000253e-01 4.075694478337000271e-01
1.199533412727999959e+00 6.471061716957000019e-03 3.400916710058000114e-01 7.943650488318000358e-01 -3.426538197160000077e-01 4.075548095073999733e-01
1.199972596257000035e+00 6.202449644333999854e-03 3.400792652028000185e-01 7.943359465313000189e-01 -3.426372533797000242e-01 4.075397097210000097e-01
1.200411779786999977e+00 5.915307613806999876e-03 3.400660678758999911e-01 7.943073509689999590e-01 -3.426214677325999935e-01 4.075250900255000253e-01
1.200850963316999920e+00 5.636641148605000227e-03 3.400537242600000232e-01 7.942796347773000143e-01 -3.426048757872000028e-01 4.075105013408999999e-01
1.201290146845999995e+00 5.386126740559000169e-03 3.400423897165000264e-01 7.942522333365999998e-01 -3.425871516747999723e-01 4.074945625868999777e-01
1.201729330375999938e+00 5.143084942654000020e-03 3.400305233465999999e-01 7.942246206647000095e-01 -3.425702830958000100e-01 4.074764389625999961e-01
1.202168513906000102e+00 4.871098343969999973e-03 3.400172541618999844e-01 7.941968485284000012e-01 -3.425554938809999839e-01 4.074566768219000101e-01
1.202607697434999956e+00 4.568962488126999955e-03 3.400034959768000187e-01 7.941691613896999513e-01 -3.425410847027999806e-01 4.074365300485000008e-01
1.203046880964999898e+00 4.274338039626000320e-03 3.399903527181000196e-01 7.941416373117999861e-01 -3.425251667383000242e-01 4.074165822388000069e-01
1.203486064495000063e+00 4.014636332085999570e-03 3.399776902937999834e-01 7.941143240449000107e-01 -3.425088262204000200e-01 4.073961619641000009e-01
1.203925248023999917e+00 3.773752120237000053e-03 3.399648348616000071e-01 7.940873026783999977e-01 -3.424943142015000053e-01 4.073741458105999969e-01
1.204364431554000081e+00 3.516140638708999816e-03 3.399516029167000131e-01 7.940604467913999764e-01 -3.424813158546000103e-01 4.073502345978000094e-01
1.204803615082999935e+00 3.230285697931000160e-03 3.399379905552000203e-01 7.940334390057000036e-01 -3.424675319846000043e-01 4.073252440455000234e-01
1.205242798613000099e+00 2.936665505333000033e-03 3.399237740139999797e-01 7.940061856668999551e-01 -3.424523792047999837e-01 4.073000611004999882e-01
1.205681982143000042e+00 2.660164970905000079e-03 3.399091487577000081e-01 7.939789448927999649e-01 -3.424376497359000182e-01 4.072745532384000056e-01
1.206121165671999895e+00 2.406455437191000035e-03 3.398949658532000040e-01 7.939519178684000256e-01 -3.424245481170000160e-01 4.072478402138999809e-01
1.206560349202000060e+00 2.163122575330000182e-03 3.398815255666000068e-01 7.939250090214999833e-01 -3.424122917583999892e-01 4.072195536207000033e-01
1.206999532732000002e+00 1.913585859723000021e-03 3.398678015025999866e-01 7.938981263729000259e-01 -3.423999260735999806e-01 4.071903048218000198e-01
1.207438716261000078e+00 1.648718511111000066e-03 3.398527529477000098e-01 7.938713586318999482e-01 -3.423875510230000030e-01 4.071606776974999731e-01
1.207877899791000020e+00 1.373324938722000075e-03 3.398369019901000265e-01 7.938446275264999796e-01 -3.423752678940999994e-01 4.071302739223999767e-01
1.208317083320000096e+00 1.105292027504000069e-03 3.398216454121000263e-01 7.938175576089999685e-01 -3.423626934903000185e-01 4.070983437030000207e-01
1.208756266850000038e+00 8.623445572831000064e-04 3.398072987563999781e-01 7.937900649889999549e-01 -3.423501704483999930e-01 4.070651000407999875e-01
1.209195450379999981e+00 6.431696998104000258e-04 3.397927998981000175e-01 7.937627202877000077e-01 -3.423388648239999998e-01 4.070316007208000242e-01
1.209634633909000057e+00 4.240378191369999759e-04 3.397772862289000217e-01 7.937359960923999758e-01 -3.423288826340000202e-01 4.069981854656000153e-01
1.210073817438999999e+00 1.816221530845000089e-04 3.397610627341999812e-01 7.937094040543000162e-01 -3.423187071661999981e-01 4.069638132687000143e-01
1.210513000968999942e+00 -7.891031403106000088e-05 3.397448768071000269e-01 7.936820621993999625e-01 -3.423073744442999833e-01 4.069274753627000196e-01
1.210952184498000017e+00 -3.250749548469999820e-04 3.397289943737000217e-01 7.936540584407999477e-01 -3.422959300685000095e-01 4.068897126200999859e-01
1.211391368027999960e+00 -5.322121378792000340e-04 3.397132432157000115e-01 7.936264595645999842e-01 -3.422857629346000019e-01 4.068519568505999939e-01
1.211830551557000035e+00 -7.137563126835000382e-04 3.396973649671999884e-01 7.935997402257000122e-01 -3.422766309076999969e-01 4.068145805687000127e-01
1.212269735086999978e+00 -9.074643926530000368e-04 3.396810267077000067e-01 7.935729729061999915e-01 -3.422674078249999807e-01 4.067764564965000162e-01
1.212708918616999920e+00 -1.130570991868000072e-03 3.396639752473999962e-01 7.935451146937999578e-01 -3.422578339780000256e-01 4.067366052529000076e-01
1.213148102145999996e+00 -1.358588749316000073e-03 3.396465168310999760e-01 7.935165122326000020e-01 -3.422484099706000205e-01 4.066955121094000258e-01
1.213587285675999938e+00 -1.555170849420999934e-03 3.396294467482999790e-01 7.934883663680000199e-01 -3.422393253161999938e-01 4.066543320339000012e-01
1.214026469206000103e+00 -1.715239368923999986e-03 3.396130943314000228e-01 7.934610048508999869e-01 -3.422305696722000024e-01 4.066133099748999724e-01
1.214465652734999956e+00 -1.867517488594999924e-03 3.395966859683999806e-01 7.934335485800000365e-01 -3.422224233833999762e-01 4.065716640515000257e-01
1.214904836264999899e+00 -2.037531850009999864e-03 3.395791207018999946e-01 7.934053071459999940e-01 -3.422147929678999723e-01 4.065288599154999738e-01
1.215344019795000063e+00 -2.220918606606999985e-03 3.395603671244000199e-01 7.933766693923000046e-01 -3.422067613072999892e-01 4.064853185255999923e-01
1.215783203323999917e+00 -2.395083285941999787e-03 3.395416869001999793e-01 7.933482851222000143e-01 -3.421979330875000169e-01 4.064416965852999941e-01
1.216222386854000082e+00 -2.544924145624999964e-03 3.395242274095999768e-01 7.933200412229000076e-01 -3.421895214244000116e-01 4.063979632836999811e-01
1.216661570382999935e+00 -2.671346043673999970e-03 3.395075693453000198e-01 7.932914133553999880e-01 -3.421827482575000023e-01 4.063535673595999875e-01
1.217100753913000100e+00 -2.785336987107000107e-03 3.394900671096000022e-01 7.932624226308000459e-01 -3.421767449090999946e-01 4.063083206222000143e-01
1.217539937443000042e+00 -2.902507382665999933e-03 3.394707952868000200e-01 7.932335757434999524e-01 -3.421696302823000191e-01 4.062627259798999857e-01
1.217979120971999896e+00 -3.034039499745999884e-03 3.394507983962999909e-01 7.932049683074999802e-01 -3.421613764017000237e-01 4.062173483893000148e-01
1.218418304502000060e+00 -3.170800296034999993e-03 3.394318949965000054e-01 7.931760708524999703e-01 -3.421538548886999820e-01 4.061720827267999989e-01
1.218857488032000003e+00 -3.283535514444000172e-03 3.394143521049000078e-01 7.931465363405000302e-01 -3.421479377503000019e-01 4.061262662148000246e-01
1.219296671561000078e+00 -3.354729734601000126e-03 3.393964907400000008e-01 7.931167426263000531e-01 -3.421423017429999769e-01 4.060795340725000258e-01
1.219735855091000021e+00 -3.407217789759000096e-03 3.393768999960999899e-01 7.930872557271999579e-01 -3.421356375888000012e-01 4.060323772268000231e-01
1.220175038620000096e+00 -3.482069901432000188e-03 3.393563089195000271e-01 7.930580488756999724e-01 -3.421284825531000218e-01 4.059856454322000041e-01
1.220614222150000039e+00 -3.584784367789999992e-03 3.393365327089999939e-01 7.930285790414000058e-01 -3.421219998839000187e-01 4.059395283134000221e-01
1.221053405679999981e+00 -3.673757267227999862e-03 3.393180068634999991e-01 7.929985101750000043e-01 -3.421161933703000257e-01 4.058932976647999791e-01
1.221492589209000057e+00 -3.713728113894000041e-03 3.392993355250999987e-01 7.929680549136000067e-01 -3.421103638124999846e-01 4.058462022204999964e-01
1.221931772738999999e+00 -3.722934572330000025e-03 3.392792751008000263e-01 7.929375998494000433e-01 -3.421043988858000207e-01 4.057984063075000258e-01
1.222370956268999942e+00 -3.747408060056999987e-03 3.392582572516000261e-01 7.929072514977999475e-01 -3.420985429867999805e-01 4.057508003495999827e-01
1.222810139798000018e+00 -3.799037801477000119e-03 3.392376131841999820e-01 7.928768628536999596e-01 -3.420925766451999861e-01 4.057040021498999893e-01
1.223249323327999960e+00 -3.844144894819000007e-03 3.392179336105000109e-01 7.928463310079000292e-01 -3.420862643616000009e-01 4.056578088735000032e-01
1.223688506857000036e+00 -3.853178203006000103e-03 3.391986398428999960e-01 7.928156673302000357e-01 -3.420801004221999952e-01 4.056115651641999942e-01
1.224127690386999978e+00 -3.836794092750000097e-03 3.391787949328000096e-01 7.927848098073000394e-01 -3.420746088871999824e-01 4.055647937040000039e-01
1.224566873916999921e+00 -3.822995091989999858e-03 3.391579634683999922e-01 7.927535793507000106e-01 -3.420693112834999883e-01 4.055175151250999810e-01
1.225006057445999996e+00 -3.818398618112000143e-03 3.391365036996999982e-01 7.927219382947999771e-01 -3.420633883561000066e-01 4.054702774582999991e-01
1.225445240975999939e+00 -3.808437846165000067e-03 3.391152520556999783e-01 7.926901682668999749e-01 -3.420570450654000227e-01 4.054238570377999840e-01
1.225884424506000103e+00 -3.783532748857999957e-03 3.390947219264999757e-01 7.926586007268999756e-01 -3.420511579134000169e-01 4.053785280510999733e-01
1.226323608034999957e+00 -3.746620397610000031e-03 3.390745220940000193e-01 7.926271859474000037e-01 -3.420457405123999983e-01 4.053335628227999754e-01
1.226762791564999899e+00 -3.700332691411999889e-03 3.390538509357000074e-01 7.925955259643999717e-01 -3.420398873996000066e-01 4.052879233466000208e-01
1.227201975095000064e+00 -3.644189623363000043e-03 3.390325573201999898e-01 7.925633888886000067e-01 -3.420333136336999869e-01 4.052416221298000276e-01
1.227641158623999917e+00 -3.583357729653000034e-03 3.390112222137999787e-01 7.925309770391000264e-01 -3.420268537405000142e-01 4.051958560630000150e-01
1.228080342154000082e+00 -3.524429635693999974e-03 3.389901391715000045e-01 7.924985426377999520e-01 -3.420210878548000100e-01 4.051514326005999922e-01
1.228519525682999936e+00 -3.461244434138999963e-03 3.389689079145999928e-01 7.924659609369000268e-01 -3.420154032798999877e-01 4.051076448688999965e-01
1.228958709213000100e+00 -3.379845666880999886e-03 3.389473105199000136e-01 7.924329763059000387e-01 -3.420089649306000124e-01 4.050633648792000274e-01
1.229397892743000043e+00 -3.280804892311999909e-03 3.389258263659000181e-01 7.923997380324000472e-01 -3.420019403101999811e-01 4.050187932843000160e-01
1.229837076271999896e+00 -3.181678639241999895e-03 3.389047502263999867e-01 7.923666756952999490e-01 -3.419951362724000243e-01 4.049751543101000051e-01
1.230276259802000061e+00 -3.091257519886999802e-03 3.388835206958999979e-01 7.923337958967999750e-01 -3.419888179268000261e-01 4.049327687252000096e-01
1.230715443332000003e+00 -2.996040009924999786e-03 3.388616738365999859e-01 7.923005469138999501e-01 -3.419824507249000223e-01 4.048905386939999906e-01
1.231154626861000079e+00 -2.881449529195999858e-03 3.388398220486000256e-01 7.922666240033999774e-01 -3.419754415153000160e-01 4.048476705872999792e-01
1.231593810391000021e+00 -2.752534759914999907e-03 3.388186945207000145e-01 7.922325130731000531e-01 -3.419677614109999930e-01 4.048049003454999850e-01
1.232032993920000097e+00 -2.621218370378000217e-03 3.387976974442000189e-01 7.921987912500999540e-01 -3.419599337097000147e-01 4.047633271859999993e-01
1.232472177450000039e+00 -2.486514811352999975e-03 3.387756942142000072e-01 7.921651447234000498e-01 -3.419525696376000123e-01 4.047228019224000106e-01
1.232911360979999982e+00 -2.344492836689999939e-03 3.387530357108000101e-01 7.921307142692000092e-01 -3.419457146916999868e-01 4.046823796199000012e-01
1.233350544509000057e+00 -2.205544490939999845e-03 3.387313519671000250e-01 7.920954447718999702e-01 -3.419385748282999793e-01 4.046418771941999726e-01
1.233789728039000000e+00 -2.077287546472000174e-03 3.387110438099000254e-01 7.920604041527999906e-01 -3.419302539128000196e-01 4.046019414340000231e-01
1.234228911568999942e+00 -1.937248820674000033e-03 3.386904415766999743e-01 7.920263652233000551e-01 -3.419209152973999855e-01 4.045627645677000173e-01
1.234668095098000018e+00 -1.754692170040999914e-03 3.386682282876000150e-01 7.919925816013999587e-01 -3.419117615708999747e-01 4.045238153503000200e-01
1.235107278627999960e+00 -1.544350595949999959e-03 3.386454456001999902e-01 7.919576420902999514e-01 -3.419035748586000123e-01 4.044849624642000152e-01
1.235546462157999903e+00 -1.363418933082999893e-03 3.386239013771000228e-01 7.919213623984000527e-01 -3.418957246463000255e-01 4.044468518495000220e-01
1.235985645686999979e+00 -1.234819852917999963e-03 3.386034782490000006e-01 7.918850743488999866e-01 -3.418870369459999781e-01 4.044097993412000269e-01
1.236424829216999921e+00 -1.103249516605000037e-03 3.385825348400000046e-01 7.918498660556999580e-01 -3.418772489588000063e-01 4.043731916344999733e-01
1.236864012745999997e+00 -9.021964170184999928e-04 3.385605951105999933e-01 7.918152252047000461e-01 -3.418670612161999744e-01 4.043365313735999833e-01
1.237303196275999939e+00 -6.478340937099999561e-04 3.385389783344999737e-01 7.917799207346000179e-01 -3.418570343449999771e-01 4.043003094093000072e-01
1.237742379806000104e+00 -4.226996017461999737e-04 3.385185147506000192e-01 7.917437254814000402e-01 -3.418470751420000231e-01 4.042651188733000223e-01
1.238181563334999957e+00 -2.648480867203999948e-04 3.384981589705000071e-01 7.917074847277000282e-01 -3.418369165658000086e-01 4.042305341797000073e-01
1.238620746864999900e+00 -1.174874088133999976e-04 3.384767056792999940e-01 7.916716289972000054e-01 -3.418264741461000122e-01 4.041957955809999947e-01
1.239059930395000064e+00 9.082176974512999829e-05 3.384547938338000050e-01 7.916355490362999570e-01 -3.418156591516000042e-01 4.041612254497999879e-01
1.239499113923999918e+00 3.513358469386999817e-04 3.384340154273000056e-01 7.915987900226999496e-01 -3.418043737591999753e-01 4.041279057680999820e-01
1.239938297454000082e+00 5.956284617910999985e-04 3.384145407636000025e-01 7.915620735295000321e-01 -3.417928165874999924e-01 4.040959928001000012e-01
1.240377480982999936e+00 7.915534334311000002e-04 3.383948754041000151e-01 7.915263435118999880e-01 -3.417813120291999796e-01 4.040643876069999751e-01
1.240816664513000100e+00 9.767468388287999480e-04 3.383740111433999886e-01 7.914911690107999664e-01 -3.417696909647999770e-01 4.040323462743000138e-01
1.241255848043000043e+00 1.196325696689999997e-03 3.383527537371999738e-01 7.914550647432999630e-01 -3.417573589242999810e-01 4.040005232753000053e-01
1.241695031571999897e+00 1.445832849181000017e-03 3.383324797844000087e-01 7.914175248545000096e-01 -3.417442446126000011e-01 4.039699229252000090e-01
1.242134215102000061e+00 1.692232442640999920e-03 3.383133242951000264e-01 7.913798779101000047e-01 -3.417311537325999904e-01 4.039405136704000143e-01
1.242573398632000004e+00 1.923510232187999967e-03 3.382942651881999940e-01 7.913436147889000294e-01 -3.417186938526999840e-01 4.039115329360999929e-01
1.243012582161000079e+00 2.152349642944000139e-03 3.382746238588000276e-01 7.913084564607000271e-01 -3.417062270064000207e-01 4.038827105155000097e-01
1.243451765691000022e+00 2.386019343754000165e-03 3.382547604923000217e-01 7.912728060113000117e-01 -3.416925606430000206e-01 4.038544761855000220e-01
1.243890949220000097e+00 2.620125136868000065e-03 3.382353168928999843e-01 7.912358633374999561e-01 -3.416775929179999838e-01 4.038271459898999938e-01
1.244330132750000040e+00 2.858030975315999957e-03 3.382164034571000233e-01 7.911985064390999467e-01 -3.416625832174000066e-01 4.038005445269999827e-01
1.244769316279999982e+00 3.110776309459000084e-03 3.381977701950000248e-01 7.911619884724999663e-01 -3.416485660756000131e-01 4.037744316288999769e-01
1.245208499809000058e+00 3.373454043384000074e-03 3.381793407049000222e-01 7.911264418126999765e-01 -3.416350340484999859e-01 4.037488183094000149e-01
1.245647683339000000e+00 3.623756873194999926e-03 3.381611922491999933e-01 7.910910252195000325e-01 -3.416206219521999987e-01 4.037238144684999752e-01
1.246086866868999943e+00 3.854394597469999826e-03 3.381432169215999872e-01 7.910550990611000532e-01 -3.416047821048999733e-01 4.036995312375999956e-01
1.246526050398000018e+00 4.088794666950000198e-03 3.381252011681999958e-01 7.910187868528999466e-01 -3.415882691496999746e-01 4.036761423574999896e-01
1.246965233927999961e+00 4.348870362592000167e-03 3.381072197923999934e-01 7.909825778562999954e-01 -3.415720720400999832e-01 4.036536955623000189e-01
1.247404417457999903e+00 4.620830655608000430e-03 3.380896297857000077e-01 7.909468127279000171e-01 -3.415563983120999958e-01 4.036318823933000011e-01
1.247843600986999979e+00 4.874159128551000010e-03 3.380726035039000044e-01 7.909115419041999884e-01 -3.415407964494999726e-01 4.036103832160000127e-01
1.248282784516999921e+00 5.107722429071999588e-03 3.380559164520999804e-01 7.908765705113000033e-01 -3.415247626687000215e-01 4.035894375856000083e-01
1.248721968045999997e+00 5.351539500015999734e-03 3.380393080222000024e-01 7.908415898332999960e-01 -3.415079518117000168e-01 4.035696042094000235e-01
1.249161151575999940e+00 5.619632197582999714e-03 3.380228407386999812e-01 7.908064650013000296e-01 -3.414902436983000000e-01 4.035508603065000033e-01
1.249600335106000104e+00 5.887209633518000231e-03 3.380067305873999950e-01 7.907714199647000175e-01 -3.414720649126999907e-01 4.035324784416999822e-01
1.250039518634999958e+00 6.129298415475999996e-03 3.379909654041999834e-01 7.907367846177000281e-01 -3.414543295579000048e-01 4.035141104857999927e-01
1.250478702164999900e+00 6.360682861861000417e-03 3.379753138348999819e-01 7.907025772151999865e-01 -3.414374660167999731e-01 4.034965286439999854e-01
1.250917885695000065e+00 6.612872711135999587e-03 3.379596949104999859e-01 7.906685209445000195e-01 -3.414206404142999807e-01 4.034807464578999969e-01
1.251357069223999918e+00 6.883315912951999682e-03 3.379443600643999845e-01 7.906344747587999988e-01 -3.414025960045000141e-01 4.034665909863999755e-01
1.251796252754000083e+00 7.138176227396000016e-03 3.379296306801999883e-01 7.906006412218999913e-01 -3.413832769501999875e-01 4.034527213112000243e-01
1.252235436282999936e+00 7.365831739007000327e-03 3.379155158077000176e-01 7.905672767510999455e-01 -3.413639301158999939e-01 4.034381791423000130e-01
1.252674619813000101e+00 7.595889182922000230e-03 3.379016628739999750e-01 7.905343502577000248e-01 -3.413454380718999870e-01 4.034235493107000137e-01
1.253113803343000043e+00 7.852056691522999940e-03 3.378877173877999907e-01 7.905015898385000517e-01 -3.413272909923000253e-01 4.034103653805999889e-01
1.253552986871999897e+00 8.113639089063000645e-03 3.378737107415999974e-01 7.904688020753000144e-01 -3.413085626362000191e-01 4.033995136206999788e-01
1.253992170402000061e+00 8.347846308433000406e-03 3.378600133772000080e-01 7.904360960748999521e-01 -3.412891562804000190e-01 4.033903602766999996e-01
1.254431353932000004e+00 8.561492076547000049e-03 3.378468784854000151e-01 7.904038083147999494e-01 -3.412695058256999814e-01 4.033813862703999886e-01
1.254870537461000080e+00 8.789220562604999412e-03 3.378341785226999794e-01 7.903721546152000510e-01 -3.412497288436999732e-01 4.033716363131999993e-01
1.255309720991000022e+00 9.037767136271000062e-03 3.378217217255999882e-01 7.903409154441000117e-01 -3.412298604558999804e-01 4.033616319178999765e-01
1.255748904520999965e+00 9.275958879818000519e-03 3.378096261933999922e-01 7.903096229978000542e-01 -3.412103299772999976e-01 4.033528879273000078e-01
1.256188088050000040e+00 9.485006951405000608e-03 3.377980387121000128e-01 7.902782081971999606e-01 -3.411912090167000255e-01 4.033464234135000215e-01
1.256627271579999983e+00 9.687267630390000023e-03 3.377865973036000002e-01 7.902472359193000173e-01 -3.411714763972999997e-01 4.033417106753999781e-01
1.257066455109000058e+00 9.909553954302000034e-03 3.377747356379000032e-01 7.902171554789000352e-01 -3.411503123206999777e-01 4.033372198728000235e-01
1.257505638639000001e+00 1.014228984402999918e-02 3.377626902318999758e-01 7.901874999101999864e-01 -3.411288648069999985e-01 4.033320697544000022e-01
1.257944822168999943e+00 1.035658648797999938e-02 3.377515858317000075e-01 7.901573943656999832e-01 -3.411091276673000050e-01 4.033269684113000020e-01
1.258384005698000019e+00 1.054567545559999958e-02 3.377419913227999726e-01 7.901268841580000313e-01 -3.410908502560999755e-01 4.033233175090999989e-01
1.258823189227999961e+00 1.072690570703999959e-02 3.377328448488999824e-01 7.900970699139999720e-01 -3.410713304717000183e-01 4.033215015991999941e-01
1.259262372757999904e+00 1.091366164683999981e-02 3.377226267887999955e-01 7.900685954225999952e-01 -3.410491460524999741e-01 4.033204581654000198e-01
1.259701556286999979e+00 1.110756700132000015e-02 3.377114717970000068e-01 7.900406422504000492e-01 -3.410264758523999795e-01 4.033191060540000095e-01
1.260140739816999922e+00 1.130901737991999931e-02 3.377011646774999987e-01 7.900120295233999945e-01 -3.410062119439999928e-01 4.033177943735000159e-01
1.260579923345999998e+00 1.151001802851999919e-02 3.376927484027000270e-01 7.899828416238999784e-01 -3.409879155850000232e-01 4.033177896244999894e-01
1.261019106875999940e+00 1.168382443106999978e-02 3.376850334932000042e-01 7.899541717814999586e-01 -3.409685773114000118e-01 4.033194294338999786e-01
1.261458290406000105e+00 1.181363461829000074e-02 3.376762162411000023e-01 7.899264969924999491e-01 -3.409469052704000025e-01 4.033215382427999818e-01
1.261897473934999958e+00 1.193193151222000058e-02 3.376663801941000020e-01 7.898992146747999543e-01 -3.409247794347000093e-01 4.033230533168999932e-01
1.262336657464999901e+00 1.209438922335999943e-02 3.376573347090999766e-01 7.898718026000000059e-01 -3.409042170061999943e-01 4.033245838733999777e-01
1.262775840995000065e+00 1.230178718594999998e-02 3.376500567976999934e-01 7.898444935323000182e-01 -3.408847917658999749e-01 4.033275541713999823e-01
1.263215024523999919e+00 1.248418766073999993e-02 3.376433935959000099e-01 7.898175116093999470e-01 -3.408649023963999936e-01 4.033320942304000067e-01
1.263654208054000083e+00 1.258927219247999926e-02 3.376357559411999887e-01 7.897905262727999975e-01 -3.408441567868000233e-01 4.033368127888999899e-01
1.264093391584000026e+00 1.265649745678000017e-02 3.376272483998000173e-01 7.897633976211999585e-01 -3.408233356356000221e-01 4.033408386681999747e-01
1.264532575113000101e+00 1.276464209021000058e-02 3.376192890242000200e-01 7.897367044198000396e-01 -3.408029033316999912e-01 4.033450680619000139e-01
1.264971758643000044e+00 1.292383265335000052e-02 3.376125608525999966e-01 7.897108078779000451e-01 -3.407827327144999918e-01 4.033507453197999748e-01
1.265410942171999897e+00 1.306782097967999941e-02 3.376063330022999742e-01 7.896850011353000465e-01 -3.407627854179000049e-01 4.033575636223000194e-01
1.265850125702000062e+00 1.315302346714000009e-02 3.375997945950999779e-01 7.896584786482999663e-01 -3.407430268769000015e-01 4.033641225062999935e-01
1.266289309232000004e+00 1.321493739528999990e-02 3.375930763714000138e-01 7.896317143390999549e-01 -3.407230162082000025e-01 4.033699276420000257e-01
1.266728492761000080e+00 1.330562999192000037e-02 3.375865851468000112e-01 7.896058239976999626e-01 -3.407025314570999996e-01 4.033759459167999828e-01
1.267167676291000022e+00 1.341608373227000037e-02 3.375801892829999873e-01 7.895807552282999575e-01 -3.406823104719999828e-01 4.033831511234000078e-01
1.267606859820999965e+00 1.349752926931999976e-02 3.375737521223000082e-01 7.895552898877999937e-01 -3.406631636381000083e-01 4.033913496775999863e-01
1.268046043350000041e+00 1.353752824519999926e-02 3.375678033453999860e-01 7.895289685562999482e-01 -3.406445230249999789e-01 4.033996533650999750e-01
1.268485226879999983e+00 1.357328158764000044e-02 3.375627166840000082e-01 7.895028049121000091e-01 -3.406250107120999959e-01 4.034074675016000033e-01
1.268924410409000059e+00 1.363334439457999925e-02 3.375576376293000225e-01 7.894776002008000448e-01 -3.406045573231000212e-01 4.034147828274999847e-01
1.269363593939000001e+00 1.370247455559000030e-02 3.375514465403000042e-01 7.894526481403000284e-01 -3.405847673699000100e-01 4.034220550527000126e-01
1.269802777468999944e+00 1.375206883337000072e-02 3.375447229053000209e-01 7.894269410459000547e-01 -3.405666574972999738e-01 4.034300156805999960e-01
1.270241960998000019e+00 1.377713507051000000e-02 3.375393192832000233e-01 7.894007962435000136e-01 -3.405490540305000091e-01 4.034390328169000228e-01
1.270681144527999962e+00 1.378921520014999950e-02 3.375355337829000213e-01 7.893752033351999486e-01 -3.405301598255000006e-01 4.034484044955999882e-01
1.271120328057999904e+00 1.379387002119999983e-02 3.375312045923000159e-01 7.893501053729999883e-01 -3.405101043582999809e-01 4.034568796744000263e-01
1.271559511586999980e+00 1.379300961480999996e-02 3.375247291392000082e-01 7.893245535983000050e-01 -3.404908146569999849e-01 4.034642047643000051e-01
1.271998695116999922e+00 1.379561623332999955e-02 3.375177277008999943e-01 7.892983767422999675e-01 -3.404734214696999994e-01 4.034715295258000101e-01
1.272437878645999998e+00 1.380662824283999945e-02 3.375129394897999902e-01 7.892724493180000023e-01 -3.404568169675000200e-01 4.034798495104000016e-01
1.272877062175999940e+00 1.381176861127999915e-02 3.375101186375000228e-01 7.892471429626000123e-01 -3.404391801305000076e-01 4.034887056886999890e-01
1.273316245706000105e+00 1.379139752747999929e-02 3.375061827267999970e-01 7.892216564820000446e-01 -3.404202406556000038e-01 4.034970368370000005e-01
1.273755429234999959e+00 1.374760870782000023e-02 3.374996256762999858e-01 7.891953270110000362e-01 -3.404013983415000166e-01 4.035046798452999739e-01
1.274194612764999901e+00 1.370176360212000018e-02 3.374926254564000194e-01 7.891686447868000442e-01 -3.403839049046000209e-01 4.035121700661000177e-01
1.274633796295000066e+00 1.366476659146000083e-02 3.374877607885000130e-01 7.891423472412000262e-01 -3.403675977869000113e-01 4.035195342992999867e-01
1.275072979823999919e+00 1.362583640239999928e-02 3.374844210719999960e-01 7.891162887896000511e-01 -3.403514563182000185e-01 4.035263398705999927e-01
1.275512163354000084e+00 1.357467198746999983e-02 3.374801092310000250e-01 7.890899361305999671e-01 -3.403348084360999781e-01 4.035327588793999887e-01
1.275951346884000026e+00 1.351775605916000038e-02 3.374741355017000233e-01 7.890633283729999725e-01 -3.403176887571999765e-01 4.035395031776000119e-01
1.276390530413000102e+00 1.346174638956000071e-02 3.374680522588999754e-01 7.890366870192000448e-01 -3.403004509136999811e-01 4.035466139191999924e-01
1.276829713943000044e+00 1.339487275753999986e-02 3.374628959170000164e-01 7.890095952183000527e-01 -3.402835357883999823e-01 4.035532614348000258e-01
1.277268897471999898e+00 1.330324166368000022e-02 3.374579891312000091e-01 7.889816051418999665e-01 -3.402674157566000224e-01 4.035589156584999948e-01
1.277708081002000062e+00 1.319929096418000040e-02 3.374526386805000167e-01 7.889533836775000086e-01 -3.402521756883000181e-01 4.035638395996000161e-01
1.278147264532000005e+00 1.311186344057999921e-02 3.374472359019000112e-01 7.889260827123000253e-01 -3.402371218845999801e-01 4.035682869885000024e-01
1.278586448061000080e+00 1.304423714159000033e-02 3.374420423682000236e-01 7.888995012081000402e-01 -3.402213754324999728e-01 4.035722380449000002e-01
1.279025631591000023e+00 1.296321407137999981e-02 3.374363482439000084e-01 7.888720331319000190e-01 -3.402050309088999747e-01 4.035761903980999987e-01
1.279464815120999965e+00 1.284319585295000052e-02 3.374297708264000217e-01 7.888428558491999976e-01 -3.401891670461000272e-01 4.035809583162000003e-01
1.279903998650000041e+00 1.270450902588000051e-02 3.374232751265999752e-01 7.888131398465999533e-01 -3.401743960092000196e-01 4.035860193986000044e-01
1.280343182179999983e+00 1.258651058715999985e-02 3.374177948461000165e-01 7.887843679871999747e-01 -3.401600048267000020e-01 4.035893224011999902e-01
1.280782365709000059e+00 1.249127209523999936e-02 3.374126108636000265e-01 7.887562620244999989e-01 -3.401451013155999958e-01 4.035899129400000174e-01
1.281221549239000002e+00 1.238127729147999942e-02 3.374062920004000099e-01 7.887273508127999877e-01 -3.401300520828999807e-01 4.035897909478999845e-01
1.281660732768999944e+00 1.223589230064000069e-02 3.373987984994000211e-01 7.886971336411999767e-01 -3.401158554511000132e-01 4.035916248947999940e-01
1.282099916298000020e+00 1.208175176064000059e-02 3.373914452074999737e-01 7.886665871742000178e-01 -3.401023492749000177e-01 4.035951115045000037e-01
1.282539099827999962e+00 1.195114036409000019e-02 3.373849164073999818e-01 7.886365756648000547e-01 -3.400882343493999982e-01 4.035972816633999760e-01
1.282978283357999905e+00 1.183292529726999963e-02 3.373784729788000258e-01 7.886067561489999989e-01 -3.400731433793000025e-01 4.035964206884999905e-01
1.283417466886999980e+00 1.169113455939999914e-02 3.373712828298999766e-01 7.885763283100000187e-01 -3.400585311607000061e-01 4.035940358887999957e-01
1.283856650416999923e+00 1.152040560222000048e-02 3.373635064905999847e-01 7.885450921002999936e-01 -3.400457006932999793e-01 4.035924576534000163e-01
1.284295833947000087e+00 1.135235577499999968e-02 3.373556480589999795e-01 7.885133465478000314e-01 -3.400337476067999964e-01 4.035919457516000119e-01
1.284735017475999941e+00 1.120695981719999935e-02 3.373476576027000240e-01 7.884813303647000282e-01 -3.400206271074999731e-01 4.035910699163999804e-01
1.285174201006000105e+00 1.106664765955000032e-02 3.373392909003999907e-01 7.884492513591999652e-01 -3.400059932244000049e-01 4.035888799774999813e-01
1.285613384534999959e+00 1.090752352775000052e-02 3.373307986708000139e-01 7.884174110850999950e-01 -3.399917332869999975e-01 4.035855635757999993e-01
1.286052568064999901e+00 1.073155501924000048e-02 3.373225365513000118e-01 7.883857193065999525e-01 -3.399793846024000143e-01 4.035815561100000171e-01
1.286491751595000066e+00 1.055354254690000007e-02 3.373141499125000276e-01 7.883533825081999735e-01 -3.399680822312999839e-01 4.035771111295999858e-01
1.286930935123999920e+00 1.037688050732000003e-02 3.373048746760999861e-01 7.883197280110000316e-01 -3.399558587711999924e-01 4.035725422957999742e-01
1.287370118654000084e+00 1.020033022430999990e-02 3.372946949212000112e-01 7.882852526875000487e-01 -3.399423398076000247e-01 4.035679946820999731e-01
1.287809302184000027e+00 1.003135039364000045e-02 3.372845705388999860e-01 7.882512126217999793e-01 -3.399290610037999927e-01 4.035630069282999943e-01
1.288248485713000102e+00 9.870584869095999983e-03 3.372751801939999905e-01 7.882180612785999463e-01 -3.399171653385000269e-01 4.035569644324999983e-01
1.288687669243000045e+00 9.696870243790999336e-03 3.372658576759000049e-01 7.881848638949999764e-01 -3.399058830516000218e-01 4.035499445708999877e-01
1.289126852771999898e+00 9.493972572164999235e-03 3.372553462969999916e-01 7.881505285365999480e-01 -3.398938456444000056e-01 4.035425479709000007e-01
1.289566036302000063e+00 9.283513212765999445e-03 3.372435307166000151e-01 7.881151449175000101e-01 -3.398811254633000156e-01 4.035349786870000011e-01
1.290005219832000005e+00 9.101228330252999696e-03 3.372317412756999921e-01 7.880796384306000268e-01 -3.398690003586999908e-01 4.035269075194000132e-01
1.290444403361000081e+00 8.942548465434000185e-03 3.372209769978000149e-01 7.880444948613000156e-01 -3.398579559748000078e-01 4.035181851542999909e-01
1.290883586891000023e+00 8.764731767359000558e-03 3.372104070654999841e-01 7.880093759185999858e-01 -3.398470096455000200e-01 4.035090438289999915e-01
1.291322770420999966e+00 8.550018134852000601e-03 3.371984469329999956e-01 7.879738627611999613e-01 -3.398352654765999792e-01 4.034995362316000089e-01
1.291761953950000041e+00 8.333523186856000090e-03 3.371850817468999839e-01 7.879379814617000211e-01 -3.398231781414000063e-01 4.034893628942999855e-01
1.292201137479999984e+00 8.150572822639000348e-03 3.371719779246000193e-01 7.879018722941000252e-01 -3.398116624981000200e-01 4.034784156223999996e-01
1.292640321009000060e+00 7.984301617332999895e-03 3.371599694003999947e-01 7.878654570611000052e-01 -3.398006995855999968e-01 4.034669973610000016e-01
1.293079504539000002e+00 7.792487124277000000e-03 3.371476619363000249e-01 7.878287476116999644e-01 -3.397896749725999865e-01 4.034553033989999871e-01
1.293518688068999944e+00 7.568733180583000174e-03 3.371335320894000009e-01 7.877921070279000348e-01 -3.397785677592999876e-01 4.034431110571999879e-01
1.293957871598000020e+00 7.347184044508000243e-03 3.371184550824000148e-01 7.877557658864999812e-01 -3.397677742119999955e-01 4.034302186502999876e-01
1.294397055127999963e+00 7.153685544710000101e-03 3.371045421073999848e-01 7.877192934246000089e-01 -3.397570508866000205e-01 4.034168263456999748e-01
1.294836238657999905e+00 6.978784819722999577e-03 3.370917960299000260e-01 7.876820658375000006e-01 -3.397457988466999756e-01 4.034031917131999934e-01
1.295275422186999981e+00 6.797689090480000217e-03 3.370778373559000229e-01 7.876442346934999783e-01 -3.397343465736000212e-01 4.033891570454000153e-01
1.295714605716999923e+00 6.595182947380999819e-03 3.370614420992000260e-01 7.876066959505000353e-01 -3.397236869865000175e-01 4.033743107814999895e-01
1.296153789247000088e+00 6.371526342131000366e-03 3.370445403555000219e-01 7.875699191010000488e-01 -3.397137362625999857e-01 4.033585146056000159e-01
1.296592972775999941e+00 6.143604758225999773e-03 3.370294396890000099e-01 7.875332810703999931e-01 -3.397032159369000048e-01 4.033420918819999867e-01
1.297032156306000106e+00 5.938653506161999801e-03 3.370154054000999988e-01 7.874959240329000298e-01 -3.396917861921999737e-01 4.033255394158999918e-01
1.297471339834999959e+00 5.765502860750999596e-03 3.369998041119999788e-01 7.874579318951000495e-01 -3.396808556224999998e-01 4.033090726308999896e-01
1.297910523364999902e+00 5.593408054056000361e-03 3.369820079722999906e-01 7.874201524675999986e-01 -3.396712953484000153e-01 4.032923273585999890e-01
1.298349706895000066e+00 5.384296150084000136e-03 3.369641359475999964e-01 7.873829915229999532e-01 -3.396617076339999985e-01 4.032745603867000095e-01
1.298788890423999920e+00 5.147119205368999931e-03 3.369477606067999842e-01 7.873459463067999931e-01 -3.396504661379999845e-01 4.032554000867000221e-01
1.299228073954000084e+00 4.930385749710999681e-03 3.369317600016999981e-01 7.873084590282000139e-01 -3.396384689138999824e-01 4.032353916192999987e-01
1.299667257484000027e+00 4.753161203551999579e-03 3.369142870988999783e-01 7.872707684259000471e-01 -3.396279697938999753e-01 4.032154799016000046e-01
1.300106441013000103e+00 4.577164911157000429e-03 3.368954465751999861e-01 7.872335732834999655e-01 -3.396191392574999801e-01 4.031959016851999755e-01
1.300545624543000045e+00 4.366181813261999639e-03 3.368767614291000023e-01 7.871970508858999738e-01 -3.396098143333000086e-01 4.031759332895000214e-01
1.300984808071999899e+00 4.140939922736000187e-03 3.368588422175999852e-01 7.871605646368999842e-01 -3.395987462062000084e-01 4.031548213191999963e-01
1.301423991602000063e+00 3.943353898743000296e-03 3.368409409588999925e-01 7.871234189511999713e-01 -3.395871538574999904e-01 4.031325719516999917e-01
1.301863175132000006e+00 3.769618762668000122e-03 3.368224236981000042e-01 7.870857648140000551e-01 -3.395765409986000183e-01 4.031096647631000063e-01
1.302302358661000081e+00 3.579437774222999930e-03 3.368033843038000241e-01 7.870486025098000216e-01 -3.395667190103999755e-01 4.030864185179000025e-01
1.302741542191000024e+00 3.362259799522000076e-03 3.367838695372000202e-01 7.870127445918000397e-01 -3.395568045589000272e-01 4.030629137173000198e-01
1.303180725720999966e+00 3.152024720581000049e-03 3.367637409756000233e-01 7.869777737022000119e-01 -3.395466467411000222e-01 4.030391361091000269e-01
1.303619909250000042e+00 2.971608919423000122e-03 3.367435162879999777e-01 7.869423282738999825e-01 -3.395362759751999748e-01 4.030148231956000027e-01
1.304059092779999984e+00 2.799826447651000087e-03 3.367241546988999912e-01 7.869057013631000075e-01 -3.395253058530999790e-01 4.029895102168999932e-01
1.304498276309999927e+00 2.607925567585999988e-03 3.367054805486000002e-01 7.868688795513000267e-01 -3.395140005082000201e-01 4.029631510212999812e-01
1.304937459839000002e+00 2.400415645578999908e-03 3.366858815409000116e-01 7.868334360815000261e-01 -3.395036392490999866e-01 4.029363811053000011e-01
1.305376643368999945e+00 2.201410641302999852e-03 3.366644044923000068e-01 7.867994908512000451e-01 -3.394945105555999820e-01 4.029096675207999856e-01
1.305815826898000021e+00 2.020573122727999972e-03 3.366423082632999941e-01 7.867655570296999690e-01 -3.394847949063000137e-01 4.028824861786000078e-01
1.306255010427999963e+00 1.850015017409000016e-03 3.366214586988000024e-01 7.867306458935999780e-01 -3.394730711937000156e-01 4.028539930064000130e-01
1.306694193957999905e+00 1.679667520470999988e-03 3.366017728210999871e-01 7.866956334146999463e-01 -3.394608337234999995e-01 4.028243641584999812e-01
1.307133377486999981e+00 1.500693809007000055e-03 3.365815611206000035e-01 7.866618377235999882e-01 -3.394504909664999848e-01 4.027946930681000071e-01
1.307572561016999924e+00 1.308009889582000028e-03 3.365601220798999926e-01 7.866289753102000404e-01 -3.394416062376999776e-01 4.027654289627999873e-01
1.308011744547000088e+00 1.113558130904000049e-03 3.365384527570999817e-01 7.865956793202999453e-01 -3.394314897740999815e-01 4.027356476848000244e-01
1.308450928075999942e+00 9.417187020514999679e-04 3.365172024734000011e-01 7.865617642929999542e-01 -3.394193346066000094e-01 4.027042625828999856e-01
1.308890111606000106e+00 7.957964414099000412e-04 3.364956015998000205e-01 7.865286248035000538e-01 -3.394072652796999989e-01 4.026714440308000187e-01
1.309329295134999960e+00 6.455215322617999848e-04 3.364732362105999908e-01 7.864970921048000108e-01 -3.393968393460000121e-01 4.026383367485000253e-01
1.309768478664999902e+00 4.676659158471999740e-04 3.364513311971999987e-01 7.864661127344999558e-01 -3.393868961368000092e-01 4.026056338376000077e-01
1.310207662195000067e+00 2.828839475667000130e-04 3.364308125141999839e-01 7.864342988229999776e-01 -3.393758806534000194e-01 4.025728936353000220e-01
1.310646845723999920e+00 1.260907145756000065e-04 3.364102466423000148e-01 7.864019068123999645e-01 -3.393642060616999800e-01 4.025391976834999941e-01
1.311086029254000085e+00 -7.200584546591000074e-06 3.363876669824999999e-01 7.863703071495999897e-01 -3.393528975717000074e-01 4.025041504101000145e-01
1.311525212784000027e+00 -1.523293335138000033e-04 3.363638786465000252e-01 7.863400173568000362e-01 -3.393416320188000213e-01 4.024681874164000028e-01
1.311964396313000103e+00 -3.179300742281999893e-04 3.363416575277000109e-01 7.863102906596000086e-01 -3.393298160907000094e-01 4.024320383810000012e-01
1.312403579843000045e+00 -4.732071673208000217e-04 3.363215294117999909e-01 7.862804277623000049e-01 -3.393182236842000044e-01 4.023959148078000148e-01
1.312842763371999899e+00 -5.993443994352000035e-04 3.363007817734000038e-01 7.862504988134999540e-01 -3.393076498647000228e-01 4.023592891471999833e-01
1.313281946902000064e+00 -7.192535716698000327e-04 3.362776319785000245e-01 7.862207645619999630e-01 -3.392969508788000188e-01 4.023216318142999737e-01
1.313721130432000006e+00 -8.587766774277999504e-04 3.362540614756999724e-01 7.861913126834000343e-01 -3.392845063050999865e-01 4.022832317821000148e-01
1.314160313961000082e+00 -1.005571742693000007e-03 3.362326605300000049e-01 7.861624366949000464e-01 -3.392710518015999988e-01 4.022448466192999894e-01
1.314599497491000024e+00 -1.130839364071999998e-03 3.362124809068999798e-01 7.861345009976999920e-01 -3.392589051314999771e-01 4.022065031025999771e-01
1.315038681020999967e+00 -1.234368760182000041e-03 3.361906368779000176e-01 7.861070978006999832e-01 -3.392484845388000214e-01 4.021672620180999913e-01
1.315477864550000042e+00 -1.341593805076999940e-03 3.361670651704000146e-01 7.860791484500999626e-01 -3.392376723439999853e-01 4.021265458762999789e-01
1.315917048079999985e+00 -1.463355696737000076e-03 3.361446538805000217e-01 7.860503666606000195e-01 -3.392249602810000209e-01 4.020851671851999876e-01
1.316356231609999927e+00 -1.582244625873999990e-03 3.361245256529000192e-01 7.860219573590999653e-01 -3.392113626400000137e-01 4.020443959484000240e-01
1.316795415139000003e+00 -1.679612929874000097e-03 3.361041885109999905e-01 7.859951891270999802e-01 -3.391985593776000174e-01 4.020042707038000152e-01
1.317234598668999945e+00 -1.759627196417000005e-03 3.360815344292999995e-01 7.859697181067000216e-01 -3.391867103751999846e-01 4.019635367034999907e-01
1.317673782198000021e+00 -1.842309368245999973e-03 3.360581692164000267e-01 7.859440284224999962e-01 -3.391749374426999974e-01 4.019212474346999797e-01
1.318112965727999963e+00 -1.940119004381000035e-03 3.360368190244000242e-01 7.859172636497000486e-01 -3.391627054306000089e-01 4.018778159304000064e-01
1.318552149257999906e+00 -2.042613360997000069e-03 3.360171550282999853e-01 7.858899541313000281e-01 -3.391498704188999902e-01 4.018343563728999923e-01
1.318991332786999982e+00 -2.123802929112999800e-03 3.359965748938000263e-01 7.858631076373999713e-01 -3.391364060729000207e-01 4.017914829259000009e-01
1.319430516316999924e+00 -2.171983635369000194e-03 3.359743025220000012e-01 7.858372581503000331e-01 -3.391228680824999731e-01 4.017489338085000194e-01
1.319869699847000089e+00 -2.211864942192999853e-03 3.359522821420000138e-01 7.858123491188999665e-01 -3.391101579390000120e-01 4.017059790458000212e-01
1.320308883375999942e+00 -2.279697431012999830e-03 3.359319634753000217e-01 7.857878707213999947e-01 -3.390981079734000092e-01 4.016620325836999794e-01
1.320748066906000107e+00 -2.370677189137999821e-03 3.359123020424999995e-01 7.857630180899000116e-01 -3.390853501803000047e-01 4.016172097167000077e-01
1.321187250434999960e+00 -2.436058184771999844e-03 3.358916508986999894e-01 7.857373109773999609e-01 -3.390713601331999949e-01 4.015723849594000083e-01
1.321626433964999903e+00 -2.450239138979000073e-03 3.358701534785000220e-01 7.857112396076999516e-01 -3.390574269407999886e-01 4.015283003315999744e-01
1.322065617495000067e+00 -2.453940976303000190e-03 3.358492733357000271e-01 7.856858280203999900e-01 -3.390445660879000123e-01 4.014845415737999801e-01
1.322504801023999921e+00 -2.498106675724000129e-03 3.358297343553000025e-01 7.856614219205999561e-01 -3.390317555249000026e-01 4.014399610287999742e-01
1.322943984554000085e+00 -2.565644167664000042e-03 3.358107721263000056e-01 7.856373738848999588e-01 -3.390177158468999918e-01 4.013943261446999977e-01
1.323383168084000028e+00 -2.595299158944000019e-03 3.357911530980999815e-01 7.856130205542000144e-01 -3.390033049455000169e-01 4.013488426467999859e-01
1.323822351613000103e+00 -2.576340790173999896e-03 3.357705179757000113e-01 7.855883752133999698e-01 -3.389901885812999782e-01 4.013045076460999838e-01
1.324261535143000046e+00 -2.564913470050000054e-03 3.357498352632999894e-01 7.855636390882999587e-01 -3.389778274065000097e-01 4.012605883593999834e-01
1.324700718672999988e+00 -2.594334243914999966e-03 3.357304778733999906e-01 7.855387097989999790e-01 -3.389640546545999999e-01 4.012156264169999820e-01
1.325139902202000064e+00 -2.623317410670000186e-03 3.357125518385000174e-01 7.855136366663999503e-01 -3.389485784576000138e-01 4.011696135353000070e-01
1.325579085732000006e+00 -2.604611057001000006e-03 3.356944962876999838e-01 7.854889696232999485e-01 -3.389336215111999895e-01 4.011240746742000263e-01
1.326018269261000082e+00 -2.560313577237000211e-03 3.356750278348999972e-01 7.854649969129999798e-01 -3.389205475672000256e-01 4.010798890073000167e-01
1.326457452791000025e+00 -2.543075964460999889e-03 3.356550519802999899e-01 7.854410392856000511e-01 -3.389079223086000070e-01 4.010360986284999818e-01
1.326896636320999967e+00 -2.551756787716000143e-03 3.356364706791000185e-01 7.854162398256999689e-01 -3.388939134335999803e-01 4.009914212972000014e-01
1.327335819850000043e+00 -2.538267324816999987e-03 3.356193032345999860e-01 7.853908241003000335e-01 -3.388788719392999971e-01 4.009461244461999807e-01
1.327775003379999985e+00 -2.485336539975999993e-03 3.356016173436000005e-01 7.853658000362999658e-01 -3.388642252153999945e-01 4.009015407663999997e-01
1.328214186909999928e+00 -2.425586814011000073e-03 3.355826553728000206e-01 7.853414745548999987e-01 -3.388501770765999788e-01 4.008581301706999889e-01
1.328653370439000003e+00 -2.383491379513000188e-03 3.355642013383999811e-01 7.853170627625000177e-01 -3.388360059141000136e-01 4.008149624894999929e-01
1.329092553968999946e+00 -2.345997355157000003e-03 3.355477417466000145e-01 7.852918898238000489e-01 -3.388216866032999763e-01 4.007711496111999727e-01
1.329531737498000021e+00 -2.298785106611000214e-03 3.355318541692999812e-01 7.852662385497000130e-01 -3.388076815475000170e-01 4.007270117157000211e-01
1.329970921027999964e+00 -2.247838467400000047e-03 3.355142028506000185e-01 7.852407285343000476e-01 -3.387937077784000106e-01 4.006835185982000058e-01
1.330410104557999906e+00 -2.190894026084000065e-03 3.354951991048000237e-01 7.852154934666000230e-01 -3.387791177725000269e-01 4.006410873506000003e-01
1.330849288086999982e+00 -2.108945948433000196e-03 3.354775805140000067e-01 7.851903228033999538e-01 -3.387641291751999906e-01 4.005993166726999899e-01
1.331288471616999924e+00 -2.006883420650999814e-03 3.354624878297999824e-01 7.851650354281000110e-01 -3.387494457904000056e-01 4.005576077551999958e-01
1.331727655147000089e+00 -1.923782541870000008e-03 3.354479425097999790e-01 7.851392994238000078e-01 -3.387350312560999943e-01 4.005156792712000202e-01
1.332166838675999943e+00 -1.874650141279999909e-03 3.354317406765999765e-01 7.851126726424999536e-01 -3.387204575286000274e-01 4.004736517992000255e-01
1.332606022206000107e+00 -1.816590680631000000e-03 3.354142566211000265e-01 7.850854004602000336e-01 -3.387060269252000211e-01 4.004319845420000190e-01
1.333045205736000050e+00 -1.708513988737999940e-03 3.353974286656000170e-01 7.850586375164999575e-01 -3.386921720823000137e-01 4.003912495702999785e-01
1.333484389264999903e+00 -1.575537202712000082e-03 3.353820718093999953e-01 7.850330699397000123e-01 -3.386781253489000165e-01 4.003516244354999865e-01
1.333923572795000068e+00 -1.470835955905000101e-03 3.353673611085999928e-01 7.850076390621000266e-01 -3.386628141829999827e-01 4.003125817532999786e-01
1.334362756323999921e+00 -1.394205897621000022e-03 3.353524304150000135e-01 7.849805879079000404e-01 -3.386469348655999911e-01 4.002733596663999860e-01
1.334801939854000086e+00 -1.298697571208000086e-03 3.353373287185000273e-01 7.849517616329000358e-01 -3.386323215568000089e-01 4.002338134971999972e-01
1.335241123384000028e+00 -1.169458301020999966e-03 3.353223797313999999e-01 7.849229167186999589e-01 -3.386190635340999844e-01 4.001945828987000242e-01
1.335680306913000104e+00 -1.042235312003999973e-03 3.353074587127000128e-01 7.848954714095000007e-01 -3.386051638213000148e-01 4.001563506793999747e-01
1.336119490443000046e+00 -9.375245304370000057e-04 3.352923273671000182e-01 7.848687969994000424e-01 -3.385896418247000272e-01 4.001191675999000164e-01
1.336558673972999989e+00 -8.276464232041000433e-04 3.352773372492999782e-01 7.848412512568999633e-01 -3.385740344511999900e-01 4.000826004947000136e-01
1.336997857502000064e+00 -6.888434555892999737e-04 3.352632703940999770e-01 7.848122239096999575e-01 -3.385597707974999926e-01 4.000462670832000134e-01
1.337437041032000007e+00 -5.424579948763000358e-04 3.352502668055000190e-01 7.847824600120000271e-01 -3.385458848190999737e-01 4.000100232975999925e-01
1.337876224561000083e+00 -4.155783166492000224e-04 3.352372152356999924e-01 7.847528108075000342e-01 -3.385308817509000145e-01 3.999738947282999724e-01
1.338315408091000025e+00 -2.951125916072000130e-04 3.352228352710999726e-01 7.847234711871999835e-01 -3.385153684737000068e-01 3.999381727569000233e-01
1.338754591620999967e+00 -1.549260539802000032e-04 3.352075131184000245e-01 7.846942690507000551e-01 -3.385008807086999916e-01 3.999034150201999926e-01
1.339193775150000043e+00 -2.746279271972000113e-06 3.351932932860000047e-01 7.846649099447999820e-01 -3.384871240446000185e-01 3.998699009935000048e-01
1.339632958679999986e+00 1.374389519454000108e-04 3.351813691960999764e-01 7.846348846067999760e-01 -3.384725290360999783e-01 3.998370790574000133e-01
1.340072142209999928e+00 2.720633130059000216e-04 3.351701941990000155e-01 7.846038383094999791e-01 -3.384570106943000090e-01 3.998040072335000139e-01
1.340511325739000004e+00 4.270350180443999925e-04 3.351572054483999974e-01 7.845722266281000001e-01 -3.384419849470000075e-01 3.997705064766000072e-01
1.340950509268999946e+00 5.985748541672000159e-04 3.351422254745999862e-01 7.845409971946000205e-01 -3.384277662781000062e-01 3.997374850766000076e-01
1.341389692798000022e+00 7.552286437413999621e-04 3.351278269124999820e-01 7.845103413795999625e-01 -3.384131460299000249e-01 3.997058541704999746e-01
1.341828876327999964e+00 8.899852197642000402e-04 3.351159859585000067e-01 7.844793230222000258e-01 -3.383978314757000172e-01 3.996754452863000018e-01
1.342268059857999907e+00 1.032949762032000021e-03 3.351055850469000230e-01 7.844471333783999967e-01 -3.383831143407999842e-01 3.996453411763000174e-01
1.342707243386999982e+00 1.203453785952000041e-03 3.350940215573999792e-01 7.844141894931000447e-01 -3.383693694614999803e-01 3.996150140734999745e-01
1.343146426916999925e+00 1.382735596318999992e-03 3.350804716733000177e-01 7.843814315100999801e-01 -3.383549565794000125e-01 3.995847188014999829e-01
1.343585610447000089e+00 1.548383542709000100e-03 3.350665943257999935e-01 7.843489517262000055e-01 -3.383388690524999909e-01 3.995549511241999752e-01
1.344024793975999943e+00 1.706828705041999903e-03 3.350543360179000230e-01 7.843160698454999524e-01 -3.383227364281000127e-01 3.995260210284000135e-01
1.344463977506000107e+00 1.872561715247999950e-03 3.350438260204000041e-01 7.842825715568000344e-01 -3.383085166541000000e-01 3.994980801140999849e-01
1.344903161036000050e+00 2.039766916257000108e-03 3.350334298061999894e-01 7.842489968345000007e-01 -3.382954409401000007e-01 3.994709921424999810e-01
1.345342344564999904e+00 2.198750104394000138e-03 3.350215214889000204e-01 7.842155689104000071e-01 -3.382811449868999842e-01 3.994440996020999779e-01
1.345781528095000068e+00 2.362320839153999978e-03 3.350082642248999876e-01 7.841816810592000531e-01 -3.382651224120000188e-01 3.994167295184999911e-01
1.346220711623999922e+00 2.548095911047999849e-03 3.349956093918000088e-01 7.841468990558000396e-01 -3.382491266045999923e-01 3.993892049959000268e-01
1.346659895154000086e+00 2.744286487378999866e-03 3.349850769896000058e-01 7.841118179217999584e-01 -3.382343632004999878e-01 3.993627865707000124e-01
1.347099078684000029e+00 2.920781563991000068e-03 3.349756541005999844e-01 7.840772583627000358e-01 -3.382201158043999789e-01 3.993381314748000177e-01
1.347538262213000104e+00 3.072618220657000101e-03 3.349648672441000175e-01 7.840430136932999838e-01 -3.382053899201000191e-01 3.993142511203999767e-01
1.347977445743000047e+00 3.228147117730000015e-03 3.349521167717000036e-01 7.840081517224000152e-01 -3.381903272531999738e-01 3.992896519563999824e-01
1.348416629272999989e+00 3.410163774922999810e-03 3.349396074027000125e-01 7.839724041547999622e-01 -3.381754035623000254e-01 3.992642899021999758e-01
1.348855812802000065e+00 3.608666527633000182e-03 3.349292319443999966e-01 7.839364813470000026e-01 -3.381604458344000252e-01 3.992396407314999784e-01
1.349294996332000007e+00 3.799143762837999851e-03 3.349199291143000190e-01 7.839009399602000494e-01 -3.381451829245999963e-01 3.992167615039999840e-01
1.349734179861000083e+00 3.972648278148999991e-03 3.349094938341999894e-01 7.838654807093999866e-01 -3.381299189820000106e-01 3.991949914549000056e-01
1.350173363391000025e+00 4.139102425459000034e-03 3.348978700160999966e-01 7.838296480166999647e-01 -3.381149643567999963e-01 3.991729335411000057e-01
1.350612546920999968e+00 4.311189734715999838e-03 3.348867700481000242e-01 7.837935679865000171e-01 -3.381000272445000010e-01 3.991502203435999818e-01
1.351051730450000044e+00 4.493249802173000275e-03 3.348766632058000070e-01 7.837575276449999517e-01 -3.380847914710999880e-01 3.991277746513000046e-01
1.351490913979999986e+00 4.680370775517000113e-03 3.348663165597999813e-01 7.837213478722000470e-01 -3.380695703379000272e-01 3.991065190588999889e-01
1.351930097509999928e+00 4.863586321737000361e-03 3.348553237861000009e-01 7.836847867899999764e-01 -3.380547503090000072e-01 3.990863474806999878e-01
1.352369281039000004e+00 5.039917378762999792e-03 3.348449004712000243e-01 7.836482088016000214e-01 -3.380399750692000271e-01 3.990664600957000152e-01
1.352808464568999947e+00 5.217442598399999777e-03 3.348355553203999913e-01 7.836121359505999751e-01 -3.380245527831000074e-01 3.990463889402000031e-01
1.353247648098999889e+00 5.403800170560999622e-03 3.348259168943000241e-01 7.835762939470000132e-01 -3.380085265955000140e-01 3.990264648174000062e-01
1.353686831627999965e+00 5.591602316737999748e-03 3.348149431019000200e-01 7.835398730753000418e-01 -3.379927731760999920e-01 3.990073143351999807e-01
1.354126015157999907e+00 5.766814408867999668e-03 3.348037395273000261e-01 7.835027937249999797e-01 -3.379779609749999914e-01 3.989890489321999967e-01
1.354565198686999983e+00 5.932073102787999846e-03 3.347938659424000152e-01 7.834659573823999912e-01 -3.379637170108000244e-01 3.989711241912999862e-01
1.355004382216999925e+00 6.106957865710999946e-03 3.347849904603000248e-01 7.834299785652999448e-01 -3.379489596253000272e-01 3.989530937729000026e-01
1.355443565747000090e+00 6.299773748398999722e-03 3.347756196312999810e-01 7.833943518082000512e-01 -3.379330293068000257e-01 3.989353086456999820e-01
1.355882749275999943e+00 6.493597578697000300e-03 3.347653422081999786e-01 7.833583068106000358e-01 -3.379164744268999820e-01 3.989185042605999931e-01
1.356321932806000108e+00 6.669974908491999900e-03 3.347549752814000246e-01 7.833218925678000488e-01 -3.379005798217000200e-01 3.989026947204999951e-01
1.356761116336000050e+00 6.834087125688999981e-03 3.347450449652000226e-01 7.832856276649999838e-01 -3.378859629700999845e-01 3.988869898621000276e-01
1.357200299864999904e+00 7.003943845881000115e-03 3.347354328309999905e-01 7.832495756230000161e-01 -3.378718312182000250e-01 3.988708359670999903e-01
1.357639483395000068e+00 7.184395961174000304e-03 3.347261444206000025e-01 7.832135401965000243e-01 -3.378569191777999747e-01 3.988549956231999816e-01
1.358078666923999922e+00 7.366238923171000361e-03 3.347171741803000033e-01 7.831778508383999693e-01 -3.378409304141000158e-01 3.988406487542999757e-01
1.358517850454000087e+00 7.544021720737000176e-03 3.347078664313000163e-01 7.831429954908000202e-01 -3.378246264999000270e-01 3.988276524098000042e-01
1.358957033984000029e+00 7.719121230563999979e-03 3.346976431224000237e-01 7.831085002540000284e-01 -3.378087614784999748e-01 3.988144810327000078e-01
1.359396217513000105e+00 7.889549003636999597e-03 3.346872383612000124e-01 7.830732110800999735e-01 -3.377935464881999805e-01 3.988002118951000097e-01
1.359835401043000047e+00 8.053176728074000826e-03 3.346779833856000086e-01 7.830370375269000149e-01 -3.377789131978999881e-01 3.987859530644999873e-01
1.360274584572999990e+00 8.219151008979999964e-03 3.346698214027000184e-01 7.830014712752000339e-01 -3.377644558594000146e-01 3.987736287786000089e-01
1.360713768102000065e+00 8.398550966963999609e-03 3.346612151951000036e-01 7.829676774142999562e-01 -3.377492529387999820e-01 3.987635309108999992e-01
1.361152951632000008e+00 8.582538239715999454e-03 3.346512691051000132e-01 7.829347816152000261e-01 -3.377328071946000265e-01 3.987537903510999793e-01
1.361592135161000083e+00 8.748372406089999220e-03 3.346408904602999890e-01 7.829010033714000061e-01 -3.377162077256000150e-01 3.987425435768999771e-01
1.362031318691000026e+00 8.892800268060000596e-03 3.346314329565999723e-01 7.828661081393000210e-01 -3.377011265031999998e-01 3.987301825019000101e-01
1.362470502220999968e+00 9.041356402648000404e-03 3.346230130587000140e-01 7.828316378174999812e-01 -3.376873876536000130e-01 3.987189702185999773e-01
1.362909685750000044e+00 9.213762445176000571e-03 3.346146431957000011e-01 7.827986829349999898e-01 -3.376729315959000055e-01 3.987104814265000075e-01
1.363348869279999986e+00 9.395581900329999861e-03 3.346054841416000181e-01 7.827665098361999974e-01 -3.376567830078999743e-01 3.987038502422000086e-01
1.363788052809999929e+00 9.559231014560000406e-03 3.345956093388000041e-01 7.827338540659000143e-01 -3.376405147548999786e-01 3.986967873328999823e-01
1.364227236339000005e+00 9.701793538157000088e-03 3.345858660953999753e-01 7.827007212794000468e-01 -3.376256991096999727e-01 3.986881240190999764e-01
1.364666419868999947e+00 9.843944157232999495e-03 3.345770472995999723e-01 7.826681309070000481e-01 -3.376114286513999807e-01 3.986789915707000254e-01
1.365105603398999889e+00 9.997290734011000241e-03 3.345688689835999985e-01 7.826365335834000181e-01 -3.375960241964999775e-01 3.986714287102999799e-01
1.365544786927999965e+00 1.015219536320999955e-02 3.345600461382999824e-01 7.826053386719999949e-01 -3.375799982991999904e-01 3.986661478961999738e-01
1.365983970457999908e+00 1.029860081822999915e-02 3.345500000671999818e-01 7.825739360244999832e-01 -3.375651652614999887e-01 3.986619708340999879e-01
1.366423153986999983e+00 1.044121245802999941e-02 3.345400268541999789e-01 7.825424540801000362e-01 -3.375514250278999762e-01 3.986573367314000249e-01
1.366862337516999926e+00 1.058741924490999922e-02 3.345316515389999967e-01 7.825113426765000213e-01 -3.375368020715999728e-01 3.986519667337000139e-01
1.367301521047000090e+00 1.073273893817000037e-02 3.345241250373000019e-01 7.824807568603999730e-01 -3.375207176971000145e-01 3.986468937588000250e-01
1.367740704575999944e+00 1.086737201845000035e-02 3.345151515177999801e-01 7.824506247679999804e-01 -3.375049406201000024e-01 3.986431324294000267e-01
1.368179888106000108e+00 1.099067353358999972e-02 3.345043149370999780e-01 7.824209155982000397e-01 -3.374907154810999899e-01 3.986406394154999866e-01
1.368619071636000051e+00 1.111174824171000039e-02 3.344939965129000159e-01 7.823914975517000103e-01 -3.374769722261999894e-01 3.986385701030000228e-01
1.369058255164999904e+00 1.123877611654000054e-02 3.344859968300999964e-01 7.823620084658999829e-01 -3.374623198801999790e-01 3.986363238533999764e-01
1.369497438695000069e+00 1.137171450845999958e-02 3.344788230690999842e-01 7.823322694204000172e-01 -3.374471044778999951e-01 3.986341892640999918e-01
1.369936622223999922e+00 1.150251220397000007e-02 3.344697958587999898e-01 7.823027189808999804e-01 -3.374323327398000005e-01 3.986329595411000071e-01
1.370375805754000087e+00 1.162073375713999941e-02 3.344588095857999877e-01 7.822740477459000363e-01 -3.374179474965999792e-01 3.986329577029000260e-01
1.370814989284000029e+00 1.172354065223999917e-02 3.344482756150000125e-01 7.822463414253000291e-01 -3.374034268169999740e-01 3.986335475482000179e-01
1.371254172813000105e+00 1.182137535579000018e-02 3.344397195182999827e-01 7.822188702311000386e-01 -3.373889944810999908e-01 3.986337798003000144e-01
1.371693356343000048e+00 1.192734330461000039e-02 3.344320472933999810e-01 7.821908731839000151e-01 -3.373749967870999789e-01 3.986335604687000211e-01
1.372132539872999990e+00 1.203909581456000071e-02 3.344233364017999977e-01 7.821623894800000532e-01 -3.373609644930000151e-01 3.986339456581000085e-01
1.372571723402000066e+00 1.214003467218000010e-02 3.344131243562999956e-01 7.821341645213000238e-01 -3.373464336668000052e-01 3.986360190168000139e-01
1.373010906932000008e+00 1.222321306920000003e-02 3.344025107720999812e-01 7.821068251767000490e-01 -3.373318885095000219e-01 3.986395393712000024e-01
1.373450090461000084e+00 1.230387605102999972e-02 3.343927219612000123e-01 7.820802976381999727e-01 -3.373178490466000046e-01 3.986430132739000043e-01
1.373889273991000026e+00 1.239809267488000029e-02 3.343839363475000215e-01 7.820539977489000538e-01 -3.373039086767000150e-01 3.986452683357999960e-01
1.374328457520999969e+00 1.249630866283999928e-02 3.343752181906999854e-01 7.820274202457999646e-01 -3.372897326116000016e-01 3.986468004315000258e-01
1.374767641050000044e+00 1.257283861389999965e-02 3.343655647650000118e-01 7.820004889735999720e-01 -3.372759641852999812e-01 3.986493324993000131e-01
1.375206824579999987e+00 1.262120071153000067e-02 3.343551376109000217e-01 7.819734923969999807e-01 -3.372628735004000178e-01 3.986539864247999887e-01
1.375646008109999929e+00 1.266590852960999998e-02 3.343450523545000164e-01 7.819468516840000216e-01 -3.372492590346999886e-01 3.986600180962999729e-01
1.376085191639000005e+00 1.273314786622000046e-02 3.343357046322000259e-01 7.819208868149000180e-01 -3.372343390609000013e-01 3.986655313215999863e-01
1.376524375168999947e+00 1.281858139469000020e-02 3.343261041200999983e-01 7.818955526559000502e-01 -3.372196522941999786e-01 3.986695005204000108e-01
1.376963558698999890e+00 1.289214528333000077e-02 3.343155310588999951e-01 7.818703034270999552e-01 -3.372069863339999807e-01 3.986729149946000028e-01
1.377402742227999966e+00 1.293148158983000069e-02 3.343049135232999958e-01 7.818444547113999610e-01 -3.371952114403000134e-01 3.986776505428000217e-01
1.377841925757999908e+00 1.294481592916999976e-02 3.342953603020000219e-01 7.818179403467999666e-01 -3.371816626206999845e-01 3.986842395285999929e-01
1.378281109286999984e+00 1.296116356812999915e-02 3.342860856430999728e-01 7.817915831939999949e-01 -3.371663623355000139e-01 3.986912137674999967e-01
1.378720292816999926e+00 1.300052455067999928e-02 3.342754423047000212e-01 7.817662550707999980e-01 -3.371521253283999986e-01 3.986969628922000242e-01
1.379159476347000091e+00 1.305384367795999964e-02 3.342636781784000255e-01 7.817417486927999981e-01 -3.371401282941000055e-01 3.987018165749999787e-01
1.379598659875999944e+00 1.309287861672999917e-02 3.342527747551000128e-01 7.817168952835999995e-01 -3.371281380159000252e-01 3.987075576283000133e-01
1.380037843406000109e+00 1.310110671771999927e-02 3.342433587629000113e-01 7.816910027686999607e-01 -3.371141878989999952e-01 3.987149056097999966e-01
1.380477026936000051e+00 1.309175691775000053e-02 3.342336696388999995e-01 7.816647688272000405e-01 -3.370995494164999995e-01 3.987223871928000096e-01
1.380916210464999905e+00 1.309029878324000085e-02 3.342222943881000274e-01 7.816393339481999547e-01 -3.370864197585000110e-01 3.987282638288000003e-01
1.381355393995000069e+00 1.310259224021999985e-02 3.342102406822000105e-01 7.816147111647000489e-01 -3.370745492098999874e-01 3.987329645689000057e-01
1.381794577523999923e+00 1.311055449731999938e-02 3.341991896720000188e-01 7.815898091740000053e-01 -3.370620585240999834e-01 3.987386525837999796e-01
1.382233761054000087e+00 1.309975289995999985e-02 3.341890094357999885e-01 7.815640169656999925e-01 -3.370483529809000234e-01 3.987464105197999764e-01
1.382672944584000030e+00 1.307802345783000073e-02 3.341783244650999851e-01 7.815380254254999937e-01 -3.370344413135000217e-01 3.987547516114000046e-01
1.383112128113000106e+00 1.305962234528999961e-02 3.341666645074999886e-01 7.815126966919000440e-01 -3.370211784491000118e-01 3.987613739952999836e-01
1.383551311643000048e+00 1.304265053566000011e-02 3.341547354723000129e-01 7.814877315923000056e-01 -3.370086614705000150e-01 3.987658769610000209e-01
1.383990495172999990e+00 1.301499283561000087e-02 3.341430940551999851e-01 7.814621696797999784e-01 -3.369966569755999952e-01 3.987701369434999976e-01
1.384429678702000066e+00 1.297573744522999978e-02 3.341316908615000192e-01 7.814359161869000037e-01 -3.369844173575000101e-01 3.987761021155000196e-01
1.384868862232000009e+00 1.293541497664000076e-02 3.341203679734999765e-01 7.814098932752000515e-01 -3.369709336973000235e-01 3.987836762320000061e-01
1.385308045761999951e+00 1.289666126343000027e-02 3.341088861547000244e-01 7.813845569944000147e-01 -3.369565418120999967e-01 3.987909054752000193e-01
1.385747229291000027e+00 1.285001287707999984e-02 3.340968224031999889e-01 7.813590966203000088e-01 -3.369431943405999941e-01 3.987960678181999841e-01
1.386186412820999969e+00 1.279169532509000055e-02 3.340842242375999804e-01 7.813326146918999626e-01 -3.369317683290999899e-01 3.987994675880999762e-01
1.386625596350000045e+00 1.273141455362000046e-02 3.340718840890000152e-01 7.813055166522000494e-01 -3.369203360647000101e-01 3.988031204522999862e-01
1.387064779879999987e+00 1.267586162506000036e-02 3.340601904398999844e-01 7.812789673311999472e-01 -3.369068694946000253e-01 3.988085416248999815e-01
1.387503963409999930e+00 1.261627396658999978e-02 3.340483395364000074e-01 7.812531878316000267e-01 -3.368924553234000085e-01 3.988149081753000202e-01
1.387943146939000005e+00 1.254175639723000002e-02 3.340355957476000004e-01 7.812271068814999886e-01 -3.368795655222999730e-01 3.988198317662000059e-01
1.388382330468999948e+00 1.245635839623999985e-02 3.340225965458999968e-01 7.811998408353999501e-01 -3.368680498750000196e-01 3.988221780635999858e-01
1.388821513998999890e+00 1.237248161883999949e-02 3.340102429492999847e-01 7.811718259683999577e-01 -3.368555636816000232e-01 3.988236046947000180e-01
1.389260697527999966e+00 1.229317588001999952e-02 3.339980222828000112e-01 7.811440928803999872e-01 -3.368416246870000186e-01 3.988266252543999912e-01
1.389699881057999908e+00 1.221141541068999914e-02 3.339849090600000014e-01 7.811169125985000239e-01 -3.368282918562000017e-01 3.988313843081000010e-01
1.390139064586999984e+00 1.212266233068000007e-02 3.339713523126999761e-01 7.810896892130999580e-01 -3.368164580908999950e-01 3.988353359651000130e-01
1.390578248116999927e+00 1.202740043133000009e-02 3.339585801462000014e-01 7.810619037750999860e-01 -3.368043357737000032e-01 3.988364392752999921e-01
1.391017431647000091e+00 1.192432040593000009e-02 3.339462266675000124e-01 7.810335680516999890e-01 -3.367906208133999990e-01 3.988357587676000238e-01
1.391456615175999945e+00 1.181272379719999939e-02 3.339327198441000011e-01 7.810048266708999876e-01 -3.367766397081000118e-01 3.988360310431999789e-01
1.391895798706000109e+00 1.170032047827000016e-02 3.339181769444999892e-01 7.809757155883000346e-01 -3.367639423354000239e-01 3.988381255280999960e-01
1.392334982236000052e+00 1.159602643312999948e-02 3.339046641262000126e-01 7.809464412086000173e-01 -3.367518569787000260e-01 3.988400703048000095e-01
1.392774165764999905e+00 1.149423101832000062e-02 3.338927965671000253e-01 7.809173632892000283e-01 -3.367390367004000074e-01 3.988397442539000082e-01
1.393213349295000070e+00 1.137939917586999923e-02 3.338802489234999893e-01 7.808884057914999843e-01 -3.367256933262999796e-01 3.988375114202999949e-01
1.393652532825000012e+00 1.124926364724000011e-02 3.338651220259000185e-01 7.808588940576000059e-01 -3.367126202519000189e-01 3.988354727956999746e-01
1.394091716354000088e+00 1.111935643093000040e-02 3.338490723577000052e-01 7.808283716543999997e-01 -3.366994893345999773e-01 3.988346450560000256e-01
1.394530899884000030e+00 1.099846505455999955e-02 3.338351142188000220e-01 7.807972979987000128e-01 -3.366858578613999842e-01 3.988338142380000173e-01
1.394970083413000106e+00 1.087461423167999930e-02 3.338233175868000058e-01 7.807664792633000062e-01 -3.366725611565000165e-01 3.988312660912000096e-01
1.395409266943000048e+00 1.073654103075999920e-02 3.338108136162000195e-01 7.807359657272999742e-01 -3.366602713571000272e-01 3.988269510997999867e-01
1.395848450472999991e+00 1.059511893241999944e-02 3.337958060724999787e-01 7.807050237134000037e-01 -3.366477988864999826e-01 3.988224519049000105e-01
1.396287634002000067e+00 1.046615077949000078e-02 3.337796478862000149e-01 7.806731988263000410e-01 -3.366337814756000246e-01 3.988189950984999954e-01
1.396726817532000009e+00 1.034126907779000029e-02 3.337646005425000117e-01 7.806408877542999614e-01 -3.366191491487000031e-01 3.988159433515999774e-01
1.397166001061999951e+00 1.019791600447999928e-02 3.337510195473999963e-01 7.806086723865000021e-01 -3.366058331023000227e-01 3.988114957584000253e-01
1.397605184591000027e+00 1.003613831521999941e-02 3.337374791796000051e-01 7.805765179793999753e-01 -3.365936678486000089e-01 3.988048151820999809e-01
1.398044368120999970e+00 9.882027957136999691e-03 3.337228259705999900e-01 7.805439491818999542e-01 -3.365807336841000197e-01 3.987971489311000206e-01
1.398483551650000045e+00 9.748728532253999463e-03 3.337073543190999803e-01 7.805107393486999667e-01 -3.365664471027999816e-01 3.987904818147999797e-01
1.398922735179999988e+00 9.615638011334999916e-03 3.336921673491000107e-01 7.804770742614000056e-01 -3.365521549420000258e-01 3.987851009812999892e-01
1.399361918709999930e+00 9.459394671920999184e-03 3.336777465222000028e-01 7.804431972034000520e-01 -3.365386756961000203e-01 3.987790524381999990e-01
1.399801102239000006e+00 9.288498049910999879e-03 3.336632955598000105e-01 7.804092321054999504e-01 -3.365253178880999729e-01 3.987704647142999992e-01
1.400240285768999948e+00 9.128870175733000067e-03 3.336477569278999966e-01 7.803752610198000372e-01 -3.365115871009000115e-01 3.987600218596000223e-01
1.400679469298999891e+00 8.985495251134000341e-03 3.336314582375999871e-01 7.803412284420999656e-01 -3.364979459074000090e-01 3.987502768073000192e-01
1.401118652827999966e+00 8.838951191264000570e-03 3.336159820172999724e-01 7.803067879449000488e-01 -3.364844373633000263e-01 3.987424012131000062e-01
1.401557836357999909e+00 8.676461793163999653e-03 3.336019212815999890e-01 7.802715877610999495e-01 -3.364703070901999826e-01 3.987345428703000239e-01
1.401997019886999984e+00 8.506558321583999882e-03 3.335876582851999839e-01 7.802357854057999642e-01 -3.364555534713000173e-01 3.987241238811999877e-01
1.402436203416999927e+00 8.341056476075000073e-03 3.335714218222999849e-01 7.801999984323999549e-01 -3.364412607312000092e-01 3.987112052310000099e-01
1.402875386947000091e+00 8.180070260696000600e-03 3.335539292267999945e-01 7.801646232857000207e-01 -3.364277851049999879e-01 3.986984716388000116e-01
1.403314570475999945e+00 8.020286383212000061e-03 3.335375658438999857e-01 7.801294072897000387e-01 -3.364140938433999861e-01 3.986878045889999944e-01
1.403753754006000110e+00 7.862637386110000320e-03 3.335230928208000045e-01 7.800937909174000540e-01 -3.363995209203000103e-01 3.986779335751000075e-01
1.404192937536000052e+00 7.703672499282000243e-03 3.335086588610999825e-01 7.800574806750999457e-01 -3.363847335785999926e-01 3.986661632117999843e-01
1.404632121064999906e+00 7.532999220934999754e-03 3.334924175574999761e-01 7.800206115683999686e-01 -3.363703249398000139e-01 3.986517679773000089e-01
1.405071304595000070e+00 7.350286443675999731e-03 3.334748515854000228e-01 7.799835851761000027e-01 -3.363559109290000237e-01 3.986366541701000243e-01
1.405510488125000013e+00 7.173477912665000150e-03 3.334578303824999868e-01 7.799468629053000202e-01 -3.363412956246000229e-01 3.986227430645000180e-01
1.405949671654000088e+00 7.016311410138999921e-03 3.334422297217999875e-01 7.799106424266000204e-01 -3.363269958876000110e-01 3.986097316678000047e-01
1.406388855184000031e+00 6.865727145264999970e-03 3.334271884055000079e-01 7.798745268987999912e-01 -3.363128463091999976e-01 3.985959460890999839e-01
1.406828038713000106e+00 6.697595107929999771e-03 3.334112428948000084e-01 7.798377852278000066e-01 -3.362977498583000213e-01 3.985806692905000115e-01
1.407267222243000049e+00 6.510852655316000381e-03 3.333937626813999744e-01 7.798001954565000338e-01 -3.362817748095000003e-01 3.985646809651000044e-01
1.407706405772999991e+00 6.328586095557999641e-03 3.333756270568000168e-01 7.797624416427999527e-01 -3.362666879801999853e-01 3.985487720293999780e-01
1.408145589302000067e+00 6.164244115594999865e-03 3.333585691011000107e-01 7.797253676881999995e-01 -3.362530844723999879e-01 3.985326877804000190e-01
1.408584772832000009e+00 6.004210754726999923e-03 3.333432663058999990e-01 7.796889878625999915e-01 -3.362388613592999786e-01 3.985158432636000114e-01
1.409023956361999952e+00 5.830718990302999685e-03 3.333281417698999993e-01 7.796525698420000428e-01 -3.362223906392999839e-01 3.984983798930999965e-01
1.409463139891000028e+00 5.647398013364999733e-03 3.333110127771999887e-01 7.796155785756999634e-01 -3.362054962120999968e-01 3.984809080085999766e-01
1.409902323420999970e+00 5.470463743157999610e-03 3.332920121031999749e-01 7.795781601328000132e-01 -3.361908411546000175e-01 3.984635272009000029e-01
1.410341506950000046e+00 5.303869513812000010e-03 3.332736170003999798e-01 7.795407728212999654e-01 -3.361775872744000027e-01 3.984457151808000197e-01
1.410780690479999988e+00 5.136474411616000213e-03 3.332573398602999837e-01 7.795037816958999555e-01 -3.361625302742000110e-01 3.984270998639000139e-01
1.411219874009999931e+00 4.960080960146999625e-03 3.332417678592000110e-01 7.794673996901999580e-01 -3.361450648934000140e-01 3.984078036879999951e-01
1.411659057539000006e+00 4.778436190913000307e-03 3.332247787340000267e-01 7.794315104894999902e-01 -3.361280344008999998e-01 3.983880231702999763e-01
1.412098241068999949e+00 4.598713595705000018e-03 3.332064221709000185e-01 7.793954625576999806e-01 -3.361133151099999772e-01 3.983678150214000069e-01
1.412537424598999891e+00 4.423533201489000290e-03 3.331882665199999982e-01 7.793586350494999815e-01 -3.360992685165999916e-01 3.983474046909999955e-01
1.412976608127999967e+00 4.252286513118999633e-03 3.331708381449999812e-01 7.793214642454999730e-01 -3.360835613829999957e-01 3.983271248458999936e-01
1.413415791657999909e+00 4.082573752917000379e-03 3.331533472504999982e-01 7.792852705795999535e-01 -3.360663615612999866e-01 3.983067691935999743e-01
1.413854975188000074e+00 3.909222893998000152e-03 3.331354962143999732e-01 7.792505695171000335e-01 -3.360494268695000120e-01 3.982855503155999788e-01
1.414294158716999927e+00 3.728938950578000212e-03 3.331178842061999767e-01 7.792161400339000510e-01 -3.360335447932999986e-01 3.982631295590000065e-01
1.414733342247000092e+00 3.546881035406000172e-03 3.331005955792999962e-01 7.791805434033000077e-01 -3.360181655767999764e-01 3.982402101017999962e-01
1.415172525775999945e+00 3.371173434278999792e-03 3.330828470664999874e-01 7.791441690103000361e-01 -3.360025594127000192e-01 3.982175387985000259e-01
1.415611709306000110e+00 3.199842879371000114e-03 3.330643453161999945e-01 7.791087640157999816e-01 -3.359863030112000271e-01 3.981947473886000011e-01
1.416050892836000052e+00 3.022657545819000015e-03 3.330458389873000025e-01 7.790750131171000348e-01 -3.359693580122000145e-01 3.981709725982999770e-01
1.416490076364999906e+00 2.839255350664000171e-03 3.330279466225999907e-01 7.790417143319999793e-01 -3.359523441200000238e-01 3.981463596331999977e-01
1.416929259895000071e+00 2.663918891962999917e-03 3.330103565877000071e-01 7.790076665099999742e-01 -3.359360028873999982e-01 3.981219205641999825e-01
1.417368443425000013e+00 2.503408007161000027e-03 3.329925080389000147e-01 7.789732737678000118e-01 -3.359200357836000239e-01 3.980978012517000231e-01
1.417807626954000089e+00 2.340242152457999974e-03 3.329742631895999949e-01 7.789395693516999453e-01 -3.359034598780000214e-01 3.980727814776000018e-01
1.418246810484000031e+00 2.153576732251000214e-03 3.329556901221999987e-01 7.789065742502999656e-01 -3.358863503532000250e-01 3.980460343341000184e-01
1.418685994013000107e+00 1.952919388336000085e-03 3.329369863389999851e-01 7.788736888966000249e-01 -3.358698450704000193e-01 3.980184700512000018e-01
1.419125177543000049e+00 1.772161317903999962e-03 3.329187362159000130e-01 7.788410988184000239e-01 -3.358539886754999815e-01 3.979914682276999849e-01
1.419564361072999992e+00 1.624643206751999903e-03 3.329012908894999900e-01 7.788094591879000106e-01 -3.358372711850000081e-01 3.979648858066999750e-01
1.420003544602000067e+00 1.481053145504000095e-03 3.328837598889000104e-01 7.787783630747999730e-01 -3.358191854606000226e-01 3.979373797745999752e-01
1.420442728132000010e+00 1.305583358087000073e-03 3.328648112909000090e-01 7.787465653770999641e-01 -3.358014953157000271e-01 3.979084470648999727e-01
1.420881911661999952e+00 1.103394222821999946e-03 3.328448395386999770e-01 7.787140432210000185e-01 -3.357856089844999947e-01 3.978790031526999726e-01
1.421321095191000028e+00 9.137184452335999837e-04 3.328259811482999764e-01 7.786824761938999639e-01 -3.357702508170000155e-01 3.978497805619000127e-01
1.421760278720999970e+00 7.582919338843999548e-04 3.328091836650000079e-01 7.786529110844999657e-01 -3.357534330836000058e-01 3.978201898689999738e-01
1.422199462250000046e+00 6.163080962808000461e-04 3.327925383893999833e-01 7.786240638543999726e-01 -3.357354355195000251e-01 3.977893128441999937e-01
1.422638645779999989e+00 4.567469849192000247e-04 3.327737591664000072e-01 7.785940622257999655e-01 -3.357179056631999781e-01 3.977573223567000271e-01
1.423077829309999931e+00 2.782973532744999808e-04 3.327533674997000257e-01 7.785631003426000118e-01 -3.357010914665000123e-01 3.977252130905000183e-01
1.423517012839000007e+00 1.032495067261000047e-04 3.327338974744000200e-01 7.785329981699999902e-01 -3.356841534446000086e-01 3.976934433181000261e-01
1.423956196368999949e+00 -5.697109906191999700e-05 3.327164308214999866e-01 7.785044998050000276e-01 -3.356673984062999994e-01 3.976614502272000085e-01
1.424395379898999892e+00 -2.113780529143999883e-04 3.326995231695000221e-01 7.784765143223000283e-01 -3.356516906056999927e-01 3.976284100795999810e-01
1.424834563427999967e+00 -3.680153115856000059e-04 3.326815501379000173e-01 7.784481157895000170e-01 -3.356360105258999749e-01 3.975940389134000053e-01
1.425273746957999910e+00 -5.227798228765999930e-04 3.326626073633000003e-01 7.784197768602000300e-01 -3.356183412166000024e-01 3.975586878583000083e-01
1.425712930488000074e+00 -6.737187292660999985e-04 3.326436607175999871e-01 7.783920522784000262e-01 -3.355992509319000172e-01 3.975229919687999769e-01
1.426152114016999928e+00 -8.285262946150000413e-04 3.326250639089999850e-01 7.783644000810999719e-01 -3.355818628387999825e-01 3.974874059638000001e-01
1.426591297547000092e+00 -9.878387671292999678e-04 3.326066891901000022e-01 7.783363230190000204e-01 -3.355673314791999817e-01 3.974518135962000209e-01
1.427030481075999946e+00 -1.136203203265000010e-03 3.325886914833999786e-01 7.783086523282000124e-01 -3.355528410342999979e-01 3.974155981933000237e-01
1.427469664606000110e+00 -1.264738309776999902e-03 3.325712101387000019e-01 7.782823771192000084e-01 -3.355356315285000224e-01 3.973782771878999753e-01
1.427908848136000053e+00 -1.391465708180000035e-03 3.325536643454999886e-01 7.782568023225999720e-01 -3.355169556882999782e-01 3.973399891994000011e-01
1.428348031664999906e+00 -1.539184956973000057e-03 3.325352068263999761e-01 7.782303326138000354e-01 -3.354999920207000219e-01 3.973011869681000174e-01
1.428787215195000071e+00 -1.698526725290000049e-03 3.325159539540000209e-01 7.782029069639999630e-01 -3.354852187615000036e-01 3.972620286249999855e-01
1.429226398725000013e+00 -1.836224944162999969e-03 3.324971675801000059e-01 7.781761643668999584e-01 -3.354701973586000086e-01 3.972223734313999888e-01
1.429665582254000089e+00 -1.942512146673999957e-03 3.324798562221000231e-01 7.781509606344000352e-01 -3.354534333784999767e-01 3.971822464847999945e-01
1.430104765784000032e+00 -2.046632423069000024e-03 3.324634176658999851e-01 7.781261448826000127e-01 -3.354362496091999879e-01 3.971418898258000096e-01
1.430543949313000107e+00 -2.174580654631999826e-03 3.324461326254000149e-01 7.781004353831000309e-01 -3.354205045811999852e-01 3.971012968506000274e-01
1.430983132843000050e+00 -2.312483341416999866e-03 3.324271974911999772e-01 7.780742660287000012e-01 -3.354060421389999935e-01 3.970600452567999983e-01
1.431422316372999992e+00 -2.430265556409000067e-03 3.324078901061000013e-01 7.780487752660999456e-01 -3.353911777934999727e-01 3.970177722538000276e-01
1.431861499902000068e+00 -2.526169022539999798e-03 3.323901399340999929e-01 7.780239070676999713e-01 -3.353749655712999767e-01 3.969746423054000273e-01
1.432300683432000010e+00 -2.623568548415000212e-03 3.323740340579999786e-01 7.779987801034999872e-01 -3.353583088425999836e-01 3.969312090309999874e-01
1.432739866961999953e+00 -2.730887352775000169e-03 3.323575830100000128e-01 7.779733880532999635e-01 -3.353428929196000108e-01 3.968878880898999983e-01
1.433179050491000028e+00 -2.831379261652000167e-03 3.323393207663000171e-01 7.779485355215000064e-01 -3.353291908141999844e-01 3.968445998787000217e-01
1.433618234020999971e+00 -2.914740050020000160e-03 3.323202809103000255e-01 7.779242114939000086e-01 -3.353157397488000235e-01 3.968008648153000251e-01
1.434057417550999913e+00 -2.993987181512999980e-03 3.323025547298000260e-01 7.778994046003000484e-01 -3.353008211262000215e-01 3.967562841469000068e-01
1.434496601079999989e+00 -3.081189728250000037e-03 3.322864711869000232e-01 7.778738055070999469e-01 -3.352847545536000173e-01 3.967109921475999723e-01
1.434935784609999931e+00 -3.166398523813999943e-03 3.322703473526000262e-01 7.778484636795000018e-01 -3.352696216489999825e-01 3.966655099590999933e-01
1.435374968139000007e+00 -3.234891673957999807e-03 3.322528892077999951e-01 7.778241631937999889e-01 -3.352564408688999964e-01 3.966200584426999853e-01
1.435814151668999950e+00 -3.290922172438000021e-03 3.322346867359999845e-01 7.778001423392000291e-01 -3.352437687299000268e-01 3.965742869248999880e-01
1.436253335198999892e+00 -3.348564045420999915e-03 3.322171006883000155e-01 7.777752376126999545e-01 -3.352298962663000093e-01 3.965279502692000135e-01
1.436692518727999968e+00 -3.408912170520000083e-03 3.322006195246000049e-01 7.777495777483000028e-01 -3.352153245971000173e-01 3.964815093699000093e-01
1.437131702257999910e+00 -3.462154993968000194e-03 3.321847046397000125e-01 7.777242046975000322e-01 -3.352017588765000000e-01 3.964354903437999900e-01
1.437570885788000075e+00 -3.505277522264000061e-03 3.321685209076000178e-01 7.776994493186000224e-01 -3.351894099655999826e-01 3.963894494103000210e-01
1.438010069316999928e+00 -3.542148785781999969e-03 3.321514669398000219e-01 7.776746626910000515e-01 -3.351769019277999750e-01 3.963423938428000115e-01
1.438449252847000093e+00 -3.571408420119999861e-03 3.321336756011000202e-01 7.776494066386000492e-01 -3.351636033447000229e-01 3.962943564593999768e-01
1.438888436375999946e+00 -3.590470917322999798e-03 3.321163071859000171e-01 7.776239775041999813e-01 -3.351504595620999893e-01 3.962466709695000033e-01
1.439327619906000111e+00 -3.607617896100999855e-03 3.321005576923999891e-01 7.775986401008999627e-01 -3.351383361740000177e-01 3.962001964722000058e-01
1.439766803436000053e+00 -3.632161927058999949e-03 3.320859463101000220e-01 7.775731255172999568e-01 -3.351268786198000060e-01 3.961540357475000218e-01
1.440205986964999907e+00 -3.653940136751999967e-03 3.320704527178000021e-01 7.775471730163000528e-01 -3.351153696406000138e-01 3.961068123463000190e-01
1.440645170495000071e+00 -3.652290780899999922e-03 3.320530252328000032e-01 7.775210025108000300e-01 -3.351036238074999729e-01 3.960586900824999979e-01
1.441084354025000014e+00 -3.628098368896999926e-03 3.320351479950000018e-01 7.774949305412000022e-01 -3.350917015291999812e-01 3.960110927186000218e-01
1.441523537554000090e+00 -3.606757337048000119e-03 3.320189964829000084e-01 7.774689068104000400e-01 -3.350797542914999982e-01 3.959645865333000225e-01
1.441962721084000032e+00 -3.602230120131999936e-03 3.320046433844999756e-01 7.774426837825000325e-01 -3.350684469151000155e-01 3.959181659080999727e-01
1.442401904613000108e+00 -3.597452468602999835e-03 3.319901849581000097e-01 7.774161291811000352e-01 -3.350584387696000088e-01 3.958709217078000275e-01
1.442841088143000050e+00 -3.571298353374999929e-03 3.319743099103000250e-01 7.773891869753000172e-01 -3.350490572716000037e-01 3.958234401751999920e-01
1.443280271672999993e+00 -3.526889950415999873e-03 3.319576038922000261e-01 7.773618443655000432e-01 -3.350386701547000134e-01 3.957768855530000018e-01
1.443719455202000068e+00 -3.478534109261000127e-03 3.319413465609000191e-01 7.773342904090999594e-01 -3.350269932636000259e-01 3.957313148266000113e-01
1.444158638732000011e+00 -3.427408094312999962e-03 3.319260746470000245e-01 7.773067757388999466e-01 -3.350158470771000263e-01 3.956857197850000007e-01
1.444597822261999953e+00 -3.369481299617999807e-03 3.319115258013000114e-01 7.772791839663000246e-01 -3.350067002061999921e-01 3.956395265520000204e-01
1.445037005791000029e+00 -3.313299426723999904e-03 3.318971244803000098e-01 7.772511205897000286e-01 -3.349985063222000181e-01 3.955933086169999835e-01
1.445476189320999971e+00 -3.265408918851000087e-03 3.318822411926000138e-01 7.772225498365999963e-01 -3.349892255392999951e-01 3.955479153668999825e-01
1.445915372850999914e+00 -3.207410749636999993e-03 3.318666771711999974e-01 7.771938608962000172e-01 -3.349787737848000102e-01 3.955034238221999954e-01
1.446354556379999989e+00 -3.116196185262000082e-03 3.318511325858999883e-01 7.771651120771000398e-01 -3.349689788370999732e-01 3.954592129071999862e-01
1.446793739909999932e+00 -3.004679468355999934e-03 3.318365437363999804e-01 7.771358096141000038e-01 -3.349608021575999905e-01 3.954148210228000115e-01
1.447232923439000007e+00 -2.911487533035999817e-03 3.318227870898999843e-01 7.771058000862000048e-01 -3.349530545778999779e-01 3.953704958916999801e-01
1.447672106968999950e+00 -2.844313416311999854e-03 3.318087792294999727e-01 7.770757288388999706e-01 -3.349442399558000272e-01 3.953269318295000168e-01
1.448111290498999892e+00 -2.764551069892999882e-03 3.317940564233999856e-01 7.770460108629000384e-01 -3.349346060232999966e-01 3.952845120281999747e-01
1.448550474027999968e+00 -2.643351155257999980e-03 3.317793646025000154e-01 7.770159539494999601e-01 -3.349256649710000144e-01 3.952427971351000213e-01
1.448989657557999911e+00 -2.505040261317000201e-03 3.317653190652000150e-01 7.769847554926999633e-01 -3.349181822294999833e-01 3.952008862720000071e-01
1.449428841088000075e+00 -2.390187886467999914e-03 3.317514936743999887e-01 7.769529008162999739e-01 -3.349113136920000011e-01 3.951584576721999809e-01
1.449868024616999929e+00 -2.295416793148000179e-03 3.317375114473000153e-01 7.769214774131999457e-01 -3.349037144202000049e-01 3.951163483478999927e-01
1.450307208147000093e+00 -2.180883904004999978e-03 3.317240034510000046e-01 7.768903314670000393e-01 -3.348951026950999776e-01 3.950757890225999880e-01
1.450746391675999947e+00 -2.029377594294000040e-03 3.317113846061999771e-01 7.768582125516000358e-01 -3.348864727879000136e-01 3.950369965355999824e-01
1.451185575205999889e+00 -1.867286795421000019e-03 3.316985266004999766e-01 7.768248856652000267e-01 -3.348788024714000056e-01 3.949988158778000025e-01
1.451624758736000054e+00 -1.724667269667999993e-03 3.316842035807999745e-01 7.767916801384000536e-01 -3.348719020286000103e-01 3.949599696819999783e-01
1.452063942264999907e+00 -1.599423076914999967e-03 3.316694743704999837e-01 7.767593186118000315e-01 -3.348648796397000194e-01 3.949204870499999909e-01
1.452503125795000072e+00 -1.468259795418000099e-03 3.316567665019999889e-01 7.767265387730000192e-01 -3.348574649739999853e-01 3.948816202361000172e-01
1.452942309325000014e+00 -1.314438674843000079e-03 3.316462786687999764e-01 7.766920150086999985e-01 -3.348501762346000055e-01 3.948444050743999956e-01
1.453381492854000090e+00 -1.137201240327000065e-03 3.316351496266000121e-01 7.766566423356999760e-01 -3.348431896092999849e-01 3.948086258824999861e-01
1.453820676384000032e+00 -9.492668671606999510e-04 3.316212760837000117e-01 7.766223466339999826e-01 -3.348359454898000021e-01 3.947733157625999967e-01
1.454259859913999975e+00 -7.719036113052000353e-04 3.316064656646000031e-01 7.765890747246999570e-01 -3.348282350760000137e-01 3.947379699827999744e-01
1.454699043443000051e+00 -6.175682388173000083e-04 3.315940854123000103e-01 7.765547109268999826e-01 -3.348208025052999970e-01 3.947029139314999768e-01
1.455138226972999993e+00 -4.699969262891999966e-04 3.315843929644999855e-01 7.765181994286000089e-01 -3.348142267484999768e-01 3.946685824176000001e-01
1.455577410502000069e+00 -2.964806386628000075e-04 3.315742753434999801e-01 7.764811410794000279e-01 -3.348079363445000123e-01 3.946349190780999994e-01
1.456016594032000011e+00 -8.876693803310000395e-05 3.315616831934000142e-01 7.764454809467999929e-01 -3.348010944554000168e-01 3.946017055412999741e-01
1.456455777561999954e+00 1.235613086036000091e-04 3.315482935449000079e-01 7.764108111677999746e-01 -3.347938063873999726e-01 3.945691215718000189e-01
1.456894961091000029e+00 3.118352586126999925e-04 3.315368241864999899e-01 7.763751554529000343e-01 -3.347865973099000136e-01 3.945375531399999969e-01
1.457334144620999972e+00 4.848627365913999831e-04 3.315272709800999862e-01 7.763377829837999622e-01 -3.347793692471000004e-01 3.945069608751000101e-01
1.457773328150999914e+00 6.710533716433000244e-04 3.315173579597999742e-01 7.762999509374000073e-01 -3.347719228530000035e-01 3.944768472131000014e-01
1.458212511679999990e+00 8.777595963047000452e-04 3.315059330905000268e-01 7.762629396807000370e-01 -3.347648648682999828e-01 3.944468691433000163e-01
1.458651695209999932e+00 1.089309742542000003e-03 3.314942030161999731e-01 7.762264901002999817e-01 -3.347586690439999790e-01 3.944171568170999898e-01
1.459090878739000008e+00 1.296972808705000070e-03 3.314836442219000201e-01 7.761895599288000103e-01 -3.347523339981000046e-01 3.943880204654000021e-01
1.459530062268999950e+00 1.506963634175999961e-03 3.314741868202999986e-01 7.761518546746000169e-01 -3.347445747832000218e-01 3.943597021438000061e-01
1.459969245798999893e+00 1.720256419024999896e-03 3.314648945729999907e-01 7.761139974505999461e-01 -3.347360935436000107e-01 3.943324203790999904e-01
1.460408429327999968e+00 1.928000680802000088e-03 3.314552781053999864e-01 7.760764879471999667e-01 -3.347288073035000200e-01 3.943061815830000150e-01
1.460847612857999911e+00 2.131804038720000027e-03 3.314452966317000260e-01 7.760390600587999677e-01 -3.347227282053000241e-01 3.942804410560999950e-01
1.461286796388000075e+00 2.348157447424000215e-03 3.314349855547999990e-01 7.760011644555999677e-01 -3.347157211167000046e-01 3.942545188571000003e-01
1.461725979916999929e+00 2.583532173581000197e-03 3.314248615004999898e-01 7.759628126347000165e-01 -3.347069938035999725e-01 3.942286149122000150e-01
1.462165163447000094e+00 2.820824342706999919e-03 3.314159421378000125e-01 7.759246874209999589e-01 -3.346986049606999747e-01 3.942037945879999783e-01
1.462604346977000036e+00 3.041243484510000161e-03 3.314084103359999922e-01 7.758873278280999930e-01 -3.346921308495999781e-01 3.941805166692000095e-01
1.463043530505999890e+00 3.248456784083999811e-03 3.314007878965000153e-01 7.758503482166000387e-01 -3.346858279305999773e-01 3.941578280299000148e-01
1.463482714036000054e+00 3.461647936243000215e-03 3.313915400726000215e-01 7.758127902028000289e-01 -3.346772164142000072e-01 3.941347488311999769e-01
1.463921897564999908e+00 3.693509560085999916e-03 3.313812705949999993e-01 7.757743618349000059e-01 -3.346671049830999833e-01 3.941118670584000117e-01
1.464361081095000072e+00 3.941766560711000393e-03 3.313721578548999847e-01 7.757359699872999892e-01 -3.346584775058999983e-01 3.940904723518000030e-01
1.464800264625000015e+00 4.192484672643000121e-03 3.313651157468999742e-01 7.756986667424999871e-01 -3.346519415336999814e-01 3.940704233383000021e-01
1.465239448154000090e+00 4.426457606282000259e-03 3.313586479444000088e-01 7.756623135989999529e-01 -3.346449520001000266e-01 3.940502438260000129e-01
1.465678631684000033e+00 4.636046433949999636e-03 3.313509528188000042e-01 7.756258109529999833e-01 -3.346357940929000074e-01 3.940294851532000209e-01
1.466117815213999975e+00 4.843221294327000256e-03 3.313421767999999989e-01 7.755885940073999896e-01 -3.346258485870000077e-01 3.940095542729000200e-01
1.466556998743000051e+00 5.083466544301000131e-03 3.313338223276000027e-01 7.755513037033999746e-01 -3.346169654976999808e-01 3.939915277195999987e-01
1.466996182272999993e+00 5.358226642580000282e-03 3.313265981338999744e-01 7.755147895596999907e-01 -3.346086840306999877e-01 3.939744188029000171e-01
1.467435365802000069e+00 5.621810116455999880e-03 3.313198144889000218e-01 7.754789943737999680e-01 -3.345995666054000228e-01 3.939567372582000182e-01
1.467874549332000012e+00 5.837564498978000359e-03 3.313126776167999998e-01 7.754432538582000101e-01 -3.345898012065000038e-01 3.939388454584000221e-01
1.468313732861999954e+00 6.032125334613999863e-03 3.313052822508000261e-01 7.754073699686000465e-01 -3.345806339919999983e-01 3.939223348693999815e-01
1.468752916391000030e+00 6.263435999572000180e-03 3.312981553443999916e-01 7.753718555659999678e-01 -3.345719662678000028e-01 3.939075066753999765e-01
1.469192099920999972e+00 6.541003520672999602e-03 3.312914238285000201e-01 7.753371551048999777e-01 -3.345623588900999978e-01 3.938929970587000118e-01
1.469631283450999915e+00 6.813021744411999758e-03 3.312847709687000153e-01 7.753030424647000540e-01 -3.345513673009999911e-01 3.938779571418999925e-01
1.470070466979999990e+00 7.038709575792999849e-03 3.312779523377999968e-01 7.752689362118999616e-01 -3.345403369014000039e-01 3.938632124515999977e-01
1.470509650509999933e+00 7.240056608463000393e-03 3.312710754022999970e-01 7.752346301096999515e-01 -3.345304659862999852e-01 3.938498355246000115e-01
1.470948834039000008e+00 7.464724668397999981e-03 3.312644015030000166e-01 7.752005887213999635e-01 -3.345211584189999865e-01 3.938377082344999836e-01
1.471388017568999951e+00 7.723746081973999721e-03 3.312579943739999977e-01 7.751675132131999879e-01 -3.345109291978999866e-01 3.938261134909000205e-01
1.471827201098999893e+00 7.989110118847999806e-03 3.312516334471000135e-01 7.751355654093999847e-01 -3.344993375518999779e-01 3.938148339977999846e-01
1.472266384627999969e+00 8.235539831596999649e-03 3.312451131160000228e-01 7.751040576150000083e-01 -3.344873898956000069e-01 3.938039483610999980e-01
1.472705568157999911e+00 8.460482382548000294e-03 3.312385391075999830e-01 7.750721482019999886e-01 -3.344762051160999894e-01 3.937932995835000116e-01
1.473144751688000076e+00 8.674061710978000703e-03 3.312321453161000129e-01 7.750399287039000384e-01 -3.344656993494000141e-01 3.937830001852000161e-01
1.473583935216999929e+00 8.892546119063000215e-03 3.312258688138999818e-01 7.750084763843999580e-01 -3.344546894325999831e-01 3.937738821756999741e-01
1.474023118747000094e+00 9.133878214479000321e-03 3.312194128286999883e-01 7.749785373266000477e-01 -3.344422561447000231e-01 3.937665022788999769e-01
1.474462302277000036e+00 9.396681901526000164e-03 3.312127662020000196e-01 7.749494873618000268e-01 -3.344289290181000074e-01 3.937600392908000013e-01
1.474901485805999890e+00 9.649480302731999401e-03 3.312062708399000077e-01 7.749201224259999465e-01 -3.344162392892999769e-01 3.937531389642000001e-01
1.475340669336000055e+00 9.864684228800999280e-03 3.312000241345000040e-01 7.748903099712000087e-01 -3.344048832350999811e-01 3.937457515073000125e-01
1.475779852864999908e+00 1.005941882277000023e-02 3.311936433714999795e-01 7.748611541557000049e-01 -3.343936526629999739e-01 3.937392405060999856e-01
1.476219036395000073e+00 1.027598355448000080e-02 3.311868909581999754e-01 7.748333895143000305e-01 -3.343807177488999915e-01 3.937345980904000120e-01
1.476658219925000015e+00 1.052229983808000008e-02 3.311800885696000174e-01 7.748063331558000533e-01 -3.343658928900999916e-01 3.937313479021000151e-01
1.477097403454000091e+00 1.076253904239999996e-02 3.311735149328000061e-01 7.747789272338000410e-01 -3.343510103714000259e-01 3.937284150913000214e-01
1.477536586984000033e+00 1.097356102697000062e-02 3.311668383035999974e-01 7.747513110046000406e-01 -3.343378103042999872e-01 3.937253911756000146e-01
1.477975770513999976e+00 1.117718278868999951e-02 3.311597075464000062e-01 7.747246047931000135e-01 -3.343259087223999781e-01 3.937226435974000016e-01
1.478414954043000051e+00 1.139831064489000081e-02 3.311525094885999776e-01 7.746992566389999668e-01 -3.343132524503000247e-01 3.937207389156999748e-01
1.478854137572999994e+00 1.162153694348000074e-02 3.311457789662000106e-01 7.746743707850000105e-01 -3.342984082143999891e-01 3.937200812609999989e-01
1.479293321102000069e+00 1.181931027733999946e-02 3.311391058690000277e-01 7.746489372372999949e-01 -3.342820525854000024e-01 3.937206566001000274e-01
1.479732504632000012e+00 1.200257845219000058e-02 3.311315705942000087e-01 7.746231756747999908e-01 -3.342661663277999851e-01 3.937218394593000048e-01
1.480171688161999954e+00 1.220621099825999929e-02 3.311232814221000131e-01 7.745981781762999452e-01 -3.342519206240999741e-01 3.937229104557000148e-01
1.480610871691000030e+00 1.243114937518999957e-02 3.311154478609000251e-01 7.745744633116999900e-01 -3.342384646172000262e-01 3.937240749643000082e-01
1.481050055220999973e+00 1.263861656592000018e-02 3.311085589087999770e-01 7.745513960877999926e-01 -3.342238803368999811e-01 3.937264637369000120e-01
1.481489238750999915e+00 1.280757666541999969e-02 3.311014471779999968e-01 7.745280692685000412e-01 -3.342073408987000227e-01 3.937306791928000260e-01
1.481928422279999991e+00 1.296570327149999986e-02 3.310928856795000153e-01 7.745043466543000132e-01 -3.341900517461999787e-01 3.937358119623999841e-01
1.482367605809999933e+00 1.314822978934999942e-02 3.310834163956999920e-01 7.744808191684999787e-01 -3.341737483425999966e-01 3.937405283588000238e-01
1.482806789340000098e+00 1.334958364881000045e-02 3.310746295802000083e-01 7.744579771873999485e-01 -3.341585135697999753e-01 3.937448460087999980e-01
1.483245972868999951e+00 1.353534555881000072e-02 3.310669359598999995e-01 7.744357317915999683e-01 -3.341427574317999971e-01 3.937501100531000109e-01
1.483685156398999894e+00 1.368833013231000005e-02 3.310590619514999777e-01 7.744136910234999949e-01 -3.341254462620000254e-01 3.937572407093000160e-01
1.484124339927999969e+00 1.382433935646000013e-02 3.310498427094999974e-01 7.743916159167000268e-01 -3.341075107629999930e-01 3.937656658875000049e-01
1.484563523457999912e+00 1.396887941481999955e-02 3.310396474958000046e-01 7.743695211322000338e-01 -3.340904291301999840e-01 3.937741677832999887e-01
1.485002706988000076e+00 1.413189816445999981e-02 3.310296327905000169e-01 7.743475340444000432e-01 -3.340740466050999835e-01 3.937822936870000179e-01
1.485441890516999930e+00 1.430095621477000048e-02 3.310201981329000120e-01 7.743257890468000504e-01 -3.340568318348999810e-01 3.937906520992999759e-01
1.485881074047000094e+00 1.445019445003999960e-02 3.310107694919000032e-01 7.743043179763999806e-01 -3.340381517570000236e-01 3.938000952538999733e-01
1.486320257577000037e+00 1.456311847667999919e-02 3.310008168749999924e-01 7.742829183592000453e-01 -3.340191560328999998e-01 3.938108417644999859e-01
1.486759441105999890e+00 1.465524507709000009e-02 3.309904346272000142e-01 7.742612894535999546e-01 -3.340010387819000170e-01 3.938222881067000025e-01
1.487198624636000055e+00 1.476388884623999927e-02 3.309798547098000143e-01 7.742394622907999846e-01 -3.339833996759000168e-01 3.938336327588999874e-01
1.487637808164999909e+00 1.490309641558999927e-02 3.309689331410000102e-01 7.742178877051999475e-01 -3.339650725823000155e-01 3.938448141522000179e-01
1.488076991695000073e+00 1.503986087592000011e-02 3.309574742877000042e-01 7.741968011226999513e-01 -3.339458829606999912e-01 3.938566959670999901e-01
1.488516175225000016e+00 1.513334937054000053e-02 3.309457646853000146e-01 7.741756823030000456e-01 -3.339265904791000050e-01 3.938699695269999856e-01
1.488955358754000091e+00 1.518961009860999960e-02 3.309342929160999924e-01 7.741538185056000554e-01 -3.339074430257999992e-01 3.938840013425000119e-01
1.489394542284000034e+00 1.525333622505999943e-02 3.309229791293000211e-01 7.741313693707000398e-01 -3.338879149242000022e-01 3.938974192938000107e-01
1.489833725813999976e+00 1.534625675453000007e-02 3.309111830208000260e-01 7.741092742926000136e-01 -3.338679178262000113e-01 3.939100120219999890e-01
1.490272909343000052e+00 1.544037385406000010e-02 3.308986138737999849e-01 7.740878975010999641e-01 -3.338481674500999863e-01 3.939232925069000024e-01
1.490712092872999994e+00 1.550131763086000022e-02 3.308857191965000055e-01 7.740663812133999899e-01 -3.338289458193999804e-01 3.939385605942999913e-01
1.491151276402000070e+00 1.553431091778999934e-02 3.308728699710000165e-01 7.740438221726999579e-01 -3.338094303592999967e-01 3.939549359075000257e-01
1.491590459932000012e+00 1.556913268311000027e-02 3.308597288878000198e-01 7.740205834523999906e-01 -3.337888906363999930e-01 3.939702619075000078e-01
1.492029643461999955e+00 1.561552007990000060e-02 3.308459961640000113e-01 7.739977126903999638e-01 -3.337678269796000019e-01 3.939838981298000031e-01
1.492468826991000030e+00 1.565578477737000068e-02 3.308322342525000237e-01 7.739753294993000354e-01 -3.337471547081999890e-01 3.939976194143999799e-01
1.492908010520999973e+00 1.567528258623000076e-02 3.308190246648000099e-01 7.739524667049000328e-01 -3.337268280492000083e-01 3.940133019261000125e-01
1.493347194050999915e+00 1.567932402283999868e-02 3.308056509039999926e-01 7.739285607770000075e-01 -3.337061726917999738e-01 3.940304606334000259e-01
1.493786377579999991e+00 1.567907634553000057e-02 3.307908689219999920e-01 7.739042283974999492e-01 -3.336851825666000138e-01 3.940468911282999920e-01
1.494225561109999934e+00 1.567702614597999908e-02 3.307750053312000227e-01 7.738802062120000436e-01 -3.336644399741999778e-01 3.940614813982999953e-01
1.494664744640000098e+00 1.567028801206999875e-02 3.307598280821000269e-01 7.738562416640000219e-01 -3.336438836848000244e-01 3.940754895665999902e-01
1.495103928168999952e+00 1.565624375351000117e-02 3.307458416667000134e-01 7.738316039821000469e-01 -3.336227462956000145e-01 3.940907761986000013e-01
1.495543111698999894e+00 1.563060874555999985e-02 3.307312612241000149e-01 7.738061914770999472e-01 -3.336008680811000104e-01 3.941074161268000031e-01
1.495982295227999970e+00 1.558943254533999914e-02 3.307147475462000052e-01 7.737804733309000538e-01 -3.335790815256000075e-01 3.941236731261000270e-01
1.496421478757999912e+00 1.553694208936000007e-02 3.306977202556999895e-01 7.737546321371999714e-01 -3.335579633433999880e-01 3.941381797199000059e-01
1.496860662288000077e+00 1.548302272613000068e-02 3.306822214371999968e-01 7.737284326297000359e-01 -3.335370864675999969e-01 3.941515431900999844e-01
1.497299845816999930e+00 1.542929180514999998e-02 3.306674943467000083e-01 7.737018002519999715e-01 -3.335159195697000034e-01 3.941655173090999886e-01
1.497739029347000095e+00 1.536601405220000029e-02 3.306509741317000262e-01 7.736748812589999691e-01 -3.334946043120000092e-01 3.941808441990999889e-01
1.498178212877000037e+00 1.528703271466999927e-02 3.306324118225000275e-01 7.736475462912000278e-01 -3.334732986326000015e-01 3.941963202225999829e-01
1.498617396405999891e+00 1.519909027878999994e-02 3.306144874086999752e-01 7.736194577975999964e-01 -3.334516062742999831e-01 3.942101447383000168e-01
1.499056579936000055e+00 1.511014241572000011e-02 3.305987060901000030e-01 7.735907242220999569e-01 -3.334294153949000084e-01 3.942220099580999726e-01
1.499495763464999909e+00 1.501615489524999944e-02 3.305830466992999983e-01 7.735618994840000040e-01 -3.334075583266999931e-01 3.942335142567999773e-01
1.499934946995000073e+00 1.490793384492999918e-02 3.305650927393999905e-01 7.735331325281999959e-01 -3.333866983782999838e-01 3.942463022989000088e-01
1.500374130525000016e+00 1.478614066044999995e-02 3.305456072342999874e-01 7.735038499038999760e-01 -3.333661367788999796e-01 3.942599978460999965e-01
1.500813314054000092e+00 1.466062325657000072e-02 3.305270307375999805e-01 7.734735756337000057e-01 -3.333447807507000094e-01 3.942724810386000200e-01
1.501252497584000034e+00 1.453669612557999952e-02 3.305097015464000254e-01 7.734426051234000177e-01 -3.333228576223000172e-01 3.942824223045999776e-01
1.501691681113999977e+00 1.440932945731000087e-02 3.304918813162999736e-01 7.734114983947000255e-01 -3.333014535030999759e-01 3.942910346428000201e-01
1.502130864643000052e+00 1.427046777363000056e-02 3.304729674260000194e-01 7.733802869711999817e-01 -3.332806045939000206e-01 3.943006200904999869e-01
1.502570048172999995e+00 1.411709156210999919e-02 3.304542232268999902e-01 7.733486137517000536e-01 -3.332592842345000195e-01 3.943115102793999793e-01
1.503009231702999937e+00 1.395317081252000005e-02 3.304361002958000060e-01 7.733163694718999670e-01 -3.332374197228000212e-01 3.943214286733000007e-01
1.503448415232000013e+00 1.378738139247000054e-02 3.304171542645000237e-01 7.732837096901999940e-01 -3.332163900158000014e-01 3.943284158213999913e-01
1.503887598761999955e+00 1.362576836161999948e-02 3.303966029402000126e-01 7.732506117041999527e-01 -3.331968297987000227e-01 3.943335732407000083e-01
1.504326782291000031e+00 1.346237860014999968e-02 3.303761108125000123e-01 7.732169054330999547e-01 -3.331772408515000228e-01 3.943397520988000116e-01
1.504765965820999973e+00 1.328265148611000070e-02 3.303574953901999844e-01 7.731827019985000327e-01 -3.331559434299000144e-01 3.943476908776999967e-01
1.505205149350999916e+00 1.308353799297000061e-02 3.303398162983000041e-01 7.731483536501000398e-01 -3.331336098170000204e-01 3.943548146368999752e-01
1.505644332879999991e+00 1.288385670534000077e-02 3.303205018531000237e-01 7.731139367222999992e-01 -3.331125218652999931e-01 3.943585116209999963e-01
1.506083516409999934e+00 1.270164511388000017e-02 3.302989451073999883e-01 7.730791153189999765e-01 -3.330935514235999761e-01 3.943595912564999972e-01
1.506522699940000098e+00 1.252427146205999965e-02 3.302773122523000038e-01 7.730435928180999783e-01 -3.330751183074999733e-01 3.943612757300999916e-01
1.506961883468999952e+00 1.231899935846000015e-02 3.302575586681000264e-01 7.730074497094000519e-01 -3.330553659236000219e-01 3.943650664123999894e-01
1.507401066998999895e+00 1.207842286589999939e-02 3.302389697547999936e-01 7.729710030552999767e-01 -3.330343988171000080e-01 3.943689247527000230e-01
1.507840250527999970e+00 1.183789700895000047e-02 3.302193632623000030e-01 7.729345361685999727e-01 -3.330138051090000273e-01 3.943699624418999794e-01
1.508279434057999913e+00 1.163365529560000076e-02 3.301979600746999810e-01 7.728981159630999853e-01 -3.329945322182000234e-01 3.943679519650999943e-01
1.508718617588000077e+00 1.145401016572000080e-02 3.301761658867000127e-01 7.728614454555999824e-01 -3.329759794130999762e-01 3.943652920978999998e-01
1.509157801116999931e+00 1.125032294855999974e-02 3.301556144421000094e-01 7.728240334693999847e-01 -3.329571541497999831e-01 3.943638950319000025e-01
1.509596984647000095e+00 1.099566716727999952e-02 3.301361294746000263e-01 7.727858547696000446e-01 -3.329380655022000091e-01 3.943630727067999886e-01
1.510036168177000038e+00 1.071733948690000056e-02 3.301160374495000216e-01 7.727476644855999499e-01 -3.329194724603999900e-01 3.943607022303000087e-01
1.510475351705999891e+00 1.046536010978999995e-02 3.300943534101000165e-01 7.727101179356999916e-01 -3.329014869206999849e-01 3.943558259548000100e-01
1.510914535236000056e+00 1.025714202963000019e-02 3.300721330977999801e-01 7.726726838902000516e-01 -3.328832275654999839e-01 3.943495675065000206e-01
1.511353718764999909e+00 1.006023405780000039e-02 3.300512044703999837e-01 7.726342002618999949e-01 -3.328642541242000097e-01 3.943436259929000154e-01
1.511792902295000074e+00 9.828036255703000504e-03 3.300317460218000210e-01 7.725946472939999587e-01 -3.328456317569999934e-01 3.943383137193000043e-01
1.512232085825000016e+00 9.549357237072999757e-03 3.300118951175000093e-01 7.725554532942999764e-01 -3.328286185950999898e-01 3.943322958916000154e-01
1.512671269354000092e+00 9.260894750835000494e-03 3.299901226815000199e-01 7.725175077043000549e-01 -3.328126182151999735e-01 3.943241718573999854e-01
1.513110452884000035e+00 9.007576903817000186e-03 3.299673188939999946e-01 7.724797366872999671e-01 -3.327957066887999860e-01 3.943140955303999773e-01
1.513549636413999977e+00 8.791253833018000674e-03 3.299456990967999936e-01 7.724406156154000058e-01 -3.327773803260999919e-01 3.943036420886000260e-01
1.513988819943000053e+00 8.568415113569999991e-03 3.299259218353000067e-01 7.724005154062000278e-01 -3.327594310756999962e-01 3.942940287078000039e-01
1.514428003472999995e+00 8.304635268206999460e-03 3.299063088456000159e-01 7.723612425997999908e-01 -3.327433944629999973e-01 3.942846616314999997e-01
1.514867187002999938e+00 8.018287056801999546e-03 3.298851494576999777e-01 7.723233389004999783e-01 -3.327283560195000156e-01 3.942737465637000116e-01
1.515306370532000013e+00 7.753393074490000023e-03 3.298628701024000076e-01 7.722852747314999933e-01 -3.327124494675999800e-01 3.942603967412000032e-01
1.515745554061999956e+00 7.517745294937000326e-03 3.298412363216999821e-01 7.722458462326999840e-01 -3.326956091014999783e-01 3.942457827843000029e-01
1.516184737591000031e+00 7.275004001853000238e-03 3.298209265529999934e-01 7.722061006581000253e-01 -3.326793453667999945e-01 3.942317862745999824e-01
1.516623921120999974e+00 7.002112081048000349e-03 3.298008280136000003e-01 7.721677763929000182e-01 -3.326642706199999799e-01 3.942186349233999798e-01
1.517063104650999916e+00 6.724754316672999777e-03 3.297797836868999743e-01 7.721306168384000079e-01 -3.326494626498999740e-01 3.942045318926000186e-01
1.517502288179999992e+00 6.476413085775000258e-03 3.297582110865999727e-01 7.720927017787000413e-01 -3.326342690395999724e-01 3.941880048640000189e-01
1.517941471709999934e+00 6.244875453152999925e-03 3.297374124601000211e-01 7.720533739503999682e-01 -3.326192229753999752e-01 3.941700253564000000e-01
1.518380655240000099e+00 5.989874591284000127e-03 3.297176415775999736e-01 7.720143870168000300e-01 -3.326048182247999807e-01 3.941528394443999939e-01
1.518819838768999952e+00 5.704511737984000082e-03 3.296976650376999829e-01 7.719775006503000192e-01 -3.325906486813000051e-01 3.941367685279000277e-01
1.519259022298999895e+00 5.425896815766000254e-03 3.296765053426999881e-01 7.719419583194000456e-01 -3.325762858063999738e-01 3.941194409830000023e-01
1.519698205827999971e+00 5.181007662043999977e-03 3.296549826694000207e-01 7.719054596959999959e-01 -3.325620050995000132e-01 3.940989764401000017e-01
1.520137389357999913e+00 4.951346491330999890e-03 3.296347521847999840e-01 7.718672776624000420e-01 -3.325481495254000164e-01 3.940769227459999802e-01
1.520576572888000078e+00 4.704111915669000228e-03 3.296159617298000111e-01 7.718292362762000369e-01 -3.325346338165000026e-01 3.940565025268000232e-01
1.521015756416999931e+00 4.435590155893999638e-03 3.295968558840999818e-01 7.717933144347000063e-01 -3.325214419402000021e-01 3.940381695833999887e-01
1.521454939947000096e+00 4.166100051833000403e-03 3.295761602514000188e-01 7.717591922144999561e-01 -3.325086980067000209e-01 3.940187033283000240e-01
1.521894123477000038e+00 3.908482365915000138e-03 3.295549845319999949e-01 7.717249080739999600e-01 -3.324959549609000087e-01 3.939954388324999890e-01
1.522333307005999892e+00 3.661286853753999929e-03 3.295353487055999731e-01 7.716894810147000294e-01 -3.324825362089999792e-01 3.939698878194000109e-01
1.522772490536000056e+00 3.421844836200000142e-03 3.295172790822999964e-01 7.716539242979000290e-01 -3.324689616586000152e-01 3.939456860023999862e-01
1.523211674065999999e+00 3.185497016320999915e-03 3.294987406975000144e-01 7.716195758718999986e-01 -3.324566757960999985e-01 3.939237235170999774e-01
1.523650857595000074e+00 2.939039353079000126e-03 3.294786306886999805e-01 7.715863795624999799e-01 -3.324457218976999973e-01 3.939012930235999965e-01
1.524090041125000017e+00 2.676105258552999994e-03 3.294584321049000009e-01 7.715534263998999887e-01 -3.324342256200000234e-01 3.938759885654000148e-01
1.524529224654000092e+00 2.415333917337999809e-03 3.294400321855999736e-01 7.715205222037999633e-01 -3.324212351276000232e-01 3.938486139219000148e-01
1.524968408184000035e+00 2.181055361229000157e-03 3.294229558180999939e-01 7.714883020599000440e-01 -3.324084754059999924e-01 3.938215209411000117e-01
1.525407591713999977e+00 1.965816751039000092e-03 3.294051202962000047e-01 7.714569580361999579e-01 -3.323976988474000027e-01 3.937954311467999902e-01
1.525846775243000053e+00 1.735786083397000039e-03 3.293858825170999927e-01 7.714258289712999650e-01 -3.323877295873999826e-01 3.937690906406999813e-01
1.526285958772999996e+00 1.479122693987000060e-03 3.293668253502000098e-01 7.713945267366000280e-01 -3.323762780537000139e-01 3.937413415664000049e-01
1.526725142302999938e+00 1.225082686001999948e-03 3.293493343326999723e-01 7.713636606303000409e-01 -3.323636870368000262e-01 3.937122823215999934e-01
1.527164325832000014e+00 1.002032315356999985e-03 3.293327520145000187e-01 7.713339096182999510e-01 -3.323523364481000275e-01 3.936825754800999944e-01
1.527603509361999956e+00 7.972872821565999898e-04 3.293156486032999819e-01 7.713049961268000354e-01 -3.323427344480999746e-01 3.936526515213000232e-01
1.528042692891000032e+00 5.783472233613000477e-04 3.292979484481999841e-01 7.712762747957000453e-01 -3.323329057998999914e-01 3.936226656810999924e-01
1.528481876420999974e+00 3.394869821134000000e-04 3.292807597285000165e-01 7.712478570680999512e-01 -3.323218646319999747e-01 3.935924343564999872e-01
1.528921059950999917e+00 1.038062846260000033e-04 3.292645460797000156e-01 7.712202491437000207e-01 -3.323109904611999954e-01 3.935612894236000248e-01
1.529360243479999992e+00 -1.137495209766999972e-04 3.292485449454999880e-01 7.711931369257000179e-01 -3.323011741952999754e-01 3.935286970342999902e-01
1.529799427009999935e+00 -3.210963675727999869e-04 3.292320629796000042e-01 7.711656542832000527e-01 -3.322911899141000047e-01 3.934951545234000037e-01
1.530238610540000099e+00 -5.274877994496000389e-04 3.292155206553999958e-01 7.711380057804999577e-01 -3.322802701866000019e-01 3.934617523328000077e-01
1.530677794068999953e+00 -7.307369770517999855e-04 3.291998287615000018e-01 7.711116621294999973e-01 -3.322699810736000070e-01 3.934286294314000010e-01
1.531116977598999895e+00 -9.315384163213000094e-04 3.291851396211999958e-01 7.710873097043999813e-01 -3.322616172153999847e-01 3.933946521210999747e-01
1.531556161129000060e+00 -1.139813702824000108e-03 3.291706127742000110e-01 7.710635331163999684e-01 -3.322535638676999969e-01 3.933590563698000087e-01
1.531995344657999913e+00 -1.355692352030999975e-03 3.291553781864000050e-01 7.710385210782000343e-01 -3.322435449137000063e-01 3.933226221937999867e-01
1.532434528188000078e+00 -1.560053136936999981e-03 3.291395891398000151e-01 7.710125328607999595e-01 -3.322322709996000101e-01 3.932864632938999905e-01
1.532873711716999932e+00 -1.738140316676999942e-03 3.291244262267000176e-01 7.709875203610999650e-01 -3.322224179511000242e-01 3.932502418462999749e-01
1.533312895247000096e+00 -1.902216076260000027e-03 3.291108609719999856e-01 7.709644526962999844e-01 -3.322146076319000274e-01 3.932126400313999959e-01
1.533752078777000039e+00 -2.076552500404000093e-03 3.290983590020999938e-01 7.709422059970000296e-01 -3.322067967967000102e-01 3.931734382061999877e-01
1.534191262305999892e+00 -2.266692057532999904e-03 3.290852227095000249e-01 7.709193730840000480e-01 -3.321975702994999780e-01 3.931339891355000171e-01
1.534630445836000057e+00 -2.457173881753000038e-03 3.290706096873999842e-01 7.708960854567999954e-01 -3.321878433329000235e-01 3.930952807554999873e-01
1.535069629365999999e+00 -2.634659030144999910e-03 3.290558195102000205e-01 7.708733540351000446e-01 -3.321789123623999918e-01 3.930564321778999837e-01
1.535508812895000075e+00 -2.798485371787999988e-03 3.290428381853000017e-01 7.708513733848000316e-01 -3.321706331650999822e-01 3.930158325206999925e-01
1.535947996425000017e+00 -2.950415783697999794e-03 3.290317355772999774e-01 7.708294417257000042e-01 -3.321622023304000026e-01 3.929733104538999933e-01
1.536387179954000093e+00 -3.090326876848000035e-03 3.290204671099999922e-01 7.708072742910000441e-01 -3.321534539591000090e-01 3.929303636729999938e-01
1.536826363484000035e+00 -3.225839827176999949e-03 3.290075514852000005e-01 7.707854518026000523e-01 -3.321447619742000090e-01 3.928882419088999822e-01
1.537265547013999978e+00 -3.371960437725000145e-03 3.289939896419000198e-01 7.707644260072999964e-01 -3.321365042618000252e-01 3.928464336518999733e-01
1.537704730543000053e+00 -3.532048894777999829e-03 3.289817720389000000e-01 7.707437579058999955e-01 -3.321288608660000197e-01 3.928033593508000187e-01
1.538143914072999996e+00 -3.687344132781000122e-03 3.289711780906999783e-01 7.707226757099000514e-01 -3.321213891904000182e-01 3.927582849901999906e-01
1.538583097602999938e+00 -3.815156154815999966e-03 3.289606722964000252e-01 7.707010226452000179e-01 -3.321130218569000037e-01 3.927121755156000038e-01
1.539022281132000014e+00 -3.914600130946000421e-03 3.289492632032000041e-01 7.706793508989999708e-01 -3.321035646875000191e-01 3.926665577953999953e-01
1.539461464661999957e+00 -4.007194271659000363e-03 3.289377233103999987e-01 7.706582497119000008e-01 -3.320947442512000025e-01 3.926217201550000202e-01
1.539900648191000032e+00 -4.113002229818999919e-03 3.289270940619000161e-01 7.706377625975999734e-01 -3.320881213767000184e-01 3.925763632365000255e-01
1.540339831720999975e+00 -4.231541744205999898e-03 3.289170147639999819e-01 7.706173560355999985e-01 -3.320822689601999889e-01 3.925292080994999822e-01
1.540779015250999917e+00 -4.346146831603999589e-03 3.289064147574999875e-01 7.705963872011000193e-01 -3.320742409263999773e-01 3.924806406570999773e-01
1.541218198779999993e+00 -4.442337338012999730e-03 3.288953603463000142e-01 7.705747356358999545e-01 -3.320640567615000260e-01 3.924322204421000215e-01
1.541657382309999935e+00 -4.519387480351000005e-03 3.288851501583999748e-01 7.705529815995999510e-01 -3.320551295756999921e-01 3.923845963316999752e-01
1.542096565840000100e+00 -4.585800263443000173e-03 3.288764272444000270e-01 7.705317557472000090e-01 -3.320492304882999846e-01 3.923366800699000234e-01
1.542535749368999953e+00 -4.647730673093999898e-03 3.288680197171999775e-01 7.705109234283999964e-01 -3.320436504152999846e-01 3.922873148445000235e-01
1.542974932898999896e+00 -4.705635756583999990e-03 3.288582763051000057e-01 7.704897285869000134e-01 -3.320352868527999823e-01 3.922370371655000132e-01
1.543414116429000060e+00 -4.760909995775999652e-03 3.288472545469999786e-01 7.704677956968000174e-01 -3.320253638864000267e-01 3.921872484180999874e-01
1.543853299957999914e+00 -4.817847232310000331e-03 3.288368557642000201e-01 7.704455607607000323e-01 -3.320173977913000174e-01 3.921379842846999808e-01
1.544292483488000078e+00 -4.873754297723000006e-03 3.288285480531999982e-01 7.704234940602999737e-01 -3.320117961308999832e-01 3.920877655582999943e-01
1.544731667016999932e+00 -4.914095866393000146e-03 3.288214714164999775e-01 7.704013594711000001e-01 -3.320055179831999936e-01 3.920359412641000185e-01
1.545170850547000096e+00 -4.928252044758000411e-03 3.288134138243000160e-01 7.703786873810000158e-01 -3.319968251879999999e-01 3.919839654405000151e-01
1.545610034077000039e+00 -4.927394526522000349e-03 3.288035364044999964e-01 7.703556128720000507e-01 -3.319875506000999899e-01 3.919334508694999886e-01
1.546049217605999893e+00 -4.933717976909999733e-03 3.287933575143999754e-01 7.703326011533999651e-01 -3.319800481244999935e-01 3.918837611466000070e-01
1.546488401136000057e+00 -4.950790141624999974e-03 3.287847063298999783e-01 7.703095121520000532e-01 -3.319740351214000018e-01 3.918328020255000266e-01
1.546927584666000000e+00 -4.958831026525999629e-03 3.287774105337999964e-01 7.702857037120000028e-01 -3.319674729782999822e-01 3.917799775979999843e-01
1.547366768195000075e+00 -4.944179898620999596e-03 3.287697936287000133e-01 7.702611455672000451e-01 -3.319592691082999814e-01 3.917270378436000233e-01
1.547805951725000018e+00 -4.917533828677000257e-03 3.287610766062000200e-01 7.702366243792000411e-01 -3.319502367812999788e-01 3.916756578260999766e-01
1.548245135254000093e+00 -4.892422105078999758e-03 3.287522131489999944e-01 7.702124710965000398e-01 -3.319420511769999860e-01 3.916253051401999974e-01
1.548684318784000036e+00 -4.861315035795000378e-03 3.287442143297999997e-01 7.701878338623999731e-01 -3.319355594430000167e-01 3.915742885299999809e-01
1.549123502313999978e+00 -4.811096651496000326e-03 3.287366855289999834e-01 7.701618910202999713e-01 -3.319296193390000038e-01 3.915221743201999782e-01
1.549562685843000054e+00 -4.750771877499999733e-03 3.287286312532999855e-01 7.701352222631999700e-01 -3.319219863305999940e-01 3.914701259548999945e-01
1.550001869372999996e+00 -4.699654758522999777e-03 3.287200048519000051e-01 7.701090366352999483e-01 -3.319122304350999864e-01 3.914190953123000138e-01
1.550441052902999939e+00 -4.652077342755999920e-03 3.287116536685000256e-01 7.700832928145999734e-01 -3.319029582799000178e-01 3.913686937508999986e-01
1.550880236432000014e+00 -4.581052268731999715e-03 3.287040408876000241e-01 7.700566808879000247e-01 -3.318965011064000104e-01 3.913180514253000175e-01
1.551319419961999957e+00 -4.481624992556000088e-03 3.286967381420999867e-01 7.700286099455000421e-01 -3.318911580576999754e-01 3.912670494261000220e-01
1.551758603491000033e+00 -4.383249918807999822e-03 3.286890859386999986e-01 7.700001067971999902e-01 -3.318832152242000011e-01 3.912163109983000098e-01
1.552197787020999975e+00 -4.305185234659000132e-03 3.286808273831000049e-01 7.699721769984000375e-01 -3.318725248866999933e-01 3.911664184606999939e-01
1.552636970550999918e+00 -4.223586413215000071e-03 3.286721893571000197e-01 7.699442250171000257e-01 -3.318630011807000013e-01 3.911174809815000097e-01
1.553076154079999993e+00 -4.105726214744000006e-03 3.286637699764000109e-01 7.699150606433999844e-01 -3.318567485023000141e-01 3.910691420917999928e-01
1.553515337609999936e+00 -3.960816994611000147e-03 3.286561415948999754e-01 7.698848577744999977e-01 -3.318508658743999917e-01 3.910207327133000121e-01
1.553954521140000100e+00 -3.828698121828000116e-03 3.286490839374999751e-01 7.698548796840000152e-01 -3.318419940990000039e-01 3.909718034563000044e-01
1.554393704668999954e+00 -3.723415623021000126e-03 3.286415032703000061e-01 7.698253927692000342e-01 -3.318313155843000128e-01 3.909228986309999931e-01
1.554832888198999896e+00 -3.615371885375999982e-03 3.286327559041000157e-01 7.697951425468999576e-01 -3.318222686983000047e-01 3.908754179680000163e-01
1.555272071729000061e+00 -3.472905270742000089e-03 3.286237455525999884e-01 7.697632814856999461e-01 -3.318151993692000090e-01 3.908300922292999857e-01
1.555711255257999914e+00 -3.299307357357999983e-03 3.286158118677000028e-01 7.697307241784999698e-01 -3.318075007835999957e-01 3.907857884859000097e-01
1.556150438788000079e+00 -3.121387950195000146e-03 3.286087049765000212e-01 7.696988227080000522e-01 -3.317980976577999952e-01 3.907405979294000242e-01
1.556589622316999932e+00 -2.958991030545999983e-03 3.286008316135999863e-01 7.696674397782999888e-01 -3.317885507673999923e-01 3.906942336654000147e-01
1.557028805847000097e+00 -2.813349130291999990e-03 3.285916713527000099e-01 7.696352876862000425e-01 -3.317798500554000052e-01 3.906485932004999939e-01
1.557467989377000039e+00 -2.669443568047000139e-03 3.285826296034999872e-01 7.696017984335999929e-01 -3.317710480370000270e-01 3.906054993454999846e-01
1.557907172905999893e+00 -2.501959130548000142e-03 3.285748435318999738e-01 7.695676708440000180e-01 -3.317614873663999875e-01 3.905644915748999746e-01
1.558346356436000057e+00 -2.295926709149999790e-03 3.285673613783000047e-01 7.695336268371000266e-01 -3.317518984371999879e-01 3.905235822438999915e-01
1.558785539966000000e+00 -2.072118972638000052e-03 3.285586365561999900e-01 7.694995568715999879e-01 -3.317426689874000134e-01 3.904818687741999916e-01
1.559224723495000076e+00 -1.874115926938999931e-03 3.285489708359999872e-01 7.694651090620000522e-01 -3.317331602551999992e-01 3.904404557605999915e-01
1.559663907025000018e+00 -1.714470744798000023e-03 3.285400147952999839e-01 7.694303331453999917e-01 -3.317233202436999928e-01 3.904006778977999748e-01
1.560103090554000094e+00 -1.550656790218000059e-03 3.285321755214000161e-01 7.693953243105999817e-01 -3.317139004476999942e-01 3.903623554978000176e-01
1.560542274084000036e+00 -1.336868934352000021e-03 3.285240472186999883e-01 7.693598148282000393e-01 -3.317045022892000095e-01 3.903244467752999824e-01
1.560981457613999979e+00 -1.086928217638999947e-03 3.285146268606999875e-01 7.693236261889999650e-01 -3.316936749198999834e-01 3.902868171044999723e-01
1.561420641143000054e+00 -8.564025459003000388e-04 3.285047545374000233e-01 7.692871377277999967e-01 -3.316817771778999835e-01 3.902503788091999937e-01
1.561859824672999997e+00 -6.662458400153000370e-04 3.284957088025000083e-01 7.692508038136000037e-01 -3.316712822514999992e-01 3.902155149516999821e-01
1.562299008202999939e+00 -4.775490568652000127e-04 3.284873360696000111e-01 7.692144708400000530e-01 -3.316628861534000050e-01 3.901813221064999726e-01
1.562738191732000015e+00 -2.509282307339000110e-04 3.284784531728000001e-01 7.691776609711999946e-01 -3.316537388413999810e-01 3.901469112172999965e-01
1.563177375261999957e+00 -3.644696062177999978e-07 3.284686099786999769e-01 7.691403442801000301e-01 -3.316415157520000156e-01 3.901128439386999935e-01
1.563616558791999900e+00 2.332864245058999979e-04 3.284585900154999849e-01 7.691029197937999662e-01 -3.316281313962000099e-01 3.900804919617000266e-01
1.564055742320999975e+00 4.421048096820999799e-04 3.284492301929999858e-01 7.690655163163999664e-01 -3.316168889675000231e-01 3.900501181639000059e-01
1.564494925850999918e+00 6.569713875530000090e-04 3.284403463839999926e-01 7.690278304694999623e-01 -3.316075382956999995e-01 3.900204036696999776e-01
1.564934109379999994e+00 9.001689766616000283e-04 3.284309970350999808e-01 7.689897124929000460e-01 -3.315970776746999804e-01 3.899901851631000227e-01
1.565373292909999936e+00 1.156879412309999924e-03 3.284206020082999777e-01 7.689514630857999800e-01 -3.315845367349999906e-01 3.899600631928999972e-01
1.565812476440000101e+00 1.398137121529000005e-03 3.284096961910000223e-01 7.689133952244999737e-01 -3.315718753899999927e-01 3.899316430816999746e-01
1.566251659968999954e+00 1.616589089415000017e-03 3.283994755770999752e-01 7.688754293838999665e-01 -3.315603127337999889e-01 3.899053743841999764e-01
1.566690843498999897e+00 1.832591619194999912e-03 3.283903970697999997e-01 7.688372824671999561e-01 -3.315487308439000191e-01 3.898798966013000133e-01
1.567130027029000061e+00 2.071282586365999837e-03 3.283813691235000221e-01 7.687988186010999980e-01 -3.315361990258999803e-01 3.898538155149000040e-01
1.567569210557999915e+00 2.335776185790000049e-03 3.283708603450000152e-01 7.687601042232999893e-01 -3.315234893149999751e-01 3.898275615124999760e-01
1.568008394088000079e+00 2.600161991060999898e-03 3.283588969412000180e-01 7.687213382950000007e-01 -3.315112287736000085e-01 3.898028259199000090e-01
1.568447577616999933e+00 2.834087277216000046e-03 3.283472695008000097e-01 7.686827952957000498e-01 -3.314987297520999854e-01 3.897803005227000184e-01
1.568886761147000097e+00 3.040477558391999936e-03 3.283373191596000162e-01 7.686445885104999931e-01 -3.314856245682000213e-01 3.897587487297999864e-01
1.569325944677000040e+00 3.259253724826000152e-03 3.283281441456000205e-01 7.686064383201000050e-01 -3.314727036430000218e-01 3.897366620498999845e-01
1.569765128205999893e+00 3.519626217123999860e-03 3.283177811690000114e-01 7.685679719101999874e-01 -3.314601018791999976e-01 3.897142510548000094e-01
1.570204311736000058e+00 3.797535297352000114e-03 3.283058103659000082e-01 7.685293077335999534e-01 -3.314465892048999995e-01 3.896930726389000177e-01
1.570643495266000000e+00 4.043276462122999751e-03 3.282937754295000010e-01 7.684909644859999611e-01 -3.314319166681999884e-01 3.896738547990999946e-01
1.571082678795000076e+00 4.249385621584000038e-03 3.282829227981000075e-01 7.684530825068000004e-01 -3.314179384104000148e-01 3.896555382254000000e-01
1.571521862325000019e+00 4.461888513667000219e-03 3.282725413929999947e-01 7.684152159603999666e-01 -3.314057193537000012e-01 3.896367936649999808e-01
1.571961045854000094e+00 4.714125802476000146e-03 3.282611792560999886e-01 7.683771472410999559e-01 -3.313932517552999890e-01 3.896178212911000083e-01
1.572400229384000037e+00 4.979211108318000283e-03 3.282488339333000105e-01 7.683393636209000510e-01 -3.313782138986999803e-01 3.895999647571999902e-01
1.572839412913999979e+00 5.212651279789999766e-03 3.282369211887999905e-01 7.683022464615000269e-01 -3.313617528403999812e-01 3.895838210486999853e-01
1.573278596443000055e+00 5.419968467205000216e-03 3.282261138820999902e-01 7.682652843487000061e-01 -3.313470143939000190e-01 3.895685106246000173e-01
1.573717779972999997e+00 5.645564100864999997e-03 3.282152173744999901e-01 7.682278303483000004e-01 -3.313344807649999946e-01 3.895529392175000050e-01
1.574156963502999940e+00 5.901350311428000227e-03 3.282027905157999803e-01 7.681903416241999683e-01 -3.313213518172000160e-01 3.895371436385999808e-01
1.574596147032000015e+00 6.147034418347000276e-03 3.281892925711999975e-01 7.681539324002000235e-01 -3.313057222540999880e-01 3.895220137122000215e-01
1.575035330561999958e+00 6.352818711803999950e-03 3.281766437722999918e-01 7.681186681185999676e-01 -3.312890264346999847e-01 3.895080845903999833e-01
1.575474514091999900e+00 6.547326499541999793e-03 3.281656253179000005e-01 7.680832790407999822e-01 -3.312735479662000104e-01 3.894950771080999963e-01
1.575913697620999976e+00 6.776859131671000153e-03 3.281546945859999953e-01 7.680469588503000544e-01 -3.312593513548999780e-01 3.894824658545000262e-01
1.576352881150999918e+00 7.037086624732000195e-03 3.281419850041000230e-01 7.680106110464000047e-01 -3.312448491800000228e-01 3.894700474525999989e-01
1.576792064679999994e+00 7.277744637058000156e-03 3.281278025748000093e-01 7.679756262628999464e-01 -3.312292044053999907e-01 3.894579161357999975e-01
1.577231248209999936e+00 7.471583319432000339e-03 3.281141632712999967e-01 7.679419872210000442e-01 -3.312129637912000213e-01 3.894462110022999801e-01
1.577670431740000101e+00 7.649300826380000390e-03 3.281020818520999915e-01 7.679084212800999509e-01 -3.311969197119000174e-01 3.894350225702999935e-01
1.578109615268999955e+00 7.856900011565000688e-03 3.280904167888999967e-01 7.678741876621000273e-01 -3.311812709893999784e-01 3.894243908548000177e-01
1.578548798798999897e+00 8.098574805509999724e-03 3.280776397362999974e-01 7.678398867772000536e-01 -3.311656577980000016e-01 3.894143024757000249e-01
1.578987982329000062e+00 8.337185574723000522e-03 3.280637538582000245e-01 7.678064669463999792e-01 -3.311495475060999838e-01 3.894047368387000274e-01
1.579427165857999915e+00 8.541738940980999825e-03 3.280498474860999991e-01 7.677741263113999626e-01 -3.311328292190000022e-01 3.893956759644999766e-01
1.579866349388000080e+00 8.719161010532999398e-03 3.280364748190000013e-01 7.677423944926999866e-01 -3.311161297501000189e-01 3.893869948236999834e-01
1.580305532916999933e+00 8.900054872611999277e-03 3.280232938866000092e-01 7.677107746928000243e-01 -3.311000319986999729e-01 3.893784806184000247e-01
1.580744716447000098e+00 9.103887457132000399e-03 3.280099195141000235e-01 7.676790683561000028e-01 -3.310840116020000168e-01 3.893701536281999886e-01
1.581183899977000040e+00 9.321995488344000241e-03 3.279963243530999994e-01 7.676474703736000382e-01 -3.310670196943000243e-01 3.893624274799999951e-01
1.581623083505999894e+00 9.530385892842999779e-03 3.279825044908000198e-01 7.676165497971999541e-01 -3.310492345166000105e-01 3.893556313136000147e-01
1.582062267036000058e+00 9.715692687592999630e-03 3.279683882764999892e-01 7.675867517390999595e-01 -3.310320827632000085e-01 3.893494392353000211e-01
1.582501450566000001e+00 9.888106573896000839e-03 3.279540795724000257e-01 7.675577157424999797e-01 -3.310160473348000010e-01 3.893431935541999955e-01
1.582940634095000076e+00 1.006817768197999959e-02 3.279397702770999734e-01 7.675285183148999879e-01 -3.309996748344000150e-01 3.893368617517999897e-01
1.583379817625000019e+00 1.026167628666999933e-02 3.279254957732000153e-01 7.674988844322000459e-01 -3.309816699068000023e-01 3.893311953836999795e-01
1.583819001154999961e+00 1.045238136507000044e-02 3.279112702277999780e-01 7.674697075624999920e-01 -3.309629348518000058e-01 3.893266753942000169e-01
1.584258184684000037e+00 1.062359486225999960e-02 3.278971551843999910e-01 7.674419004803999522e-01 -3.309452733057999807e-01 3.893227402166000162e-01
1.584697368213999980e+00 1.078221307113000002e-02 3.278828363667000145e-01 7.674150889677000542e-01 -3.309287603528999755e-01 3.893185414761999863e-01
1.585136551743000055e+00 1.095190450166000015e-02 3.278676733561999845e-01 7.673880818899999623e-01 -3.309118301760000103e-01 3.893142008855999814e-01
1.585575735272999998e+00 1.114040755052000085e-02 3.278517941699000127e-01 7.673604948743000254e-01 -3.308936751939000054e-01 3.893107021855000127e-01
1.586014918802999940e+00 1.132382142205000039e-02 3.278364959601999806e-01 7.673332116847999540e-01 -3.308751000828000222e-01 3.893085301811000098e-01
1.586454102332000016e+00 1.147402172961000007e-02 3.278225416644000023e-01 7.673071164936999811e-01 -3.308569164285000141e-01 3.893070037176000198e-01
1.586893285861999958e+00 1.159818472184999914e-02 3.278086050517999839e-01 7.672819835234000463e-01 -3.308388710221999984e-01 3.893052113627000210e-01
1.587332469391999901e+00 1.173613777141999971e-02 3.277928333087000157e-01 7.672569477838000473e-01 -3.308206090097000063e-01 3.893031909065000074e-01
1.587771652920999976e+00 1.191143266846999942e-02 3.277757214181999945e-01 7.672316307983999550e-01 -3.308025142902000226e-01 3.893017981767999958e-01
1.588210836450999919e+00 1.209713537114000086e-02 3.277596896303999752e-01 7.672063659733999730e-01 -3.307848341476000154e-01 3.893016022353000261e-01
1.588650019979999994e+00 1.224615845674000003e-02 3.277455364683000139e-01 7.671815624797999611e-01 -3.307668254919000073e-01 3.893022875134000138e-01
1.589089203509999937e+00 1.235169449448999916e-02 3.277311789658000074e-01 7.671573062019999556e-01 -3.307477201323000271e-01 3.893031458899999797e-01
1.589528387040000101e+00 1.245697952656999938e-02 3.277147865723000209e-01 7.671335199316999809e-01 -3.307280931795000267e-01 3.893038954351999981e-01
1.589967570568999955e+00 1.259795455656999991e-02 3.276974432620999855e-01 7.671101033403999736e-01 -3.307093111207999869e-01 3.893049115676999739e-01
1.590406754098999897e+00 1.275615568736000044e-02 3.276812746293999989e-01 7.670868347642000318e-01 -3.306916697915999737e-01 3.893067474458000166e-01
1.590845937629000062e+00 1.288747144894000080e-02 3.276662667479000035e-01 7.670634466796999451e-01 -3.306738981974999825e-01 3.893095143040999906e-01
1.591285121157999916e+00 1.298488931741000052e-02 3.276507311401000155e-01 7.670399665199000294e-01 -3.306547807329999755e-01 3.893127890174000183e-01
1.591724304688000080e+00 1.308439429375999989e-02 3.276341024789000134e-01 7.670167929300000242e-01 -3.306347116925000273e-01 3.893161715569000147e-01
1.592163488218000023e+00 1.320781362500000021e-02 3.276173633698999943e-01 7.669942387524999461e-01 -3.306151618182999741e-01 3.893198149175000067e-01
1.592602671747000098e+00 1.333007393819999990e-02 3.276010320685999733e-01 7.669720829826000008e-01 -3.305968276517000093e-01 3.893241713157999939e-01
1.593041855277000041e+00 1.341945018067999991e-02 3.275845787341000181e-01 7.669497746950999506e-01 -3.305788501849000194e-01 3.893292548708000012e-01
1.593481038805999894e+00 1.348746653958000051e-02 3.275678708015999918e-01 7.669270992375000207e-01 -3.305599949465999887e-01 3.893345617187999874e-01
1.593920222336000059e+00 1.357196933682000041e-02 3.275514961354999977e-01 7.669044587790999623e-01 -3.305401639573999906e-01 3.893399072622000245e-01
1.594359405866000001e+00 1.368062489885999919e-02 3.275353724078000073e-01 7.668823472340999814e-01 -3.305203290263000193e-01 3.893458939525999973e-01
1.594798589395000077e+00 1.378056011824000011e-02 3.275185833675999802e-01 7.668606455191000482e-01 -3.305012023985000047e-01 3.893530583834999836e-01
1.595237772925000019e+00 1.384621315531000055e-02 3.275010358704000257e-01 7.668386925979000512e-01 -3.304825517585999739e-01 3.893608426922999799e-01
1.595676956454999962e+00 1.389141804308000050e-02 3.274838543597000107e-01 7.668161334436000010e-01 -3.304638358658000263e-01 3.893681475160000183e-01
1.596116139984000037e+00 1.394348161379000035e-02 3.274675700690000135e-01 7.667934377677000368e-01 -3.304448588567999723e-01 3.893749594209000020e-01
1.596555323513999980e+00 1.400613605040000077e-02 3.274512550383000264e-01 7.667713094383999950e-01 -3.304255433005999776e-01 3.893826378938999855e-01
1.596994507043000056e+00 1.406433818961000046e-02 3.274341173324999965e-01 7.667497209771999556e-01 -3.304057305443000025e-01 3.893921234914000107e-01
1.597433690572999998e+00 1.411146230021999987e-02 3.274166702836999732e-01 7.667279073945000301e-01 -3.303857265517999853e-01 3.894024652495000072e-01
1.597872874102999941e+00 1.415232325177999927e-02 3.273995407131000124e-01 7.667053359177999905e-01 -3.303664538950000229e-01 3.894119129472999874e-01
1.598312057632000016e+00 1.418624702155000042e-02 3.273823899784999991e-01 7.666822888683000325e-01 -3.303482916318999929e-01 3.894202492866999932e-01
1.598751241161999959e+00 1.420638723394000019e-02 3.273649682672999939e-01 7.666593343380999626e-01 -3.303301615197999919e-01 3.894291346666000075e-01
1.599190424691999901e+00 1.421504863893000015e-02 3.273479846326999843e-01 7.666366080713999942e-01 -3.303106957565999924e-01 3.894398990476999889e-01
1.599629608220999977e+00 1.422348403981999951e-02 3.273317301174999971e-01 7.666139078020000053e-01 -3.302901595462999773e-01 3.894517580192000117e-01
1.600068791750999919e+00 1.423451451418999980e-02 3.273150000819000094e-01 7.665911412935000335e-01 -3.302702282614999874e-01 3.894628578600999869e-01
1.600507975279999995e+00 1.423915005580999975e-02 3.272968700882999959e-01 7.665682266262000555e-01 -3.302517719002999730e-01 3.894727000952000195e-01
1.600947158809999937e+00 1.423308237056999936e-02 3.272785694845000148e-01 7.665447885787000093e-01 -3.302338377310999884e-01 3.894827018043999778e-01
1.601386342340000102e+00 1.422232993509999974e-02 3.272618207926999978e-01 7.665205403675999785e-01 -3.302151496562000244e-01 3.894942316760999779e-01
1.601825525868999955e+00 1.420732753277000049e-02 3.272459960506999832e-01 7.664959255230000545e-01 -3.301957209156000106e-01 3.895067812374999883e-01
1.602264709398999898e+00 1.417621531569999982e-02 3.272289584231000137e-01 7.664717697216000269e-01 -3.301764278127999885e-01 3.895186308922000129e-01
1.602703892929000062e+00 1.412456118421999939e-02 3.272104966630000056e-01 7.664481481021000464e-01 -3.301576625048999736e-01 3.895290726883999799e-01
1.603143076457999916e+00 1.407013142111999959e-02 3.271927243114999828e-01 7.664241570286000060e-01 -3.301390820735999876e-01 3.895393089383999974e-01
1.603582259988000080e+00 1.403284685038000065e-02 3.271766860633000262e-01 7.663990852756999983e-01 -3.301203399216999790e-01 3.895508939178000118e-01
1.604021443518000023e+00 1.400495807574999967e-02 3.271606673972000112e-01 7.663733011454000321e-01 -3.301015307660000175e-01 3.895636880276999725e-01
1.604460627047000099e+00 1.395660247657000072e-02 3.271428962876000157e-01 7.663475792012000021e-01 -3.300830499367000126e-01 3.895759084813000261e-01
1.604899810577000041e+00 1.387247235366999981e-02 3.271242686267000210e-01 7.663220060023000491e-01 -3.300651932024999957e-01 3.895862758160000272e-01
1.605338994105999895e+00 1.377082677596999996e-02 3.271069570867000120e-01 7.662961113848999473e-01 -3.300476375820000086e-01 3.895956198764000122e-01
1.605778177636000059e+00 1.368098383875000074e-02 3.270913183774000199e-01 7.662697525570000279e-01 -3.300294267741000209e-01 3.896058824449000202e-01
1.606217361166000002e+00 1.360971651875000042e-02 3.270756438954999790e-01 7.662431761719999956e-01 -3.300101490490999767e-01 3.896176697116999765e-01
1.606656544695000077e+00 1.353640524793000080e-02 3.270585513829000202e-01 7.662163380970999915e-01 -3.299910469483999798e-01 3.896294304301999856e-01
1.607095728225000020e+00 1.343840079947999921e-02 3.270404301514999723e-01 7.661889030452999627e-01 -3.299738148997999887e-01 3.896393767472000058e-01
1.607534911754999962e+00 1.331576814064000004e-02 3.270226281520000056e-01 7.661609806400999645e-01 -3.299580311167000235e-01 3.896477148270000024e-01
1.607974095284000038e+00 1.318948759556999931e-02 3.270060553049000118e-01 7.661331187098000539e-01 -3.299412343474000253e-01 3.896562533933999872e-01
1.608413278813999980e+00 1.307604836149999991e-02 3.269905460299000199e-01 7.661053189888999970e-01 -3.299223523913999978e-01 3.896659044970999797e-01
1.608852462343000056e+00 1.296673008644999917e-02 3.269750201716000171e-01 7.660767946412999629e-01 -3.299035033080999768e-01 3.896754745739999803e-01
1.609291645872999998e+00 1.283779226342000000e-02 3.269583858649000030e-01 7.660471865258999813e-01 -3.298869333766999978e-01 3.896833969126999864e-01
1.609730829402999941e+00 1.268268853771000078e-02 3.269407138407999791e-01 7.660173636735999603e-01 -3.298715621095000272e-01 3.896899318466999773e-01
1.610170012932000017e+00 1.252480386504999967e-02 3.269232889965000277e-01 7.659882595390999915e-01 -3.298547484987000011e-01 3.896966816299000103e-01
1.610609196461999959e+00 1.238846196481999985e-02 3.269071281993000122e-01 7.659593426009000394e-01 -3.298366182501999977e-01 3.897041421297999797e-01
1.611048379991999902e+00 1.226348030892999985e-02 3.268918224747000001e-01 7.659292095659000488e-01 -3.298198651436999862e-01 3.897108953874999782e-01
1.611487563520999977e+00 1.211444495514000033e-02 3.268762717941000040e-01 7.658976243042999732e-01 -3.298052176835999938e-01 3.897156466312000078e-01
1.611926747050999920e+00 1.192701410555999965e-02 3.268600736126999751e-01 7.658659435125999559e-01 -3.297900522882999952e-01 3.897190976327000178e-01
1.612365930581000084e+00 1.172893366254999965e-02 3.268435965607000004e-01 7.658351935117000409e-01 -3.297725964898999829e-01 3.897228979817999872e-01
1.612805114109999938e+00 1.155575847060999993e-02 3.268271753625999754e-01 7.658046375968999842e-01 -3.297549138045000050e-01 3.897272650708999975e-01
1.613244297640000102e+00 1.140727823661999950e-02 3.268109969069999954e-01 7.657729415426000052e-01 -3.297397837468999948e-01 3.897307638708999988e-01
1.613683481168999956e+00 1.125100879567000021e-02 3.267953937283000210e-01 7.657401132133999644e-01 -3.297265001552999730e-01 3.897324071623999853e-01
1.614122664698999898e+00 1.106286965009999936e-02 3.267803827860999988e-01 7.657073208454000524e-01 -3.297121539626000075e-01 3.897328628946000184e-01
1.614561848229000063e+00 1.085089681755999937e-02 3.267651859422999738e-01 7.656750279276000049e-01 -3.296960076616000102e-01 3.897331755939000275e-01
1.615001031757999916e+00 1.064012634944999994e-02 3.267491443975000243e-01 7.656423772118999826e-01 -3.296800892801000082e-01 3.897332150355000135e-01
1.615440215288000081e+00 1.044610212740000078e-02 3.267329307569999952e-01 7.656086670774999714e-01 -3.296657654071000199e-01 3.897321446872000217e-01
1.615879398818000023e+00 1.026508300947000067e-02 3.267177894764999868e-01 7.655745134399000174e-01 -3.296520873561000209e-01 3.897298511446999902e-01
1.616318582347000099e+00 1.008095015556000063e-02 3.267035661330999763e-01 7.655408962791999672e-01 -3.296378737710999873e-01 3.897270094572999888e-01
1.616757765877000041e+00 9.878753863540999658e-03 3.266886877997999816e-01 7.655076248494000479e-01 -3.296234737197999975e-01 3.897239184608000118e-01
1.617196949405999895e+00 9.658092091852999231e-03 3.266724774165999934e-01 7.654735980749000079e-01 -3.296097146725999738e-01 3.897200692705000136e-01
1.617636132936000060e+00 9.435041112233000585e-03 3.266563554385000234e-01 7.654384321374999578e-01 -3.295965204365000067e-01 3.897149066866000267e-01
1.618075316466000002e+00 9.225298757940000524e-03 3.266419469606000048e-01 7.654029976014999903e-01 -3.295833824239999821e-01 3.897084177108000036e-01
1.618514499995000078e+00 9.025720404324000593e-03 3.266287710751999973e-01 7.653681439320000335e-01 -3.295702047865000095e-01 3.897009415500999885e-01
1.618953683525000020e+00 8.820048886116000492e-03 3.266148247232000257e-01 7.653335701594999874e-01 -3.295570421224999769e-01 3.896929439312000198e-01
1.619392867054999963e+00 8.602096460008999690e-03 3.265991835109000041e-01 7.652984211989000141e-01 -3.295438478930000081e-01 3.896849116252000256e-01
1.619832050584000038e+00 8.382099485441999592e-03 3.265830922153999949e-01 7.652625682202000013e-01 -3.295309815663000075e-01 3.896767562067999791e-01
1.620271234113999981e+00 8.167955247131999941e-03 3.265683331316999727e-01 7.652266735174999557e-01 -3.295190896551999926e-01 3.896673318046000034e-01
1.620710417643000056e+00 7.953372468399999562e-03 3.265551453373000124e-01 7.651910960279000307e-01 -3.295079740810000213e-01 3.896555025533999794e-01
1.621149601172999999e+00 7.731821159154999776e-03 3.265421351237000058e-01 7.651553606283999498e-01 -3.294964655475999815e-01 3.896419661891000197e-01
1.621588784702999941e+00 7.510293521482000294e-03 3.265279998432999986e-01 7.651189460259999464e-01 -3.294840047779000192e-01 3.896289291617999750e-01
1.622027968232000017e+00 7.297937712860000196e-03 3.265129243648999813e-01 7.650821777374999799e-01 -3.294715089365999883e-01 3.896172613275000196e-01
1.622467151761999959e+00 7.089712570068999568e-03 3.264981255184000175e-01 7.650458907299000355e-01 -3.294600441196999796e-01 3.896049852119000123e-01
1.622906335291999902e+00 6.874422564408000196e-03 3.264842916278000162e-01 7.650102782326000384e-01 -3.294494642965000164e-01 3.895897566839000015e-01
1.623345518820999978e+00 6.653188269184999795e-03 3.264709633539000233e-01 7.649744987044000410e-01 -3.294390428035000040e-01 3.895721318800999811e-01
1.623784702350999920e+00 6.436035700735000080e-03 3.264575033834999918e-01 7.649376723591000404e-01 -3.294285907571000149e-01 3.895548294617000029e-01
1.624223885881000085e+00 6.224061706408000154e-03 3.264439829997999865e-01 7.649000835874000259e-01 -3.294181277527999940e-01 3.895389619376000145e-01
1.624663069409999938e+00 6.010451375901000419e-03 3.264306072168999817e-01 7.648630026520000236e-01 -3.294072997142000192e-01 3.895227233335000205e-01
1.625102252940000103e+00 5.797659954100999741e-03 3.264169337837000140e-01 7.648271807604000161e-01 -3.293961602634999930e-01 3.895042332963999931e-01
1.625541436468999956e+00 5.595871190011999716e-03 3.264026323775000016e-01 7.647918574151000293e-01 -3.293857907225999915e-01 3.894840673528999764e-01
1.625980619998999899e+00 5.401491608503000176e-03 3.263886100314000172e-01 7.647556615531000412e-01 -3.293769114328999881e-01 3.894639564440000035e-01
1.626419803529000063e+00 5.195796478263000305e-03 3.263760604286000122e-01 7.647183530568000265e-01 -3.293684136378000060e-01 3.894442003752999759e-01
1.626858987057999917e+00 4.973834943274999670e-03 3.263643717968000013e-01 7.646810964792000176e-01 -3.293586405103000048e-01 3.894237592409999782e-01
1.627298170588000081e+00 4.758222174449999904e-03 3.263514684093999918e-01 7.646448830597000201e-01 -3.293478398965000165e-01 3.894022161642000102e-01
1.627737354118000024e+00 4.570137734531999618e-03 3.263367695914000111e-01 7.646093347921000261e-01 -3.293378944631000227e-01 3.893801553155999962e-01
1.628176537647000099e+00 4.398399453087000095e-03 3.263223688722000082e-01 7.645735414351000347e-01 -3.293296033975999793e-01 3.893577962754999899e-01
1.628615721177000042e+00 4.213979148963000430e-03 3.263102204975000253e-01 7.645374925351999806e-01 -3.293216746363000214e-01 3.893346557101000083e-01
1.629054904705999895e+00 4.008517574103000018e-03 3.262993131433999938e-01 7.645018259439000374e-01 -3.293127625830000182e-01 3.893107238526000158e-01
1.629494088236000060e+00 3.801565656719999801e-03 3.262870841803000022e-01 7.644664620890000428e-01 -3.293032189394999865e-01 3.892867493650999933e-01
1.629933271766000003e+00 3.612358601537999942e-03 3.262729518186999744e-01 7.644306248818999450e-01 -3.292941929952999947e-01 3.892629521848000040e-01
1.630372455295000078e+00 3.440514301378999867e-03 3.262588446024999866e-01 7.643943859195000412e-01 -3.292859769368000067e-01 3.892384896957000184e-01
1.630811638825000021e+00 3.274773977423000096e-03 3.262463967406999954e-01 7.643590150465999766e-01 -3.292779823797999939e-01 3.892127701720999866e-01
1.631250822354999963e+00 3.105619395158000073e-03 3.262350954504000256e-01 7.643251438346999604e-01 -3.292697287652999738e-01 3.891864513466999909e-01
1.631690005884000039e+00 2.927124462652000176e-03 3.262234294190000106e-01 7.642915635200999702e-01 -3.292612290802999775e-01 3.891604607722999876e-01
1.632129189413999981e+00 2.741036545672999921e-03 3.262107056458000143e-01 7.642568625316999986e-01 -3.292527790434000012e-01 3.891346858708000234e-01
1.632568372943999924e+00 2.562864476851999928e-03 3.261973651169000066e-01 7.642215522434000485e-01 -3.292447195604999988e-01 3.891083590348000110e-01
1.633007556472999999e+00 2.409023334704999981e-03 3.261843429756000057e-01 7.641872744269999629e-01 -3.292370548731999857e-01 3.890812357942000088e-01
1.633446740002999942e+00 2.271750094369999994e-03 3.261723713615999887e-01 7.641542742797999832e-01 -3.292292370777000210e-01 3.890536537091000002e-01
1.633885923532000017e+00 2.122146691619000020e-03 3.261612310391999725e-01 7.641212096202999460e-01 -3.292208774811000160e-01 3.890258172441999895e-01
1.634325107061999960e+00 1.948173871523999979e-03 3.261496721104999996e-01 7.640875786997000096e-01 -3.292125769441999750e-01 3.889977757811999837e-01
1.634764290591999902e+00 1.774907649866000036e-03 3.261368537297000270e-01 7.640546582607999904e-01 -3.292051578003999945e-01 3.889697995974000233e-01
1.635203474120999978e+00 1.631974376452000009e-03 3.261237074873999942e-01 7.640232601052999728e-01 -3.291981231607000180e-01 3.889419889867999913e-01
1.635642657650999920e+00 1.512430841685000063e-03 3.261117941157999911e-01 7.639920380775999664e-01 -3.291901500776999723e-01 3.889137383387000213e-01
1.636081841181000085e+00 1.383697221961000066e-03 3.261009359777000127e-01 7.639594148178999733e-01 -3.291813270234000277e-01 3.888844373484999783e-01
1.636521024709999939e+00 1.233568279534999956e-03 3.260894349342999821e-01 7.639262433415000553e-01 -3.291733257669000046e-01 3.888545857112999937e-01
1.636960208240000103e+00 1.083201879445999964e-03 3.260767840429000253e-01 7.638948270804000185e-01 -3.291666794525999751e-01 3.888252924476000016e-01
1.637399391768999957e+00 9.527589524443999883e-04 3.260644231250999781e-01 7.638655853803000273e-01 -3.291596095595999971e-01 3.887966319710999819e-01
1.637838575298999899e+00 8.354664618759999979e-04 3.260532031257999952e-01 7.638364447084999842e-01 -3.291508193022000262e-01 3.887674691388999793e-01
1.638277758829000064e+00 7.147502276487000200e-04 3.260419612857000105e-01 7.638058469438999687e-01 -3.291418251702000197e-01 3.887371587007000251e-01
1.638716942357999917e+00 5.901555487094000503e-04 3.260297571129999739e-01 7.637747830655999826e-01 -3.291346237025000177e-01 3.887064458385000032e-01
1.639156125888000082e+00 4.722661703612999855e-04 3.260177213330999746e-01 7.637450278642999857e-01 -3.291283015645999899e-01 3.886761990957000035e-01
1.639595309418000024e+00 3.621753068645000182e-04 3.260069651327999751e-01 7.637166036970000071e-01 -3.291203827784000002e-01 3.886461454553000183e-01
1.640034492947000100e+00 2.512012082285999945e-04 3.259962074726999726e-01 7.636882107790999852e-01 -3.291108884296999881e-01 3.886155917553000272e-01
1.640473676477000042e+00 1.371080299493000006e-04 3.259837606930999776e-01 7.636594621668999494e-01 -3.291023152902000093e-01 3.885846571521999748e-01
1.640912860005999896e+00 2.769134994361000169e-05 3.259707749963000056e-01 7.636312296720000337e-01 -3.290954851315999741e-01 3.885538400410000204e-01
1.641352043536000060e+00 -7.159686403437999708e-05 3.259597549243000159e-01 7.636039650525000555e-01 -3.290882198494000099e-01 3.885228884317000198e-01
1.641791227066000003e+00 -1.640557783014999905e-04 3.259502954583999856e-01 7.635769268688999967e-01 -3.290790428222000186e-01 3.884911502082000201e-01
1.642230410595000079e+00 -2.552431922428999799e-04 3.259393556567999894e-01 7.635494012544999931e-01 -3.290696292172999859e-01 3.884588659341000061e-01
1.642669594125000021e+00 -3.475455590852000046e-04 3.259261425439999860e-01 7.635218294062999789e-01 -3.290619323332000246e-01 3.884270628948000015e-01
1.643108777654999964e+00 -4.413352348131999734e-04 3.259135873988999732e-01 7.634951859702999721e-01 -3.290549045969000108e-01 3.883959978400000068e-01
1.643547961184000039e+00 -5.343700145847000331e-04 3.259036718091000151e-01 7.634696792081999694e-01 -3.290462512064999956e-01 3.883645894262000020e-01
1.643987144713999982e+00 -6.197832860758000374e-04 3.258941780899999863e-01 7.634445497666999536e-01 -3.290361618552999912e-01 3.883318175180999754e-01
1.644426328243999924e+00 -6.923391909205000444e-04 3.258823010088000016e-01 7.634189956228000229e-01 -3.290269147748999812e-01 3.882980840724000182e-01
1.644865511773000000e+00 -7.582213915072999987e-04 3.258692076226000212e-01 7.633929820514000486e-01 -3.290192491475000258e-01 3.882646834567999861e-01
1.645304695302999942e+00 -8.307924871966999858e-04 3.258580483674000106e-01 7.633671772761999597e-01 -3.290113763733000241e-01 3.882322416503000140e-01
1.645743878832000018e+00 -9.129958983997999702e-04 3.258487895350999919e-01 7.633422282927000424e-01 -3.290018129937999913e-01 3.882001013486999774e-01
1.646183062361999960e+00 -9.908443247420000571e-04 3.258383808540000204e-01 7.633180786201999579e-01 -3.289913882737999784e-01 3.881671105787999898e-01
1.646622245891999903e+00 -1.050239900883000047e-03 3.258257940084999804e-01 7.632940288407999985e-01 -3.289817861948999833e-01 3.881327522062000268e-01
1.647061429420999978e+00 -1.095783508220000068e-03 3.258135513945000228e-01 7.632695866577999810e-01 -3.289732912555000111e-01 3.880975993069999963e-01
1.647500612950999921e+00 -1.145704924084999920e-03 3.258034539337000268e-01 7.632451137957000364e-01 -3.289647060479000129e-01 3.880628046626000138e-01
1.647939796481000085e+00 -1.209007204886000100e-03 3.257937476109999952e-01 7.632212976322999554e-01 -3.289548922701999722e-01 3.880289881351999814e-01
1.648378980009999939e+00 -1.274156175329000046e-03 3.257822308525999966e-01 7.631980662628999879e-01 -3.289439559871999985e-01 3.879955147563999840e-01
1.648818163540000103e+00 -1.323184772954000103e-03 3.257699002955000145e-01 7.631745793798999644e-01 -3.289331831353999869e-01 3.879610788423000223e-01
1.649257347068999957e+00 -1.353558708328999986e-03 3.257591443003999832e-01 7.631504735508000126e-01 -3.289237375835000199e-01 3.879251380293999851e-01
1.649696530598999900e+00 -1.381368948588000039e-03 3.257496705394000158e-01 7.631265261383000098e-01 -3.289150854938999724e-01 3.878885339929999954e-01
1.650135714129000064e+00 -1.421757152770999899e-03 3.257389342206999938e-01 7.631035873804999925e-01 -3.289052269257999872e-01 3.878524976666000157e-01
1.650574897657999918e+00 -1.470009672069000047e-03 3.257263195994000160e-01 7.630812680190000030e-01 -3.288932516708000242e-01 3.878172563326000022e-01
1.651014081188000082e+00 -1.507438217595000012e-03 3.257142705912999814e-01 7.630583943658999502e-01 -3.288809802202000143e-01 3.877818959986000236e-01
1.651453264718000025e+00 -1.525694682908000080e-03 3.257045338746000218e-01 7.630346388587999629e-01 -3.288707085966999788e-01 3.877454906758999731e-01
1.651892448247000100e+00 -1.537259024614999947e-03 3.256954040882000245e-01 7.630109283956000299e-01 -3.288617935420000138e-01 3.877080962105000084e-01
1.652331631777000043e+00 -1.556644337170999927e-03 3.256842308808000075e-01 7.629880568993999690e-01 -3.288513791914000062e-01 3.876705912446000157e-01
1.652770815306999985e+00 -1.579027306707999918e-03 3.256713474060000113e-01 7.629656038222000225e-01 -3.288386074624000122e-01 3.876336537717999797e-01
1.653209998836000061e+00 -1.589089886233000090e-03 3.256595329563999885e-01 7.629426962776000298e-01 -3.288258990089000244e-01 3.875969669670000228e-01
1.653649182366000003e+00 -1.587428263391999937e-03 3.256499149457999787e-01 7.629193103457999614e-01 -3.288151623837000104e-01 3.875595576897000183e-01
1.654088365895000079e+00 -1.591714911023000027e-03 3.256404174625999737e-01 7.628961090411999768e-01 -3.288048728474999849e-01 3.875210425649999735e-01
1.654527549425000021e+00 -1.607158644332999957e-03 3.256289217960999793e-01 7.628732192077000152e-01 -3.287926708103999784e-01 3.874823027297000233e-01
1.654966732954999964e+00 -1.612455557033999924e-03 3.256163466690999986e-01 7.628499913585999881e-01 -3.287792410340000249e-01 3.874444582625000133e-01
1.655405916484000040e+00 -1.588585214552000078e-03 3.256051365904999995e-01 7.628261270137000061e-01 -3.287671800527999788e-01 3.874072548379000058e-01
1.655845100013999982e+00 -1.550616462686000077e-03 3.255955384533000263e-01 7.628023006427999686e-01 -3.287567096107000264e-01 3.873692065454000244e-01
1.656284283543999925e+00 -1.531842281335000057e-03 3.255852720408999867e-01 7.627791612138999922e-01 -3.287451582197999933e-01 3.873296309434000051e-01
1.656723467073000000e+00 -1.538242839698999997e-03 3.255730423804000240e-01 7.627562081338999933e-01 -3.287310495672000066e-01 3.872897595029000106e-01
1.657162650602999943e+00 -1.537684207655999917e-03 3.255605612040999852e-01 7.627323714563000179e-01 -3.287164108275000274e-01 3.872511139332999730e-01
1.657601834132000018e+00 -1.500685165426000021e-03 3.255500130157000238e-01 7.627075527076999650e-01 -3.287038585739999741e-01 3.872133614493999954e-01
1.658041017661999961e+00 -1.437503061354999988e-03 3.255407745521999852e-01 7.626828275803000379e-01 -3.286929589854000189e-01 3.871748236070000071e-01
1.658480201191999903e+00 -1.383396371690000020e-03 3.255302804212000245e-01 7.626589364907999657e-01 -3.286810203637999805e-01 3.871349194709000074e-01
1.658919384720999979e+00 -1.354848641837000075e-03 3.255176788886999795e-01 7.626352398840999802e-01 -3.286667512240000200e-01 3.870949322848000196e-01
1.659358568250999921e+00 -1.333038239385000035e-03 3.255049058898000225e-01 7.626106373534999872e-01 -3.286516311814000058e-01 3.870560838648999802e-01
1.659797751781000086e+00 -1.289933993113999942e-03 3.254938772363999977e-01 7.625850737636999943e-01 -3.286376956829000218e-01 3.870178974992000143e-01
1.660236935309999939e+00 -1.220852162426999937e-03 3.254840835860999815e-01 7.625594908603999800e-01 -3.286251143780000161e-01 3.869791132529000199e-01
1.660676118840000104e+00 -1.146544926737999917e-03 3.254737043641999783e-01 7.625344409409999802e-01 -3.286124008199999835e-01 3.869394896082000157e-01
1.661115302370000046e+00 -1.086477821276000087e-03 3.254620431661000013e-01 7.625094121008999526e-01 -3.285984180181000247e-01 3.868998988067000044e-01
1.661554485898999900e+00 -1.035503324009999938e-03 3.254498919682000113e-01 7.624836557033000117e-01 -3.285835768236000098e-01 3.868610518273000176e-01
1.661993669429000064e+00 -9.710894007036000334e-04 3.254381130030000180e-01 7.624571578041999809e-01 -3.285690464437999725e-01 3.868228986569000050e-01
1.662432852957999918e+00 -8.833832365099000524e-04 3.254268373429999861e-01 7.624305030150000384e-01 -3.285551818786999756e-01 3.867850665636999863e-01
1.662872036488000083e+00 -7.902237697969999612e-04 3.254158055915000181e-01 7.624040950978000497e-01 -3.285411879592999851e-01 3.867471701644999982e-01
1.663311220018000025e+00 -7.139853246969999614e-04 3.254047108681999978e-01 7.623777860395000161e-01 -3.285264072792999923e-01 3.867088047701999765e-01
1.663750403547000101e+00 -6.486462046977999529e-04 3.253932849237999858e-01 7.623510846440000321e-01 -3.285113586612999903e-01 3.866699729597000146e-01
1.664189587077000043e+00 -5.651854911953999505e-04 3.253815709540999745e-01 7.623235690203999937e-01 -3.284969064921000048e-01 3.866315598441000256e-01
1.664628770606999986e+00 -4.523956377398999731e-04 3.253699570245999761e-01 7.622953156209999470e-01 -3.284827718325999957e-01 3.865946522225999771e-01
1.665067954136000061e+00 -3.351415982222999933e-04 3.253585502586999745e-01 7.622670206310999674e-01 -3.284678336240999807e-01 3.865591261269000212e-01
1.665507137666000004e+00 -2.404033152442999928e-04 3.253468950587000141e-01 7.622393312781999830e-01 -3.284519593347000055e-01 3.865235102039999981e-01
1.665946321195000079e+00 -1.590314225654999955e-04 3.253348190497999948e-01 7.622118755297000448e-01 -3.284364431640000026e-01 3.864866637139999783e-01
1.666385504725000022e+00 -5.983756090075999814e-05 3.253230332034000027e-01 7.621834564716000182e-01 -3.284220821807000146e-01 3.864491951057000274e-01
1.666824688254999964e+00 6.546373299532000573e-05 3.253120855382000132e-01 7.621536134745999780e-01 -3.284077805226000013e-01 3.864127712486999933e-01
1.667263871784000040e+00 1.904951061462999997e-04 3.253011730709999827e-01 7.621234648269999967e-01 -3.283920537046000065e-01 3.863782361575999746e-01
1.667703055313999982e+00 2.410961493459000101e-04 3.252908489295999739e-01 7.620943127777000115e-01 -3.283774998767000075e-01 3.863448116573000024e-01
