# Freq(GHz) Re(Z) Im(Z)
0.000000e+00 2.180120e-07 -1.658146e+06
1.000000e-02 -1.099058e+06 -1.201482e+06
2.000000e-02 -1.531683e+06 -1.436111e+05
3.000000e-02 -1.110357e+06 8.236664e+05
4.000000e-02 -2.280081e+05 1.138198e+06
5.000000e-02 4.734932e+05 7.507049e+05
6.000000e-02 5.899783e+05 9.676904e+04
7.000000e-02 2.142278e+05 -2.934328e+05
8.000000e-02 -2.234990e+05 -2.053503e+05
9.000000e-02 -3.459066e+05 1.575271e+05
1.000000e-01 -1.156261e+05 4.138034e+05
1.100000e-01 1.965778e+05 3.499315e+05
1.200000e-01 2.972001e+05 7.185422e+04
1.300000e-01 1.278321e+05 -1.413351e+05
1.400000e-01 -1.196490e+05 -1.091627e+05
1.500000e-01 -2.086503e+05 1.029040e+05
1.600000e-01 -7.838538e+04 2.736490e+05
1.700000e-01 1.230421e+05 2.482740e+05
1.800000e-01 1.995661e+05 7.147665e+04
1.900000e-01 9.279695e+04 -7.623493e+04
2.000000e-01 -7.810439e+04 -5.970761e+04
2.100000e-01 -1.453547e+05 8.772971e+04
2.200000e-01 -5.537589e+04 2.130723e+05
2.300000e-01 9.207383e+04 1.982662e+05
2.400000e-01 1.512480e+05 6.834908e+04
2.500000e-01 7.225128e+04 -4.365422e+04
2.600000e-01 -5.840118e+04 -3.249560e+04
2.700000e-01 -1.117802e+05 8.125367e+04
2.800000e-01 -4.225931e+04 1.804503e+05
2.900000e-01 7.473712e+04 1.698898e+05
3.000000e-01 1.229062e+05 6.649312e+04
3.100000e-01 6.017691e+04 -2.444414e+04
3.200000e-01 -4.617469e+04 -1.658520e+04
3.300000e-01 -9.108130e+04 7.596345e+04
3.400000e-01 -3.492318e+04 1.580765e+05
3.500000e-01 6.140408e+04 1.502965e+05
3.600000e-01 1.017551e+05 6.507953e+04
3.700000e-01 4.960253e+04 -1.083504e+04
3.800000e-01 -3.999599e+04 -4.241153e+03
3.900000e-01 -7.813893e+04 7.436754e+04
4.000000e-01 -3.065495e+04 1.447190e+05
4.100000e-01 5.176053e+04 1.389477e+05
4.200000e-01 8.708277e+04 6.648307e+04
4.300000e-01 4.299862e+04 1.200176e+03
4.400000e-01 -3.374053e+04 6.749338e+03
4.500000e-01 -6.652790e+04 7.438530e+04
4.600000e-01 -2.523873e+04 1.352828e+05
4.700000e-01 4.672601e+04 1.301446e+05
4.800000e-01 7.772175e+04 6.655159e+04
4.900000e-01 3.908320e+04 9.121995e+03
5.000000e-01 -2.838891e+04 1.363003e+04
5.100000e-01 -5.754044e+04 7.296587e+04
5.200000e-01 -2.135793e+04 1.267123e+05
5.300000e-01 4.210898e+04 1.220914e+05
5.400000e-01 6.929543e+04 6.576035e+04
5.500000e-01 3.477454e+04 1.487438e+04
5.600000e-01 -2.549539e+04 1.911439e+04
5.700000e-01 -5.157003e+04 7.242125e+04
5.800000e-01 -1.895570e+04 1.206738e+05
5.900000e-01 3.806994e+04 1.165872e+05
6.000000e-01 6.261134e+04 6.600167e+04
6.100000e-01 3.157663e+04 2.015392e+04
6.200000e-01 -2.281612e+04 2.400929e+04
6.300000e-01 -4.622963e+04 7.225601e+04
6.400000e-01 -1.670472e+04 1.159024e+05
6.500000e-01 3.499187e+04 1.122150e+05
6.600000e-01 5.728263e+04 6.629337e+04
6.700000e-01 2.900521e+04 2.467523e+04
6.800000e-01 -2.043186e+04 2.838507e+04
6.900000e-01 -4.163230e+04 7.239170e+04
7.000000e-01 -1.452577e+04 1.122040e+05
7.100000e-01 3.286803e+04 1.087102e+05
7.200000e-01 5.321191e+04 6.648301e+04
7.300000e-01 2.718798e+04 2.832754e+04
7.400000e-01 -1.819611e+04 3.171808e+04
7.500000e-01 -3.767624e+04 7.214794e+04
7.600000e-01 -1.270645e+04 1.087428e+05
7.700000e-01 3.089618e+04 1.053226e+05
7.800000e-01 4.946609e+04 6.634117e+04
7.900000e-01 2.529866e+04 3.117819e+04
8.000000e-01 -1.674844e+04 3.442994e+04
8.100000e-01 -3.477845e+04 7.198625e+04
8.200000e-01 -1.153883e+04 1.058629e+05
8.300000e-01 2.883194e+04 1.026890e+05
8.400000e-01 4.599949e+04 6.655844e+04
8.500000e-01 2.348819e+04 3.397362e+04
8.600000e-01 -1.561512e+04 3.715548e+04
8.700000e-01 -3.223156e+04 7.219682e+04
8.800000e-01 -1.054348e+04 1.037101e+05
8.900000e-01 2.707371e+04 1.007115e+05
9.000000e-01 4.302237e+04 6.698886e+04
9.100000e-01 2.186989e+04 3.667763e+04
9.200000e-01 -1.463925e+04 3.985022e+04
9.300000e-01 -3.008657e+04 7.270153e+04
9.400000e-01 -9.693338e+03 1.022299e+05
9.500000e-01 2.561888e+04 9.941246e+04
9.600000e-01 4.051064e+04 6.777889e+04
9.700000e-01 2.068717e+04 3.945193e+04
9.800000e-01 -1.347005e+04 4.247832e+04
9.900000e-01 -2.786233e+04 7.331488e+04
1.000000e+00 -8.605015e+03 1.009770e+05
1.010000e+00 2.454924e+04 9.812033e+04
1.020000e+00 3.840801e+04 6.834227e+04
1.030000e+00 1.963535e+04 4.176425e+04
1.040000e+00 -1.257543e+04 4.476066e+04
1.050000e+00 -2.604156e+04 7.396721e+04
1.060000e+00 -7.715384e+03 1.000131e+05
1.070000e+00 2.359472e+04 9.726431e+04
1.080000e+00 3.665986e+04 6.910572e+04
1.090000e+00 1.887262e+04 4.398845e+04
1.100000e+00 -1.159297e+04 4.690933e+04
1.110000e+00 -2.424404e+04 7.455211e+04
1.120000e+00 -6.905078e+03 9.914808e+04
1.130000e+00 2.268968e+04 9.651074e+04
1.140000e+00 3.498471e+04 6.983794e+04
1.150000e+00 1.800551e+04 4.615852e+04
1.160000e+00 -1.084266e+04 4.907425e+04
1.170000e+00 -2.276682e+04 7.534656e+04
1.180000e+00 -6.251095e+03 9.868928e+04
1.190000e+00 2.186453e+04 9.615057e+04
1.200000e+00 3.341820e+04 7.080585e+04
1.210000e+00 1.725007e+04 4.842673e+04
1.220000e+00 -1.012730e+04 5.131160e+04
1.230000e+00 -2.137483e+04 7.637046e+04
1.240000e+00 -5.540927e+03 9.856546e+04
1.250000e+00 2.122631e+04 9.603037e+04
1.260000e+00 3.217991e+04 7.190000e+04
1.270000e+00 1.674486e+04 5.062298e+04
1.280000e+00 -9.350038e+03 5.343025e+04
1.290000e+00 -2.000033e+04 7.736516e+04
1.300000e+00 -4.856923e+03 9.845603e+04
1.310000e+00 2.059945e+04 9.600367e+04
1.320000e+00 3.094620e+04 7.300799e+04
1.330000e+00 1.611890e+04 5.279885e+04
1.340000e+00 -8.798171e+03 5.568597e+04
1.350000e+00 -1.885417e+04 7.865200e+04
1.360000e+00 -4.301103e+03 9.881928e+04
1.370000e+00 2.007330e+04 9.645360e+04
1.380000e+00 2.995004e+04 7.444128e+04
1.390000e+00 1.568225e+04 5.519751e+04
1.400000e+00 -8.128187e+03 5.804713e+04
1.410000e+00 -1.770839e+04 8.006902e+04
1.420000e+00 -3.743927e+03 9.939246e+04
1.430000e+00 1.958971e+04 9.711112e+04
1.440000e+00 2.893584e+04 7.606258e+04
1.450000e+00 1.524817e+04 5.775668e+04
1.460000e+00 -7.528962e+03 6.061277e+04
1.470000e+00 -1.662974e+04 8.181072e+04
1.480000e+00 -3.132585e+03 1.003340e+05
1.490000e+00 1.923354e+04 9.807997e+04
1.500000e+00 2.813381e+04 7.792232e+04
1.510000e+00 1.494125e+04 6.044962e+04
1.520000e+00 -6.937450e+03 6.332793e+04
1.530000e+00 -1.557425e+04 8.381576e+04
1.540000e+00 -2.525934e+03 1.016255e+05
1.550000e+00 1.897657e+04 9.947850e+04
1.560000e+00 2.751646e+04 8.014427e+04
1.570000e+00 1.481025e+04 6.341985e+04
1.580000e+00 -6.192015e+03 6.634614e+04
1.590000e+00 -1.441443e+04 8.610602e+04
1.600000e+00 -1.821921e+03 1.032514e+05
1.610000e+00 1.886526e+04 1.011952e+05
1.620000e+00 2.702481e+04 8.262145e+04
1.630000e+00 1.471217e+04 6.667510e+04
1.640000e+00 -5.480215e+03 6.963044e+04
1.650000e+00 -1.334869e+04 8.877037e+04
1.660000e+00 -1.169618e+03 1.053698e+05
1.670000e+00 1.877376e+04 1.034295e+05
1.680000e+00 2.657551e+04 8.563209e+04
1.690000e+00 1.472116e+04 7.042720e+04
1.700000e+00 -4.688540e+03 7.343104e+04
1.710000e+00 -1.219484e+04 9.201150e+04
1.720000e+00 -3.517931e+02 1.080657e+05
1.730000e+00 1.887144e+04 1.062276e+05
1.740000e+00 2.635664e+04 8.917562e+04
1.750000e+00 1.489441e+04 7.467006e+04
1.760000e+00 -3.824914e+03 7.776448e+04
1.770000e+00 -1.095545e+04 9.588941e+04
1.780000e+00 5.440167e+02 1.114955e+05
1.790000e+00 1.912388e+04 1.098451e+05
1.800000e+00 2.635719e+04 9.353273e+04
1.810000e+00 1.528889e+04 7.972446e+04
1.820000e+00 -2.715033e+03 8.298041e+04
1.830000e+00 -9.498073e+03 1.006650e+05
1.840000e+00 1.693876e+03 1.158968e+05
1.850000e+00 1.970044e+04 1.144564e+05
1.860000e+00 2.668890e+04 9.886871e+04
1.870000e+00 1.599307e+04 8.579941e+04
1.880000e+00 -1.330631e+03 8.921684e+04
1.890000e+00 -7.794468e+03 1.065759e+05
1.900000e+00 3.125650e+03 1.215624e+05
1.910000e+00 2.061081e+04 1.203967e+05
1.920000e+00 2.740477e+04 1.056236e+05
1.930000e+00 1.715312e+04 9.333121e+04
1.940000e+00 5.150539e+02 9.698905e+04
1.950000e+00 -5.606129e+03 1.141416e+05
1.960000e+00 5.120856e+03 1.289655e+05
1.970000e+00 2.213190e+04 1.282083e+05
1.980000e+00 2.882220e+04 1.143579e+05
1.990000e+00 1.905714e+04 1.029385e+05
2.000000e+00 3.143059e+03 1.069833e+05
2.010000e+00 -2.524903e+03 1.240927e+05
2.020000e+00 8.052992e+03 1.389451e+05
2.030000e+00 2.471475e+04 1.387930e+05
2.040000e+00 3.142699e+04 1.260333e+05
2.050000e+00 2.224507e+04 1.156916e+05
2.060000e+00 7.194087e+03 1.203760e+05
2.070000e+00 2.072722e+03 1.376928e+05
2.080000e+00 1.267881e+04 1.529094e+05
2.090000e+00 2.922661e+04 1.537106e+05
2.100000e+00 3.619914e+04 1.423987e+05
2.110000e+00 2.790530e+04 1.335360e+05
2.120000e+00 1.402817e+04 1.392416e+05
2.130000e+00 9.786653e+03 1.572661e+05
2.140000e+00 2.083159e+04 1.734364e+05
2.150000e+00 3.776063e+04 1.758251e+05
2.160000e+00 4.564160e+04 1.667182e+05
2.170000e+00 3.901838e+04 1.600887e+05
2.180000e+00 2.716252e+04 1.676491e+05
2.190000e+00 2.476930e+04 1.873574e+05
2.200000e+00 3.742502e+04 2.056236e+05
2.210000e+00 5.620148e+04 2.110519e+05
2.220000e+00 6.695027e+04 2.057377e+05
2.230000e+00 6.445074e+04 2.030098e+05
2.240000e+00 5.759927e+04 2.142104e+05
2.250000e+00 6.068491e+04 2.375817e+05
2.260000e+00 7.944719e+04 2.603132e+05
2.270000e+00 1.061074e+05 2.714641e+05
2.280000e+00 1.278415e+05 2.725827e+05
2.290000e+00 1.401262e+05 2.758360e+05
2.300000e+00 1.519803e+05 2.916205e+05
2.310000e+00 1.780673e+05 3.178830e+05
2.320000e+00 2.260556e+05 3.412495e+05
2.330000e+00 2.912600e+05 3.476122e+05
2.340000e+00 3.623885e+05 3.311558e+05
2.350000e+00 4.309031e+05 2.937861e+05
2.360000e+00 4.935315e+05 2.372179e+05
2.370000e+00 5.458735e+05 1.588436e+05
2.380000e+00 5.760348e+05 5.731351e+04
2.390000e+00 5.679477e+05 -5.750341e+04
2.400000e+00 5.145137e+05 -1.622133e+05
2.410000e+00 4.278312e+05 -2.313694e+05
2.420000e+00 3.356801e+05 -2.543693e+05
2.430000e+00 2.645651e+05 -2.431695e+05
2.440000e+00 2.227403e+05 -2.229686e+05
2.450000e+00 1.978943e+05 -2.127550e+05
2.460000e+00 1.715571e+05 -2.128620e+05
2.470000e+00 1.364087e+05 -2.097556e+05
2.480000e+00 1.013046e+05 -1.923341e+05
2.490000e+00 8.034963e+04 -1.641434e+05
2.500000e+00 7.741879e+04 -1.399625e+05
2.510000e+00 8.170221e+04 -1.311212e+05
2.520000e+00 7.799575e+04 -1.345139e+05
2.530000e+00 6.123974e+04 -1.359311e+05
2.540000e+00 4.101039e+04 -1.243345e+05
2.550000e+00 3.131814e+04 -1.026799e+05
2.560000e+00 3.644502e+04 -8.460444e+04
2.570000e+00 4.668498e+04 -8.068677e+04
2.580000e+00 4.797497e+04 -8.791576e+04
2.590000e+00 3.591270e+04 -9.274701e+04
2.600000e+00 1.983908e+04 -8.474488e+04
2.610000e+00 1.330974e+04 -6.678200e+04
2.620000e+00 2.055630e+04 -5.199745e+04
2.630000e+00 3.228329e+04 -5.060032e+04
2.640000e+00 3.506743e+04 -5.963168e+04
2.650000e+00 2.474026e+04 -6.611619e+04
2.660000e+00 1.035877e+04 -6.001061e+04
2.670000e+00 5.086542e+03 -4.412113e+04
2.680000e+00 1.299160e+04 -3.122620e+04
2.690000e+00 2.506664e+04 -3.115112e+04
2.700000e+00 2.836388e+04 -4.104816e+04
2.710000e+00 1.886142e+04 -4.834818e+04
2.720000e+00 5.394169e+03 -4.328987e+04
2.730000e+00 7.532758e+02 -2.870304e+04
2.740000e+00 8.838100e+03 -1.698320e+04
2.750000e+00 2.091246e+04 -1.766509e+04
2.760000e+00 2.438760e+04 -2.797762e+04
2.770000e+00 1.535732e+04 -3.564517e+04
2.780000e+00 2.509549e+03 -3.124439e+04
2.790000e+00 -1.754393e+03 -1.755196e+04
2.800000e+00 6.353066e+03 -6.637801e+03
2.810000e+00 1.830169e+04 -7.801879e+03
2.820000e+00 2.178851e+04 -1.829313e+04
2.830000e+00 1.311118e+04 -2.613000e+04
2.840000e+00 7.218055e+02 -2.216867e+04
2.850000e+00 -3.284650e+03 -9.131311e+03
2.860000e+00 4.785644e+03 1.170038e+03
2.870000e+00 1.653437e+04 -3.216040e+02
2.880000e+00 1.999630e+04 -1.084957e+04
2.890000e+00 1.158046e+04 -1.874480e+04
2.900000e+00 -4.469326e+02 -1.508585e+04
2.910000e+00 -4.232913e+03 -2.555857e+03
2.920000e+00 3.751628e+03 7.255075e+03
2.930000e+00 1.528527e+04 5.561853e+03
2.940000e+00 1.869989e+04 -4.934047e+03
2.950000e+00 1.049801e+04 -1.281813e+04
2.960000e+00 -1.189995e+03 -9.348229e+03
2.970000e+00 -4.791064e+03 2.741177e+03
2.980000e+00 3.098127e+03 1.214772e+04
2.990000e+00 1.443042e+04 1.029631e+04
3.000000e+00 1.777712e+04 -1.505418e+02
3.010000e+00 9.744945e+03 -7.967793e+03
3.020000e+00 -1.641919e+03 -4.680919e+03
3.030000e+00 -5.103395e+03 7.027635e+03
3.040000e+00 2.676970e+03 1.609123e+04
3.050000e+00 1.379124e+04 1.410658e+04
3.060000e+00 1.703311e+04 3.752601e+03
3.070000e+00 9.166658e+03 -3.978813e+03
3.080000e+00 -1.958945e+03 -8.255944e+02
3.090000e+00 -5.297769e+03 1.056658e+04
3.100000e+00 2.391753e+03 1.931448e+04
3.110000e+00 1.328155e+04 1.722869e+04
3.120000e+00 1.643714e+04 6.984975e+03
3.130000e+00 8.709564e+03 -6.604729e+02
3.140000e+00 -2.193425e+03 2.382200e+03
3.150000e+00 -5.404210e+03 1.349068e+04
3.160000e+00 2.156949e+03 2.195746e+04
3.170000e+00 1.281926e+04 1.981188e+04
3.180000e+00 1.587856e+04 9.691223e+03
3.190000e+00 8.260992e+03 2.160318e+03
3.200000e+00 -2.414486e+03 5.153836e+03
3.210000e+00 -5.525026e+03 1.600101e+04
3.220000e+00 1.919879e+03 2.423504e+04
3.230000e+00 1.238383e+04 2.204981e+04
3.240000e+00 1.534606e+04 1.205526e+04
3.250000e+00 7.840666e+03 4.664888e+03
3.260000e+00 -2.613295e+03 7.591951e+03
3.270000e+00 -5.628350e+03 1.820621e+04
3.280000e+00 1.713447e+03 2.623087e+04
3.290000e+00 1.197889e+04 2.399355e+04
3.300000e+00 1.484019e+04 1.414098e+04
3.310000e+00 7.453159e+03 6.882173e+03
3.320000e+00 -2.802767e+03 9.761135e+03
3.330000e+00 -5.729811e+03 2.017792e+04
3.340000e+00 1.532041e+03 2.799504e+04
3.350000e+00 1.160480e+04 2.573895e+04
3.360000e+00 1.439539e+04 1.603501e+04
3.370000e+00 7.129307e+03 8.900272e+03
3.380000e+00 -2.927143e+03 1.173971e+04
3.390000e+00 -5.729334e+03 2.195365e+04
3.400000e+00 1.431924e+03 2.956807e+04
3.410000e+00 1.132435e+04 2.728672e+04
3.420000e+00 1.403987e+04 1.770622e+04
3.430000e+00 6.864959e+03 1.069404e+04
3.440000e+00 -2.997316e+03 1.350848e+04
3.450000e+00 -5.715486e+03 2.352212e+04
3.460000e+00 1.347464e+03 3.095991e+04
3.470000e+00 1.107240e+04 2.866309e+04
3.480000e+00 1.369706e+04 1.920783e+04
3.490000e+00 6.621295e+03 1.233220e+04
3.500000e+00 -3.053347e+03 1.510705e+04
3.510000e+00 -5.690259e+03 2.493858e+04
3.520000e+00 1.285836e+03 3.221194e+04
3.530000e+00 1.083533e+04 2.987592e+04
3.540000e+00 1.337398e+04 2.055787e+04
3.550000e+00 6.395655e+03 1.380696e+04
3.560000e+00 -3.112649e+03 1.655350e+04
3.570000e+00 -5.669495e+03 2.622629e+04
3.580000e+00 1.233902e+03 3.332285e+04
3.590000e+00 1.061074e+04 3.098106e+04
3.600000e+00 1.307839e+04 2.179592e+04
3.610000e+00 6.189817e+03 1.516115e+04
3.620000e+00 -3.155833e+03 1.789451e+04
3.630000e+00 -5.615555e+03 2.740724e+04
3.640000e+00 1.197259e+03 3.434755e+04
3.650000e+00 1.041841e+04 3.199938e+04
3.660000e+00 1.282099e+04 2.293258e+04
3.670000e+00 6.007408e+03 1.642156e+04
3.680000e+00 -3.169031e+03 1.914012e+04
3.690000e+00 -5.555938e+03 2.849002e+04
3.700000e+00 1.172641e+03 3.528597e+04
3.710000e+00 1.024814e+04 3.292991e+04
3.720000e+00 1.255990e+04 2.397890e+04
3.730000e+00 5.830642e+03 1.759514e+04
3.740000e+00 -3.188673e+03 2.029340e+04
3.750000e+00 -5.505832e+03 2.950215e+04
3.760000e+00 1.154119e+03 3.616560e+04
3.770000e+00 1.007855e+04 3.378369e+04
3.780000e+00 1.232553e+04 2.496077e+04
3.790000e+00 5.683625e+03 1.868751e+04
3.800000e+00 -3.191757e+03 2.136420e+04
3.810000e+00 -5.434150e+03 3.043840e+04
3.820000e+00 1.157872e+03 3.695192e+04
3.830000e+00 9.931892e+03 3.457044e+04
3.840000e+00 1.211715e+04 2.586620e+04
3.850000e+00 5.551888e+03 1.969651e+04
3.860000e+00 -3.179230e+03 2.236978e+04
3.870000e+00 -5.341333e+03 3.130342e+04
3.880000e+00 1.169743e+03 3.768322e+04
3.890000e+00 9.805437e+03 3.529812e+04
3.900000e+00 1.192937e+04 2.669900e+04
3.910000e+00 5.421679e+03 2.064859e+04
3.920000e+00 -3.164276e+03 2.331156e+04
3.930000e+00 -5.264548e+03 3.211187e+04
3.940000e+00 1.174877e+03 3.837387e+04
3.950000e+00 9.684782e+03 3.598403e+04
3.960000e+00 1.172823e+04 2.749210e+04
3.970000e+00 5.300901e+03 2.155171e+04
3.980000e+00 -3.149085e+03 2.419619e+04
3.990000e+00 -5.191924e+03 3.287364e+04
4.000000e+00 1.184584e+03 3.901600e+04
4.010000e+00 9.553256e+03 3.660995e+04
4.020000e+00 1.153622e+04 2.823753e+04
4.030000e+00 5.181841e+03 2.240121e+04
4.040000e+00 -3.143726e+03 2.503495e+04
4.050000e+00 -5.114139e+03 3.360019e+04
4.060000e+00 1.199548e+03 3.961631e+04
4.070000e+00 9.436752e+03 3.721416e+04
4.080000e+00 1.136477e+04 2.894898e+04
4.090000e+00 5.075624e+03 2.320801e+04
4.100000e+00 -3.119303e+03 2.584991e+04
4.110000e+00 -5.020309e+03 3.429415e+04
4.120000e+00 1.226116e+03 4.019756e+04
4.130000e+00 9.346510e+03 3.779430e+04
4.140000e+00 1.122112e+04 2.962176e+04
4.150000e+00 4.984916e+03 2.399061e+04
4.160000e+00 -3.080313e+03 2.661776e+04
4.170000e+00 -4.927499e+03 3.494419e+04
4.180000e+00 1.254719e+03 4.074373e+04
4.190000e+00 9.257901e+03 3.833229e+04
4.200000e+00 1.105743e+04 3.026068e+04
4.210000e+00 4.890649e+03 2.473095e+04
4.220000e+00 -3.056401e+03 2.734943e+04
4.230000e+00 -4.850452e+03 3.557620e+04
4.240000e+00 1.284389e+03 4.127055e+04
4.250000e+00 9.168775e+03 3.885063e+04
4.260000e+00 1.092149e+04 3.088231e+04
4.270000e+00 4.822387e+03 2.543956e+04
4.280000e+00 -3.015070e+03 2.804398e+04
4.290000e+00 -4.741048e+03 3.616658e+04
4.300000e+00 1.330600e+03 4.174774e+04
4.310000e+00 9.095426e+03 3.933007e+04
4.320000e+00 1.079611e+04 3.145575e+04
4.330000e+00 4.750088e+03 2.609935e+04
4.340000e+00 -2.970255e+03 2.871465e+04
4.350000e+00 -4.641093e+03 3.672771e+04
4.360000e+00 1.368228e+03 4.221034e+04
4.370000e+00 9.026840e+03 3.979270e+04
4.380000e+00 1.067134e+04 3.200327e+04
4.390000e+00 4.671899e+03 2.675016e+04
4.400000e+00 -2.935486e+03 2.935415e+04
4.410000e+00 -4.559626e+03 3.726846e+04
4.420000e+00 1.394376e+03 4.266430e+04
4.430000e+00 8.947969e+03 4.023875e+04
4.440000e+00 1.053141e+04 3.254387e+04
4.450000e+00 4.596166e+03 2.738045e+04
4.460000e+00 -2.905489e+03 2.997512e+04
4.470000e+00 -4.483234e+03 3.779916e+04
4.480000e+00 1.427357e+03 4.309391e+04
4.490000e+00 8.868719e+03 4.066466e+04
4.500000e+00 1.040466e+04 3.306399e+04
4.510000e+00 4.524427e+03 2.798308e+04
4.520000e+00 -2.881323e+03 3.057371e+04
4.530000e+00 -4.392044e+03 3.830949e+04
4.540000e+00 1.461448e+03 4.350869e+04
4.550000e+00 8.800200e+03 4.108220e+04
4.560000e+00 1.029144e+04 3.356325e+04
4.570000e+00 4.455646e+03 2.856215e+04
4.580000e+00 -2.844635e+03 3.116092e+04
4.590000e+00 -4.312664e+03 3.879833e+04
4.600000e+00 1.482122e+03 4.391343e+04
4.610000e+00 8.724438e+03 4.149150e+04
4.620000e+00 1.015962e+04 3.405500e+04
4.630000e+00 4.370532e+03 2.915160e+04
4.640000e+00 -2.825649e+03 3.174575e+04
4.650000e+00 -4.246801e+03 3.929911e+04
4.660000e+00 1.505143e+03 4.433785e+04
4.670000e+00 8.654708e+03 4.190270e+04
4.680000e+00 1.004029e+04 3.455019e+04
4.690000e+00 4.307734e+03 2.972344e+04
4.700000e+00 -2.797012e+03 3.230779e+04
4.710000e+00 -4.179077e+03 3.978136e+04
4.720000e+00 1.532739e+03 4.472609e+04
4.730000e+00 8.579102e+03 4.229418e+04
4.740000e+00 9.920986e+03 3.502817e+04
4.750000e+00 4.236136e+03 3.027772e+04
4.760000e+00 -2.780335e+03 3.286529e+04
4.770000e+00 -4.100567e+03 4.025900e+04
4.780000e+00 1.557406e+03 4.512261e+04
4.790000e+00 8.513811e+03 4.269558e+04
4.800000e+00 9.817330e+03 3.550408e+04
4.810000e+00 4.172338e+03 3.083159e+04
4.820000e+00 -2.746260e+03 3.342453e+04
4.830000e+00 -4.025636e+03 4.073144e+04
4.840000e+00 1.583302e+03 4.552012e+04
4.850000e+00 8.456937e+03 4.309537e+04
4.860000e+00 9.706893e+03 3.597601e+04
4.870000e+00 4.107518e+03 3.138670e+04
4.880000e+00 -2.720331e+03 3.397263e+04
4.890000e+00 -3.961796e+03 4.120351e+04
4.900000e+00 1.604754e+03 4.592533e+04
4.910000e+00 8.387413e+03 4.348852e+04
4.920000e+00 9.593864e+03 3.645321e+04
4.930000e+00 4.045712e+03 3.193902e+04
4.940000e+00 -2.697050e+03 3.452216e+04
4.950000e+00 -3.893379e+03 4.168420e+04
4.960000e+00 1.640725e+03 4.631831e+04
4.970000e+00 8.335296e+03 4.388650e+04
4.980000e+00 9.505837e+03 3.692430e+04
4.990000e+00 4.000620e+03 3.247343e+04
5.000000e+00 -2.661537e+03 3.505866e+04
5.010000e+00 -3.808437e+03 4.214320e+04
5.020000e+00 1.672495e+03 4.670368e+04
5.030000e+00 8.281748e+03 4.427756e+04
5.040000e+00 9.413937e+03 3.738518e+04
5.050000e+00 3.941182e+03 3.301406e+04
5.060000e+00 -2.631423e+03 3.560537e+04
5.070000e+00 -3.739297e+03 4.261585e+04
5.080000e+00 1.701173e+03 4.711126e+04
5.090000e+00 8.239582e+03 4.468704e+04
5.100000e+00 9.320486e+03 3.786010e+04
5.110000e+00 3.893657e+03 3.356167e+04
5.120000e+00 -2.597227e+03 3.614593e+04
5.130000e+00 -3.671062e+03 4.308795e+04
5.140000e+00 1.732324e+03 4.751868e+04
5.150000e+00 8.183569e+03 4.508363e+04
5.160000e+00 9.227404e+03 3.833499e+04
5.170000e+00 3.845030e+03 3.410430e+04
5.180000e+00 -2.571256e+03 3.668710e+04
5.190000e+00 -3.601525e+03 4.356718e+04
5.200000e+00 1.767396e+03 4.792077e+04
5.210000e+00 8.137359e+03 4.549209e+04
5.220000e+00 9.146814e+03 3.881161e+04
5.230000e+00 3.800953e+03 3.464143e+04
5.240000e+00 -2.539728e+03 3.723422e+04
5.250000e+00 -3.526659e+03 4.404644e+04
5.260000e+00 1.797466e+03 4.833754e+04
5.270000e+00 8.094998e+03 4.591580e+04
5.280000e+00 9.073838e+03 3.929741e+04
5.290000e+00 3.758768e+03 3.520201e+04
5.300000e+00 -2.499485e+03 3.779342e+04
5.310000e+00 -3.452843e+03 4.453627e+04
5.320000e+00 1.831776e+03 4.876772e+04
5.330000e+00 8.058967e+03 4.634610e+04
5.340000e+00 8.985858e+03 3.979388e+04
5.350000e+00 3.714497e+03 3.576763e+04
5.360000e+00 -2.469597e+03 3.835789e+04
5.370000e+00 -3.389730e+03 4.504355e+04
5.380000e+00 1.866003e+03 4.921469e+04
5.390000e+00 8.015926e+03 4.678665e+04
5.400000e+00 8.911859e+03 4.030462e+04
5.410000e+00 3.680769e+03 3.633781e+04
5.420000e+00 -2.437774e+03 3.892568e+04
5.430000e+00 -3.316920e+03 4.555378e+04
5.440000e+00 1.900364e+03 4.965721e+04
5.450000e+00 7.973126e+03 4.723792e+04
5.460000e+00 8.835063e+03 4.082159e+04
5.470000e+00 3.634797e+03 3.691447e+04
5.480000e+00 -2.412194e+03 3.951994e+04
5.490000e+00 -3.254485e+03 4.608867e+04
5.500000e+00 1.923021e+03 5.013978e+04
5.510000e+00 7.931204e+03 4.773039e+04
5.520000e+00 8.763168e+03 4.137457e+04
5.530000e+00 3.593108e+03 3.754283e+04
5.540000e+00 -2.377593e+03 4.014688e+04
5.550000e+00 -3.188461e+03 4.665647e+04
5.560000e+00 1.954637e+03 5.065687e+04
5.570000e+00 7.896744e+03 4.824733e+04
5.580000e+00 8.682756e+03 4.195691e+04
5.590000e+00 3.552259e+03 3.818975e+04
5.600000e+00 -2.354140e+03 4.079576e+04
5.610000e+00 -3.138981e+03 4.725841e+04
5.620000e+00 1.974108e+03 5.120660e+04
5.630000e+00 7.840725e+03 4.880409e+04
5.640000e+00 8.595825e+03 4.258876e+04
5.650000e+00 3.500520e+03 3.888772e+04
5.660000e+00 -2.346622e+03 4.150445e+04
5.670000e+00 -3.088980e+03 4.792617e+04
5.680000e+00 1.986872e+03 5.182734e+04
5.690000e+00 7.785521e+03 4.944692e+04
5.700000e+00 8.512725e+03 4.330542e+04
5.710000e+00 3.447979e+03 3.967502e+04
5.720000e+00 -2.327645e+03 4.232302e+04
5.730000e+00 -3.038507e+03 4.870410e+04
5.740000e+00 2.001209e+03 5.257688e+04
5.750000e+00 7.741947e+03 5.022841e+04
5.760000e+00 8.440280e+03 4.416973e+04
5.770000e+00 3.409965e+03 4.063816e+04
5.780000e+00 -2.291889e+03 4.331573e+04
5.790000e+00 -2.970146e+03 4.968168e+04
5.800000e+00 2.044977e+03 5.355580e+04
5.810000e+00 7.735174e+03 5.126099e+04
5.820000e+00 8.416156e+03 4.532798e+04
5.830000e+00 3.452236e+03 4.192309e+04
5.840000e+00 -2.156052e+03 4.467651e+04
5.850000e+00 -2.770799e+03 5.108754e+04
5.860000e+00 2.269419e+03 5.501941e+04
5.870000e+00 7.967476e+03 5.287006e+04
5.880000e+00 8.737632e+03 4.716221e+04
5.890000e+00 3.971065e+03 4.398893e+04
5.900000e+00 -1.360648e+03 4.694058e+04
5.910000e+00 -1.632097e+03 5.352278e+04
5.920000e+00 3.806604e+03 5.764250e+04
5.930000e+00 1.008977e+04 5.570499e+04
5.940000e+00 1.174565e+04 5.008394e+04
5.950000e+00 8.142477e+03 4.662887e+04
5.960000e+00 4.055419e+03 4.869851e+04
5.970000e+00 4.708721e+03 5.370785e+04
5.980000e+00 1.037579e+04 5.578254e+04
5.990000e+00 1.598183e+04 5.172692e+04
6.000000e+00 1.608590e+04 4.438307e+04
6.010000e+00 1.036761e+04 3.998617e+04
6.020000e+00 4.033107e+03 4.202334e+04
6.030000e+00 2.722838e+03 4.784395e+04
6.040000e+00 7.031431e+03 5.130662e+04
6.050000e+00 1.199964e+04 4.883307e+04
6.060000e+00 1.211816e+04 4.294709e+04
6.070000e+00 6.853465e+03 3.963184e+04
6.080000e+00 1.118214e+03 4.231817e+04
6.090000e+00 3.428045e+02 4.846179e+04
6.100000e+00 5.046355e+03 5.206573e+04
6.110000e+00 1.028474e+04 4.971218e+04
6.120000e+00 1.065394e+04 4.394816e+04
6.130000e+00 5.652367e+03 4.071006e+04
6.140000e+00 1.649773e+02 4.340051e+04
6.150000e+00 -4.174103e+02 4.947619e+04
6.160000e+00 4.368945e+03 5.300928e+04
6.170000e+00 9.646336e+03 5.064246e+04
6.180000e+00 1.007360e+04 4.491022e+04
6.190000e+00 5.168218e+03 4.170827e+04
6.200000e+00 -1.928972e+02 4.438586e+04
6.210000e+00 -6.978409e+02 5.038886e+04
6.220000e+00 4.101328e+03 5.385993e+04
6.230000e+00 9.365577e+03 5.148141e+04
6.240000e+00 9.790267e+03 4.578409e+04
6.250000e+00 4.945783e+03 4.262581e+04
6.260000e+00 -3.299658e+02 4.528859e+04
6.270000e+00 -7.863275e+02 5.123520e+04
6.280000e+00 4.010141e+03 5.465602e+04
6.290000e+00 9.235274e+03 5.225970e+04
6.300000e+00 9.651455e+03 4.660900e+04
6.310000e+00 4.855835e+03 4.349024e+04
6.320000e+00 -3.534279e+02 4.614500e+04
6.330000e+00 -7.679939e+02 5.204432e+04
6.340000e+00 4.019338e+03 5.540392e+04
6.350000e+00 9.199617e+03 5.300992e+04
6.360000e+00 9.604947e+03 4.740385e+04
6.370000e+00 4.846896e+03 4.432315e+04
6.380000e+00 -2.993579e+02 4.698027e+04
6.390000e+00 -6.693431e+02 5.282809e+04
6.400000e+00 4.095620e+03 5.613931e+04
6.410000e+00 9.234333e+03 5.374557e+04
6.420000e+00 9.626078e+03 4.817735e+04
6.430000e+00 4.895747e+03 4.514399e+04
6.440000e+00 -1.856229e+02 4.779953e+04
6.450000e+00 -5.260585e+02 5.359543e+04
6.460000e+00 4.218220e+03 5.686205e+04
6.470000e+00 9.317079e+03 5.446506e+04
6.480000e+00 9.675443e+03 4.893584e+04
6.490000e+00 4.977147e+03 4.594716e+04
6.500000e+00 -5.114744e+01 4.859726e+04
6.510000e+00 -3.684290e+02 5.435124e+04
6.520000e+00 4.356210e+03 5.757713e+04
6.530000e+00 9.399505e+03 5.517209e+04
6.540000e+00 9.737013e+03 4.969432e+04
6.550000e+00 5.067750e+03 4.674951e+04
6.560000e+00 8.608358e+01 4.940195e+04
6.570000e+00 -2.005312e+02 5.512152e+04
6.580000e+00 4.504312e+03 5.830147e+04
6.590000e+00 9.499443e+03 5.590623e+04
6.600000e+00 9.819970e+03 5.047538e+04
6.610000e+00 5.177244e+03 4.757132e+04
6.620000e+00 2.489105e+02 5.023491e+04
6.630000e+00 -6.176659e+00 5.591215e+04
6.640000e+00 4.671891e+03 5.905490e+04
6.650000e+00 9.623188e+03 5.666689e+04
6.660000e+00 9.925345e+03 5.127792e+04
6.670000e+00 5.302216e+03 4.842992e+04
6.680000e+00 4.297982e+02 5.109809e+04
6.690000e+00 1.992765e+02 5.673730e+04
6.700000e+00 4.857373e+03 5.984829e+04
6.710000e+00 9.768786e+03 5.746356e+04
6.720000e+00 1.003883e+04 5.212245e+04
6.730000e+00 5.448386e+03 4.932303e+04
6.740000e+00 6.260655e+02 5.199579e+04
6.750000e+00 4.202253e+02 5.760613e+04
6.760000e+00 5.065890e+03 6.068423e+04
6.770000e+00 9.931431e+03 5.830144e+04
6.780000e+00 1.018831e+04 5.301244e+04
6.790000e+00 5.629868e+03 5.025683e+04
6.800000e+00 8.549582e+02 5.293474e+04
6.810000e+00 6.848122e+02 5.851421e+04
6.820000e+00 5.312004e+03 6.155336e+04
6.830000e+00 1.013465e+04 5.918307e+04
6.840000e+00 1.037696e+04 5.394313e+04
6.850000e+00 5.845608e+03 5.123444e+04
6.860000e+00 1.131158e+03 5.393691e+04
6.870000e+00 1.002918e+03 5.948634e+04
6.880000e+00 5.628142e+03 6.249642e+04
6.890000e+00 1.043722e+04 6.012745e+04
6.900000e+00 1.068444e+04 5.490938e+04
6.910000e+00 6.189448e+03 5.222623e+04
6.920000e+00 1.528945e+03 5.489478e+04
6.930000e+00 1.409763e+03 6.037596e+04
6.940000e+00 5.990025e+03 6.333250e+04
6.950000e+00 1.072545e+04 6.095402e+04
6.960000e+00 1.091123e+04 5.578696e+04
6.970000e+00 6.420128e+03 5.316495e+04
6.980000e+00 1.789489e+03 5.586031e+04
6.990000e+00 1.686935e+03 6.133775e+04
7.000000e+00 6.256650e+03 6.427901e+04
7.010000e+00 1.095249e+04 6.191943e+04
7.020000e+00 1.112962e+04 5.681130e+04
7.030000e+00 6.670929e+03 5.423905e+04
7.040000e+00 2.087161e+03 5.694838e+04
7.050000e+00 2.025553e+03 6.240375e+04
7.060000e+00 6.580701e+03 6.531645e+04
7.070000e+00 1.124239e+04 6.297198e+04
7.080000e+00 1.141006e+04 5.790979e+04
7.090000e+00 6.977205e+03 5.538207e+04
7.100000e+00 2.449904e+03 5.811156e+04
7.110000e+00 2.416371e+03 6.353588e+04
7.120000e+00 6.956374e+03 6.642415e+04
7.130000e+00 1.158846e+04 6.409059e+04
7.140000e+00 1.174054e+04 5.907011e+04
7.150000e+00 7.333532e+03 5.659636e+04
7.160000e+00 2.857778e+03 5.933022e+04
7.170000e+00 2.848831e+03 6.472706e+04
7.180000e+00 7.376044e+03 6.759250e+04
7.190000e+00 1.197132e+04 6.526072e+04
7.200000e+00 1.210088e+04 6.028781e+04
7.210000e+00 7.721019e+03 5.785882e+04
7.220000e+00 3.285130e+03 6.060169e+04
7.230000e+00 3.293938e+03 6.598095e+04
7.240000e+00 7.806879e+03 6.881887e+04
7.250000e+00 1.235659e+04 6.650400e+04
7.260000e+00 1.246850e+04 6.158746e+04
7.270000e+00 8.109164e+03 5.921083e+04
7.280000e+00 3.710100e+03 6.197781e+04
7.290000e+00 3.752013e+03 6.734631e+04
7.300000e+00 8.243417e+03 7.017356e+04
7.310000e+00 1.275768e+04 6.788871e+04
7.320000e+00 1.285808e+04 6.303222e+04
7.330000e+00 8.521105e+03 6.071967e+04
7.340000e+00 4.176673e+03 6.352422e+04
7.350000e+00 4.246393e+03 6.888537e+04
7.360000e+00 8.728877e+03 7.171277e+04
7.370000e+00 1.322275e+04 6.946078e+04
7.380000e+00 1.331396e+04 6.466775e+04
7.390000e+00 9.013800e+03 6.242796e+04
7.400000e+00 4.729230e+03 6.526064e+04
7.410000e+00 4.835923e+03 7.062061e+04
7.420000e+00 9.322923e+03 7.345061e+04
7.430000e+00 1.379717e+04 7.122147e+04
7.440000e+00 1.388884e+04 6.649740e+04
7.450000e+00 9.634403e+03 6.432216e+04
7.460000e+00 5.409326e+03 6.718622e+04
7.470000e+00 5.558974e+03 7.255143e+04
7.480000e+00 1.005855e+04 7.537321e+04
7.490000e+00 1.451840e+04 7.318139e+04
7.500000e+00 1.462228e+04 6.852657e+04
7.510000e+00 1.041569e+04 6.641593e+04
7.520000e+00 6.257331e+03 6.931956e+04
7.530000e+00 6.468044e+03 7.468623e+04
7.540000e+00 1.097796e+04 7.751116e+04
7.550000e+00 1.543677e+04 7.535739e+04
7.560000e+00 1.556078e+04 7.076676e+04
7.570000e+00 1.140446e+04 6.872712e+04
7.580000e+00 7.326257e+03 7.167098e+04
7.590000e+00 7.591460e+03 7.703928e+04
7.600000e+00 1.212193e+04 7.987300e+04
7.610000e+00 1.659052e+04 7.775818e+04
7.620000e+00 1.673096e+04 7.323716e+04
7.630000e+00 1.263948e+04 7.127387e+04
7.640000e+00 8.645097e+03 7.425501e+04
7.650000e+00 8.973727e+03 7.963468e+04
7.660000e+00 1.353876e+04 8.248287e+04
7.670000e+00 1.801689e+04 8.040215e+04
7.680000e+00 1.819199e+04 7.596162e+04
7.690000e+00 1.417575e+04 7.407431e+04
7.700000e+00 1.027102e+04 7.710215e+04
7.710000e+00 1.067920e+04 8.250356e+04
7.720000e+00 1.529227e+04 8.536145e+04
7.730000e+00 1.979754e+04 8.333585e+04
7.740000e+00 2.002574e+04 7.897818e+04
7.750000e+00 1.609661e+04 7.717035e+04
7.760000e+00 1.230125e+04 8.025771e+04
7.770000e+00 1.281093e+04 8.568104e+04
7.780000e+00 1.748325e+04 8.856530e+04
7.790000e+00 2.204031e+04 8.659923e+04
7.800000e+00 2.234273e+04 8.232592e+04
7.810000e+00 1.851887e+04 8.061331e+04
7.820000e+00 1.486024e+04 8.376163e+04
7.830000e+00 1.548571e+04 8.921360e+04
7.840000e+00 2.024565e+04 9.213421e+04
7.850000e+00 2.488317e+04 9.023362e+04
7.860000e+00 2.527439e+04 8.605954e+04
7.870000e+00 2.159580e+04 8.445181e+04
7.880000e+00 1.810541e+04 8.767192e+04
7.890000e+00 1.888938e+04 9.317178e+04
7.900000e+00 2.379005e+04 9.613793e+04
7.910000e+00 2.855007e+04 9.430272e+04
7.920000e+00 2.909855e+04 9.023403e+04
7.930000e+00 2.561944e+04 8.872406e+04
7.940000e+00 2.234923e+04 9.201322e+04
7.950000e+00 2.335547e+04 9.755533e+04
7.960000e+00 2.845271e+04 1.005524e+05
7.970000e+00 3.340174e+04 9.878650e+04
7.980000e+00 3.417334e+04 9.480954e+04
7.990000e+00 3.095980e+04 9.338481e+04
8.000000e+00 2.799164e+04 9.673819e+04
8.010000e+00 2.930091e+04 1.023002e+05
8.020000e+00 3.467792e+04 1.053154e+05
8.030000e+00 3.991373e+04 1.035897e+05
8.040000e+00 4.100679e+04 9.966699e+04
8.050000e+00 3.815995e+04 9.830050e+04
8.060000e+00 3.560543e+04 1.016623e+05
8.070000e+00 3.732784e+04 1.071908e+05
8.080000e+00 4.311128e+04 1.101615e+05
8.090000e+00 4.876257e+04 1.083953e+05
8.100000e+00 5.029858e+04 1.044450e+05
8.110000e+00 4.796715e+04 1.030268e+05
8.120000e+00 4.596485e+04 1.062803e+05
8.130000e+00 4.824909e+04 1.116481e+05
8.140000e+00 5.459638e+04 1.144177e+05
8.150000e+00 6.081161e+04 1.124361e+05
8.160000e+00 6.296101e+04 1.082623e+05
8.170000e+00 6.129835e+04 1.065659e+05
8.180000e+00 5.999933e+04 1.094612e+05
8.190000e+00 6.300472e+04 1.143823e+05
8.200000e+00 7.005129e+04 1.166286e+05
8.210000e+00 7.696210e+04 1.140827e+05
8.220000e+00 7.983280e+04 1.092846e+05
8.230000e+00 7.891795e+04 1.068719e+05
8.240000e+00 7.838393e+04 1.089391e+05
8.250000e+00 8.211893e+04 1.128865e+05
8.260000e+00 8.983111e+04 1.140506e+05
8.270000e+00 9.735242e+04 1.103301e+05
8.280000e+00 1.007833e+05 1.042574e+05
8.290000e+00 1.003778e+05 1.004599e+05
8.300000e+00 1.002763e+05 1.009789e+05
8.310000e+00 1.043029e+05 1.032322e+05
8.320000e+00 1.121332e+05 1.025893e+05
8.330000e+00 1.195823e+05 9.697565e+04
8.340000e+00 1.227490e+05 8.895917e+04
8.350000e+00 1.219009e+05 8.315591e+04
8.360000e+00 1.211284e+05 8.160767e+04
8.370000e+00 1.242125e+05 8.176920e+04
8.380000e+00 1.308039e+05 7.905766e+04
8.390000e+00 1.367056e+05 7.148360e+04
8.400000e+00 1.380665e+05 6.167026e+04
8.410000e+00 1.351782e+05 5.424924e+04
8.420000e+00 1.321426e+05 5.128771e+04
8.430000e+00 1.327616e+05 5.027067e+04
8.440000e+00 1.366778e+05 4.666933e+04
8.450000e+00 1.397605e+05 3.856338e+04
8.460000e+00 1.382399e+05 2.859856e+04
8.470000e+00 1.324826e+05 2.140409e+04
8.480000e+00 1.266626e+05 1.902052e+04
8.490000e+00 1.245862e+05 1.887856e+04
8.500000e+00 1.259072e+05 1.646640e+04
8.510000e+00 1.265245e+05 9.892694e+03
8.520000e+00 1.227343e+05 1.850851e+03
8.530000e+00 1.150577e+05 -3.001486e+03
8.540000e+00 1.078574e+05 -2.723221e+03
8.550000e+00 1.050930e+05 -6.756657e+01
8.560000e+00 1.064749e+05 1.451322e+02
8.570000e+00 1.077539e+05 -4.323078e+03
8.580000e+00 1.048934e+05 -1.098469e+04
8.590000e+00 9.799440e+04 -1.519181e+04
8.600000e+00 9.104551e+04 -1.473492e+04
8.610000e+00 8.788225e+04 -1.192984e+04
8.620000e+00 8.838062e+04 -1.120263e+04
8.630000e+00 8.863794e+04 -1.456013e+04
8.640000e+00 8.501889e+04 -1.958055e+04
8.650000e+00 7.785012e+04 -2.188092e+04
8.660000e+00 7.113820e+04 -1.954267e+04
8.670000e+00 6.859453e+04 -1.509190e+04
8.680000e+00 6.988991e+04 -1.301021e+04
8.690000e+00 7.101878e+04 -1.526272e+04
8.700000e+00 6.829431e+04 -1.938378e+04
8.710000e+00 6.201656e+04 -2.095860e+04
8.720000e+00 5.617638e+04 -1.806121e+04
8.730000e+00 5.442063e+04 -1.320474e+04
8.740000e+00 5.640205e+04 -1.079824e+04
8.750000e+00 5.813463e+04 -1.275263e+04
8.760000e+00 5.596442e+04 -1.657330e+04
8.770000e+00 5.024833e+04 -1.785126e+04
8.780000e+00 4.497755e+04 -1.471059e+04
8.790000e+00 4.376972e+04 -9.666961e+03
8.800000e+00 4.626131e+04 -7.115451e+03
8.810000e+00 4.845544e+04 -8.953151e+03
8.820000e+00 4.672736e+04 -1.264995e+04
8.830000e+00 4.145429e+04 -1.382427e+04
8.840000e+00 3.661278e+04 -1.061374e+04
8.850000e+00 3.580770e+04 -5.530804e+03
8.860000e+00 3.866463e+04 -2.968901e+03
8.870000e+00 4.118597e+04 -4.778406e+03
8.880000e+00 3.978282e+04 -8.439799e+03
8.890000e+00 3.483728e+04 -9.591358e+03
8.900000e+00 3.031954e+04 -6.379406e+03
8.910000e+00 2.982123e+04 -1.329407e+03
8.920000e+00 3.293499e+04 1.194563e+03
8.930000e+00 3.569237e+04 -6.374947e+02
8.940000e+00 3.452335e+04 -4.311740e+03
8.950000e+00 2.981531e+04 -5.472618e+03
8.960000e+00 2.554382e+04 -2.293147e+03
8.970000e+00 2.526230e+04 2.697154e+03
8.980000e+00 2.856258e+04 5.164315e+03
8.990000e+00 3.149098e+04 3.289480e+03
9.000000e+00 3.048218e+04 -4.111444e+02
9.010000e+00 2.595669e+04 -1.595831e+03
9.020000e+00 2.186776e+04 1.533844e+03
9.030000e+00 2.174718e+04 6.460365e+03
9.040000e+00 2.518547e+04 8.864645e+03
9.050000e+00 2.822594e+04 6.934463e+03
9.060000e+00 2.733864e+04 3.207304e+03
9.070000e+00 2.294857e+04 1.990688e+03
9.080000e+00 1.899266e+04 5.073410e+03
9.090000e+00 1.899483e+04 9.941857e+03
9.100000e+00 2.253207e+04 1.227880e+04
9.110000e+00 2.565466e+04 1.031021e+04
9.120000e+00 2.485895e+04 6.556364e+03
9.130000e+00 2.056922e+04 5.309321e+03
9.140000e+00 1.671953e+04 8.355877e+03
9.150000e+00 1.681923e+04 1.316705e+04
9.160000e+00 2.042549e+04 1.545196e+04
9.170000e+00 2.361157e+04 1.344666e+04
9.180000e+00 2.288333e+04 9.663716e+03
9.190000e+00 1.866456e+04 8.398391e+03
9.200000e+00 1.489676e+04 1.141096e+04
9.210000e+00 1.506196e+04 1.617763e+04
9.220000e+00 1.872198e+04 1.842518e+04
9.230000e+00 2.195810e+04 1.638975e+04
9.240000e+00 2.126906e+04 1.258872e+04
9.250000e+00 1.710804e+04 1.130798e+04
9.260000e+00 1.339504e+04 1.429714e+04
9.270000e+00 1.360766e+04 1.904275e+04
9.280000e+00 1.731386e+04 2.126964e+04
9.290000e+00 2.058226e+04 1.921351e+04
9.300000e+00 1.993218e+04 1.540658e+04
9.310000e+00 1.580688e+04 1.411909e+04
9.320000e+00 1.212280e+04 1.711012e+04
9.330000e+00 1.237475e+04 2.186761e+04
9.340000e+00 1.612143e+04 2.410120e+04
9.350000e+00 1.942972e+04 2.205754e+04
9.360000e+00 1.881220e+04 1.825683e+04
9.370000e+00 1.469740e+04 1.698584e+04
9.380000e+00 1.102372e+04 2.003485e+04
9.390000e+00 1.130616e+04 2.487052e+04
9.400000e+00 1.511113e+04 2.719114e+04
9.410000e+00 1.849513e+04 2.521200e+04
9.420000e+00 1.792064e+04 2.145683e+04
9.430000e+00 1.379237e+04 2.028688e+04
9.440000e+00 1.010606e+04 2.353025e+04
9.450000e+00 1.045049e+04 2.866440e+04
9.460000e+00 1.444888e+04 3.131249e+04
9.470000e+00 1.809683e+04 2.960115e+04
9.480000e+00 1.771994e+04 2.611478e+04
9.490000e+00 1.372880e+04 2.542984e+04
9.500000e+00 1.037102e+04 2.962246e+04
9.510000e+00 1.179643e+04 3.614335e+04
9.520000e+00 1.818319e+04 4.003279e+04
9.530000e+00 2.555731e+04 3.836920e+04
9.540000e+00 2.945429e+04 3.269427e+04
9.550000e+00 2.872544e+04 2.720431e+04
9.560000e+00 2.595275e+04 2.476976e+04
9.570000e+00 2.439278e+04 2.467555e+04
9.580000e+00 2.466255e+04 2.409795e+04
9.590000e+00 2.453165e+04 2.158045e+04
9.600000e+00 2.179610e+04 1.872766e+04
9.610000e+00 1.705847e+04 1.845424e+04
9.620000e+00 1.346379e+04 2.168961e+04
9.630000e+00 1.355921e+04 2.601379e+04
9.640000e+00 1.657733e+04 2.786111e+04
9.650000e+00 1.901047e+04 2.600801e+04
9.660000e+00 1.798641e+04 2.285050e+04
9.670000e+00 1.412644e+04 2.209341e+04
9.680000e+00 1.095936e+04 2.504117e+04
9.690000e+00 1.138865e+04 2.928897e+04
9.700000e+00 1.479075e+04 3.109650e+04
9.710000e+00 1.759597e+04 2.910862e+04
9.720000e+00 1.683023e+04 2.574925e+04
9.730000e+00 1.310575e+04 2.480348e+04
9.740000e+00 9.999102e+03 2.764197e+04
9.750000e+00 1.049498e+04 3.185584e+04
9.760000e+00 1.400517e+04 3.363698e+04
9.770000e+00 1.692401e+04 3.159974e+04
9.780000e+00 1.625301e+04 2.816696e+04
9.790000e+00 1.258093e+04 2.714593e+04
9.800000e+00 9.498301e+03 2.993951e+04
9.810000e+00 1.003310e+04 3.413513e+04
9.820000e+00 1.358734e+04 3.590581e+04
9.830000e+00 1.656326e+04 3.385342e+04
9.840000e+00 1.594574e+04 3.038759e+04
9.850000e+00 1.230615e+04 2.933000e+04
9.860000e+00 9.250257e+03 3.210106e+04
9.870000e+00 9.797517e+03 3.627801e+04
9.880000e+00 1.336776e+04 3.804516e+04
9.890000e+00 1.636867e+04 3.599028e+04
9.900000e+00 1.576943e+04 3.251769e+04
9.910000e+00 1.214474e+04 3.146169e+04
9.920000e+00 9.098084e+03 3.423137e+04
9.930000e+00 9.648980e+03 3.842212e+04
9.940000e+00 1.323154e+04 4.021576e+04
9.950000e+00 1.624751e+04 3.818292e+04
9.960000e+00 1.566492e+04 3.474058e+04
9.970000e+00 1.206040e+04 3.371305e+04
9.980000e+00 9.027245e+03 3.651924e+04
9.990000e+00 9.596636e+03 4.076194e+04
1.000000e+01 1.321185e+04 4.260104e+04
1.001000e+01 1.625713e+04 4.061971e+04
1.002000e+01 1.570242e+04 3.723035e+04
1.003000e+01 1.211396e+04 3.626813e+04
1.004000e+01 9.100252e+03 3.917222e+04
1.005000e+01 9.724562e+03 4.352896e+04
1.006000e+01 1.340815e+04 4.548116e+04
1.007000e+01 1.652504e+04 4.360159e+04
1.008000e+01 1.601174e+04 4.032446e+04
1.009000e+01 1.243924e+04 3.955015e+04
1.010000e+01 9.495570e+03 4.274737e+04
1.011000e+01 1.029807e+04 4.745386e+04
1.012000e+01 1.427416e+04 4.974279e+04
1.013000e+01 1.770818e+04 4.816370e+04
1.014000e+01 1.745362e+04 4.529490e+04
1.015000e+01 1.424423e+04 4.528774e+04
1.016000e+01 1.221993e+04 4.968738e+04
1.017000e+01 1.508558e+04 5.566841e+04
1.018000e+01 2.254709e+04 5.836877e+04
1.019000e+01 3.035936e+04 5.515655e+04
1.020000e+01 3.396416e+04 4.793129e+04
1.021000e+01 3.226702e+04 4.123962e+04
1.022000e+01 2.806666e+04 3.829352e+04
1.023000e+01 2.506203e+04 3.860223e+04
1.024000e+01 2.447376e+04 3.922553e+04
1.025000e+01 2.447129e+04 3.814003e+04
1.026000e+01 2.272346e+04 3.621110e+04
1.027000e+01 1.917088e+04 3.593681e+04
1.028000e+01 1.620284e+04 3.849445e+04
1.029000e+01 1.613445e+04 4.221366e+04
1.030000e+01 1.865411e+04 4.412277e+04
1.031000e+01 2.098931e+04 4.294084e+04
1.032000e+01 2.060348e+04 4.041133e+04
1.033000e+01 1.772087e+04 3.961302e+04
1.034000e+01 1.512824e+04 4.187998e+04
1.035000e+01 1.536622e+04 4.545978e+04
1.036000e+01 1.819174e+04 4.727130e+04
1.037000e+01 2.081376e+04 4.596998e+04
1.038000e+01 2.065323e+04 4.329299e+04
1.039000e+01 1.792908e+04 4.233741e+04
1.040000e+01 1.540802e+04 4.446567e+04
1.041000e+01 1.565165e+04 4.798305e+04
1.042000e+01 1.849048e+04 4.983105e+04
1.043000e+01 2.119932e+04 4.861380e+04
1.044000e+01 2.121906e+04 4.598313e+04
1.045000e+01 1.867480e+04 4.495398e+04
1.046000e+01 1.620862e+04 4.693733e+04
1.047000e+01 1.635961e+04 5.038123e+04
1.048000e+01 1.906727e+04 5.232809e+04
1.049000e+01 2.176910e+04 5.135652e+04
1.050000e+01 2.196349e+04 4.893566e+04
1.051000e+01 1.963650e+04 4.794329e+04
1.052000e+01 1.723355e+04 4.985550e+04
1.053000e+01 1.724165e+04 5.333472e+04
1.054000e+01 1.977957e+04 5.560917e+04
1.055000e+01 2.256911e+04 5.518053e+04
1.056000e+01 2.318901e+04 5.321466e+04
1.057000e+01 2.138558e+04 5.235760e+04
1.058000e+01 1.925896e+04 5.416827e+04
1.059000e+01 1.917875e+04 5.770350e+04
1.060000e+01 2.158232e+04 6.052115e+04
1.061000e+01 2.467683e+04 6.100657e+04
1.062000e+01 2.619308e+04 5.981091e+04
1.063000e+01 2.548152e+04 5.915379e+04
1.064000e+01 2.398672e+04 6.076978e+04
1.065000e+01 2.388950e+04 6.448477e+04
1.066000e+01 2.628432e+04 6.852076e+04
1.067000e+01 3.042679e+04 7.105142e+04
1.068000e+01 3.448186e+04 7.163344e+04
1.069000e+01 3.697419e+04 7.149761e+04
1.070000e+01 3.791558e+04 7.280247e+04
1.071000e+01 3.921696e+04 7.739252e+04
1.072000e+01 4.432015e+04 8.540057e+04
1.073000e+01 5.684845e+04 9.407368e+04
1.074000e+01 7.826643e+04 9.760174e+04
1.075000e+01 1.053489e+05 8.897892e+04
1.076000e+01 1.294275e+05 6.398465e+04
1.077000e+01 1.393557e+05 2.551567e+04
1.078000e+01 1.276314e+05 -1.559741e+04
1.079000e+01 9.595355e+04 -4.497446e+04
1.080000e+01 5.585469e+04 -5.259128e+04
1.081000e+01 2.283977e+04 -3.904405e+04
1.082000e+01 7.162293e+03 -1.538615e+04
1.083000e+01 8.072929e+03 4.384428e+03
1.084000e+01 1.575173e+04 1.233743e+04
1.085000e+01 1.937416e+04 1.071320e+04
1.086000e+01 1.500046e+04 8.216990e+03
1.087000e+01 7.162169e+03 1.181042e+04
1.088000e+01 3.311157e+03 2.114827e+04
1.089000e+01 6.633323e+03 2.998453e+04
1.090000e+01 1.345736e+04 3.260088e+04
1.091000e+01 1.715372e+04 2.921374e+04
1.092000e+01 1.457053e+04 2.542023e+04
1.093000e+01 8.745754e+03 2.661895e+04
1.094000e+01 5.668492e+03 3.295944e+04
1.095000e+01 8.427165e+03 3.947755e+04
1.096000e+01 1.432335e+04 4.111769e+04
1.097000e+01 1.774365e+04 3.765047e+04
1.098000e+01 1.568160e+04 3.371085e+04
1.099000e+01 1.055562e+04 3.416776e+04
1.100000e+01 7.719275e+03 3.940065e+04
1.101000e+01 1.012956e+04 4.502763e+04
1.102000e+01 1.553476e+04 4.636065e+04
1.103000e+01 1.880833e+04 4.297733e+04
1.104000e+01 1.701762e+04 3.904842e+04
1.105000e+01 1.227116e+04 3.917309e+04
1.106000e+01 9.546902e+03 4.382214e+04
1.107000e+01 1.172456e+04 4.898598e+04
1.108000e+01 1.680896e+04 5.019665e+04
1.109000e+01 1.996177e+04 4.692940e+04
1.110000e+01 1.832313e+04 4.308915e+04
1.111000e+01 1.381942e+04 4.306463e+04
1.112000e+01 1.116388e+04 4.739831e+04
1.113000e+01 1.317186e+04 5.232112e+04
1.114000e+01 1.800297e+04 5.352881e+04
1.115000e+01 2.103312e+04 5.049499e+04
1.116000e+01 1.952476e+04 4.693900e+04
1.117000e+01 1.532546e+04 4.707715e+04
1.118000e+01 1.301005e+04 5.142308e+04
1.119000e+01 1.533349e+04 5.626403e+04
1.120000e+01 2.044812e+04 5.736336e+04
1.121000e+01 2.378867e+04 5.417615e+04
1.122000e+01 2.258491e+04 5.035319e+04
1.123000e+01 1.858226e+04 5.011766e+04
1.124000e+01 1.630050e+04 5.408210e+04
1.125000e+01 1.850829e+04 5.865701e+04
1.126000e+01 2.351064e+04 5.967679e+04
1.127000e+01 2.687640e+04 5.651593e+04
1.128000e+01 2.584648e+04 5.268477e+04
1.129000e+01 2.208818e+04 5.231710e+04
1.130000e+01 1.999505e+04 5.602467e+04
1.131000e+01 2.229153e+04 6.033069e+04
1.132000e+01 2.734751e+04 6.114137e+04
1.133000e+01 3.080681e+04 5.780571e+04
1.134000e+01 2.994776e+04 5.376817e+04
1.135000e+01 2.638305e+04 5.307772e+04
1.136000e+01 2.440807e+04 5.636183e+04
1.137000e+01 2.671486e+04 6.021954e+04
1.138000e+01 3.170818e+04 6.059997e+04
1.139000e+01 3.508529e+04 5.687526e+04
1.140000e+01 3.415431e+04 5.242036e+04
1.141000e+01 3.047026e+04 5.123740e+04
1.142000e+01 2.825903e+04 5.398070e+04
1.143000e+01 3.018853e+04 5.730870e+04
1.144000e+01 3.467250e+04 5.725537e+04
1.145000e+01 3.748900e+04 5.320608e+04
1.146000e+01 3.597637e+04 4.850079e+04
1.147000e+01 3.167178e+04 4.712519e+04
1.148000e+01 2.878243e+04 4.974336e+04
1.149000e+01 2.995740e+04 5.306475e+04
1.150000e+01 3.367638e+04 5.317908e+04
1.151000e+01 3.579629e+04 4.945815e+04
1.152000e+01 3.369121e+04 4.519237e+04
1.153000e+01 2.891469e+04 4.430842e+04
1.154000e+01 2.563034e+04 4.743452e+04
1.155000e+01 2.646986e+04 5.130604e+04
1.156000e+01 2.994027e+04 5.202437e+04
1.157000e+01 3.192072e+04 4.893254e+04
1.158000e+01 2.981520e+04 4.528640e+04
1.159000e+01 2.514164e+04 4.494633e+04
1.160000e+01 2.200261e+04 4.853522e+04
1.161000e+01 2.300177e+04 5.281738e+04
1.162000e+01 2.664355e+04 5.391280e+04
1.163000e+01 2.883314e+04 5.119467e+04
1.164000e+01 2.699269e+04 4.787402e+04
1.165000e+01 2.260997e+04 4.778251e+04
1.166000e+01 1.975222e+04 5.155149e+04
1.167000e+01 2.099826e+04 5.596327e+04
1.168000e+01 2.484766e+04 5.718901e+04
1.169000e+01 2.725187e+04 5.460637e+04
1.170000e+01 2.564698e+04 5.139928e+04
1.171000e+01 2.150562e+04 5.138572e+04
1.172000e+01 1.887325e+04 5.518080e+04
1.173000e+01 2.029236e+04 5.959743e+04
1.174000e+01 2.428422e+04 6.084599e+04
1.175000e+01 2.683266e+04 5.830494e+04
1.176000e+01 2.538014e+04 5.514435e+04
1.177000e+01 2.141405e+04 5.515042e+04
1.178000e+01 1.893627e+04 5.892807e+04
1.179000e+01 2.047210e+04 6.332239e+04
1.180000e+01 2.455791e+04 6.456665e+04
1.181000e+01 2.719133e+04 6.204324e+04
1.182000e+01 2.585646e+04 5.891522e+04
1.183000e+01 2.202240e+04 5.892788e+04
1.184000e+01 1.966095e+04 6.268643e+04
1.185000e+01 2.128849e+04 6.705486e+04
1.186000e+01 2.543801e+04 6.828393e+04
1.187000e+01 2.813835e+04 6.578298e+04
1.188000e+01 2.689612e+04 6.268067e+04
1.189000e+01 2.316648e+04 6.269858e+04
1.190000e+01 2.090528e+04 6.644379e+04
1.191000e+01 2.260418e+04 7.078337e+04
1.192000e+01 2.679652e+04 7.200867e+04
1.193000e+01 2.954775e+04 6.953105e+04
1.194000e+01 2.837775e+04 6.645712e+04
1.195000e+01 2.473488e+04 6.649973e+04
1.196000e+01 2.255881e+04 7.023796e+04
1.197000e+01 2.431107e+04 7.456620e+04
1.198000e+01 2.854043e+04 7.580404e+04
1.199000e+01 3.133521e+04 7.336260e+04
1.200000e+01 3.022308e+04 7.034223e+04
1.201000e+01 2.666907e+04 7.042077e+04
1.202000e+01 2.457225e+04 7.417197e+04
1.203000e+01 2.638040e+04 7.851406e+04
1.204000e+01 3.065270e+04 7.978228e+04
1.205000e+01 3.348836e+04 7.739888e+04
1.206000e+01 3.245312e+04 7.445367e+04
1.207000e+01 2.899502e+04 7.458979e+04
1.208000e+01 2.698802e+04 7.838104e+04
1.209000e+01 2.887446e+04 8.275911e+04
1.210000e+01 3.320435e+04 8.407962e+04
1.211000e+01 3.611007e+04 8.178455e+04
1.212000e+01 3.517638e+04 7.893359e+04
1.213000e+01 3.183867e+04 7.914847e+04
1.214000e+01 2.996010e+04 8.300532e+04
1.215000e+01 3.195311e+04 8.743654e+04
1.216000e+01 3.637655e+04 8.883628e+04
1.217000e+01 3.939542e+04 8.664588e+04
1.218000e+01 3.860500e+04 8.390358e+04
1.219000e+01 3.543642e+04 8.422156e+04
1.220000e+01 3.373058e+04 8.814658e+04
1.221000e+01 3.587586e+04 9.264498e+04
1.222000e+01 4.044799e+04 9.413553e+04
1.223000e+01 4.363353e+04 9.205607e+04
1.224000e+01 4.304099e+04 8.943693e+04
1.225000e+01 4.010812e+04 8.985132e+04
1.226000e+01 3.863404e+04 9.384651e+04
1.227000e+01 4.099573e+04 9.841553e+04
1.228000e+01 4.578328e+04 9.999116e+04
1.229000e+01 4.920094e+04 9.802446e+04
1.230000e+01 4.888993e+04 9.552168e+04
1.231000e+01 4.626510e+04 9.602227e+04
1.232000e+01 4.509501e+04 1.000789e+05
1.233000e+01 4.775443e+04 1.047047e+05
1.234000e+01 5.282911e+04 1.063618e+05
1.235000e+01 5.656855e+04 1.045081e+05
1.236000e+01 5.662905e+04 1.021114e+05
1.237000e+01 5.440141e+04 1.026872e+05
1.238000e+01 5.363288e+04 1.067974e+05
1.239000e+01 5.666310e+04 1.114755e+05
1.240000e+01 6.210674e+04 1.132329e+05
1.241000e+01 6.625640e+04 1.115240e+05
1.242000e+01 6.677689e+04 1.092894e+05
1.243000e+01 6.504479e+04 1.100357e+05
1.244000e+01 6.476681e+04 1.143304e+05
1.245000e+01 6.827588e+04 1.192960e+05
1.246000e+01 7.425550e+04 1.215232e+05
1.247000e+01 7.910952e+04 1.205033e+05
1.248000e+01 8.065123e+04 1.191781e+05
1.249000e+01 8.041991e+04 1.209708e+05
1.250000e+01 8.227004e+04 1.263147e+05
1.251000e+01 8.867447e+04 1.320903e+05
1.252000e+01 9.834148e+04 1.345032e+05
1.253000e+01 1.074562e+05 1.326448e+05
1.254000e+01 1.133715e+05 1.291743e+05
1.255000e+01 1.170184e+05 1.275681e+05
1.256000e+01 1.218026e+05 1.287000e+05
1.257000e+01 1.301640e+05 1.300566e+05
1.258000e+01 1.411745e+05 1.283037e+05
1.259000e+01 1.516096e+05 1.225626e+05
1.260000e+01 1.592379e+05 1.151131e+05
1.261000e+01 1.650809e+05 1.089212e+05
1.262000e+01 1.724560e+05 1.044193e+05
1.263000e+01 1.837102e+05 9.864247e+04
1.264000e+01 1.978154e+05 8.746360e+04
1.265000e+01 2.108355e+05 6.864815e+04
1.266000e+01 2.184157e+05 4.306111e+04
1.267000e+01 2.177930e+05 1.352371e+04
1.268000e+01 2.077683e+05 -1.690365e+04
1.269000e+01 1.876359e+05 -4.513919e+04
1.270000e+01 1.572922e+05 -6.704719e+04
1.271000e+01 1.190229e+05 -7.730630e+04
1.272000e+01 7.905756e+04 -7.183543e+04
1.273000e+01 4.611151e+04 -5.122075e+04
1.274000e+01 2.704996e+04 -2.196015e+04
1.275000e+01 2.268988e+04 6.480317e+03
1.276000e+01 2.744336e+04 2.715655e+04
1.277000e+01 3.353016e+04 3.953017e+04
1.278000e+01 3.661609e+04 4.825738e+04
1.279000e+01 3.797806e+04 5.822676e+04
1.280000e+01 4.177853e+04 7.018196e+04
1.281000e+01 5.017478e+04 8.066845e+04
1.282000e+01 6.086909e+04 8.605623e+04
1.283000e+01 6.933321e+04 8.647976e+04
1.284000e+01 7.320550e+04 8.589195e+04
1.285000e+01 7.452804e+04 8.832715e+04
1.286000e+01 7.765989e+04 9.407699e+04
1.287000e+01 8.491606e+04 9.959912e+04
1.288000e+01 9.435118e+04 1.011955e+05
1.289000e+01 1.017744e+05 9.873668e+04
1.290000e+01 1.049485e+05 9.581212e+04
1.291000e+01 1.058565e+05 9.616738e+04
1.292000e+01 1.086993e+05 9.998790e+04
1.293000e+01 1.157430e+05 1.037744e+05
1.294000e+01 1.251220e+05 1.038369e+05
1.295000e+01 1.327307e+05 9.993920e+04
1.296000e+01 1.363648e+05 9.551134e+04
1.297000e+01 1.378959e+05 9.413246e+04
1.298000e+01 1.413638e+05 9.594558e+04
1.299000e+01 1.489240e+05 9.749205e+04
1.300000e+01 1.586550e+05 9.513140e+04
1.301000e+01 1.664465e+05 8.868495e+04
1.302000e+01 1.700775e+05 8.156318e+04
1.303000e+01 1.713627e+05 7.735499e+04
1.304000e+01 1.742986e+05 7.625395e+04
1.305000e+01 1.810225e+05 7.485233e+04
1.306000e+01 1.896237e+05 6.957294e+04
1.307000e+01 1.960288e+05 6.023301e+04
1.308000e+01 1.979957e+05 5.021784e+04
1.309000e+01 1.972750e+05 4.313055e+04
1.310000e+01 1.977970e+05 3.920743e+04
1.311000e+01 2.016438e+05 3.515476e+04
1.312000e+01 2.069303e+05 2.751986e+04
1.313000e+01 2.096401e+05 1.620876e+04
1.314000e+01 2.075818e+05 4.681521e+03
1.315000e+01 2.025935e+05 -3.410213e+03
1.316000e+01 1.986578e+05 -7.768402e+03
1.317000e+01 1.979640e+05 -1.161253e+04
1.318000e+01 1.987803e+05 -1.837064e+04
1.319000e+01 1.972391e+05 -2.817692e+04
1.320000e+01 1.912995e+05 -3.767840e+04
1.321000e+01 1.828228e+05 -4.338383e+04
1.322000e+01 1.757405e+05 -4.510069e+04
1.323000e+01 1.721624e+05 -4.607482e+04
1.324000e+01 1.702898e+05 -4.967119e+04
1.325000e+01 1.663035e+05 -5.589105e+04
1.326000e+01 1.583115e+05 -6.130670e+04
1.327000e+01 1.483901e+05 -6.243156e+04
1.328000e+01 1.407069e+05 -5.919860e+04
1.329000e+01 1.375160e+05 -5.511427e+04
1.330000e+01 1.370494e+05 -5.382562e+04
1.331000e+01 1.354088e+05 -5.561815e+04
1.332000e+01 1.305219e+05 -5.727414e+04
1.333000e+01 1.242641e+05 -5.540555e+04
1.334000e+01 1.206215e+05 -5.001397e+04
1.335000e+01 1.216939e+05 -4.460742e+04
1.336000e+01 1.256008e+05 -4.285500e+04
1.337000e+01 1.283015e+05 -4.509230e+04
1.338000e+01 1.275259e+05 -4.812224e+04
1.339000e+01 1.249283e+05 -4.854206e+04
1.340000e+01 1.242338e+05 -4.622382e+04
1.341000e+01 1.273518e+05 -4.444960e+04
1.342000e+01 1.323051e+05 -4.662129e+04
1.343000e+01 1.350467e+05 -5.279003e+04
1.344000e+01 1.334125e+05 -5.952069e+04
1.345000e+01 1.291718e+05 -6.324757e+04
1.346000e+01 1.261852e+05 -6.370937e+04
1.347000e+01 1.265138e+05 -6.409549e+04
1.348000e+01 1.283205e+05 -6.773235e+04
1.349000e+01 1.277444e+05 -7.461988e+04
1.350000e+01 1.228018e+05 -8.134579e+04
1.351000e+01 1.154198e+05 -8.440354e+04
1.352000e+01 1.095991e+05 -8.362438e+04
1.353000e+01 1.074692e+05 -8.232991e+04
1.354000e+01 1.072437e+05 -8.394592e+04
1.355000e+01 1.050925e+05 -8.858641e+04
1.356000e+01 9.903004e+04 -9.294529e+04
1.357000e+01 9.097196e+04 -9.360473e+04
1.358000e+01 8.487125e+04 -9.051338e+04
1.359000e+01 8.278266e+04 -8.703987e+04
1.360000e+01 8.285348e+04 -8.664064e+04
1.361000e+01 8.118651e+04 -8.943905e+04
1.362000e+01 7.575435e+04 -9.210730e+04
1.363000e+01 6.845624e+04 -9.123819e+04
1.364000e+01 6.320158e+04 -8.676825e+04
1.365000e+01 6.201941e+04 -8.204574e+04
1.366000e+01 6.303962e+04 -8.050388e+04
1.367000e+01 6.237044e+04 -8.220882e+04
1.368000e+01 5.805598e+04 -8.381303e+04
1.369000e+01 5.206332e+04 -8.194581e+04
1.370000e+01 4.835961e+04 -7.663608e+04
1.371000e+01 4.897655e+04 -7.138931e+04
1.372000e+01 5.191352e+04 -6.977917e+04
1.373000e+01 5.309753e+04 -7.194861e+04
1.374000e+01 5.033475e+04 -7.452908e+04
1.375000e+01 4.538047e+04 -7.399011e+04
1.376000e+01 4.210607e+04 -7.010878e+04
1.377000e+01 4.254926e+04 -6.612196e+04
1.378000e+01 4.488587e+04 -6.536201e+04
1.379000e+01 4.529867e+04 -6.786889e+04
1.380000e+01 4.184392e+04 -7.030880e+04
1.381000e+01 3.647045e+04 -6.929930e+04
1.382000e+01 3.310020e+04 -6.484283e+04
1.383000e+01 3.370783e+04 -6.032904e+04
1.384000e+01 3.635691e+04 -5.917038e+04
1.385000e+01 3.711724e+04 -6.140227e+04
1.386000e+01 3.400787e+04 -6.362451e+04
1.387000e+01 2.899302e+04 -6.243425e+04
1.388000e+01 2.600379e+04 -5.783254e+04
1.389000e+01 2.701251e+04 -5.323236e+04
1.390000e+01 3.004338e+04 -5.207031e+04
1.391000e+01 3.112460e+04 -5.433244e+04
1.392000e+01 2.828798e+04 -5.658087e+04
1.393000e+01 2.352609e+04 -5.539101e+04
1.394000e+01 2.080994e+04 -5.077691e+04
1.395000e+01 2.212071e+04 -4.620709e+04
1.396000e+01 2.541706e+04 -4.512555e+04
1.397000e+01 2.669903e+04 -4.748919e+04
1.398000e+01 2.399655e+04 -4.980621e+04
1.399000e+01 1.935458e+04 -4.861028e+04
1.400000e+01 1.681765e+04 -4.395124e+04
1.401000e+01 1.834766e+04 -3.937362e+04
1.402000e+01 2.185086e+04 -3.835188e+04
1.403000e+01 2.325212e+04 -4.080898e+04
1.404000e+01 2.056399e+04 -4.315142e+04
1.405000e+01 1.593173e+04 -4.184770e+04
1.406000e+01 1.349218e+04 -3.700294e+04
1.407000e+01 1.522142e+04 -3.226370e+04
1.408000e+01 1.892390e+04 -3.117814e+04
1.409000e+01 2.037713e+04 -3.359885e+04
1.410000e+01 1.760760e+04 -3.572800e+04
1.411000e+01 1.294760e+04 -3.392585e+04
1.412000e+01 1.076327e+04 -2.839499e+04
1.413000e+01 1.306826e+04 -2.307243e+04
1.414000e+01 1.735819e+04 -2.171163e+04
1.415000e+01 1.898936e+04 -2.388542e+04
1.416000e+01 1.596214e+04 -2.509046e+04
1.417000e+01 1.137635e+04 -2.097265e+04
1.418000e+01 1.108237e+04 -1.180704e+04
1.419000e+01 1.846860e+04 -2.976604e+03
1.420000e+01 3.111035e+04 -7.304323e+02
1.421000e+01 4.250107e+04 -7.070922e+03
1.422000e+01 4.712966e+04 -1.829763e+04
1.423000e+01 4.443228e+04 -2.826032e+04
1.424000e+01 3.836738e+04 -3.322730e+04
1.425000e+01 3.335504e+04 -3.401356e+04
1.426000e+01 3.071297e+04 -3.385853e+04
1.427000e+01 2.866295e+04 -3.471567e+04
1.428000e+01 2.526926e+04 -3.563823e+04
1.429000e+01 2.099705e+04 -3.453720e+04
1.430000e+01 1.822050e+04 -3.108283e+04
1.431000e+01 1.846736e+04 -2.747576e+04
1.432000e+01 2.049771e+04 -2.631264e+04
1.433000e+01 2.133006e+04 -2.784384e+04
1.434000e+01 1.924863e+04 -2.956328e+04
1.435000e+01 1.559635e+04 -2.872767e+04
1.436000e+01 1.345794e+04 -2.516202e+04
1.437000e+01 1.453024e+04 -2.150799e+04
1.438000e+01 1.732904e+04 -2.059386e+04
1.439000e+01 1.863000e+04 -2.252729e+04
1.440000e+01 1.672108e+04 -2.455570e+04
1.441000e+01 1.314214e+04 -2.380648e+04
1.442000e+01 1.117454e+04 -2.018297e+04
1.443000e+01 1.253655e+04 -1.650802e+04
1.444000e+01 1.562447e+04 -1.567879e+04
1.445000e+01 1.712390e+04 -1.775094e+04
1.446000e+01 1.533155e+04 -1.987237e+04
1.447000e+01 1.188431e+04 -1.913276e+04
1.448000e+01 1.013469e+04 -1.553022e+04
1.449000e+01 1.174520e+04 -1.198321e+04
1.450000e+01 1.500095e+04 -1.140133e+04
1.451000e+01 1.649886e+04 -1.375036e+04
1.452000e+01 1.454667e+04 -1.603547e+04
1.453000e+01 1.091649e+04 -1.528711e+04
1.454000e+01 9.065581e+03 -1.154430e+04
1.455000e+01 1.070123e+04 -7.821032e+03
1.456000e+01 1.406985e+04 -7.114137e+03
1.457000e+01 1.568668e+04 -9.401134e+03
1.458000e+01 1.384431e+04 -1.164565e+04
1.459000e+01 1.031294e+04 -1.085598e+04
1.460000e+01 8.571857e+03 -7.066911e+03
1.461000e+01 1.033823e+04 -3.317222e+03
1.462000e+01 1.382388e+04 -2.615998e+03
1.463000e+01 1.553358e+04 -4.907519e+03
1.464000e+01 1.376893e+04 -7.141859e+03
1.465000e+01 1.032268e+04 -6.319536e+03
1.466000e+01 8.703372e+03 -2.492104e+03
1.467000e+01 1.060825e+04 1.260577e+03
1.468000e+01 1.421928e+04 1.936652e+03
1.469000e+01 1.602986e+04 -3.945472e+02
1.470000e+01 1.434293e+04 -2.661874e+03
1.471000e+01 1.097572e+04 -1.847535e+03
1.472000e+01 9.450800e+03 1.955820e+03
1.473000e+01 1.144312e+04 5.659792e+03
1.474000e+01 1.511390e+04 6.265076e+03
1.475000e+01 1.693571e+04 3.860393e+03
1.476000e+01 1.521376e+04 1.557927e+03
1.477000e+01 1.180521e+04 2.371711e+03
1.478000e+01 1.023394e+04 6.206701e+03
1.479000e+01 1.217794e+04 9.968983e+03
1.480000e+01 1.579128e+04 1.065594e+04
1.481000e+01 1.754045e+04 8.382820e+03
1.482000e+01 1.577165e+04 6.274955e+03
1.483000e+01 1.236003e+04 7.329565e+03
1.484000e+01 1.084251e+04 1.142994e+04
1.485000e+01 1.289715e+04 1.545082e+04
1.486000e+01 1.664195e+04 1.638537e+04
1.487000e+01 1.854457e+04 1.436821e+04
1.488000e+01 1.695747e+04 1.252363e+04
1.489000e+01 1.376316e+04 1.384589e+04
1.490000e+01 1.251216e+04 1.820641e+04
1.491000e+01 1.484868e+04 2.245643e+04
1.492000e+01 1.887770e+04 2.361043e+04
1.493000e+01 2.106769e+04 2.181583e+04
1.494000e+01 1.977456e+04 2.020858e+04
1.495000e+01 1.689533e+04 2.179190e+04
1.496000e+01 1.596555e+04 2.641425e+04
1.497000e+01 1.860847e+04 3.096910e+04
1.498000e+01 2.294473e+04 3.252909e+04
1.499000e+01 2.550636e+04 3.129774e+04
1.500000e+01 2.477758e+04 3.043121e+04
1.501000e+01 2.279734e+04 3.283015e+04
1.502000e+01 2.315374e+04 3.817706e+04
1.503000e+01 2.742257e+04 4.317381e+04
1.504000e+01 3.356157e+04 4.474665e+04
1.505000e+01 3.788382e+04 4.309795e+04
1.506000e+01 3.871062e+04 4.148697e+04
1.507000e+01 3.799551e+04 4.299233e+04
1.508000e+01 3.937109e+04 4.748495e+04
1.509000e+01 4.456300e+04 5.177364e+04
1.510000e+01 5.168472e+04 5.280619e+04
1.511000e+01 5.721519e+04 5.069864e+04
1.512000e+01 5.955200e+04 4.854652e+04
1.513000e+01 6.063376e+04 4.926328e+04
1.514000e+01 6.402145e+04 5.258221e+04
1.515000e+01 7.129690e+04 5.522675e+04
1.516000e+01 8.046910e+04 5.412805e+04
1.517000e+01 8.792420e+04 4.938892e+04
1.518000e+01 9.196434e+04 4.409322e+04
1.519000e+01 9.442906e+04 4.113943e+04
1.520000e+01 9.872035e+04 4.024598e+04
1.521000e+01 1.062405e+05 3.820598e+04
1.522000e+01 1.148303e+05 3.207826e+04
1.523000e+01 1.207341e+05 2.215313e+04
1.524000e+01 1.221937e+05 1.176002e+04
1.525000e+01 1.210460e+05 4.027975e+03
1.526000e+01 1.207325e+05 -1.072032e+03
1.527000e+01 1.227705e+05 -6.496555e+03
1.528000e+01 1.251809e+05 -1.496699e+04
1.529000e+01 1.244770e+05 -2.598851e+04
1.530000e+01 1.192402e+05 -3.615130e+04
1.531000e+01 1.116458e+05 -4.235193e+04
1.532000e+01 1.054527e+05 -4.474606e+04
1.533000e+01 1.024320e+05 -4.651440e+04
1.534000e+01 1.007557e+05 -5.062950e+04
1.535000e+01 9.702925e+04 -5.688314e+04
1.536000e+01 8.982712e+04 -6.215131e+04
1.537000e+01 8.123944e+04 -6.357599e+04
1.538000e+01 7.488650e+04 -6.151702e+04
1.539000e+01 7.233533e+04 -5.927954e+04
1.540000e+01 7.159062e+04 -5.986919e+04
1.541000e+01 6.911632e+04 -6.307622e+04
1.542000e+01 6.337429e+04 -6.574554e+04
1.543000e+01 5.638656e+04 -6.499551e+04
1.544000e+01 5.168497e+04 -6.116861e+04
1.545000e+01 5.076694e+04 -5.751286e+04
1.546000e+01 5.159281e+04 -5.697481e+04
1.547000e+01 5.059695e+04 -5.928575e+04
1.548000e+01 4.626154e+04 -6.123490e+04
1.549000e+01 4.061195e+04 -5.993488e+04
1.550000e+01 3.716507e+04 -5.571208e+04
1.551000e+01 3.740436e+04 -5.179257e+04
1.552000e+01 3.927365e+04 -5.109785e+04
1.553000e+01 3.922156e+04 -5.329949e+04
1.554000e+01 3.576204e+04 -5.518463e+04
1.555000e+01 3.093091e+04 -5.387259e+04
1.556000e+01 2.824293e+04 -4.969513e+04
1.557000e+01 2.916028e+04 -4.588042e+04
1.558000e+01 3.160631e+04 -4.529919e+04
1.559000e+01 3.206660e+04 -4.759537e+04
1.560000e+01 2.909262e+04 -4.955455e+04
1.561000e+01 2.474825e+04 -4.831545e+04
1.562000e+01 2.254488e+04 -4.425926e+04
1.563000e+01 2.389085e+04 -4.062021e+04
1.564000e+01 2.668928e+04 -4.023515e+04
1.565000e+01 2.742991e+04 -4.271059e+04
1.566000e+01 2.468862e+04 -4.480145e+04
1.567000e+01 2.057832e+04 -4.366445e+04
1.568000e+01 1.860078e+04 -3.970828e+04
1.569000e+01 2.015065e+04 -3.616213e+04
1.570000e+01 2.313118e+04 -3.584591e+04
1.571000e+01 2.404630e+04 -3.834995e+04
1.572000e+01 2.153118e+04 -4.043927e+04
1.573000e+01 1.769506e+04 -3.933341e+04
1.574000e+01 1.599047e+04 -3.547185e+04
1.575000e+01 1.775603e+04 -3.206185e+04
1.576000e+01 2.087130e+04 -3.185353e+04
1.577000e+01 2.191561e+04 -3.435802e+04
1.578000e+01 1.962341e+04 -3.638256e+04
1.579000e+01 1.613128e+04 -3.525176e+04
1.580000e+01 1.481587e+04 -3.148810e+04
1.581000e+01 1.687883e+04 -2.826432e+04
1.582000e+01 2.018118e+04 -2.813616e+04
1.583000e+01 2.152583e+04 -3.047581e+04
1.584000e+01 1.999897e+04 -3.221362e+04
1.585000e+01 1.795103e+04 -3.114971e+04
1.586000e+01 1.849953e+04 -2.848292e+04
1.587000e+01 2.202311e+04 -2.776761e+04
1.588000e+01 2.533268e+04 -3.126143e+04
1.589000e+01 2.450806e+04 -3.727348e+04
1.590000e+01 1.877215e+04 -4.126871e+04
1.591000e+01 1.162254e+04 -3.994328e+04
1.592000e+01 7.826850e+03 -3.432428e+04
1.593000e+01 9.197973e+03 -2.889048e+04
1.594000e+01 1.307534e+04 -2.750829e+04
1.595000e+01 1.495696e+04 -2.999104e+04
1.596000e+01 1.280134e+04 -3.255752e+04
1.597000e+01 8.768102e+03 -3.170058e+04
1.598000e+01 6.864070e+03 -2.757268e+04
1.599000e+01 8.898316e+03 -2.369716e+04
1.600000e+01 1.269601e+04 -2.335937e+04
1.601000e+01 1.435263e+04 -2.629303e+04
1.602000e+01 1.216155e+04 -2.900568e+04
1.603000e+01 8.285593e+03 -2.829183e+04
1.604000e+01 6.575327e+03 -2.442852e+04
1.605000e+01 8.682738e+03 -2.089445e+04
1.606000e+01 1.242141e+04 -2.083665e+04
1.607000e+01 1.398097e+04 -2.393450e+04
1.608000e+01 1.173294e+04 -2.673190e+04
1.609000e+01 7.858372e+03 -2.608267e+04
1.610000e+01 6.161195e+03 -2.232814e+04
1.611000e+01 8.238613e+03 -1.891201e+04
1.612000e+01 1.191130e+04 -1.893283e+04
1.613000e+01 1.340640e+04 -2.205219e+04
1.614000e+01 1.113508e+04 -2.482341e+04
1.615000e+01 7.300778e+03 -2.416529e+04
1.616000e+01 5.659904e+03 -2.044292e+04
1.617000e+01 7.774995e+03 -1.708883e+04
1.618000e+01 1.145260e+04 -1.717858e+04
1.619000e+01 1.292820e+04 -2.033627e+04
1.620000e+01 1.066041e+04 -2.311724e+04
1.621000e+01 6.854607e+03 -2.247027e+04
1.622000e+01 5.255785e+03 -1.877710e+04
1.623000e+01 7.412831e+03 -1.548104e+04
1.624000e+01 1.110038e+04 -1.563640e+04
1.625000e+01 1.257299e+04 -1.884041e+04
1.626000e+01 1.030580e+04 -2.165412e+04
1.627000e+01 6.512576e+03 -2.103547e+04
1.628000e+01 4.950120e+03 -1.738021e+04
1.629000e+01 7.130015e+03 -1.415185e+04
1.630000e+01 1.081928e+04 -1.438314e+04
1.631000e+01 1.227397e+04 -1.766220e+04
1.632000e+01 9.971431e+03 -2.053927e+04
1.633000e+01 6.145874e+03 -1.996437e+04
1.634000e+01 4.548122e+03 -1.636650e+04
1.635000e+01 6.678250e+03 -1.319753e+04
1.636000e+01 1.029613e+04 -1.348519e+04
1.637000e+01 1.164588e+04 -1.680470e+04
1.638000e+01 9.219431e+03 -1.967455e+04
1.639000e+01 5.280956e+03 -1.905375e+04
1.640000e+01 3.590536e+03 -1.537093e+04
1.641000e+01 5.665431e+03 -1.209141e+04
1.642000e+01 9.263678e+03 -1.227236e+04
1.643000e+01 1.061589e+04 -1.548252e+04
1.644000e+01 8.219054e+03 -1.824805e+04
1.645000e+01 4.325689e+03 -1.752594e+04
1.646000e+01 2.706511e+03 -1.373453e+04
1.647000e+01 4.908896e+03 -1.035824e+04
1.648000e+01 8.686036e+03 -1.047341e+04
1.649000e+01 1.027695e+04 -1.369849e+04
1.650000e+01 8.125780e+03 -1.661841e+04
1.651000e+01 4.388621e+03 -1.619950e+04
1.652000e+01 2.743323e+03 -1.280612e+04
1.653000e+01 4.653339e+03 -9.794385e+03
1.654000e+01 7.928268e+03 -1.006221e+04
1.655000e+01 8.967158e+03 -1.311607e+04
1.656000e+01 6.424586e+03 -1.554822e+04
1.657000e+01 2.640209e+03 -1.448174e+04
1.658000e+01 1.305811e+03 -1.053926e+04
1.659000e+01 3.741007e+03 -7.259277e+03
1.660000e+01 7.528650e+03 -7.588029e+03
1.661000e+01 8.869993e+03 -1.091571e+04
1.662000e+01 6.390646e+03 -1.362445e+04
1.663000e+01 2.535412e+03 -1.271083e+04
1.664000e+01 1.135844e+03 -8.782406e+03
1.665000e+01 3.592566e+03 -5.472285e+03
1.666000e+01 7.443860e+03 -5.836977e+03
1.667000e+01 8.796250e+03 -9.246479e+03
1.668000e+01 6.241796e+03 -1.201103e+04
1.669000e+01 2.276437e+03 -1.104725e+04
1.670000e+01 8.423578e+02 -6.970893e+03
1.671000e+01 3.388328e+03 -3.535716e+03
1.672000e+01 7.355376e+03 -3.875412e+03
1.673000e+01 8.730843e+03 -7.339692e+03
1.674000e+01 6.051618e+03 -1.009459e+04
1.675000e+01 1.928183e+03 -8.909582e+03
1.676000e+01 5.131004e+02 -4.438467e+03
1.677000e+01 3.315984e+03 -6.410345e+02
1.678000e+01 7.625157e+03 -8.338139e+02
1.679000e+01 9.120982e+03 -4.290051e+03
1.680000e+01 6.217213e+03 -6.741133e+03
1.681000e+01 1.939780e+03 -4.473399e+03
1.682000e+01 1.298080e+03 1.874144e+03
1.683000e+01 6.641612e+03 7.549415e+03
1.684000e+01 1.533671e+04 7.748646e+03
1.685000e+01 2.189583e+04 1.772535e+03
1.686000e+01 2.263039e+04 -6.458418e+03
1.687000e+01 1.845262e+04 -1.200866e+04
1.688000e+01 1.345339e+04 -1.298377e+04
1.689000e+01 1.094554e+04 -1.144348e+04
1.690000e+01 1.081000e+04 -1.068050e+04
1.691000e+01 1.046854e+04 -1.178374e+04
1.692000e+01 8.158407e+03 -1.294419e+04
1.693000e+01 4.927288e+03 -1.187719e+04
1.694000e+01 3.435322e+03 -8.611887e+03
1.695000e+01 4.945494e+03 -5.697518e+03
1.696000e+01 7.752856e+03 -5.584675e+03
1.697000e+01 8.796649e+03 -8.007572e+03
1.698000e+01 6.755423e+03 -1.013105e+04
1.699000e+01 3.459094e+03 -9.361831e+03
1.700000e+01 2.104021e+03 -6.024307e+03
1.701000e+01 3.996645e+03 -3.083844e+03
1.702000e+01 7.197629e+03 -3.173849e+03
1.703000e+01 8.425644e+03 -5.925677e+03
1.704000e+01 6.344295e+03 -8.279205e+03
1.705000e+01 2.967495e+03 -7.542294e+03
1.706000e+01 1.640668e+03 -4.116989e+03
1.707000e+01 3.695370e+03 -1.115976e+03
1.708000e+01 7.091189e+03 -1.266125e+03
1.709000e+01 8.418048e+03 -4.159871e+03
1.710000e+01 6.336562e+03 -6.619847e+03
1.711000e+01 2.926416e+03 -5.892408e+03
1.712000e+01 1.625937e+03 -2.397186e+03
1.713000e+01 3.804588e+03 6.644415e+02
1.714000e+01 7.360290e+03 4.918588e+02
1.715000e+01 8.813380e+03 -2.483205e+03
1.716000e+01 6.792517e+03 -5.032405e+03
1.717000e+01 3.410905e+03 -4.340807e+03
1.718000e+01 2.187436e+03 -8.264248e+02
1.719000e+01 4.522649e+03 2.232836e+03
1.720000e+01 8.279532e+03 1.978960e+03
1.721000e+01 9.910695e+03 -1.183811e+03
1.722000e+01 7.977098e+03 -3.984108e+03
1.723000e+01 4.593050e+03 -3.523392e+03
1.724000e+01 3.331524e+03 -2.046938e+02
1.725000e+01 5.628789e+03 2.673718e+03
1.726000e+01 9.341039e+03 2.198456e+03
1.727000e+01 1.084247e+04 -1.245338e+03
1.728000e+01 8.614880e+03 -4.301668e+03
1.729000e+01 4.806666e+03 -3.961347e+03
1.730000e+01 3.094463e+03 -5.459213e+02
1.731000e+01 5.063628e+03 2.609286e+03
1.732000e+01 8.627383e+03 2.441127e+03
1.733000e+01 1.006009e+04 -7.821737e+02
1.734000e+01 7.712346e+03 -3.682234e+03
1.735000e+01 3.661776e+03 -3.098267e+03
1.736000e+01 1.715536e+03 8.049491e+02
1.737000e+01 3.701284e+03 4.647236e+03
1.738000e+01 7.618583e+03 5.107514e+03
1.739000e+01 9.547111e+03 2.214619e+03
1.740000e+01 7.434089e+03 -5.916099e+02
1.741000e+01 3.151681e+03 3.736503e+02
1.742000e+01 9.452141e+02 5.615620e+03
1.743000e+01 3.710641e+03 1.189223e+04
1.744000e+01 1.060353e+04 1.500370e+04
1.745000e+01 1.799847e+04 1.312010e+04
1.746000e+01 2.257154e+04 7.743163e+03
1.747000e+01 2.354774e+04 1.818744e+03
1.748000e+01 2.232089e+04 -2.850709e+03
1.749000e+01 2.029206e+04 -6.360645e+03
1.750000e+01 1.753290e+04 -9.317924e+03
1.751000e+01 1.350347e+04 -1.128283e+04
1.752000e+01 8.719199e+03 -1.095226e+04
1.753000e+01 5.164264e+03 -7.918847e+03
1.754000e+01 4.681056e+03 -3.856923e+03
1.755000e+01 6.967028e+03 -1.543597e+03
1.756000e+01 9.423874e+03 -2.410781e+03
1.757000e+01 9.354888e+03 -5.043078e+03
1.758000e+01 6.521148e+03 -6.383094e+03
1.759000e+01 3.420842e+03 -4.626740e+03
1.760000e+01 2.912969e+03 -1.005465e+03
1.761000e+01 5.407474e+03 1.343529e+03
1.762000e+01 8.372567e+03 4.509025e+02
1.763000e+01 8.799647e+03 -2.505220e+03
1.764000e+01 6.157620e+03 -4.316289e+03
1.765000e+01 2.949622e+03 -2.876066e+03
1.766000e+01 2.287572e+03 7.216548e+02
1.767000e+01 4.786228e+03 3.223569e+03
1.768000e+01 7.953573e+03 2.451482e+03
1.769000e+01 8.640851e+03 -5.455410e+02
1.770000e+01 6.158061e+03 -2.507691e+03
1.771000e+01 2.988164e+03 -1.186334e+03
1.772000e+01 2.323425e+03 2.391446e+03
1.773000e+01 4.887685e+03 4.954948e+03
1.774000e+01 8.218805e+03 4.226541e+03
1.775000e+01 9.098517e+03 1.189083e+03
1.776000e+01 6.768527e+03 -8.676079e+02
1.777000e+01 3.699663e+03 3.569982e+02
1.778000e+01 3.125857e+03 3.886092e+03
1.779000e+01 5.837998e+03 6.426828e+03
1.780000e+01 9.385022e+03 5.623183e+03
1.781000e+01 1.050249e+04 2.420271e+03
1.782000e+01 8.374823e+03 9.647032e+01
1.783000e+01 5.421114e+03 9.914009e+02
1.784000e+01 4.875730e+03 4.177998e+03
1.785000e+01 7.556018e+03 6.369768e+03
1.786000e+01 1.099926e+04 5.218785e+03
1.787000e+01 1.193232e+04 1.666463e+03
1.788000e+01 9.503410e+03 -9.822977e+02
1.789000e+01 6.124893e+03 -3.149838e+02
1.790000e+01 5.090512e+03 2.806633e+03
1.791000e+01 7.290277e+03 5.122973e+03
1.792000e+01 1.037153e+04 4.249573e+03
1.793000e+01 1.110192e+04 1.024194e+03
1.794000e+01 8.577527e+03 -1.335314e+03
1.795000e+01 5.122626e+03 -4.273955e+02
1.796000e+01 3.955890e+03 2.970071e+03
1.797000e+01 6.037726e+03 5.751063e+03
1.798000e+01 9.237514e+03 5.575700e+03
1.799000e+01 1.056789e+04 3.106758e+03
1.800000e+01 9.222319e+03 1.176801e+03
1.801000e+01 7.273039e+03 1.736752e+03
1.802000e+01 7.362972e+03 3.817686e+03
1.803000e+01 9.811152e+03 4.567458e+03
1.804000e+01 1.211307e+04 2.314345e+03
1.805000e+01 1.145732e+04 -1.448000e+03
1.806000e+01 7.721525e+03 -3.371596e+03
1.807000e+01 3.835241e+03 -1.541166e+03
1.808000e+01 3.064593e+03 2.505714e+03
1.809000e+01 5.820234e+03 5.113295e+03
1.810000e+01 9.175369e+03 4.029795e+03
1.811000e+01 9.706690e+03 5.871527e+02
1.812000e+01 6.808692e+03 -1.609322e+03
1.813000e+01 3.273772e+03 -2.129173e+02
1.814000e+01 2.531878e+03 3.540319e+03
1.815000e+01 5.228887e+03 6.073573e+03
1.816000e+01 8.609831e+03 5.031626e+03
1.817000e+01 9.253323e+03 1.605097e+03
1.818000e+01 6.462244e+03 -6.433156e+02
1.819000e+01 2.978336e+03 6.676775e+02
1.820000e+01 2.223734e+03 4.362257e+03
1.821000e+01 4.901103e+03 6.897762e+03
1.822000e+01 8.301238e+03 5.886655e+03
1.823000e+01 8.986841e+03 2.476134e+03
1.824000e+01 6.250253e+03 2.199802e+02
1.825000e+01 2.799749e+03 1.503991e+03
1.826000e+01 2.056499e+03 5.184627e+03
1.827000e+01 4.749753e+03 7.725917e+03
1.828000e+01 8.175051e+03 6.719297e+03
1.829000e+01 8.902458e+03 3.316546e+03
1.830000e+01 6.210330e+03 1.051080e+03
1.831000e+01 2.793527e+03 2.319762e+03
1.832000e+01 2.085076e+03 5.991500e+03
1.833000e+01 4.819107e+03 8.517704e+03
1.834000e+01 8.289125e+03 7.498643e+03
1.835000e+01 9.070782e+03 4.067868e+03
1.836000e+01 6.428051e+03 1.754349e+03
1.837000e+01 3.052745e+03 2.968329e+03
1.838000e+01 2.377421e+03 6.566064e+03
1.839000e+01 5.119931e+03 9.008845e+03
1.840000e+01 8.578556e+03 7.902776e+03
1.841000e+01 9.322307e+03 4.385261e+03
1.842000e+01 6.608868e+03 2.009944e+03
1.843000e+01 3.156918e+03 3.184309e+03
1.844000e+01 2.397765e+03 6.767625e+03
1.845000e+01 5.063770e+03 9.223802e+03
1.846000e+01 8.460320e+03 8.146994e+03
1.847000e+01 9.146127e+03 4.673800e+03
1.848000e+01 6.405641e+03 2.355807e+03
1.849000e+01 2.946638e+03 3.584816e+03
1.850000e+01 2.197266e+03 7.216487e+03
1.851000e+01 4.887804e+03 9.703760e+03
1.852000e+01 8.300853e+03 8.639648e+03
1.853000e+01 9.003285e+03 5.183578e+03
1.854000e+01 6.280451e+03 2.878445e+03
1.855000e+01 2.840744e+03 4.117492e+03
1.856000e+01 2.121637e+03 7.752027e+03
1.857000e+01 4.833549e+03 1.022229e+04
1.858000e+01 8.251767e+03 9.143947e+03
1.859000e+01 8.953486e+03 5.678729e+03
1.860000e+01 6.230016e+03 3.370791e+03
1.861000e+01 2.803755e+03 4.615271e+03
1.862000e+01 2.102983e+03 8.228693e+03
1.863000e+01 4.811609e+03 1.066240e+04
1.864000e+01 8.199746e+03 9.550310e+03
1.865000e+01 8.849039e+03 6.073954e+03
1.866000e+01 6.073732e+03 3.798030e+03
1.867000e+01 2.631492e+03 5.078642e+03
1.868000e+01 1.926533e+03 8.708908e+03
1.869000e+01 4.608714e+03 1.113965e+04
1.870000e+01 7.916323e+03 1.003932e+04
1.871000e+01 8.443590e+03 6.667000e+03
1.872000e+01 5.612513e+03 4.621025e+03
1.873000e+01 2.276354e+03 6.204122e+03
1.874000e+01 1.893600e+03 1.008009e+04
1.875000e+01 5.058866e+03 1.253427e+04
1.876000e+01 8.824905e+03 1.115601e+04
1.877000e+01 9.602031e+03 7.268391e+03
1.878000e+01 6.691286e+03 4.637689e+03
1.879000e+01 2.970336e+03 5.785186e+03
1.880000e+01 2.069080e+03 9.517187e+03
1.881000e+01 4.763957e+03 1.211475e+04
1.882000e+01 8.256502e+03 1.106383e+04
1.883000e+01 8.989843e+03 7.519219e+03
1.884000e+01 6.186952e+03 5.128249e+03
1.885000e+01 2.624613e+03 6.389050e+03
1.886000e+01 1.841608e+03 1.012409e+04
1.887000e+01 4.587363e+03 1.269611e+04
1.888000e+01 8.091870e+03 1.163636e+04
1.889000e+01 8.827640e+03 8.106363e+03
1.890000e+01 6.042018e+03 5.750649e+03
1.891000e+01 2.520572e+03 7.026960e+03
1.892000e+01 1.775918e+03 1.075820e+04
1.893000e+01 4.548984e+03 1.331411e+04
1.894000e+01 8.061643e+03 1.222773e+04
1.895000e+01 8.785162e+03 8.685630e+03
1.896000e+01 5.990583e+03 6.330901e+03
1.897000e+01 2.460212e+03 7.617462e+03
1.898000e+01 1.713877e+03 1.136840e+04
1.899000e+01 4.501049e+03 1.393512e+04
1.900000e+01 8.021919e+03 1.285555e+04
1.901000e+01 8.754460e+03 9.318424e+03
1.902000e+01 5.960613e+03 6.965113e+03
1.903000e+01 2.422638e+03 8.263404e+03
1.904000e+01 1.684850e+03 1.203764e+04
1.905000e+01 4.482186e+03 1.462625e+04
1.906000e+01 8.025133e+03 1.356402e+04
1.907000e+01 8.779939e+03 1.002650e+04
1.908000e+01 5.987093e+03 7.667689e+03
1.909000e+01 2.440573e+03 8.981096e+03
1.910000e+01 1.691311e+03 1.278561e+04
1.911000e+01 4.501072e+03 1.542584e+04
1.912000e+01 8.091042e+03 1.440412e+04
1.913000e+01 8.893277e+03 1.087015e+04
1.914000e+01 6.119662e+03 8.500015e+03
1.915000e+01 2.554182e+03 9.814222e+03
1.916000e+01 1.774184e+03 1.368138e+04
1.917000e+01 4.609413e+03 1.643871e+04
1.918000e+01 8.305044e+03 1.550886e+04
1.919000e+01 9.239384e+03 1.199064e+04
1.920000e+01 6.522450e+03 9.564700e+03
1.921000e+01 2.864372e+03 1.089041e+04
1.922000e+01 1.947433e+03 1.503024e+04
1.923000e+01 4.898305e+03 1.837155e+04
1.924000e+01 9.270369e+03 1.813205e+04
1.925000e+01 1.156024e+04 1.491233e+04
1.926000e+01 1.055414e+04 1.185206e+04
1.927000e+01 8.253022e+03 1.139286e+04
1.928000e+01 7.565169e+03 1.293062e+04
1.929000e+01 9.179425e+03 1.370602e+04
1.930000e+01 1.091433e+04 1.193187e+04
1.931000e+01 1.012692e+04 8.823114e+03
1.932000e+01 6.665017e+03 7.447104e+03
1.933000e+01 3.291115e+03 9.512621e+03
1.934000e+01 2.993614e+03 1.341947e+04
1.935000e+01 5.939742e+03 1.568166e+04
1.936000e+01 9.175660e+03 1.432185e+04
1.937000e+01 9.448061e+03 1.087739e+04
1.938000e+01 6.441036e+03 8.951062e+03
1.939000e+01 3.102966e+03 1.063389e+04
1.940000e+01 2.732260e+03 1.443356e+04
1.941000e+01 5.703748e+03 1.673698e+04
1.942000e+01 9.064870e+03 1.538575e+04
1.943000e+01 9.467252e+03 1.187251e+04
1.944000e+01 6.515693e+03 9.834478e+03
1.945000e+01 3.158484e+03 1.144596e+04
1.946000e+01 2.766314e+03 1.524775e+04
1.947000e+01 5.765535e+03 1.757585e+04
1.948000e+01 9.188911e+03 1.623797e+04
1.949000e+01 9.656930e+03 1.269629e+04
1.950000e+01 6.736791e+03 1.061120e+04
1.951000e+01 3.386532e+03 1.220166e+04
1.952000e+01 3.014840e+03 1.600509e+04
1.953000e+01 6.053088e+03 1.834174e+04
1.954000e+01 9.539880e+03 1.699462e+04
1.955000e+01 1.007025e+04 1.341355e+04
1.956000e+01 7.190450e+03 1.128393e+04
1.957000e+01 3.881290e+03 1.283093e+04
1.958000e+01 3.553122e+03 1.658488e+04
1.959000e+01 6.644813e+03 1.885615e+04
1.960000e+01 1.018026e+04 1.740811e+04
1.961000e+01 1.071315e+04 1.369671e+04
1.962000e+01 7.798971e+03 1.143679e+04
1.963000e+01 4.413323e+03 1.286656e+04
1.964000e+01 3.979447e+03 1.653467e+04
1.965000e+01 6.953439e+03 1.874886e+04
1.966000e+01 1.035065e+04 1.726618e+04
1.967000e+01 1.074342e+04 1.357084e+04
1.968000e+01 7.700128e+03 1.136841e+04
1.969000e+01 4.214578e+03 1.289482e+04
1.970000e+01 3.734127e+03 1.667877e+04
1.971000e+01 6.703532e+03 1.898911e+04
1.972000e+01 1.011427e+04 1.758674e+04
1.973000e+01 1.052874e+04 1.394999e+04
1.974000e+01 7.504494e+03 1.179615e+04
1.975000e+01 4.048434e+03 1.337809e+04
1.976000e+01 3.615472e+03 1.719961e+04
1.977000e+01 6.633401e+03 1.952786e+04
1.978000e+01 1.008912e+04 1.812275e+04
1.979000e+01 1.053186e+04 1.446971e+04
1.980000e+01 7.517314e+03 1.231532e+04
1.981000e+01 4.086336e+03 1.389884e+04
1.982000e+01 3.690819e+03 1.771102e+04
1.983000e+01 6.754853e+03 2.000199e+04
1.984000e+01 1.023720e+04 1.851517e+04
1.985000e+01 1.064166e+04 1.475857e+04
1.986000e+01 7.533607e+03 1.251645e+04
1.987000e+01 3.951705e+03 1.406382e+04
1.988000e+01 3.384877e+03 1.792466e+04
1.989000e+01 6.309940e+03 2.034543e+04
1.990000e+01 9.712968e+03 1.904667e+04
1.991000e+01 1.013671e+04 1.550913e+04
1.992000e+01 7.142938e+03 1.345349e+04
1.993000e+01 3.739117e+03 1.511425e+04
1.994000e+01 3.376594e+03 1.899338e+04
1.995000e+01 6.463598e+03 2.133822e+04
1.996000e+01 9.952606e+03 1.992603e+04
1.997000e+01 1.039222e+04 1.628018e+04
1.998000e+01 7.369606e+03 1.415573e+04
1.999000e+01 3.941298e+03 1.580209e+04
2.000000e+01 3.578311e+03 1.967393e+04
2.001000e+01 6.679504e+03 2.200281e+04
2.002000e+01 1.018252e+04 2.055245e+04
2.003000e+01 1.060955e+04 1.685245e+04
2.004000e+01 7.541230e+03 1.469377e+04
2.005000e+01 4.058098e+03 1.632049e+04
2.006000e+01 3.633373e+03 2.019966e+04
2.007000e+01 6.681177e+03 2.256109e+04
2.008000e+01 1.014174e+04 2.115602e+04
2.009000e+01 1.053490e+04 1.752364e+04
2.010000e+01 7.470794e+03 1.544402e+04
2.011000e+01 4.022119e+03 1.714251e+04
2.012000e+01 3.657365e+03 2.107200e+04
2.013000e+01 6.776673e+03 2.344135e+04
2.014000e+01 1.028103e+04 2.201531e+04
2.015000e+01 1.069379e+04 1.836160e+04
2.016000e+01 7.628982e+03 1.627098e+04
2.017000e+01 4.175579e+03 1.797930e+04
2.018000e+01 3.831012e+03 2.192759e+04
2.019000e+01 6.972310e+03 2.430149e+04
2.020000e+01 1.049522e+04 2.287225e+04
2.021000e+01 1.091521e+04 1.920866e+04
2.022000e+01 7.842345e+03 1.711752e+04
2.023000e+01 4.390326e+03 1.884981e+04
2.024000e+01 4.057099e+03 2.281586e+04
2.025000e+01 7.219582e+03 2.520264e+04
2.026000e+01 1.076608e+04 2.377084e+04
2.027000e+01 1.119026e+04 2.009320e+04
2.028000e+01 8.104793e+03 1.800489e+04
2.029000e+01 4.640791e+03 1.974680e+04
2.030000e+01 4.299720e+03 2.373696e+04
2.031000e+01 7.468595e+03 2.615048e+04
2.032000e+01 1.102117e+04 2.472704e+04
2.033000e+01 1.143258e+04 2.105923e+04
2.034000e+01 8.322699e+03 1.899085e+04
2.035000e+01 4.821753e+03 2.077975e+04
2.036000e+01 4.456799e+03 2.485268e+04
2.037000e+01 7.639567e+03 2.735479e+04
2.038000e+01 1.122285e+04 2.601421e+04
2.039000e+01 1.167095e+04 2.241246e+04
2.040000e+01 8.572165e+03 2.040477e+04
2.041000e+01 5.055345e+03 2.229422e+04
2.042000e+01 4.699056e+03 2.653105e+04
2.043000e+01 7.938906e+03 2.924420e+04
2.044000e+01 1.165699e+04 2.812007e+04
2.045000e+01 1.227521e+04 2.469757e+04
2.046000e+01 9.309102e+03 2.287794e+04
2.047000e+01 5.906083e+03 2.509712e+04
2.048000e+01 5.795582e+03 2.991705e+04
2.049000e+01 9.732065e+03 3.344796e+04
2.050000e+01 1.490440e+04 3.304297e+04
2.051000e+01 1.775462e+04 2.964263e+04
2.052000e+01 1.736473e+04 2.654656e+04
2.053000e+01 1.600127e+04 2.592488e+04
2.054000e+01 1.639811e+04 2.674821e+04
2.055000e+01 1.871037e+04 2.615784e+04
2.056000e+01 2.027831e+04 2.278230e+04
2.057000e+01 1.850144e+04 1.854542e+04
2.058000e+01 1.382753e+04 1.691713e+04
2.059000e+01 9.670990e+03 1.939588e+04
2.060000e+01 9.239270e+03 2.378616e+04
2.061000e+01 1.236455e+04 2.611445e+04
2.062000e+01 1.554823e+04 2.445867e+04
2.063000e+01 1.536477e+04 2.081051e+04
2.064000e+01 1.179032e+04 1.911366e+04
2.065000e+01 8.220803e+03 2.137219e+04
2.066000e+01 8.103398e+03 2.563394e+04
2.067000e+01 1.145586e+04 2.792415e+04
2.068000e+01 1.483635e+04 2.622441e+04
2.069000e+01 1.473991e+04 2.250948e+04
2.070000e+01 1.109874e+04 2.085101e+04
2.071000e+01 7.435024e+03 2.338777e+04
2.072000e+01 7.405311e+03 2.816784e+04
2.073000e+01 1.122401e+04 3.104471e+04
2.074000e+01 1.546244e+04 2.969816e+04
2.075000e+01 1.639120e+04 2.585957e+04
2.076000e+01 1.362661e+04 2.356214e+04
2.077000e+01 1.039045e+04 2.511611e+04
2.078000e+01 1.022382e+04 2.890856e+04
2.079000e+01 1.346269e+04 3.111577e+04
2.080000e+01 1.695051e+04 2.958749e+04
2.081000e+01 1.729306e+04 2.605128e+04
2.082000e+01 1.434120e+04 2.431106e+04
2.083000e+01 1.136209e+04 2.637953e+04
2.084000e+01 1.176448e+04 3.038802e+04
2.085000e+01 1.562070e+04 3.238920e+04
2.086000e+01 1.950923e+04 3.033388e+04
2.087000e+01 1.991292e+04 2.614856e+04
2.088000e+01 1.671109e+04 2.385916e+04
2.089000e+01 1.332776e+04 2.561117e+04
2.090000e+01 1.333376e+04 2.950651e+04
2.091000e+01 1.685354e+04 3.151610e+04
2.092000e+01 2.045440e+04 2.953262e+04
2.093000e+01 2.058716e+04 2.550758e+04
2.094000e+01 1.719261e+04 2.354967e+04
2.095000e+01 1.388644e+04 2.576839e+04
2.096000e+01 1.438006e+04 3.004746e+04
2.097000e+01 1.875079e+04 3.200454e+04
2.098000e+01 2.320078e+04 2.923158e+04
2.099000e+01 2.358241e+04 2.371768e+04
2.100000e+01 1.937839e+04 2.006515e+04
2.101000e+01 1.413975e+04 2.116037e+04
2.102000e+01 1.210296e+04 2.559484e+04
2.103000e+01 1.427416e+04 2.918933e+04
2.104000e+01 1.771937e+04 2.907025e+04
2.105000e+01 1.868557e+04 2.631675e+04
2.106000e+01 1.634236e+04 2.457266e+04
2.107000e+01 1.343268e+04 2.623681e+04
2.108000e+01 1.334683e+04 3.004222e+04
2.109000e+01 1.659387e+04 3.239065e+04
2.110000e+01 2.026667e+04 3.107811e+04
2.111000e+01 2.100204e+04 2.753617e+04
2.112000e+01 1.835982e+04 2.539135e+04
2.113000e+01 1.525637e+04 2.683078e+04
2.114000e+01 1.500744e+04 3.039857e+04
2.115000e+01 1.796987e+04 3.252861e+04
2.116000e+01 2.122592e+04 3.117300e+04
2.117000e+01 2.155826e+04 2.787594e+04
2.118000e+01 1.872924e+04 2.623492e+04
2.119000e+01 1.578948e+04 2.823680e+04
2.120000e+01 1.600884e+04 3.223294e+04
2.121000e+01 1.963279e+04 3.455185e+04
2.122000e+01 2.364174e+04 3.310710e+04
2.123000e+01 2.474129e+04 2.941535e+04
2.124000e+01 2.260964e+04 2.699408e+04
2.125000e+01 2.005125e+04 2.778563e+04
2.126000e+01 2.002313e+04 3.029435e+04
2.127000e+01 2.256770e+04 3.125173e+04
2.128000e+01 2.477074e+04 2.912380e+04
2.129000e+01 2.386257e+04 2.583896e+04
2.130000e+01 2.022723e+04 2.488120e+04
2.131000e+01 1.722350e+04 2.770148e+04
2.132000e+01 1.792991e+04 3.205777e+04
2.133000e+01 2.198829e+04 3.405394e+04
2.134000e+01 2.584491e+04 3.195865e+04
2.135000e+01 2.617639e+04 2.791441e+04
2.136000e+01 2.311965e+04 2.584804e+04
2.137000e+01 2.011525e+04 2.760943e+04
2.138000e+01 2.043862e+04 3.111855e+04
2.139000e+01 2.388775e+04 3.251487e+04
2.140000e+01 2.697240e+04 3.006122e+04
2.141000e+01 2.639821e+04 2.596142e+04
2.142000e+01 2.242415e+04 2.425365e+04
2.143000e+01 1.871865e+04 2.677516e+04
2.144000e+01 1.876122e+04 3.130865e+04
2.145000e+01 2.243723e+04 3.372260e+04
2.146000e+01 2.614365e+04 3.200664e+04
2.147000e+01 2.634292e+04 2.825075e+04
2.148000e+01 2.307827e+04 2.653110e+04
2.149000e+01 1.987744e+04 2.883947e+04
2.150000e+01 2.022498e+04 3.312109e+04
2.151000e+01 2.408768e+04 3.531991e+04
2.152000e+01 2.792434e+04 3.344770e+04
2.153000e+01 2.825500e+04 2.957287e+04
2.154000e+01 2.512588e+04 2.773578e+04
2.155000e+01 2.205876e+04 2.991974e+04
2.156000e+01 2.254983e+04 3.405920e+04
2.157000e+01 2.653424e+04 3.608755e+04
2.158000e+01 3.047117e+04 3.402675e+04
2.159000e+01 3.087393e+04 2.994411e+04
2.160000e+01 2.778258e+04 2.789255e+04
2.161000e+01 2.473739e+04 2.986338e+04
2.162000e+01 2.521476e+04 3.376148e+04
2.163000e+01 2.913294e+04 3.553458e+04
2.164000e+01 3.292946e+04 3.322151e+04
2.165000e+01 3.310068e+04 2.893332e+04
2.166000e+01 2.972330e+04 2.678233e+04
2.167000e+01 2.639676e+04 2.875649e+04
2.168000e+01 2.664083e+04 3.275162e+04
2.169000e+01 3.040302e+04 3.467239e+04
2.170000e+01 3.410592e+04 3.251060e+04
2.171000e+01 3.422835e+04 2.838259e+04
2.172000e+01 3.085396e+04 2.639011e+04
2.173000e+01 2.757719e+04 2.851543e+04
2.174000e+01 2.792294e+04 3.263848e+04
2.175000e+01 3.182560e+04 3.462699e+04
2.176000e+01 3.565997e+04 3.249062e+04
2.177000e+01 3.590224e+04 2.836689e+04
2.178000e+01 3.264225e+04 2.637756e+04
2.179000e+01 2.950555e+04 2.851077e+04
2.180000e+01 3.004769e+04 3.260437e+04
2.181000e+01 3.415278e+04 3.448878e+04
2.182000e+01 3.816090e+04 3.217310e+04
2.183000e+01 3.850936e+04 2.782568e+04
2.184000e+01 3.528979e+04 2.562646e+04
2.185000e+01 3.218801e+04 2.758208e+04
2.186000e+01 3.277711e+04 3.148334e+04
2.187000e+01 3.693187e+04 3.312539e+04
2.188000e+01 4.093606e+04 3.049924e+04
2.189000e+01 4.116380e+04 2.582254e+04
2.190000e+01 3.773431e+04 2.335986e+04
2.191000e+01 3.440123e+04 2.513200e+04
2.192000e+01 3.479484e+04 2.889434e+04
2.193000e+01 3.878141e+04 3.035835e+04
2.194000e+01 4.253841e+04 2.747342e+04
2.195000e+01 4.235727e+04 2.256301e+04
2.196000e+01 3.838479e+04 2.002035e+04
2.197000e+01 3.451654e+04 2.194119e+04
2.198000e+01 3.455144e+04 2.598376e+04
2.199000e+01 3.835081e+04 2.761328e+04
2.200000e+01 4.182260e+04 2.465958e+04
2.201000e+01 4.091142e+04 1.960557e+04
2.202000e+01 3.561891e+04 1.736632e+04
2.203000e+01 3.021930e+04 2.066190e+04
2.204000e+01 2.941212e+04 2.737208e+04
2.205000e+01 3.403418e+04 3.245036e+04
2.206000e+01 4.050356e+04 3.249658e+04
2.207000e+01 4.428861e+04 2.855391e+04
2.208000e+01 4.397594e+04 2.466307e+04
2.209000e+01 4.210227e+04 2.376307e+04
2.210000e+01 4.209742e+04 2.504593e+04
2.211000e+01 4.466930e+04 2.528956e+04
2.212000e+01 4.724666e+04 2.252590e+04
2.213000e+01 4.686923e+04 1.823700e+04
2.214000e+01 4.350060e+04 1.585107e+04
2.215000e+01 4.021720e+04 1.710571e+04
2.216000e+01 4.012493e+04 2.014427e+04
2.217000e+01 4.316375e+04 2.128782e+04
2.218000e+01 4.606776e+04 1.872862e+04
2.219000e+01 4.562897e+04 1.443412e+04
2.220000e+01 4.195154e+04 1.218143e+04
2.221000e+01 3.837942e+04 1.378014e+04
2.222000e+01 3.817282e+04 1.722755e+04
2.223000e+01 4.121475e+04 1.867578e+04
2.224000e+01 4.409549e+04 1.632159e+04
2.225000e+01 4.354743e+04 1.222571e+04
2.226000e+01 3.972587e+04 1.026848e+04
2.227000e+01 3.609397e+04 1.227174e+04
2.228000e+01 3.597310e+04 1.612654e+04
2.229000e+01 3.918993e+04 1.790425e+04
2.230000e+01 4.225736e+04 1.579361e+04
2.231000e+01 4.185979e+04 1.192252e+04
2.232000e+01 3.819508e+04 1.026105e+04
2.233000e+01 3.484520e+04 1.261616e+04
2.234000e+01 3.519302e+04 1.678700e+04
2.235000e+01 3.906125e+04 1.872011e+04
2.236000e+01 4.286958e+04 1.649847e+04
2.237000e+01 4.315611e+04 1.222703e+04
2.238000e+01 4.002487e+04 9.913375e+03
2.239000e+01 3.695479e+04 1.143247e+04
2.240000e+01 3.726947e+04 1.469092e+04
2.241000e+01 4.077397e+04 1.575473e+04
2.242000e+01 4.390770e+04 1.284398e+04
2.243000e+01 4.333500e+04 8.198312e+03
2.244000e+01 3.931509e+04 5.853463e+03
2.245000e+01 3.547960e+04 7.636817e+03
2.246000e+01 3.525309e+04 1.133241e+04
2.247000e+01 3.842843e+04 1.286597e+04
2.248000e+01 4.138549e+04 1.039553e+04
2.249000e+01 4.072913e+04 6.130649e+03
2.250000e+01 3.667805e+04 4.120791e+03
2.251000e+01 3.286726e+04 6.211821e+03
2.252000e+01 3.271149e+04 1.015524e+04
2.253000e+01 3.597204e+04 1.187709e+04
2.254000e+01 3.900603e+04 9.541607e+03
2.255000e+01 3.839690e+04 5.383598e+03
2.256000e+01 3.437160e+04 3.497678e+03
2.257000e+01 3.060599e+04 5.710507e+03
2.258000e+01 3.051346e+04 9.759996e+03
2.259000e+01 3.384629e+04 1.155356e+04
2.260000e+01 3.692917e+04 9.249115e+03
2.261000e+01 3.631673e+04 5.120117e+03
2.262000e+01 3.227207e+04 3.285084e+03
2.263000e+01 2.848250e+04 5.576911e+03
2.264000e+01 2.838383e+04 9.722303e+03
2.265000e+01 3.172892e+04 1.159737e+04
2.266000e+01 3.480649e+04 9.361436e+03
2.267000e+01 3.417713e+04 5.316162e+03
2.268000e+01 3.010972e+04 3.588414e+03
2.269000e+01 2.631535e+04 6.016881e+03
2.270000e+01 2.626025e+04 1.030288e+04
2.271000e+01 2.966781e+04 1.228883e+04
2.272000e+01 3.280698e+04 1.014171e+04
2.273000e+01 3.222310e+04 6.171086e+03
2.274000e+01 2.818430e+04 4.529356e+03
2.275000e+01 2.443772e+04 7.074475e+03
2.276000e+01 2.445519e+04 1.146563e+04
2.277000e+01 2.795280e+04 1.353731e+04
2.278000e+01 3.118169e+04 1.144537e+04
2.279000e+01 3.065950e+04 7.514040e+03
2.280000e+01 2.666167e+04 5.938242e+03
2.281000e+01 2.296776e+04 8.560442e+03
2.282000e+01 2.306099e+04 1.303864e+04
2.283000e+01 2.666229e+04 1.518013e+04
2.284000e+01 2.999258e+04 1.311727e+04
2.285000e+01 2.953888e+04 9.204087e+03
2.286000e+01 2.559289e+04 7.656025e+03
2.287000e+01 2.194502e+04 1.033391e+04
2.288000e+01 2.211279e+04 1.488912e+04
2.289000e+01 2.582949e+04 1.708098e+04
2.290000e+01 2.927286e+04 1.502783e+04
2.291000e+01 2.890596e+04 1.109394e+04
2.292000e+01 2.499608e+04 9.526801e+03
2.293000e+01 2.135736e+04 1.223380e+04
2.294000e+01 2.157706e+04 1.686250e+04
2.295000e+01 2.539255e+04 1.912030e+04
2.296000e+01 2.896548e+04 1.707500e+04
2.297000e+01 2.867785e+04 1.307340e+04
2.298000e+01 2.472111e+04 1.144770e+04
2.299000e+01 2.095179e+04 1.424809e+04
2.300000e+01 2.109670e+04 1.919056e+04
2.301000e+01 2.512276e+04 2.193143e+04
2.302000e+01 2.933518e+04 2.027481e+04
2.303000e+01 3.001272e+04 1.621786e+04
2.304000e+01 2.699485e+04 1.387187e+04
2.305000e+01 2.364747e+04 1.534053e+04
2.306000e+01 2.332450e+04 1.877864e+04
2.307000e+01 2.599793e+04 2.045547e+04
2.308000e+01 2.838492e+04 1.866338e+04
2.309000e+01 2.742886e+04 1.553101e+04
2.310000e+01 2.355844e+04 1.481462e+04
2.311000e+01 2.033785e+04 1.800233e+04
2.312000e+01 2.089537e+04 2.268827e+04
2.313000e+01 2.471082e+04 2.487921e+04
2.314000e+01 2.801973e+04 2.302166e+04
2.315000e+01 2.757349e+04 1.959391e+04
2.316000e+01 2.388252e+04 1.866923e+04
2.317000e+01 2.074626e+04 2.186083e+04
2.318000e+01 2.148834e+04 2.666853e+04
2.319000e+01 2.558686e+04 2.895285e+04
2.320000e+01 2.919847e+04 2.708651e+04
2.321000e+01 2.897557e+04 2.358488e+04
2.322000e+01 2.541570e+04 2.262811e+04
2.323000e+01 2.241105e+04 2.588196e+04
2.324000e+01 2.335121e+04 3.080154e+04
2.325000e+01 2.774249e+04 3.317840e+04
2.326000e+01 3.169479e+04 3.132097e+04
2.327000e+01 3.178082e+04 2.775223e+04
2.328000e+01 2.848883e+04 2.670807e+04
2.329000e+01 2.572764e+04 2.987500e+04
2.330000e+01 2.691609e+04 3.471476e+04
2.331000e+01 3.157136e+04 3.698771e+04
2.332000e+01 3.576253e+04 3.497528e+04
2.333000e+01 3.604292e+04 3.124443e+04
2.334000e+01 3.290440e+04 3.005238e+04
2.335000e+01 3.027485e+04 3.310945e+04
2.336000e+01 3.160444e+04 3.787346e+04
2.337000e+01 3.641086e+04 4.007625e+04
2.338000e+01 4.074871e+04 3.803622e+04
2.339000e+01 4.120678e+04 3.433224e+04
2.340000e+01 3.832829e+04 3.321606e+04
2.341000e+01 3.609354e+04 3.634326e+04
2.342000e+01 3.793605e+04 4.106457e+04
2.343000e+01 4.325372e+04 4.308665e+04
2.344000e+01 4.803460e+04 4.080757e+04
2.345000e+01 4.891808e+04 3.693705e+04
2.346000e+01 4.665941e+04 3.576151e+04
2.347000e+01 4.547233e+04 3.867892e+04
2.348000e+01 4.871034e+04 4.256534e+04
2.349000e+01 5.525963e+04 4.275048e+04
2.350000e+01 6.027591e+04 3.773520e+04
2.351000e+01 5.971553e+04 3.104525e+04
2.352000e+01 5.443923e+04 2.821844e+04
2.353000e+01 4.968235e+04 3.163693e+04
2.354000e+01 5.039001e+04 3.822862e+04
2.355000e+01 5.674442e+04 4.219586e+04
2.356000e+01 6.406765e+04 4.026591e+04
2.357000e+01 6.725008e+04 3.460203e+04
2.358000e+01 6.548054e+04 3.052238e+04
2.359000e+01 6.283378e+04 3.141279e+04
2.360000e+01 6.434293e+04 3.553814e+04
2.361000e+01 7.124897e+04 3.761177e+04
2.362000e+01 7.979712e+04 3.359279e+04
2.363000e+01 8.452138e+04 2.413037e+04
2.364000e+01 8.267355e+04 1.378630e+04
2.365000e+01 7.590964e+04 7.193413e+03
2.366000e+01 6.821658e+04 5.824076e+03
2.367000e+01 6.250141e+04 8.067602e+03
2.368000e+01 5.923344e+04 1.175639e+04
2.369000e+01 5.779717e+04 1.608215e+04
2.370000e+01 5.839339e+04 2.110891e+04
2.371000e+01 6.203862e+04 2.596358e+04
2.372000e+01 6.871303e+04 2.833407e+04
2.373000e+01 7.604377e+04 2.627769e+04
2.374000e+01 8.051913e+04 2.053556e+04
2.375000e+01 8.046418e+04 1.463592e+04
2.376000e+01 7.786402e+04 1.209935e+04
2.377000e+01 7.677315e+04 1.324324e+04
2.378000e+01 7.964265e+04 1.480838e+04
2.379000e+01 8.497551e+04 1.297203e+04
2.380000e+01 8.868678e+04 7.021613e+03
2.381000e+01 8.804684e+04 9.531859e+01
2.382000e+01 8.431417e+04 -3.864534e+03
2.383000e+01 8.148568e+04 -3.926225e+03
2.384000e+01 8.236042e+04 -3.055282e+03
2.385000e+01 8.573862e+04 -5.142398e+03
2.386000e+01 8.763662e+04 -1.106000e+04
2.387000e+01 8.529832e+04 -1.776767e+04
2.388000e+01 7.999049e+04 -2.133057e+04
2.389000e+01 7.579044e+04 -2.088429e+04
2.390000e+01 7.545638e+04 -1.959797e+04
2.391000e+01 7.753967e+04 -2.147416e+04
2.392000e+01 7.771586e+04 -2.722984e+04
2.393000e+01 7.308183e+04 -3.333410e+04
2.394000e+01 6.524585e+04 -3.526778e+04
2.395000e+01 5.908076e+04 -3.199959e+04
2.396000e+01 5.816651e+04 -2.715374e+04
2.397000e+01 6.141005e+04 -2.576191e+04
2.398000e+01 6.402488e+04 -2.966038e+04
2.399000e+01 6.195182e+04 -3.589656e+04
2.400000e+01 5.550192e+04 -3.967986e+04
2.401000e+01 4.865231e+04 -3.890546e+04
2.402000e+01 4.494187e+04 -3.580729e+04
2.403000e+01 4.405077e+04 -3.430745e+04
2.404000e+01 4.239635e+04 -3.578224e+04
2.405000e+01 3.711468e+04 -3.755720e+04
2.406000e+01 2.926207e+04 -3.563736e+04
2.407000e+01 2.302911e+04 -2.882718e+04
2.408000e+01 2.176758e+04 -2.011293e+04
2.409000e+01 2.474400e+04 -1.388125e+04
2.410000e+01 2.801097e+04 -1.171449e+04
2.411000e+01 2.843198e+04 -1.107008e+04
2.412000e+01 2.683244e+04 -8.096668e+03
2.413000e+01 2.713559e+04 -1.782564e+03
2.414000e+01 3.224946e+04 4.708730e+03
2.415000e+01 4.089894e+04 7.008779e+03
2.416000e+01 4.857519e+04 3.767991e+03
2.417000e+01 5.167730e+04 -1.999927e+03
2.418000e+01 5.080042e+04 -5.801014e+03
2.419000e+01 4.989686e+04 -5.982517e+03
2.420000e+01 5.213599e+04 -5.109877e+03
2.421000e+01 5.669301e+04 -7.128742e+03
2.422000e+01 5.958954e+04 -1.318179e+04
2.423000e+01 5.776612e+04 -2.024238e+04
2.424000e+01 5.228700e+04 -2.402854e+04
2.425000e+01 4.737816e+04 -2.320699e+04
2.426000e+01 4.632239e+04 -2.067733e+04
2.427000e+01 4.826923e+04 -2.066998e+04
2.428000e+01 4.914228e+04 -2.447720e+04
2.429000e+01 4.582793e+04 -2.915889e+04
2.430000e+01 3.935067e+04 -3.049880e+04
2.431000e+01 3.392109e+04 -2.723081e+04
2.432000e+01 3.280402e+04 -2.234931e+04
2.433000e+01 3.505255e+04 -2.015496e+04
2.434000e+01 3.652756e+04 -2.196263e+04
2.435000e+01 3.405905e+04 -2.483695e+04
2.436000e+01 2.864518e+04 -2.454993e+04
2.437000e+01 2.450812e+04 -1.985185e+04
2.438000e+01 2.486966e+04 -1.379602e+04
2.439000e+01 2.874759e+04 -1.070620e+04
2.440000e+01 3.194558e+04 -1.192346e+04
2.441000e+01 3.122599e+04 -1.451213e+04
2.442000e+01 2.755195e+04 -1.422999e+04
2.443000e+01 2.509075e+04 -9.844134e+03
2.444000e+01 2.699785e+04 -4.378172e+03
2.445000e+01 3.223597e+04 -2.116976e+03
2.446000e+01 3.655633e+04 -4.349425e+03
2.447000e+01 3.671470e+04 -8.054676e+03
2.448000e+01 3.368212e+04 -8.956337e+03
2.449000e+01 3.160602e+04 -5.773479e+03
2.450000e+01 3.363319e+04 -1.454438e+03
2.451000e+01 3.875227e+04 -1.917265e+02
2.452000e+01 4.281370e+04 -3.137039e+03
2.453000e+01 4.278506e+04 -7.252567e+03
2.454000e+01 3.983202e+04 -8.389708e+03
2.455000e+01 3.818892e+04 -5.518186e+03
2.456000e+01 4.089635e+04 -1.877628e+03
2.457000e+01 4.662639e+04 -1.791835e+03
2.458000e+01 5.092319e+04 -6.332710e+03
2.459000e+01 5.055102e+04 -1.220079e+04
2.460000e+01 4.668091e+04 -1.491973e+04
2.461000e+01 4.374465e+04 -1.324493e+04
2.462000e+01 4.499543e+04 -1.036689e+04
2.463000e+01 4.928725e+04 -1.066655e+04
2.464000e+01 5.223786e+04 -1.532656e+04
2.465000e+01 5.060355e+04 -2.111325e+04
2.466000e+01 4.557570e+04 -2.357357e+04
2.467000e+01 4.159459e+04 -2.149447e+04
2.468000e+01 4.193526e+04 -1.808480e+04
2.469000e+01 4.546727e+04 -1.777094e+04
2.470000e+01 4.778178e+04 -2.178135e+04
2.471000e+01 4.563701e+04 -2.687607e+04
2.472000e+01 4.022020e+04 -2.862966e+04
2.473000e+01 3.596646e+04 -2.584322e+04
2.474000e+01 3.615007e+04 -2.175306e+04
2.475000e+01 3.960702e+04 -2.082396e+04
2.476000e+01 4.189104e+04 -2.425225e+04
2.477000e+01 3.975642e+04 -2.879292e+04
2.478000e+01 3.439519e+04 -3.000590e+04
2.479000e+01 3.026766e+04 -2.669450e+04
2.480000e+01 3.064903e+04 -2.214146e+04
2.481000e+01 3.432559e+04 -2.081605e+04
2.482000e+01 3.683366e+04 -2.390386e+04
2.483000e+01 3.491502e+04 -2.813167e+04
2.484000e+01 2.978318e+04 -2.902403e+04
2.485000e+01 2.594306e+04 -2.541445e+04
2.486000e+01 2.665158e+04 -2.062414e+04
2.487000e+01 3.066976e+04 -1.913667e+04
2.488000e+01 3.349479e+04 -2.212857e+04
2.489000e+01 3.184382e+04 -2.627754e+04
2.490000e+01 2.699013e+04 -2.708566e+04
2.491000e+01 2.345926e+04 -2.341641e+04
2.492000e+01 2.450476e+04 -1.862919e+04
2.493000e+01 2.884308e+04 -1.723907e+04
2.494000e+01 3.189808e+04 -2.039767e+04
2.495000e+01 3.040258e+04 -2.469794e+04
2.496000e+01 2.567155e+04 -2.561893e+04
2.497000e+01 2.228529e+04 -2.204344e+04
2.498000e+01 2.351069e+04 -1.740054e+04
2.499000e+01 2.798285e+04 -1.625575e+04
2.500000e+01 3.105002e+04 -1.968861e+04
2.501000e+01 2.945042e+04 -2.420702e+04
2.502000e+01 2.458856e+04 -2.523141e+04
2.503000e+01 2.116489e+04 -2.170349e+04
2.504000e+01 2.242629e+04 -1.723461e+04
2.505000e+01 2.679996e+04 -1.647122e+04
2.506000e+01 2.937782e+04 -2.036306e+04
2.507000e+01 2.678741e+04 -2.503420e+04
2.508000e+01 2.069469e+04 -2.543744e+04
2.509000e+01 1.643075e+04 -2.036705e+04
2.510000e+01 1.790718e+04 -1.376743e+04
2.511000e+01 2.388933e+04 -1.109190e+04
2.512000e+01 2.915576e+04 -1.422433e+04
2.513000e+01 2.941295e+04 -1.982519e+04
2.514000e+01 2.525808e+04 -2.268797e+04
2.515000e+01 2.124295e+04 -2.076058e+04
2.516000e+01 2.123099e+04 -1.684818e+04
2.517000e+01 2.464575e+04 -1.552973e+04
2.518000e+01 2.725185e+04 -1.842491e+04
2.519000e+01 2.564791e+04 -2.257106e+04
2.520000e+01 2.080302e+04 -2.353586e+04
2.521000e+01 1.711522e+04 -1.997552e+04
2.522000e+01 1.799159e+04 -1.508571e+04
2.523000e+01 2.234827e+04 -1.346237e+04
2.524000e+01 2.565732e+04 -1.648098e+04
2.525000e+01 2.444705e+04 -2.093282e+04
2.526000e+01 1.973480e+04 -2.221167e+04
2.527000e+01 1.601072e+04 -1.888238e+04
2.528000e+01 1.672858e+04 -1.412239e+04
2.529000e+01 2.086139e+04 -1.247138e+04
2.530000e+01 2.397926e+04 -1.529050e+04
2.531000e+01 2.270402e+04 -1.941339e+04
2.532000e+01 1.811432e+04 -2.031788e+04
2.533000e+01 1.468488e+04 -1.671669e+04
2.534000e+01 1.576220e+04 -1.183936e+04
2.535000e+01 2.022601e+04 -1.020580e+04
2.536000e+01 2.359675e+04 -1.311449e+04
2.537000e+01 2.251284e+04 -1.732400e+04
2.538000e+01 1.812330e+04 -1.832371e+04
2.539000e+01 1.489469e+04 -1.486781e+04
2.540000e+01 1.613120e+04 -1.021205e+04
2.541000e+01 2.064846e+04 -8.863422e+03
2.542000e+01 2.392142e+04 -1.202848e+04
2.543000e+01 2.264786e+04 -1.637847e+04
2.544000e+01 1.805167e+04 -1.738134e+04
2.545000e+01 1.467399e+04 -1.381568e+04
2.546000e+01 1.586393e+04 -9.005955e+03
2.547000e+01 2.039547e+04 -7.508103e+03
2.548000e+01 2.372934e+04 -1.053070e+04
2.549000e+01 2.255303e+04 -1.475177e+04
2.550000e+01 1.808732e+04 -1.563735e+04
2.551000e+01 1.488826e+04 -1.197217e+04
2.552000e+01 1.626597e+04 -7.112698e+03
2.553000e+01 2.098043e+04 -5.585382e+03
2.554000e+01 2.449963e+04 -8.580716e+03
2.555000e+01 2.352620e+04 -1.276680e+04
2.556000e+01 1.931454e+04 -1.361392e+04
2.557000e+01 1.641736e+04 -9.965791e+03
2.558000e+01 1.811164e+04 -5.169681e+03
2.559000e+01 2.315718e+04 -3.729456e+03
2.560000e+01 2.705550e+04 -6.829649e+03
2.561000e+01 2.657753e+04 -1.117328e+04
2.562000e+01 2.299737e+04 -1.238425e+04
2.563000e+01 2.071768e+04 -9.447453e+03
2.564000e+01 2.276034e+04 -5.718751e+03
2.565000e+01 2.764159e+04 -5.508868e+03
2.566000e+01 3.081347e+04 -9.602388e+03
2.567000e+01 2.933483e+04 -1.437029e+04
2.568000e+01 2.494618e+04 -1.538946e+04
2.569000e+01 2.245873e+04 -1.196474e+04
2.570000e+01 2.496963e+04 -8.029903e+03
2.571000e+01 3.057734e+04 -8.363523e+03
2.572000e+01 3.409951e+04 -1.382166e+04
2.573000e+01 3.203504e+04 -2.036971e+04
2.574000e+01 2.597759e+04 -2.286912e+04
2.575000e+01 2.111917e+04 -1.999164e+04
2.576000e+01 2.120233e+04 -1.544036e+04
2.577000e+01 2.497733e+04 -1.420039e+04
2.578000e+01 2.759361e+04 -1.765314e+04
2.579000e+01 2.548900e+04 -2.229139e+04
2.580000e+01 1.998341e+04 -2.329479e+04
2.581000e+01 1.593286e+04 -1.943688e+04
2.582000e+01 1.684381e+04 -1.432587e+04
2.583000e+01 2.135731e+04 -1.283506e+04
2.584000e+01 2.454972e+04 -1.626049e+04
2.585000e+01 2.283004e+04 -2.097534e+04
2.586000e+01 1.752521e+04 -2.206192e+04
2.587000e+01 1.355345e+04 -1.818608e+04
2.588000e+01 1.455738e+04 -1.292957e+04
2.589000e+01 1.927805e+04 -1.127619e+04
2.590000e+01 2.275857e+04 -1.462743e+04
2.591000e+01 2.128613e+04 -1.942730e+04
2.592000e+01 1.604305e+04 -2.066522e+04
2.593000e+01 1.196075e+04 -1.681137e+04
2.594000e+01 1.287532e+04 -1.136240e+04
2.595000e+01 1.769808e+04 -9.409068e+03
2.596000e+01 2.148145e+04 -1.262946e+04
2.597000e+01 2.019378e+04 -1.763219e+04
2.598000e+01 1.460078e+04 -1.915442e+04
2.599000e+01 9.570494e+03 -1.502833e+04
2.600000e+01 9.494877e+03 -8.109346e+03
2.601000e+01 1.442456e+04 -3.427783e+03
2.602000e+01 2.047044e+04 -3.611533e+03
2.603000e+01 2.374876e+04 -6.976073e+03
2.604000e+01 2.384815e+04 -9.864238e+03
2.605000e+01 2.340510e+04 -1.059877e+04
2.606000e+01 2.462356e+04 -1.082288e+04
2.607000e+01 2.662448e+04 -1.308570e+04
2.608000e+01 2.643516e+04 -1.743559e+04
2.609000e+01 2.259279e+04 -2.080095e+04
2.610000e+01 1.733851e+04 -2.006165e+04
2.611000e+01 1.488532e+04 -1.556108e+04
2.612000e+01 1.731209e+04 -1.131954e+04
2.613000e+01 2.221160e+04 -1.142445e+04
2.614000e+01 2.471851e+04 -1.599004e+04
2.615000e+01 2.212873e+04 -2.090351e+04
2.616000e+01 1.653087e+04 -2.167871e+04
2.617000e+01 1.284522e+04 -1.775951e+04
2.618000e+01 1.405865e+04 -1.306872e+04
2.619000e+01 1.832144e+04 -1.211909e+04
2.620000e+01 2.085578e+04 -1.558174e+04
2.621000e+01 1.870761e+04 -1.967553e+04
2.622000e+01 1.368676e+04 -1.994860e+04
2.623000e+01 1.057336e+04 -1.577508e+04
2.624000e+01 1.229451e+04 -1.099061e+04
2.625000e+01 1.699658e+04 -1.006221e+04
2.626000e+01 1.987097e+04 -1.363276e+04
2.627000e+01 1.792891e+04 -1.784226e+04
2.628000e+01 1.304769e+04 -1.816978e+04
2.629000e+01 1.007491e+04 -1.396836e+04
2.630000e+01 1.201690e+04 -9.107424e+03
2.631000e+01 1.704585e+04 -8.141882e+03
2.632000e+01 2.029922e+04 -1.178016e+04
2.633000e+01 1.876339e+04 -1.617030e+04
2.634000e+01 1.426235e+04 -1.681217e+04
2.635000e+01 1.160064e+04 -1.306043e+04
2.636000e+01 1.372876e+04 -8.789643e+03
2.637000e+01 1.871158e+04 -8.517415e+03
2.638000e+01 2.162940e+04 -1.280487e+04
2.639000e+01 1.950243e+04 -1.765462e+04
2.640000e+01 1.428515e+04 -1.844339e+04
2.641000e+01 1.098357e+04 -1.450960e+04
2.642000e+01 1.268259e+04 -9.858834e+03
2.643000e+01 1.747444e+04 -9.148247e+03
2.644000e+01 2.038996e+04 -1.306333e+04
2.645000e+01 1.834969e+04 -1.764809e+04
2.646000e+01 1.324671e+04 -1.823694e+04
2.647000e+01 1.008118e+04 -1.416781e+04
2.648000e+01 1.192460e+04 -9.428124e+03
2.649000e+01 1.686848e+04 -8.678728e+03
2.650000e+01 1.991602e+04 -1.260843e+04
2.651000e+01 1.796116e+04 -1.721965e+04
2.652000e+01 1.293861e+04 -1.783454e+04
2.653000e+01 9.855908e+03 -1.378643e+04
2.654000e+01 1.180482e+04 -9.079870e+03
2.655000e+01 1.686716e+04 -8.414066e+03
2.656000e+01 1.999878e+04 -1.247485e+04
2.657000e+01 1.810026e+04 -1.723705e+04
2.658000e+01 1.309715e+04 -1.801701e+04
2.659000e+01 1.000752e+04 -1.414212e+04
2.660000e+01 1.193074e+04 -9.640784e+03
2.661000e+01 1.689223e+04 -9.219724e+03
2.662000e+01 1.982153e+04 -1.351466e+04
2.663000e+01 1.761394e+04 -1.845345e+04
2.664000e+01 1.222676e+04 -1.929201e+04
2.665000e+01 8.761888e+03 -1.532803e+04
2.666000e+01 1.035803e+04 -1.063553e+04
2.667000e+01 1.507003e+04 -9.942573e+03
2.668000e+01 1.784061e+04 -1.392505e+04
2.669000e+01 1.555697e+04 -1.853324e+04
2.670000e+01 1.018915e+04 -1.902569e+04
2.671000e+01 6.841704e+03 -1.476794e+04
2.672000e+01 8.619777e+03 -9.852984e+03
2.673000e+01 1.354032e+04 -9.026581e+03
2.674000e+01 1.649215e+04 -1.295675e+04
2.675000e+01 1.433988e+04 -1.753556e+04
2.676000e+01 9.088994e+03 -1.800782e+04
2.677000e+01 5.850377e+03 -1.372979e+04
2.678000e+01 7.744335e+03 -8.806650e+03
2.679000e+01 1.277463e+04 -8.013277e+03
2.680000e+01 1.579352e+04 -1.199131e+04
2.681000e+01 1.368356e+04 -1.660671e+04
2.682000e+01 8.457651e+03 -1.709492e+04
2.683000e+01 5.251838e+03 -1.280993e+04
2.684000e+01 7.211765e+03 -7.890568e+03
2.685000e+01 1.229626e+04 -7.125073e+03
2.686000e+01 1.535254e+04 -1.114010e+04
2.687000e+01 1.325563e+04 -1.579160e+04
2.688000e+01 8.027368e+03 -1.629220e+04
2.689000e+01 4.845241e+03 -1.199474e+04
2.690000e+01 6.835431e+03 -7.077021e+03
2.691000e+01 1.195592e+04 -6.324117e+03
2.692000e+01 1.504108e+04 -1.036911e+04
2.693000e+01 1.294578e+04 -1.505261e+04
2.694000e+01 7.709383e+03 -1.556037e+04
2.695000e+01 4.513002e+03 -1.126783e+04
2.696000e+01 6.485389e+03 -6.328345e+03
2.697000e+01 1.160564e+04 -5.524005e+03
2.698000e+01 1.472085e+04 -9.501225e+03
2.699000e+01 1.271738e+04 -1.410951e+04
2.700000e+01 7.642996e+03 -1.460926e+04
2.701000e+01 4.608339e+03 -1.041776e+04
2.702000e+01 6.657153e+03 -5.675697e+03
2.703000e+01 1.169852e+04 -5.098133e+03
2.704000e+01 1.458501e+04 -9.176676e+03
2.705000e+01 1.233805e+04 -1.368277e+04
2.706000e+01 7.152706e+03 -1.390761e+04
2.707000e+01 4.240972e+03 -9.399230e+03
2.708000e+01 6.632842e+03 -4.487942e+03
2.709000e+01 1.206245e+04 -3.979795e+03
2.710000e+01 1.523417e+04 -8.340698e+03
2.711000e+01 1.306819e+04 -1.322549e+04
2.712000e+01 7.768825e+03 -1.377591e+04
2.713000e+01 4.654136e+03 -9.468021e+03
2.714000e+01 6.813132e+03 -4.645314e+03
2.715000e+01 1.203816e+04 -4.139271e+03
2.716000e+01 1.503902e+04 -8.453471e+03
2.717000e+01 1.272243e+04 -1.324160e+04
2.718000e+01 7.333133e+03 -1.364218e+04
2.719000e+01 4.203196e+03 -9.179014e+03
2.720000e+01 6.419310e+03 -4.224930e+03
2.721000e+01 1.174535e+04 -3.650745e+03
2.722000e+01 1.482400e+04 -7.967560e+03
2.723000e+01 1.255087e+04 -1.277006e+04
2.724000e+01 7.183199e+03 -1.317944e+04
2.725000e+01 4.073823e+03 -8.702921e+03
2.726000e+01 6.337712e+03 -3.730888e+03
2.727000e+01 1.172590e+04 -3.181119e+03
2.728000e+01 1.485038e+04 -7.534763e+03
2.729000e+01 1.260348e+04 -1.238586e+04
2.730000e+01 7.239586e+03 -1.283560e+04
2.731000e+01 4.137739e+03 -8.377640e+03
2.732000e+01 6.432550e+03 -3.434228e+03
2.733000e+01 1.184569e+04 -2.918029e+03
2.734000e+01 1.500064e+04 -7.321000e+03
2.735000e+01 1.277822e+04 -1.224141e+04
2.736000e+01 7.429214e+03 -1.276895e+04
2.737000e+01 4.338595e+03 -8.420728e+03
2.738000e+01 6.590394e+03 -3.621226e+03
2.739000e+01 1.189361e+04 -3.245606e+03
2.740000e+01 1.487142e+04 -7.746040e+03
2.741000e+01 1.242637e+04 -1.267002e+04
2.742000e+01 6.897301e+03 -1.310769e+04
2.743000e+01 3.695655e+03 -8.631427e+03
2.744000e+01 5.903228e+03 -3.707778e+03
2.745000e+01 1.119633e+04 -3.245642e+03
2.746000e+01 1.413829e+04 -7.690724e+03
2.747000e+01 1.165458e+04 -1.253213e+04
2.748000e+01 6.105707e+03 -1.286318e+04
2.749000e+01 2.927112e+03 -8.268899e+03
2.750000e+01 5.209808e+03 -3.256714e+03
2.751000e+01 1.058229e+04 -2.774821e+03
2.752000e+01 1.357355e+04 -7.219556e+03
2.753000e+01 1.110625e+04 -1.206510e+04
2.754000e+01 5.556967e+03 -1.237780e+04
2.755000e+01 2.402352e+03 -7.742146e+03
2.756000e+01 4.734898e+03 -2.715627e+03
2.757000e+01 1.014310e+04 -2.242380e+03
2.758000e+01 1.314637e+04 -6.711872e+03
2.759000e+01 1.065864e+04 -1.157202e+04
2.760000e+01 5.082560e+03 -1.185214e+04
2.761000e+01 1.935354e+03 -7.173835e+03
2.762000e+01 4.292179e+03 -2.117509e+03
2.763000e+01 9.730403e+03 -1.636646e+03
2.764000e+01 1.274374e+04 -6.115857e+03
2.765000e+01 1.022739e+04 -1.095954e+04
2.766000e+01 4.645170e+03 -1.119336e+04
2.767000e+01 1.519991e+03 -6.459107e+03
2.768000e+01 3.931354e+03 -1.359717e+03
2.769000e+01 9.434346e+03 -8.767415e+02
2.770000e+01 1.247116e+04 -5.380632e+03
2.771000e+01 9.965087e+03 -1.022984e+04
2.772000e+01 4.386163e+03 -1.044741e+04
2.773000e+01 1.283393e+03 -5.676593e+03
2.774000e+01 3.755681e+03 -5.541257e+02
2.775000e+01 9.317245e+03 -9.048946e+01
2.776000e+01 1.239170e+04 -4.623362e+03
2.777000e+01 9.895134e+03 -9.503551e+03
2.778000e+01 4.305010e+03 -9.726728e+03
2.779000e+01 1.213928e+03 -4.923266e+03
2.780000e+01 3.727526e+03 2.311203e+02
2.781000e+01 9.360742e+03 7.235521e+02
2.782000e+01 1.254495e+04 -3.815242e+03
2.783000e+01 1.017205e+04 -8.763888e+03
2.784000e+01 4.687417e+03 -9.113728e+03
2.785000e+01 1.637513e+03 -4.525092e+03
2.786000e+01 4.059570e+03 3.907085e+02
2.787000e+01 9.467554e+03 7.123087e+02
2.788000e+01 1.234657e+04 -3.850870e+03
2.789000e+01 9.692925e+03 -8.631187e+03
2.790000e+01 4.089933e+03 -8.704575e+03
2.791000e+01 1.091611e+03 -3.849090e+03
2.792000e+01 3.675042e+03 1.226754e+03
2.793000e+01 9.243268e+03 1.570991e+03
2.794000e+01 1.218807e+04 -3.023726e+03
2.795000e+01 9.548705e+03 -7.791434e+03
2.796000e+01 3.974797e+03 -7.786778e+03
2.797000e+01 1.090716e+03 -2.832420e+03
2.798000e+01 3.883085e+03 2.260441e+03
2.799000e+01 9.644886e+03 2.487521e+03
2.800000e+01 1.268712e+04 -2.308142e+03
2.801000e+01 1.001253e+04 -7.281850e+03
2.802000e+01 4.307723e+03 -7.398543e+03
2.803000e+01 1.302094e+03 -2.450949e+03
2.804000e+01 4.016371e+03 2.684623e+03
2.805000e+01 9.754633e+03 2.969154e+03
2.806000e+01 1.280777e+04 -1.789847e+03
2.807000e+01 1.014636e+04 -6.741587e+03
2.808000e+01 4.471355e+03 -6.820662e+03
2.809000e+01 1.521569e+03 -1.867062e+03
2.810000e+01 4.301973e+03 3.241309e+03
2.811000e+01 1.009241e+04 3.453927e+03
2.812000e+01 1.314039e+04 -1.407043e+03
2.813000e+01 1.041427e+04 -6.425946e+03
2.814000e+01 4.667285e+03 -6.531825e+03
2.815000e+01 1.656792e+03 -1.564602e+03
2.816000e+01 4.408094e+03 3.572139e+03
2.817000e+01 1.018411e+04 3.788144e+03
2.818000e+01 1.319715e+04 -1.065341e+03
2.819000e+01 1.044048e+04 -6.054964e+03
2.820000e+01 4.677587e+03 -6.111752e+03
2.821000e+01 1.686370e+03 -1.089925e+03
2.822000e+01 4.499568e+03 4.058685e+03
2.823000e+01 1.030832e+04 4.242467e+03
2.824000e+01 1.331312e+04 -6.524959e+02
2.825000e+01 1.050834e+04 -5.660639e+03
2.826000e+01 4.691053e+03 -5.682173e+03
2.827000e+01 1.702542e+03 -5.889737e+02
2.828000e+01 4.549207e+03 4.606878e+03
2.829000e+01 1.040807e+04 4.804832e+03
2.830000e+01 1.344764e+04 -1.090121e+02
2.831000e+01 1.064006e+04 -5.133732e+03
2.832000e+01 4.821259e+03 -5.137660e+03
2.833000e+01 1.846968e+03 -3.310460e+01
2.834000e+01 4.719415e+03 5.165106e+03
2.835000e+01 1.059901e+04 5.344187e+03
2.836000e+01 1.361819e+04 4.028898e+02
2.837000e+01 1.077096e+04 -4.602209e+03
2.838000e+01 4.940136e+03 -4.552964e+03
2.839000e+01 1.997664e+03 6.190024e+02
2.840000e+01 4.949475e+03 5.859399e+03
2.841000e+01 1.091536e+04 6.010327e+03
2.842000e+01 1.398087e+04 1.019925e+03
2.843000e+01 1.115103e+04 -4.032365e+03
2.844000e+01 5.320431e+03 -4.011541e+03
2.845000e+01 2.390055e+03 1.148246e+03
2.846000e+01 5.377004e+03 6.347583e+03
2.847000e+01 1.134021e+04 6.441105e+03
2.848000e+01 1.436779e+04 1.399875e+03
2.849000e+01 1.147176e+04 -3.668390e+03
2.850000e+01 5.584779e+03 -3.605072e+03
2.851000e+01 2.661997e+03 1.617601e+03
2.852000e+01 5.682881e+03 6.847080e+03
2.853000e+01 1.168465e+04 6.932364e+03
2.854000e+01 1.471891e+04 1.858098e+03
2.855000e+01 1.178220e+04 -3.215526e+03
2.856000e+01 5.870048e+03 -3.103920e+03
2.857000e+01 2.963392e+03 2.180408e+03
2.858000e+01 6.048996e+03 7.458826e+03
2.859000e+01 1.214183e+04 7.543867e+03
2.860000e+01 1.523277e+04 2.415514e+03
2.861000e+01 1.232356e+04 -2.713284e+03
2.862000e+01 6.417001e+03 -2.657120e+03
2.863000e+01 3.498281e+03 2.583196e+03
2.864000e+01 6.563937e+03 7.824531e+03
2.865000e+01 1.261025e+04 7.864272e+03
2.866000e+01 1.563171e+04 2.744863e+03
2.867000e+01 1.267242e+04 -2.327661e+03
2.868000e+01 6.764768e+03 -2.188030e+03
2.869000e+01 3.912993e+03 3.119745e+03
2.870000e+01 7.077320e+03 8.345594e+03
2.871000e+01 1.316414e+04 8.317098e+03
2.872000e+01 1.615365e+04 3.126245e+03
2.873000e+01 1.310788e+04 -1.959702e+03
2.874000e+01 7.128696e+03 -1.738203e+03
2.875000e+01 4.292526e+03 3.683361e+03
2.876000e+01 7.530250e+03 8.987843e+03
2.877000e+01 1.371041e+04 8.978438e+03
2.878000e+01 1.675946e+04 3.763218e+03
2.879000e+01 1.371770e+04 -1.321952e+03
2.880000e+01 7.763913e+03 -1.054121e+03
2.881000e+01 4.999750e+03 4.421248e+03
2.882000e+01 8.357161e+03 9.746447e+03
2.883000e+01 1.466160e+04 9.689411e+03
2.884000e+01 1.776376e+04 4.381279e+03
2.885000e+01 1.473382e+04 -7.630686e+02
2.886000e+01 8.783792e+03 -5.088507e+02
2.887000e+01 6.059671e+03 4.985458e+03
2.888000e+01 9.510048e+03 1.030640e+04
2.889000e+01 1.589906e+04 1.017892e+04
2.890000e+01 1.904213e+04 4.798366e+03
2.891000e+01 1.601912e+04 -3.900476e+02
2.892000e+01 1.009044e+04 -1.251000e+02
2.893000e+01 7.470993e+03 5.401023e+03
2.894000e+01 1.109320e+04 1.067551e+04
2.895000e+01 1.763487e+04 1.041064e+04
2.896000e+01 2.085425e+04 4.833693e+03
2.897000e+01 1.781735e+04 -5.262204e+02
2.898000e+01 1.186322e+04 -3.332863e+02
2.899000e+01 9.305047e+03 5.148713e+03
2.900000e+01 1.306553e+04 1.031517e+04
2.901000e+01 1.974894e+04 9.815753e+03
2.902000e+01 2.300122e+04 3.911946e+03
2.903000e+01 1.985708e+04 -1.720755e+03
2.904000e+01 1.382059e+04 -1.687284e+03
2.905000e+01 1.134837e+04 3.646743e+03
2.906000e+01 1.538284e+04 8.412256e+03
2.907000e+01 2.225188e+04 6.986157e+03
2.908000e+01 2.506397e+04 -3.364221e+02
2.909000e+01 2.043833e+04 -7.390647e+03
2.910000e+01 1.182547e+04 -7.986969e+03
2.911000e+01 6.271331e+03 -1.719793e+03
2.912000e+01 7.812124e+03 5.782998e+03
2.913000e+01 1.385675e+04 8.356758e+03
2.914000e+01 1.810246e+04 5.136417e+03
2.915000e+01 1.687632e+04 9.214860e+02
2.916000e+01 1.254959e+04 1.018220e+03
2.917000e+01 1.081996e+04 5.803634e+03
2.918000e+01 1.466040e+04 1.040658e+04
2.919000e+01 2.117767e+04 9.853193e+03
2.920000e+01 2.453680e+04 4.241504e+03
2.921000e+01 2.189207e+04 -1.246116e+03
2.922000e+01 1.634961e+04 -1.496074e+03
2.923000e+01 1.391510e+04 3.308887e+03
2.924000e+01 1.742123e+04 7.877567e+03
2.925000e+01 2.368180e+04 7.103538e+03
2.926000e+01 2.665152e+04 1.204326e+03
2.927000e+01 2.349185e+04 -4.431923e+03
2.928000e+01 1.748651e+04 -4.662308e+03
2.929000e+01 1.472612e+04 2.402729e+02
2.930000e+01 1.802212e+04 4.851973e+03
2.931000e+01 2.406297e+04 4.002974e+03
2.932000e+01 2.668319e+04 -1.998885e+03
2.933000e+01 2.307631e+04 -7.648347e+03
2.934000e+01 1.658930e+04 -7.757665e+03
2.935000e+01 1.338156e+04 -2.618016e+03
2.936000e+01 1.627711e+04 2.288840e+03
2.937000e+01 2.189140e+04 1.816859e+03
2.938000e+01 2.408957e+04 -3.618849e+03
2.939000e+01 2.018924e+04 -8.448959e+03
2.940000e+01 1.373032e+04 -7.520031e+03
2.941000e+01 1.105161e+04 -1.314077e+03
2.942000e+01 1.493730e+04 4.380518e+03
2.943000e+01 2.182663e+04 4.209050e+03
2.944000e+01 2.530872e+04 -1.501497e+03
2.945000e+01 2.242756e+04 -7.093337e+03
2.946000e+01 1.657770e+04 -7.204653e+03
2.947000e+01 1.404360e+04 -2.144641e+03
2.948000e+01 1.764864e+04 2.512116e+03
2.949000e+01 2.394482e+04 1.549578e+03
2.950000e+01 2.665578e+04 -4.629872e+03
2.951000e+01 2.299737e+04 -1.033939e+04
2.952000e+01 1.652155e+04 -1.032492e+04
2.953000e+01 1.355223e+04 -5.019696e+03
2.954000e+01 1.688810e+04 -1.138437e+02
2.955000e+01 2.299475e+04 -8.936023e+02
2.956000e+01 2.551984e+04 -6.904425e+03
2.957000e+01 2.170037e+04 -1.242115e+04
2.958000e+01 1.511237e+04 -1.218681e+04
2.959000e+01 1.210765e+04 -6.666322e+03
2.960000e+01 1.547771e+04 -1.619398e+03
2.961000e+01 2.159019e+04 -2.324541e+03
2.962000e+01 2.407627e+04 -8.276899e+03
2.963000e+01 2.018533e+04 -1.370607e+04
2.964000e+01 1.354590e+04 -1.333180e+04
2.965000e+01 1.057382e+04 -7.666846e+03
2.966000e+01 1.400054e+04 -2.543734e+03
2.967000e+01 2.015006e+04 -3.236938e+03
2.968000e+01 2.260752e+04 -9.204202e+03
2.969000e+01 1.862096e+04 -1.460156e+04
2.970000e+01 1.190273e+04 -1.411416e+04
2.971000e+01 8.905910e+03 -8.321856e+03
2.972000e+01 1.235650e+04 -3.092871e+03
2.973000e+01 1.853566e+04 -3.729992e+03
2.974000e+01 2.096676e+04 -9.664706e+03
2.975000e+01 1.692718e+04 -1.497530e+04
2.976000e+01 1.019070e+04 -1.435893e+04
2.977000e+01 7.237046e+03 -8.429825e+03
2.978000e+01 1.078134e+04 -3.116091e+03
2.979000e+01 1.702839e+04 -3.762537e+03
2.980000e+01 1.944259e+04 -9.707524e+03
2.981000e+01 1.533605e+04 -1.496933e+04
2.982000e+01 8.549564e+03 -1.421968e+04
2.983000e+01 5.638958e+03 -8.121646e+03
2.984000e+01 9.314657e+03 -2.724860e+03
2.985000e+01 1.564346e+04 -3.389507e+03
2.986000e+01 1.800510e+04 -9.385968e+03
2.987000e+01 1.369687e+04 -1.457718e+04
2.988000e+01 6.703435e+03 -1.348472e+04
2.989000e+01 3.837290e+03 -6.802016e+03
2.990000e+01 7.956356e+03 -7.883272e+02
2.991000e+01 1.514513e+04 -1.104170e+03
2.992000e+01 1.855211e+04 -7.290149e+03
2.993000e+01 1.508422e+04 -1.325248e+04
2.994000e+01 8.412184e+03 -1.330787e+04
2.995000e+01 5.186639e+03 -7.778984e+03
2.996000e+01 8.405167e+03 -2.505496e+03
2.997000e+01 1.451839e+04 -2.932367e+03
2.998000e+01 1.705768e+04 -8.665136e+03
2.999000e+01 1.321888e+04 -1.388097e+04
3.000000e+01 6.662203e+03 -1.328767e+04
3.001000e+01 3.797066e+03 -7.436685e+03
3.002000e+01 7.336469e+03 -2.172645e+03
3.003000e+01 1.353986e+04 -2.776823e+03
3.004000e+01 1.596643e+04 -8.593782e+03
3.005000e+01 1.197953e+04 -1.372857e+04
3.006000e+01 5.374375e+03 -1.295107e+04
3.007000e+01 2.592245e+03 -6.940168e+03
3.008000e+01 6.250382e+03 -1.640583e+03
3.009000e+01 1.248460e+04 -2.261796e+03
3.010000e+01 1.486831e+04 -8.058421e+03
3.011000e+01 1.083855e+04 -1.309080e+04
3.012000e+01 4.270151e+03 -1.216088e+04
3.013000e+01 1.601972e+03 -6.062836e+03
3.014000e+01 5.331085e+03 -7.563617e+02
3.015000e+01 1.155070e+04 -1.358127e+03
3.016000e+01 1.389283e+04 -7.029091e+03
3.017000e+01 9.919122e+03 -1.182226e+04
3.018000e+01 3.606996e+03 -1.071102e+04
3.019000e+01 1.243647e+03 -4.665614e+03
3.020000e+01 5.065697e+03 3.954440e+02
3.021000e+01 1.101125e+04 -3.528864e+02
3.022000e+01 1.287255e+04 -5.674613e+03
3.023000e+01 8.785224e+03 -9.471689e+03
3.024000e+01 3.273656e+03 -7.114286e+03
3.025000e+01 2.765072e+03 -3.622144e+02
3.026000e+01 8.975909e+03 4.081627e+03
3.027000e+01 1.678649e+04 1.159928e+03
3.028000e+01 1.902010e+04 -7.270285e+03
3.029000e+01 1.345454e+04 -1.398886e+04
3.030000e+01 5.106128e+03 -1.324672e+04
3.031000e+01 1.514003e+03 -6.295174e+03
3.032000e+01 5.477980e+03 -1.855257e+02
3.033000e+01 1.244036e+04 -8.343315e+02
3.034000e+01 1.510486e+04 -7.331798e+03
3.035000e+01 1.062198e+04 -1.299016e+04
3.036000e+01 3.336982e+03 -1.202503e+04
3.037000e+01 3.936746e+02 -5.355907e+03
3.038000e+01 4.538149e+03 4.082714e+02
3.039000e+01 1.143322e+04 -3.996231e+02
3.040000e+01 1.400848e+04 -6.861709e+03
3.041000e+01 9.517192e+03 -1.237985e+04
3.042000e+01 2.330707e+03 -1.131245e+04
3.043000e+01 -5.117850e+02 -4.614748e+03
3.044000e+01 3.683447e+03 1.149278e+03
3.045000e+01 1.057805e+04 3.595861e+02
3.046000e+01 1.312175e+04 -6.016289e+03
3.047000e+01 8.664839e+03 -1.138109e+04
3.048000e+01 1.584568e+03 -1.014815e+04
3.049000e+01 -1.082124e+03 -3.302833e+03
3.050000e+01 3.357808e+03 2.557500e+03
3.051000e+01 1.053014e+04 1.802185e+03
3.052000e+01 1.341034e+04 -4.599202e+03
3.053000e+01 9.334215e+03 -1.012614e+04
3.054000e+01 2.601055e+03 -9.244501e+03
3.055000e+01 1.430841e+02 -2.936558e+03
3.056000e+01 4.495949e+03 2.279161e+03
3.057000e+01 1.125292e+04 9.916906e+02
3.058000e+01 1.351438e+04 -5.655402e+03
3.059000e+01 8.825356e+03 -1.107806e+04
3.060000e+01 1.702398e+03 -9.820185e+03
3.061000e+01 -8.577815e+02 -3.118244e+03
3.062000e+01 3.574069e+03 2.361124e+03
3.063000e+01 1.043580e+04 1.169250e+03
3.064000e+01 1.270651e+04 -5.466465e+03
3.065000e+01 7.941942e+03 -1.081690e+04
3.066000e+01 7.778439e+02 -9.422418e+03
3.067000e+01 -1.749395e+03 -2.561713e+03
3.068000e+01 2.777916e+03 3.027752e+03
3.069000e+01 9.723054e+03 1.866400e+03
3.070000e+01 1.201276e+04 -4.736179e+03
3.071000e+01 7.278766e+03 -1.000225e+04
3.072000e+01 2.052860e+02 -8.505687e+03
3.073000e+01 -2.162747e+03 -1.601025e+03
3.074000e+01 2.521903e+03 3.901619e+03
3.075000e+01 9.481833e+03 2.591822e+03
3.076000e+01 1.166189e+04 -4.073557e+03
3.077000e+01 6.811828e+03 -9.250288e+03
3.078000e+01 -2.442614e+02 -7.573824e+03
3.079000e+01 -2.421154e+03 -5.769788e+02
3.080000e+01 2.405563e+03 4.800567e+03
3.081000e+01 9.250500e+03 3.295666e+03
3.082000e+01 1.103958e+04 -3.324604e+03
3.083000e+01 5.816894e+03 -7.942162e+03
3.084000e+01 -1.070089e+03 -5.255154e+03
3.085000e+01 -2.222941e+03 2.649925e+03
3.086000e+01 4.327203e+03 8.175173e+03
3.087000e+01 1.293748e+04 5.619908e+03
3.088000e+01 1.566536e+04 -3.102502e+03
3.089000e+01 1.001585e+04 -1.012688e+04
3.090000e+01 1.412986e+03 -9.268623e+03
3.091000e+01 -2.133175e+03 -1.953127e+03
3.092000e+01 2.212463e+03 4.315312e+03
3.093000e+01 9.471870e+03 3.379650e+03
3.094000e+01 1.193818e+04 -3.492112e+03
3.095000e+01 6.951913e+03 -9.073657e+03
3.096000e+01 -5.485482e+02 -7.538486e+03
3.097000e+01 -3.081983e+03 -3.171603e+02
3.098000e+01 1.794422e+03 5.343505e+03
3.099000e+01 8.918907e+03 3.776083e+03
3.100000e+01 1.081720e+04 -3.319994e+03
3.101000e+01 5.273728e+03 -8.572654e+03
3.102000e+01 -2.350911e+03 -6.391405e+03
3.103000e+01 -4.490657e+03 1.253318e+03
3.104000e+01 7.825167e+02 6.707536e+03
3.105000e+01 7.608134e+03 4.497879e+03
3.106000e+01 8.117131e+03 -2.826355e+03
3.107000e+01 5.728082e+02 -6.780029e+03
3.108000e+01 -8.208473e+03 -1.269474e+03
3.109000e+01 -9.027393e+03 1.091715e+04
3.110000e+01 8.440124e+02 2.014095e+04
3.111000e+01 1.468633e+04 1.859932e+04
3.112000e+01 2.217047e+04 7.532947e+03
3.113000e+01 1.869398e+04 -3.879828e+03
3.114000e+01 9.229227e+03 -7.088403e+03
3.115000e+01 3.168709e+03 -1.730248e+03
3.116000e+01 5.400220e+03 4.778133e+03
3.117000e+01 1.213070e+04 4.890788e+03
3.118000e+01 1.526378e+04 -1.658751e+03
3.119000e+01 1.081524e+04 -8.090604e+03
3.120000e+01 2.771704e+03 -7.735625e+03
3.121000e+01 -1.118431e+03 -8.400459e+02
3.122000e+01 2.732905e+03 5.701166e+03
3.123000e+01 1.007331e+04 5.397013e+03
3.124000e+01 1.319514e+04 -1.280610e+03
3.125000e+01 8.690178e+03 -7.419168e+03
3.126000e+01 8.712628e+02 -6.624837e+03
3.127000e+01 -2.558436e+03 5.050258e+02
3.128000e+01 1.675315e+03 6.984665e+03
3.129000e+01 9.144509e+03 6.505808e+03
3.130000e+01 1.215248e+04 -2.298641e+02
3.131000e+01 7.442487e+03 -6.150345e+03
3.132000e+01 -4.326030e+02 -4.869885e+03
3.133000e+01 -3.637839e+03 2.884845e+03
3.134000e+01 1.195504e+03 9.981077e+03
3.135000e+01 9.662255e+03 9.878186e+03
3.136000e+01 1.390991e+04 3.009348e+03
3.137000e+01 1.039852e+04 -3.707609e+03
3.138000e+01 3.219214e+03 -3.853139e+03
3.139000e+01 -1.688224e+02 2.256194e+03
3.140000e+01 3.598937e+03 8.100137e+03
3.141000e+01 1.053698e+04 7.625177e+03
3.142000e+01 1.350716e+04 1.391876e+03
3.143000e+01 9.553889e+03 -4.159527e+03
3.144000e+01 2.850908e+03 -3.329243e+03
3.145000e+01 4.284994e+02 3.014305e+03
3.146000e+01 4.960775e+03 8.261586e+03
3.147000e+01 1.195389e+04 6.830727e+03
3.148000e+01 1.429310e+04 -1.172620e+02
3.149000e+01 9.433772e+03 -5.769523e+03
3.150000e+01 2.064448e+03 -4.463076e+03
3.151000e+01 -5.137161e+02 2.524975e+03
3.152000e+01 4.238388e+03 8.210790e+03
3.153000e+01 1.153787e+04 6.883766e+03
3.154000e+01 1.402238e+04 -1.733993e+02
3.155000e+01 9.099959e+03 -5.901618e+03
3.156000e+01 1.638477e+03 -4.541697e+03
3.157000e+01 -9.503490e+02 2.571924e+03
3.158000e+01 3.894734e+03 8.345663e+03
3.159000e+01 1.130595e+04 6.993980e+03
3.160000e+01 1.380481e+04 -1.543997e+02
3.161000e+01 8.843607e+03 -5.944539e+03
3.162000e+01 1.325334e+03 -4.610444e+03
3.163000e+01 -1.308794e+03 2.482147e+03
3.164000e+01 3.472601e+03 8.188946e+03
3.165000e+01 1.069779e+04 6.751913e+03
3.166000e+01 1.289614e+04 -3.456055e+02
3.167000e+01 7.624660e+03 -5.875290e+03
3.168000e+01 -5.254172e+01 -4.077449e+03
3.169000e+01 -2.555172e+03 3.545183e+03
3.170000e+01 2.606569e+03 9.633997e+03
3.171000e+01 1.031391e+04 8.351305e+03
3.172000e+01 1.295668e+04 1.181926e+03
3.173000e+01 7.999687e+03 -4.551131e+03
3.174000e+01 5.259757e+02 -2.970752e+03
3.175000e+01 -1.840420e+03 4.405173e+03
3.176000e+01 3.381149e+03 1.022991e+04
3.177000e+01 1.106370e+04 8.674484e+03
3.178000e+01 1.357262e+04 1.260891e+03
3.179000e+01 8.389743e+03 -4.601569e+03
3.180000e+01 7.029725e+02 -3.050499e+03
3.181000e+01 -1.841370e+03 4.371634e+03
3.182000e+01 3.249922e+03 1.027979e+04
3.183000e+01 1.082193e+04 8.815349e+03
3.184000e+01 1.320726e+04 1.545909e+03
3.185000e+01 7.974439e+03 -4.090831e+03
3.186000e+01 3.492009e+02 -2.273884e+03
3.187000e+01 -1.992526e+03 5.383325e+03
3.188000e+01 3.415710e+03 1.139457e+04
3.189000e+01 1.129428e+04 9.875260e+03
3.190000e+01 1.392532e+04 2.457704e+03
3.191000e+01 8.856760e+03 -3.379854e+03
3.192000e+01 1.332166e+03 -1.775543e+03
3.193000e+01 -9.267641e+02 5.651504e+03
3.194000e+01 4.485268e+03 1.137596e+04
3.195000e+01 1.225204e+04 9.571597e+03
3.196000e+01 1.465878e+04 1.929326e+03
3.197000e+01 9.297427e+03 -4.006665e+03
3.198000e+01 1.520145e+03 -2.344127e+03
3.199000e+01 -8.997210e+02 5.183596e+03
3.200000e+01 4.424932e+03 1.100495e+04
3.201000e+01 1.213439e+04 9.261240e+03
3.202000e+01 1.445756e+04 1.664490e+03
3.203000e+01 8.999941e+03 -4.166195e+03
3.204000e+01 1.189254e+03 -2.374148e+03
3.205000e+01 -1.199135e+03 5.277608e+03
3.206000e+01 4.206040e+03 1.116841e+04
3.207000e+01 1.197869e+04 9.409306e+03
3.208000e+01 1.429227e+04 1.787997e+03
3.209000e+01 8.804896e+03 -4.029291e+03
3.210000e+01 9.744118e+02 -2.182612e+03
3.211000e+01 -1.385781e+03 5.536241e+03
3.212000e+01 4.095492e+03 1.143417e+04
3.213000e+01 1.189919e+04 9.631690e+03
3.214000e+01 1.419307e+04 1.968324e+03
3.215000e+01 8.645087e+03 -3.856528e+03
3.216000e+01 7.560639e+02 -1.959324e+03
3.217000e+01 -1.594077e+03 5.835999e+03
3.218000e+01 3.906253e+03 1.177937e+04
3.219000e+01 1.172709e+04 1.001177e+04
3.220000e+01 1.403143e+04 2.387880e+03
3.221000e+01 8.502882e+03 -3.367844e+03
3.222000e+01 7.052447e+02 -1.384244e+03
3.223000e+01 -1.511699e+03 6.410842e+03
3.224000e+01 4.099840e+03 1.226975e+04
3.225000e+01 1.194629e+04 1.036707e+04
3.226000e+01 1.415718e+04 2.643144e+03
3.227000e+01 8.504271e+03 -3.078574e+03
3.228000e+01 6.669328e+02 -9.781320e+02
3.229000e+01 -1.473460e+03 6.940461e+03
3.230000e+01 4.300789e+03 1.283594e+04
3.231000e+01 1.228765e+04 1.083122e+04
3.232000e+01 1.453903e+04 2.968097e+03
3.233000e+01 8.856671e+03 -2.866584e+03
3.234000e+01 9.620284e+02 -8.214269e+02
3.235000e+01 -1.207446e+03 7.079461e+03
3.236000e+01 4.576392e+03 1.291467e+04
3.237000e+01 1.252134e+04 1.083014e+04
3.238000e+01 1.468232e+04 2.904365e+03
3.239000e+01 8.877898e+03 -2.938274e+03
3.240000e+01 8.869424e+02 -8.275520e+02
3.241000e+01 -1.290555e+03 7.149178e+03
3.242000e+01 4.497603e+03 1.301300e+04
3.243000e+01 1.243534e+04 1.091967e+04
3.244000e+01 1.454677e+04 2.978860e+03
3.245000e+01 8.658356e+03 -2.826193e+03
3.246000e+01 6.311139e+02 -6.260207e+02
3.247000e+01 -1.541638e+03 7.417389e+03
3.248000e+01 4.265844e+03 1.331675e+04
3.249000e+01 1.220061e+04 1.123311e+04
3.250000e+01 1.425297e+04 3.320963e+03
3.251000e+01 8.328330e+03 -2.383978e+03
3.252000e+01 3.319976e+02 -7.784320e+01
3.253000e+01 -1.767313e+03 8.029993e+03
3.254000e+01 4.097753e+03 1.393366e+04
3.255000e+01 1.199911e+04 1.182729e+04
3.256000e+01 1.396768e+04 4.021669e+03
3.257000e+01 8.050198e+03 -1.444932e+03
3.258000e+01 2.613489e+02 1.131355e+03
3.259000e+01 -1.418333e+03 9.361017e+03
3.260000e+01 4.919350e+03 1.506662e+04
3.261000e+01 1.308708e+04 1.251782e+04
3.262000e+01 1.500925e+04 4.197612e+03
3.263000e+01 8.766059e+03 -1.634584e+03
3.264000e+01 5.568247e+02 8.607647e+02
3.265000e+01 -1.439257e+03 9.222304e+03
3.266000e+01 4.718373e+03 1.515102e+04
3.267000e+01 1.284028e+04 1.282445e+04
3.268000e+01 1.479510e+04 4.683858e+03
3.269000e+01 8.629122e+03 -9.919171e+02
3.270000e+01 5.739020e+02 1.586221e+03
3.271000e+01 -1.286582e+03 9.892428e+03
3.272000e+01 4.867386e+03 1.567671e+04
3.273000e+01 1.276796e+04 1.327426e+04
3.274000e+01 1.434847e+04 5.361424e+03
3.275000e+01 8.022659e+03 3.402094e+02
3.276000e+01 3.649621e+02 3.767394e+03
3.277000e+01 -4.219431e+02 1.264585e+04
3.278000e+01 7.199284e+03 1.821482e+04
3.279000e+01 1.629796e+04 1.461317e+04
3.280000e+01 1.820135e+04 4.905581e+03
3.281000e+01 1.107673e+04 -1.834465e+03
3.282000e+01 1.789618e+03 6.542590e+02
3.283000e+01 -7.562301e+02 9.689962e+03
3.284000e+01 5.640000e+03 1.626371e+04
3.285000e+01 1.436076e+04 1.399190e+04
3.286000e+01 1.663637e+04 5.345838e+03
3.287000e+01 1.021206e+04 -9.003125e+02
3.288000e+01 1.542450e+03 1.590858e+03
3.289000e+01 -6.851480e+02 1.035840e+04
3.290000e+01 5.711960e+03 1.668680e+04
3.291000e+01 1.429691e+04 1.434437e+04
3.292000e+01 1.645981e+04 5.786702e+03
3.293000e+01 1.001430e+04 -2.727111e+02
3.294000e+01 1.459819e+03 2.372052e+03
3.295000e+01 -6.084176e+02 1.120435e+04
3.296000e+01 5.935178e+03 1.752441e+04
3.297000e+01 1.461598e+04 1.512684e+04
3.298000e+01 1.679191e+04 6.531858e+03
3.299000e+01 1.037375e+04 4.964414e+02
3.300000e+01 1.881467e+03 3.202876e+03
3.301000e+01 -5.342423e+01 1.210750e+04
3.302000e+01 6.713316e+03 1.843992e+04
3.303000e+01 1.564065e+04 1.593809e+04
3.304000e+01 1.805855e+04 7.133449e+03
3.305000e+01 1.180346e+04 7.494460e+02
3.306000e+01 3.310123e+03 3.011735e+03
3.307000e+01 1.173987e+03 1.146455e+04
3.308000e+01 7.496840e+03 1.743998e+04
3.309000e+01 1.581490e+04 1.485291e+04
3.310000e+01 1.764831e+04 6.289366e+03
3.311000e+01 1.102201e+04 4.124937e+02
3.312000e+01 2.510508e+03 3.291469e+03
3.313000e+01 6.703255e+02 1.218765e+04
3.314000e+01 7.405083e+03 1.832195e+04
3.315000e+01 1.605587e+04 1.563365e+04
3.316000e+01 1.801339e+04 6.853711e+03
3.317000e+01 1.132567e+04 8.476466e+02
3.318000e+01 2.730846e+03 3.707417e+03
3.319000e+01 8.572404e+02 1.266006e+04
3.320000e+01 7.628366e+03 1.884071e+04
3.321000e+01 1.631432e+04 1.612763e+04
3.322000e+01 1.822282e+04 7.319705e+03
3.323000e+01 1.146658e+04 1.349784e+03
3.324000e+01 2.824020e+03 4.319671e+03
3.325000e+01 9.832730e+02 1.341743e+04
3.326000e+01 7.870734e+03 1.968221e+04
3.327000e+01 1.664742e+04 1.697884e+04
3.328000e+01 1.860016e+04 8.176812e+03
3.329000e+01 1.185140e+04 2.253053e+03
3.330000e+01 3.242969e+03 5.339956e+03
3.331000e+01 1.556273e+03 1.457564e+04
3.332000e+01 8.660879e+03 2.089849e+04
3.333000e+01 1.767137e+04 1.816827e+04
3.334000e+01 1.982983e+04 9.257620e+03
3.335000e+01 1.323357e+04 3.183145e+03
3.336000e+01 4.759939e+03 6.108647e+03
3.337000e+01 3.148097e+03 1.509692e+04
3.338000e+01 1.019834e+04 2.114468e+04
3.339000e+01 1.899626e+04 1.820946e+04
3.340000e+01 2.083395e+04 9.296246e+03
3.341000e+01 1.400828e+04 3.509551e+03
3.342000e+01 5.619607e+03 6.837321e+03
3.343000e+01 4.421332e+03 1.609834e+04
3.344000e+01 1.203685e+04 2.206692e+04
3.345000e+01 2.122823e+04 1.867443e+04
3.346000e+01 2.307288e+04 9.219400e+03
3.347000e+01 1.599054e+04 3.114311e+03
3.348000e+01 7.383359e+03 6.462851e+03
3.349000e+01 6.321643e+03 1.587556e+04
3.350000e+01 1.444734e+04 2.166052e+04
3.351000e+01 2.407433e+04 1.747015e+04
3.352000e+01 2.573453e+04 6.732013e+03
3.353000e+01 1.748351e+04 -5.694995e+02
3.354000e+01 6.909054e+03 2.440553e+03
3.355000e+01 3.851184e+03 1.282784e+04
3.356000e+01 1.080403e+04 2.071909e+04
3.357000e+01 2.071206e+04 1.902345e+04
3.358000e+01 2.405717e+04 1.015859e+04
3.359000e+01 1.819097e+04 3.401786e+03
3.360000e+01 9.770119e+03 5.544395e+03
3.361000e+01 7.844902e+03 1.412932e+04
3.362000e+01 1.469856e+04 2.015668e+04
3.363000e+01 2.363540e+04 1.722823e+04
3.364000e+01 2.575884e+04 8.017513e+03
3.365000e+01 1.901586e+04 1.621052e+03
3.366000e+01 1.029916e+04 4.321822e+03
3.367000e+01 8.495048e+03 1.327563e+04
3.368000e+01 1.557875e+04 1.934518e+04
3.369000e+01 2.458791e+04 1.622664e+04
3.370000e+01 2.658767e+04 6.866748e+03
3.371000e+01 1.968866e+04 4.585951e+02
3.372000e+01 1.091675e+04 3.226932e+03
3.373000e+01 9.191744e+03 1.217815e+04
3.374000e+01 1.637390e+04 1.802458e+04
3.375000e+01 2.527364e+04 1.454284e+04
3.376000e+01 2.689292e+04 4.838997e+03
3.377000e+01 1.938192e+04 -1.711089e+03
3.378000e+01 9.929578e+03 1.243948e+03
3.379000e+01 7.663079e+03 1.067472e+04
3.380000e+01 1.450600e+04 1.719836e+04
3.381000e+01 2.335995e+04 1.448717e+04
3.382000e+01 2.523735e+04 5.515588e+03
3.383000e+01 1.824766e+04 -4.466540e+02
3.384000e+01 9.532801e+03 2.820602e+03
3.385000e+01 8.022116e+03 1.218122e+04
3.386000e+01 1.544592e+04 1.832028e+04
3.387000e+01 2.457345e+04 1.506398e+04
3.388000e+01 2.638470e+04 5.601840e+03
3.389000e+01 1.917458e+04 -6.223449e+02
3.390000e+01 1.025930e+04 2.576546e+03
3.391000e+01 8.657532e+03 1.196374e+04
3.392000e+01 1.608617e+04 1.809844e+04
3.393000e+01 2.519081e+04 1.474113e+04
3.394000e+01 2.690193e+04 5.209585e+03
3.395000e+01 1.955554e+04 -1.004889e+03
3.396000e+01 1.054320e+04 2.299836e+03
3.397000e+01 8.960530e+03 1.182442e+04
3.398000e+01 1.649337e+04 1.800040e+04
3.399000e+01 2.566875e+04 1.461843e+04
3.400000e+01 2.738560e+04 5.031545e+03
3.401000e+01 1.998636e+04 -1.192179e+03
3.402000e+01 1.094920e+04 2.196034e+03
3.403000e+01 9.444412e+03 1.180430e+04
3.404000e+01 1.709310e+04 1.799848e+04
3.405000e+01 2.637655e+04 1.455334e+04
3.406000e+01 2.812924e+04 4.860095e+03
3.407000e+01 2.068799e+04 -1.410010e+03
3.408000e+01 1.164364e+04 1.993253e+03
3.409000e+01 1.018356e+04 1.161996e+04
3.410000e+01 1.792502e+04 1.779026e+04
3.411000e+01 2.729086e+04 1.424546e+04
3.412000e+01 2.902362e+04 4.425395e+03
3.413000e+01 2.153783e+04 -1.913955e+03
3.414000e+01 0.000000e+00 0.000000e+00
3.415000e+01 0.000000e+00 0.000000e+00
3.416000e+01 0.000000e+00 0.000000e+00
3.417000e+01 0.000000e+00 0.000000e+00
3.418000e+01 0.000000e+00 0.000000e+00
3.419000e+01 0.000000e+00 0.000000e+00
3.420000e+01 0.000000e+00 0.000000e+00
3.421000e+01 0.000000e+00 0.000000e+00
3.422000e+01 0.000000e+00 0.000000e+00
3.423000e+01 0.000000e+00 0.000000e+00
3.424000e+01 0.000000e+00 0.000000e+00
3.425000e+01 0.000000e+00 0.000000e+00
3.426000e+01 0.000000e+00 0.000000e+00
3.427000e+01 0.000000e+00 0.000000e+00
3.428000e+01 0.000000e+00 0.000000e+00
3.429000e+01 0.000000e+00 0.000000e+00
3.430000e+01 0.000000e+00 0.000000e+00
3.431000e+01 0.000000e+00 0.000000e+00
3.432000e+01 0.000000e+00 0.000000e+00
3.433000e+01 0.000000e+00 0.000000e+00
3.434000e+01 0.000000e+00 0.000000e+00
3.435000e+01 0.000000e+00 0.000000e+00
3.436000e+01 0.000000e+00 0.000000e+00
3.437000e+01 0.000000e+00 0.000000e+00
3.438000e+01 0.000000e+00 0.000000e+00
3.439000e+01 0.000000e+00 0.000000e+00
3.440000e+01 0.000000e+00 0.000000e+00
3.441000e+01 0.000000e+00 0.000000e+00
3.442000e+01 0.000000e+00 0.000000e+00
3.443000e+01 0.000000e+00 0.000000e+00
3.444000e+01 0.000000e+00 0.000000e+00
3.445000e+01 0.000000e+00 0.000000e+00
3.446000e+01 0.000000e+00 0.000000e+00
3.447000e+01 0.000000e+00 0.000000e+00
3.448000e+01 0.000000e+00 0.000000e+00
3.449000e+01 0.000000e+00 0.000000e+00
3.450000e+01 0.000000e+00 0.000000e+00
3.451000e+01 0.000000e+00 0.000000e+00
3.452000e+01 0.000000e+00 0.000000e+00
3.453000e+01 0.000000e+00 0.000000e+00
3.454000e+01 0.000000e+00 0.000000e+00
3.455000e+01 0.000000e+00 0.000000e+00
3.456000e+01 0.000000e+00 0.000000e+00
3.457000e+01 0.000000e+00 0.000000e+00
3.458000e+01 0.000000e+00 0.000000e+00
3.459000e+01 0.000000e+00 0.000000e+00
3.460000e+01 0.000000e+00 0.000000e+00
3.461000e+01 0.000000e+00 0.000000e+00
3.462000e+01 0.000000e+00 0.000000e+00
3.463000e+01 0.000000e+00 0.000000e+00
3.464000e+01 0.000000e+00 0.000000e+00
3.465000e+01 0.000000e+00 0.000000e+00
3.466000e+01 0.000000e+00 0.000000e+00
3.467000e+01 0.000000e+00 0.000000e+00
3.468000e+01 0.000000e+00 0.000000e+00
3.469000e+01 0.000000e+00 0.000000e+00
3.470000e+01 0.000000e+00 0.000000e+00
3.471000e+01 0.000000e+00 0.000000e+00
3.472000e+01 0.000000e+00 0.000000e+00
3.473000e+01 0.000000e+00 0.000000e+00
3.474000e+01 0.000000e+00 0.000000e+00
3.475000e+01 0.000000e+00 0.000000e+00
3.476000e+01 0.000000e+00 0.000000e+00
3.477000e+01 0.000000e+00 0.000000e+00
3.478000e+01 0.000000e+00 0.000000e+00
3.479000e+01 0.000000e+00 0.000000e+00
3.480000e+01 0.000000e+00 0.000000e+00
3.481000e+01 0.000000e+00 0.000000e+00
3.482000e+01 0.000000e+00 0.000000e+00
3.483000e+01 0.000000e+00 0.000000e+00
3.484000e+01 0.000000e+00 0.000000e+00
3.485000e+01 0.000000e+00 0.000000e+00
3.486000e+01 0.000000e+00 0.000000e+00
3.487000e+01 0.000000e+00 0.000000e+00
3.488000e+01 0.000000e+00 0.000000e+00
3.489000e+01 0.000000e+00 0.000000e+00
3.490000e+01 0.000000e+00 0.000000e+00
3.491000e+01 0.000000e+00 0.000000e+00
3.492000e+01 0.000000e+00 0.000000e+00
3.493000e+01 0.000000e+00 0.000000e+00
3.494000e+01 0.000000e+00 0.000000e+00
3.495000e+01 0.000000e+00 0.000000e+00
3.496000e+01 0.000000e+00 0.000000e+00
3.497000e+01 0.000000e+00 0.000000e+00
3.498000e+01 0.000000e+00 0.000000e+00
3.499000e+01 0.000000e+00 0.000000e+00
3.500000e+01 0.000000e+00 0.000000e+00
3.501000e+01 0.000000e+00 0.000000e+00
3.502000e+01 0.000000e+00 0.000000e+00
3.503000e+01 0.000000e+00 0.000000e+00
3.504000e+01 0.000000e+00 0.000000e+00
3.505000e+01 0.000000e+00 0.000000e+00
3.506000e+01 0.000000e+00 0.000000e+00
3.507000e+01 0.000000e+00 0.000000e+00
3.508000e+01 0.000000e+00 0.000000e+00
3.509000e+01 0.000000e+00 0.000000e+00
3.510000e+01 0.000000e+00 0.000000e+00
3.511000e+01 0.000000e+00 0.000000e+00
3.512000e+01 0.000000e+00 0.000000e+00
3.513000e+01 0.000000e+00 0.000000e+00
3.514000e+01 0.000000e+00 0.000000e+00
3.515000e+01 0.000000e+00 0.000000e+00
3.516000e+01 0.000000e+00 0.000000e+00
3.517000e+01 0.000000e+00 0.000000e+00
3.518000e+01 0.000000e+00 0.000000e+00
3.519000e+01 0.000000e+00 0.000000e+00
3.520000e+01 0.000000e+00 0.000000e+00
3.521000e+01 0.000000e+00 0.000000e+00
3.522000e+01 0.000000e+00 0.000000e+00
3.523000e+01 0.000000e+00 0.000000e+00
3.524000e+01 0.000000e+00 0.000000e+00
3.525000e+01 0.000000e+00 0.000000e+00
3.526000e+01 0.000000e+00 0.000000e+00
3.527000e+01 0.000000e+00 0.000000e+00
3.528000e+01 0.000000e+00 0.000000e+00
3.529000e+01 0.000000e+00 0.000000e+00
3.530000e+01 0.000000e+00 0.000000e+00
3.531000e+01 0.000000e+00 0.000000e+00
3.532000e+01 0.000000e+00 0.000000e+00
3.533000e+01 0.000000e+00 0.000000e+00
3.534000e+01 0.000000e+00 0.000000e+00
3.535000e+01 0.000000e+00 0.000000e+00
3.536000e+01 0.000000e+00 0.000000e+00
3.537000e+01 0.000000e+00 0.000000e+00
3.538000e+01 0.000000e+00 0.000000e+00
3.539000e+01 0.000000e+00 0.000000e+00
3.540000e+01 0.000000e+00 0.000000e+00
3.541000e+01 0.000000e+00 0.000000e+00
3.542000e+01 0.000000e+00 0.000000e+00
3.543000e+01 0.000000e+00 0.000000e+00
3.544000e+01 0.000000e+00 0.000000e+00
3.545000e+01 0.000000e+00 0.000000e+00
3.546000e+01 0.000000e+00 0.000000e+00
3.547000e+01 0.000000e+00 0.000000e+00
3.548000e+01 0.000000e+00 0.000000e+00
3.549000e+01 0.000000e+00 0.000000e+00
3.550000e+01 0.000000e+00 0.000000e+00
3.551000e+01 0.000000e+00 0.000000e+00
3.552000e+01 0.000000e+00 0.000000e+00
3.553000e+01 0.000000e+00 0.000000e+00
3.554000e+01 0.000000e+00 0.000000e+00
3.555000e+01 0.000000e+00 0.000000e+00
3.556000e+01 0.000000e+00 0.000000e+00
3.557000e+01 0.000000e+00 0.000000e+00
3.558000e+01 0.000000e+00 0.000000e+00
3.559000e+01 0.000000e+00 0.000000e+00
3.560000e+01 0.000000e+00 0.000000e+00
3.561000e+01 0.000000e+00 0.000000e+00
3.562000e+01 0.000000e+00 0.000000e+00
3.563000e+01 0.000000e+00 0.000000e+00
3.564000e+01 0.000000e+00 0.000000e+00
3.565000e+01 0.000000e+00 0.000000e+00
3.566000e+01 0.000000e+00 0.000000e+00
3.567000e+01 0.000000e+00 0.000000e+00
3.568000e+01 0.000000e+00 0.000000e+00
3.569000e+01 0.000000e+00 0.000000e+00
3.570000e+01 0.000000e+00 0.000000e+00
3.571000e+01 0.000000e+00 0.000000e+00
3.572000e+01 0.000000e+00 0.000000e+00
3.573000e+01 0.000000e+00 0.000000e+00
3.574000e+01 0.000000e+00 0.000000e+00
3.575000e+01 0.000000e+00 0.000000e+00
3.576000e+01 0.000000e+00 0.000000e+00
3.577000e+01 0.000000e+00 0.000000e+00
3.578000e+01 0.000000e+00 0.000000e+00
3.579000e+01 0.000000e+00 0.000000e+00
3.580000e+01 0.000000e+00 0.000000e+00
3.581000e+01 0.000000e+00 0.000000e+00
3.582000e+01 0.000000e+00 0.000000e+00
3.583000e+01 0.000000e+00 0.000000e+00
3.584000e+01 0.000000e+00 0.000000e+00
3.585000e+01 0.000000e+00 0.000000e+00
3.586000e+01 0.000000e+00 0.000000e+00
3.587000e+01 0.000000e+00 0.000000e+00
3.588000e+01 0.000000e+00 0.000000e+00
3.589000e+01 0.000000e+00 0.000000e+00
3.590000e+01 0.000000e+00 0.000000e+00
3.591000e+01 0.000000e+00 0.000000e+00
3.592000e+01 0.000000e+00 0.000000e+00
3.593000e+01 0.000000e+00 0.000000e+00
3.594000e+01 0.000000e+00 0.000000e+00
3.595000e+01 0.000000e+00 0.000000e+00
3.596000e+01 0.000000e+00 0.000000e+00
3.597000e+01 0.000000e+00 0.000000e+00
3.598000e+01 0.000000e+00 0.000000e+00
3.599000e+01 0.000000e+00 0.000000e+00
3.600000e+01 0.000000e+00 0.000000e+00
3.601000e+01 0.000000e+00 0.000000e+00
3.602000e+01 0.000000e+00 0.000000e+00
3.603000e+01 0.000000e+00 0.000000e+00
3.604000e+01 0.000000e+00 0.000000e+00
3.605000e+01 0.000000e+00 0.000000e+00
3.606000e+01 0.000000e+00 0.000000e+00
3.607000e+01 0.000000e+00 0.000000e+00
3.608000e+01 0.000000e+00 0.000000e+00
3.609000e+01 0.000000e+00 0.000000e+00
3.610000e+01 0.000000e+00 0.000000e+00
3.611000e+01 0.000000e+00 0.000000e+00
3.612000e+01 0.000000e+00 0.000000e+00
3.613000e+01 0.000000e+00 0.000000e+00
3.614000e+01 0.000000e+00 0.000000e+00
3.615000e+01 0.000000e+00 0.000000e+00
3.616000e+01 0.000000e+00 0.000000e+00
3.617000e+01 0.000000e+00 0.000000e+00
3.618000e+01 0.000000e+00 0.000000e+00
3.619000e+01 0.000000e+00 0.000000e+00
3.620000e+01 0.000000e+00 0.000000e+00
3.621000e+01 0.000000e+00 0.000000e+00
3.622000e+01 0.000000e+00 0.000000e+00
3.623000e+01 0.000000e+00 0.000000e+00
3.624000e+01 0.000000e+00 0.000000e+00
3.625000e+01 0.000000e+00 0.000000e+00
3.626000e+01 0.000000e+00 0.000000e+00
3.627000e+01 0.000000e+00 0.000000e+00
3.628000e+01 0.000000e+00 0.000000e+00
3.629000e+01 0.000000e+00 0.000000e+00
3.630000e+01 0.000000e+00 0.000000e+00
3.631000e+01 0.000000e+00 0.000000e+00
3.632000e+01 0.000000e+00 0.000000e+00
3.633000e+01 0.000000e+00 0.000000e+00
3.634000e+01 0.000000e+00 0.000000e+00
3.635000e+01 0.000000e+00 0.000000e+00
3.636000e+01 0.000000e+00 0.000000e+00
3.637000e+01 0.000000e+00 0.000000e+00
3.638000e+01 0.000000e+00 0.000000e+00
3.639000e+01 0.000000e+00 0.000000e+00
3.640000e+01 0.000000e+00 0.000000e+00
3.641000e+01 0.000000e+00 0.000000e+00
3.642000e+01 0.000000e+00 0.000000e+00
3.643000e+01 0.000000e+00 0.000000e+00
3.644000e+01 0.000000e+00 0.000000e+00
3.645000e+01 0.000000e+00 0.000000e+00
3.646000e+01 0.000000e+00 0.000000e+00
3.647000e+01 0.000000e+00 0.000000e+00
3.648000e+01 0.000000e+00 0.000000e+00
3.649000e+01 0.000000e+00 0.000000e+00
3.650000e+01 0.000000e+00 0.000000e+00
3.651000e+01 0.000000e+00 0.000000e+00
3.652000e+01 0.000000e+00 0.000000e+00
3.653000e+01 0.000000e+00 0.000000e+00
3.654000e+01 0.000000e+00 0.000000e+00
3.655000e+01 0.000000e+00 0.000000e+00
3.656000e+01 0.000000e+00 0.000000e+00
3.657000e+01 0.000000e+00 0.000000e+00
3.658000e+01 0.000000e+00 0.000000e+00
3.659000e+01 0.000000e+00 0.000000e+00
3.660000e+01 0.000000e+00 0.000000e+00
3.661000e+01 0.000000e+00 0.000000e+00
3.662000e+01 0.000000e+00 0.000000e+00
3.663000e+01 0.000000e+00 0.000000e+00
3.664000e+01 0.000000e+00 0.000000e+00
3.665000e+01 0.000000e+00 0.000000e+00
3.666000e+01 0.000000e+00 0.000000e+00
3.667000e+01 0.000000e+00 0.000000e+00
3.668000e+01 0.000000e+00 0.000000e+00
3.669000e+01 0.000000e+00 0.000000e+00
3.670000e+01 0.000000e+00 0.000000e+00
3.671000e+01 0.000000e+00 0.000000e+00
3.672000e+01 0.000000e+00 0.000000e+00
3.673000e+01 0.000000e+00 0.000000e+00
3.674000e+01 0.000000e+00 0.000000e+00
3.675000e+01 0.000000e+00 0.000000e+00
3.676000e+01 0.000000e+00 0.000000e+00
3.677000e+01 0.000000e+00 0.000000e+00
3.678000e+01 0.000000e+00 0.000000e+00
3.679000e+01 0.000000e+00 0.000000e+00
3.680000e+01 0.000000e+00 0.000000e+00
3.681000e+01 0.000000e+00 0.000000e+00
3.682000e+01 0.000000e+00 0.000000e+00
3.683000e+01 0.000000e+00 0.000000e+00
3.684000e+01 0.000000e+00 0.000000e+00
3.685000e+01 0.000000e+00 0.000000e+00
3.686000e+01 0.000000e+00 0.000000e+00
3.687000e+01 0.000000e+00 0.000000e+00
3.688000e+01 0.000000e+00 0.000000e+00
3.689000e+01 0.000000e+00 0.000000e+00
3.690000e+01 0.000000e+00 0.000000e+00
3.691000e+01 0.000000e+00 0.000000e+00
3.692000e+01 0.000000e+00 0.000000e+00
3.693000e+01 0.000000e+00 0.000000e+00
3.694000e+01 0.000000e+00 0.000000e+00
3.695000e+01 0.000000e+00 0.000000e+00
3.696000e+01 0.000000e+00 0.000000e+00
3.697000e+01 0.000000e+00 0.000000e+00
3.698000e+01 0.000000e+00 0.000000e+00
3.699000e+01 0.000000e+00 0.000000e+00
3.700000e+01 0.000000e+00 0.000000e+00
3.701000e+01 0.000000e+00 0.000000e+00
3.702000e+01 0.000000e+00 0.000000e+00
3.703000e+01 0.000000e+00 0.000000e+00
3.704000e+01 0.000000e+00 0.000000e+00
3.705000e+01 0.000000e+00 0.000000e+00
3.706000e+01 0.000000e+00 0.000000e+00
3.707000e+01 0.000000e+00 0.000000e+00
3.708000e+01 0.000000e+00 0.000000e+00
3.709000e+01 0.000000e+00 0.000000e+00
3.710000e+01 0.000000e+00 0.000000e+00
3.711000e+01 0.000000e+00 0.000000e+00
3.712000e+01 0.000000e+00 0.000000e+00
3.713000e+01 0.000000e+00 0.000000e+00
3.714000e+01 0.000000e+00 0.000000e+00
3.715000e+01 0.000000e+00 0.000000e+00
3.716000e+01 0.000000e+00 0.000000e+00
3.717000e+01 0.000000e+00 0.000000e+00
3.718000e+01 0.000000e+00 0.000000e+00
3.719000e+01 0.000000e+00 0.000000e+00
3.720000e+01 0.000000e+00 0.000000e+00
3.721000e+01 0.000000e+00 0.000000e+00
3.722000e+01 0.000000e+00 0.000000e+00
3.723000e+01 0.000000e+00 0.000000e+00
3.724000e+01 0.000000e+00 0.000000e+00
3.725000e+01 0.000000e+00 0.000000e+00
3.726000e+01 0.000000e+00 0.000000e+00
3.727000e+01 0.000000e+00 0.000000e+00
3.728000e+01 0.000000e+00 0.000000e+00
3.729000e+01 0.000000e+00 0.000000e+00
3.730000e+01 0.000000e+00 0.000000e+00
3.731000e+01 0.000000e+00 0.000000e+00
3.732000e+01 0.000000e+00 0.000000e+00
3.733000e+01 0.000000e+00 0.000000e+00
3.734000e+01 0.000000e+00 0.000000e+00
3.735000e+01 0.000000e+00 0.000000e+00
3.736000e+01 0.000000e+00 0.000000e+00
3.737000e+01 0.000000e+00 0.000000e+00
3.738000e+01 0.000000e+00 0.000000e+00
3.739000e+01 0.000000e+00 0.000000e+00
3.740000e+01 0.000000e+00 0.000000e+00
3.741000e+01 0.000000e+00 0.000000e+00
3.742000e+01 0.000000e+00 0.000000e+00
3.743000e+01 0.000000e+00 0.000000e+00
3.744000e+01 0.000000e+00 0.000000e+00
3.745000e+01 0.000000e+00 0.000000e+00
3.746000e+01 0.000000e+00 0.000000e+00
3.747000e+01 0.000000e+00 0.000000e+00
3.748000e+01 0.000000e+00 0.000000e+00
3.749000e+01 0.000000e+00 0.000000e+00
3.750000e+01 0.000000e+00 0.000000e+00
3.751000e+01 0.000000e+00 0.000000e+00
3.752000e+01 0.000000e+00 0.000000e+00
3.753000e+01 0.000000e+00 0.000000e+00
3.754000e+01 0.000000e+00 0.000000e+00
3.755000e+01 0.000000e+00 0.000000e+00
3.756000e+01 0.000000e+00 0.000000e+00
3.757000e+01 0.000000e+00 0.000000e+00
3.758000e+01 0.000000e+00 0.000000e+00
3.759000e+01 0.000000e+00 0.000000e+00
3.760000e+01 0.000000e+00 0.000000e+00
3.761000e+01 0.000000e+00 0.000000e+00
3.762000e+01 0.000000e+00 0.000000e+00
3.763000e+01 0.000000e+00 0.000000e+00
3.764000e+01 0.000000e+00 0.000000e+00
3.765000e+01 0.000000e+00 0.000000e+00
3.766000e+01 0.000000e+00 0.000000e+00
3.767000e+01 0.000000e+00 0.000000e+00
3.768000e+01 0.000000e+00 0.000000e+00
3.769000e+01 0.000000e+00 0.000000e+00
3.770000e+01 0.000000e+00 0.000000e+00
3.771000e+01 0.000000e+00 0.000000e+00
3.772000e+01 0.000000e+00 0.000000e+00
3.773000e+01 0.000000e+00 0.000000e+00
3.774000e+01 0.000000e+00 0.000000e+00
3.775000e+01 0.000000e+00 0.000000e+00
3.776000e+01 0.000000e+00 0.000000e+00
3.777000e+01 0.000000e+00 0.000000e+00
3.778000e+01 0.000000e+00 0.000000e+00
3.779000e+01 0.000000e+00 0.000000e+00
3.780000e+01 0.000000e+00 0.000000e+00
3.781000e+01 0.000000e+00 0.000000e+00
3.782000e+01 0.000000e+00 0.000000e+00
3.783000e+01 0.000000e+00 0.000000e+00
3.784000e+01 0.000000e+00 0.000000e+00
3.785000e+01 0.000000e+00 0.000000e+00
3.786000e+01 0.000000e+00 0.000000e+00
3.787000e+01 0.000000e+00 0.000000e+00
3.788000e+01 0.000000e+00 0.000000e+00
3.789000e+01 0.000000e+00 0.000000e+00
3.790000e+01 0.000000e+00 0.000000e+00
3.791000e+01 0.000000e+00 0.000000e+00
3.792000e+01 0.000000e+00 0.000000e+00
3.793000e+01 0.000000e+00 0.000000e+00
3.794000e+01 0.000000e+00 0.000000e+00
3.795000e+01 0.000000e+00 0.000000e+00
3.796000e+01 0.000000e+00 0.000000e+00
3.797000e+01 0.000000e+00 0.000000e+00
3.798000e+01 0.000000e+00 0.000000e+00
3.799000e+01 0.000000e+00 0.000000e+00
3.800000e+01 0.000000e+00 0.000000e+00
3.801000e+01 0.000000e+00 0.000000e+00
3.802000e+01 0.000000e+00 0.000000e+00
3.803000e+01 0.000000e+00 0.000000e+00
3.804000e+01 0.000000e+00 0.000000e+00
3.805000e+01 0.000000e+00 0.000000e+00
3.806000e+01 0.000000e+00 0.000000e+00
3.807000e+01 0.000000e+00 0.000000e+00
3.808000e+01 0.000000e+00 0.000000e+00
3.809000e+01 0.000000e+00 0.000000e+00
3.810000e+01 0.000000e+00 0.000000e+00
3.811000e+01 0.000000e+00 0.000000e+00
3.812000e+01 0.000000e+00 0.000000e+00
3.813000e+01 0.000000e+00 0.000000e+00
3.814000e+01 0.000000e+00 0.000000e+00
3.815000e+01 0.000000e+00 0.000000e+00
3.816000e+01 0.000000e+00 0.000000e+00
3.817000e+01 0.000000e+00 0.000000e+00
3.818000e+01 0.000000e+00 0.000000e+00
3.819000e+01 0.000000e+00 0.000000e+00
3.820000e+01 0.000000e+00 0.000000e+00
3.821000e+01 0.000000e+00 0.000000e+00
3.822000e+01 0.000000e+00 0.000000e+00
3.823000e+01 0.000000e+00 0.000000e+00
3.824000e+01 0.000000e+00 0.000000e+00
3.825000e+01 0.000000e+00 0.000000e+00
3.826000e+01 0.000000e+00 0.000000e+00
3.827000e+01 0.000000e+00 0.000000e+00
3.828000e+01 0.000000e+00 0.000000e+00
3.829000e+01 0.000000e+00 0.000000e+00
3.830000e+01 0.000000e+00 0.000000e+00
3.831000e+01 0.000000e+00 0.000000e+00
3.832000e+01 0.000000e+00 0.000000e+00
3.833000e+01 0.000000e+00 0.000000e+00
3.834000e+01 0.000000e+00 0.000000e+00
3.835000e+01 0.000000e+00 0.000000e+00
3.836000e+01 0.000000e+00 0.000000e+00
3.837000e+01 0.000000e+00 0.000000e+00
3.838000e+01 0.000000e+00 0.000000e+00
3.839000e+01 0.000000e+00 0.000000e+00
3.840000e+01 0.000000e+00 0.000000e+00
3.841000e+01 0.000000e+00 0.000000e+00
3.842000e+01 0.000000e+00 0.000000e+00
3.843000e+01 0.000000e+00 0.000000e+00
3.844000e+01 0.000000e+00 0.000000e+00
3.845000e+01 0.000000e+00 0.000000e+00
3.846000e+01 0.000000e+00 0.000000e+00
3.847000e+01 0.000000e+00 0.000000e+00
3.848000e+01 0.000000e+00 0.000000e+00
3.849000e+01 0.000000e+00 0.000000e+00
3.850000e+01 0.000000e+00 0.000000e+00
3.851000e+01 0.000000e+00 0.000000e+00
3.852000e+01 0.000000e+00 0.000000e+00
3.853000e+01 0.000000e+00 0.000000e+00
3.854000e+01 0.000000e+00 0.000000e+00
3.855000e+01 0.000000e+00 0.000000e+00
3.856000e+01 0.000000e+00 0.000000e+00
3.857000e+01 0.000000e+00 0.000000e+00
3.858000e+01 0.000000e+00 0.000000e+00
3.859000e+01 0.000000e+00 0.000000e+00
3.860000e+01 0.000000e+00 0.000000e+00
3.861000e+01 0.000000e+00 0.000000e+00
3.862000e+01 0.000000e+00 0.000000e+00
3.863000e+01 0.000000e+00 0.000000e+00
3.864000e+01 0.000000e+00 0.000000e+00
3.865000e+01 0.000000e+00 0.000000e+00
3.866000e+01 0.000000e+00 0.000000e+00
3.867000e+01 0.000000e+00 0.000000e+00
3.868000e+01 0.000000e+00 0.000000e+00
3.869000e+01 0.000000e+00 0.000000e+00
3.870000e+01 0.000000e+00 0.000000e+00
3.871000e+01 0.000000e+00 0.000000e+00
3.872000e+01 0.000000e+00 0.000000e+00
3.873000e+01 0.000000e+00 0.000000e+00
3.874000e+01 0.000000e+00 0.000000e+00
3.875000e+01 0.000000e+00 0.000000e+00
3.876000e+01 0.000000e+00 0.000000e+00
3.877000e+01 0.000000e+00 0.000000e+00
3.878000e+01 0.000000e+00 0.000000e+00
3.879000e+01 0.000000e+00 0.000000e+00
3.880000e+01 0.000000e+00 0.000000e+00
3.881000e+01 0.000000e+00 0.000000e+00
3.882000e+01 0.000000e+00 0.000000e+00
3.883000e+01 0.000000e+00 0.000000e+00
3.884000e+01 0.000000e+00 0.000000e+00
3.885000e+01 0.000000e+00 0.000000e+00
3.886000e+01 0.000000e+00 0.000000e+00
3.887000e+01 0.000000e+00 0.000000e+00
3.888000e+01 0.000000e+00 0.000000e+00
3.889000e+01 0.000000e+00 0.000000e+00
3.890000e+01 0.000000e+00 0.000000e+00
3.891000e+01 0.000000e+00 0.000000e+00
3.892000e+01 0.000000e+00 0.000000e+00
3.893000e+01 0.000000e+00 0.000000e+00
3.894000e+01 0.000000e+00 0.000000e+00
3.895000e+01 0.000000e+00 0.000000e+00
3.896000e+01 0.000000e+00 0.000000e+00
3.897000e+01 0.000000e+00 0.000000e+00
3.898000e+01 0.000000e+00 0.000000e+00
3.899000e+01 0.000000e+00 0.000000e+00
3.900000e+01 0.000000e+00 0.000000e+00
3.901000e+01 0.000000e+00 0.000000e+00
3.902000e+01 0.000000e+00 0.000000e+00
3.903000e+01 0.000000e+00 0.000000e+00
3.904000e+01 0.000000e+00 0.000000e+00
3.905000e+01 0.000000e+00 0.000000e+00
3.906000e+01 0.000000e+00 0.000000e+00
3.907000e+01 0.000000e+00 0.000000e+00
3.908000e+01 0.000000e+00 0.000000e+00
3.909000e+01 0.000000e+00 0.000000e+00
3.910000e+01 0.000000e+00 0.000000e+00
3.911000e+01 0.000000e+00 0.000000e+00
3.912000e+01 0.000000e+00 0.000000e+00
3.913000e+01 0.000000e+00 0.000000e+00
3.914000e+01 0.000000e+00 0.000000e+00
3.915000e+01 0.000000e+00 0.000000e+00
3.916000e+01 0.000000e+00 0.000000e+00
3.917000e+01 0.000000e+00 0.000000e+00
3.918000e+01 0.000000e+00 0.000000e+00
3.919000e+01 0.000000e+00 0.000000e+00
3.920000e+01 0.000000e+00 0.000000e+00
3.921000e+01 0.000000e+00 0.000000e+00
3.922000e+01 0.000000e+00 0.000000e+00
3.923000e+01 0.000000e+00 0.000000e+00
3.924000e+01 0.000000e+00 0.000000e+00
3.925000e+01 0.000000e+00 0.000000e+00
3.926000e+01 0.000000e+00 0.000000e+00
3.927000e+01 0.000000e+00 0.000000e+00
3.928000e+01 0.000000e+00 0.000000e+00
3.929000e+01 0.000000e+00 0.000000e+00
3.930000e+01 0.000000e+00 0.000000e+00
3.931000e+01 0.000000e+00 0.000000e+00
3.932000e+01 0.000000e+00 0.000000e+00
3.933000e+01 0.000000e+00 0.000000e+00
3.934000e+01 0.000000e+00 0.000000e+00
3.935000e+01 0.000000e+00 0.000000e+00
3.936000e+01 0.000000e+00 0.000000e+00
3.937000e+01 0.000000e+00 0.000000e+00
3.938000e+01 0.000000e+00 0.000000e+00
3.939000e+01 0.000000e+00 0.000000e+00
3.940000e+01 0.000000e+00 0.000000e+00
3.941000e+01 0.000000e+00 0.000000e+00
3.942000e+01 0.000000e+00 0.000000e+00
3.943000e+01 0.000000e+00 0.000000e+00
3.944000e+01 0.000000e+00 0.000000e+00
3.945000e+01 0.000000e+00 0.000000e+00
3.946000e+01 0.000000e+00 0.000000e+00
3.947000e+01 0.000000e+00 0.000000e+00
3.948000e+01 0.000000e+00 0.000000e+00
3.949000e+01 0.000000e+00 0.000000e+00
3.950000e+01 0.000000e+00 0.000000e+00
3.951000e+01 0.000000e+00 0.000000e+00
3.952000e+01 0.000000e+00 0.000000e+00
3.953000e+01 0.000000e+00 0.000000e+00
3.954000e+01 0.000000e+00 0.000000e+00
3.955000e+01 0.000000e+00 0.000000e+00
3.956000e+01 0.000000e+00 0.000000e+00
3.957000e+01 0.000000e+00 0.000000e+00
3.958000e+01 0.000000e+00 0.000000e+00
3.959000e+01 0.000000e+00 0.000000e+00
3.960000e+01 0.000000e+00 0.000000e+00
3.961000e+01 0.000000e+00 0.000000e+00
3.962000e+01 0.000000e+00 0.000000e+00
3.963000e+01 0.000000e+00 0.000000e+00
3.964000e+01 0.000000e+00 0.000000e+00
3.965000e+01 0.000000e+00 0.000000e+00
3.966000e+01 0.000000e+00 0.000000e+00
3.967000e+01 0.000000e+00 0.000000e+00
3.968000e+01 0.000000e+00 0.000000e+00
3.969000e+01 0.000000e+00 0.000000e+00
3.970000e+01 0.000000e+00 0.000000e+00
3.971000e+01 0.000000e+00 0.000000e+00
3.972000e+01 0.000000e+00 0.000000e+00
3.973000e+01 0.000000e+00 0.000000e+00
3.974000e+01 0.000000e+00 0.000000e+00
3.975000e+01 0.000000e+00 0.000000e+00
3.976000e+01 0.000000e+00 0.000000e+00
3.977000e+01 0.000000e+00 0.000000e+00
3.978000e+01 0.000000e+00 0.000000e+00
3.979000e+01 0.000000e+00 0.000000e+00
3.980000e+01 0.000000e+00 0.000000e+00
3.981000e+01 0.000000e+00 0.000000e+00
3.982000e+01 0.000000e+00 0.000000e+00
3.983000e+01 0.000000e+00 0.000000e+00
3.984000e+01 0.000000e+00 0.000000e+00
3.985000e+01 0.000000e+00 0.000000e+00
3.986000e+01 0.000000e+00 0.000000e+00
3.987000e+01 0.000000e+00 0.000000e+00
3.988000e+01 0.000000e+00 0.000000e+00
3.989000e+01 0.000000e+00 0.000000e+00
3.990000e+01 0.000000e+00 0.000000e+00
3.991000e+01 0.000000e+00 0.000000e+00
3.992000e+01 0.000000e+00 0.000000e+00
3.993000e+01 0.000000e+00 0.000000e+00
3.994000e+01 0.000000e+00 0.000000e+00
3.995000e+01 0.000000e+00 0.000000e+00
3.996000e+01 0.000000e+00 0.000000e+00
3.997000e+01 0.000000e+00 0.000000e+00
3.998000e+01 0.000000e+00 0.000000e+00
3.999000e+01 0.000000e+00 0.000000e+00
4.000000e+01 0.000000e+00 0.000000e+00
4.001000e+01 0.000000e+00 0.000000e+00
4.002000e+01 0.000000e+00 0.000000e+00
4.003000e+01 0.000000e+00 0.000000e+00
4.004000e+01 0.000000e+00 0.000000e+00
4.005000e+01 0.000000e+00 0.000000e+00
4.006000e+01 0.000000e+00 0.000000e+00
4.007000e+01 0.000000e+00 0.000000e+00
4.008000e+01 0.000000e+00 0.000000e+00
4.009000e+01 0.000000e+00 0.000000e+00
4.010000e+01 0.000000e+00 0.000000e+00
4.011000e+01 0.000000e+00 0.000000e+00
4.012000e+01 0.000000e+00 0.000000e+00
4.013000e+01 0.000000e+00 0.000000e+00
4.014000e+01 0.000000e+00 0.000000e+00
4.015000e+01 0.000000e+00 0.000000e+00
4.016000e+01 0.000000e+00 0.000000e+00
4.017000e+01 0.000000e+00 0.000000e+00
4.018000e+01 0.000000e+00 0.000000e+00
4.019000e+01 0.000000e+00 0.000000e+00
4.020000e+01 0.000000e+00 0.000000e+00
4.021000e+01 0.000000e+00 0.000000e+00
4.022000e+01 0.000000e+00 0.000000e+00
4.023000e+01 0.000000e+00 0.000000e+00
4.024000e+01 0.000000e+00 0.000000e+00
4.025000e+01 0.000000e+00 0.000000e+00
4.026000e+01 0.000000e+00 0.000000e+00
4.027000e+01 0.000000e+00 0.000000e+00
4.028000e+01 0.000000e+00 0.000000e+00
4.029000e+01 0.000000e+00 0.000000e+00
4.030000e+01 0.000000e+00 0.000000e+00
4.031000e+01 0.000000e+00 0.000000e+00
4.032000e+01 0.000000e+00 0.000000e+00
4.033000e+01 0.000000e+00 0.000000e+00
4.034000e+01 0.000000e+00 0.000000e+00
4.035000e+01 0.000000e+00 0.000000e+00
4.036000e+01 0.000000e+00 0.000000e+00
4.037000e+01 0.000000e+00 0.000000e+00
4.038000e+01 0.000000e+00 0.000000e+00
4.039000e+01 0.000000e+00 0.000000e+00
4.040000e+01 0.000000e+00 0.000000e+00
4.041000e+01 0.000000e+00 0.000000e+00
4.042000e+01 0.000000e+00 0.000000e+00
4.043000e+01 0.000000e+00 0.000000e+00
4.044000e+01 0.000000e+00 0.000000e+00
4.045000e+01 0.000000e+00 0.000000e+00
4.046000e+01 0.000000e+00 0.000000e+00
4.047000e+01 0.000000e+00 0.000000e+00
4.048000e+01 0.000000e+00 0.000000e+00
4.049000e+01 0.000000e+00 0.000000e+00
4.050000e+01 0.000000e+00 0.000000e+00
4.051000e+01 0.000000e+00 0.000000e+00
4.052000e+01 0.000000e+00 0.000000e+00
4.053000e+01 0.000000e+00 0.000000e+00
4.054000e+01 0.000000e+00 0.000000e+00
4.055000e+01 0.000000e+00 0.000000e+00
4.056000e+01 0.000000e+00 0.000000e+00
4.057000e+01 0.000000e+00 0.000000e+00
4.058000e+01 0.000000e+00 0.000000e+00
4.059000e+01 0.000000e+00 0.000000e+00
4.060000e+01 0.000000e+00 0.000000e+00
4.061000e+01 0.000000e+00 0.000000e+00
4.062000e+01 0.000000e+00 0.000000e+00
4.063000e+01 0.000000e+00 0.000000e+00
4.064000e+01 0.000000e+00 0.000000e+00
4.065000e+01 0.000000e+00 0.000000e+00
4.066000e+01 0.000000e+00 0.000000e+00
4.067000e+01 0.000000e+00 0.000000e+00
4.068000e+01 0.000000e+00 0.000000e+00
4.069000e+01 0.000000e+00 0.000000e+00
4.070000e+01 0.000000e+00 0.000000e+00
4.071000e+01 0.000000e+00 0.000000e+00
4.072000e+01 0.000000e+00 0.000000e+00
4.073000e+01 0.000000e+00 0.000000e+00
4.074000e+01 0.000000e+00 0.000000e+00
4.075000e+01 0.000000e+00 0.000000e+00
4.076000e+01 0.000000e+00 0.000000e+00
4.077000e+01 0.000000e+00 0.000000e+00
4.078000e+01 0.000000e+00 0.000000e+00
4.079000e+01 0.000000e+00 0.000000e+00
4.080000e+01 0.000000e+00 0.000000e+00
4.081000e+01 0.000000e+00 0.000000e+00
4.082000e+01 0.000000e+00 0.000000e+00
4.083000e+01 0.000000e+00 0.000000e+00
4.084000e+01 0.000000e+00 0.000000e+00
4.085000e+01 0.000000e+00 0.000000e+00
4.086000e+01 0.000000e+00 0.000000e+00
4.087000e+01 0.000000e+00 0.000000e+00
4.088000e+01 0.000000e+00 0.000000e+00
4.089000e+01 0.000000e+00 0.000000e+00
4.090000e+01 0.000000e+00 0.000000e+00
4.091000e+01 0.000000e+00 0.000000e+00
4.092000e+01 0.000000e+00 0.000000e+00
4.093000e+01 0.000000e+00 0.000000e+00
4.094000e+01 0.000000e+00 0.000000e+00
4.095000e+01 0.000000e+00 0.000000e+00
4.096000e+01 0.000000e+00 0.000000e+00
4.097000e+01 0.000000e+00 0.000000e+00
4.098000e+01 0.000000e+00 0.000000e+00
4.099000e+01 0.000000e+00 0.000000e+00
4.100000e+01 0.000000e+00 0.000000e+00
4.101000e+01 0.000000e+00 0.000000e+00
4.102000e+01 0.000000e+00 0.000000e+00
4.103000e+01 0.000000e+00 0.000000e+00
4.104000e+01 0.000000e+00 0.000000e+00
4.105000e+01 0.000000e+00 0.000000e+00
4.106000e+01 0.000000e+00 0.000000e+00
4.107000e+01 0.000000e+00 0.000000e+00
4.108000e+01 0.000000e+00 0.000000e+00
4.109000e+01 0.000000e+00 0.000000e+00
4.110000e+01 0.000000e+00 0.000000e+00
4.111000e+01 0.000000e+00 0.000000e+00
4.112000e+01 0.000000e+00 0.000000e+00
4.113000e+01 0.000000e+00 0.000000e+00
4.114000e+01 0.000000e+00 0.000000e+00
4.115000e+01 0.000000e+00 0.000000e+00
4.116000e+01 0.000000e+00 0.000000e+00
4.117000e+01 0.000000e+00 0.000000e+00
4.118000e+01 0.000000e+00 0.000000e+00
4.119000e+01 0.000000e+00 0.000000e+00
4.120000e+01 0.000000e+00 0.000000e+00
4.121000e+01 0.000000e+00 0.000000e+00
4.122000e+01 0.000000e+00 0.000000e+00
4.123000e+01 0.000000e+00 0.000000e+00
4.124000e+01 0.000000e+00 0.000000e+00
4.125000e+01 0.000000e+00 0.000000e+00
4.126000e+01 0.000000e+00 0.000000e+00
4.127000e+01 0.000000e+00 0.000000e+00
4.128000e+01 0.000000e+00 0.000000e+00
4.129000e+01 0.000000e+00 0.000000e+00
4.130000e+01 0.000000e+00 0.000000e+00
4.131000e+01 0.000000e+00 0.000000e+00
4.132000e+01 0.000000e+00 0.000000e+00
4.133000e+01 0.000000e+00 0.000000e+00
4.134000e+01 0.000000e+00 0.000000e+00
4.135000e+01 0.000000e+00 0.000000e+00
4.136000e+01 0.000000e+00 0.000000e+00
4.137000e+01 0.000000e+00 0.000000e+00
4.138000e+01 0.000000e+00 0.000000e+00
4.139000e+01 0.000000e+00 0.000000e+00
4.140000e+01 0.000000e+00 0.000000e+00
4.141000e+01 0.000000e+00 0.000000e+00
4.142000e+01 0.000000e+00 0.000000e+00
4.143000e+01 0.000000e+00 0.000000e+00
4.144000e+01 0.000000e+00 0.000000e+00
4.145000e+01 0.000000e+00 0.000000e+00
4.146000e+01 0.000000e+00 0.000000e+00
4.147000e+01 0.000000e+00 0.000000e+00
4.148000e+01 0.000000e+00 0.000000e+00
4.149000e+01 0.000000e+00 0.000000e+00
4.150000e+01 0.000000e+00 0.000000e+00
4.151000e+01 0.000000e+00 0.000000e+00
4.152000e+01 0.000000e+00 0.000000e+00
4.153000e+01 0.000000e+00 0.000000e+00
4.154000e+01 0.000000e+00 0.000000e+00
4.155000e+01 0.000000e+00 0.000000e+00
4.156000e+01 0.000000e+00 0.000000e+00
4.157000e+01 0.000000e+00 0.000000e+00
4.158000e+01 0.000000e+00 0.000000e+00
4.159000e+01 0.000000e+00 0.000000e+00
4.160000e+01 0.000000e+00 0.000000e+00
4.161000e+01 0.000000e+00 0.000000e+00
4.162000e+01 0.000000e+00 0.000000e+00
4.163000e+01 0.000000e+00 0.000000e+00
4.164000e+01 0.000000e+00 0.000000e+00
4.165000e+01 0.000000e+00 0.000000e+00
4.166000e+01 0.000000e+00 0.000000e+00
4.167000e+01 0.000000e+00 0.000000e+00
4.168000e+01 0.000000e+00 0.000000e+00
4.169000e+01 0.000000e+00 0.000000e+00
4.170000e+01 0.000000e+00 0.000000e+00
4.171000e+01 0.000000e+00 0.000000e+00
4.172000e+01 0.000000e+00 0.000000e+00
4.173000e+01 0.000000e+00 0.000000e+00
4.174000e+01 0.000000e+00 0.000000e+00
4.175000e+01 0.000000e+00 0.000000e+00
4.176000e+01 0.000000e+00 0.000000e+00
4.177000e+01 0.000000e+00 0.000000e+00
4.178000e+01 0.000000e+00 0.000000e+00
4.179000e+01 0.000000e+00 0.000000e+00
4.180000e+01 0.000000e+00 0.000000e+00
4.181000e+01 0.000000e+00 0.000000e+00
4.182000e+01 0.000000e+00 0.000000e+00
4.183000e+01 0.000000e+00 0.000000e+00
4.184000e+01 0.000000e+00 0.000000e+00
4.185000e+01 0.000000e+00 0.000000e+00
4.186000e+01 0.000000e+00 0.000000e+00
4.187000e+01 0.000000e+00 0.000000e+00
4.188000e+01 0.000000e+00 0.000000e+00
4.189000e+01 0.000000e+00 0.000000e+00
4.190000e+01 0.000000e+00 0.000000e+00
4.191000e+01 0.000000e+00 0.000000e+00
4.192000e+01 0.000000e+00 0.000000e+00
4.193000e+01 0.000000e+00 0.000000e+00
4.194000e+01 0.000000e+00 0.000000e+00
4.195000e+01 0.000000e+00 0.000000e+00
4.196000e+01 0.000000e+00 0.000000e+00
4.197000e+01 0.000000e+00 0.000000e+00
4.198000e+01 0.000000e+00 0.000000e+00
4.199000e+01 0.000000e+00 0.000000e+00
4.200000e+01 0.000000e+00 0.000000e+00
4.201000e+01 0.000000e+00 0.000000e+00
4.202000e+01 0.000000e+00 0.000000e+00
4.203000e+01 0.000000e+00 0.000000e+00
4.204000e+01 0.000000e+00 0.000000e+00
4.205000e+01 0.000000e+00 0.000000e+00
4.206000e+01 0.000000e+00 0.000000e+00
4.207000e+01 0.000000e+00 0.000000e+00
4.208000e+01 0.000000e+00 0.000000e+00
4.209000e+01 0.000000e+00 0.000000e+00
4.210000e+01 0.000000e+00 0.000000e+00
4.211000e+01 0.000000e+00 0.000000e+00
4.212000e+01 0.000000e+00 0.000000e+00
4.213000e+01 0.000000e+00 0.000000e+00
4.214000e+01 0.000000e+00 0.000000e+00
4.215000e+01 0.000000e+00 0.000000e+00
4.216000e+01 0.000000e+00 0.000000e+00
4.217000e+01 0.000000e+00 0.000000e+00
4.218000e+01 0.000000e+00 0.000000e+00
4.219000e+01 0.000000e+00 0.000000e+00
4.220000e+01 0.000000e+00 0.000000e+00
4.221000e+01 0.000000e+00 0.000000e+00
4.222000e+01 0.000000e+00 0.000000e+00
4.223000e+01 0.000000e+00 0.000000e+00
4.224000e+01 0.000000e+00 0.000000e+00
4.225000e+01 0.000000e+00 0.000000e+00
4.226000e+01 0.000000e+00 0.000000e+00
4.227000e+01 0.000000e+00 0.000000e+00
4.228000e+01 0.000000e+00 0.000000e+00
4.229000e+01 0.000000e+00 0.000000e+00
4.230000e+01 0.000000e+00 0.000000e+00
4.231000e+01 0.000000e+00 0.000000e+00
4.232000e+01 0.000000e+00 0.000000e+00
4.233000e+01 0.000000e+00 0.000000e+00
4.234000e+01 0.000000e+00 0.000000e+00
4.235000e+01 0.000000e+00 0.000000e+00
4.236000e+01 0.000000e+00 0.000000e+00
4.237000e+01 0.000000e+00 0.000000e+00
4.238000e+01 0.000000e+00 0.000000e+00
4.239000e+01 0.000000e+00 0.000000e+00
4.240000e+01 0.000000e+00 0.000000e+00
4.241000e+01 0.000000e+00 0.000000e+00
4.242000e+01 0.000000e+00 0.000000e+00
4.243000e+01 0.000000e+00 0.000000e+00
4.244000e+01 0.000000e+00 0.000000e+00
4.245000e+01 0.000000e+00 0.000000e+00
4.246000e+01 0.000000e+00 0.000000e+00
4.247000e+01 0.000000e+00 0.000000e+00
4.248000e+01 0.000000e+00 0.000000e+00
4.249000e+01 0.000000e+00 0.000000e+00
4.250000e+01 0.000000e+00 0.000000e+00
4.251000e+01 0.000000e+00 0.000000e+00
4.252000e+01 0.000000e+00 0.000000e+00
4.253000e+01 0.000000e+00 0.000000e+00
4.254000e+01 0.000000e+00 0.000000e+00
4.255000e+01 0.000000e+00 0.000000e+00
4.256000e+01 0.000000e+00 0.000000e+00
4.257000e+01 0.000000e+00 0.000000e+00
4.258000e+01 0.000000e+00 0.000000e+00
4.259000e+01 0.000000e+00 0.000000e+00
4.260000e+01 0.000000e+00 0.000000e+00
4.261000e+01 0.000000e+00 0.000000e+00
4.262000e+01 0.000000e+00 0.000000e+00
4.263000e+01 0.000000e+00 0.000000e+00
4.264000e+01 0.000000e+00 0.000000e+00
4.265000e+01 0.000000e+00 0.000000e+00
4.266000e+01 0.000000e+00 0.000000e+00
4.267000e+01 0.000000e+00 0.000000e+00
4.268000e+01 0.000000e+00 0.000000e+00
4.269000e+01 0.000000e+00 0.000000e+00
4.270000e+01 0.000000e+00 0.000000e+00
4.271000e+01 0.000000e+00 0.000000e+00
4.272000e+01 0.000000e+00 0.000000e+00
4.273000e+01 0.000000e+00 0.000000e+00
4.274000e+01 0.000000e+00 0.000000e+00
4.275000e+01 0.000000e+00 0.000000e+00
4.276000e+01 0.000000e+00 0.000000e+00
4.277000e+01 0.000000e+00 0.000000e+00
4.278000e+01 0.000000e+00 0.000000e+00
4.279000e+01 0.000000e+00 0.000000e+00
4.280000e+01 0.000000e+00 0.000000e+00
4.281000e+01 0.000000e+00 0.000000e+00
4.282000e+01 0.000000e+00 0.000000e+00
4.283000e+01 0.000000e+00 0.000000e+00
4.284000e+01 0.000000e+00 0.000000e+00
4.285000e+01 0.000000e+00 0.000000e+00
4.286000e+01 0.000000e+00 0.000000e+00
4.287000e+01 0.000000e+00 0.000000e+00
4.288000e+01 0.000000e+00 0.000000e+00
4.289000e+01 0.000000e+00 0.000000e+00
4.290000e+01 0.000000e+00 0.000000e+00
4.291000e+01 0.000000e+00 0.000000e+00
4.292000e+01 0.000000e+00 0.000000e+00
4.293000e+01 0.000000e+00 0.000000e+00
4.294000e+01 0.000000e+00 0.000000e+00
4.295000e+01 0.000000e+00 0.000000e+00
4.296000e+01 0.000000e+00 0.000000e+00
4.297000e+01 0.000000e+00 0.000000e+00
4.298000e+01 0.000000e+00 0.000000e+00
4.299000e+01 0.000000e+00 0.000000e+00
4.300000e+01 0.000000e+00 0.000000e+00
4.301000e+01 0.000000e+00 0.000000e+00
4.302000e+01 0.000000e+00 0.000000e+00
4.303000e+01 0.000000e+00 0.000000e+00
4.304000e+01 0.000000e+00 0.000000e+00
4.305000e+01 0.000000e+00 0.000000e+00
4.306000e+01 0.000000e+00 0.000000e+00
4.307000e+01 0.000000e+00 0.000000e+00
4.308000e+01 0.000000e+00 0.000000e+00
4.309000e+01 0.000000e+00 0.000000e+00
4.310000e+01 0.000000e+00 0.000000e+00
4.311000e+01 0.000000e+00 0.000000e+00
4.312000e+01 0.000000e+00 0.000000e+00
4.313000e+01 0.000000e+00 0.000000e+00
4.314000e+01 0.000000e+00 0.000000e+00
4.315000e+01 0.000000e+00 0.000000e+00
4.316000e+01 0.000000e+00 0.000000e+00
4.317000e+01 0.000000e+00 0.000000e+00
4.318000e+01 0.000000e+00 0.000000e+00
4.319000e+01 0.000000e+00 0.000000e+00
4.320000e+01 0.000000e+00 0.000000e+00
4.321000e+01 0.000000e+00 0.000000e+00
4.322000e+01 0.000000e+00 0.000000e+00
4.323000e+01 0.000000e+00 0.000000e+00
4.324000e+01 0.000000e+00 0.000000e+00
4.325000e+01 0.000000e+00 0.000000e+00
4.326000e+01 0.000000e+00 0.000000e+00
4.327000e+01 0.000000e+00 0.000000e+00
4.328000e+01 0.000000e+00 0.000000e+00
4.329000e+01 0.000000e+00 0.000000e+00
4.330000e+01 0.000000e+00 0.000000e+00
4.331000e+01 0.000000e+00 0.000000e+00
4.332000e+01 0.000000e+00 0.000000e+00
4.333000e+01 0.000000e+00 0.000000e+00
4.334000e+01 0.000000e+00 0.000000e+00
4.335000e+01 0.000000e+00 0.000000e+00
4.336000e+01 0.000000e+00 0.000000e+00
4.337000e+01 0.000000e+00 0.000000e+00
4.338000e+01 0.000000e+00 0.000000e+00
4.339000e+01 0.000000e+00 0.000000e+00
4.340000e+01 0.000000e+00 0.000000e+00
4.341000e+01 0.000000e+00 0.000000e+00
4.342000e+01 0.000000e+00 0.000000e+00
4.343000e+01 0.000000e+00 0.000000e+00
4.344000e+01 0.000000e+00 0.000000e+00
4.345000e+01 0.000000e+00 0.000000e+00
4.346000e+01 0.000000e+00 0.000000e+00
4.347000e+01 0.000000e+00 0.000000e+00
4.348000e+01 0.000000e+00 0.000000e+00
4.349000e+01 0.000000e+00 0.000000e+00
4.350000e+01 0.000000e+00 0.000000e+00
4.351000e+01 0.000000e+00 0.000000e+00
4.352000e+01 0.000000e+00 0.000000e+00
4.353000e+01 0.000000e+00 0.000000e+00
4.354000e+01 0.000000e+00 0.000000e+00
4.355000e+01 0.000000e+00 0.000000e+00
4.356000e+01 0.000000e+00 0.000000e+00
4.357000e+01 0.000000e+00 0.000000e+00
4.358000e+01 0.000000e+00 0.000000e+00
4.359000e+01 0.000000e+00 0.000000e+00
4.360000e+01 0.000000e+00 0.000000e+00
4.361000e+01 0.000000e+00 0.000000e+00
4.362000e+01 0.000000e+00 0.000000e+00
4.363000e+01 0.000000e+00 0.000000e+00
4.364000e+01 0.000000e+00 0.000000e+00
4.365000e+01 0.000000e+00 0.000000e+00
4.366000e+01 0.000000e+00 0.000000e+00
4.367000e+01 0.000000e+00 0.000000e+00
4.368000e+01 0.000000e+00 0.000000e+00
4.369000e+01 0.000000e+00 0.000000e+00
4.370000e+01 0.000000e+00 0.000000e+00
4.371000e+01 0.000000e+00 0.000000e+00
4.372000e+01 0.000000e+00 0.000000e+00
4.373000e+01 0.000000e+00 0.000000e+00
4.374000e+01 0.000000e+00 0.000000e+00
4.375000e+01 0.000000e+00 0.000000e+00
4.376000e+01 0.000000e+00 0.000000e+00
4.377000e+01 0.000000e+00 0.000000e+00
4.378000e+01 0.000000e+00 0.000000e+00
4.379000e+01 0.000000e+00 0.000000e+00
4.380000e+01 0.000000e+00 0.000000e+00
4.381000e+01 0.000000e+00 0.000000e+00
4.382000e+01 0.000000e+00 0.000000e+00
4.383000e+01 0.000000e+00 0.000000e+00
4.384000e+01 0.000000e+00 0.000000e+00
4.385000e+01 0.000000e+00 0.000000e+00
4.386000e+01 0.000000e+00 0.000000e+00
4.387000e+01 0.000000e+00 0.000000e+00
4.388000e+01 0.000000e+00 0.000000e+00
4.389000e+01 0.000000e+00 0.000000e+00
4.390000e+01 0.000000e+00 0.000000e+00
4.391000e+01 0.000000e+00 0.000000e+00
4.392000e+01 0.000000e+00 0.000000e+00
4.393000e+01 0.000000e+00 0.000000e+00
4.394000e+01 0.000000e+00 0.000000e+00
4.395000e+01 0.000000e+00 0.000000e+00
4.396000e+01 0.000000e+00 0.000000e+00
4.397000e+01 0.000000e+00 0.000000e+00
4.398000e+01 0.000000e+00 0.000000e+00
4.399000e+01 0.000000e+00 0.000000e+00
4.400000e+01 0.000000e+00 0.000000e+00
4.401000e+01 0.000000e+00 0.000000e+00
4.402000e+01 0.000000e+00 0.000000e+00
4.403000e+01 0.000000e+00 0.000000e+00
4.404000e+01 0.000000e+00 0.000000e+00
4.405000e+01 0.000000e+00 0.000000e+00
4.406000e+01 0.000000e+00 0.000000e+00
4.407000e+01 0.000000e+00 0.000000e+00
4.408000e+01 0.000000e+00 0.000000e+00
4.409000e+01 0.000000e+00 0.000000e+00
4.410000e+01 0.000000e+00 0.000000e+00
4.411000e+01 0.000000e+00 0.000000e+00
4.412000e+01 0.000000e+00 0.000000e+00
4.413000e+01 0.000000e+00 0.000000e+00
4.414000e+01 0.000000e+00 0.000000e+00
4.415000e+01 0.000000e+00 0.000000e+00
4.416000e+01 0.000000e+00 0.000000e+00
4.417000e+01 0.000000e+00 0.000000e+00
4.418000e+01 0.000000e+00 0.000000e+00
4.419000e+01 0.000000e+00 0.000000e+00
4.420000e+01 0.000000e+00 0.000000e+00
4.421000e+01 0.000000e+00 0.000000e+00
4.422000e+01 0.000000e+00 0.000000e+00
4.423000e+01 0.000000e+00 0.000000e+00
4.424000e+01 0.000000e+00 0.000000e+00
4.425000e+01 0.000000e+00 0.000000e+00
4.426000e+01 0.000000e+00 0.000000e+00
4.427000e+01 0.000000e+00 0.000000e+00
4.428000e+01 0.000000e+00 0.000000e+00
4.429000e+01 0.000000e+00 0.000000e+00
4.430000e+01 0.000000e+00 0.000000e+00
4.431000e+01 0.000000e+00 0.000000e+00
4.432000e+01 0.000000e+00 0.000000e+00
4.433000e+01 0.000000e+00 0.000000e+00
4.434000e+01 0.000000e+00 0.000000e+00
4.435000e+01 0.000000e+00 0.000000e+00
4.436000e+01 0.000000e+00 0.000000e+00
4.437000e+01 0.000000e+00 0.000000e+00
4.438000e+01 0.000000e+00 0.000000e+00
4.439000e+01 0.000000e+00 0.000000e+00
4.440000e+01 0.000000e+00 0.000000e+00
4.441000e+01 0.000000e+00 0.000000e+00
4.442000e+01 0.000000e+00 0.000000e+00
4.443000e+01 0.000000e+00 0.000000e+00
4.444000e+01 0.000000e+00 0.000000e+00
4.445000e+01 0.000000e+00 0.000000e+00
4.446000e+01 0.000000e+00 0.000000e+00
4.447000e+01 0.000000e+00 0.000000e+00
4.448000e+01 0.000000e+00 0.000000e+00
4.449000e+01 0.000000e+00 0.000000e+00
4.450000e+01 0.000000e+00 0.000000e+00
4.451000e+01 0.000000e+00 0.000000e+00
4.452000e+01 0.000000e+00 0.000000e+00
4.453000e+01 0.000000e+00 0.000000e+00
4.454000e+01 0.000000e+00 0.000000e+00
4.455000e+01 0.000000e+00 0.000000e+00
4.456000e+01 0.000000e+00 0.000000e+00
4.457000e+01 0.000000e+00 0.000000e+00
4.458000e+01 0.000000e+00 0.000000e+00
4.459000e+01 0.000000e+00 0.000000e+00
4.460000e+01 0.000000e+00 0.000000e+00
4.461000e+01 0.000000e+00 0.000000e+00
4.462000e+01 0.000000e+00 0.000000e+00
4.463000e+01 0.000000e+00 0.000000e+00
4.464000e+01 0.000000e+00 0.000000e+00
4.465000e+01 0.000000e+00 0.000000e+00
4.466000e+01 0.000000e+00 0.000000e+00
4.467000e+01 0.000000e+00 0.000000e+00
4.468000e+01 0.000000e+00 0.000000e+00
4.469000e+01 0.000000e+00 0.000000e+00
4.470000e+01 0.000000e+00 0.000000e+00
4.471000e+01 0.000000e+00 0.000000e+00
4.472000e+01 0.000000e+00 0.000000e+00
4.473000e+01 0.000000e+00 0.000000e+00
4.474000e+01 0.000000e+00 0.000000e+00
4.475000e+01 0.000000e+00 0.000000e+00
4.476000e+01 0.000000e+00 0.000000e+00
4.477000e+01 0.000000e+00 0.000000e+00
4.478000e+01 0.000000e+00 0.000000e+00
4.479000e+01 0.000000e+00 0.000000e+00
4.480000e+01 0.000000e+00 0.000000e+00
4.481000e+01 0.000000e+00 0.000000e+00
4.482000e+01 0.000000e+00 0.000000e+00
4.483000e+01 0.000000e+00 0.000000e+00
4.484000e+01 0.000000e+00 0.000000e+00
4.485000e+01 0.000000e+00 0.000000e+00
4.486000e+01 0.000000e+00 0.000000e+00
4.487000e+01 0.000000e+00 0.000000e+00
4.488000e+01 0.000000e+00 0.000000e+00
4.489000e+01 0.000000e+00 0.000000e+00
4.490000e+01 0.000000e+00 0.000000e+00
4.491000e+01 0.000000e+00 0.000000e+00
4.492000e+01 0.000000e+00 0.000000e+00
4.493000e+01 0.000000e+00 0.000000e+00
4.494000e+01 0.000000e+00 0.000000e+00
4.495000e+01 0.000000e+00 0.000000e+00
4.496000e+01 0.000000e+00 0.000000e+00
4.497000e+01 0.000000e+00 0.000000e+00
4.498000e+01 0.000000e+00 0.000000e+00
4.499000e+01 0.000000e+00 0.000000e+00
4.500000e+01 0.000000e+00 0.000000e+00
4.501000e+01 0.000000e+00 0.000000e+00
4.502000e+01 0.000000e+00 0.000000e+00
4.503000e+01 0.000000e+00 0.000000e+00
4.504000e+01 0.000000e+00 0.000000e+00
4.505000e+01 0.000000e+00 0.000000e+00
4.506000e+01 0.000000e+00 0.000000e+00
4.507000e+01 0.000000e+00 0.000000e+00
4.508000e+01 0.000000e+00 0.000000e+00
4.509000e+01 0.000000e+00 0.000000e+00
4.510000e+01 0.000000e+00 0.000000e+00
4.511000e+01 0.000000e+00 0.000000e+00
4.512000e+01 0.000000e+00 0.000000e+00
4.513000e+01 0.000000e+00 0.000000e+00
4.514000e+01 0.000000e+00 0.000000e+00
4.515000e+01 0.000000e+00 0.000000e+00
4.516000e+01 0.000000e+00 0.000000e+00
4.517000e+01 0.000000e+00 0.000000e+00
4.518000e+01 0.000000e+00 0.000000e+00
4.519000e+01 0.000000e+00 0.000000e+00
4.520000e+01 0.000000e+00 0.000000e+00
4.521000e+01 0.000000e+00 0.000000e+00
4.522000e+01 0.000000e+00 0.000000e+00
4.523000e+01 0.000000e+00 0.000000e+00
4.524000e+01 0.000000e+00 0.000000e+00
4.525000e+01 0.000000e+00 0.000000e+00
4.526000e+01 0.000000e+00 0.000000e+00
4.527000e+01 0.000000e+00 0.000000e+00
4.528000e+01 0.000000e+00 0.000000e+00
4.529000e+01 0.000000e+00 0.000000e+00
4.530000e+01 0.000000e+00 0.000000e+00
4.531000e+01 0.000000e+00 0.000000e+00
4.532000e+01 0.000000e+00 0.000000e+00
4.533000e+01 0.000000e+00 0.000000e+00
4.534000e+01 0.000000e+00 0.000000e+00
4.535000e+01 0.000000e+00 0.000000e+00
4.536000e+01 0.000000e+00 0.000000e+00
4.537000e+01 0.000000e+00 0.000000e+00
4.538000e+01 0.000000e+00 0.000000e+00
4.539000e+01 0.000000e+00 0.000000e+00
4.540000e+01 0.000000e+00 0.000000e+00
4.541000e+01 0.000000e+00 0.000000e+00
4.542000e+01 0.000000e+00 0.000000e+00
4.543000e+01 0.000000e+00 0.000000e+00
4.544000e+01 0.000000e+00 0.000000e+00
4.545000e+01 0.000000e+00 0.000000e+00
4.546000e+01 0.000000e+00 0.000000e+00
4.547000e+01 0.000000e+00 0.000000e+00
4.548000e+01 0.000000e+00 0.000000e+00
4.549000e+01 0.000000e+00 0.000000e+00
4.550000e+01 0.000000e+00 0.000000e+00
4.551000e+01 0.000000e+00 0.000000e+00
4.552000e+01 0.000000e+00 0.000000e+00
4.553000e+01 0.000000e+00 0.000000e+00
4.554000e+01 0.000000e+00 0.000000e+00
4.555000e+01 0.000000e+00 0.000000e+00
4.556000e+01 0.000000e+00 0.000000e+00
4.557000e+01 0.000000e+00 0.000000e+00
4.558000e+01 0.000000e+00 0.000000e+00
4.559000e+01 0.000000e+00 0.000000e+00
4.560000e+01 0.000000e+00 0.000000e+00
4.561000e+01 0.000000e+00 0.000000e+00
4.562000e+01 0.000000e+00 0.000000e+00
4.563000e+01 0.000000e+00 0.000000e+00
4.564000e+01 0.000000e+00 0.000000e+00
4.565000e+01 0.000000e+00 0.000000e+00
4.566000e+01 0.000000e+00 0.000000e+00
4.567000e+01 0.000000e+00 0.000000e+00
4.568000e+01 0.000000e+00 0.000000e+00
4.569000e+01 0.000000e+00 0.000000e+00
4.570000e+01 0.000000e+00 0.000000e+00
4.571000e+01 0.000000e+00 0.000000e+00
4.572000e+01 0.000000e+00 0.000000e+00
4.573000e+01 0.000000e+00 0.000000e+00
4.574000e+01 0.000000e+00 0.000000e+00
4.575000e+01 0.000000e+00 0.000000e+00
4.576000e+01 0.000000e+00 0.000000e+00
4.577000e+01 0.000000e+00 0.000000e+00
4.578000e+01 0.000000e+00 0.000000e+00
4.579000e+01 0.000000e+00 0.000000e+00
4.580000e+01 0.000000e+00 0.000000e+00
4.581000e+01 0.000000e+00 0.000000e+00
4.582000e+01 0.000000e+00 0.000000e+00
4.583000e+01 0.000000e+00 0.000000e+00
4.584000e+01 0.000000e+00 0.000000e+00
4.585000e+01 0.000000e+00 0.000000e+00
4.586000e+01 0.000000e+00 0.000000e+00
4.587000e+01 0.000000e+00 0.000000e+00
4.588000e+01 0.000000e+00 0.000000e+00
4.589000e+01 0.000000e+00 0.000000e+00
4.590000e+01 0.000000e+00 0.000000e+00
4.591000e+01 0.000000e+00 0.000000e+00
4.592000e+01 0.000000e+00 0.000000e+00
4.593000e+01 0.000000e+00 0.000000e+00
4.594000e+01 0.000000e+00 0.000000e+00
4.595000e+01 0.000000e+00 0.000000e+00
4.596000e+01 0.000000e+00 0.000000e+00
4.597000e+01 0.000000e+00 0.000000e+00
4.598000e+01 0.000000e+00 0.000000e+00
4.599000e+01 0.000000e+00 0.000000e+00
4.600000e+01 0.000000e+00 0.000000e+00
4.601000e+01 0.000000e+00 0.000000e+00
4.602000e+01 0.000000e+00 0.000000e+00
4.603000e+01 0.000000e+00 0.000000e+00
4.604000e+01 0.000000e+00 0.000000e+00
4.605000e+01 0.000000e+00 0.000000e+00
4.606000e+01 0.000000e+00 0.000000e+00
4.607000e+01 0.000000e+00 0.000000e+00
4.608000e+01 0.000000e+00 0.000000e+00
4.609000e+01 0.000000e+00 0.000000e+00
4.610000e+01 0.000000e+00 0.000000e+00
4.611000e+01 0.000000e+00 0.000000e+00
4.612000e+01 0.000000e+00 0.000000e+00
4.613000e+01 0.000000e+00 0.000000e+00
4.614000e+01 0.000000e+00 0.000000e+00
4.615000e+01 0.000000e+00 0.000000e+00
4.616000e+01 0.000000e+00 0.000000e+00
4.617000e+01 0.000000e+00 0.000000e+00
4.618000e+01 0.000000e+00 0.000000e+00
4.619000e+01 0.000000e+00 0.000000e+00
4.620000e+01 0.000000e+00 0.000000e+00
4.621000e+01 0.000000e+00 0.000000e+00
4.622000e+01 0.000000e+00 0.000000e+00
4.623000e+01 0.000000e+00 0.000000e+00
4.624000e+01 0.000000e+00 0.000000e+00
4.625000e+01 0.000000e+00 0.000000e+00
4.626000e+01 0.000000e+00 0.000000e+00
4.627000e+01 0.000000e+00 0.000000e+00
4.628000e+01 0.000000e+00 0.000000e+00
4.629000e+01 0.000000e+00 0.000000e+00
4.630000e+01 0.000000e+00 0.000000e+00
4.631000e+01 0.000000e+00 0.000000e+00
4.632000e+01 0.000000e+00 0.000000e+00
4.633000e+01 0.000000e+00 0.000000e+00
4.634000e+01 0.000000e+00 0.000000e+00
4.635000e+01 0.000000e+00 0.000000e+00
4.636000e+01 0.000000e+00 0.000000e+00
4.637000e+01 0.000000e+00 0.000000e+00
4.638000e+01 0.000000e+00 0.000000e+00
4.639000e+01 0.000000e+00 0.000000e+00
4.640000e+01 0.000000e+00 0.000000e+00
4.641000e+01 0.000000e+00 0.000000e+00
4.642000e+01 0.000000e+00 0.000000e+00
4.643000e+01 0.000000e+00 0.000000e+00
4.644000e+01 0.000000e+00 0.000000e+00
4.645000e+01 0.000000e+00 0.000000e+00
4.646000e+01 0.000000e+00 0.000000e+00
4.647000e+01 0.000000e+00 0.000000e+00
4.648000e+01 0.000000e+00 0.000000e+00
4.649000e+01 0.000000e+00 0.000000e+00
4.650000e+01 0.000000e+00 0.000000e+00
4.651000e+01 0.000000e+00 0.000000e+00
4.652000e+01 0.000000e+00 0.000000e+00
4.653000e+01 0.000000e+00 0.000000e+00
4.654000e+01 0.000000e+00 0.000000e+00
4.655000e+01 0.000000e+00 0.000000e+00
4.656000e+01 0.000000e+00 0.000000e+00
4.657000e+01 0.000000e+00 0.000000e+00
4.658000e+01 0.000000e+00 0.000000e+00
4.659000e+01 0.000000e+00 0.000000e+00
4.660000e+01 0.000000e+00 0.000000e+00
4.661000e+01 0.000000e+00 0.000000e+00
4.662000e+01 0.000000e+00 0.000000e+00
4.663000e+01 0.000000e+00 0.000000e+00
4.664000e+01 0.000000e+00 0.000000e+00
4.665000e+01 0.000000e+00 0.000000e+00
4.666000e+01 0.000000e+00 0.000000e+00
4.667000e+01 0.000000e+00 0.000000e+00
4.668000e+01 0.000000e+00 0.000000e+00
4.669000e+01 0.000000e+00 0.000000e+00
4.670000e+01 0.000000e+00 0.000000e+00
4.671000e+01 0.000000e+00 0.000000e+00
4.672000e+01 0.000000e+00 0.000000e+00
4.673000e+01 0.000000e+00 0.000000e+00
4.674000e+01 0.000000e+00 0.000000e+00
4.675000e+01 0.000000e+00 0.000000e+00
4.676000e+01 0.000000e+00 0.000000e+00
4.677000e+01 0.000000e+00 0.000000e+00
4.678000e+01 0.000000e+00 0.000000e+00
4.679000e+01 0.000000e+00 0.000000e+00
4.680000e+01 0.000000e+00 0.000000e+00
4.681000e+01 0.000000e+00 0.000000e+00
4.682000e+01 0.000000e+00 0.000000e+00
4.683000e+01 0.000000e+00 0.000000e+00
4.684000e+01 0.000000e+00 0.000000e+00
4.685000e+01 0.000000e+00 0.000000e+00
4.686000e+01 0.000000e+00 0.000000e+00
4.687000e+01 0.000000e+00 0.000000e+00
4.688000e+01 0.000000e+00 0.000000e+00
4.689000e+01 0.000000e+00 0.000000e+00
4.690000e+01 0.000000e+00 0.000000e+00
4.691000e+01 0.000000e+00 0.000000e+00
4.692000e+01 0.000000e+00 0.000000e+00
4.693000e+01 0.000000e+00 0.000000e+00
4.694000e+01 0.000000e+00 0.000000e+00
4.695000e+01 0.000000e+00 0.000000e+00
4.696000e+01 0.000000e+00 0.000000e+00
4.697000e+01 0.000000e+00 0.000000e+00
4.698000e+01 0.000000e+00 0.000000e+00
4.699000e+01 0.000000e+00 0.000000e+00
4.700000e+01 0.000000e+00 0.000000e+00
4.701000e+01 0.000000e+00 0.000000e+00
4.702000e+01 0.000000e+00 0.000000e+00
4.703000e+01 0.000000e+00 0.000000e+00
4.704000e+01 0.000000e+00 0.000000e+00
4.705000e+01 0.000000e+00 0.000000e+00
4.706000e+01 0.000000e+00 0.000000e+00
4.707000e+01 0.000000e+00 0.000000e+00
4.708000e+01 0.000000e+00 0.000000e+00
4.709000e+01 0.000000e+00 0.000000e+00
4.710000e+01 0.000000e+00 0.000000e+00
4.711000e+01 0.000000e+00 0.000000e+00
4.712000e+01 0.000000e+00 0.000000e+00
4.713000e+01 0.000000e+00 0.000000e+00
4.714000e+01 0.000000e+00 0.000000e+00
4.715000e+01 0.000000e+00 0.000000e+00
4.716000e+01 0.000000e+00 0.000000e+00
4.717000e+01 0.000000e+00 0.000000e+00
4.718000e+01 0.000000e+00 0.000000e+00
4.719000e+01 0.000000e+00 0.000000e+00
4.720000e+01 0.000000e+00 0.000000e+00
4.721000e+01 0.000000e+00 0.000000e+00
4.722000e+01 0.000000e+00 0.000000e+00
4.723000e+01 0.000000e+00 0.000000e+00
4.724000e+01 0.000000e+00 0.000000e+00
4.725000e+01 0.000000e+00 0.000000e+00
4.726000e+01 0.000000e+00 0.000000e+00
4.727000e+01 0.000000e+00 0.000000e+00
4.728000e+01 0.000000e+00 0.000000e+00
4.729000e+01 0.000000e+00 0.000000e+00
4.730000e+01 0.000000e+00 0.000000e+00
4.731000e+01 0.000000e+00 0.000000e+00
4.732000e+01 0.000000e+00 0.000000e+00
4.733000e+01 0.000000e+00 0.000000e+00
4.734000e+01 0.000000e+00 0.000000e+00
4.735000e+01 0.000000e+00 0.000000e+00
4.736000e+01 0.000000e+00 0.000000e+00
4.737000e+01 0.000000e+00 0.000000e+00
4.738000e+01 0.000000e+00 0.000000e+00
4.739000e+01 0.000000e+00 0.000000e+00
4.740000e+01 0.000000e+00 0.000000e+00
4.741000e+01 0.000000e+00 0.000000e+00
4.742000e+01 0.000000e+00 0.000000e+00
4.743000e+01 0.000000e+00 0.000000e+00
4.744000e+01 0.000000e+00 0.000000e+00
4.745000e+01 0.000000e+00 0.000000e+00
4.746000e+01 0.000000e+00 0.000000e+00
4.747000e+01 0.000000e+00 0.000000e+00
4.748000e+01 0.000000e+00 0.000000e+00
4.749000e+01 0.000000e+00 0.000000e+00
4.750000e+01 0.000000e+00 0.000000e+00
4.751000e+01 0.000000e+00 0.000000e+00
4.752000e+01 0.000000e+00 0.000000e+00
4.753000e+01 0.000000e+00 0.000000e+00
4.754000e+01 0.000000e+00 0.000000e+00
4.755000e+01 0.000000e+00 0.000000e+00
4.756000e+01 0.000000e+00 0.000000e+00
4.757000e+01 0.000000e+00 0.000000e+00
4.758000e+01 0.000000e+00 0.000000e+00
4.759000e+01 0.000000e+00 0.000000e+00
4.760000e+01 0.000000e+00 0.000000e+00
4.761000e+01 0.000000e+00 0.000000e+00
4.762000e+01 0.000000e+00 0.000000e+00
4.763000e+01 0.000000e+00 0.000000e+00
4.764000e+01 0.000000e+00 0.000000e+00
4.765000e+01 0.000000e+00 0.000000e+00
4.766000e+01 0.000000e+00 0.000000e+00
4.767000e+01 0.000000e+00 0.000000e+00
4.768000e+01 0.000000e+00 0.000000e+00
4.769000e+01 0.000000e+00 0.000000e+00
4.770000e+01 0.000000e+00 0.000000e+00
4.771000e+01 0.000000e+00 0.000000e+00
4.772000e+01 0.000000e+00 0.000000e+00
4.773000e+01 0.000000e+00 0.000000e+00
4.774000e+01 0.000000e+00 0.000000e+00
4.775000e+01 0.000000e+00 0.000000e+00
4.776000e+01 0.000000e+00 0.000000e+00
4.777000e+01 0.000000e+00 0.000000e+00
4.778000e+01 0.000000e+00 0.000000e+00
4.779000e+01 0.000000e+00 0.000000e+00
4.780000e+01 0.000000e+00 0.000000e+00
4.781000e+01 0.000000e+00 0.000000e+00
4.782000e+01 0.000000e+00 0.000000e+00
4.783000e+01 0.000000e+00 0.000000e+00
4.784000e+01 0.000000e+00 0.000000e+00
4.785000e+01 0.000000e+00 0.000000e+00
4.786000e+01 0.000000e+00 0.000000e+00
4.787000e+01 0.000000e+00 0.000000e+00
4.788000e+01 0.000000e+00 0.000000e+00
4.789000e+01 0.000000e+00 0.000000e+00
4.790000e+01 0.000000e+00 0.000000e+00
4.791000e+01 0.000000e+00 0.000000e+00
4.792000e+01 0.000000e+00 0.000000e+00
4.793000e+01 0.000000e+00 0.000000e+00
4.794000e+01 0.000000e+00 0.000000e+00
4.795000e+01 0.000000e+00 0.000000e+00
4.796000e+01 0.000000e+00 0.000000e+00
4.797000e+01 0.000000e+00 0.000000e+00
4.798000e+01 0.000000e+00 0.000000e+00
4.799000e+01 0.000000e+00 0.000000e+00
4.800000e+01 0.000000e+00 0.000000e+00
4.801000e+01 0.000000e+00 0.000000e+00
4.802000e+01 0.000000e+00 0.000000e+00
4.803000e+01 0.000000e+00 0.000000e+00
4.804000e+01 0.000000e+00 0.000000e+00
4.805000e+01 0.000000e+00 0.000000e+00
4.806000e+01 0.000000e+00 0.000000e+00
4.807000e+01 0.000000e+00 0.000000e+00
4.808000e+01 0.000000e+00 0.000000e+00
4.809000e+01 0.000000e+00 0.000000e+00
4.810000e+01 0.000000e+00 0.000000e+00
4.811000e+01 0.000000e+00 0.000000e+00
4.812000e+01 0.000000e+00 0.000000e+00
4.813000e+01 0.000000e+00 0.000000e+00
4.814000e+01 0.000000e+00 0.000000e+00
4.815000e+01 0.000000e+00 0.000000e+00
4.816000e+01 0.000000e+00 0.000000e+00
4.817000e+01 0.000000e+00 0.000000e+00
4.818000e+01 0.000000e+00 0.000000e+00
4.819000e+01 0.000000e+00 0.000000e+00
4.820000e+01 0.000000e+00 0.000000e+00
4.821000e+01 0.000000e+00 0.000000e+00
4.822000e+01 0.000000e+00 0.000000e+00
4.823000e+01 0.000000e+00 0.000000e+00
4.824000e+01 0.000000e+00 0.000000e+00
4.825000e+01 0.000000e+00 0.000000e+00
4.826000e+01 0.000000e+00 0.000000e+00
4.827000e+01 0.000000e+00 0.000000e+00
4.828000e+01 0.000000e+00 0.000000e+00
4.829000e+01 0.000000e+00 0.000000e+00
4.830000e+01 0.000000e+00 0.000000e+00
4.831000e+01 0.000000e+00 0.000000e+00
4.832000e+01 0.000000e+00 0.000000e+00
4.833000e+01 0.000000e+00 0.000000e+00
4.834000e+01 0.000000e+00 0.000000e+00
4.835000e+01 0.000000e+00 0.000000e+00
4.836000e+01 0.000000e+00 0.000000e+00
4.837000e+01 0.000000e+00 0.000000e+00
4.838000e+01 0.000000e+00 0.000000e+00
4.839000e+01 0.000000e+00 0.000000e+00
4.840000e+01 0.000000e+00 0.000000e+00
4.841000e+01 0.000000e+00 0.000000e+00
4.842000e+01 0.000000e+00 0.000000e+00
4.843000e+01 0.000000e+00 0.000000e+00
4.844000e+01 0.000000e+00 0.000000e+00
4.845000e+01 0.000000e+00 0.000000e+00
4.846000e+01 0.000000e+00 0.000000e+00
4.847000e+01 0.000000e+00 0.000000e+00
4.848000e+01 0.000000e+00 0.000000e+00
4.849000e+01 0.000000e+00 0.000000e+00
4.850000e+01 0.000000e+00 0.000000e+00
4.851000e+01 0.000000e+00 0.000000e+00
4.852000e+01 0.000000e+00 0.000000e+00
4.853000e+01 0.000000e+00 0.000000e+00
4.854000e+01 0.000000e+00 0.000000e+00
4.855000e+01 0.000000e+00 0.000000e+00
4.856000e+01 0.000000e+00 0.000000e+00
4.857000e+01 0.000000e+00 0.000000e+00
4.858000e+01 0.000000e+00 0.000000e+00
4.859000e+01 0.000000e+00 0.000000e+00
4.860000e+01 0.000000e+00 0.000000e+00
4.861000e+01 0.000000e+00 0.000000e+00
4.862000e+01 0.000000e+00 0.000000e+00
4.863000e+01 0.000000e+00 0.000000e+00
4.864000e+01 0.000000e+00 0.000000e+00
4.865000e+01 0.000000e+00 0.000000e+00
4.866000e+01 0.000000e+00 0.000000e+00
4.867000e+01 0.000000e+00 0.000000e+00
4.868000e+01 0.000000e+00 0.000000e+00
4.869000e+01 0.000000e+00 0.000000e+00
4.870000e+01 0.000000e+00 0.000000e+00
4.871000e+01 0.000000e+00 0.000000e+00
4.872000e+01 0.000000e+00 0.000000e+00
4.873000e+01 0.000000e+00 0.000000e+00
4.874000e+01 0.000000e+00 0.000000e+00
4.875000e+01 0.000000e+00 0.000000e+00
4.876000e+01 0.000000e+00 0.000000e+00
4.877000e+01 0.000000e+00 0.000000e+00
4.878000e+01 0.000000e+00 0.000000e+00
4.879000e+01 0.000000e+00 0.000000e+00
4.880000e+01 0.000000e+00 0.000000e+00
4.881000e+01 0.000000e+00 0.000000e+00
4.882000e+01 0.000000e+00 0.000000e+00
4.883000e+01 0.000000e+00 0.000000e+00
4.884000e+01 0.000000e+00 0.000000e+00
4.885000e+01 0.000000e+00 0.000000e+00
4.886000e+01 0.000000e+00 0.000000e+00
4.887000e+01 0.000000e+00 0.000000e+00
4.888000e+01 0.000000e+00 0.000000e+00
4.889000e+01 0.000000e+00 0.000000e+00
4.890000e+01 0.000000e+00 0.000000e+00
4.891000e+01 0.000000e+00 0.000000e+00
4.892000e+01 0.000000e+00 0.000000e+00
4.893000e+01 0.000000e+00 0.000000e+00
4.894000e+01 0.000000e+00 0.000000e+00
4.895000e+01 0.000000e+00 0.000000e+00
4.896000e+01 0.000000e+00 0.000000e+00
4.897000e+01 0.000000e+00 0.000000e+00
4.898000e+01 0.000000e+00 0.000000e+00
4.899000e+01 0.000000e+00 0.000000e+00
4.900000e+01 0.000000e+00 0.000000e+00
4.901000e+01 0.000000e+00 0.000000e+00
4.902000e+01 0.000000e+00 0.000000e+00
4.903000e+01 0.000000e+00 0.000000e+00
4.904000e+01 0.000000e+00 0.000000e+00
4.905000e+01 0.000000e+00 0.000000e+00
4.906000e+01 0.000000e+00 0.000000e+00
4.907000e+01 0.000000e+00 0.000000e+00
4.908000e+01 0.000000e+00 0.000000e+00
4.909000e+01 0.000000e+00 0.000000e+00
4.910000e+01 0.000000e+00 0.000000e+00
4.911000e+01 0.000000e+00 0.000000e+00
4.912000e+01 0.000000e+00 0.000000e+00
4.913000e+01 0.000000e+00 0.000000e+00
4.914000e+01 0.000000e+00 0.000000e+00
4.915000e+01 0.000000e+00 0.000000e+00
4.916000e+01 0.000000e+00 0.000000e+00
4.917000e+01 0.000000e+00 0.000000e+00
4.918000e+01 0.000000e+00 0.000000e+00
4.919000e+01 0.000000e+00 0.000000e+00
4.920000e+01 0.000000e+00 0.000000e+00
4.921000e+01 0.000000e+00 0.000000e+00
4.922000e+01 0.000000e+00 0.000000e+00
4.923000e+01 0.000000e+00 0.000000e+00
4.924000e+01 0.000000e+00 0.000000e+00
4.925000e+01 0.000000e+00 0.000000e+00
4.926000e+01 0.000000e+00 0.000000e+00
4.927000e+01 0.000000e+00 0.000000e+00
4.928000e+01 0.000000e+00 0.000000e+00
4.929000e+01 0.000000e+00 0.000000e+00
4.930000e+01 0.000000e+00 0.000000e+00
4.931000e+01 0.000000e+00 0.000000e+00
4.932000e+01 0.000000e+00 0.000000e+00
4.933000e+01 0.000000e+00 0.000000e+00
4.934000e+01 0.000000e+00 0.000000e+00
4.935000e+01 0.000000e+00 0.000000e+00
4.936000e+01 0.000000e+00 0.000000e+00
4.937000e+01 0.000000e+00 0.000000e+00
4.938000e+01 0.000000e+00 0.000000e+00
4.939000e+01 0.000000e+00 0.000000e+00
4.940000e+01 0.000000e+00 0.000000e+00
4.941000e+01 0.000000e+00 0.000000e+00
4.942000e+01 0.000000e+00 0.000000e+00
4.943000e+01 0.000000e+00 0.000000e+00
4.944000e+01 0.000000e+00 0.000000e+00
4.945000e+01 0.000000e+00 0.000000e+00
4.946000e+01 0.000000e+00 0.000000e+00
4.947000e+01 0.000000e+00 0.000000e+00
4.948000e+01 0.000000e+00 0.000000e+00
4.949000e+01 0.000000e+00 0.000000e+00
4.950000e+01 0.000000e+00 0.000000e+00
4.951000e+01 0.000000e+00 0.000000e+00
4.952000e+01 0.000000e+00 0.000000e+00
4.953000e+01 0.000000e+00 0.000000e+00
4.954000e+01 0.000000e+00 0.000000e+00
4.955000e+01 0.000000e+00 0.000000e+00
4.956000e+01 0.000000e+00 0.000000e+00
4.957000e+01 0.000000e+00 0.000000e+00
4.958000e+01 0.000000e+00 0.000000e+00
4.959000e+01 0.000000e+00 0.000000e+00
4.960000e+01 0.000000e+00 0.000000e+00
4.961000e+01 0.000000e+00 0.000000e+00
4.962000e+01 0.000000e+00 0.000000e+00
4.963000e+01 0.000000e+00 0.000000e+00
4.964000e+01 0.000000e+00 0.000000e+00
4.965000e+01 0.000000e+00 0.000000e+00
4.966000e+01 0.000000e+00 0.000000e+00
4.967000e+01 0.000000e+00 0.000000e+00
4.968000e+01 0.000000e+00 0.000000e+00
4.969000e+01 0.000000e+00 0.000000e+00
4.970000e+01 0.000000e+00 0.000000e+00
4.971000e+01 0.000000e+00 0.000000e+00
4.972000e+01 0.000000e+00 0.000000e+00
4.973000e+01 0.000000e+00 0.000000e+00
4.974000e+01 0.000000e+00 0.000000e+00
4.975000e+01 0.000000e+00 0.000000e+00
4.976000e+01 0.000000e+00 0.000000e+00
4.977000e+01 0.000000e+00 0.000000e+00
4.978000e+01 0.000000e+00 0.000000e+00
4.979000e+01 0.000000e+00 0.000000e+00
4.980000e+01 0.000000e+00 0.000000e+00
4.981000e+01 0.000000e+00 0.000000e+00
4.982000e+01 0.000000e+00 0.000000e+00
4.983000e+01 0.000000e+00 0.000000e+00
4.984000e+01 0.000000e+00 0.000000e+00
4.985000e+01 0.000000e+00 0.000000e+00
4.986000e+01 0.000000e+00 0.000000e+00
4.987000e+01 0.000000e+00 0.000000e+00
4.988000e+01 0.000000e+00 0.000000e+00
4.989000e+01 0.000000e+00 0.000000e+00
4.990000e+01 0.000000e+00 0.000000e+00
4.991000e+01 0.000000e+00 0.000000e+00
4.992000e+01 0.000000e+00 0.000000e+00
4.993000e+01 0.000000e+00 0.000000e+00
4.994000e+01 0.000000e+00 0.000000e+00
4.995000e+01 0.000000e+00 0.000000e+00
4.996000e+01 0.000000e+00 0.000000e+00
4.997000e+01 0.000000e+00 0.000000e+00
4.998000e+01 0.000000e+00 0.000000e+00
4.999000e+01 0.000000e+00 0.000000e+00
5.000000e+01 0.000000e+00 0.000000e+00
