# Freq(GHz) Re(Z) Im(Z)
0.000000e+00 0.000000e+00 0.000000e+00
1.000000e-02 4.172734e+06 4.237418e+06
2.000000e-02 2.951993e+06 3.014516e+06
3.000000e-02 2.418967e+06 2.480784e+06
4.000000e-02 2.088205e+06 2.149650e+06
5.000000e-02 1.867561e+06 1.928789e+06
6.000000e-02 1.710575e+06 1.771667e+06
7.000000e-02 1.585847e+06 1.646838e+06
8.000000e-02 1.477072e+06 1.537980e+06
9.000000e-02 1.398762e+06 1.459616e+06
1.000000e-01 1.320459e+06 1.381259e+06
1.100000e-01 1.265008e+06 1.325775e+06
1.200000e-01 1.209564e+06 1.270297e+06
1.300000e-01 1.160770e+06 1.221475e+06
1.400000e-01 1.121516e+06 1.182200e+06
1.500000e-01 1.082262e+06 1.142926e+06
1.600000e-01 1.044740e+06 1.105384e+06
1.700000e-01 1.016949e+06 1.077579e+06
1.800000e-01 9.891572e+05 1.049775e+06
1.900000e-01 9.613659e+05 1.021971e+06
2.000000e-01 9.339590e+05 9.945509e+05
2.100000e-01 9.142831e+05 9.748670e+05
2.200000e-01 8.946072e+05 9.551831e+05
2.300000e-01 8.749313e+05 9.354992e+05
2.400000e-01 8.552554e+05 9.158153e+05
2.500000e-01 8.355796e+05 8.961314e+05
2.600000e-01 8.209664e+05 8.815130e+05
2.700000e-01 8.070363e+05 8.675779e+05
2.800000e-01 7.931061e+05 8.536428e+05
2.900000e-01 7.791759e+05 8.397078e+05
3.000000e-01 7.652458e+05 8.257727e+05
3.100000e-01 7.513156e+05 8.118376e+05
3.200000e-01 7.389199e+05 7.994378e+05
3.300000e-01 7.290577e+05 7.895726e+05
3.400000e-01 7.191954e+05 7.797074e+05
3.500000e-01 7.093332e+05 7.698422e+05
3.600000e-01 6.994709e+05 7.599769e+05
3.700000e-01 6.896086e+05 7.501117e+05
3.800000e-01 6.797464e+05 7.402465e+05
3.900000e-01 6.698841e+05 7.303813e+05
4.000000e-01 6.605670e+05 7.210615e+05
4.100000e-01 6.535848e+05 7.140775e+05
4.200000e-01 6.466025e+05 7.070935e+05
4.300000e-01 6.396203e+05 7.001095e+05
4.400000e-01 6.326380e+05 6.931255e+05
4.500000e-01 6.256558e+05 6.861415e+05
4.600000e-01 6.186736e+05 6.791575e+05
4.700000e-01 6.116913e+05 6.721736e+05
4.800000e-01 6.047091e+05 6.651896e+05
4.900000e-01 5.977269e+05 6.582056e+05
5.000000e-01 5.907446e+05 6.512216e+05
5.100000e-01 5.855593e+05 6.460352e+05
5.200000e-01 5.806161e+05 6.410910e+05
5.300000e-01 5.756728e+05 6.361467e+05
5.400000e-01 5.707296e+05 6.312025e+05
5.500000e-01 5.657863e+05 6.262583e+05
5.600000e-01 5.608431e+05 6.213140e+05
5.700000e-01 5.558999e+05 6.163698e+05
5.800000e-01 5.509566e+05 6.114256e+05
5.900000e-01 5.460134e+05 6.064813e+05
6.000000e-01 5.410702e+05 6.015371e+05
6.100000e-01 5.361269e+05 5.965929e+05
6.200000e-01 5.311837e+05 5.916486e+05
6.300000e-01 5.262404e+05 5.867044e+05
6.400000e-01 5.226026e+05 5.830659e+05
6.500000e-01 5.191029e+05 5.795657e+05
6.600000e-01 5.156032e+05 5.760655e+05
6.700000e-01 5.121036e+05 5.725653e+05
6.800000e-01 5.086039e+05 5.690651e+05
6.900000e-01 5.051042e+05 5.655649e+05
7.000000e-01 5.016046e+05 5.620647e+05
7.100000e-01 4.981049e+05 5.585645e+05
7.200000e-01 4.946052e+05 5.550643e+05
7.300000e-01 4.911056e+05 5.515641e+05
7.400000e-01 4.876059e+05 5.480639e+05
7.500000e-01 4.841062e+05 5.445637e+05
7.600000e-01 4.806066e+05 5.410635e+05
7.700000e-01 4.771069e+05 5.375633e+05
7.800000e-01 4.736072e+05 5.340631e+05
7.900000e-01 4.701076e+05 5.305628e+05
8.000000e-01 4.671876e+05 5.276425e+05
8.100000e-01 4.647099e+05 5.251645e+05
8.200000e-01 4.622322e+05 5.226866e+05
8.300000e-01 4.597546e+05 5.202087e+05
8.400000e-01 4.572769e+05 5.177308e+05
8.500000e-01 4.547993e+05 5.152529e+05
8.600000e-01 4.523216e+05 5.127750e+05
8.700000e-01 4.498440e+05 5.102970e+05
8.800000e-01 4.473663e+05 5.078191e+05
8.900000e-01 4.448887e+05 5.053412e+05
9.000000e-01 4.424110e+05 5.028633e+05
9.100000e-01 4.399333e+05 5.003854e+05
9.200000e-01 4.374557e+05 4.979075e+05
9.300000e-01 4.349780e+05 4.954296e+05
9.400000e-01 4.325004e+05 4.929516e+05
9.500000e-01 4.300227e+05 4.904737e+05
9.600000e-01 4.275451e+05 4.879958e+05
9.700000e-01 4.250674e+05 4.855179e+05
9.800000e-01 4.225898e+05 4.830400e+05
9.900000e-01 4.201121e+05 4.805621e+05
1.000000e+00 4.176353e+05 4.780850e+05
1.010000e+00 4.158803e+05 4.763299e+05
1.020000e+00 4.141262e+05 4.745758e+05
1.030000e+00 4.123722e+05 4.728216e+05
1.040000e+00 4.106181e+05 4.710674e+05
1.050000e+00 4.088640e+05 4.693132e+05
1.060000e+00 4.071099e+05 4.675590e+05
1.070000e+00 4.053558e+05 4.658048e+05
1.080000e+00 4.036017e+05 4.640506e+05
1.090000e+00 4.018476e+05 4.622964e+05
1.100000e+00 4.000935e+05 4.605422e+05
1.110000e+00 3.983394e+05 4.587880e+05
1.120000e+00 3.965853e+05 4.570338e+05
1.130000e+00 3.948312e+05 4.552796e+05
1.140000e+00 3.930771e+05 4.535254e+05
1.150000e+00 3.913230e+05 4.517712e+05
1.160000e+00 3.895689e+05 4.500170e+05
1.170000e+00 3.878148e+05 4.482629e+05
1.180000e+00 3.860607e+05 4.465087e+05
1.190000e+00 3.843066e+05 4.447545e+05
1.200000e+00 3.825525e+05 4.430003e+05
1.210000e+00 3.807984e+05 4.412461e+05
1.220000e+00 3.790443e+05 4.394919e+05
1.230000e+00 3.772902e+05 4.377377e+05
1.240000e+00 3.755361e+05 4.359835e+05
1.250000e+00 3.737820e+05 4.342293e+05
1.260000e+00 3.720830e+05 4.325302e+05
1.270000e+00 3.708411e+05 4.312883e+05
1.280000e+00 3.695993e+05 4.300465e+05
1.290000e+00 3.683575e+05 4.288047e+05
1.300000e+00 3.671156e+05 4.275628e+05
1.310000e+00 3.658738e+05 4.263210e+05
1.320000e+00 3.646319e+05 4.250791e+05
1.330000e+00 3.633901e+05 4.238373e+05
1.340000e+00 3.621483e+05 4.225955e+05
1.350000e+00 3.609064e+05 4.213536e+05
1.360000e+00 3.596646e+05 4.201118e+05
1.370000e+00 3.584228e+05 4.188699e+05
1.380000e+00 3.571809e+05 4.176281e+05
1.390000e+00 3.559391e+05 4.163863e+05
1.400000e+00 3.546972e+05 4.151444e+05
1.410000e+00 3.534554e+05 4.139026e+05
1.420000e+00 3.522136e+05 4.126607e+05
1.430000e+00 3.509717e+05 4.114189e+05
1.440000e+00 3.497299e+05 4.101771e+05
1.450000e+00 3.484881e+05 4.089352e+05
1.460000e+00 3.472462e+05 4.076934e+05
1.470000e+00 3.460044e+05 4.064515e+05
1.480000e+00 3.447625e+05 4.052097e+05
1.490000e+00 3.435207e+05 4.039679e+05
1.500000e+00 3.422789e+05 4.027260e+05
1.510000e+00 3.410370e+05 4.014842e+05
1.520000e+00 3.397952e+05 4.002423e+05
1.530000e+00 3.385534e+05 3.990005e+05
1.540000e+00 3.373115e+05 3.977587e+05
1.550000e+00 3.360697e+05 3.965168e+05
1.560000e+00 3.348278e+05 3.952750e+05
1.570000e+00 3.335860e+05 3.940331e+05
1.580000e+00 3.323442e+05 3.927913e+05
1.590000e+00 3.312875e+05 3.917347e+05
1.600000e+00 3.304084e+05 3.908556e+05
1.610000e+00 3.295292e+05 3.899765e+05
1.620000e+00 3.286500e+05 3.890973e+05
1.630000e+00 3.277709e+05 3.882182e+05
1.640000e+00 3.268917e+05 3.873391e+05
1.650000e+00 3.260125e+05 3.864600e+05
1.660000e+00 3.251333e+05 3.855808e+05
1.670000e+00 3.242542e+05 3.847017e+05
1.680000e+00 3.233750e+05 3.838226e+05
1.690000e+00 3.224958e+05 3.829435e+05
1.700000e+00 3.216167e+05 3.820643e+05
1.710000e+00 3.207375e+05 3.811852e+05
1.720000e+00 3.198583e+05 3.803061e+05
1.730000e+00 3.189791e+05 3.794270e+05
1.740000e+00 3.181000e+05 3.785479e+05
1.750000e+00 3.172208e+05 3.776687e+05
1.760000e+00 3.163416e+05 3.767896e+05
1.770000e+00 3.154625e+05 3.759105e+05
1.780000e+00 3.145833e+05 3.750314e+05
1.790000e+00 3.137041e+05 3.741522e+05
1.800000e+00 3.128249e+05 3.732731e+05
1.810000e+00 3.119458e+05 3.723940e+05
1.820000e+00 3.110666e+05 3.715149e+05
1.830000e+00 3.101874e+05 3.706357e+05
1.840000e+00 3.093083e+05 3.697566e+05
1.850000e+00 3.084291e+05 3.688775e+05
1.860000e+00 3.075499e+05 3.679984e+05
1.870000e+00 3.066707e+05 3.671193e+05
1.880000e+00 3.057916e+05 3.662401e+05
1.890000e+00 3.049124e+05 3.653610e+05
1.900000e+00 3.040332e+05 3.644819e+05
1.910000e+00 3.031540e+05 3.636028e+05
1.920000e+00 3.022749e+05 3.627236e+05
1.930000e+00 3.013957e+05 3.618445e+05
1.940000e+00 3.005165e+05 3.609654e+05
1.950000e+00 2.996374e+05 3.600863e+05
1.960000e+00 2.987582e+05 3.592072e+05
1.970000e+00 2.978790e+05 3.583280e+05
1.980000e+00 2.969998e+05 3.574489e+05
1.990000e+00 2.961207e+05 3.565698e+05
2.000000e+00 2.953631e+05 3.558123e+05
2.010000e+00 2.947407e+05 3.551900e+05
2.020000e+00 2.941183e+05 3.545676e+05
2.030000e+00 2.934959e+05 3.539453e+05
2.040000e+00 2.928735e+05 3.533229e+05
2.050000e+00 2.922511e+05 3.527006e+05
2.060000e+00 2.916287e+05 3.520783e+05
2.070000e+00 2.910062e+05 3.514559e+05
2.080000e+00 2.903838e+05 3.508336e+05
2.090000e+00 2.897614e+05 3.502112e+05
2.100000e+00 2.891390e+05 3.495889e+05
2.110000e+00 2.885166e+05 3.489666e+05
2.120000e+00 2.878942e+05 3.483442e+05
2.130000e+00 2.872718e+05 3.477219e+05
2.140000e+00 2.866493e+05 3.470995e+05
2.150000e+00 2.860269e+05 3.464772e+05
2.160000e+00 2.854045e+05 3.458549e+05
2.170000e+00 2.847821e+05 3.452325e+05
2.180000e+00 2.841597e+05 3.446102e+05
2.190000e+00 2.835373e+05 3.439878e+05
2.200000e+00 2.829149e+05 3.433655e+05
2.210000e+00 2.822924e+05 3.427432e+05
2.220000e+00 2.816700e+05 3.421208e+05
2.230000e+00 2.810476e+05 3.414985e+05
2.240000e+00 2.804252e+05 3.408761e+05
2.250000e+00 2.798028e+05 3.402538e+05
2.260000e+00 2.791804e+05 3.396314e+05
2.270000e+00 2.785580e+05 3.390091e+05
2.280000e+00 2.779355e+05 3.383868e+05
2.290000e+00 2.773131e+05 3.377644e+05
2.300000e+00 2.766907e+05 3.371421e+05
2.310000e+00 2.760683e+05 3.365197e+05
2.320000e+00 2.754459e+05 3.358974e+05
2.330000e+00 2.748235e+05 3.352751e+05
2.340000e+00 2.742011e+05 3.346527e+05
2.350000e+00 2.735786e+05 3.340304e+05
2.360000e+00 2.729562e+05 3.334080e+05
2.370000e+00 2.723338e+05 3.327857e+05
2.380000e+00 2.717114e+05 3.321634e+05
2.390000e+00 2.710890e+05 3.315410e+05
2.400000e+00 2.704666e+05 3.309187e+05
2.410000e+00 2.698442e+05 3.302963e+05
2.420000e+00 2.692217e+05 3.296740e+05
2.430000e+00 2.685993e+05 3.290516e+05
2.440000e+00 2.679769e+05 3.284293e+05
2.450000e+00 2.673545e+05 3.278070e+05
2.460000e+00 2.667321e+05 3.271846e+05
2.470000e+00 2.661097e+05 3.265623e+05
2.480000e+00 2.654873e+05 3.259399e+05
2.490000e+00 2.648648e+05 3.253176e+05
2.500000e+00 2.642424e+05 3.246953e+05
2.510000e+00 2.636200e+05 3.240729e+05
2.520000e+00 2.631451e+05 3.235981e+05
2.530000e+00 2.627044e+05 3.231575e+05
2.540000e+00 2.622638e+05 3.227170e+05
2.550000e+00 2.618232e+05 3.222764e+05
2.560000e+00 2.613825e+05 3.218359e+05
2.570000e+00 2.609419e+05 3.213953e+05
2.580000e+00 2.605013e+05 3.209547e+05
2.590000e+00 2.600606e+05 3.205142e+05
2.600000e+00 2.596200e+05 3.200736e+05
2.610000e+00 2.591793e+05 3.196331e+05
2.620000e+00 2.587387e+05 3.191925e+05
2.630000e+00 2.582981e+05 3.187520e+05
2.640000e+00 2.578574e+05 3.183114e+05
2.650000e+00 2.574168e+05 3.178709e+05
2.660000e+00 2.569762e+05 3.174303e+05
2.670000e+00 2.565355e+05 3.169898e+05
2.680000e+00 2.560949e+05 3.165492e+05
2.690000e+00 2.556542e+05 3.161086e+05
2.700000e+00 2.552136e+05 3.156681e+05
2.710000e+00 2.547730e+05 3.152275e+05
2.720000e+00 2.543323e+05 3.147870e+05
2.730000e+00 2.538917e+05 3.143464e+05
2.740000e+00 2.534511e+05 3.139059e+05
2.750000e+00 2.530104e+05 3.134653e+05
2.760000e+00 2.525698e+05 3.130248e+05
2.770000e+00 2.521292e+05 3.125842e+05
2.780000e+00 2.516885e+05 3.121437e+05
2.790000e+00 2.512479e+05 3.117031e+05
2.800000e+00 2.508072e+05 3.112625e+05
2.810000e+00 2.503666e+05 3.108220e+05
2.820000e+00 2.499260e+05 3.103814e+05
2.830000e+00 2.494853e+05 3.099409e+05
2.840000e+00 2.490447e+05 3.095003e+05
2.850000e+00 2.486041e+05 3.090598e+05
2.860000e+00 2.481634e+05 3.086192e+05
2.870000e+00 2.477228e+05 3.081787e+05
2.880000e+00 2.472821e+05 3.077381e+05
2.890000e+00 2.468415e+05 3.072975e+05
2.900000e+00 2.464009e+05 3.068570e+05
2.910000e+00 2.459602e+05 3.064164e+05
2.920000e+00 2.455196e+05 3.059759e+05
2.930000e+00 2.450790e+05 3.055353e+05
2.940000e+00 2.446383e+05 3.050948e+05
2.950000e+00 2.441977e+05 3.046542e+05
2.960000e+00 2.437570e+05 3.042137e+05
2.970000e+00 2.433164e+05 3.037731e+05
2.980000e+00 2.428758e+05 3.033326e+05
2.990000e+00 2.424351e+05 3.028920e+05
3.000000e+00 2.419945e+05 3.024514e+05
3.010000e+00 2.415539e+05 3.020109e+05
3.020000e+00 2.411132e+05 3.015703e+05
3.030000e+00 2.406726e+05 3.011298e+05
3.040000e+00 2.402319e+05 3.006892e+05
3.050000e+00 2.397913e+05 3.002487e+05
3.060000e+00 2.393507e+05 2.998081e+05
3.070000e+00 2.389100e+05 2.993676e+05
3.080000e+00 2.384694e+05 2.989270e+05
3.090000e+00 2.380288e+05 2.984865e+05
3.100000e+00 2.375881e+05 2.980459e+05
3.110000e+00 2.371475e+05 2.976053e+05
3.120000e+00 2.367068e+05 2.971648e+05
3.130000e+00 2.362662e+05 2.967242e+05
3.140000e+00 2.358256e+05 2.962837e+05
3.150000e+00 2.353849e+05 2.958431e+05
3.160000e+00 2.349443e+05 2.954026e+05
3.170000e+00 2.346030e+05 2.950614e+05
3.180000e+00 2.342911e+05 2.947495e+05
3.190000e+00 2.339792e+05 2.944377e+05
3.200000e+00 2.336672e+05 2.941258e+05
3.210000e+00 2.333553e+05 2.938140e+05
3.220000e+00 2.330433e+05 2.935021e+05
3.230000e+00 2.327314e+05 2.931902e+05
3.240000e+00 2.324194e+05 2.928784e+05
3.250000e+00 2.321075e+05 2.925665e+05
3.260000e+00 2.317956e+05 2.922547e+05
3.270000e+00 2.314836e+05 2.919428e+05
3.280000e+00 2.311717e+05 2.916309e+05
3.290000e+00 2.308597e+05 2.913191e+05
3.300000e+00 2.305478e+05 2.910072e+05
3.310000e+00 2.302358e+05 2.906954e+05
3.320000e+00 2.299239e+05 2.903835e+05
3.330000e+00 2.296120e+05 2.900716e+05
3.340000e+00 2.293000e+05 2.897598e+05
3.350000e+00 2.289881e+05 2.894479e+05
3.360000e+00 2.286761e+05 2.891360e+05
3.370000e+00 2.283642e+05 2.888242e+05
3.380000e+00 2.280522e+05 2.885123e+05
3.390000e+00 2.277403e+05 2.882005e+05
3.400000e+00 2.274284e+05 2.878886e+05
3.410000e+00 2.271164e+05 2.875767e+05
3.420000e+00 2.268045e+05 2.872649e+05
3.430000e+00 2.264925e+05 2.869530e+05
3.440000e+00 2.261806e+05 2.866412e+05
3.450000e+00 2.258686e+05 2.863293e+05
3.460000e+00 2.255567e+05 2.860174e+05
3.470000e+00 2.252448e+05 2.857056e+05
3.480000e+00 2.249328e+05 2.853937e+05
3.490000e+00 2.246209e+05 2.850819e+05
3.500000e+00 2.243089e+05 2.847700e+05
3.510000e+00 2.239970e+05 2.844581e+05
3.520000e+00 2.236850e+05 2.841463e+05
3.530000e+00 2.233731e+05 2.838344e+05
3.540000e+00 2.230612e+05 2.835226e+05
3.550000e+00 2.227492e+05 2.832107e+05
3.560000e+00 2.224373e+05 2.828988e+05
3.570000e+00 2.221253e+05 2.825870e+05
3.580000e+00 2.218134e+05 2.822751e+05
3.590000e+00 2.215014e+05 2.819633e+05
3.600000e+00 2.211895e+05 2.816514e+05
3.610000e+00 2.208775e+05 2.813395e+05
3.620000e+00 2.205656e+05 2.810277e+05
3.630000e+00 2.202537e+05 2.807158e+05
3.640000e+00 2.199417e+05 2.804040e+05
3.650000e+00 2.196298e+05 2.800921e+05
3.660000e+00 2.193178e+05 2.797802e+05
3.670000e+00 2.190059e+05 2.794684e+05
3.680000e+00 2.186939e+05 2.791565e+05
3.690000e+00 2.183820e+05 2.788446e+05
3.700000e+00 2.180701e+05 2.785328e+05
3.710000e+00 2.177581e+05 2.782209e+05
3.720000e+00 2.174462e+05 2.779091e+05
3.730000e+00 2.171342e+05 2.775972e+05
3.740000e+00 2.168223e+05 2.772853e+05
3.750000e+00 2.165103e+05 2.769735e+05
3.760000e+00 2.161984e+05 2.766616e+05
3.770000e+00 2.158865e+05 2.763498e+05
3.780000e+00 2.155745e+05 2.760379e+05
3.790000e+00 2.152626e+05 2.757260e+05
3.800000e+00 2.149506e+05 2.754142e+05
3.810000e+00 2.146387e+05 2.751023e+05
3.820000e+00 2.143267e+05 2.747905e+05
3.830000e+00 2.140148e+05 2.744786e+05
3.840000e+00 2.137029e+05 2.741667e+05
3.850000e+00 2.133909e+05 2.738549e+05
3.860000e+00 2.130790e+05 2.735430e+05
3.870000e+00 2.127670e+05 2.732312e+05
3.880000e+00 2.124551e+05 2.729193e+05
3.890000e+00 2.121431e+05 2.726074e+05
3.900000e+00 2.118312e+05 2.722956e+05
3.910000e+00 2.115193e+05 2.719837e+05
3.920000e+00 2.112073e+05 2.716719e+05
3.930000e+00 2.108954e+05 2.713600e+05
3.940000e+00 2.105834e+05 2.710481e+05
3.950000e+00 2.102715e+05 2.707363e+05
3.960000e+00 2.099595e+05 2.704244e+05
3.970000e+00 2.096476e+05 2.701126e+05
3.980000e+00 2.093357e+05 2.698007e+05
3.990000e+00 2.091051e+05 2.695702e+05
4.000000e+00 2.088842e+05 2.693494e+05
4.010000e+00 2.086634e+05 2.691287e+05
4.020000e+00 2.084426e+05 2.689079e+05
4.030000e+00 2.082217e+05 2.686872e+05
4.040000e+00 2.080009e+05 2.684664e+05
4.050000e+00 2.077801e+05 2.682457e+05
4.060000e+00 2.075592e+05 2.680249e+05
4.070000e+00 2.073384e+05 2.678042e+05
4.080000e+00 2.071176e+05 2.675834e+05
4.090000e+00 2.068968e+05 2.673627e+05
4.100000e+00 2.066759e+05 2.671419e+05
4.110000e+00 2.064551e+05 2.669211e+05
4.120000e+00 2.062343e+05 2.667004e+05
4.130000e+00 2.060134e+05 2.664796e+05
4.140000e+00 2.057926e+05 2.662589e+05
4.150000e+00 2.055718e+05 2.660381e+05
4.160000e+00 2.053509e+05 2.658174e+05
4.170000e+00 2.051301e+05 2.655966e+05
4.180000e+00 2.049093e+05 2.653759e+05
4.190000e+00 2.046885e+05 2.651551e+05
4.200000e+00 2.044676e+05 2.649344e+05
4.210000e+00 2.042468e+05 2.647136e+05
4.220000e+00 2.040260e+05 2.644929e+05
4.230000e+00 2.038051e+05 2.642721e+05
4.240000e+00 2.035843e+05 2.640514e+05
4.250000e+00 2.033635e+05 2.638306e+05
4.260000e+00 2.031426e+05 2.636099e+05
4.270000e+00 2.029218e+05 2.633891e+05
4.280000e+00 2.027010e+05 2.631684e+05
4.290000e+00 2.024802e+05 2.629476e+05
4.300000e+00 2.022593e+05 2.627268e+05
4.310000e+00 2.020385e+05 2.625061e+05
4.320000e+00 2.018177e+05 2.622853e+05
4.330000e+00 2.015968e+05 2.620646e+05
4.340000e+00 2.013760e+05 2.618438e+05
4.350000e+00 2.011552e+05 2.616231e+05
4.360000e+00 2.009343e+05 2.614023e+05
4.370000e+00 2.007135e+05 2.611816e+05
4.380000e+00 2.004927e+05 2.609608e+05
4.390000e+00 2.002719e+05 2.607401e+05
4.400000e+00 2.000510e+05 2.605193e+05
4.410000e+00 1.998302e+05 2.602986e+05
4.420000e+00 1.996094e+05 2.600778e+05
4.430000e+00 1.993885e+05 2.598571e+05
4.440000e+00 1.991677e+05 2.596363e+05
4.450000e+00 1.989469e+05 2.594156e+05
4.460000e+00 1.987260e+05 2.591948e+05
4.470000e+00 1.985052e+05 2.589741e+05
4.480000e+00 1.982844e+05 2.587533e+05
4.490000e+00 1.980636e+05 2.585325e+05
4.500000e+00 1.978427e+05 2.583118e+05
4.510000e+00 1.976219e+05 2.580910e+05
4.520000e+00 1.974011e+05 2.578703e+05
4.530000e+00 1.971802e+05 2.576495e+05
4.540000e+00 1.969594e+05 2.574288e+05
4.550000e+00 1.967386e+05 2.572080e+05
4.560000e+00 1.965177e+05 2.569873e+05
4.570000e+00 1.962969e+05 2.567665e+05
4.580000e+00 1.960761e+05 2.565458e+05
4.590000e+00 1.958553e+05 2.563250e+05
4.600000e+00 1.956344e+05 2.561043e+05
4.610000e+00 1.954136e+05 2.558835e+05
4.620000e+00 1.951928e+05 2.556628e+05
4.630000e+00 1.949719e+05 2.554420e+05
4.640000e+00 1.947511e+05 2.552213e+05
4.650000e+00 1.945303e+05 2.550005e+05
4.660000e+00 1.943094e+05 2.547798e+05
4.670000e+00 1.940886e+05 2.545590e+05
4.680000e+00 1.938678e+05 2.543383e+05
4.690000e+00 1.936469e+05 2.541175e+05
4.700000e+00 1.934261e+05 2.538967e+05
4.710000e+00 1.932053e+05 2.536760e+05
4.720000e+00 1.929845e+05 2.534552e+05
4.730000e+00 1.927636e+05 2.532345e+05
4.740000e+00 1.925428e+05 2.530137e+05
4.750000e+00 1.923220e+05 2.527930e+05
4.760000e+00 1.921011e+05 2.525722e+05
4.770000e+00 1.918803e+05 2.523515e+05
4.780000e+00 1.916595e+05 2.521307e+05
4.790000e+00 1.914386e+05 2.519100e+05
4.800000e+00 1.912178e+05 2.516892e+05
4.810000e+00 1.909970e+05 2.514685e+05
4.820000e+00 1.907762e+05 2.512477e+05
4.830000e+00 1.905553e+05 2.510270e+05
4.840000e+00 1.903345e+05 2.508062e+05
4.850000e+00 1.901137e+05 2.505855e+05
4.860000e+00 1.898928e+05 2.503647e+05
4.870000e+00 1.896720e+05 2.501440e+05
4.880000e+00 1.894512e+05 2.499232e+05
4.890000e+00 1.892303e+05 2.497024e+05
4.900000e+00 1.890095e+05 2.494817e+05
4.910000e+00 1.887887e+05 2.492609e+05
4.920000e+00 1.885679e+05 2.490402e+05
4.930000e+00 1.883470e+05 2.488194e+05
4.940000e+00 1.881262e+05 2.485987e+05
4.950000e+00 1.879054e+05 2.483779e+05
4.960000e+00 1.876845e+05 2.481572e+05
4.970000e+00 1.874637e+05 2.479364e+05
4.980000e+00 1.872429e+05 2.477157e+05
4.990000e+00 1.870220e+05 2.474949e+05
5.000000e+00 1.868012e+05 2.472742e+05
5.010000e+00 1.865804e+05 2.470534e+05
5.020000e+00 1.864120e+05 2.468851e+05
5.030000e+00 1.862557e+05 2.467288e+05
5.040000e+00 1.860993e+05 2.465726e+05
5.050000e+00 1.859430e+05 2.464163e+05
5.060000e+00 1.857867e+05 2.462601e+05
5.070000e+00 1.856304e+05 2.461038e+05
5.080000e+00 1.854740e+05 2.459476e+05
5.090000e+00 1.853177e+05 2.457913e+05
5.100000e+00 1.851614e+05 2.456351e+05
5.110000e+00 1.850051e+05 2.454788e+05
5.120000e+00 1.848488e+05 2.453226e+05
5.130000e+00 1.846924e+05 2.451663e+05
5.140000e+00 1.845361e+05 2.450101e+05
5.150000e+00 1.843798e+05 2.448538e+05
5.160000e+00 1.842235e+05 2.446975e+05
5.170000e+00 1.840671e+05 2.445413e+05
5.180000e+00 1.839108e+05 2.443850e+05
5.190000e+00 1.837545e+05 2.442288e+05
5.200000e+00 1.835982e+05 2.440725e+05
5.210000e+00 1.834418e+05 2.439163e+05
5.220000e+00 1.832855e+05 2.437600e+05
5.230000e+00 1.831292e+05 2.436038e+05
5.240000e+00 1.829729e+05 2.434475e+05
5.250000e+00 1.828165e+05 2.432913e+05
5.260000e+00 1.826602e+05 2.431350e+05
5.270000e+00 1.825039e+05 2.429788e+05
5.280000e+00 1.823476e+05 2.428225e+05
5.290000e+00 1.821913e+05 2.426663e+05
5.300000e+00 1.820349e+05 2.425100e+05
5.310000e+00 1.818786e+05 2.423538e+05
5.320000e+00 1.817223e+05 2.421975e+05
5.330000e+00 1.815660e+05 2.420412e+05
5.340000e+00 1.814096e+05 2.418850e+05
5.350000e+00 1.812533e+05 2.417287e+05
5.360000e+00 1.810970e+05 2.415725e+05
5.370000e+00 1.809407e+05 2.414162e+05
5.380000e+00 1.807843e+05 2.412600e+05
5.390000e+00 1.806280e+05 2.411037e+05
5.400000e+00 1.804717e+05 2.409475e+05
5.410000e+00 1.803154e+05 2.407912e+05
5.420000e+00 1.801591e+05 2.406350e+05
5.430000e+00 1.800027e+05 2.404787e+05
5.440000e+00 1.798464e+05 2.403225e+05
5.450000e+00 1.796901e+05 2.401662e+05
5.460000e+00 1.795338e+05 2.400100e+05
5.470000e+00 1.793774e+05 2.398537e+05
5.480000e+00 1.792211e+05 2.396975e+05
5.490000e+00 1.790648e+05 2.395412e+05
5.500000e+00 1.789085e+05 2.393849e+05
5.510000e+00 1.787521e+05 2.392287e+05
5.520000e+00 1.785958e+05 2.390724e+05
5.530000e+00 1.784395e+05 2.389162e+05
5.540000e+00 1.782832e+05 2.387599e+05
5.550000e+00 1.781269e+05 2.386037e+05
5.560000e+00 1.779705e+05 2.384474e+05
5.570000e+00 1.778142e+05 2.382912e+05
5.580000e+00 1.776579e+05 2.381349e+05
5.590000e+00 1.775016e+05 2.379787e+05
5.600000e+00 1.773452e+05 2.378224e+05
5.610000e+00 1.771889e+05 2.376662e+05
5.620000e+00 1.770326e+05 2.375099e+05
5.630000e+00 1.768763e+05 2.373537e+05
5.640000e+00 1.767199e+05 2.371974e+05
5.650000e+00 1.765636e+05 2.370412e+05
5.660000e+00 1.764073e+05 2.368849e+05
5.670000e+00 1.762510e+05 2.367286e+05
5.680000e+00 1.760946e+05 2.365724e+05
5.690000e+00 1.759383e+05 2.364161e+05
5.700000e+00 1.757820e+05 2.362599e+05
5.710000e+00 1.756257e+05 2.361036e+05
5.720000e+00 1.754694e+05 2.359474e+05
5.730000e+00 1.753130e+05 2.357911e+05
5.740000e+00 1.751567e+05 2.356349e+05
5.750000e+00 1.750004e+05 2.354786e+05
5.760000e+00 1.748441e+05 2.353224e+05
5.770000e+00 1.746877e+05 2.351661e+05
5.780000e+00 1.745314e+05 2.350099e+05
5.790000e+00 1.743751e+05 2.348536e+05
5.800000e+00 1.742188e+05 2.346974e+05
5.810000e+00 1.740624e+05 2.345411e+05
5.820000e+00 1.739061e+05 2.343849e+05
5.830000e+00 1.737498e+05 2.342286e+05
5.840000e+00 1.735935e+05 2.340724e+05
5.850000e+00 1.734372e+05 2.339161e+05
5.860000e+00 1.732808e+05 2.337598e+05
5.870000e+00 1.731245e+05 2.336036e+05
5.880000e+00 1.729682e+05 2.334473e+05
5.890000e+00 1.728119e+05 2.332911e+05
5.900000e+00 1.726555e+05 2.331348e+05
5.910000e+00 1.724992e+05 2.329786e+05
5.920000e+00 1.723429e+05 2.328223e+05
5.930000e+00 1.721866e+05 2.326661e+05
5.940000e+00 1.720302e+05 2.325098e+05
5.950000e+00 1.718739e+05 2.323536e+05
5.960000e+00 1.717176e+05 2.321973e+05
5.970000e+00 1.715613e+05 2.320411e+05
5.980000e+00 1.714050e+05 2.318848e+05
5.990000e+00 1.712486e+05 2.317286e+05
6.000000e+00 1.710923e+05 2.315723e+05
6.010000e+00 1.709360e+05 2.314161e+05
6.020000e+00 1.707797e+05 2.312598e+05
6.030000e+00 1.706233e+05 2.311035e+05
6.040000e+00 1.704670e+05 2.309473e+05
6.050000e+00 1.703107e+05 2.307910e+05
6.060000e+00 1.701544e+05 2.306348e+05
6.070000e+00 1.699980e+05 2.304785e+05
6.080000e+00 1.698417e+05 2.303223e+05
6.090000e+00 1.696854e+05 2.301660e+05
6.100000e+00 1.695291e+05 2.300098e+05
6.110000e+00 1.693727e+05 2.298535e+05
6.120000e+00 1.692164e+05 2.296973e+05
6.130000e+00 1.690601e+05 2.295410e+05
6.140000e+00 1.689038e+05 2.293848e+05
6.150000e+00 1.687475e+05 2.292285e+05
6.160000e+00 1.685911e+05 2.290723e+05
6.170000e+00 1.684348e+05 2.289160e+05
6.180000e+00 1.682785e+05 2.287598e+05
6.190000e+00 1.681222e+05 2.286035e+05
6.200000e+00 1.679658e+05 2.284472e+05
6.210000e+00 1.678095e+05 2.282910e+05
6.220000e+00 1.676532e+05 2.281347e+05
6.230000e+00 1.674969e+05 2.279785e+05
6.240000e+00 1.673405e+05 2.278222e+05
6.250000e+00 1.671842e+05 2.276660e+05
6.260000e+00 1.670279e+05 2.275097e+05
6.270000e+00 1.668716e+05 2.273535e+05
6.280000e+00 1.667153e+05 2.271972e+05
6.290000e+00 1.665589e+05 2.270410e+05
6.300000e+00 1.664026e+05 2.268847e+05
6.310000e+00 1.662488e+05 2.267310e+05
6.320000e+00 1.661376e+05 2.266198e+05
6.330000e+00 1.660269e+05 2.265092e+05
6.340000e+00 1.659163e+05 2.263986e+05
6.350000e+00 1.658056e+05 2.262881e+05
6.360000e+00 1.656950e+05 2.261775e+05
6.370000e+00 1.655843e+05 2.260669e+05
6.380000e+00 1.654737e+05 2.259563e+05
6.390000e+00 1.653630e+05 2.258457e+05
6.400000e+00 1.652524e+05 2.257351e+05
6.410000e+00 1.651417e+05 2.256245e+05
6.420000e+00 1.650311e+05 2.255139e+05
6.430000e+00 1.649204e+05 2.254033e+05
6.440000e+00 1.648098e+05 2.252927e+05
6.450000e+00 1.646991e+05 2.251822e+05
6.460000e+00 1.645884e+05 2.250716e+05
6.470000e+00 1.644778e+05 2.249610e+05
6.480000e+00 1.643671e+05 2.248504e+05
6.490000e+00 1.642565e+05 2.247398e+05
6.500000e+00 1.641458e+05 2.246292e+05
6.510000e+00 1.640352e+05 2.245186e+05
6.520000e+00 1.639245e+05 2.244080e+05
6.530000e+00 1.638139e+05 2.242974e+05
6.540000e+00 1.637032e+05 2.241868e+05
6.550000e+00 1.635926e+05 2.240763e+05
6.560000e+00 1.634819e+05 2.239657e+05
6.570000e+00 1.633713e+05 2.238551e+05
6.580000e+00 1.632606e+05 2.237445e+05
6.590000e+00 1.631500e+05 2.236339e+05
6.600000e+00 1.630393e+05 2.235233e+05
6.610000e+00 1.629287e+05 2.234127e+05
6.620000e+00 1.628180e+05 2.233021e+05
6.630000e+00 1.627074e+05 2.231915e+05
6.640000e+00 1.625967e+05 2.230809e+05
6.650000e+00 1.624861e+05 2.229704e+05
6.660000e+00 1.623754e+05 2.228598e+05
6.670000e+00 1.622647e+05 2.227492e+05
6.680000e+00 1.621541e+05 2.226386e+05
6.690000e+00 1.620434e+05 2.225280e+05
6.700000e+00 1.619328e+05 2.224174e+05
6.710000e+00 1.618221e+05 2.223068e+05
6.720000e+00 1.617115e+05 2.221962e+05
6.730000e+00 1.616008e+05 2.220856e+05
6.740000e+00 1.614902e+05 2.219750e+05
6.750000e+00 1.613795e+05 2.218645e+05
6.760000e+00 1.612689e+05 2.217539e+05
6.770000e+00 1.611582e+05 2.216433e+05
6.780000e+00 1.610476e+05 2.215327e+05
6.790000e+00 1.609369e+05 2.214221e+05
6.800000e+00 1.608263e+05 2.213115e+05
6.810000e+00 1.607156e+05 2.212009e+05
6.820000e+00 1.606050e+05 2.210903e+05
6.830000e+00 1.604943e+05 2.209797e+05
6.840000e+00 1.603837e+05 2.208691e+05
6.850000e+00 1.602730e+05 2.207586e+05
6.860000e+00 1.601624e+05 2.206480e+05
6.870000e+00 1.600517e+05 2.205374e+05
6.880000e+00 1.599410e+05 2.204268e+05
6.890000e+00 1.598304e+05 2.203162e+05
6.900000e+00 1.597197e+05 2.202056e+05
6.910000e+00 1.596091e+05 2.200950e+05
6.920000e+00 1.594984e+05 2.199844e+05
6.930000e+00 1.593878e+05 2.198738e+05
6.940000e+00 1.592771e+05 2.197632e+05
6.950000e+00 1.591665e+05 2.196526e+05
6.960000e+00 1.590558e+05 2.195421e+05
6.970000e+00 1.589452e+05 2.194315e+05
6.980000e+00 1.588345e+05 2.193209e+05
6.990000e+00 1.587239e+05 2.192103e+05
7.000000e+00 1.586132e+05 2.190997e+05
7.010000e+00 1.585026e+05 2.189891e+05
7.020000e+00 1.583919e+05 2.188785e+05
7.030000e+00 1.582813e+05 2.187679e+05
7.040000e+00 1.581706e+05 2.186573e+05
7.050000e+00 1.580600e+05 2.185467e+05
7.060000e+00 1.579493e+05 2.184362e+05
7.070000e+00 1.578387e+05 2.183256e+05
7.080000e+00 1.577280e+05 2.182150e+05
7.090000e+00 1.576173e+05 2.181044e+05
7.100000e+00 1.575067e+05 2.179938e+05
7.110000e+00 1.573960e+05 2.178832e+05
7.120000e+00 1.572854e+05 2.177726e+05
7.130000e+00 1.571747e+05 2.176620e+05
7.140000e+00 1.570641e+05 2.175514e+05
7.150000e+00 1.569534e+05 2.174408e+05
7.160000e+00 1.568428e+05 2.173303e+05
7.170000e+00 1.567321e+05 2.172197e+05
7.180000e+00 1.566215e+05 2.171091e+05
7.190000e+00 1.565108e+05 2.169985e+05
7.200000e+00 1.564002e+05 2.168879e+05
7.210000e+00 1.562895e+05 2.167773e+05
7.220000e+00 1.561789e+05 2.166667e+05
7.230000e+00 1.560682e+05 2.165561e+05
7.240000e+00 1.559576e+05 2.164455e+05
7.250000e+00 1.558469e+05 2.163349e+05
7.260000e+00 1.557363e+05 2.162244e+05
7.270000e+00 1.556256e+05 2.161138e+05
7.280000e+00 1.555150e+05 2.160032e+05
7.290000e+00 1.554043e+05 2.158926e+05
7.300000e+00 1.552936e+05 2.157820e+05
7.310000e+00 1.551830e+05 2.156714e+05
7.320000e+00 1.550723e+05 2.155608e+05
7.330000e+00 1.549617e+05 2.154502e+05
7.340000e+00 1.548510e+05 2.153396e+05
7.350000e+00 1.547404e+05 2.152290e+05
7.360000e+00 1.546297e+05 2.151185e+05
7.370000e+00 1.545191e+05 2.150079e+05
7.380000e+00 1.544084e+05 2.148973e+05
7.390000e+00 1.542978e+05 2.147867e+05
7.400000e+00 1.541871e+05 2.146761e+05
7.410000e+00 1.540765e+05 2.145655e+05
7.420000e+00 1.539658e+05 2.144549e+05
7.430000e+00 1.538552e+05 2.143443e+05
7.440000e+00 1.537445e+05 2.142337e+05
7.450000e+00 1.536339e+05 2.141231e+05
7.460000e+00 1.535232e+05 2.140126e+05
7.470000e+00 1.534126e+05 2.139020e+05
7.480000e+00 1.533019e+05 2.137914e+05
7.490000e+00 1.531913e+05 2.136808e+05
7.500000e+00 1.530806e+05 2.135702e+05
7.510000e+00 1.529699e+05 2.134596e+05
7.520000e+00 1.528593e+05 2.133490e+05
7.530000e+00 1.527486e+05 2.132384e+05
7.540000e+00 1.526380e+05 2.131278e+05
7.550000e+00 1.525273e+05 2.130172e+05
7.560000e+00 1.524167e+05 2.129067e+05
7.570000e+00 1.523060e+05 2.127961e+05
7.580000e+00 1.521954e+05 2.126855e+05
7.590000e+00 1.520847e+05 2.125749e+05
7.600000e+00 1.519741e+05 2.124643e+05
7.610000e+00 1.518634e+05 2.123537e+05
7.620000e+00 1.517528e+05 2.122431e+05
7.630000e+00 1.516421e+05 2.121325e+05
7.640000e+00 1.515315e+05 2.120219e+05
7.650000e+00 1.514208e+05 2.119113e+05
7.660000e+00 1.513102e+05 2.118008e+05
7.670000e+00 1.511995e+05 2.116902e+05
7.680000e+00 1.510889e+05 2.115796e+05
7.690000e+00 1.509782e+05 2.114690e+05
7.700000e+00 1.508676e+05 2.113584e+05
7.710000e+00 1.507569e+05 2.112478e+05
7.720000e+00 1.506462e+05 2.111372e+05
7.730000e+00 1.505356e+05 2.110266e+05
7.740000e+00 1.504249e+05 2.109160e+05
7.750000e+00 1.503143e+05 2.108054e+05
7.760000e+00 1.502036e+05 2.106949e+05
7.770000e+00 1.500930e+05 2.105843e+05
7.780000e+00 1.499823e+05 2.104737e+05
7.790000e+00 1.498717e+05 2.103631e+05
7.800000e+00 1.497610e+05 2.102525e+05
7.810000e+00 1.496504e+05 2.101419e+05
7.820000e+00 1.495397e+05 2.100313e+05
7.830000e+00 1.494291e+05 2.099207e+05
7.840000e+00 1.493184e+05 2.098101e+05
7.850000e+00 1.492078e+05 2.096995e+05
7.860000e+00 1.490971e+05 2.095890e+05
7.870000e+00 1.489865e+05 2.094784e+05
7.880000e+00 1.488758e+05 2.093678e+05
7.890000e+00 1.487652e+05 2.092572e+05
7.900000e+00 1.486545e+05 2.091466e+05
7.910000e+00 1.485439e+05 2.090360e+05
7.920000e+00 1.484332e+05 2.089254e+05
7.930000e+00 1.483225e+05 2.088148e+05
7.940000e+00 1.482119e+05 2.087042e+05
7.950000e+00 1.481230e+05 2.086154e+05
7.960000e+00 1.480446e+05 2.085371e+05
7.970000e+00 1.479663e+05 2.084588e+05
7.980000e+00 1.478880e+05 2.083806e+05
7.990000e+00 1.478097e+05 2.083023e+05
8.000000e+00 1.477314e+05 2.082241e+05
8.010000e+00 1.476531e+05 2.081458e+05
8.020000e+00 1.475747e+05 2.080675e+05
8.030000e+00 1.474964e+05 2.079893e+05
8.040000e+00 1.474181e+05 2.079110e+05
8.050000e+00 1.473398e+05 2.078327e+05
8.060000e+00 1.472615e+05 2.077545e+05
8.070000e+00 1.471832e+05 2.076762e+05
8.080000e+00 1.471048e+05 2.075980e+05
8.090000e+00 1.470265e+05 2.075197e+05
8.100000e+00 1.469482e+05 2.074414e+05
8.110000e+00 1.468699e+05 2.073632e+05
8.120000e+00 1.467916e+05 2.072849e+05
8.130000e+00 1.467133e+05 2.072066e+05
8.140000e+00 1.466349e+05 2.071284e+05
8.150000e+00 1.465566e+05 2.070501e+05
8.160000e+00 1.464783e+05 2.069719e+05
8.170000e+00 1.464000e+05 2.068936e+05
8.180000e+00 1.463217e+05 2.068153e+05
8.190000e+00 1.462434e+05 2.067371e+05
8.200000e+00 1.461650e+05 2.066588e+05
8.210000e+00 1.460867e+05 2.065805e+05
8.220000e+00 1.460084e+05 2.065023e+05
8.230000e+00 1.459301e+05 2.064240e+05
8.240000e+00 1.458518e+05 2.063458e+05
8.250000e+00 1.457735e+05 2.062675e+05
8.260000e+00 1.456951e+05 2.061892e+05
8.270000e+00 1.456168e+05 2.061110e+05
8.280000e+00 1.455385e+05 2.060327e+05
8.290000e+00 1.454602e+05 2.059544e+05
8.300000e+00 1.453819e+05 2.058762e+05
8.310000e+00 1.453036e+05 2.057979e+05
8.320000e+00 1.452252e+05 2.057197e+05
8.330000e+00 1.451469e+05 2.056414e+05
8.340000e+00 1.450686e+05 2.055631e+05
8.350000e+00 1.449903e+05 2.054849e+05
8.360000e+00 1.449120e+05 2.054066e+05
8.370000e+00 1.448337e+05 2.053284e+05
8.380000e+00 1.447553e+05 2.052501e+05
8.390000e+00 1.446770e+05 2.051718e+05
8.400000e+00 1.445987e+05 2.050936e+05
8.410000e+00 1.445204e+05 2.050153e+05
8.420000e+00 1.444421e+05 2.049370e+05
8.430000e+00 1.443638e+05 2.048588e+05
8.440000e+00 1.442854e+05 2.047805e+05
8.450000e+00 1.442071e+05 2.047023e+05
8.460000e+00 1.441288e+05 2.046240e+05
8.470000e+00 1.440505e+05 2.045457e+05
8.480000e+00 1.439722e+05 2.044675e+05
8.490000e+00 1.438939e+05 2.043892e+05
8.500000e+00 1.438155e+05 2.043109e+05
8.510000e+00 1.437372e+05 2.042327e+05
8.520000e+00 1.436589e+05 2.041544e+05
8.530000e+00 1.435806e+05 2.040762e+05
8.540000e+00 1.435023e+05 2.039979e+05
8.550000e+00 1.434240e+05 2.039196e+05
8.560000e+00 1.433456e+05 2.038414e+05
8.570000e+00 1.432673e+05 2.037631e+05
8.580000e+00 1.431890e+05 2.036848e+05
8.590000e+00 1.431107e+05 2.036066e+05
8.600000e+00 1.430324e+05 2.035283e+05
8.610000e+00 1.429541e+05 2.034501e+05
8.620000e+00 1.428757e+05 2.033718e+05
8.630000e+00 1.427974e+05 2.032935e+05
8.640000e+00 1.427191e+05 2.032153e+05
8.650000e+00 1.426408e+05 2.031370e+05
8.660000e+00 1.425625e+05 2.030588e+05
8.670000e+00 1.424842e+05 2.029805e+05
8.680000e+00 1.424059e+05 2.029022e+05
8.690000e+00 1.423275e+05 2.028240e+05
8.700000e+00 1.422492e+05 2.027457e+05
8.710000e+00 1.421709e+05 2.026674e+05
8.720000e+00 1.420926e+05 2.025892e+05
8.730000e+00 1.420143e+05 2.025109e+05
8.740000e+00 1.419360e+05 2.024327e+05
8.750000e+00 1.418576e+05 2.023544e+05
8.760000e+00 1.417793e+05 2.022761e+05
8.770000e+00 1.417010e+05 2.021979e+05
8.780000e+00 1.416227e+05 2.021196e+05
8.790000e+00 1.415444e+05 2.020413e+05
8.800000e+00 1.414661e+05 2.019631e+05
8.810000e+00 1.413877e+05 2.018848e+05
8.820000e+00 1.413094e+05 2.018066e+05
8.830000e+00 1.412311e+05 2.017283e+05
8.840000e+00 1.411528e+05 2.016500e+05
8.850000e+00 1.410745e+05 2.015718e+05
8.860000e+00 1.409962e+05 2.014935e+05
8.870000e+00 1.409178e+05 2.014152e+05
8.880000e+00 1.408395e+05 2.013370e+05
8.890000e+00 1.407612e+05 2.012587e+05
8.900000e+00 1.406829e+05 2.011805e+05
8.910000e+00 1.406046e+05 2.011022e+05
8.920000e+00 1.405263e+05 2.010239e+05
8.930000e+00 1.404479e+05 2.009457e+05
8.940000e+00 1.403696e+05 2.008674e+05
8.950000e+00 1.402913e+05 2.007891e+05
8.960000e+00 1.402130e+05 2.007109e+05
8.970000e+00 1.401347e+05 2.006326e+05
8.980000e+00 1.400564e+05 2.005544e+05
8.990000e+00 1.399780e+05 2.004761e+05
9.000000e+00 1.398997e+05 2.003978e+05
9.010000e+00 1.398214e+05 2.003196e+05
9.020000e+00 1.397431e+05 2.002413e+05
9.030000e+00 1.396648e+05 2.001631e+05
9.040000e+00 1.395865e+05 2.000848e+05
9.050000e+00 1.395081e+05 2.000065e+05
9.060000e+00 1.394298e+05 1.999283e+05
9.070000e+00 1.393515e+05 1.998500e+05
9.080000e+00 1.392732e+05 1.997717e+05
9.090000e+00 1.391949e+05 1.996935e+05
9.100000e+00 1.391166e+05 1.996152e+05
9.110000e+00 1.390382e+05 1.995370e+05
9.120000e+00 1.389599e+05 1.994587e+05
9.130000e+00 1.388816e+05 1.993804e+05
9.140000e+00 1.388033e+05 1.993022e+05
9.150000e+00 1.387250e+05 1.992239e+05
9.160000e+00 1.386467e+05 1.991456e+05
9.170000e+00 1.385683e+05 1.990674e+05
9.180000e+00 1.384900e+05 1.989891e+05
9.190000e+00 1.384117e+05 1.989109e+05
9.200000e+00 1.383334e+05 1.988326e+05
9.210000e+00 1.382551e+05 1.987543e+05
9.220000e+00 1.381768e+05 1.986761e+05
9.230000e+00 1.380984e+05 1.985978e+05
9.240000e+00 1.380201e+05 1.985195e+05
9.250000e+00 1.379418e+05 1.984413e+05
9.260000e+00 1.378635e+05 1.983630e+05
9.270000e+00 1.377852e+05 1.982848e+05
9.280000e+00 1.377069e+05 1.982065e+05
9.290000e+00 1.376285e+05 1.981282e+05
9.300000e+00 1.375502e+05 1.980500e+05
9.310000e+00 1.374719e+05 1.979717e+05
9.320000e+00 1.373936e+05 1.978935e+05
9.330000e+00 1.373153e+05 1.978152e+05
9.340000e+00 1.372370e+05 1.977369e+05
9.350000e+00 1.371586e+05 1.976587e+05
9.360000e+00 1.370803e+05 1.975804e+05
9.370000e+00 1.370020e+05 1.975021e+05
9.380000e+00 1.369237e+05 1.974239e+05
9.390000e+00 1.368454e+05 1.973456e+05
9.400000e+00 1.367671e+05 1.972674e+05
9.410000e+00 1.366887e+05 1.971891e+05
9.420000e+00 1.366104e+05 1.971108e+05
9.430000e+00 1.365321e+05 1.970326e+05
9.440000e+00 1.364538e+05 1.969543e+05
9.450000e+00 1.363755e+05 1.968760e+05
9.460000e+00 1.362972e+05 1.967978e+05
9.470000e+00 1.362188e+05 1.967195e+05
9.480000e+00 1.361405e+05 1.966413e+05
9.490000e+00 1.360622e+05 1.965630e+05
9.500000e+00 1.359839e+05 1.964847e+05
9.510000e+00 1.359056e+05 1.964065e+05
9.520000e+00 1.358273e+05 1.963282e+05
9.530000e+00 1.357489e+05 1.962499e+05
9.540000e+00 1.356706e+05 1.961717e+05
9.550000e+00 1.355923e+05 1.960934e+05
9.560000e+00 1.355140e+05 1.960152e+05
9.570000e+00 1.354357e+05 1.959369e+05
9.580000e+00 1.353574e+05 1.958586e+05
9.590000e+00 1.352790e+05 1.957804e+05
9.600000e+00 1.352007e+05 1.957021e+05
9.610000e+00 1.351224e+05 1.956238e+05
9.620000e+00 1.350441e+05 1.955456e+05
9.630000e+00 1.349658e+05 1.954673e+05
9.640000e+00 1.348875e+05 1.953891e+05
9.650000e+00 1.348091e+05 1.953108e+05
9.660000e+00 1.347308e+05 1.952325e+05
9.670000e+00 1.346525e+05 1.951543e+05
9.680000e+00 1.345742e+05 1.950760e+05
9.690000e+00 1.344959e+05 1.949978e+05
9.700000e+00 1.344176e+05 1.949195e+05
9.710000e+00 1.343392e+05 1.948412e+05
9.720000e+00 1.342609e+05 1.947630e+05
9.730000e+00 1.341826e+05 1.946847e+05
9.740000e+00 1.341043e+05 1.946064e+05
9.750000e+00 1.340260e+05 1.945282e+05
9.760000e+00 1.339477e+05 1.944499e+05
9.770000e+00 1.338693e+05 1.943717e+05
9.780000e+00 1.337910e+05 1.942934e+05
9.790000e+00 1.337127e+05 1.942151e+05
9.800000e+00 1.336344e+05 1.941369e+05
9.810000e+00 1.335561e+05 1.940586e+05
9.820000e+00 1.334778e+05 1.939803e+05
9.830000e+00 1.333994e+05 1.939021e+05
9.840000e+00 1.333211e+05 1.938238e+05
9.850000e+00 1.332428e+05 1.937456e+05
9.860000e+00 1.331645e+05 1.936673e+05
9.870000e+00 1.330862e+05 1.935890e+05
9.880000e+00 1.330079e+05 1.935108e+05
9.890000e+00 1.329295e+05 1.934325e+05
9.900000e+00 1.328512e+05 1.933542e+05
9.910000e+00 1.327729e+05 1.932760e+05
9.920000e+00 1.326946e+05 1.931977e+05
9.930000e+00 1.326163e+05 1.931195e+05
9.940000e+00 1.325380e+05 1.930412e+05
9.950000e+00 1.324596e+05 1.929629e+05
9.960000e+00 1.323813e+05 1.928847e+05
9.970000e+00 1.323030e+05 1.928064e+05
9.980000e+00 1.322247e+05 1.927282e+05
9.990000e+00 1.321464e+05 1.926499e+05
1.000000e+01 1.320683e+05 1.925719e+05
1.001000e+01 1.320126e+05 1.925163e+05
1.002000e+01 1.319572e+05 1.924609e+05
1.003000e+01 1.319018e+05 1.924055e+05
1.004000e+01 1.318464e+05 1.923501e+05
1.005000e+01 1.317909e+05 1.922948e+05
1.006000e+01 1.317355e+05 1.922394e+05
1.007000e+01 1.316801e+05 1.921840e+05
1.008000e+01 1.316247e+05 1.921286e+05
1.009000e+01 1.315693e+05 1.920733e+05
1.010000e+01 1.315138e+05 1.920179e+05
1.011000e+01 1.314584e+05 1.919625e+05
1.012000e+01 1.314030e+05 1.919071e+05
1.013000e+01 1.313476e+05 1.918518e+05
1.014000e+01 1.312922e+05 1.917964e+05
1.015000e+01 1.312367e+05 1.917410e+05
1.016000e+01 1.311813e+05 1.916856e+05
1.017000e+01 1.311259e+05 1.916303e+05
1.018000e+01 1.310705e+05 1.915749e+05
1.019000e+01 1.310150e+05 1.915195e+05
1.020000e+01 1.309596e+05 1.914641e+05
1.021000e+01 1.309042e+05 1.914088e+05
1.022000e+01 1.308488e+05 1.913534e+05
1.023000e+01 1.307934e+05 1.912980e+05
1.024000e+01 1.307379e+05 1.912426e+05
1.025000e+01 1.306825e+05 1.911873e+05
1.026000e+01 1.306271e+05 1.911319e+05
1.027000e+01 1.305717e+05 1.910765e+05
1.028000e+01 1.305163e+05 1.910212e+05
1.029000e+01 1.304608e+05 1.909658e+05
1.030000e+01 1.304054e+05 1.909104e+05
1.031000e+01 1.303500e+05 1.908550e+05
1.032000e+01 1.302946e+05 1.907997e+05
1.033000e+01 1.302391e+05 1.907443e+05
1.034000e+01 1.301837e+05 1.906889e+05
1.035000e+01 1.301283e+05 1.906335e+05
1.036000e+01 1.300729e+05 1.905782e+05
1.037000e+01 1.300175e+05 1.905228e+05
1.038000e+01 1.299620e+05 1.904674e+05
1.039000e+01 1.299066e+05 1.904120e+05
1.040000e+01 1.298512e+05 1.903567e+05
1.041000e+01 1.297958e+05 1.903013e+05
1.042000e+01 1.297404e+05 1.902459e+05
1.043000e+01 1.296849e+05 1.901905e+05
1.044000e+01 1.296295e+05 1.901352e+05
1.045000e+01 1.295741e+05 1.900798e+05
1.046000e+01 1.295187e+05 1.900244e+05
1.047000e+01 1.294632e+05 1.899690e+05
1.048000e+01 1.294078e+05 1.899137e+05
1.049000e+01 1.293524e+05 1.898583e+05
1.050000e+01 1.292970e+05 1.898029e+05
1.051000e+01 1.292416e+05 1.897476e+05
1.052000e+01 1.291861e+05 1.896922e+05
1.053000e+01 1.291307e+05 1.896368e+05
1.054000e+01 1.290753e+05 1.895814e+05
1.055000e+01 1.290199e+05 1.895261e+05
1.056000e+01 1.289645e+05 1.894707e+05
1.057000e+01 1.289090e+05 1.894153e+05
1.058000e+01 1.288536e+05 1.893599e+05
1.059000e+01 1.287982e+05 1.893046e+05
1.060000e+01 1.287428e+05 1.892492e+05
1.061000e+01 1.286873e+05 1.891938e+05
1.062000e+01 1.286319e+05 1.891384e+05
1.063000e+01 1.285765e+05 1.890831e+05
1.064000e+01 1.285211e+05 1.890277e+05
1.065000e+01 1.284657e+05 1.889723e+05
1.066000e+01 1.284102e+05 1.889169e+05
1.067000e+01 1.283548e+05 1.888616e+05
1.068000e+01 1.282994e+05 1.888062e+05
1.069000e+01 1.282440e+05 1.887508e+05
1.070000e+01 1.281885e+05 1.886954e+05
1.071000e+01 1.281331e+05 1.886401e+05
1.072000e+01 1.280777e+05 1.885847e+05
1.073000e+01 1.280223e+05 1.885293e+05
1.074000e+01 1.279669e+05 1.884739e+05
1.075000e+01 1.279114e+05 1.884186e+05
1.076000e+01 1.278560e+05 1.883632e+05
1.077000e+01 1.278006e+05 1.883078e+05
1.078000e+01 1.277452e+05 1.882525e+05
1.079000e+01 1.276898e+05 1.881971e+05
1.080000e+01 1.276343e+05 1.881417e+05
1.081000e+01 1.275789e+05 1.880863e+05
1.082000e+01 1.275235e+05 1.880310e+05
1.083000e+01 1.274681e+05 1.879756e+05
1.084000e+01 1.274126e+05 1.879202e+05
1.085000e+01 1.273572e+05 1.878648e+05
1.086000e+01 1.273018e+05 1.878095e+05
1.087000e+01 1.272464e+05 1.877541e+05
1.088000e+01 1.271910e+05 1.876987e+05
1.089000e+01 1.271355e+05 1.876433e+05
1.090000e+01 1.270801e+05 1.875880e+05
1.091000e+01 1.270247e+05 1.875326e+05
1.092000e+01 1.269693e+05 1.874772e+05
1.093000e+01 1.269139e+05 1.874218e+05
1.094000e+01 1.268584e+05 1.873665e+05
1.095000e+01 1.268030e+05 1.873111e+05
1.096000e+01 1.267476e+05 1.872557e+05
1.097000e+01 1.266922e+05 1.872003e+05
1.098000e+01 1.266367e+05 1.871450e+05
1.099000e+01 1.265813e+05 1.870896e+05
1.100000e+01 1.265259e+05 1.870342e+05
1.101000e+01 1.264705e+05 1.869789e+05
1.102000e+01 1.264151e+05 1.869235e+05
1.103000e+01 1.263596e+05 1.868681e+05
1.104000e+01 1.263042e+05 1.868127e+05
1.105000e+01 1.262488e+05 1.867574e+05
1.106000e+01 1.261934e+05 1.867020e+05
1.107000e+01 1.261380e+05 1.866466e+05
1.108000e+01 1.260825e+05 1.865912e+05
1.109000e+01 1.260271e+05 1.865359e+05
1.110000e+01 1.259717e+05 1.864805e+05
1.111000e+01 1.259163e+05 1.864251e+05
1.112000e+01 1.258608e+05 1.863697e+05
1.113000e+01 1.258054e+05 1.863144e+05
1.114000e+01 1.257500e+05 1.862590e+05
1.115000e+01 1.256946e+05 1.862036e+05
1.116000e+01 1.256392e+05 1.861482e+05
1.117000e+01 1.255837e+05 1.860929e+05
1.118000e+01 1.255283e+05 1.860375e+05
1.119000e+01 1.254729e+05 1.859821e+05
1.120000e+01 1.254175e+05 1.859267e+05
1.121000e+01 1.253621e+05 1.858714e+05
1.122000e+01 1.253066e+05 1.858160e+05
1.123000e+01 1.252512e+05 1.857606e+05
1.124000e+01 1.251958e+05 1.857052e+05
1.125000e+01 1.251404e+05 1.856499e+05
1.126000e+01 1.250849e+05 1.855945e+05
1.127000e+01 1.250295e+05 1.855391e+05
1.128000e+01 1.249741e+05 1.854838e+05
1.129000e+01 1.249187e+05 1.854284e+05
1.130000e+01 1.248633e+05 1.853730e+05
1.131000e+01 1.248078e+05 1.853176e+05
1.132000e+01 1.247524e+05 1.852623e+05
1.133000e+01 1.246970e+05 1.852069e+05
1.134000e+01 1.246416e+05 1.851515e+05
1.135000e+01 1.245862e+05 1.850961e+05
1.136000e+01 1.245307e+05 1.850408e+05
1.137000e+01 1.244753e+05 1.849854e+05
1.138000e+01 1.244199e+05 1.849300e+05
1.139000e+01 1.243645e+05 1.848746e+05
1.140000e+01 1.243090e+05 1.848193e+05
1.141000e+01 1.242536e+05 1.847639e+05
1.142000e+01 1.241982e+05 1.847085e+05
1.143000e+01 1.241428e+05 1.846531e+05
1.144000e+01 1.240874e+05 1.845978e+05
1.145000e+01 1.240319e+05 1.845424e+05
1.146000e+01 1.239765e+05 1.844870e+05
1.147000e+01 1.239211e+05 1.844316e+05
1.148000e+01 1.238657e+05 1.843763e+05
1.149000e+01 1.238102e+05 1.843209e+05
1.150000e+01 1.237548e+05 1.842655e+05
1.151000e+01 1.236994e+05 1.842101e+05
1.152000e+01 1.236440e+05 1.841548e+05
1.153000e+01 1.235886e+05 1.840994e+05
1.154000e+01 1.235331e+05 1.840440e+05
1.155000e+01 1.234777e+05 1.839887e+05
1.156000e+01 1.234223e+05 1.839333e+05
1.157000e+01 1.233669e+05 1.838779e+05
1.158000e+01 1.233115e+05 1.838225e+05
1.159000e+01 1.232560e+05 1.837672e+05
1.160000e+01 1.232006e+05 1.837118e+05
1.161000e+01 1.231452e+05 1.836564e+05
1.162000e+01 1.230898e+05 1.836010e+05
1.163000e+01 1.230343e+05 1.835457e+05
1.164000e+01 1.229789e+05 1.834903e+05
1.165000e+01 1.229235e+05 1.834349e+05
1.166000e+01 1.228681e+05 1.833795e+05
1.167000e+01 1.228127e+05 1.833242e+05
1.168000e+01 1.227572e+05 1.832688e+05
1.169000e+01 1.227018e+05 1.832134e+05
1.170000e+01 1.226464e+05 1.831580e+05
1.171000e+01 1.225910e+05 1.831027e+05
1.172000e+01 1.225356e+05 1.830473e+05
1.173000e+01 1.224801e+05 1.829919e+05
1.174000e+01 1.224247e+05 1.829365e+05
1.175000e+01 1.223693e+05 1.828812e+05
1.176000e+01 1.223139e+05 1.828258e+05
1.177000e+01 1.222584e+05 1.827704e+05
1.178000e+01 1.222030e+05 1.827151e+05
1.179000e+01 1.221476e+05 1.826597e+05
1.180000e+01 1.220922e+05 1.826043e+05
1.181000e+01 1.220368e+05 1.825489e+05
1.182000e+01 1.219813e+05 1.824936e+05
1.183000e+01 1.219259e+05 1.824382e+05
1.184000e+01 1.218705e+05 1.823828e+05
1.185000e+01 1.218151e+05 1.823274e+05
1.186000e+01 1.217597e+05 1.822721e+05
1.187000e+01 1.217042e+05 1.822167e+05
1.188000e+01 1.216488e+05 1.821613e+05
1.189000e+01 1.215934e+05 1.821059e+05
1.190000e+01 1.215380e+05 1.820506e+05
1.191000e+01 1.214825e+05 1.819952e+05
1.192000e+01 1.214271e+05 1.819398e+05
1.193000e+01 1.213717e+05 1.818844e+05
1.194000e+01 1.213163e+05 1.818291e+05
1.195000e+01 1.212609e+05 1.817737e+05
1.196000e+01 1.212054e+05 1.817183e+05
1.197000e+01 1.211500e+05 1.816629e+05
1.198000e+01 1.210946e+05 1.816076e+05
1.199000e+01 1.210392e+05 1.815522e+05
1.200000e+01 1.209838e+05 1.814968e+05
1.201000e+01 1.209283e+05 1.814414e+05
1.202000e+01 1.208729e+05 1.813861e+05
1.203000e+01 1.208175e+05 1.813307e+05
1.204000e+01 1.207621e+05 1.812753e+05
1.205000e+01 1.207066e+05 1.812200e+05
1.206000e+01 1.206512e+05 1.811646e+05
1.207000e+01 1.205958e+05 1.811092e+05
1.208000e+01 1.205404e+05 1.810538e+05
1.209000e+01 1.204850e+05 1.809985e+05
1.210000e+01 1.204295e+05 1.809431e+05
1.211000e+01 1.203741e+05 1.808877e+05
1.212000e+01 1.203187e+05 1.808323e+05
1.213000e+01 1.202633e+05 1.807770e+05
1.214000e+01 1.202079e+05 1.807216e+05
1.215000e+01 1.201524e+05 1.806662e+05
1.216000e+01 1.200970e+05 1.806108e+05
1.217000e+01 1.200416e+05 1.805555e+05
1.218000e+01 1.199862e+05 1.805001e+05
1.219000e+01 1.199307e+05 1.804447e+05
1.220000e+01 1.198753e+05 1.803893e+05
1.221000e+01 1.198199e+05 1.803340e+05
1.222000e+01 1.197645e+05 1.802786e+05
1.223000e+01 1.197091e+05 1.802232e+05
1.224000e+01 1.196536e+05 1.801678e+05
1.225000e+01 1.195982e+05 1.801125e+05
1.226000e+01 1.195428e+05 1.800571e+05
1.227000e+01 1.194874e+05 1.800017e+05
1.228000e+01 1.194319e+05 1.799464e+05
1.229000e+01 1.193765e+05 1.798910e+05
1.230000e+01 1.193211e+05 1.798356e+05
1.231000e+01 1.192657e+05 1.797802e+05
1.232000e+01 1.192103e+05 1.797249e+05
1.233000e+01 1.191548e+05 1.796695e+05
1.234000e+01 1.190994e+05 1.796141e+05
1.235000e+01 1.190440e+05 1.795587e+05
1.236000e+01 1.189886e+05 1.795034e+05
1.237000e+01 1.189332e+05 1.794480e+05
1.238000e+01 1.188777e+05 1.793926e+05
1.239000e+01 1.188223e+05 1.793372e+05
1.240000e+01 1.187669e+05 1.792819e+05
1.241000e+01 1.187115e+05 1.792265e+05
1.242000e+01 1.186560e+05 1.791711e+05
1.243000e+01 1.186006e+05 1.791157e+05
1.244000e+01 1.185452e+05 1.790604e+05
1.245000e+01 1.184898e+05 1.790050e+05
1.246000e+01 1.184344e+05 1.789496e+05
1.247000e+01 1.183789e+05 1.788942e+05
1.248000e+01 1.183235e+05 1.788389e+05
1.249000e+01 1.182681e+05 1.787835e+05
1.250000e+01 1.182127e+05 1.787281e+05
1.251000e+01 1.181573e+05 1.786727e+05
1.252000e+01 1.181018e+05 1.786174e+05
1.253000e+01 1.180464e+05 1.785620e+05
1.254000e+01 1.179910e+05 1.785066e+05
1.255000e+01 1.179356e+05 1.784513e+05
1.256000e+01 1.178801e+05 1.783959e+05
1.257000e+01 1.178247e+05 1.783405e+05
1.258000e+01 1.177693e+05 1.782851e+05
1.259000e+01 1.177152e+05 1.782310e+05
1.260000e+01 1.176759e+05 1.781918e+05
1.261000e+01 1.176367e+05 1.781526e+05
1.262000e+01 1.175975e+05 1.781135e+05
1.263000e+01 1.175583e+05 1.780743e+05
1.264000e+01 1.175190e+05 1.780351e+05
1.265000e+01 1.174798e+05 1.779960e+05
1.266000e+01 1.174406e+05 1.779568e+05
1.267000e+01 1.174014e+05 1.779176e+05
1.268000e+01 1.173622e+05 1.778785e+05
1.269000e+01 1.173230e+05 1.778393e+05
1.270000e+01 1.172838e+05 1.778001e+05
1.271000e+01 1.172446e+05 1.777609e+05
1.272000e+01 1.172054e+05 1.777218e+05
1.273000e+01 1.171662e+05 1.776826e+05
1.274000e+01 1.171269e+05 1.776434e+05
1.275000e+01 1.170877e+05 1.776043e+05
1.276000e+01 1.170485e+05 1.775651e+05
1.277000e+01 1.170093e+05 1.775259e+05
1.278000e+01 1.169701e+05 1.774868e+05
1.279000e+01 1.169309e+05 1.774476e+05
1.280000e+01 1.168917e+05 1.774084e+05
1.281000e+01 1.168525e+05 1.773693e+05
1.282000e+01 1.168133e+05 1.773301e+05
1.283000e+01 1.167741e+05 1.772909e+05
1.284000e+01 1.167348e+05 1.772518e+05
1.285000e+01 1.166956e+05 1.772126e+05
1.286000e+01 1.166564e+05 1.771734e+05
1.287000e+01 1.166172e+05 1.771343e+05
1.288000e+01 1.165780e+05 1.770951e+05
1.289000e+01 1.165388e+05 1.770559e+05
1.290000e+01 1.164996e+05 1.770168e+05
1.291000e+01 1.164604e+05 1.769776e+05
1.292000e+01 1.164212e+05 1.769384e+05
1.293000e+01 1.163820e+05 1.768992e+05
1.294000e+01 1.163427e+05 1.768601e+05
1.295000e+01 1.163035e+05 1.768209e+05
1.296000e+01 1.162643e+05 1.767817e+05
1.297000e+01 1.162251e+05 1.767426e+05
1.298000e+01 1.161859e+05 1.767034e+05
1.299000e+01 1.161467e+05 1.766642e+05
1.300000e+01 1.161075e+05 1.766251e+05
1.301000e+01 1.160683e+05 1.765859e+05
1.302000e+01 1.160291e+05 1.765467e+05
1.303000e+01 1.159899e+05 1.765076e+05
1.304000e+01 1.159506e+05 1.764684e+05
1.305000e+01 1.159114e+05 1.764292e+05
1.306000e+01 1.158722e+05 1.763901e+05
1.307000e+01 1.158330e+05 1.763509e+05
1.308000e+01 1.157938e+05 1.763117e+05
1.309000e+01 1.157546e+05 1.762726e+05
1.310000e+01 1.157154e+05 1.762334e+05
1.311000e+01 1.156762e+05 1.761942e+05
1.312000e+01 1.156370e+05 1.761551e+05
1.313000e+01 1.155978e+05 1.761159e+05
1.314000e+01 1.155585e+05 1.760767e+05
1.315000e+01 1.155193e+05 1.760376e+05
1.316000e+01 1.154801e+05 1.759984e+05
1.317000e+01 1.154409e+05 1.759592e+05
1.318000e+01 1.154017e+05 1.759200e+05
1.319000e+01 1.153625e+05 1.758809e+05
1.320000e+01 1.153233e+05 1.758417e+05
1.321000e+01 1.152841e+05 1.758025e+05
1.322000e+01 1.152449e+05 1.757634e+05
1.323000e+01 1.152057e+05 1.757242e+05
1.324000e+01 1.151664e+05 1.756850e+05
1.325000e+01 1.151272e+05 1.756459e+05
1.326000e+01 1.150880e+05 1.756067e+05
1.327000e+01 1.150488e+05 1.755675e+05
1.328000e+01 1.150096e+05 1.755284e+05
1.329000e+01 1.149704e+05 1.754892e+05
1.330000e+01 1.149312e+05 1.754500e+05
1.331000e+01 1.148920e+05 1.754109e+05
1.332000e+01 1.148528e+05 1.753717e+05
1.333000e+01 1.148136e+05 1.753325e+05
1.334000e+01 1.147743e+05 1.752934e+05
1.335000e+01 1.147351e+05 1.752542e+05
1.336000e+01 1.146959e+05 1.752150e+05
1.337000e+01 1.146567e+05 1.751759e+05
1.338000e+01 1.146175e+05 1.751367e+05
1.339000e+01 1.145783e+05 1.750975e+05
1.340000e+01 1.145391e+05 1.750583e+05
1.341000e+01 1.144999e+05 1.750192e+05
1.342000e+01 1.144607e+05 1.749800e+05
1.343000e+01 1.144215e+05 1.749408e+05
1.344000e+01 1.143823e+05 1.749017e+05
1.345000e+01 1.143430e+05 1.748625e+05
1.346000e+01 1.143038e+05 1.748233e+05
1.347000e+01 1.142646e+05 1.747842e+05
1.348000e+01 1.142254e+05 1.747450e+05
1.349000e+01 1.141862e+05 1.747058e+05
1.350000e+01 1.141470e+05 1.746667e+05
1.351000e+01 1.141078e+05 1.746275e+05
1.352000e+01 1.140686e+05 1.745883e+05
1.353000e+01 1.140294e+05 1.745492e+05
1.354000e+01 1.139902e+05 1.745100e+05
1.355000e+01 1.139509e+05 1.744708e+05
1.356000e+01 1.139117e+05 1.744317e+05
1.357000e+01 1.138725e+05 1.743925e+05
1.358000e+01 1.138333e+05 1.743533e+05
1.359000e+01 1.137941e+05 1.743142e+05
1.360000e+01 1.137549e+05 1.742750e+05
1.361000e+01 1.137157e+05 1.742358e+05
1.362000e+01 1.136765e+05 1.741966e+05
1.363000e+01 1.136373e+05 1.741575e+05
1.364000e+01 1.135981e+05 1.741183e+05
1.365000e+01 1.135588e+05 1.740791e+05
1.366000e+01 1.135196e+05 1.740400e+05
1.367000e+01 1.134804e+05 1.740008e+05
1.368000e+01 1.134412e+05 1.739616e+05
1.369000e+01 1.134020e+05 1.739225e+05
1.370000e+01 1.133628e+05 1.738833e+05
1.371000e+01 1.133236e+05 1.738441e+05
1.372000e+01 1.132844e+05 1.738050e+05
1.373000e+01 1.132452e+05 1.737658e+05
1.374000e+01 1.132060e+05 1.737266e+05
1.375000e+01 1.131667e+05 1.736875e+05
1.376000e+01 1.131275e+05 1.736483e+05
1.377000e+01 1.130883e+05 1.736091e+05
1.378000e+01 1.130491e+05 1.735700e+05
1.379000e+01 1.130099e+05 1.735308e+05
1.380000e+01 1.129707e+05 1.734916e+05
1.381000e+01 1.129315e+05 1.734525e+05
1.382000e+01 1.128923e+05 1.734133e+05
1.383000e+01 1.128531e+05 1.733741e+05
1.384000e+01 1.128139e+05 1.733350e+05
1.385000e+01 1.127746e+05 1.732958e+05
1.386000e+01 1.127354e+05 1.732566e+05
1.387000e+01 1.126962e+05 1.732174e+05
1.388000e+01 1.126570e+05 1.731783e+05
1.389000e+01 1.126178e+05 1.731391e+05
1.390000e+01 1.125786e+05 1.730999e+05
1.391000e+01 1.125394e+05 1.730608e+05
1.392000e+01 1.125002e+05 1.730216e+05
1.393000e+01 1.124610e+05 1.729824e+05
1.394000e+01 1.124218e+05 1.729433e+05
1.395000e+01 1.123825e+05 1.729041e+05
1.396000e+01 1.123433e+05 1.728649e+05
1.397000e+01 1.123041e+05 1.728258e+05
1.398000e+01 1.122649e+05 1.727866e+05
1.399000e+01 1.122257e+05 1.727474e+05
1.400000e+01 1.121865e+05 1.727083e+05
1.401000e+01 1.121473e+05 1.726691e+05
1.402000e+01 1.121081e+05 1.726299e+05
1.403000e+01 1.120689e+05 1.725908e+05
1.404000e+01 1.120297e+05 1.725516e+05
1.405000e+01 1.119904e+05 1.725124e+05
1.406000e+01 1.119512e+05 1.724733e+05
1.407000e+01 1.119120e+05 1.724341e+05
1.408000e+01 1.118728e+05 1.723949e+05
1.409000e+01 1.118336e+05 1.723557e+05
1.410000e+01 1.117944e+05 1.723166e+05
1.411000e+01 1.117552e+05 1.722774e+05
1.412000e+01 1.117160e+05 1.722382e+05
1.413000e+01 1.116768e+05 1.721991e+05
1.414000e+01 1.116376e+05 1.721599e+05
1.415000e+01 1.115983e+05 1.721207e+05
1.416000e+01 1.115591e+05 1.720816e+05
1.417000e+01 1.115199e+05 1.720424e+05
1.418000e+01 1.114807e+05 1.720032e+05
1.419000e+01 1.114415e+05 1.719641e+05
1.420000e+01 1.114023e+05 1.719249e+05
1.421000e+01 1.113631e+05 1.718857e+05
1.422000e+01 1.113239e+05 1.718466e+05
1.423000e+01 1.112847e+05 1.718074e+05
1.424000e+01 1.112455e+05 1.717682e+05
1.425000e+01 1.112063e+05 1.717291e+05
1.426000e+01 1.111670e+05 1.716899e+05
1.427000e+01 1.111278e+05 1.716507e+05
1.428000e+01 1.110886e+05 1.716116e+05
1.429000e+01 1.110494e+05 1.715724e+05
1.430000e+01 1.110102e+05 1.715332e+05
1.431000e+01 1.109710e+05 1.714940e+05
1.432000e+01 1.109318e+05 1.714549e+05
1.433000e+01 1.108926e+05 1.714157e+05
1.434000e+01 1.108534e+05 1.713765e+05
1.435000e+01 1.108142e+05 1.713374e+05
1.436000e+01 1.107749e+05 1.712982e+05
1.437000e+01 1.107357e+05 1.712590e+05
1.438000e+01 1.106965e+05 1.712199e+05
1.439000e+01 1.106573e+05 1.711807e+05
1.440000e+01 1.106181e+05 1.711415e+05
1.441000e+01 1.105789e+05 1.711024e+05
1.442000e+01 1.105397e+05 1.710632e+05
1.443000e+01 1.105005e+05 1.710240e+05
1.444000e+01 1.104613e+05 1.709849e+05
1.445000e+01 1.104221e+05 1.709457e+05
1.446000e+01 1.103828e+05 1.709065e+05
1.447000e+01 1.103436e+05 1.708674e+05
1.448000e+01 1.103044e+05 1.708282e+05
1.449000e+01 1.102652e+05 1.707890e+05
1.450000e+01 1.102260e+05 1.707499e+05
1.451000e+01 1.101868e+05 1.707107e+05
1.452000e+01 1.101476e+05 1.706715e+05
1.453000e+01 1.101084e+05 1.706324e+05
1.454000e+01 1.100692e+05 1.705932e+05
1.455000e+01 1.100300e+05 1.705540e+05
1.456000e+01 1.099907e+05 1.705148e+05
1.457000e+01 1.099515e+05 1.704757e+05
1.458000e+01 1.099123e+05 1.704365e+05
1.459000e+01 1.098731e+05 1.703973e+05
1.460000e+01 1.098339e+05 1.703582e+05
1.461000e+01 1.097947e+05 1.703190e+05
1.462000e+01 1.097555e+05 1.702798e+05
1.463000e+01 1.097163e+05 1.702407e+05
1.464000e+01 1.096771e+05 1.702015e+05
1.465000e+01 1.096379e+05 1.701623e+05
1.466000e+01 1.095986e+05 1.701232e+05
1.467000e+01 1.095594e+05 1.700840e+05
1.468000e+01 1.095202e+05 1.700448e+05
1.469000e+01 1.094810e+05 1.700057e+05
1.470000e+01 1.094418e+05 1.699665e+05
1.471000e+01 1.094026e+05 1.699273e+05
1.472000e+01 1.093634e+05 1.698882e+05
1.473000e+01 1.093242e+05 1.698490e+05
1.474000e+01 1.092850e+05 1.698098e+05
1.475000e+01 1.092458e+05 1.697707e+05
1.476000e+01 1.092065e+05 1.697315e+05
1.477000e+01 1.091673e+05 1.696923e+05
1.478000e+01 1.091281e+05 1.696531e+05
1.479000e+01 1.090889e+05 1.696140e+05
1.480000e+01 1.090497e+05 1.695748e+05
1.481000e+01 1.090105e+05 1.695356e+05
1.482000e+01 1.089713e+05 1.694965e+05
1.483000e+01 1.089321e+05 1.694573e+05
1.484000e+01 1.088929e+05 1.694181e+05
1.485000e+01 1.088537e+05 1.693790e+05
1.486000e+01 1.088144e+05 1.693398e+05
1.487000e+01 1.087752e+05 1.693006e+05
1.488000e+01 1.087360e+05 1.692615e+05
1.489000e+01 1.086968e+05 1.692223e+05
1.490000e+01 1.086576e+05 1.691831e+05
1.491000e+01 1.086184e+05 1.691440e+05
1.492000e+01 1.085792e+05 1.691048e+05
1.493000e+01 1.085400e+05 1.690656e+05
1.494000e+01 1.085008e+05 1.690265e+05
1.495000e+01 1.084616e+05 1.689873e+05
1.496000e+01 1.084223e+05 1.689481e+05
1.497000e+01 1.083831e+05 1.689090e+05
1.498000e+01 1.083439e+05 1.688698e+05
1.499000e+01 1.083047e+05 1.688306e+05
1.500000e+01 1.082655e+05 1.687914e+05
1.501000e+01 1.082263e+05 1.687523e+05
1.502000e+01 1.081871e+05 1.687131e+05
1.503000e+01 1.081479e+05 1.686739e+05
1.504000e+01 1.081087e+05 1.686348e+05
1.505000e+01 1.080695e+05 1.685956e+05
1.506000e+01 1.080302e+05 1.685564e+05
1.507000e+01 1.079910e+05 1.685173e+05
1.508000e+01 1.079518e+05 1.684781e+05
1.509000e+01 1.079126e+05 1.684389e+05
1.510000e+01 1.078734e+05 1.683998e+05
1.511000e+01 1.078342e+05 1.683606e+05
1.512000e+01 1.077950e+05 1.683214e+05
1.513000e+01 1.077558e+05 1.682823e+05
1.514000e+01 1.077166e+05 1.682431e+05
1.515000e+01 1.076774e+05 1.682039e+05
1.516000e+01 1.076382e+05 1.681648e+05
1.517000e+01 1.075989e+05 1.681256e+05
1.518000e+01 1.075597e+05 1.680864e+05
1.519000e+01 1.075205e+05 1.680473e+05
1.520000e+01 1.074813e+05 1.680081e+05
1.521000e+01 1.074421e+05 1.679689e+05
1.522000e+01 1.074029e+05 1.679298e+05
1.523000e+01 1.073637e+05 1.678906e+05
1.524000e+01 1.073245e+05 1.678514e+05
1.525000e+01 1.072853e+05 1.678122e+05
1.526000e+01 1.072461e+05 1.677731e+05
1.527000e+01 1.072068e+05 1.677339e+05
1.528000e+01 1.071676e+05 1.676947e+05
1.529000e+01 1.071284e+05 1.676556e+05
1.530000e+01 1.070892e+05 1.676164e+05
1.531000e+01 1.070500e+05 1.675772e+05
1.532000e+01 1.070108e+05 1.675381e+05
1.533000e+01 1.069716e+05 1.674989e+05
1.534000e+01 1.069324e+05 1.674597e+05
1.535000e+01 1.068932e+05 1.674206e+05
1.536000e+01 1.068540e+05 1.673814e+05
1.537000e+01 1.068147e+05 1.673422e+05
1.538000e+01 1.067755e+05 1.673031e+05
1.539000e+01 1.067363e+05 1.672639e+05
1.540000e+01 1.066971e+05 1.672247e+05
1.541000e+01 1.066579e+05 1.671856e+05
1.542000e+01 1.066187e+05 1.671464e+05
1.543000e+01 1.065795e+05 1.671072e+05
1.544000e+01 1.065403e+05 1.670681e+05
1.545000e+01 1.065011e+05 1.670289e+05
1.546000e+01 1.064619e+05 1.669897e+05
1.547000e+01 1.064226e+05 1.669505e+05
1.548000e+01 1.063834e+05 1.669114e+05
1.549000e+01 1.063442e+05 1.668722e+05
1.550000e+01 1.063050e+05 1.668330e+05
1.551000e+01 1.062658e+05 1.667939e+05
1.552000e+01 1.062266e+05 1.667547e+05
1.553000e+01 1.061874e+05 1.667155e+05
1.554000e+01 1.061482e+05 1.666764e+05
1.555000e+01 1.061090e+05 1.666372e+05
1.556000e+01 1.060698e+05 1.665980e+05
1.557000e+01 1.060305e+05 1.665589e+05
1.558000e+01 1.059913e+05 1.665197e+05
1.559000e+01 1.059521e+05 1.664805e+05
1.560000e+01 1.059129e+05 1.664414e+05
1.561000e+01 1.058737e+05 1.664022e+05
1.562000e+01 1.058345e+05 1.663630e+05
1.563000e+01 1.057953e+05 1.663239e+05
1.564000e+01 1.057561e+05 1.662847e+05
1.565000e+01 1.057169e+05 1.662455e+05
1.566000e+01 1.056777e+05 1.662064e+05
1.567000e+01 1.056384e+05 1.661672e+05
1.568000e+01 1.055992e+05 1.661280e+05
1.569000e+01 1.055600e+05 1.660888e+05
1.570000e+01 1.055208e+05 1.660497e+05
1.571000e+01 1.054816e+05 1.660105e+05
1.572000e+01 1.054424e+05 1.659713e+05
1.573000e+01 1.054032e+05 1.659322e+05
1.574000e+01 1.053640e+05 1.658930e+05
1.575000e+01 1.053248e+05 1.658538e+05
1.576000e+01 1.052856e+05 1.658147e+05
1.577000e+01 1.052463e+05 1.657755e+05
1.578000e+01 1.052071e+05 1.657363e+05
1.579000e+01 1.051679e+05 1.656972e+05
1.580000e+01 1.051287e+05 1.656580e+05
1.581000e+01 1.050895e+05 1.656188e+05
1.582000e+01 1.050503e+05 1.655797e+05
1.583000e+01 1.050111e+05 1.655405e+05
1.584000e+01 1.049719e+05 1.655013e+05
1.585000e+01 1.049345e+05 1.654640e+05
1.586000e+01 1.049062e+05 1.654357e+05
1.587000e+01 1.048784e+05 1.654080e+05
1.588000e+01 1.048507e+05 1.653803e+05
1.589000e+01 1.048230e+05 1.653526e+05
1.590000e+01 1.047952e+05 1.653249e+05
1.591000e+01 1.047675e+05 1.652972e+05
1.592000e+01 1.047398e+05 1.652695e+05
1.593000e+01 1.047121e+05 1.652418e+05
1.594000e+01 1.046843e+05 1.652142e+05
1.595000e+01 1.046566e+05 1.651865e+05
1.596000e+01 1.046289e+05 1.651588e+05
1.597000e+01 1.046011e+05 1.651311e+05
1.598000e+01 1.045734e+05 1.651034e+05
1.599000e+01 1.045457e+05 1.650757e+05
1.600000e+01 1.045179e+05 1.650480e+05
1.601000e+01 1.044902e+05 1.650203e+05
1.602000e+01 1.044625e+05 1.649926e+05
1.603000e+01 1.044348e+05 1.649649e+05
1.604000e+01 1.044070e+05 1.649372e+05
1.605000e+01 1.043793e+05 1.649095e+05
1.606000e+01 1.043516e+05 1.648819e+05
1.607000e+01 1.043238e+05 1.648542e+05
1.608000e+01 1.042961e+05 1.648265e+05
1.609000e+01 1.042684e+05 1.647988e+05
1.610000e+01 1.042407e+05 1.647711e+05
1.611000e+01 1.042129e+05 1.647434e+05
1.612000e+01 1.041852e+05 1.647157e+05
1.613000e+01 1.041575e+05 1.646880e+05
1.614000e+01 1.041297e+05 1.646603e+05
1.615000e+01 1.041020e+05 1.646326e+05
1.616000e+01 1.040743e+05 1.646049e+05
1.617000e+01 1.040465e+05 1.645772e+05
1.618000e+01 1.040188e+05 1.645495e+05
1.619000e+01 1.039911e+05 1.645219e+05
1.620000e+01 1.039634e+05 1.644942e+05
1.621000e+01 1.039356e+05 1.644665e+05
1.622000e+01 1.039079e+05 1.644388e+05
1.623000e+01 1.038802e+05 1.644111e+05
1.624000e+01 1.038524e+05 1.643834e+05
1.625000e+01 1.038247e+05 1.643557e+05
1.626000e+01 1.037970e+05 1.643280e+05
1.627000e+01 1.037692e+05 1.643003e+05
1.628000e+01 1.037415e+05 1.642726e+05
1.629000e+01 1.037138e+05 1.642449e+05
1.630000e+01 1.036861e+05 1.642172e+05
1.631000e+01 1.036583e+05 1.641895e+05
1.632000e+01 1.036306e+05 1.641619e+05
1.633000e+01 1.036029e+05 1.641342e+05
1.634000e+01 1.035751e+05 1.641065e+05
1.635000e+01 1.035474e+05 1.640788e+05
1.636000e+01 1.035197e+05 1.640511e+05
1.637000e+01 1.034919e+05 1.640234e+05
1.638000e+01 1.034642e+05 1.639957e+05
1.639000e+01 1.034365e+05 1.639680e+05
1.640000e+01 1.034088e+05 1.639403e+05
1.641000e+01 1.033810e+05 1.639126e+05
1.642000e+01 1.033533e+05 1.638849e+05
1.643000e+01 1.033256e+05 1.638572e+05
1.644000e+01 1.032978e+05 1.638296e+05
1.645000e+01 1.032701e+05 1.638019e+05
1.646000e+01 1.032424e+05 1.637742e+05
1.647000e+01 1.032147e+05 1.637465e+05
1.648000e+01 1.031869e+05 1.637188e+05
1.649000e+01 1.031592e+05 1.636911e+05
1.650000e+01 1.031315e+05 1.636634e+05
1.651000e+01 1.031037e+05 1.636357e+05
1.652000e+01 1.030760e+05 1.636080e+05
1.653000e+01 1.030483e+05 1.635803e+05
1.654000e+01 1.030205e+05 1.635526e+05
1.655000e+01 1.029928e+05 1.635249e+05
1.656000e+01 1.029651e+05 1.634972e+05
1.657000e+01 1.029374e+05 1.634696e+05
1.658000e+01 1.029096e+05 1.634419e+05
1.659000e+01 1.028819e+05 1.634142e+05
1.660000e+01 1.028542e+05 1.633865e+05
1.661000e+01 1.028264e+05 1.633588e+05
1.662000e+01 1.027987e+05 1.633311e+05
1.663000e+01 1.027710e+05 1.633034e+05
1.664000e+01 1.027432e+05 1.632757e+05
1.665000e+01 1.027155e+05 1.632480e+05
1.666000e+01 1.026878e+05 1.632203e+05
1.667000e+01 1.026601e+05 1.631926e+05
1.668000e+01 1.026323e+05 1.631649e+05
1.669000e+01 1.026046e+05 1.631372e+05
1.670000e+01 1.025769e+05 1.631096e+05
1.671000e+01 1.025491e+05 1.630819e+05
1.672000e+01 1.025214e+05 1.630542e+05
1.673000e+01 1.024937e+05 1.630265e+05
1.674000e+01 1.024659e+05 1.629988e+05
1.675000e+01 1.024382e+05 1.629711e+05
1.676000e+01 1.024105e+05 1.629434e+05
1.677000e+01 1.023828e+05 1.629157e+05
1.678000e+01 1.023550e+05 1.628880e+05
1.679000e+01 1.023273e+05 1.628603e+05
1.680000e+01 1.022996e+05 1.628326e+05
1.681000e+01 1.022718e+05 1.628049e+05
1.682000e+01 1.022441e+05 1.627773e+05
1.683000e+01 1.022164e+05 1.627496e+05
1.684000e+01 1.021887e+05 1.627219e+05
1.685000e+01 1.021609e+05 1.626942e+05
1.686000e+01 1.021332e+05 1.626665e+05
1.687000e+01 1.021055e+05 1.626388e+05
1.688000e+01 1.020777e+05 1.626111e+05
1.689000e+01 1.020500e+05 1.625834e+05
1.690000e+01 1.020223e+05 1.625557e+05
1.691000e+01 1.019945e+05 1.625280e+05
1.692000e+01 1.019668e+05 1.625003e+05
1.693000e+01 1.019391e+05 1.624726e+05
1.694000e+01 1.019114e+05 1.624449e+05
1.695000e+01 1.018836e+05 1.624173e+05
1.696000e+01 1.018559e+05 1.623896e+05
1.697000e+01 1.018282e+05 1.623619e+05
1.698000e+01 1.018004e+05 1.623342e+05
1.699000e+01 1.017727e+05 1.623065e+05
1.700000e+01 1.017450e+05 1.622788e+05
1.701000e+01 1.017172e+05 1.622511e+05
1.702000e+01 1.016895e+05 1.622234e+05
1.703000e+01 1.016618e+05 1.621957e+05
1.704000e+01 1.016341e+05 1.621680e+05
1.705000e+01 1.016063e+05 1.621403e+05
1.706000e+01 1.015786e+05 1.621126e+05
1.707000e+01 1.015509e+05 1.620849e+05
1.708000e+01 1.015231e+05 1.620573e+05
1.709000e+01 1.014954e+05 1.620296e+05
1.710000e+01 1.014677e+05 1.620019e+05
1.711000e+01 1.014399e+05 1.619742e+05
1.712000e+01 1.014122e+05 1.619465e+05
1.713000e+01 1.013845e+05 1.619188e+05
1.714000e+01 1.013568e+05 1.618911e+05
1.715000e+01 1.013290e+05 1.618634e+05
1.716000e+01 1.013013e+05 1.618357e+05
1.717000e+01 1.012736e+05 1.618080e+05
1.718000e+01 1.012458e+05 1.617803e+05
1.719000e+01 1.012181e+05 1.617526e+05
1.720000e+01 1.011904e+05 1.617250e+05
1.721000e+01 1.011627e+05 1.616973e+05
1.722000e+01 1.011349e+05 1.616696e+05
1.723000e+01 1.011072e+05 1.616419e+05
1.724000e+01 1.010795e+05 1.616142e+05
1.725000e+01 1.010517e+05 1.615865e+05
1.726000e+01 1.010240e+05 1.615588e+05
1.727000e+01 1.009963e+05 1.615311e+05
1.728000e+01 1.009685e+05 1.615034e+05
1.729000e+01 1.009408e+05 1.614757e+05
1.730000e+01 1.009131e+05 1.614480e+05
1.731000e+01 1.008854e+05 1.614203e+05
1.732000e+01 1.008576e+05 1.613926e+05
1.733000e+01 1.008299e+05 1.613650e+05
1.734000e+01 1.008022e+05 1.613373e+05
1.735000e+01 1.007744e+05 1.613096e+05
1.736000e+01 1.007467e+05 1.612819e+05
1.737000e+01 1.007190e+05 1.612542e+05
1.738000e+01 1.006912e+05 1.612265e+05
1.739000e+01 1.006635e+05 1.611988e+05
1.740000e+01 1.006358e+05 1.611711e+05
1.741000e+01 1.006081e+05 1.611434e+05
1.742000e+01 1.005803e+05 1.611157e+05
1.743000e+01 1.005526e+05 1.610880e+05
1.744000e+01 1.005249e+05 1.610603e+05
1.745000e+01 1.004971e+05 1.610326e+05
1.746000e+01 1.004694e+05 1.610050e+05
1.747000e+01 1.004417e+05 1.609773e+05
1.748000e+01 1.004140e+05 1.609496e+05
1.749000e+01 1.003862e+05 1.609219e+05
1.750000e+01 1.003585e+05 1.608942e+05
1.751000e+01 1.003308e+05 1.608665e+05
1.752000e+01 1.003030e+05 1.608388e+05
1.753000e+01 1.002753e+05 1.608111e+05
1.754000e+01 1.002476e+05 1.607834e+05
1.755000e+01 1.002198e+05 1.607557e+05
1.756000e+01 1.001921e+05 1.607280e+05
1.757000e+01 1.001644e+05 1.607003e+05
1.758000e+01 1.001367e+05 1.606727e+05
1.759000e+01 1.001089e+05 1.606450e+05
1.760000e+01 1.000812e+05 1.606173e+05
1.761000e+01 1.000535e+05 1.605896e+05
1.762000e+01 1.000257e+05 1.605619e+05
1.763000e+01 9.999800e+04 1.605342e+05
1.764000e+01 9.997027e+04 1.605065e+05
1.765000e+01 9.994255e+04 1.604788e+05
1.766000e+01 9.991482e+04 1.604511e+05
1.767000e+01 9.988709e+04 1.604234e+05
1.768000e+01 9.985936e+04 1.603957e+05
1.769000e+01 9.983163e+04 1.603680e+05
1.770000e+01 9.980390e+04 1.603403e+05
1.771000e+01 9.977617e+04 1.603127e+05
1.772000e+01 9.974844e+04 1.602850e+05
1.773000e+01 9.972071e+04 1.602573e+05
1.774000e+01 9.969298e+04 1.602296e+05
1.775000e+01 9.966525e+04 1.602019e+05
1.776000e+01 9.963752e+04 1.601742e+05
1.777000e+01 9.960979e+04 1.601465e+05
1.778000e+01 9.958206e+04 1.601188e+05
1.779000e+01 9.955433e+04 1.600911e+05
1.780000e+01 9.952660e+04 1.600634e+05
1.781000e+01 9.949887e+04 1.600357e+05
1.782000e+01 9.947114e+04 1.600080e+05
1.783000e+01 9.944341e+04 1.599803e+05
1.784000e+01 9.941568e+04 1.599527e+05
1.785000e+01 9.938795e+04 1.599250e+05
1.786000e+01 9.936022e+04 1.598973e+05
1.787000e+01 9.933249e+04 1.598696e+05
1.788000e+01 9.930476e+04 1.598419e+05
1.789000e+01 9.927703e+04 1.598142e+05
1.790000e+01 9.924930e+04 1.597865e+05
1.791000e+01 9.922157e+04 1.597588e+05
1.792000e+01 9.919384e+04 1.597311e+05
1.793000e+01 9.916611e+04 1.597034e+05
1.794000e+01 9.913838e+04 1.596757e+05
1.795000e+01 9.911065e+04 1.596480e+05
1.796000e+01 9.908292e+04 1.596204e+05
1.797000e+01 9.905519e+04 1.595927e+05
1.798000e+01 9.902746e+04 1.595650e+05
1.799000e+01 9.899973e+04 1.595373e+05
1.800000e+01 9.897201e+04 1.595096e+05
1.801000e+01 9.894428e+04 1.594819e+05
1.802000e+01 9.891655e+04 1.594542e+05
1.803000e+01 9.888882e+04 1.594265e+05
1.804000e+01 9.886109e+04 1.593988e+05
1.805000e+01 9.883336e+04 1.593711e+05
1.806000e+01 9.880563e+04 1.593434e+05
1.807000e+01 9.877790e+04 1.593157e+05
1.808000e+01 9.875017e+04 1.592880e+05
1.809000e+01 9.872244e+04 1.592604e+05
1.810000e+01 9.869471e+04 1.592327e+05
1.811000e+01 9.866698e+04 1.592050e+05
1.812000e+01 9.863925e+04 1.591773e+05
1.813000e+01 9.861152e+04 1.591496e+05
1.814000e+01 9.858379e+04 1.591219e+05
1.815000e+01 9.855606e+04 1.590942e+05
1.816000e+01 9.852833e+04 1.590665e+05
1.817000e+01 9.850060e+04 1.590388e+05
1.818000e+01 9.847287e+04 1.590111e+05
1.819000e+01 9.844514e+04 1.589834e+05
1.820000e+01 9.841741e+04 1.589557e+05
1.821000e+01 9.838968e+04 1.589281e+05
1.822000e+01 9.836195e+04 1.589004e+05
1.823000e+01 9.833422e+04 1.588727e+05
1.824000e+01 9.830649e+04 1.588450e+05
1.825000e+01 9.827876e+04 1.588173e+05
1.826000e+01 9.825103e+04 1.587896e+05
1.827000e+01 9.822330e+04 1.587619e+05
1.828000e+01 9.819557e+04 1.587342e+05
1.829000e+01 9.816784e+04 1.587065e+05
1.830000e+01 9.814011e+04 1.586788e+05
1.831000e+01 9.811238e+04 1.586511e+05
1.832000e+01 9.808465e+04 1.586234e+05
1.833000e+01 9.805692e+04 1.585957e+05
1.834000e+01 9.802919e+04 1.585681e+05
1.835000e+01 9.800147e+04 1.585404e+05
1.836000e+01 9.797374e+04 1.585127e+05
1.837000e+01 9.794601e+04 1.584850e+05
1.838000e+01 9.791828e+04 1.584573e+05
1.839000e+01 9.789055e+04 1.584296e+05
1.840000e+01 9.786282e+04 1.584019e+05
1.841000e+01 9.783509e+04 1.583742e+05
1.842000e+01 9.780736e+04 1.583465e+05
1.843000e+01 9.777963e+04 1.583188e+05
1.844000e+01 9.775190e+04 1.582911e+05
1.845000e+01 9.772417e+04 1.582634e+05
1.846000e+01 9.769644e+04 1.582357e+05
1.847000e+01 9.766871e+04 1.582081e+05
1.848000e+01 9.764098e+04 1.581804e+05
1.849000e+01 9.761325e+04 1.581527e+05
1.850000e+01 9.758552e+04 1.581250e+05
1.851000e+01 9.755779e+04 1.580973e+05
1.852000e+01 9.753006e+04 1.580696e+05
1.853000e+01 9.750233e+04 1.580419e+05
1.854000e+01 9.747460e+04 1.580142e+05
1.855000e+01 9.744687e+04 1.579865e+05
1.856000e+01 9.741914e+04 1.579588e+05
1.857000e+01 9.739141e+04 1.579311e+05
1.858000e+01 9.736368e+04 1.579034e+05
1.859000e+01 9.733595e+04 1.578758e+05
1.860000e+01 9.730822e+04 1.578481e+05
1.861000e+01 9.728049e+04 1.578204e+05
1.862000e+01 9.725276e+04 1.577927e+05
1.863000e+01 9.722503e+04 1.577650e+05
1.864000e+01 9.719730e+04 1.577373e+05
1.865000e+01 9.716957e+04 1.577096e+05
1.866000e+01 9.714184e+04 1.576819e+05
1.867000e+01 9.711411e+04 1.576542e+05
1.868000e+01 9.708638e+04 1.576265e+05
1.869000e+01 9.705865e+04 1.575988e+05
1.870000e+01 9.703093e+04 1.575711e+05
1.871000e+01 9.700320e+04 1.575434e+05
1.872000e+01 9.697547e+04 1.575158e+05
1.873000e+01 9.694774e+04 1.574881e+05
1.874000e+01 9.692001e+04 1.574604e+05
1.875000e+01 9.689228e+04 1.574327e+05
1.876000e+01 9.686455e+04 1.574050e+05
1.877000e+01 9.683682e+04 1.573773e+05
1.878000e+01 9.680909e+04 1.573496e+05
1.879000e+01 9.678136e+04 1.573219e+05
1.880000e+01 9.675363e+04 1.572942e+05
1.881000e+01 9.672590e+04 1.572665e+05
1.882000e+01 9.669817e+04 1.572388e+05
1.883000e+01 9.667044e+04 1.572111e+05
1.884000e+01 9.664271e+04 1.571834e+05
1.885000e+01 9.661498e+04 1.571558e+05
1.886000e+01 9.658725e+04 1.571281e+05
1.887000e+01 9.655952e+04 1.571004e+05
1.888000e+01 9.653179e+04 1.570727e+05
1.889000e+01 9.650406e+04 1.570450e+05
1.890000e+01 9.647633e+04 1.570173e+05
1.891000e+01 9.644860e+04 1.569896e+05
1.892000e+01 9.642087e+04 1.569619e+05
1.893000e+01 9.639314e+04 1.569342e+05
1.894000e+01 9.636541e+04 1.569065e+05
1.895000e+01 9.633768e+04 1.568788e+05
1.896000e+01 9.630995e+04 1.568511e+05
1.897000e+01 9.628222e+04 1.568235e+05
1.898000e+01 9.625449e+04 1.567958e+05
1.899000e+01 9.622676e+04 1.567681e+05
1.900000e+01 9.619903e+04 1.567404e+05
1.901000e+01 9.617130e+04 1.567127e+05
1.902000e+01 9.614357e+04 1.566850e+05
1.903000e+01 9.611584e+04 1.566573e+05
1.904000e+01 9.608811e+04 1.566296e+05
1.905000e+01 9.606038e+04 1.566019e+05
1.906000e+01 9.603266e+04 1.565742e+05
1.907000e+01 9.600493e+04 1.565465e+05
1.908000e+01 9.597720e+04 1.565188e+05
1.909000e+01 9.594947e+04 1.564911e+05
1.910000e+01 9.592174e+04 1.564635e+05
1.911000e+01 9.589401e+04 1.564358e+05
1.912000e+01 9.586628e+04 1.564081e+05
1.913000e+01 9.583855e+04 1.563804e+05
1.914000e+01 9.581082e+04 1.563527e+05
1.915000e+01 9.578309e+04 1.563250e+05
1.916000e+01 9.575536e+04 1.562973e+05
1.917000e+01 9.572763e+04 1.562696e+05
1.918000e+01 9.569990e+04 1.562419e+05
1.919000e+01 9.567217e+04 1.562142e+05
1.920000e+01 9.564444e+04 1.561865e+05
1.921000e+01 9.561671e+04 1.561588e+05
1.922000e+01 9.558898e+04 1.561311e+05
1.923000e+01 9.556125e+04 1.561035e+05
1.924000e+01 9.553352e+04 1.560758e+05
1.925000e+01 9.550579e+04 1.560481e+05
1.926000e+01 9.547806e+04 1.560204e+05
1.927000e+01 9.545033e+04 1.559927e+05
1.928000e+01 9.542260e+04 1.559650e+05
1.929000e+01 9.539487e+04 1.559373e+05
1.930000e+01 9.536714e+04 1.559096e+05
1.931000e+01 9.533941e+04 1.558819e+05
1.932000e+01 9.531168e+04 1.558542e+05
1.933000e+01 9.528395e+04 1.558265e+05
1.934000e+01 9.525622e+04 1.557988e+05
1.935000e+01 9.522849e+04 1.557712e+05
1.936000e+01 9.520076e+04 1.557435e+05
1.937000e+01 9.517303e+04 1.557158e+05
1.938000e+01 9.514530e+04 1.556881e+05
1.939000e+01 9.511757e+04 1.556604e+05
1.940000e+01 9.508984e+04 1.556327e+05
1.941000e+01 9.506212e+04 1.556050e+05
1.942000e+01 9.503439e+04 1.555773e+05
1.943000e+01 9.500666e+04 1.555496e+05
1.944000e+01 9.497893e+04 1.555219e+05
1.945000e+01 9.495120e+04 1.554942e+05
1.946000e+01 9.492347e+04 1.554665e+05
1.947000e+01 9.489574e+04 1.554388e+05
1.948000e+01 9.486801e+04 1.554112e+05
1.949000e+01 9.484028e+04 1.553835e+05
1.950000e+01 9.481255e+04 1.553558e+05
1.951000e+01 9.478482e+04 1.553281e+05
1.952000e+01 9.475709e+04 1.553004e+05
1.953000e+01 9.472936e+04 1.552727e+05
1.954000e+01 9.470163e+04 1.552450e+05
1.955000e+01 9.467390e+04 1.552173e+05
1.956000e+01 9.464617e+04 1.551896e+05
1.957000e+01 9.461844e+04 1.551619e+05
1.958000e+01 9.459071e+04 1.551342e+05
1.959000e+01 9.456298e+04 1.551065e+05
1.960000e+01 9.453525e+04 1.550788e+05
1.961000e+01 9.450752e+04 1.550512e+05
1.962000e+01 9.447979e+04 1.550235e+05
1.963000e+01 9.445206e+04 1.549958e+05
1.964000e+01 9.442433e+04 1.549681e+05
1.965000e+01 9.439660e+04 1.549404e+05
1.966000e+01 9.436887e+04 1.549127e+05
1.967000e+01 9.434114e+04 1.548850e+05
1.968000e+01 9.431341e+04 1.548573e+05
1.969000e+01 9.428568e+04 1.548296e+05
1.970000e+01 9.425795e+04 1.548019e+05
1.971000e+01 9.423022e+04 1.547742e+05
1.972000e+01 9.420249e+04 1.547465e+05
1.973000e+01 9.417476e+04 1.547189e+05
1.974000e+01 9.414703e+04 1.546912e+05
1.975000e+01 9.411930e+04 1.546635e+05
1.976000e+01 9.409158e+04 1.546358e+05
1.977000e+01 9.406385e+04 1.546081e+05
1.978000e+01 9.403612e+04 1.545804e+05
1.979000e+01 9.400839e+04 1.545527e+05
1.980000e+01 9.398066e+04 1.545250e+05
1.981000e+01 9.395293e+04 1.544973e+05
1.982000e+01 9.392520e+04 1.544696e+05
1.983000e+01 9.389747e+04 1.544419e+05
1.984000e+01 9.386974e+04 1.544142e+05
1.985000e+01 9.384201e+04 1.543865e+05
1.986000e+01 9.381428e+04 1.543589e+05
1.987000e+01 9.378655e+04 1.543312e+05
1.988000e+01 9.375882e+04 1.543035e+05
1.989000e+01 9.373109e+04 1.542758e+05
1.990000e+01 9.370336e+04 1.542481e+05
1.991000e+01 9.367563e+04 1.542204e+05
1.992000e+01 9.364790e+04 1.541927e+05
1.993000e+01 9.362017e+04 1.541650e+05
1.994000e+01 9.359244e+04 1.541373e+05
1.995000e+01 9.356471e+04 1.541096e+05
1.996000e+01 9.354298e+04 1.540879e+05
1.997000e+01 9.352338e+04 1.540684e+05
1.998000e+01 9.350378e+04 1.540488e+05
1.999000e+01 9.348418e+04 1.540292e+05
2.000000e+01 9.346458e+04 1.540097e+05
2.001000e+01 9.344498e+04 1.539901e+05
2.002000e+01 9.342538e+04 1.539705e+05
2.003000e+01 9.340579e+04 1.539510e+05
2.004000e+01 9.338619e+04 1.539314e+05
2.005000e+01 9.336659e+04 1.539119e+05
2.006000e+01 9.334699e+04 1.538923e+05
2.007000e+01 9.332739e+04 1.538727e+05
2.008000e+01 9.330779e+04 1.538532e+05
2.009000e+01 9.328819e+04 1.538336e+05
2.010000e+01 9.326859e+04 1.538140e+05
2.011000e+01 9.324899e+04 1.537945e+05
2.012000e+01 9.322939e+04 1.537749e+05
2.013000e+01 9.320980e+04 1.537553e+05
2.014000e+01 9.319020e+04 1.537358e+05
2.015000e+01 9.317060e+04 1.537162e+05
2.016000e+01 9.315100e+04 1.536967e+05
2.017000e+01 9.313140e+04 1.536771e+05
2.018000e+01 9.311180e+04 1.536575e+05
2.019000e+01 9.309220e+04 1.536380e+05
2.020000e+01 9.307260e+04 1.536184e+05
2.021000e+01 9.305300e+04 1.535988e+05
2.022000e+01 9.303340e+04 1.535793e+05
2.023000e+01 9.301381e+04 1.535597e+05
2.024000e+01 9.299421e+04 1.535401e+05
2.025000e+01 9.297461e+04 1.535206e+05
2.026000e+01 9.295501e+04 1.535010e+05
2.027000e+01 9.293541e+04 1.534815e+05
2.028000e+01 9.291581e+04 1.534619e+05
2.029000e+01 9.289621e+04 1.534423e+05
2.030000e+01 9.287661e+04 1.534228e+05
2.031000e+01 9.285701e+04 1.534032e+05
2.032000e+01 9.283741e+04 1.533836e+05
2.033000e+01 9.281781e+04 1.533641e+05
2.034000e+01 9.279822e+04 1.533445e+05
2.035000e+01 9.277862e+04 1.533249e+05
2.036000e+01 9.275902e+04 1.533054e+05
2.037000e+01 9.273942e+04 1.532858e+05
2.038000e+01 9.271982e+04 1.532663e+05
2.039000e+01 9.270022e+04 1.532467e+05
2.040000e+01 9.268062e+04 1.532271e+05
2.041000e+01 9.266102e+04 1.532076e+05
2.042000e+01 9.264142e+04 1.531880e+05
2.043000e+01 9.262182e+04 1.531684e+05
2.044000e+01 9.260223e+04 1.531489e+05
2.045000e+01 9.258263e+04 1.531293e+05
2.046000e+01 9.256303e+04 1.531097e+05
2.047000e+01 9.254343e+04 1.530902e+05
2.048000e+01 9.252383e+04 1.530706e+05
2.049000e+01 9.250423e+04 1.530511e+05
2.050000e+01 9.248463e+04 1.530315e+05
2.051000e+01 9.246503e+04 1.530119e+05
2.052000e+01 9.244543e+04 1.529924e+05
2.053000e+01 9.242583e+04 1.529728e+05
2.054000e+01 9.240624e+04 1.529532e+05
2.055000e+01 9.238664e+04 1.529337e+05
2.056000e+01 9.236704e+04 1.529141e+05
2.057000e+01 9.234744e+04 1.528945e+05
2.058000e+01 9.232784e+04 1.528750e+05
2.059000e+01 9.230824e+04 1.528554e+05
2.060000e+01 9.228864e+04 1.528359e+05
2.061000e+01 9.226904e+04 1.528163e+05
2.062000e+01 9.224944e+04 1.527967e+05
2.063000e+01 9.222984e+04 1.527772e+05
2.064000e+01 9.221025e+04 1.527576e+05
2.065000e+01 9.219065e+04 1.527380e+05
2.066000e+01 9.217105e+04 1.527185e+05
2.067000e+01 9.215145e+04 1.526989e+05
2.068000e+01 9.213185e+04 1.526793e+05
2.069000e+01 9.211225e+04 1.526598e+05
2.070000e+01 9.209265e+04 1.526402e+05
2.071000e+01 9.207305e+04 1.526207e+05
2.072000e+01 9.205345e+04 1.526011e+05
2.073000e+01 9.203385e+04 1.525815e+05
2.074000e+01 9.201425e+04 1.525620e+05
2.075000e+01 9.199466e+04 1.525424e+05
2.076000e+01 9.197506e+04 1.525228e+05
2.077000e+01 9.195546e+04 1.525033e+05
2.078000e+01 9.193586e+04 1.524837e+05
2.079000e+01 9.191626e+04 1.524641e+05
2.080000e+01 9.189666e+04 1.524446e+05
2.081000e+01 9.187706e+04 1.524250e+05
2.082000e+01 9.185746e+04 1.524055e+05
2.083000e+01 9.183786e+04 1.523859e+05
2.084000e+01 9.181826e+04 1.523663e+05
2.085000e+01 9.179867e+04 1.523468e+05
2.086000e+01 9.177907e+04 1.523272e+05
2.087000e+01 9.175947e+04 1.523076e+05
2.088000e+01 9.173987e+04 1.522881e+05
2.089000e+01 9.172027e+04 1.522685e+05
2.090000e+01 9.170067e+04 1.522489e+05
2.091000e+01 9.168107e+04 1.522294e+05
2.092000e+01 9.166147e+04 1.522098e+05
2.093000e+01 9.164187e+04 1.521903e+05
2.094000e+01 9.162227e+04 1.521707e+05
2.095000e+01 9.160268e+04 1.521511e+05
2.096000e+01 9.158308e+04 1.521316e+05
2.097000e+01 9.156348e+04 1.521120e+05
2.098000e+01 9.154388e+04 1.520924e+05
2.099000e+01 9.152428e+04 1.520729e+05
2.100000e+01 9.150468e+04 1.520533e+05
2.101000e+01 9.148508e+04 1.520337e+05
2.102000e+01 9.146548e+04 1.520142e+05
2.103000e+01 9.144588e+04 1.519946e+05
2.104000e+01 9.142628e+04 1.519750e+05
2.105000e+01 9.140669e+04 1.519555e+05
2.106000e+01 9.138709e+04 1.519359e+05
2.107000e+01 9.136749e+04 1.519164e+05
2.108000e+01 9.134789e+04 1.518968e+05
2.109000e+01 9.132829e+04 1.518772e+05
2.110000e+01 9.130869e+04 1.518577e+05
2.111000e+01 9.128909e+04 1.518381e+05
2.112000e+01 9.126949e+04 1.518185e+05
2.113000e+01 9.124989e+04 1.517990e+05
2.114000e+01 9.123029e+04 1.517794e+05
2.115000e+01 9.121069e+04 1.517598e+05
2.116000e+01 9.119110e+04 1.517403e+05
2.117000e+01 9.117150e+04 1.517207e+05
2.118000e+01 9.115190e+04 1.517012e+05
2.119000e+01 9.113230e+04 1.516816e+05
2.120000e+01 9.111270e+04 1.516620e+05
2.121000e+01 9.109310e+04 1.516425e+05
2.122000e+01 9.107350e+04 1.516229e+05
2.123000e+01 9.105390e+04 1.516033e+05
2.124000e+01 9.103430e+04 1.515838e+05
2.125000e+01 9.101470e+04 1.515642e+05
2.126000e+01 9.099511e+04 1.515446e+05
2.127000e+01 9.097551e+04 1.515251e+05
2.128000e+01 9.095591e+04 1.515055e+05
2.129000e+01 9.093631e+04 1.514860e+05
2.130000e+01 9.091671e+04 1.514664e+05
2.131000e+01 9.089711e+04 1.514468e+05
2.132000e+01 9.087751e+04 1.514273e+05
2.133000e+01 9.085791e+04 1.514077e+05
2.134000e+01 9.083831e+04 1.513881e+05
2.135000e+01 9.081871e+04 1.513686e+05
2.136000e+01 9.079912e+04 1.513490e+05
2.137000e+01 9.077952e+04 1.513294e+05
2.138000e+01 9.075992e+04 1.513099e+05
2.139000e+01 9.074032e+04 1.512903e+05
2.140000e+01 9.072072e+04 1.512708e+05
2.141000e+01 9.070112e+04 1.512512e+05
2.142000e+01 9.068152e+04 1.512316e+05
2.143000e+01 9.066192e+04 1.512121e+05
2.144000e+01 9.064232e+04 1.511925e+05
2.145000e+01 9.062272e+04 1.511729e+05
2.146000e+01 9.060313e+04 1.511534e+05
2.147000e+01 9.058353e+04 1.511338e+05
2.148000e+01 9.056393e+04 1.511142e+05
2.149000e+01 9.054433e+04 1.510947e+05
2.150000e+01 9.052473e+04 1.510751e+05
2.151000e+01 9.050513e+04 1.510556e+05
2.152000e+01 9.048553e+04 1.510360e+05
2.153000e+01 9.046593e+04 1.510164e+05
2.154000e+01 9.044633e+04 1.509969e+05
2.155000e+01 9.042673e+04 1.509773e+05
2.156000e+01 9.040713e+04 1.509577e+05
2.157000e+01 9.038754e+04 1.509382e+05
2.158000e+01 9.036794e+04 1.509186e+05
2.159000e+01 9.034834e+04 1.508990e+05
2.160000e+01 9.032874e+04 1.508795e+05
2.161000e+01 9.030914e+04 1.508599e+05
2.162000e+01 9.028954e+04 1.508404e+05
2.163000e+01 9.026994e+04 1.508208e+05
2.164000e+01 9.025034e+04 1.508012e+05
2.165000e+01 9.023074e+04 1.507817e+05
2.166000e+01 9.021114e+04 1.507621e+05
2.167000e+01 9.019155e+04 1.507425e+05
2.168000e+01 9.017195e+04 1.507230e+05
2.169000e+01 9.015235e+04 1.507034e+05
2.170000e+01 9.013275e+04 1.506838e+05
2.171000e+01 9.011315e+04 1.506643e+05
2.172000e+01 9.009355e+04 1.506447e+05
2.173000e+01 9.007395e+04 1.506252e+05
2.174000e+01 9.005435e+04 1.506056e+05
2.175000e+01 9.003475e+04 1.505860e+05
2.176000e+01 9.001515e+04 1.505665e+05
2.177000e+01 8.999556e+04 1.505469e+05
2.178000e+01 8.997596e+04 1.505273e+05
2.179000e+01 8.995636e+04 1.505078e+05
2.180000e+01 8.993676e+04 1.504882e+05
2.181000e+01 8.991716e+04 1.504686e+05
2.182000e+01 8.989756e+04 1.504491e+05
2.183000e+01 8.987796e+04 1.504295e+05
2.184000e+01 8.985836e+04 1.504100e+05
2.185000e+01 8.983876e+04 1.503904e+05
2.186000e+01 8.981916e+04 1.503708e+05
2.187000e+01 8.979957e+04 1.503513e+05
2.188000e+01 8.977997e+04 1.503317e+05
2.189000e+01 8.976037e+04 1.503121e+05
2.190000e+01 8.974077e+04 1.502926e+05
2.191000e+01 8.972117e+04 1.502730e+05
2.192000e+01 8.970157e+04 1.502534e+05
2.193000e+01 8.968197e+04 1.502339e+05
2.194000e+01 8.966237e+04 1.502143e+05
2.195000e+01 8.964277e+04 1.501948e+05
2.196000e+01 8.962317e+04 1.501752e+05
2.197000e+01 8.960358e+04 1.501556e+05
2.198000e+01 8.958398e+04 1.501361e+05
2.199000e+01 8.956438e+04 1.501165e+05
2.200000e+01 8.954478e+04 1.500969e+05
2.201000e+01 8.952518e+04 1.500774e+05
2.202000e+01 8.950558e+04 1.500578e+05
2.203000e+01 8.948598e+04 1.500382e+05
2.204000e+01 8.946638e+04 1.500187e+05
2.205000e+01 8.944678e+04 1.499991e+05
2.206000e+01 8.942718e+04 1.499796e+05
2.207000e+01 8.940758e+04 1.499600e+05
2.208000e+01 8.938799e+04 1.499404e+05
2.209000e+01 8.936839e+04 1.499209e+05
2.210000e+01 8.934879e+04 1.499013e+05
2.211000e+01 8.932919e+04 1.498817e+05
2.212000e+01 8.930959e+04 1.498622e+05
2.213000e+01 8.928999e+04 1.498426e+05
2.214000e+01 8.927039e+04 1.498230e+05
2.215000e+01 8.925079e+04 1.498035e+05
2.216000e+01 8.923119e+04 1.497839e+05
2.217000e+01 8.921159e+04 1.497644e+05
2.218000e+01 8.919200e+04 1.497448e+05
2.219000e+01 8.917240e+04 1.497252e+05
2.220000e+01 8.915280e+04 1.497057e+05
2.221000e+01 8.913320e+04 1.496861e+05
2.222000e+01 8.911360e+04 1.496665e+05
2.223000e+01 8.909400e+04 1.496470e+05
2.224000e+01 8.907440e+04 1.496274e+05
2.225000e+01 8.905480e+04 1.496078e+05
2.226000e+01 8.903520e+04 1.495883e+05
2.227000e+01 8.901560e+04 1.495687e+05
2.228000e+01 8.899601e+04 1.495492e+05
2.229000e+01 8.897641e+04 1.495296e+05
2.230000e+01 8.895681e+04 1.495100e+05
2.231000e+01 8.893721e+04 1.494905e+05
2.232000e+01 8.891761e+04 1.494709e+05
2.233000e+01 8.889801e+04 1.494513e+05
2.234000e+01 8.887841e+04 1.494318e+05
2.235000e+01 8.885881e+04 1.494122e+05
2.236000e+01 8.883921e+04 1.493926e+05
2.237000e+01 8.881961e+04 1.493731e+05
2.238000e+01 8.880002e+04 1.493535e+05
2.239000e+01 8.878042e+04 1.493339e+05
2.240000e+01 8.876082e+04 1.493144e+05
2.241000e+01 8.874122e+04 1.492948e+05
2.242000e+01 8.872162e+04 1.492753e+05
2.243000e+01 8.870202e+04 1.492557e+05
2.244000e+01 8.868242e+04 1.492361e+05
2.245000e+01 8.866282e+04 1.492166e+05
2.246000e+01 8.864322e+04 1.491970e+05
2.247000e+01 8.862362e+04 1.491774e+05
2.248000e+01 8.860402e+04 1.491579e+05
2.249000e+01 8.858443e+04 1.491383e+05
2.250000e+01 8.856483e+04 1.491187e+05
2.251000e+01 8.854523e+04 1.490992e+05
2.252000e+01 8.852563e+04 1.490796e+05
2.253000e+01 8.850603e+04 1.490601e+05
2.254000e+01 8.848643e+04 1.490405e+05
2.255000e+01 8.846683e+04 1.490209e+05
2.256000e+01 8.844723e+04 1.490014e+05
2.257000e+01 8.842763e+04 1.489818e+05
2.258000e+01 8.840803e+04 1.489622e+05
2.259000e+01 8.838844e+04 1.489427e+05
2.260000e+01 8.836884e+04 1.489231e+05
2.261000e+01 8.834924e+04 1.489035e+05
2.262000e+01 8.832964e+04 1.488840e+05
2.263000e+01 8.831004e+04 1.488644e+05
2.264000e+01 8.829044e+04 1.488449e+05
2.265000e+01 8.827084e+04 1.488253e+05
2.266000e+01 8.825124e+04 1.488057e+05
2.267000e+01 8.823164e+04 1.487862e+05
2.268000e+01 8.821204e+04 1.487666e+05
2.269000e+01 8.819245e+04 1.487470e+05
2.270000e+01 8.817285e+04 1.487275e+05
2.271000e+01 8.815325e+04 1.487079e+05
2.272000e+01 8.813365e+04 1.486883e+05
2.273000e+01 8.811405e+04 1.486688e+05
2.274000e+01 8.809445e+04 1.486492e+05
2.275000e+01 8.807485e+04 1.486297e+05
2.276000e+01 8.805525e+04 1.486101e+05
2.277000e+01 8.803565e+04 1.485905e+05
2.278000e+01 8.801605e+04 1.485710e+05
2.279000e+01 8.799646e+04 1.485514e+05
2.280000e+01 8.797686e+04 1.485318e+05
2.281000e+01 8.795726e+04 1.485123e+05
2.282000e+01 8.793766e+04 1.484927e+05
2.283000e+01 8.791806e+04 1.484731e+05
2.284000e+01 8.789846e+04 1.484536e+05
2.285000e+01 8.787886e+04 1.484340e+05
2.286000e+01 8.785926e+04 1.484145e+05
2.287000e+01 8.783966e+04 1.483949e+05
2.288000e+01 8.782006e+04 1.483753e+05
2.289000e+01 8.780046e+04 1.483558e+05
2.290000e+01 8.778087e+04 1.483362e+05
2.291000e+01 8.776127e+04 1.483166e+05
2.292000e+01 8.774167e+04 1.482971e+05
2.293000e+01 8.772207e+04 1.482775e+05
2.294000e+01 8.770247e+04 1.482579e+05
2.295000e+01 8.768287e+04 1.482384e+05
2.296000e+01 8.766327e+04 1.482188e+05
2.297000e+01 8.764367e+04 1.481993e+05
2.298000e+01 8.762407e+04 1.481797e+05
2.299000e+01 8.760447e+04 1.481601e+05
2.300000e+01 8.758488e+04 1.481406e+05
2.301000e+01 8.756528e+04 1.481210e+05
2.302000e+01 8.754568e+04 1.481014e+05
2.303000e+01 8.752608e+04 1.480819e+05
2.304000e+01 8.750648e+04 1.480623e+05
2.305000e+01 8.748688e+04 1.480427e+05
2.306000e+01 8.746728e+04 1.480232e+05
2.307000e+01 8.744768e+04 1.480036e+05
2.308000e+01 8.742808e+04 1.479841e+05
2.309000e+01 8.740848e+04 1.479645e+05
2.310000e+01 8.738889e+04 1.479449e+05
2.311000e+01 8.736929e+04 1.479254e+05
2.312000e+01 8.734969e+04 1.479058e+05
2.313000e+01 8.733009e+04 1.478862e+05
2.314000e+01 8.731049e+04 1.478667e+05
2.315000e+01 8.729089e+04 1.478471e+05
2.316000e+01 8.727129e+04 1.478275e+05
2.317000e+01 8.725169e+04 1.478080e+05
2.318000e+01 8.723209e+04 1.477884e+05
2.319000e+01 8.721249e+04 1.477689e+05
2.320000e+01 8.719290e+04 1.477493e+05
2.321000e+01 8.717330e+04 1.477297e+05
2.322000e+01 8.715370e+04 1.477102e+05
2.323000e+01 8.713410e+04 1.476906e+05
2.324000e+01 8.711450e+04 1.476710e+05
2.325000e+01 8.709490e+04 1.476515e+05
2.326000e+01 8.707530e+04 1.476319e+05
2.327000e+01 8.705570e+04 1.476123e+05
2.328000e+01 8.703610e+04 1.475928e+05
2.329000e+01 8.701650e+04 1.475732e+05
2.330000e+01 8.699690e+04 1.475537e+05
2.331000e+01 8.697731e+04 1.475341e+05
2.332000e+01 8.695771e+04 1.475145e+05
2.333000e+01 8.693811e+04 1.474950e+05
2.334000e+01 8.691851e+04 1.474754e+05
2.335000e+01 8.689891e+04 1.474558e+05
2.336000e+01 8.687931e+04 1.474363e+05
2.337000e+01 8.685971e+04 1.474167e+05
2.338000e+01 8.684011e+04 1.473971e+05
2.339000e+01 8.682051e+04 1.473776e+05
2.340000e+01 8.680091e+04 1.473580e+05
2.341000e+01 8.678132e+04 1.473385e+05
2.342000e+01 8.676172e+04 1.473189e+05
2.343000e+01 8.674212e+04 1.472993e+05
2.344000e+01 8.672252e+04 1.472798e+05
2.345000e+01 8.670292e+04 1.472602e+05
2.346000e+01 8.668332e+04 1.472406e+05
2.347000e+01 8.666372e+04 1.472211e+05
2.348000e+01 8.664412e+04 1.472015e+05
2.349000e+01 8.662452e+04 1.471819e+05
2.350000e+01 8.660492e+04 1.471624e+05
2.351000e+01 8.658533e+04 1.471428e+05
2.352000e+01 8.656573e+04 1.471233e+05
2.353000e+01 8.654613e+04 1.471037e+05
2.354000e+01 8.652653e+04 1.470841e+05
2.355000e+01 8.650693e+04 1.470646e+05
2.356000e+01 8.648733e+04 1.470450e+05
2.357000e+01 8.646773e+04 1.470254e+05
2.358000e+01 8.644813e+04 1.470059e+05
2.359000e+01 8.642853e+04 1.469863e+05
2.360000e+01 8.640893e+04 1.469667e+05
2.361000e+01 8.638934e+04 1.469472e+05
2.362000e+01 8.636974e+04 1.469276e+05
2.363000e+01 8.635014e+04 1.469081e+05
2.364000e+01 8.633054e+04 1.468885e+05
2.365000e+01 8.631094e+04 1.468689e+05
2.366000e+01 8.629134e+04 1.468494e+05
2.367000e+01 8.627174e+04 1.468298e+05
2.368000e+01 8.625214e+04 1.468102e+05
2.369000e+01 8.623254e+04 1.467907e+05
2.370000e+01 8.621294e+04 1.467711e+05
2.371000e+01 8.619335e+04 1.467515e+05
2.372000e+01 8.617375e+04 1.467320e+05
2.373000e+01 8.615415e+04 1.467124e+05
2.374000e+01 8.613455e+04 1.466928e+05
2.375000e+01 8.611495e+04 1.466733e+05
2.376000e+01 8.609535e+04 1.466537e+05
2.377000e+01 8.607575e+04 1.466342e+05
2.378000e+01 8.605615e+04 1.466146e+05
2.379000e+01 8.603655e+04 1.465950e+05
2.380000e+01 8.601695e+04 1.465755e+05
2.381000e+01 8.599735e+04 1.465559e+05
2.382000e+01 8.597776e+04 1.465363e+05
2.383000e+01 8.595816e+04 1.465168e+05
2.384000e+01 8.593856e+04 1.464972e+05
2.385000e+01 8.591896e+04 1.464776e+05
2.386000e+01 8.589936e+04 1.464581e+05
2.387000e+01 8.587976e+04 1.464385e+05
2.388000e+01 8.586016e+04 1.464190e+05
2.389000e+01 8.584056e+04 1.463994e+05
2.390000e+01 8.582096e+04 1.463798e+05
2.391000e+01 8.580136e+04 1.463603e+05
2.392000e+01 8.578177e+04 1.463407e+05
2.393000e+01 8.576217e+04 1.463211e+05
2.394000e+01 8.574257e+04 1.463016e+05
2.395000e+01 8.572297e+04 1.462820e+05
2.396000e+01 8.570337e+04 1.462624e+05
2.397000e+01 8.568377e+04 1.462429e+05
2.398000e+01 8.566417e+04 1.462233e+05
2.399000e+01 8.564457e+04 1.462038e+05
2.400000e+01 8.562497e+04 1.461842e+05
2.401000e+01 0.000000e+00 0.000000e+00
2.402000e+01 0.000000e+00 0.000000e+00
2.403000e+01 0.000000e+00 0.000000e+00
2.404000e+01 0.000000e+00 0.000000e+00
2.405000e+01 0.000000e+00 0.000000e+00
2.406000e+01 0.000000e+00 0.000000e+00
2.407000e+01 0.000000e+00 0.000000e+00
2.408000e+01 0.000000e+00 0.000000e+00
2.409000e+01 0.000000e+00 0.000000e+00
2.410000e+01 0.000000e+00 0.000000e+00
2.411000e+01 0.000000e+00 0.000000e+00
2.412000e+01 0.000000e+00 0.000000e+00
2.413000e+01 0.000000e+00 0.000000e+00
2.414000e+01 0.000000e+00 0.000000e+00
2.415000e+01 0.000000e+00 0.000000e+00
2.416000e+01 0.000000e+00 0.000000e+00
2.417000e+01 0.000000e+00 0.000000e+00
2.418000e+01 0.000000e+00 0.000000e+00
2.419000e+01 0.000000e+00 0.000000e+00
2.420000e+01 0.000000e+00 0.000000e+00
2.421000e+01 0.000000e+00 0.000000e+00
2.422000e+01 0.000000e+00 0.000000e+00
2.423000e+01 0.000000e+00 0.000000e+00
2.424000e+01 0.000000e+00 0.000000e+00
2.425000e+01 0.000000e+00 0.000000e+00
2.426000e+01 0.000000e+00 0.000000e+00
2.427000e+01 0.000000e+00 0.000000e+00
2.428000e+01 0.000000e+00 0.000000e+00
2.429000e+01 0.000000e+00 0.000000e+00
2.430000e+01 0.000000e+00 0.000000e+00
2.431000e+01 0.000000e+00 0.000000e+00
2.432000e+01 0.000000e+00 0.000000e+00
2.433000e+01 0.000000e+00 0.000000e+00
2.434000e+01 0.000000e+00 0.000000e+00
2.435000e+01 0.000000e+00 0.000000e+00
2.436000e+01 0.000000e+00 0.000000e+00
2.437000e+01 0.000000e+00 0.000000e+00
2.438000e+01 0.000000e+00 0.000000e+00
2.439000e+01 0.000000e+00 0.000000e+00
2.440000e+01 0.000000e+00 0.000000e+00
2.441000e+01 0.000000e+00 0.000000e+00
2.442000e+01 0.000000e+00 0.000000e+00
2.443000e+01 0.000000e+00 0.000000e+00
2.444000e+01 0.000000e+00 0.000000e+00
2.445000e+01 0.000000e+00 0.000000e+00
2.446000e+01 0.000000e+00 0.000000e+00
2.447000e+01 0.000000e+00 0.000000e+00
2.448000e+01 0.000000e+00 0.000000e+00
2.449000e+01 0.000000e+00 0.000000e+00
2.450000e+01 0.000000e+00 0.000000e+00
2.451000e+01 0.000000e+00 0.000000e+00
2.452000e+01 0.000000e+00 0.000000e+00
2.453000e+01 0.000000e+00 0.000000e+00
2.454000e+01 0.000000e+00 0.000000e+00
2.455000e+01 0.000000e+00 0.000000e+00
2.456000e+01 0.000000e+00 0.000000e+00
2.457000e+01 0.000000e+00 0.000000e+00
2.458000e+01 0.000000e+00 0.000000e+00
2.459000e+01 0.000000e+00 0.000000e+00
2.460000e+01 0.000000e+00 0.000000e+00
2.461000e+01 0.000000e+00 0.000000e+00
2.462000e+01 0.000000e+00 0.000000e+00
2.463000e+01 0.000000e+00 0.000000e+00
2.464000e+01 0.000000e+00 0.000000e+00
2.465000e+01 0.000000e+00 0.000000e+00
2.466000e+01 0.000000e+00 0.000000e+00
2.467000e+01 0.000000e+00 0.000000e+00
2.468000e+01 0.000000e+00 0.000000e+00
2.469000e+01 0.000000e+00 0.000000e+00
2.470000e+01 0.000000e+00 0.000000e+00
2.471000e+01 0.000000e+00 0.000000e+00
2.472000e+01 0.000000e+00 0.000000e+00
2.473000e+01 0.000000e+00 0.000000e+00
2.474000e+01 0.000000e+00 0.000000e+00
2.475000e+01 0.000000e+00 0.000000e+00
2.476000e+01 0.000000e+00 0.000000e+00
2.477000e+01 0.000000e+00 0.000000e+00
2.478000e+01 0.000000e+00 0.000000e+00
2.479000e+01 0.000000e+00 0.000000e+00
2.480000e+01 0.000000e+00 0.000000e+00
2.481000e+01 0.000000e+00 0.000000e+00
2.482000e+01 0.000000e+00 0.000000e+00
2.483000e+01 0.000000e+00 0.000000e+00
2.484000e+01 0.000000e+00 0.000000e+00
2.485000e+01 0.000000e+00 0.000000e+00
2.486000e+01 0.000000e+00 0.000000e+00
2.487000e+01 0.000000e+00 0.000000e+00
2.488000e+01 0.000000e+00 0.000000e+00
2.489000e+01 0.000000e+00 0.000000e+00
2.490000e+01 0.000000e+00 0.000000e+00
2.491000e+01 0.000000e+00 0.000000e+00
2.492000e+01 0.000000e+00 0.000000e+00
2.493000e+01 0.000000e+00 0.000000e+00
2.494000e+01 0.000000e+00 0.000000e+00
2.495000e+01 0.000000e+00 0.000000e+00
2.496000e+01 0.000000e+00 0.000000e+00
2.497000e+01 0.000000e+00 0.000000e+00
2.498000e+01 0.000000e+00 0.000000e+00
2.499000e+01 0.000000e+00 0.000000e+00
2.500000e+01 0.000000e+00 0.000000e+00
2.501000e+01 0.000000e+00 0.000000e+00
2.502000e+01 0.000000e+00 0.000000e+00
2.503000e+01 0.000000e+00 0.000000e+00
2.504000e+01 0.000000e+00 0.000000e+00
2.505000e+01 0.000000e+00 0.000000e+00
2.506000e+01 0.000000e+00 0.000000e+00
2.507000e+01 0.000000e+00 0.000000e+00
2.508000e+01 0.000000e+00 0.000000e+00
2.509000e+01 0.000000e+00 0.000000e+00
2.510000e+01 0.000000e+00 0.000000e+00
2.511000e+01 0.000000e+00 0.000000e+00
2.512000e+01 0.000000e+00 0.000000e+00
2.513000e+01 0.000000e+00 0.000000e+00
2.514000e+01 0.000000e+00 0.000000e+00
2.515000e+01 0.000000e+00 0.000000e+00
2.516000e+01 0.000000e+00 0.000000e+00
2.517000e+01 0.000000e+00 0.000000e+00
2.518000e+01 0.000000e+00 0.000000e+00
2.519000e+01 0.000000e+00 0.000000e+00
2.520000e+01 0.000000e+00 0.000000e+00
2.521000e+01 0.000000e+00 0.000000e+00
2.522000e+01 0.000000e+00 0.000000e+00
2.523000e+01 0.000000e+00 0.000000e+00
2.524000e+01 0.000000e+00 0.000000e+00
2.525000e+01 0.000000e+00 0.000000e+00
2.526000e+01 0.000000e+00 0.000000e+00
2.527000e+01 0.000000e+00 0.000000e+00
2.528000e+01 0.000000e+00 0.000000e+00
2.529000e+01 0.000000e+00 0.000000e+00
2.530000e+01 0.000000e+00 0.000000e+00
2.531000e+01 0.000000e+00 0.000000e+00
2.532000e+01 0.000000e+00 0.000000e+00
2.533000e+01 0.000000e+00 0.000000e+00
2.534000e+01 0.000000e+00 0.000000e+00
2.535000e+01 0.000000e+00 0.000000e+00
2.536000e+01 0.000000e+00 0.000000e+00
2.537000e+01 0.000000e+00 0.000000e+00
2.538000e+01 0.000000e+00 0.000000e+00
2.539000e+01 0.000000e+00 0.000000e+00
2.540000e+01 0.000000e+00 0.000000e+00
2.541000e+01 0.000000e+00 0.000000e+00
2.542000e+01 0.000000e+00 0.000000e+00
2.543000e+01 0.000000e+00 0.000000e+00
2.544000e+01 0.000000e+00 0.000000e+00
2.545000e+01 0.000000e+00 0.000000e+00
2.546000e+01 0.000000e+00 0.000000e+00
2.547000e+01 0.000000e+00 0.000000e+00
2.548000e+01 0.000000e+00 0.000000e+00
2.549000e+01 0.000000e+00 0.000000e+00
2.550000e+01 0.000000e+00 0.000000e+00
2.551000e+01 0.000000e+00 0.000000e+00
2.552000e+01 0.000000e+00 0.000000e+00
2.553000e+01 0.000000e+00 0.000000e+00
2.554000e+01 0.000000e+00 0.000000e+00
2.555000e+01 0.000000e+00 0.000000e+00
2.556000e+01 0.000000e+00 0.000000e+00
2.557000e+01 0.000000e+00 0.000000e+00
2.558000e+01 0.000000e+00 0.000000e+00
2.559000e+01 0.000000e+00 0.000000e+00
2.560000e+01 0.000000e+00 0.000000e+00
2.561000e+01 0.000000e+00 0.000000e+00
2.562000e+01 0.000000e+00 0.000000e+00
2.563000e+01 0.000000e+00 0.000000e+00
2.564000e+01 0.000000e+00 0.000000e+00
2.565000e+01 0.000000e+00 0.000000e+00
2.566000e+01 0.000000e+00 0.000000e+00
2.567000e+01 0.000000e+00 0.000000e+00
2.568000e+01 0.000000e+00 0.000000e+00
2.569000e+01 0.000000e+00 0.000000e+00
2.570000e+01 0.000000e+00 0.000000e+00
2.571000e+01 0.000000e+00 0.000000e+00
2.572000e+01 0.000000e+00 0.000000e+00
2.573000e+01 0.000000e+00 0.000000e+00
2.574000e+01 0.000000e+00 0.000000e+00
2.575000e+01 0.000000e+00 0.000000e+00
2.576000e+01 0.000000e+00 0.000000e+00
2.577000e+01 0.000000e+00 0.000000e+00
2.578000e+01 0.000000e+00 0.000000e+00
2.579000e+01 0.000000e+00 0.000000e+00
2.580000e+01 0.000000e+00 0.000000e+00
2.581000e+01 0.000000e+00 0.000000e+00
2.582000e+01 0.000000e+00 0.000000e+00
2.583000e+01 0.000000e+00 0.000000e+00
2.584000e+01 0.000000e+00 0.000000e+00
2.585000e+01 0.000000e+00 0.000000e+00
2.586000e+01 0.000000e+00 0.000000e+00
2.587000e+01 0.000000e+00 0.000000e+00
2.588000e+01 0.000000e+00 0.000000e+00
2.589000e+01 0.000000e+00 0.000000e+00
2.590000e+01 0.000000e+00 0.000000e+00
2.591000e+01 0.000000e+00 0.000000e+00
2.592000e+01 0.000000e+00 0.000000e+00
2.593000e+01 0.000000e+00 0.000000e+00
2.594000e+01 0.000000e+00 0.000000e+00
2.595000e+01 0.000000e+00 0.000000e+00
2.596000e+01 0.000000e+00 0.000000e+00
2.597000e+01 0.000000e+00 0.000000e+00
2.598000e+01 0.000000e+00 0.000000e+00
2.599000e+01 0.000000e+00 0.000000e+00
2.600000e+01 0.000000e+00 0.000000e+00
2.601000e+01 0.000000e+00 0.000000e+00
2.602000e+01 0.000000e+00 0.000000e+00
2.603000e+01 0.000000e+00 0.000000e+00
2.604000e+01 0.000000e+00 0.000000e+00
2.605000e+01 0.000000e+00 0.000000e+00
2.606000e+01 0.000000e+00 0.000000e+00
2.607000e+01 0.000000e+00 0.000000e+00
2.608000e+01 0.000000e+00 0.000000e+00
2.609000e+01 0.000000e+00 0.000000e+00
2.610000e+01 0.000000e+00 0.000000e+00
2.611000e+01 0.000000e+00 0.000000e+00
2.612000e+01 0.000000e+00 0.000000e+00
2.613000e+01 0.000000e+00 0.000000e+00
2.614000e+01 0.000000e+00 0.000000e+00
2.615000e+01 0.000000e+00 0.000000e+00
2.616000e+01 0.000000e+00 0.000000e+00
2.617000e+01 0.000000e+00 0.000000e+00
2.618000e+01 0.000000e+00 0.000000e+00
2.619000e+01 0.000000e+00 0.000000e+00
2.620000e+01 0.000000e+00 0.000000e+00
2.621000e+01 0.000000e+00 0.000000e+00
2.622000e+01 0.000000e+00 0.000000e+00
2.623000e+01 0.000000e+00 0.000000e+00
2.624000e+01 0.000000e+00 0.000000e+00
2.625000e+01 0.000000e+00 0.000000e+00
2.626000e+01 0.000000e+00 0.000000e+00
2.627000e+01 0.000000e+00 0.000000e+00
2.628000e+01 0.000000e+00 0.000000e+00
2.629000e+01 0.000000e+00 0.000000e+00
2.630000e+01 0.000000e+00 0.000000e+00
2.631000e+01 0.000000e+00 0.000000e+00
2.632000e+01 0.000000e+00 0.000000e+00
2.633000e+01 0.000000e+00 0.000000e+00
2.634000e+01 0.000000e+00 0.000000e+00
2.635000e+01 0.000000e+00 0.000000e+00
2.636000e+01 0.000000e+00 0.000000e+00
2.637000e+01 0.000000e+00 0.000000e+00
2.638000e+01 0.000000e+00 0.000000e+00
2.639000e+01 0.000000e+00 0.000000e+00
2.640000e+01 0.000000e+00 0.000000e+00
2.641000e+01 0.000000e+00 0.000000e+00
2.642000e+01 0.000000e+00 0.000000e+00
2.643000e+01 0.000000e+00 0.000000e+00
2.644000e+01 0.000000e+00 0.000000e+00
2.645000e+01 0.000000e+00 0.000000e+00
2.646000e+01 0.000000e+00 0.000000e+00
2.647000e+01 0.000000e+00 0.000000e+00
2.648000e+01 0.000000e+00 0.000000e+00
2.649000e+01 0.000000e+00 0.000000e+00
2.650000e+01 0.000000e+00 0.000000e+00
2.651000e+01 0.000000e+00 0.000000e+00
2.652000e+01 0.000000e+00 0.000000e+00
2.653000e+01 0.000000e+00 0.000000e+00
2.654000e+01 0.000000e+00 0.000000e+00
2.655000e+01 0.000000e+00 0.000000e+00
2.656000e+01 0.000000e+00 0.000000e+00
2.657000e+01 0.000000e+00 0.000000e+00
2.658000e+01 0.000000e+00 0.000000e+00
2.659000e+01 0.000000e+00 0.000000e+00
2.660000e+01 0.000000e+00 0.000000e+00
2.661000e+01 0.000000e+00 0.000000e+00
2.662000e+01 0.000000e+00 0.000000e+00
2.663000e+01 0.000000e+00 0.000000e+00
2.664000e+01 0.000000e+00 0.000000e+00
2.665000e+01 0.000000e+00 0.000000e+00
2.666000e+01 0.000000e+00 0.000000e+00
2.667000e+01 0.000000e+00 0.000000e+00
2.668000e+01 0.000000e+00 0.000000e+00
2.669000e+01 0.000000e+00 0.000000e+00
2.670000e+01 0.000000e+00 0.000000e+00
2.671000e+01 0.000000e+00 0.000000e+00
2.672000e+01 0.000000e+00 0.000000e+00
2.673000e+01 0.000000e+00 0.000000e+00
2.674000e+01 0.000000e+00 0.000000e+00
2.675000e+01 0.000000e+00 0.000000e+00
2.676000e+01 0.000000e+00 0.000000e+00
2.677000e+01 0.000000e+00 0.000000e+00
2.678000e+01 0.000000e+00 0.000000e+00
2.679000e+01 0.000000e+00 0.000000e+00
2.680000e+01 0.000000e+00 0.000000e+00
2.681000e+01 0.000000e+00 0.000000e+00
2.682000e+01 0.000000e+00 0.000000e+00
2.683000e+01 0.000000e+00 0.000000e+00
2.684000e+01 0.000000e+00 0.000000e+00
2.685000e+01 0.000000e+00 0.000000e+00
2.686000e+01 0.000000e+00 0.000000e+00
2.687000e+01 0.000000e+00 0.000000e+00
2.688000e+01 0.000000e+00 0.000000e+00
2.689000e+01 0.000000e+00 0.000000e+00
2.690000e+01 0.000000e+00 0.000000e+00
2.691000e+01 0.000000e+00 0.000000e+00
2.692000e+01 0.000000e+00 0.000000e+00
2.693000e+01 0.000000e+00 0.000000e+00
2.694000e+01 0.000000e+00 0.000000e+00
2.695000e+01 0.000000e+00 0.000000e+00
2.696000e+01 0.000000e+00 0.000000e+00
2.697000e+01 0.000000e+00 0.000000e+00
2.698000e+01 0.000000e+00 0.000000e+00
2.699000e+01 0.000000e+00 0.000000e+00
2.700000e+01 0.000000e+00 0.000000e+00
2.701000e+01 0.000000e+00 0.000000e+00
2.702000e+01 0.000000e+00 0.000000e+00
2.703000e+01 0.000000e+00 0.000000e+00
2.704000e+01 0.000000e+00 0.000000e+00
2.705000e+01 0.000000e+00 0.000000e+00
2.706000e+01 0.000000e+00 0.000000e+00
2.707000e+01 0.000000e+00 0.000000e+00
2.708000e+01 0.000000e+00 0.000000e+00
2.709000e+01 0.000000e+00 0.000000e+00
2.710000e+01 0.000000e+00 0.000000e+00
2.711000e+01 0.000000e+00 0.000000e+00
2.712000e+01 0.000000e+00 0.000000e+00
2.713000e+01 0.000000e+00 0.000000e+00
2.714000e+01 0.000000e+00 0.000000e+00
2.715000e+01 0.000000e+00 0.000000e+00
2.716000e+01 0.000000e+00 0.000000e+00
2.717000e+01 0.000000e+00 0.000000e+00
2.718000e+01 0.000000e+00 0.000000e+00
2.719000e+01 0.000000e+00 0.000000e+00
2.720000e+01 0.000000e+00 0.000000e+00
2.721000e+01 0.000000e+00 0.000000e+00
2.722000e+01 0.000000e+00 0.000000e+00
2.723000e+01 0.000000e+00 0.000000e+00
2.724000e+01 0.000000e+00 0.000000e+00
2.725000e+01 0.000000e+00 0.000000e+00
2.726000e+01 0.000000e+00 0.000000e+00
2.727000e+01 0.000000e+00 0.000000e+00
2.728000e+01 0.000000e+00 0.000000e+00
2.729000e+01 0.000000e+00 0.000000e+00
2.730000e+01 0.000000e+00 0.000000e+00
2.731000e+01 0.000000e+00 0.000000e+00
2.732000e+01 0.000000e+00 0.000000e+00
2.733000e+01 0.000000e+00 0.000000e+00
2.734000e+01 0.000000e+00 0.000000e+00
2.735000e+01 0.000000e+00 0.000000e+00
2.736000e+01 0.000000e+00 0.000000e+00
2.737000e+01 0.000000e+00 0.000000e+00
2.738000e+01 0.000000e+00 0.000000e+00
2.739000e+01 0.000000e+00 0.000000e+00
2.740000e+01 0.000000e+00 0.000000e+00
2.741000e+01 0.000000e+00 0.000000e+00
2.742000e+01 0.000000e+00 0.000000e+00
2.743000e+01 0.000000e+00 0.000000e+00
2.744000e+01 0.000000e+00 0.000000e+00
2.745000e+01 0.000000e+00 0.000000e+00
2.746000e+01 0.000000e+00 0.000000e+00
2.747000e+01 0.000000e+00 0.000000e+00
2.748000e+01 0.000000e+00 0.000000e+00
2.749000e+01 0.000000e+00 0.000000e+00
2.750000e+01 0.000000e+00 0.000000e+00
2.751000e+01 0.000000e+00 0.000000e+00
2.752000e+01 0.000000e+00 0.000000e+00
2.753000e+01 0.000000e+00 0.000000e+00
2.754000e+01 0.000000e+00 0.000000e+00
2.755000e+01 0.000000e+00 0.000000e+00
2.756000e+01 0.000000e+00 0.000000e+00
2.757000e+01 0.000000e+00 0.000000e+00
2.758000e+01 0.000000e+00 0.000000e+00
2.759000e+01 0.000000e+00 0.000000e+00
2.760000e+01 0.000000e+00 0.000000e+00
2.761000e+01 0.000000e+00 0.000000e+00
2.762000e+01 0.000000e+00 0.000000e+00
2.763000e+01 0.000000e+00 0.000000e+00
2.764000e+01 0.000000e+00 0.000000e+00
2.765000e+01 0.000000e+00 0.000000e+00
2.766000e+01 0.000000e+00 0.000000e+00
2.767000e+01 0.000000e+00 0.000000e+00
2.768000e+01 0.000000e+00 0.000000e+00
2.769000e+01 0.000000e+00 0.000000e+00
2.770000e+01 0.000000e+00 0.000000e+00
2.771000e+01 0.000000e+00 0.000000e+00
2.772000e+01 0.000000e+00 0.000000e+00
2.773000e+01 0.000000e+00 0.000000e+00
2.774000e+01 0.000000e+00 0.000000e+00
2.775000e+01 0.000000e+00 0.000000e+00
2.776000e+01 0.000000e+00 0.000000e+00
2.777000e+01 0.000000e+00 0.000000e+00
2.778000e+01 0.000000e+00 0.000000e+00
2.779000e+01 0.000000e+00 0.000000e+00
2.780000e+01 0.000000e+00 0.000000e+00
2.781000e+01 0.000000e+00 0.000000e+00
2.782000e+01 0.000000e+00 0.000000e+00
2.783000e+01 0.000000e+00 0.000000e+00
2.784000e+01 0.000000e+00 0.000000e+00
2.785000e+01 0.000000e+00 0.000000e+00
2.786000e+01 0.000000e+00 0.000000e+00
2.787000e+01 0.000000e+00 0.000000e+00
2.788000e+01 0.000000e+00 0.000000e+00
2.789000e+01 0.000000e+00 0.000000e+00
2.790000e+01 0.000000e+00 0.000000e+00
2.791000e+01 0.000000e+00 0.000000e+00
2.792000e+01 0.000000e+00 0.000000e+00
2.793000e+01 0.000000e+00 0.000000e+00
2.794000e+01 0.000000e+00 0.000000e+00
2.795000e+01 0.000000e+00 0.000000e+00
2.796000e+01 0.000000e+00 0.000000e+00
2.797000e+01 0.000000e+00 0.000000e+00
2.798000e+01 0.000000e+00 0.000000e+00
2.799000e+01 0.000000e+00 0.000000e+00
2.800000e+01 0.000000e+00 0.000000e+00
2.801000e+01 0.000000e+00 0.000000e+00
2.802000e+01 0.000000e+00 0.000000e+00
2.803000e+01 0.000000e+00 0.000000e+00
2.804000e+01 0.000000e+00 0.000000e+00
2.805000e+01 0.000000e+00 0.000000e+00
2.806000e+01 0.000000e+00 0.000000e+00
2.807000e+01 0.000000e+00 0.000000e+00
2.808000e+01 0.000000e+00 0.000000e+00
2.809000e+01 0.000000e+00 0.000000e+00
2.810000e+01 0.000000e+00 0.000000e+00
2.811000e+01 0.000000e+00 0.000000e+00
2.812000e+01 0.000000e+00 0.000000e+00
2.813000e+01 0.000000e+00 0.000000e+00
2.814000e+01 0.000000e+00 0.000000e+00
2.815000e+01 0.000000e+00 0.000000e+00
2.816000e+01 0.000000e+00 0.000000e+00
2.817000e+01 0.000000e+00 0.000000e+00
2.818000e+01 0.000000e+00 0.000000e+00
2.819000e+01 0.000000e+00 0.000000e+00
2.820000e+01 0.000000e+00 0.000000e+00
2.821000e+01 0.000000e+00 0.000000e+00
2.822000e+01 0.000000e+00 0.000000e+00
2.823000e+01 0.000000e+00 0.000000e+00
2.824000e+01 0.000000e+00 0.000000e+00
2.825000e+01 0.000000e+00 0.000000e+00
2.826000e+01 0.000000e+00 0.000000e+00
2.827000e+01 0.000000e+00 0.000000e+00
2.828000e+01 0.000000e+00 0.000000e+00
2.829000e+01 0.000000e+00 0.000000e+00
2.830000e+01 0.000000e+00 0.000000e+00
2.831000e+01 0.000000e+00 0.000000e+00
2.832000e+01 0.000000e+00 0.000000e+00
2.833000e+01 0.000000e+00 0.000000e+00
2.834000e+01 0.000000e+00 0.000000e+00
2.835000e+01 0.000000e+00 0.000000e+00
2.836000e+01 0.000000e+00 0.000000e+00
2.837000e+01 0.000000e+00 0.000000e+00
2.838000e+01 0.000000e+00 0.000000e+00
2.839000e+01 0.000000e+00 0.000000e+00
2.840000e+01 0.000000e+00 0.000000e+00
2.841000e+01 0.000000e+00 0.000000e+00
2.842000e+01 0.000000e+00 0.000000e+00
2.843000e+01 0.000000e+00 0.000000e+00
2.844000e+01 0.000000e+00 0.000000e+00
2.845000e+01 0.000000e+00 0.000000e+00
2.846000e+01 0.000000e+00 0.000000e+00
2.847000e+01 0.000000e+00 0.000000e+00
2.848000e+01 0.000000e+00 0.000000e+00
2.849000e+01 0.000000e+00 0.000000e+00
2.850000e+01 0.000000e+00 0.000000e+00
2.851000e+01 0.000000e+00 0.000000e+00
2.852000e+01 0.000000e+00 0.000000e+00
2.853000e+01 0.000000e+00 0.000000e+00
2.854000e+01 0.000000e+00 0.000000e+00
2.855000e+01 0.000000e+00 0.000000e+00
2.856000e+01 0.000000e+00 0.000000e+00
2.857000e+01 0.000000e+00 0.000000e+00
2.858000e+01 0.000000e+00 0.000000e+00
2.859000e+01 0.000000e+00 0.000000e+00
2.860000e+01 0.000000e+00 0.000000e+00
2.861000e+01 0.000000e+00 0.000000e+00
2.862000e+01 0.000000e+00 0.000000e+00
2.863000e+01 0.000000e+00 0.000000e+00
2.864000e+01 0.000000e+00 0.000000e+00
2.865000e+01 0.000000e+00 0.000000e+00
2.866000e+01 0.000000e+00 0.000000e+00
2.867000e+01 0.000000e+00 0.000000e+00
2.868000e+01 0.000000e+00 0.000000e+00
2.869000e+01 0.000000e+00 0.000000e+00
2.870000e+01 0.000000e+00 0.000000e+00
2.871000e+01 0.000000e+00 0.000000e+00
2.872000e+01 0.000000e+00 0.000000e+00
2.873000e+01 0.000000e+00 0.000000e+00
2.874000e+01 0.000000e+00 0.000000e+00
2.875000e+01 0.000000e+00 0.000000e+00
2.876000e+01 0.000000e+00 0.000000e+00
2.877000e+01 0.000000e+00 0.000000e+00
2.878000e+01 0.000000e+00 0.000000e+00
2.879000e+01 0.000000e+00 0.000000e+00
2.880000e+01 0.000000e+00 0.000000e+00
2.881000e+01 0.000000e+00 0.000000e+00
2.882000e+01 0.000000e+00 0.000000e+00
2.883000e+01 0.000000e+00 0.000000e+00
2.884000e+01 0.000000e+00 0.000000e+00
2.885000e+01 0.000000e+00 0.000000e+00
2.886000e+01 0.000000e+00 0.000000e+00
2.887000e+01 0.000000e+00 0.000000e+00
2.888000e+01 0.000000e+00 0.000000e+00
2.889000e+01 0.000000e+00 0.000000e+00
2.890000e+01 0.000000e+00 0.000000e+00
2.891000e+01 0.000000e+00 0.000000e+00
2.892000e+01 0.000000e+00 0.000000e+00
2.893000e+01 0.000000e+00 0.000000e+00
2.894000e+01 0.000000e+00 0.000000e+00
2.895000e+01 0.000000e+00 0.000000e+00
2.896000e+01 0.000000e+00 0.000000e+00
2.897000e+01 0.000000e+00 0.000000e+00
2.898000e+01 0.000000e+00 0.000000e+00
2.899000e+01 0.000000e+00 0.000000e+00
2.900000e+01 0.000000e+00 0.000000e+00
2.901000e+01 0.000000e+00 0.000000e+00
2.902000e+01 0.000000e+00 0.000000e+00
2.903000e+01 0.000000e+00 0.000000e+00
2.904000e+01 0.000000e+00 0.000000e+00
2.905000e+01 0.000000e+00 0.000000e+00
2.906000e+01 0.000000e+00 0.000000e+00
2.907000e+01 0.000000e+00 0.000000e+00
2.908000e+01 0.000000e+00 0.000000e+00
2.909000e+01 0.000000e+00 0.000000e+00
2.910000e+01 0.000000e+00 0.000000e+00
2.911000e+01 0.000000e+00 0.000000e+00
2.912000e+01 0.000000e+00 0.000000e+00
2.913000e+01 0.000000e+00 0.000000e+00
2.914000e+01 0.000000e+00 0.000000e+00
2.915000e+01 0.000000e+00 0.000000e+00
2.916000e+01 0.000000e+00 0.000000e+00
2.917000e+01 0.000000e+00 0.000000e+00
2.918000e+01 0.000000e+00 0.000000e+00
2.919000e+01 0.000000e+00 0.000000e+00
2.920000e+01 0.000000e+00 0.000000e+00
2.921000e+01 0.000000e+00 0.000000e+00
2.922000e+01 0.000000e+00 0.000000e+00
2.923000e+01 0.000000e+00 0.000000e+00
2.924000e+01 0.000000e+00 0.000000e+00
2.925000e+01 0.000000e+00 0.000000e+00
2.926000e+01 0.000000e+00 0.000000e+00
2.927000e+01 0.000000e+00 0.000000e+00
2.928000e+01 0.000000e+00 0.000000e+00
2.929000e+01 0.000000e+00 0.000000e+00
2.930000e+01 0.000000e+00 0.000000e+00
2.931000e+01 0.000000e+00 0.000000e+00
2.932000e+01 0.000000e+00 0.000000e+00
2.933000e+01 0.000000e+00 0.000000e+00
2.934000e+01 0.000000e+00 0.000000e+00
2.935000e+01 0.000000e+00 0.000000e+00
2.936000e+01 0.000000e+00 0.000000e+00
2.937000e+01 0.000000e+00 0.000000e+00
2.938000e+01 0.000000e+00 0.000000e+00
2.939000e+01 0.000000e+00 0.000000e+00
2.940000e+01 0.000000e+00 0.000000e+00
2.941000e+01 0.000000e+00 0.000000e+00
2.942000e+01 0.000000e+00 0.000000e+00
2.943000e+01 0.000000e+00 0.000000e+00
2.944000e+01 0.000000e+00 0.000000e+00
2.945000e+01 0.000000e+00 0.000000e+00
2.946000e+01 0.000000e+00 0.000000e+00
2.947000e+01 0.000000e+00 0.000000e+00
2.948000e+01 0.000000e+00 0.000000e+00
2.949000e+01 0.000000e+00 0.000000e+00
2.950000e+01 0.000000e+00 0.000000e+00
2.951000e+01 0.000000e+00 0.000000e+00
2.952000e+01 0.000000e+00 0.000000e+00
2.953000e+01 0.000000e+00 0.000000e+00
2.954000e+01 0.000000e+00 0.000000e+00
2.955000e+01 0.000000e+00 0.000000e+00
2.956000e+01 0.000000e+00 0.000000e+00
2.957000e+01 0.000000e+00 0.000000e+00
2.958000e+01 0.000000e+00 0.000000e+00
2.959000e+01 0.000000e+00 0.000000e+00
2.960000e+01 0.000000e+00 0.000000e+00
2.961000e+01 0.000000e+00 0.000000e+00
2.962000e+01 0.000000e+00 0.000000e+00
2.963000e+01 0.000000e+00 0.000000e+00
2.964000e+01 0.000000e+00 0.000000e+00
2.965000e+01 0.000000e+00 0.000000e+00
2.966000e+01 0.000000e+00 0.000000e+00
2.967000e+01 0.000000e+00 0.000000e+00
2.968000e+01 0.000000e+00 0.000000e+00
2.969000e+01 0.000000e+00 0.000000e+00
2.970000e+01 0.000000e+00 0.000000e+00
2.971000e+01 0.000000e+00 0.000000e+00
2.972000e+01 0.000000e+00 0.000000e+00
2.973000e+01 0.000000e+00 0.000000e+00
2.974000e+01 0.000000e+00 0.000000e+00
2.975000e+01 0.000000e+00 0.000000e+00
2.976000e+01 0.000000e+00 0.000000e+00
2.977000e+01 0.000000e+00 0.000000e+00
2.978000e+01 0.000000e+00 0.000000e+00
2.979000e+01 0.000000e+00 0.000000e+00
2.980000e+01 0.000000e+00 0.000000e+00
2.981000e+01 0.000000e+00 0.000000e+00
2.982000e+01 0.000000e+00 0.000000e+00
2.983000e+01 0.000000e+00 0.000000e+00
2.984000e+01 0.000000e+00 0.000000e+00
2.985000e+01 0.000000e+00 0.000000e+00
2.986000e+01 0.000000e+00 0.000000e+00
2.987000e+01 0.000000e+00 0.000000e+00
2.988000e+01 0.000000e+00 0.000000e+00
2.989000e+01 0.000000e+00 0.000000e+00
2.990000e+01 0.000000e+00 0.000000e+00
2.991000e+01 0.000000e+00 0.000000e+00
2.992000e+01 0.000000e+00 0.000000e+00
2.993000e+01 0.000000e+00 0.000000e+00
2.994000e+01 0.000000e+00 0.000000e+00
2.995000e+01 0.000000e+00 0.000000e+00
2.996000e+01 0.000000e+00 0.000000e+00
2.997000e+01 0.000000e+00 0.000000e+00
2.998000e+01 0.000000e+00 0.000000e+00
2.999000e+01 0.000000e+00 0.000000e+00
3.000000e+01 0.000000e+00 0.000000e+00
3.001000e+01 0.000000e+00 0.000000e+00
3.002000e+01 0.000000e+00 0.000000e+00
3.003000e+01 0.000000e+00 0.000000e+00
3.004000e+01 0.000000e+00 0.000000e+00
3.005000e+01 0.000000e+00 0.000000e+00
3.006000e+01 0.000000e+00 0.000000e+00
3.007000e+01 0.000000e+00 0.000000e+00
3.008000e+01 0.000000e+00 0.000000e+00
3.009000e+01 0.000000e+00 0.000000e+00
3.010000e+01 0.000000e+00 0.000000e+00
3.011000e+01 0.000000e+00 0.000000e+00
3.012000e+01 0.000000e+00 0.000000e+00
3.013000e+01 0.000000e+00 0.000000e+00
3.014000e+01 0.000000e+00 0.000000e+00
3.015000e+01 0.000000e+00 0.000000e+00
3.016000e+01 0.000000e+00 0.000000e+00
3.017000e+01 0.000000e+00 0.000000e+00
3.018000e+01 0.000000e+00 0.000000e+00
3.019000e+01 0.000000e+00 0.000000e+00
3.020000e+01 0.000000e+00 0.000000e+00
3.021000e+01 0.000000e+00 0.000000e+00
3.022000e+01 0.000000e+00 0.000000e+00
3.023000e+01 0.000000e+00 0.000000e+00
3.024000e+01 0.000000e+00 0.000000e+00
3.025000e+01 0.000000e+00 0.000000e+00
3.026000e+01 0.000000e+00 0.000000e+00
3.027000e+01 0.000000e+00 0.000000e+00
3.028000e+01 0.000000e+00 0.000000e+00
3.029000e+01 0.000000e+00 0.000000e+00
3.030000e+01 0.000000e+00 0.000000e+00
3.031000e+01 0.000000e+00 0.000000e+00
3.032000e+01 0.000000e+00 0.000000e+00
3.033000e+01 0.000000e+00 0.000000e+00
3.034000e+01 0.000000e+00 0.000000e+00
3.035000e+01 0.000000e+00 0.000000e+00
3.036000e+01 0.000000e+00 0.000000e+00
3.037000e+01 0.000000e+00 0.000000e+00
3.038000e+01 0.000000e+00 0.000000e+00
3.039000e+01 0.000000e+00 0.000000e+00
3.040000e+01 0.000000e+00 0.000000e+00
3.041000e+01 0.000000e+00 0.000000e+00
3.042000e+01 0.000000e+00 0.000000e+00
3.043000e+01 0.000000e+00 0.000000e+00
3.044000e+01 0.000000e+00 0.000000e+00
3.045000e+01 0.000000e+00 0.000000e+00
3.046000e+01 0.000000e+00 0.000000e+00
3.047000e+01 0.000000e+00 0.000000e+00
3.048000e+01 0.000000e+00 0.000000e+00
3.049000e+01 0.000000e+00 0.000000e+00
3.050000e+01 0.000000e+00 0.000000e+00
3.051000e+01 0.000000e+00 0.000000e+00
3.052000e+01 0.000000e+00 0.000000e+00
3.053000e+01 0.000000e+00 0.000000e+00
3.054000e+01 0.000000e+00 0.000000e+00
3.055000e+01 0.000000e+00 0.000000e+00
3.056000e+01 0.000000e+00 0.000000e+00
3.057000e+01 0.000000e+00 0.000000e+00
3.058000e+01 0.000000e+00 0.000000e+00
3.059000e+01 0.000000e+00 0.000000e+00
3.060000e+01 0.000000e+00 0.000000e+00
3.061000e+01 0.000000e+00 0.000000e+00
3.062000e+01 0.000000e+00 0.000000e+00
3.063000e+01 0.000000e+00 0.000000e+00
3.064000e+01 0.000000e+00 0.000000e+00
3.065000e+01 0.000000e+00 0.000000e+00
3.066000e+01 0.000000e+00 0.000000e+00
3.067000e+01 0.000000e+00 0.000000e+00
3.068000e+01 0.000000e+00 0.000000e+00
3.069000e+01 0.000000e+00 0.000000e+00
3.070000e+01 0.000000e+00 0.000000e+00
3.071000e+01 0.000000e+00 0.000000e+00
3.072000e+01 0.000000e+00 0.000000e+00
3.073000e+01 0.000000e+00 0.000000e+00
3.074000e+01 0.000000e+00 0.000000e+00
3.075000e+01 0.000000e+00 0.000000e+00
3.076000e+01 0.000000e+00 0.000000e+00
3.077000e+01 0.000000e+00 0.000000e+00
3.078000e+01 0.000000e+00 0.000000e+00
3.079000e+01 0.000000e+00 0.000000e+00
3.080000e+01 0.000000e+00 0.000000e+00
3.081000e+01 0.000000e+00 0.000000e+00
3.082000e+01 0.000000e+00 0.000000e+00
3.083000e+01 0.000000e+00 0.000000e+00
3.084000e+01 0.000000e+00 0.000000e+00
3.085000e+01 0.000000e+00 0.000000e+00
3.086000e+01 0.000000e+00 0.000000e+00
3.087000e+01 0.000000e+00 0.000000e+00
3.088000e+01 0.000000e+00 0.000000e+00
3.089000e+01 0.000000e+00 0.000000e+00
3.090000e+01 0.000000e+00 0.000000e+00
3.091000e+01 0.000000e+00 0.000000e+00
3.092000e+01 0.000000e+00 0.000000e+00
3.093000e+01 0.000000e+00 0.000000e+00
3.094000e+01 0.000000e+00 0.000000e+00
3.095000e+01 0.000000e+00 0.000000e+00
3.096000e+01 0.000000e+00 0.000000e+00
3.097000e+01 0.000000e+00 0.000000e+00
3.098000e+01 0.000000e+00 0.000000e+00
3.099000e+01 0.000000e+00 0.000000e+00
3.100000e+01 0.000000e+00 0.000000e+00
3.101000e+01 0.000000e+00 0.000000e+00
3.102000e+01 0.000000e+00 0.000000e+00
3.103000e+01 0.000000e+00 0.000000e+00
3.104000e+01 0.000000e+00 0.000000e+00
3.105000e+01 0.000000e+00 0.000000e+00
3.106000e+01 0.000000e+00 0.000000e+00
3.107000e+01 0.000000e+00 0.000000e+00
3.108000e+01 0.000000e+00 0.000000e+00
3.109000e+01 0.000000e+00 0.000000e+00
3.110000e+01 0.000000e+00 0.000000e+00
3.111000e+01 0.000000e+00 0.000000e+00
3.112000e+01 0.000000e+00 0.000000e+00
3.113000e+01 0.000000e+00 0.000000e+00
3.114000e+01 0.000000e+00 0.000000e+00
3.115000e+01 0.000000e+00 0.000000e+00
3.116000e+01 0.000000e+00 0.000000e+00
3.117000e+01 0.000000e+00 0.000000e+00
3.118000e+01 0.000000e+00 0.000000e+00
3.119000e+01 0.000000e+00 0.000000e+00
3.120000e+01 0.000000e+00 0.000000e+00
3.121000e+01 0.000000e+00 0.000000e+00
3.122000e+01 0.000000e+00 0.000000e+00
3.123000e+01 0.000000e+00 0.000000e+00
3.124000e+01 0.000000e+00 0.000000e+00
3.125000e+01 0.000000e+00 0.000000e+00
3.126000e+01 0.000000e+00 0.000000e+00
3.127000e+01 0.000000e+00 0.000000e+00
3.128000e+01 0.000000e+00 0.000000e+00
3.129000e+01 0.000000e+00 0.000000e+00
3.130000e+01 0.000000e+00 0.000000e+00
3.131000e+01 0.000000e+00 0.000000e+00
3.132000e+01 0.000000e+00 0.000000e+00
3.133000e+01 0.000000e+00 0.000000e+00
3.134000e+01 0.000000e+00 0.000000e+00
3.135000e+01 0.000000e+00 0.000000e+00
3.136000e+01 0.000000e+00 0.000000e+00
3.137000e+01 0.000000e+00 0.000000e+00
3.138000e+01 0.000000e+00 0.000000e+00
3.139000e+01 0.000000e+00 0.000000e+00
3.140000e+01 0.000000e+00 0.000000e+00
3.141000e+01 0.000000e+00 0.000000e+00
3.142000e+01 0.000000e+00 0.000000e+00
3.143000e+01 0.000000e+00 0.000000e+00
3.144000e+01 0.000000e+00 0.000000e+00
3.145000e+01 0.000000e+00 0.000000e+00
3.146000e+01 0.000000e+00 0.000000e+00
3.147000e+01 0.000000e+00 0.000000e+00
3.148000e+01 0.000000e+00 0.000000e+00
3.149000e+01 0.000000e+00 0.000000e+00
3.150000e+01 0.000000e+00 0.000000e+00
3.151000e+01 0.000000e+00 0.000000e+00
3.152000e+01 0.000000e+00 0.000000e+00
3.153000e+01 0.000000e+00 0.000000e+00
3.154000e+01 0.000000e+00 0.000000e+00
3.155000e+01 0.000000e+00 0.000000e+00
3.156000e+01 0.000000e+00 0.000000e+00
3.157000e+01 0.000000e+00 0.000000e+00
3.158000e+01 0.000000e+00 0.000000e+00
3.159000e+01 0.000000e+00 0.000000e+00
3.160000e+01 0.000000e+00 0.000000e+00
3.161000e+01 0.000000e+00 0.000000e+00
3.162000e+01 0.000000e+00 0.000000e+00
3.163000e+01 0.000000e+00 0.000000e+00
3.164000e+01 0.000000e+00 0.000000e+00
3.165000e+01 0.000000e+00 0.000000e+00
3.166000e+01 0.000000e+00 0.000000e+00
3.167000e+01 0.000000e+00 0.000000e+00
3.168000e+01 0.000000e+00 0.000000e+00
3.169000e+01 0.000000e+00 0.000000e+00
3.170000e+01 0.000000e+00 0.000000e+00
3.171000e+01 0.000000e+00 0.000000e+00
3.172000e+01 0.000000e+00 0.000000e+00
3.173000e+01 0.000000e+00 0.000000e+00
3.174000e+01 0.000000e+00 0.000000e+00
3.175000e+01 0.000000e+00 0.000000e+00
3.176000e+01 0.000000e+00 0.000000e+00
3.177000e+01 0.000000e+00 0.000000e+00
3.178000e+01 0.000000e+00 0.000000e+00
3.179000e+01 0.000000e+00 0.000000e+00
3.180000e+01 0.000000e+00 0.000000e+00
3.181000e+01 0.000000e+00 0.000000e+00
3.182000e+01 0.000000e+00 0.000000e+00
3.183000e+01 0.000000e+00 0.000000e+00
3.184000e+01 0.000000e+00 0.000000e+00
3.185000e+01 0.000000e+00 0.000000e+00
3.186000e+01 0.000000e+00 0.000000e+00
3.187000e+01 0.000000e+00 0.000000e+00
3.188000e+01 0.000000e+00 0.000000e+00
3.189000e+01 0.000000e+00 0.000000e+00
3.190000e+01 0.000000e+00 0.000000e+00
3.191000e+01 0.000000e+00 0.000000e+00
3.192000e+01 0.000000e+00 0.000000e+00
3.193000e+01 0.000000e+00 0.000000e+00
3.194000e+01 0.000000e+00 0.000000e+00
3.195000e+01 0.000000e+00 0.000000e+00
3.196000e+01 0.000000e+00 0.000000e+00
3.197000e+01 0.000000e+00 0.000000e+00
3.198000e+01 0.000000e+00 0.000000e+00
3.199000e+01 0.000000e+00 0.000000e+00
3.200000e+01 0.000000e+00 0.000000e+00
3.201000e+01 0.000000e+00 0.000000e+00
3.202000e+01 0.000000e+00 0.000000e+00
3.203000e+01 0.000000e+00 0.000000e+00
3.204000e+01 0.000000e+00 0.000000e+00
3.205000e+01 0.000000e+00 0.000000e+00
3.206000e+01 0.000000e+00 0.000000e+00
3.207000e+01 0.000000e+00 0.000000e+00
3.208000e+01 0.000000e+00 0.000000e+00
3.209000e+01 0.000000e+00 0.000000e+00
3.210000e+01 0.000000e+00 0.000000e+00
3.211000e+01 0.000000e+00 0.000000e+00
3.212000e+01 0.000000e+00 0.000000e+00
3.213000e+01 0.000000e+00 0.000000e+00
3.214000e+01 0.000000e+00 0.000000e+00
3.215000e+01 0.000000e+00 0.000000e+00
3.216000e+01 0.000000e+00 0.000000e+00
3.217000e+01 0.000000e+00 0.000000e+00
3.218000e+01 0.000000e+00 0.000000e+00
3.219000e+01 0.000000e+00 0.000000e+00
3.220000e+01 0.000000e+00 0.000000e+00
3.221000e+01 0.000000e+00 0.000000e+00
3.222000e+01 0.000000e+00 0.000000e+00
3.223000e+01 0.000000e+00 0.000000e+00
3.224000e+01 0.000000e+00 0.000000e+00
3.225000e+01 0.000000e+00 0.000000e+00
3.226000e+01 0.000000e+00 0.000000e+00
3.227000e+01 0.000000e+00 0.000000e+00
3.228000e+01 0.000000e+00 0.000000e+00
3.229000e+01 0.000000e+00 0.000000e+00
3.230000e+01 0.000000e+00 0.000000e+00
3.231000e+01 0.000000e+00 0.000000e+00
3.232000e+01 0.000000e+00 0.000000e+00
3.233000e+01 0.000000e+00 0.000000e+00
3.234000e+01 0.000000e+00 0.000000e+00
3.235000e+01 0.000000e+00 0.000000e+00
3.236000e+01 0.000000e+00 0.000000e+00
3.237000e+01 0.000000e+00 0.000000e+00
3.238000e+01 0.000000e+00 0.000000e+00
3.239000e+01 0.000000e+00 0.000000e+00
3.240000e+01 0.000000e+00 0.000000e+00
3.241000e+01 0.000000e+00 0.000000e+00
3.242000e+01 0.000000e+00 0.000000e+00
3.243000e+01 0.000000e+00 0.000000e+00
3.244000e+01 0.000000e+00 0.000000e+00
3.245000e+01 0.000000e+00 0.000000e+00
3.246000e+01 0.000000e+00 0.000000e+00
3.247000e+01 0.000000e+00 0.000000e+00
3.248000e+01 0.000000e+00 0.000000e+00
3.249000e+01 0.000000e+00 0.000000e+00
3.250000e+01 0.000000e+00 0.000000e+00
3.251000e+01 0.000000e+00 0.000000e+00
3.252000e+01 0.000000e+00 0.000000e+00
3.253000e+01 0.000000e+00 0.000000e+00
3.254000e+01 0.000000e+00 0.000000e+00
3.255000e+01 0.000000e+00 0.000000e+00
3.256000e+01 0.000000e+00 0.000000e+00
3.257000e+01 0.000000e+00 0.000000e+00
3.258000e+01 0.000000e+00 0.000000e+00
3.259000e+01 0.000000e+00 0.000000e+00
3.260000e+01 0.000000e+00 0.000000e+00
3.261000e+01 0.000000e+00 0.000000e+00
3.262000e+01 0.000000e+00 0.000000e+00
3.263000e+01 0.000000e+00 0.000000e+00
3.264000e+01 0.000000e+00 0.000000e+00
3.265000e+01 0.000000e+00 0.000000e+00
3.266000e+01 0.000000e+00 0.000000e+00
3.267000e+01 0.000000e+00 0.000000e+00
3.268000e+01 0.000000e+00 0.000000e+00
3.269000e+01 0.000000e+00 0.000000e+00
3.270000e+01 0.000000e+00 0.000000e+00
3.271000e+01 0.000000e+00 0.000000e+00
3.272000e+01 0.000000e+00 0.000000e+00
3.273000e+01 0.000000e+00 0.000000e+00
3.274000e+01 0.000000e+00 0.000000e+00
3.275000e+01 0.000000e+00 0.000000e+00
3.276000e+01 0.000000e+00 0.000000e+00
3.277000e+01 0.000000e+00 0.000000e+00
3.278000e+01 0.000000e+00 0.000000e+00
3.279000e+01 0.000000e+00 0.000000e+00
3.280000e+01 0.000000e+00 0.000000e+00
3.281000e+01 0.000000e+00 0.000000e+00
3.282000e+01 0.000000e+00 0.000000e+00
3.283000e+01 0.000000e+00 0.000000e+00
3.284000e+01 0.000000e+00 0.000000e+00
3.285000e+01 0.000000e+00 0.000000e+00
3.286000e+01 0.000000e+00 0.000000e+00
3.287000e+01 0.000000e+00 0.000000e+00
3.288000e+01 0.000000e+00 0.000000e+00
3.289000e+01 0.000000e+00 0.000000e+00
3.290000e+01 0.000000e+00 0.000000e+00
3.291000e+01 0.000000e+00 0.000000e+00
3.292000e+01 0.000000e+00 0.000000e+00
3.293000e+01 0.000000e+00 0.000000e+00
3.294000e+01 0.000000e+00 0.000000e+00
3.295000e+01 0.000000e+00 0.000000e+00
3.296000e+01 0.000000e+00 0.000000e+00
3.297000e+01 0.000000e+00 0.000000e+00
3.298000e+01 0.000000e+00 0.000000e+00
3.299000e+01 0.000000e+00 0.000000e+00
3.300000e+01 0.000000e+00 0.000000e+00
3.301000e+01 0.000000e+00 0.000000e+00
3.302000e+01 0.000000e+00 0.000000e+00
3.303000e+01 0.000000e+00 0.000000e+00
3.304000e+01 0.000000e+00 0.000000e+00
3.305000e+01 0.000000e+00 0.000000e+00
3.306000e+01 0.000000e+00 0.000000e+00
3.307000e+01 0.000000e+00 0.000000e+00
3.308000e+01 0.000000e+00 0.000000e+00
3.309000e+01 0.000000e+00 0.000000e+00
3.310000e+01 0.000000e+00 0.000000e+00
3.311000e+01 0.000000e+00 0.000000e+00
3.312000e+01 0.000000e+00 0.000000e+00
3.313000e+01 0.000000e+00 0.000000e+00
3.314000e+01 0.000000e+00 0.000000e+00
3.315000e+01 0.000000e+00 0.000000e+00
3.316000e+01 0.000000e+00 0.000000e+00
3.317000e+01 0.000000e+00 0.000000e+00
3.318000e+01 0.000000e+00 0.000000e+00
3.319000e+01 0.000000e+00 0.000000e+00
3.320000e+01 0.000000e+00 0.000000e+00
3.321000e+01 0.000000e+00 0.000000e+00
3.322000e+01 0.000000e+00 0.000000e+00
3.323000e+01 0.000000e+00 0.000000e+00
3.324000e+01 0.000000e+00 0.000000e+00
3.325000e+01 0.000000e+00 0.000000e+00
3.326000e+01 0.000000e+00 0.000000e+00
3.327000e+01 0.000000e+00 0.000000e+00
3.328000e+01 0.000000e+00 0.000000e+00
3.329000e+01 0.000000e+00 0.000000e+00
3.330000e+01 0.000000e+00 0.000000e+00
3.331000e+01 0.000000e+00 0.000000e+00
3.332000e+01 0.000000e+00 0.000000e+00
3.333000e+01 0.000000e+00 0.000000e+00
3.334000e+01 0.000000e+00 0.000000e+00
3.335000e+01 0.000000e+00 0.000000e+00
3.336000e+01 0.000000e+00 0.000000e+00
3.337000e+01 0.000000e+00 0.000000e+00
3.338000e+01 0.000000e+00 0.000000e+00
3.339000e+01 0.000000e+00 0.000000e+00
3.340000e+01 0.000000e+00 0.000000e+00
3.341000e+01 0.000000e+00 0.000000e+00
3.342000e+01 0.000000e+00 0.000000e+00
3.343000e+01 0.000000e+00 0.000000e+00
3.344000e+01 0.000000e+00 0.000000e+00
3.345000e+01 0.000000e+00 0.000000e+00
3.346000e+01 0.000000e+00 0.000000e+00
3.347000e+01 0.000000e+00 0.000000e+00
3.348000e+01 0.000000e+00 0.000000e+00
3.349000e+01 0.000000e+00 0.000000e+00
3.350000e+01 0.000000e+00 0.000000e+00
3.351000e+01 0.000000e+00 0.000000e+00
3.352000e+01 0.000000e+00 0.000000e+00
3.353000e+01 0.000000e+00 0.000000e+00
3.354000e+01 0.000000e+00 0.000000e+00
3.355000e+01 0.000000e+00 0.000000e+00
3.356000e+01 0.000000e+00 0.000000e+00
3.357000e+01 0.000000e+00 0.000000e+00
3.358000e+01 0.000000e+00 0.000000e+00
3.359000e+01 0.000000e+00 0.000000e+00
3.360000e+01 0.000000e+00 0.000000e+00
3.361000e+01 0.000000e+00 0.000000e+00
3.362000e+01 0.000000e+00 0.000000e+00
3.363000e+01 0.000000e+00 0.000000e+00
3.364000e+01 0.000000e+00 0.000000e+00
3.365000e+01 0.000000e+00 0.000000e+00
3.366000e+01 0.000000e+00 0.000000e+00
3.367000e+01 0.000000e+00 0.000000e+00
3.368000e+01 0.000000e+00 0.000000e+00
3.369000e+01 0.000000e+00 0.000000e+00
3.370000e+01 0.000000e+00 0.000000e+00
3.371000e+01 0.000000e+00 0.000000e+00
3.372000e+01 0.000000e+00 0.000000e+00
3.373000e+01 0.000000e+00 0.000000e+00
3.374000e+01 0.000000e+00 0.000000e+00
3.375000e+01 0.000000e+00 0.000000e+00
3.376000e+01 0.000000e+00 0.000000e+00
3.377000e+01 0.000000e+00 0.000000e+00
3.378000e+01 0.000000e+00 0.000000e+00
3.379000e+01 0.000000e+00 0.000000e+00
3.380000e+01 0.000000e+00 0.000000e+00
3.381000e+01 0.000000e+00 0.000000e+00
3.382000e+01 0.000000e+00 0.000000e+00
3.383000e+01 0.000000e+00 0.000000e+00
3.384000e+01 0.000000e+00 0.000000e+00
3.385000e+01 0.000000e+00 0.000000e+00
3.386000e+01 0.000000e+00 0.000000e+00
3.387000e+01 0.000000e+00 0.000000e+00
3.388000e+01 0.000000e+00 0.000000e+00
3.389000e+01 0.000000e+00 0.000000e+00
3.390000e+01 0.000000e+00 0.000000e+00
3.391000e+01 0.000000e+00 0.000000e+00
3.392000e+01 0.000000e+00 0.000000e+00
3.393000e+01 0.000000e+00 0.000000e+00
3.394000e+01 0.000000e+00 0.000000e+00
3.395000e+01 0.000000e+00 0.000000e+00
3.396000e+01 0.000000e+00 0.000000e+00
3.397000e+01 0.000000e+00 0.000000e+00
3.398000e+01 0.000000e+00 0.000000e+00
3.399000e+01 0.000000e+00 0.000000e+00
3.400000e+01 0.000000e+00 0.000000e+00
3.401000e+01 0.000000e+00 0.000000e+00
3.402000e+01 0.000000e+00 0.000000e+00
3.403000e+01 0.000000e+00 0.000000e+00
3.404000e+01 0.000000e+00 0.000000e+00
3.405000e+01 0.000000e+00 0.000000e+00
3.406000e+01 0.000000e+00 0.000000e+00
3.407000e+01 0.000000e+00 0.000000e+00
3.408000e+01 0.000000e+00 0.000000e+00
3.409000e+01 0.000000e+00 0.000000e+00
3.410000e+01 0.000000e+00 0.000000e+00
3.411000e+01 0.000000e+00 0.000000e+00
3.412000e+01 0.000000e+00 0.000000e+00
3.413000e+01 0.000000e+00 0.000000e+00
3.414000e+01 0.000000e+00 0.000000e+00
3.415000e+01 0.000000e+00 0.000000e+00
3.416000e+01 0.000000e+00 0.000000e+00
3.417000e+01 0.000000e+00 0.000000e+00
3.418000e+01 0.000000e+00 0.000000e+00
3.419000e+01 0.000000e+00 0.000000e+00
3.420000e+01 0.000000e+00 0.000000e+00
3.421000e+01 0.000000e+00 0.000000e+00
3.422000e+01 0.000000e+00 0.000000e+00
3.423000e+01 0.000000e+00 0.000000e+00
3.424000e+01 0.000000e+00 0.000000e+00
3.425000e+01 0.000000e+00 0.000000e+00
3.426000e+01 0.000000e+00 0.000000e+00
3.427000e+01 0.000000e+00 0.000000e+00
3.428000e+01 0.000000e+00 0.000000e+00
3.429000e+01 0.000000e+00 0.000000e+00
3.430000e+01 0.000000e+00 0.000000e+00
3.431000e+01 0.000000e+00 0.000000e+00
3.432000e+01 0.000000e+00 0.000000e+00
3.433000e+01 0.000000e+00 0.000000e+00
3.434000e+01 0.000000e+00 0.000000e+00
3.435000e+01 0.000000e+00 0.000000e+00
3.436000e+01 0.000000e+00 0.000000e+00
3.437000e+01 0.000000e+00 0.000000e+00
3.438000e+01 0.000000e+00 0.000000e+00
3.439000e+01 0.000000e+00 0.000000e+00
3.440000e+01 0.000000e+00 0.000000e+00
3.441000e+01 0.000000e+00 0.000000e+00
3.442000e+01 0.000000e+00 0.000000e+00
3.443000e+01 0.000000e+00 0.000000e+00
3.444000e+01 0.000000e+00 0.000000e+00
3.445000e+01 0.000000e+00 0.000000e+00
3.446000e+01 0.000000e+00 0.000000e+00
3.447000e+01 0.000000e+00 0.000000e+00
3.448000e+01 0.000000e+00 0.000000e+00
3.449000e+01 0.000000e+00 0.000000e+00
3.450000e+01 0.000000e+00 0.000000e+00
3.451000e+01 0.000000e+00 0.000000e+00
3.452000e+01 0.000000e+00 0.000000e+00
3.453000e+01 0.000000e+00 0.000000e+00
3.454000e+01 0.000000e+00 0.000000e+00
3.455000e+01 0.000000e+00 0.000000e+00
3.456000e+01 0.000000e+00 0.000000e+00
3.457000e+01 0.000000e+00 0.000000e+00
3.458000e+01 0.000000e+00 0.000000e+00
3.459000e+01 0.000000e+00 0.000000e+00
3.460000e+01 0.000000e+00 0.000000e+00
3.461000e+01 0.000000e+00 0.000000e+00
3.462000e+01 0.000000e+00 0.000000e+00
3.463000e+01 0.000000e+00 0.000000e+00
3.464000e+01 0.000000e+00 0.000000e+00
3.465000e+01 0.000000e+00 0.000000e+00
3.466000e+01 0.000000e+00 0.000000e+00
3.467000e+01 0.000000e+00 0.000000e+00
3.468000e+01 0.000000e+00 0.000000e+00
3.469000e+01 0.000000e+00 0.000000e+00
3.470000e+01 0.000000e+00 0.000000e+00
3.471000e+01 0.000000e+00 0.000000e+00
3.472000e+01 0.000000e+00 0.000000e+00
3.473000e+01 0.000000e+00 0.000000e+00
3.474000e+01 0.000000e+00 0.000000e+00
3.475000e+01 0.000000e+00 0.000000e+00
3.476000e+01 0.000000e+00 0.000000e+00
3.477000e+01 0.000000e+00 0.000000e+00
3.478000e+01 0.000000e+00 0.000000e+00
3.479000e+01 0.000000e+00 0.000000e+00
3.480000e+01 0.000000e+00 0.000000e+00
3.481000e+01 0.000000e+00 0.000000e+00
3.482000e+01 0.000000e+00 0.000000e+00
3.483000e+01 0.000000e+00 0.000000e+00
3.484000e+01 0.000000e+00 0.000000e+00
3.485000e+01 0.000000e+00 0.000000e+00
3.486000e+01 0.000000e+00 0.000000e+00
3.487000e+01 0.000000e+00 0.000000e+00
3.488000e+01 0.000000e+00 0.000000e+00
3.489000e+01 0.000000e+00 0.000000e+00
3.490000e+01 0.000000e+00 0.000000e+00
3.491000e+01 0.000000e+00 0.000000e+00
3.492000e+01 0.000000e+00 0.000000e+00
3.493000e+01 0.000000e+00 0.000000e+00
3.494000e+01 0.000000e+00 0.000000e+00
3.495000e+01 0.000000e+00 0.000000e+00
3.496000e+01 0.000000e+00 0.000000e+00
3.497000e+01 0.000000e+00 0.000000e+00
3.498000e+01 0.000000e+00 0.000000e+00
3.499000e+01 0.000000e+00 0.000000e+00
3.500000e+01 0.000000e+00 0.000000e+00
3.501000e+01 0.000000e+00 0.000000e+00
3.502000e+01 0.000000e+00 0.000000e+00
3.503000e+01 0.000000e+00 0.000000e+00
3.504000e+01 0.000000e+00 0.000000e+00
3.505000e+01 0.000000e+00 0.000000e+00
3.506000e+01 0.000000e+00 0.000000e+00
3.507000e+01 0.000000e+00 0.000000e+00
3.508000e+01 0.000000e+00 0.000000e+00
3.509000e+01 0.000000e+00 0.000000e+00
3.510000e+01 0.000000e+00 0.000000e+00
3.511000e+01 0.000000e+00 0.000000e+00
3.512000e+01 0.000000e+00 0.000000e+00
3.513000e+01 0.000000e+00 0.000000e+00
3.514000e+01 0.000000e+00 0.000000e+00
3.515000e+01 0.000000e+00 0.000000e+00
3.516000e+01 0.000000e+00 0.000000e+00
3.517000e+01 0.000000e+00 0.000000e+00
3.518000e+01 0.000000e+00 0.000000e+00
3.519000e+01 0.000000e+00 0.000000e+00
3.520000e+01 0.000000e+00 0.000000e+00
3.521000e+01 0.000000e+00 0.000000e+00
3.522000e+01 0.000000e+00 0.000000e+00
3.523000e+01 0.000000e+00 0.000000e+00
3.524000e+01 0.000000e+00 0.000000e+00
3.525000e+01 0.000000e+00 0.000000e+00
3.526000e+01 0.000000e+00 0.000000e+00
3.527000e+01 0.000000e+00 0.000000e+00
3.528000e+01 0.000000e+00 0.000000e+00
3.529000e+01 0.000000e+00 0.000000e+00
3.530000e+01 0.000000e+00 0.000000e+00
3.531000e+01 0.000000e+00 0.000000e+00
3.532000e+01 0.000000e+00 0.000000e+00
3.533000e+01 0.000000e+00 0.000000e+00
3.534000e+01 0.000000e+00 0.000000e+00
3.535000e+01 0.000000e+00 0.000000e+00
3.536000e+01 0.000000e+00 0.000000e+00
3.537000e+01 0.000000e+00 0.000000e+00
3.538000e+01 0.000000e+00 0.000000e+00
3.539000e+01 0.000000e+00 0.000000e+00
3.540000e+01 0.000000e+00 0.000000e+00
3.541000e+01 0.000000e+00 0.000000e+00
3.542000e+01 0.000000e+00 0.000000e+00
3.543000e+01 0.000000e+00 0.000000e+00
3.544000e+01 0.000000e+00 0.000000e+00
3.545000e+01 0.000000e+00 0.000000e+00
3.546000e+01 0.000000e+00 0.000000e+00
3.547000e+01 0.000000e+00 0.000000e+00
3.548000e+01 0.000000e+00 0.000000e+00
3.549000e+01 0.000000e+00 0.000000e+00
3.550000e+01 0.000000e+00 0.000000e+00
3.551000e+01 0.000000e+00 0.000000e+00
3.552000e+01 0.000000e+00 0.000000e+00
3.553000e+01 0.000000e+00 0.000000e+00
3.554000e+01 0.000000e+00 0.000000e+00
3.555000e+01 0.000000e+00 0.000000e+00
3.556000e+01 0.000000e+00 0.000000e+00
3.557000e+01 0.000000e+00 0.000000e+00
3.558000e+01 0.000000e+00 0.000000e+00
3.559000e+01 0.000000e+00 0.000000e+00
3.560000e+01 0.000000e+00 0.000000e+00
3.561000e+01 0.000000e+00 0.000000e+00
3.562000e+01 0.000000e+00 0.000000e+00
3.563000e+01 0.000000e+00 0.000000e+00
3.564000e+01 0.000000e+00 0.000000e+00
3.565000e+01 0.000000e+00 0.000000e+00
3.566000e+01 0.000000e+00 0.000000e+00
3.567000e+01 0.000000e+00 0.000000e+00
3.568000e+01 0.000000e+00 0.000000e+00
3.569000e+01 0.000000e+00 0.000000e+00
3.570000e+01 0.000000e+00 0.000000e+00
3.571000e+01 0.000000e+00 0.000000e+00
3.572000e+01 0.000000e+00 0.000000e+00
3.573000e+01 0.000000e+00 0.000000e+00
3.574000e+01 0.000000e+00 0.000000e+00
3.575000e+01 0.000000e+00 0.000000e+00
3.576000e+01 0.000000e+00 0.000000e+00
3.577000e+01 0.000000e+00 0.000000e+00
3.578000e+01 0.000000e+00 0.000000e+00
3.579000e+01 0.000000e+00 0.000000e+00
3.580000e+01 0.000000e+00 0.000000e+00
3.581000e+01 0.000000e+00 0.000000e+00
3.582000e+01 0.000000e+00 0.000000e+00
3.583000e+01 0.000000e+00 0.000000e+00
3.584000e+01 0.000000e+00 0.000000e+00
3.585000e+01 0.000000e+00 0.000000e+00
3.586000e+01 0.000000e+00 0.000000e+00
3.587000e+01 0.000000e+00 0.000000e+00
3.588000e+01 0.000000e+00 0.000000e+00
3.589000e+01 0.000000e+00 0.000000e+00
3.590000e+01 0.000000e+00 0.000000e+00
3.591000e+01 0.000000e+00 0.000000e+00
3.592000e+01 0.000000e+00 0.000000e+00
3.593000e+01 0.000000e+00 0.000000e+00
3.594000e+01 0.000000e+00 0.000000e+00
3.595000e+01 0.000000e+00 0.000000e+00
3.596000e+01 0.000000e+00 0.000000e+00
3.597000e+01 0.000000e+00 0.000000e+00
3.598000e+01 0.000000e+00 0.000000e+00
3.599000e+01 0.000000e+00 0.000000e+00
3.600000e+01 0.000000e+00 0.000000e+00
3.601000e+01 0.000000e+00 0.000000e+00
3.602000e+01 0.000000e+00 0.000000e+00
3.603000e+01 0.000000e+00 0.000000e+00
3.604000e+01 0.000000e+00 0.000000e+00
3.605000e+01 0.000000e+00 0.000000e+00
3.606000e+01 0.000000e+00 0.000000e+00
3.607000e+01 0.000000e+00 0.000000e+00
3.608000e+01 0.000000e+00 0.000000e+00
3.609000e+01 0.000000e+00 0.000000e+00
3.610000e+01 0.000000e+00 0.000000e+00
3.611000e+01 0.000000e+00 0.000000e+00
3.612000e+01 0.000000e+00 0.000000e+00
3.613000e+01 0.000000e+00 0.000000e+00
3.614000e+01 0.000000e+00 0.000000e+00
3.615000e+01 0.000000e+00 0.000000e+00
3.616000e+01 0.000000e+00 0.000000e+00
3.617000e+01 0.000000e+00 0.000000e+00
3.618000e+01 0.000000e+00 0.000000e+00
3.619000e+01 0.000000e+00 0.000000e+00
3.620000e+01 0.000000e+00 0.000000e+00
3.621000e+01 0.000000e+00 0.000000e+00
3.622000e+01 0.000000e+00 0.000000e+00
3.623000e+01 0.000000e+00 0.000000e+00
3.624000e+01 0.000000e+00 0.000000e+00
3.625000e+01 0.000000e+00 0.000000e+00
3.626000e+01 0.000000e+00 0.000000e+00
3.627000e+01 0.000000e+00 0.000000e+00
3.628000e+01 0.000000e+00 0.000000e+00
3.629000e+01 0.000000e+00 0.000000e+00
3.630000e+01 0.000000e+00 0.000000e+00
3.631000e+01 0.000000e+00 0.000000e+00
3.632000e+01 0.000000e+00 0.000000e+00
3.633000e+01 0.000000e+00 0.000000e+00
3.634000e+01 0.000000e+00 0.000000e+00
3.635000e+01 0.000000e+00 0.000000e+00
3.636000e+01 0.000000e+00 0.000000e+00
3.637000e+01 0.000000e+00 0.000000e+00
3.638000e+01 0.000000e+00 0.000000e+00
3.639000e+01 0.000000e+00 0.000000e+00
3.640000e+01 0.000000e+00 0.000000e+00
3.641000e+01 0.000000e+00 0.000000e+00
3.642000e+01 0.000000e+00 0.000000e+00
3.643000e+01 0.000000e+00 0.000000e+00
3.644000e+01 0.000000e+00 0.000000e+00
3.645000e+01 0.000000e+00 0.000000e+00
3.646000e+01 0.000000e+00 0.000000e+00
3.647000e+01 0.000000e+00 0.000000e+00
3.648000e+01 0.000000e+00 0.000000e+00
3.649000e+01 0.000000e+00 0.000000e+00
3.650000e+01 0.000000e+00 0.000000e+00
3.651000e+01 0.000000e+00 0.000000e+00
3.652000e+01 0.000000e+00 0.000000e+00
3.653000e+01 0.000000e+00 0.000000e+00
3.654000e+01 0.000000e+00 0.000000e+00
3.655000e+01 0.000000e+00 0.000000e+00
3.656000e+01 0.000000e+00 0.000000e+00
3.657000e+01 0.000000e+00 0.000000e+00
3.658000e+01 0.000000e+00 0.000000e+00
3.659000e+01 0.000000e+00 0.000000e+00
3.660000e+01 0.000000e+00 0.000000e+00
3.661000e+01 0.000000e+00 0.000000e+00
3.662000e+01 0.000000e+00 0.000000e+00
3.663000e+01 0.000000e+00 0.000000e+00
3.664000e+01 0.000000e+00 0.000000e+00
3.665000e+01 0.000000e+00 0.000000e+00
3.666000e+01 0.000000e+00 0.000000e+00
3.667000e+01 0.000000e+00 0.000000e+00
3.668000e+01 0.000000e+00 0.000000e+00
3.669000e+01 0.000000e+00 0.000000e+00
3.670000e+01 0.000000e+00 0.000000e+00
3.671000e+01 0.000000e+00 0.000000e+00
3.672000e+01 0.000000e+00 0.000000e+00
3.673000e+01 0.000000e+00 0.000000e+00
3.674000e+01 0.000000e+00 0.000000e+00
3.675000e+01 0.000000e+00 0.000000e+00
3.676000e+01 0.000000e+00 0.000000e+00
3.677000e+01 0.000000e+00 0.000000e+00
3.678000e+01 0.000000e+00 0.000000e+00
3.679000e+01 0.000000e+00 0.000000e+00
3.680000e+01 0.000000e+00 0.000000e+00
3.681000e+01 0.000000e+00 0.000000e+00
3.682000e+01 0.000000e+00 0.000000e+00
3.683000e+01 0.000000e+00 0.000000e+00
3.684000e+01 0.000000e+00 0.000000e+00
3.685000e+01 0.000000e+00 0.000000e+00
3.686000e+01 0.000000e+00 0.000000e+00
3.687000e+01 0.000000e+00 0.000000e+00
3.688000e+01 0.000000e+00 0.000000e+00
3.689000e+01 0.000000e+00 0.000000e+00
3.690000e+01 0.000000e+00 0.000000e+00
3.691000e+01 0.000000e+00 0.000000e+00
3.692000e+01 0.000000e+00 0.000000e+00
3.693000e+01 0.000000e+00 0.000000e+00
3.694000e+01 0.000000e+00 0.000000e+00
3.695000e+01 0.000000e+00 0.000000e+00
3.696000e+01 0.000000e+00 0.000000e+00
3.697000e+01 0.000000e+00 0.000000e+00
3.698000e+01 0.000000e+00 0.000000e+00
3.699000e+01 0.000000e+00 0.000000e+00
3.700000e+01 0.000000e+00 0.000000e+00
3.701000e+01 0.000000e+00 0.000000e+00
3.702000e+01 0.000000e+00 0.000000e+00
3.703000e+01 0.000000e+00 0.000000e+00
3.704000e+01 0.000000e+00 0.000000e+00
3.705000e+01 0.000000e+00 0.000000e+00
3.706000e+01 0.000000e+00 0.000000e+00
3.707000e+01 0.000000e+00 0.000000e+00
3.708000e+01 0.000000e+00 0.000000e+00
3.709000e+01 0.000000e+00 0.000000e+00
3.710000e+01 0.000000e+00 0.000000e+00
3.711000e+01 0.000000e+00 0.000000e+00
3.712000e+01 0.000000e+00 0.000000e+00
3.713000e+01 0.000000e+00 0.000000e+00
3.714000e+01 0.000000e+00 0.000000e+00
3.715000e+01 0.000000e+00 0.000000e+00
3.716000e+01 0.000000e+00 0.000000e+00
3.717000e+01 0.000000e+00 0.000000e+00
3.718000e+01 0.000000e+00 0.000000e+00
3.719000e+01 0.000000e+00 0.000000e+00
3.720000e+01 0.000000e+00 0.000000e+00
3.721000e+01 0.000000e+00 0.000000e+00
3.722000e+01 0.000000e+00 0.000000e+00
3.723000e+01 0.000000e+00 0.000000e+00
3.724000e+01 0.000000e+00 0.000000e+00
3.725000e+01 0.000000e+00 0.000000e+00
3.726000e+01 0.000000e+00 0.000000e+00
3.727000e+01 0.000000e+00 0.000000e+00
3.728000e+01 0.000000e+00 0.000000e+00
3.729000e+01 0.000000e+00 0.000000e+00
3.730000e+01 0.000000e+00 0.000000e+00
3.731000e+01 0.000000e+00 0.000000e+00
3.732000e+01 0.000000e+00 0.000000e+00
3.733000e+01 0.000000e+00 0.000000e+00
3.734000e+01 0.000000e+00 0.000000e+00
3.735000e+01 0.000000e+00 0.000000e+00
3.736000e+01 0.000000e+00 0.000000e+00
3.737000e+01 0.000000e+00 0.000000e+00
3.738000e+01 0.000000e+00 0.000000e+00
3.739000e+01 0.000000e+00 0.000000e+00
3.740000e+01 0.000000e+00 0.000000e+00
3.741000e+01 0.000000e+00 0.000000e+00
3.742000e+01 0.000000e+00 0.000000e+00
3.743000e+01 0.000000e+00 0.000000e+00
3.744000e+01 0.000000e+00 0.000000e+00
3.745000e+01 0.000000e+00 0.000000e+00
3.746000e+01 0.000000e+00 0.000000e+00
3.747000e+01 0.000000e+00 0.000000e+00
3.748000e+01 0.000000e+00 0.000000e+00
3.749000e+01 0.000000e+00 0.000000e+00
3.750000e+01 0.000000e+00 0.000000e+00
3.751000e+01 0.000000e+00 0.000000e+00
3.752000e+01 0.000000e+00 0.000000e+00
3.753000e+01 0.000000e+00 0.000000e+00
3.754000e+01 0.000000e+00 0.000000e+00
3.755000e+01 0.000000e+00 0.000000e+00
3.756000e+01 0.000000e+00 0.000000e+00
3.757000e+01 0.000000e+00 0.000000e+00
3.758000e+01 0.000000e+00 0.000000e+00
3.759000e+01 0.000000e+00 0.000000e+00
3.760000e+01 0.000000e+00 0.000000e+00
3.761000e+01 0.000000e+00 0.000000e+00
3.762000e+01 0.000000e+00 0.000000e+00
3.763000e+01 0.000000e+00 0.000000e+00
3.764000e+01 0.000000e+00 0.000000e+00
3.765000e+01 0.000000e+00 0.000000e+00
3.766000e+01 0.000000e+00 0.000000e+00
3.767000e+01 0.000000e+00 0.000000e+00
3.768000e+01 0.000000e+00 0.000000e+00
3.769000e+01 0.000000e+00 0.000000e+00
3.770000e+01 0.000000e+00 0.000000e+00
3.771000e+01 0.000000e+00 0.000000e+00
3.772000e+01 0.000000e+00 0.000000e+00
3.773000e+01 0.000000e+00 0.000000e+00
3.774000e+01 0.000000e+00 0.000000e+00
3.775000e+01 0.000000e+00 0.000000e+00
3.776000e+01 0.000000e+00 0.000000e+00
3.777000e+01 0.000000e+00 0.000000e+00
3.778000e+01 0.000000e+00 0.000000e+00
3.779000e+01 0.000000e+00 0.000000e+00
3.780000e+01 0.000000e+00 0.000000e+00
3.781000e+01 0.000000e+00 0.000000e+00
3.782000e+01 0.000000e+00 0.000000e+00
3.783000e+01 0.000000e+00 0.000000e+00
3.784000e+01 0.000000e+00 0.000000e+00
3.785000e+01 0.000000e+00 0.000000e+00
3.786000e+01 0.000000e+00 0.000000e+00
3.787000e+01 0.000000e+00 0.000000e+00
3.788000e+01 0.000000e+00 0.000000e+00
3.789000e+01 0.000000e+00 0.000000e+00
3.790000e+01 0.000000e+00 0.000000e+00
3.791000e+01 0.000000e+00 0.000000e+00
3.792000e+01 0.000000e+00 0.000000e+00
3.793000e+01 0.000000e+00 0.000000e+00
3.794000e+01 0.000000e+00 0.000000e+00
3.795000e+01 0.000000e+00 0.000000e+00
3.796000e+01 0.000000e+00 0.000000e+00
3.797000e+01 0.000000e+00 0.000000e+00
3.798000e+01 0.000000e+00 0.000000e+00
3.799000e+01 0.000000e+00 0.000000e+00
3.800000e+01 0.000000e+00 0.000000e+00
3.801000e+01 0.000000e+00 0.000000e+00
3.802000e+01 0.000000e+00 0.000000e+00
3.803000e+01 0.000000e+00 0.000000e+00
3.804000e+01 0.000000e+00 0.000000e+00
3.805000e+01 0.000000e+00 0.000000e+00
3.806000e+01 0.000000e+00 0.000000e+00
3.807000e+01 0.000000e+00 0.000000e+00
3.808000e+01 0.000000e+00 0.000000e+00
3.809000e+01 0.000000e+00 0.000000e+00
3.810000e+01 0.000000e+00 0.000000e+00
3.811000e+01 0.000000e+00 0.000000e+00
3.812000e+01 0.000000e+00 0.000000e+00
3.813000e+01 0.000000e+00 0.000000e+00
3.814000e+01 0.000000e+00 0.000000e+00
3.815000e+01 0.000000e+00 0.000000e+00
3.816000e+01 0.000000e+00 0.000000e+00
3.817000e+01 0.000000e+00 0.000000e+00
3.818000e+01 0.000000e+00 0.000000e+00
3.819000e+01 0.000000e+00 0.000000e+00
3.820000e+01 0.000000e+00 0.000000e+00
3.821000e+01 0.000000e+00 0.000000e+00
3.822000e+01 0.000000e+00 0.000000e+00
3.823000e+01 0.000000e+00 0.000000e+00
3.824000e+01 0.000000e+00 0.000000e+00
3.825000e+01 0.000000e+00 0.000000e+00
3.826000e+01 0.000000e+00 0.000000e+00
3.827000e+01 0.000000e+00 0.000000e+00
3.828000e+01 0.000000e+00 0.000000e+00
3.829000e+01 0.000000e+00 0.000000e+00
3.830000e+01 0.000000e+00 0.000000e+00
3.831000e+01 0.000000e+00 0.000000e+00
3.832000e+01 0.000000e+00 0.000000e+00
3.833000e+01 0.000000e+00 0.000000e+00
3.834000e+01 0.000000e+00 0.000000e+00
3.835000e+01 0.000000e+00 0.000000e+00
3.836000e+01 0.000000e+00 0.000000e+00
3.837000e+01 0.000000e+00 0.000000e+00
3.838000e+01 0.000000e+00 0.000000e+00
3.839000e+01 0.000000e+00 0.000000e+00
3.840000e+01 0.000000e+00 0.000000e+00
3.841000e+01 0.000000e+00 0.000000e+00
3.842000e+01 0.000000e+00 0.000000e+00
3.843000e+01 0.000000e+00 0.000000e+00
3.844000e+01 0.000000e+00 0.000000e+00
3.845000e+01 0.000000e+00 0.000000e+00
3.846000e+01 0.000000e+00 0.000000e+00
3.847000e+01 0.000000e+00 0.000000e+00
3.848000e+01 0.000000e+00 0.000000e+00
3.849000e+01 0.000000e+00 0.000000e+00
3.850000e+01 0.000000e+00 0.000000e+00
3.851000e+01 0.000000e+00 0.000000e+00
3.852000e+01 0.000000e+00 0.000000e+00
3.853000e+01 0.000000e+00 0.000000e+00
3.854000e+01 0.000000e+00 0.000000e+00
3.855000e+01 0.000000e+00 0.000000e+00
3.856000e+01 0.000000e+00 0.000000e+00
3.857000e+01 0.000000e+00 0.000000e+00
3.858000e+01 0.000000e+00 0.000000e+00
3.859000e+01 0.000000e+00 0.000000e+00
3.860000e+01 0.000000e+00 0.000000e+00
3.861000e+01 0.000000e+00 0.000000e+00
3.862000e+01 0.000000e+00 0.000000e+00
3.863000e+01 0.000000e+00 0.000000e+00
3.864000e+01 0.000000e+00 0.000000e+00
3.865000e+01 0.000000e+00 0.000000e+00
3.866000e+01 0.000000e+00 0.000000e+00
3.867000e+01 0.000000e+00 0.000000e+00
3.868000e+01 0.000000e+00 0.000000e+00
3.869000e+01 0.000000e+00 0.000000e+00
3.870000e+01 0.000000e+00 0.000000e+00
3.871000e+01 0.000000e+00 0.000000e+00
3.872000e+01 0.000000e+00 0.000000e+00
3.873000e+01 0.000000e+00 0.000000e+00
3.874000e+01 0.000000e+00 0.000000e+00
3.875000e+01 0.000000e+00 0.000000e+00
3.876000e+01 0.000000e+00 0.000000e+00
3.877000e+01 0.000000e+00 0.000000e+00
3.878000e+01 0.000000e+00 0.000000e+00
3.879000e+01 0.000000e+00 0.000000e+00
3.880000e+01 0.000000e+00 0.000000e+00
3.881000e+01 0.000000e+00 0.000000e+00
3.882000e+01 0.000000e+00 0.000000e+00
3.883000e+01 0.000000e+00 0.000000e+00
3.884000e+01 0.000000e+00 0.000000e+00
3.885000e+01 0.000000e+00 0.000000e+00
3.886000e+01 0.000000e+00 0.000000e+00
3.887000e+01 0.000000e+00 0.000000e+00
3.888000e+01 0.000000e+00 0.000000e+00
3.889000e+01 0.000000e+00 0.000000e+00
3.890000e+01 0.000000e+00 0.000000e+00
3.891000e+01 0.000000e+00 0.000000e+00
3.892000e+01 0.000000e+00 0.000000e+00
3.893000e+01 0.000000e+00 0.000000e+00
3.894000e+01 0.000000e+00 0.000000e+00
3.895000e+01 0.000000e+00 0.000000e+00
3.896000e+01 0.000000e+00 0.000000e+00
3.897000e+01 0.000000e+00 0.000000e+00
3.898000e+01 0.000000e+00 0.000000e+00
3.899000e+01 0.000000e+00 0.000000e+00
3.900000e+01 0.000000e+00 0.000000e+00
3.901000e+01 0.000000e+00 0.000000e+00
3.902000e+01 0.000000e+00 0.000000e+00
3.903000e+01 0.000000e+00 0.000000e+00
3.904000e+01 0.000000e+00 0.000000e+00
3.905000e+01 0.000000e+00 0.000000e+00
3.906000e+01 0.000000e+00 0.000000e+00
3.907000e+01 0.000000e+00 0.000000e+00
3.908000e+01 0.000000e+00 0.000000e+00
3.909000e+01 0.000000e+00 0.000000e+00
3.910000e+01 0.000000e+00 0.000000e+00
3.911000e+01 0.000000e+00 0.000000e+00
3.912000e+01 0.000000e+00 0.000000e+00
3.913000e+01 0.000000e+00 0.000000e+00
3.914000e+01 0.000000e+00 0.000000e+00
3.915000e+01 0.000000e+00 0.000000e+00
3.916000e+01 0.000000e+00 0.000000e+00
3.917000e+01 0.000000e+00 0.000000e+00
3.918000e+01 0.000000e+00 0.000000e+00
3.919000e+01 0.000000e+00 0.000000e+00
3.920000e+01 0.000000e+00 0.000000e+00
3.921000e+01 0.000000e+00 0.000000e+00
3.922000e+01 0.000000e+00 0.000000e+00
3.923000e+01 0.000000e+00 0.000000e+00
3.924000e+01 0.000000e+00 0.000000e+00
3.925000e+01 0.000000e+00 0.000000e+00
3.926000e+01 0.000000e+00 0.000000e+00
3.927000e+01 0.000000e+00 0.000000e+00
3.928000e+01 0.000000e+00 0.000000e+00
3.929000e+01 0.000000e+00 0.000000e+00
3.930000e+01 0.000000e+00 0.000000e+00
3.931000e+01 0.000000e+00 0.000000e+00
3.932000e+01 0.000000e+00 0.000000e+00
3.933000e+01 0.000000e+00 0.000000e+00
3.934000e+01 0.000000e+00 0.000000e+00
3.935000e+01 0.000000e+00 0.000000e+00
3.936000e+01 0.000000e+00 0.000000e+00
3.937000e+01 0.000000e+00 0.000000e+00
3.938000e+01 0.000000e+00 0.000000e+00
3.939000e+01 0.000000e+00 0.000000e+00
3.940000e+01 0.000000e+00 0.000000e+00
3.941000e+01 0.000000e+00 0.000000e+00
3.942000e+01 0.000000e+00 0.000000e+00
3.943000e+01 0.000000e+00 0.000000e+00
3.944000e+01 0.000000e+00 0.000000e+00
3.945000e+01 0.000000e+00 0.000000e+00
3.946000e+01 0.000000e+00 0.000000e+00
3.947000e+01 0.000000e+00 0.000000e+00
3.948000e+01 0.000000e+00 0.000000e+00
3.949000e+01 0.000000e+00 0.000000e+00
3.950000e+01 0.000000e+00 0.000000e+00
3.951000e+01 0.000000e+00 0.000000e+00
3.952000e+01 0.000000e+00 0.000000e+00
3.953000e+01 0.000000e+00 0.000000e+00
3.954000e+01 0.000000e+00 0.000000e+00
3.955000e+01 0.000000e+00 0.000000e+00
3.956000e+01 0.000000e+00 0.000000e+00
3.957000e+01 0.000000e+00 0.000000e+00
3.958000e+01 0.000000e+00 0.000000e+00
3.959000e+01 0.000000e+00 0.000000e+00
3.960000e+01 0.000000e+00 0.000000e+00
3.961000e+01 0.000000e+00 0.000000e+00
3.962000e+01 0.000000e+00 0.000000e+00
3.963000e+01 0.000000e+00 0.000000e+00
3.964000e+01 0.000000e+00 0.000000e+00
3.965000e+01 0.000000e+00 0.000000e+00
3.966000e+01 0.000000e+00 0.000000e+00
3.967000e+01 0.000000e+00 0.000000e+00
3.968000e+01 0.000000e+00 0.000000e+00
3.969000e+01 0.000000e+00 0.000000e+00
3.970000e+01 0.000000e+00 0.000000e+00
3.971000e+01 0.000000e+00 0.000000e+00
3.972000e+01 0.000000e+00 0.000000e+00
3.973000e+01 0.000000e+00 0.000000e+00
3.974000e+01 0.000000e+00 0.000000e+00
3.975000e+01 0.000000e+00 0.000000e+00
3.976000e+01 0.000000e+00 0.000000e+00
3.977000e+01 0.000000e+00 0.000000e+00
3.978000e+01 0.000000e+00 0.000000e+00
3.979000e+01 0.000000e+00 0.000000e+00
3.980000e+01 0.000000e+00 0.000000e+00
3.981000e+01 0.000000e+00 0.000000e+00
3.982000e+01 0.000000e+00 0.000000e+00
3.983000e+01 0.000000e+00 0.000000e+00
3.984000e+01 0.000000e+00 0.000000e+00
3.985000e+01 0.000000e+00 0.000000e+00
3.986000e+01 0.000000e+00 0.000000e+00
3.987000e+01 0.000000e+00 0.000000e+00
3.988000e+01 0.000000e+00 0.000000e+00
3.989000e+01 0.000000e+00 0.000000e+00
3.990000e+01 0.000000e+00 0.000000e+00
3.991000e+01 0.000000e+00 0.000000e+00
3.992000e+01 0.000000e+00 0.000000e+00
3.993000e+01 0.000000e+00 0.000000e+00
3.994000e+01 0.000000e+00 0.000000e+00
3.995000e+01 0.000000e+00 0.000000e+00
3.996000e+01 0.000000e+00 0.000000e+00
3.997000e+01 0.000000e+00 0.000000e+00
3.998000e+01 0.000000e+00 0.000000e+00
3.999000e+01 0.000000e+00 0.000000e+00
4.000000e+01 0.000000e+00 0.000000e+00
4.001000e+01 0.000000e+00 0.000000e+00
4.002000e+01 0.000000e+00 0.000000e+00
4.003000e+01 0.000000e+00 0.000000e+00
4.004000e+01 0.000000e+00 0.000000e+00
4.005000e+01 0.000000e+00 0.000000e+00
4.006000e+01 0.000000e+00 0.000000e+00
4.007000e+01 0.000000e+00 0.000000e+00
4.008000e+01 0.000000e+00 0.000000e+00
4.009000e+01 0.000000e+00 0.000000e+00
4.010000e+01 0.000000e+00 0.000000e+00
4.011000e+01 0.000000e+00 0.000000e+00
4.012000e+01 0.000000e+00 0.000000e+00
4.013000e+01 0.000000e+00 0.000000e+00
4.014000e+01 0.000000e+00 0.000000e+00
4.015000e+01 0.000000e+00 0.000000e+00
4.016000e+01 0.000000e+00 0.000000e+00
4.017000e+01 0.000000e+00 0.000000e+00
4.018000e+01 0.000000e+00 0.000000e+00
4.019000e+01 0.000000e+00 0.000000e+00
4.020000e+01 0.000000e+00 0.000000e+00
4.021000e+01 0.000000e+00 0.000000e+00
4.022000e+01 0.000000e+00 0.000000e+00
4.023000e+01 0.000000e+00 0.000000e+00
4.024000e+01 0.000000e+00 0.000000e+00
4.025000e+01 0.000000e+00 0.000000e+00
4.026000e+01 0.000000e+00 0.000000e+00
4.027000e+01 0.000000e+00 0.000000e+00
4.028000e+01 0.000000e+00 0.000000e+00
4.029000e+01 0.000000e+00 0.000000e+00
4.030000e+01 0.000000e+00 0.000000e+00
4.031000e+01 0.000000e+00 0.000000e+00
4.032000e+01 0.000000e+00 0.000000e+00
4.033000e+01 0.000000e+00 0.000000e+00
4.034000e+01 0.000000e+00 0.000000e+00
4.035000e+01 0.000000e+00 0.000000e+00
4.036000e+01 0.000000e+00 0.000000e+00
4.037000e+01 0.000000e+00 0.000000e+00
4.038000e+01 0.000000e+00 0.000000e+00
4.039000e+01 0.000000e+00 0.000000e+00
4.040000e+01 0.000000e+00 0.000000e+00
4.041000e+01 0.000000e+00 0.000000e+00
4.042000e+01 0.000000e+00 0.000000e+00
4.043000e+01 0.000000e+00 0.000000e+00
4.044000e+01 0.000000e+00 0.000000e+00
4.045000e+01 0.000000e+00 0.000000e+00
4.046000e+01 0.000000e+00 0.000000e+00
4.047000e+01 0.000000e+00 0.000000e+00
4.048000e+01 0.000000e+00 0.000000e+00
4.049000e+01 0.000000e+00 0.000000e+00
4.050000e+01 0.000000e+00 0.000000e+00
4.051000e+01 0.000000e+00 0.000000e+00
4.052000e+01 0.000000e+00 0.000000e+00
4.053000e+01 0.000000e+00 0.000000e+00
4.054000e+01 0.000000e+00 0.000000e+00
4.055000e+01 0.000000e+00 0.000000e+00
4.056000e+01 0.000000e+00 0.000000e+00
4.057000e+01 0.000000e+00 0.000000e+00
4.058000e+01 0.000000e+00 0.000000e+00
4.059000e+01 0.000000e+00 0.000000e+00
4.060000e+01 0.000000e+00 0.000000e+00
4.061000e+01 0.000000e+00 0.000000e+00
4.062000e+01 0.000000e+00 0.000000e+00
4.063000e+01 0.000000e+00 0.000000e+00
4.064000e+01 0.000000e+00 0.000000e+00
4.065000e+01 0.000000e+00 0.000000e+00
4.066000e+01 0.000000e+00 0.000000e+00
4.067000e+01 0.000000e+00 0.000000e+00
4.068000e+01 0.000000e+00 0.000000e+00
4.069000e+01 0.000000e+00 0.000000e+00
4.070000e+01 0.000000e+00 0.000000e+00
4.071000e+01 0.000000e+00 0.000000e+00
4.072000e+01 0.000000e+00 0.000000e+00
4.073000e+01 0.000000e+00 0.000000e+00
4.074000e+01 0.000000e+00 0.000000e+00
4.075000e+01 0.000000e+00 0.000000e+00
4.076000e+01 0.000000e+00 0.000000e+00
4.077000e+01 0.000000e+00 0.000000e+00
4.078000e+01 0.000000e+00 0.000000e+00
4.079000e+01 0.000000e+00 0.000000e+00
4.080000e+01 0.000000e+00 0.000000e+00
4.081000e+01 0.000000e+00 0.000000e+00
4.082000e+01 0.000000e+00 0.000000e+00
4.083000e+01 0.000000e+00 0.000000e+00
4.084000e+01 0.000000e+00 0.000000e+00
4.085000e+01 0.000000e+00 0.000000e+00
4.086000e+01 0.000000e+00 0.000000e+00
4.087000e+01 0.000000e+00 0.000000e+00
4.088000e+01 0.000000e+00 0.000000e+00
4.089000e+01 0.000000e+00 0.000000e+00
4.090000e+01 0.000000e+00 0.000000e+00
4.091000e+01 0.000000e+00 0.000000e+00
4.092000e+01 0.000000e+00 0.000000e+00
4.093000e+01 0.000000e+00 0.000000e+00
4.094000e+01 0.000000e+00 0.000000e+00
4.095000e+01 0.000000e+00 0.000000e+00
4.096000e+01 0.000000e+00 0.000000e+00
4.097000e+01 0.000000e+00 0.000000e+00
4.098000e+01 0.000000e+00 0.000000e+00
4.099000e+01 0.000000e+00 0.000000e+00
4.100000e+01 0.000000e+00 0.000000e+00
4.101000e+01 0.000000e+00 0.000000e+00
4.102000e+01 0.000000e+00 0.000000e+00
4.103000e+01 0.000000e+00 0.000000e+00
4.104000e+01 0.000000e+00 0.000000e+00
4.105000e+01 0.000000e+00 0.000000e+00
4.106000e+01 0.000000e+00 0.000000e+00
4.107000e+01 0.000000e+00 0.000000e+00
4.108000e+01 0.000000e+00 0.000000e+00
4.109000e+01 0.000000e+00 0.000000e+00
4.110000e+01 0.000000e+00 0.000000e+00
4.111000e+01 0.000000e+00 0.000000e+00
4.112000e+01 0.000000e+00 0.000000e+00
4.113000e+01 0.000000e+00 0.000000e+00
4.114000e+01 0.000000e+00 0.000000e+00
4.115000e+01 0.000000e+00 0.000000e+00
4.116000e+01 0.000000e+00 0.000000e+00
4.117000e+01 0.000000e+00 0.000000e+00
4.118000e+01 0.000000e+00 0.000000e+00
4.119000e+01 0.000000e+00 0.000000e+00
4.120000e+01 0.000000e+00 0.000000e+00
4.121000e+01 0.000000e+00 0.000000e+00
4.122000e+01 0.000000e+00 0.000000e+00
4.123000e+01 0.000000e+00 0.000000e+00
4.124000e+01 0.000000e+00 0.000000e+00
4.125000e+01 0.000000e+00 0.000000e+00
4.126000e+01 0.000000e+00 0.000000e+00
4.127000e+01 0.000000e+00 0.000000e+00
4.128000e+01 0.000000e+00 0.000000e+00
4.129000e+01 0.000000e+00 0.000000e+00
4.130000e+01 0.000000e+00 0.000000e+00
4.131000e+01 0.000000e+00 0.000000e+00
4.132000e+01 0.000000e+00 0.000000e+00
4.133000e+01 0.000000e+00 0.000000e+00
4.134000e+01 0.000000e+00 0.000000e+00
4.135000e+01 0.000000e+00 0.000000e+00
4.136000e+01 0.000000e+00 0.000000e+00
4.137000e+01 0.000000e+00 0.000000e+00
4.138000e+01 0.000000e+00 0.000000e+00
4.139000e+01 0.000000e+00 0.000000e+00
4.140000e+01 0.000000e+00 0.000000e+00
4.141000e+01 0.000000e+00 0.000000e+00
4.142000e+01 0.000000e+00 0.000000e+00
4.143000e+01 0.000000e+00 0.000000e+00
4.144000e+01 0.000000e+00 0.000000e+00
4.145000e+01 0.000000e+00 0.000000e+00
4.146000e+01 0.000000e+00 0.000000e+00
4.147000e+01 0.000000e+00 0.000000e+00
4.148000e+01 0.000000e+00 0.000000e+00
4.149000e+01 0.000000e+00 0.000000e+00
4.150000e+01 0.000000e+00 0.000000e+00
4.151000e+01 0.000000e+00 0.000000e+00
4.152000e+01 0.000000e+00 0.000000e+00
4.153000e+01 0.000000e+00 0.000000e+00
4.154000e+01 0.000000e+00 0.000000e+00
4.155000e+01 0.000000e+00 0.000000e+00
4.156000e+01 0.000000e+00 0.000000e+00
4.157000e+01 0.000000e+00 0.000000e+00
4.158000e+01 0.000000e+00 0.000000e+00
4.159000e+01 0.000000e+00 0.000000e+00
4.160000e+01 0.000000e+00 0.000000e+00
4.161000e+01 0.000000e+00 0.000000e+00
4.162000e+01 0.000000e+00 0.000000e+00
4.163000e+01 0.000000e+00 0.000000e+00
4.164000e+01 0.000000e+00 0.000000e+00
4.165000e+01 0.000000e+00 0.000000e+00
4.166000e+01 0.000000e+00 0.000000e+00
4.167000e+01 0.000000e+00 0.000000e+00
4.168000e+01 0.000000e+00 0.000000e+00
4.169000e+01 0.000000e+00 0.000000e+00
4.170000e+01 0.000000e+00 0.000000e+00
4.171000e+01 0.000000e+00 0.000000e+00
4.172000e+01 0.000000e+00 0.000000e+00
4.173000e+01 0.000000e+00 0.000000e+00
4.174000e+01 0.000000e+00 0.000000e+00
4.175000e+01 0.000000e+00 0.000000e+00
4.176000e+01 0.000000e+00 0.000000e+00
4.177000e+01 0.000000e+00 0.000000e+00
4.178000e+01 0.000000e+00 0.000000e+00
4.179000e+01 0.000000e+00 0.000000e+00
4.180000e+01 0.000000e+00 0.000000e+00
4.181000e+01 0.000000e+00 0.000000e+00
4.182000e+01 0.000000e+00 0.000000e+00
4.183000e+01 0.000000e+00 0.000000e+00
4.184000e+01 0.000000e+00 0.000000e+00
4.185000e+01 0.000000e+00 0.000000e+00
4.186000e+01 0.000000e+00 0.000000e+00
4.187000e+01 0.000000e+00 0.000000e+00
4.188000e+01 0.000000e+00 0.000000e+00
4.189000e+01 0.000000e+00 0.000000e+00
4.190000e+01 0.000000e+00 0.000000e+00
4.191000e+01 0.000000e+00 0.000000e+00
4.192000e+01 0.000000e+00 0.000000e+00
4.193000e+01 0.000000e+00 0.000000e+00
4.194000e+01 0.000000e+00 0.000000e+00
4.195000e+01 0.000000e+00 0.000000e+00
4.196000e+01 0.000000e+00 0.000000e+00
4.197000e+01 0.000000e+00 0.000000e+00
4.198000e+01 0.000000e+00 0.000000e+00
4.199000e+01 0.000000e+00 0.000000e+00
4.200000e+01 0.000000e+00 0.000000e+00
4.201000e+01 0.000000e+00 0.000000e+00
4.202000e+01 0.000000e+00 0.000000e+00
4.203000e+01 0.000000e+00 0.000000e+00
4.204000e+01 0.000000e+00 0.000000e+00
4.205000e+01 0.000000e+00 0.000000e+00
4.206000e+01 0.000000e+00 0.000000e+00
4.207000e+01 0.000000e+00 0.000000e+00
4.208000e+01 0.000000e+00 0.000000e+00
4.209000e+01 0.000000e+00 0.000000e+00
4.210000e+01 0.000000e+00 0.000000e+00
4.211000e+01 0.000000e+00 0.000000e+00
4.212000e+01 0.000000e+00 0.000000e+00
4.213000e+01 0.000000e+00 0.000000e+00
4.214000e+01 0.000000e+00 0.000000e+00
4.215000e+01 0.000000e+00 0.000000e+00
4.216000e+01 0.000000e+00 0.000000e+00
4.217000e+01 0.000000e+00 0.000000e+00
4.218000e+01 0.000000e+00 0.000000e+00
4.219000e+01 0.000000e+00 0.000000e+00
4.220000e+01 0.000000e+00 0.000000e+00
4.221000e+01 0.000000e+00 0.000000e+00
4.222000e+01 0.000000e+00 0.000000e+00
4.223000e+01 0.000000e+00 0.000000e+00
4.224000e+01 0.000000e+00 0.000000e+00
4.225000e+01 0.000000e+00 0.000000e+00
4.226000e+01 0.000000e+00 0.000000e+00
4.227000e+01 0.000000e+00 0.000000e+00
4.228000e+01 0.000000e+00 0.000000e+00
4.229000e+01 0.000000e+00 0.000000e+00
4.230000e+01 0.000000e+00 0.000000e+00
4.231000e+01 0.000000e+00 0.000000e+00
4.232000e+01 0.000000e+00 0.000000e+00
4.233000e+01 0.000000e+00 0.000000e+00
4.234000e+01 0.000000e+00 0.000000e+00
4.235000e+01 0.000000e+00 0.000000e+00
4.236000e+01 0.000000e+00 0.000000e+00
4.237000e+01 0.000000e+00 0.000000e+00
4.238000e+01 0.000000e+00 0.000000e+00
4.239000e+01 0.000000e+00 0.000000e+00
4.240000e+01 0.000000e+00 0.000000e+00
4.241000e+01 0.000000e+00 0.000000e+00
4.242000e+01 0.000000e+00 0.000000e+00
4.243000e+01 0.000000e+00 0.000000e+00
4.244000e+01 0.000000e+00 0.000000e+00
4.245000e+01 0.000000e+00 0.000000e+00
4.246000e+01 0.000000e+00 0.000000e+00
4.247000e+01 0.000000e+00 0.000000e+00
4.248000e+01 0.000000e+00 0.000000e+00
4.249000e+01 0.000000e+00 0.000000e+00
4.250000e+01 0.000000e+00 0.000000e+00
4.251000e+01 0.000000e+00 0.000000e+00
4.252000e+01 0.000000e+00 0.000000e+00
4.253000e+01 0.000000e+00 0.000000e+00
4.254000e+01 0.000000e+00 0.000000e+00
4.255000e+01 0.000000e+00 0.000000e+00
4.256000e+01 0.000000e+00 0.000000e+00
4.257000e+01 0.000000e+00 0.000000e+00
4.258000e+01 0.000000e+00 0.000000e+00
4.259000e+01 0.000000e+00 0.000000e+00
4.260000e+01 0.000000e+00 0.000000e+00
4.261000e+01 0.000000e+00 0.000000e+00
4.262000e+01 0.000000e+00 0.000000e+00
4.263000e+01 0.000000e+00 0.000000e+00
4.264000e+01 0.000000e+00 0.000000e+00
4.265000e+01 0.000000e+00 0.000000e+00
4.266000e+01 0.000000e+00 0.000000e+00
4.267000e+01 0.000000e+00 0.000000e+00
4.268000e+01 0.000000e+00 0.000000e+00
4.269000e+01 0.000000e+00 0.000000e+00
4.270000e+01 0.000000e+00 0.000000e+00
4.271000e+01 0.000000e+00 0.000000e+00
4.272000e+01 0.000000e+00 0.000000e+00
4.273000e+01 0.000000e+00 0.000000e+00
4.274000e+01 0.000000e+00 0.000000e+00
4.275000e+01 0.000000e+00 0.000000e+00
4.276000e+01 0.000000e+00 0.000000e+00
4.277000e+01 0.000000e+00 0.000000e+00
4.278000e+01 0.000000e+00 0.000000e+00
4.279000e+01 0.000000e+00 0.000000e+00
4.280000e+01 0.000000e+00 0.000000e+00
4.281000e+01 0.000000e+00 0.000000e+00
4.282000e+01 0.000000e+00 0.000000e+00
4.283000e+01 0.000000e+00 0.000000e+00
4.284000e+01 0.000000e+00 0.000000e+00
4.285000e+01 0.000000e+00 0.000000e+00
4.286000e+01 0.000000e+00 0.000000e+00
4.287000e+01 0.000000e+00 0.000000e+00
4.288000e+01 0.000000e+00 0.000000e+00
4.289000e+01 0.000000e+00 0.000000e+00
4.290000e+01 0.000000e+00 0.000000e+00
4.291000e+01 0.000000e+00 0.000000e+00
4.292000e+01 0.000000e+00 0.000000e+00
4.293000e+01 0.000000e+00 0.000000e+00
4.294000e+01 0.000000e+00 0.000000e+00
4.295000e+01 0.000000e+00 0.000000e+00
4.296000e+01 0.000000e+00 0.000000e+00
4.297000e+01 0.000000e+00 0.000000e+00
4.298000e+01 0.000000e+00 0.000000e+00
4.299000e+01 0.000000e+00 0.000000e+00
4.300000e+01 0.000000e+00 0.000000e+00
4.301000e+01 0.000000e+00 0.000000e+00
4.302000e+01 0.000000e+00 0.000000e+00
4.303000e+01 0.000000e+00 0.000000e+00
4.304000e+01 0.000000e+00 0.000000e+00
4.305000e+01 0.000000e+00 0.000000e+00
4.306000e+01 0.000000e+00 0.000000e+00
4.307000e+01 0.000000e+00 0.000000e+00
4.308000e+01 0.000000e+00 0.000000e+00
4.309000e+01 0.000000e+00 0.000000e+00
4.310000e+01 0.000000e+00 0.000000e+00
4.311000e+01 0.000000e+00 0.000000e+00
4.312000e+01 0.000000e+00 0.000000e+00
4.313000e+01 0.000000e+00 0.000000e+00
4.314000e+01 0.000000e+00 0.000000e+00
4.315000e+01 0.000000e+00 0.000000e+00
4.316000e+01 0.000000e+00 0.000000e+00
4.317000e+01 0.000000e+00 0.000000e+00
4.318000e+01 0.000000e+00 0.000000e+00
4.319000e+01 0.000000e+00 0.000000e+00
4.320000e+01 0.000000e+00 0.000000e+00
4.321000e+01 0.000000e+00 0.000000e+00
4.322000e+01 0.000000e+00 0.000000e+00
4.323000e+01 0.000000e+00 0.000000e+00
4.324000e+01 0.000000e+00 0.000000e+00
4.325000e+01 0.000000e+00 0.000000e+00
4.326000e+01 0.000000e+00 0.000000e+00
4.327000e+01 0.000000e+00 0.000000e+00
4.328000e+01 0.000000e+00 0.000000e+00
4.329000e+01 0.000000e+00 0.000000e+00
4.330000e+01 0.000000e+00 0.000000e+00
4.331000e+01 0.000000e+00 0.000000e+00
4.332000e+01 0.000000e+00 0.000000e+00
4.333000e+01 0.000000e+00 0.000000e+00
4.334000e+01 0.000000e+00 0.000000e+00
4.335000e+01 0.000000e+00 0.000000e+00
4.336000e+01 0.000000e+00 0.000000e+00
4.337000e+01 0.000000e+00 0.000000e+00
4.338000e+01 0.000000e+00 0.000000e+00
4.339000e+01 0.000000e+00 0.000000e+00
4.340000e+01 0.000000e+00 0.000000e+00
4.341000e+01 0.000000e+00 0.000000e+00
4.342000e+01 0.000000e+00 0.000000e+00
4.343000e+01 0.000000e+00 0.000000e+00
4.344000e+01 0.000000e+00 0.000000e+00
4.345000e+01 0.000000e+00 0.000000e+00
4.346000e+01 0.000000e+00 0.000000e+00
4.347000e+01 0.000000e+00 0.000000e+00
4.348000e+01 0.000000e+00 0.000000e+00
4.349000e+01 0.000000e+00 0.000000e+00
4.350000e+01 0.000000e+00 0.000000e+00
4.351000e+01 0.000000e+00 0.000000e+00
4.352000e+01 0.000000e+00 0.000000e+00
4.353000e+01 0.000000e+00 0.000000e+00
4.354000e+01 0.000000e+00 0.000000e+00
4.355000e+01 0.000000e+00 0.000000e+00
4.356000e+01 0.000000e+00 0.000000e+00
4.357000e+01 0.000000e+00 0.000000e+00
4.358000e+01 0.000000e+00 0.000000e+00
4.359000e+01 0.000000e+00 0.000000e+00
4.360000e+01 0.000000e+00 0.000000e+00
4.361000e+01 0.000000e+00 0.000000e+00
4.362000e+01 0.000000e+00 0.000000e+00
4.363000e+01 0.000000e+00 0.000000e+00
4.364000e+01 0.000000e+00 0.000000e+00
4.365000e+01 0.000000e+00 0.000000e+00
4.366000e+01 0.000000e+00 0.000000e+00
4.367000e+01 0.000000e+00 0.000000e+00
4.368000e+01 0.000000e+00 0.000000e+00
4.369000e+01 0.000000e+00 0.000000e+00
4.370000e+01 0.000000e+00 0.000000e+00
4.371000e+01 0.000000e+00 0.000000e+00
4.372000e+01 0.000000e+00 0.000000e+00
4.373000e+01 0.000000e+00 0.000000e+00
4.374000e+01 0.000000e+00 0.000000e+00
4.375000e+01 0.000000e+00 0.000000e+00
4.376000e+01 0.000000e+00 0.000000e+00
4.377000e+01 0.000000e+00 0.000000e+00
4.378000e+01 0.000000e+00 0.000000e+00
4.379000e+01 0.000000e+00 0.000000e+00
4.380000e+01 0.000000e+00 0.000000e+00
4.381000e+01 0.000000e+00 0.000000e+00
4.382000e+01 0.000000e+00 0.000000e+00
4.383000e+01 0.000000e+00 0.000000e+00
4.384000e+01 0.000000e+00 0.000000e+00
4.385000e+01 0.000000e+00 0.000000e+00
4.386000e+01 0.000000e+00 0.000000e+00
4.387000e+01 0.000000e+00 0.000000e+00
4.388000e+01 0.000000e+00 0.000000e+00
4.389000e+01 0.000000e+00 0.000000e+00
4.390000e+01 0.000000e+00 0.000000e+00
4.391000e+01 0.000000e+00 0.000000e+00
4.392000e+01 0.000000e+00 0.000000e+00
4.393000e+01 0.000000e+00 0.000000e+00
4.394000e+01 0.000000e+00 0.000000e+00
4.395000e+01 0.000000e+00 0.000000e+00
4.396000e+01 0.000000e+00 0.000000e+00
4.397000e+01 0.000000e+00 0.000000e+00
4.398000e+01 0.000000e+00 0.000000e+00
4.399000e+01 0.000000e+00 0.000000e+00
4.400000e+01 0.000000e+00 0.000000e+00
4.401000e+01 0.000000e+00 0.000000e+00
4.402000e+01 0.000000e+00 0.000000e+00
4.403000e+01 0.000000e+00 0.000000e+00
4.404000e+01 0.000000e+00 0.000000e+00
4.405000e+01 0.000000e+00 0.000000e+00
4.406000e+01 0.000000e+00 0.000000e+00
4.407000e+01 0.000000e+00 0.000000e+00
4.408000e+01 0.000000e+00 0.000000e+00
4.409000e+01 0.000000e+00 0.000000e+00
4.410000e+01 0.000000e+00 0.000000e+00
4.411000e+01 0.000000e+00 0.000000e+00
4.412000e+01 0.000000e+00 0.000000e+00
4.413000e+01 0.000000e+00 0.000000e+00
4.414000e+01 0.000000e+00 0.000000e+00
4.415000e+01 0.000000e+00 0.000000e+00
4.416000e+01 0.000000e+00 0.000000e+00
4.417000e+01 0.000000e+00 0.000000e+00
4.418000e+01 0.000000e+00 0.000000e+00
4.419000e+01 0.000000e+00 0.000000e+00
4.420000e+01 0.000000e+00 0.000000e+00
4.421000e+01 0.000000e+00 0.000000e+00
4.422000e+01 0.000000e+00 0.000000e+00
4.423000e+01 0.000000e+00 0.000000e+00
4.424000e+01 0.000000e+00 0.000000e+00
4.425000e+01 0.000000e+00 0.000000e+00
4.426000e+01 0.000000e+00 0.000000e+00
4.427000e+01 0.000000e+00 0.000000e+00
4.428000e+01 0.000000e+00 0.000000e+00
4.429000e+01 0.000000e+00 0.000000e+00
4.430000e+01 0.000000e+00 0.000000e+00
4.431000e+01 0.000000e+00 0.000000e+00
4.432000e+01 0.000000e+00 0.000000e+00
4.433000e+01 0.000000e+00 0.000000e+00
4.434000e+01 0.000000e+00 0.000000e+00
4.435000e+01 0.000000e+00 0.000000e+00
4.436000e+01 0.000000e+00 0.000000e+00
4.437000e+01 0.000000e+00 0.000000e+00
4.438000e+01 0.000000e+00 0.000000e+00
4.439000e+01 0.000000e+00 0.000000e+00
4.440000e+01 0.000000e+00 0.000000e+00
4.441000e+01 0.000000e+00 0.000000e+00
4.442000e+01 0.000000e+00 0.000000e+00
4.443000e+01 0.000000e+00 0.000000e+00
4.444000e+01 0.000000e+00 0.000000e+00
4.445000e+01 0.000000e+00 0.000000e+00
4.446000e+01 0.000000e+00 0.000000e+00
4.447000e+01 0.000000e+00 0.000000e+00
4.448000e+01 0.000000e+00 0.000000e+00
4.449000e+01 0.000000e+00 0.000000e+00
4.450000e+01 0.000000e+00 0.000000e+00
4.451000e+01 0.000000e+00 0.000000e+00
4.452000e+01 0.000000e+00 0.000000e+00
4.453000e+01 0.000000e+00 0.000000e+00
4.454000e+01 0.000000e+00 0.000000e+00
4.455000e+01 0.000000e+00 0.000000e+00
4.456000e+01 0.000000e+00 0.000000e+00
4.457000e+01 0.000000e+00 0.000000e+00
4.458000e+01 0.000000e+00 0.000000e+00
4.459000e+01 0.000000e+00 0.000000e+00
4.460000e+01 0.000000e+00 0.000000e+00
4.461000e+01 0.000000e+00 0.000000e+00
4.462000e+01 0.000000e+00 0.000000e+00
4.463000e+01 0.000000e+00 0.000000e+00
4.464000e+01 0.000000e+00 0.000000e+00
4.465000e+01 0.000000e+00 0.000000e+00
4.466000e+01 0.000000e+00 0.000000e+00
4.467000e+01 0.000000e+00 0.000000e+00
4.468000e+01 0.000000e+00 0.000000e+00
4.469000e+01 0.000000e+00 0.000000e+00
4.470000e+01 0.000000e+00 0.000000e+00
4.471000e+01 0.000000e+00 0.000000e+00
4.472000e+01 0.000000e+00 0.000000e+00
4.473000e+01 0.000000e+00 0.000000e+00
4.474000e+01 0.000000e+00 0.000000e+00
4.475000e+01 0.000000e+00 0.000000e+00
4.476000e+01 0.000000e+00 0.000000e+00
4.477000e+01 0.000000e+00 0.000000e+00
4.478000e+01 0.000000e+00 0.000000e+00
4.479000e+01 0.000000e+00 0.000000e+00
4.480000e+01 0.000000e+00 0.000000e+00
4.481000e+01 0.000000e+00 0.000000e+00
4.482000e+01 0.000000e+00 0.000000e+00
4.483000e+01 0.000000e+00 0.000000e+00
4.484000e+01 0.000000e+00 0.000000e+00
4.485000e+01 0.000000e+00 0.000000e+00
4.486000e+01 0.000000e+00 0.000000e+00
4.487000e+01 0.000000e+00 0.000000e+00
4.488000e+01 0.000000e+00 0.000000e+00
4.489000e+01 0.000000e+00 0.000000e+00
4.490000e+01 0.000000e+00 0.000000e+00
4.491000e+01 0.000000e+00 0.000000e+00
4.492000e+01 0.000000e+00 0.000000e+00
4.493000e+01 0.000000e+00 0.000000e+00
4.494000e+01 0.000000e+00 0.000000e+00
4.495000e+01 0.000000e+00 0.000000e+00
4.496000e+01 0.000000e+00 0.000000e+00
4.497000e+01 0.000000e+00 0.000000e+00
4.498000e+01 0.000000e+00 0.000000e+00
4.499000e+01 0.000000e+00 0.000000e+00
4.500000e+01 0.000000e+00 0.000000e+00
4.501000e+01 0.000000e+00 0.000000e+00
4.502000e+01 0.000000e+00 0.000000e+00
4.503000e+01 0.000000e+00 0.000000e+00
4.504000e+01 0.000000e+00 0.000000e+00
4.505000e+01 0.000000e+00 0.000000e+00
4.506000e+01 0.000000e+00 0.000000e+00
4.507000e+01 0.000000e+00 0.000000e+00
4.508000e+01 0.000000e+00 0.000000e+00
4.509000e+01 0.000000e+00 0.000000e+00
4.510000e+01 0.000000e+00 0.000000e+00
4.511000e+01 0.000000e+00 0.000000e+00
4.512000e+01 0.000000e+00 0.000000e+00
4.513000e+01 0.000000e+00 0.000000e+00
4.514000e+01 0.000000e+00 0.000000e+00
4.515000e+01 0.000000e+00 0.000000e+00
4.516000e+01 0.000000e+00 0.000000e+00
4.517000e+01 0.000000e+00 0.000000e+00
4.518000e+01 0.000000e+00 0.000000e+00
4.519000e+01 0.000000e+00 0.000000e+00
4.520000e+01 0.000000e+00 0.000000e+00
4.521000e+01 0.000000e+00 0.000000e+00
4.522000e+01 0.000000e+00 0.000000e+00
4.523000e+01 0.000000e+00 0.000000e+00
4.524000e+01 0.000000e+00 0.000000e+00
4.525000e+01 0.000000e+00 0.000000e+00
4.526000e+01 0.000000e+00 0.000000e+00
4.527000e+01 0.000000e+00 0.000000e+00
4.528000e+01 0.000000e+00 0.000000e+00
4.529000e+01 0.000000e+00 0.000000e+00
4.530000e+01 0.000000e+00 0.000000e+00
4.531000e+01 0.000000e+00 0.000000e+00
4.532000e+01 0.000000e+00 0.000000e+00
4.533000e+01 0.000000e+00 0.000000e+00
4.534000e+01 0.000000e+00 0.000000e+00
4.535000e+01 0.000000e+00 0.000000e+00
4.536000e+01 0.000000e+00 0.000000e+00
4.537000e+01 0.000000e+00 0.000000e+00
4.538000e+01 0.000000e+00 0.000000e+00
4.539000e+01 0.000000e+00 0.000000e+00
4.540000e+01 0.000000e+00 0.000000e+00
4.541000e+01 0.000000e+00 0.000000e+00
4.542000e+01 0.000000e+00 0.000000e+00
4.543000e+01 0.000000e+00 0.000000e+00
4.544000e+01 0.000000e+00 0.000000e+00
4.545000e+01 0.000000e+00 0.000000e+00
4.546000e+01 0.000000e+00 0.000000e+00
4.547000e+01 0.000000e+00 0.000000e+00
4.548000e+01 0.000000e+00 0.000000e+00
4.549000e+01 0.000000e+00 0.000000e+00
4.550000e+01 0.000000e+00 0.000000e+00
4.551000e+01 0.000000e+00 0.000000e+00
4.552000e+01 0.000000e+00 0.000000e+00
4.553000e+01 0.000000e+00 0.000000e+00
4.554000e+01 0.000000e+00 0.000000e+00
4.555000e+01 0.000000e+00 0.000000e+00
4.556000e+01 0.000000e+00 0.000000e+00
4.557000e+01 0.000000e+00 0.000000e+00
4.558000e+01 0.000000e+00 0.000000e+00
4.559000e+01 0.000000e+00 0.000000e+00
4.560000e+01 0.000000e+00 0.000000e+00
4.561000e+01 0.000000e+00 0.000000e+00
4.562000e+01 0.000000e+00 0.000000e+00
4.563000e+01 0.000000e+00 0.000000e+00
4.564000e+01 0.000000e+00 0.000000e+00
4.565000e+01 0.000000e+00 0.000000e+00
4.566000e+01 0.000000e+00 0.000000e+00
4.567000e+01 0.000000e+00 0.000000e+00
4.568000e+01 0.000000e+00 0.000000e+00
4.569000e+01 0.000000e+00 0.000000e+00
4.570000e+01 0.000000e+00 0.000000e+00
4.571000e+01 0.000000e+00 0.000000e+00
4.572000e+01 0.000000e+00 0.000000e+00
4.573000e+01 0.000000e+00 0.000000e+00
4.574000e+01 0.000000e+00 0.000000e+00
4.575000e+01 0.000000e+00 0.000000e+00
4.576000e+01 0.000000e+00 0.000000e+00
4.577000e+01 0.000000e+00 0.000000e+00
4.578000e+01 0.000000e+00 0.000000e+00
4.579000e+01 0.000000e+00 0.000000e+00
4.580000e+01 0.000000e+00 0.000000e+00
4.581000e+01 0.000000e+00 0.000000e+00
4.582000e+01 0.000000e+00 0.000000e+00
4.583000e+01 0.000000e+00 0.000000e+00
4.584000e+01 0.000000e+00 0.000000e+00
4.585000e+01 0.000000e+00 0.000000e+00
4.586000e+01 0.000000e+00 0.000000e+00
4.587000e+01 0.000000e+00 0.000000e+00
4.588000e+01 0.000000e+00 0.000000e+00
4.589000e+01 0.000000e+00 0.000000e+00
4.590000e+01 0.000000e+00 0.000000e+00
4.591000e+01 0.000000e+00 0.000000e+00
4.592000e+01 0.000000e+00 0.000000e+00
4.593000e+01 0.000000e+00 0.000000e+00
4.594000e+01 0.000000e+00 0.000000e+00
4.595000e+01 0.000000e+00 0.000000e+00
4.596000e+01 0.000000e+00 0.000000e+00
4.597000e+01 0.000000e+00 0.000000e+00
4.598000e+01 0.000000e+00 0.000000e+00
4.599000e+01 0.000000e+00 0.000000e+00
4.600000e+01 0.000000e+00 0.000000e+00
4.601000e+01 0.000000e+00 0.000000e+00
4.602000e+01 0.000000e+00 0.000000e+00
4.603000e+01 0.000000e+00 0.000000e+00
4.604000e+01 0.000000e+00 0.000000e+00
4.605000e+01 0.000000e+00 0.000000e+00
4.606000e+01 0.000000e+00 0.000000e+00
4.607000e+01 0.000000e+00 0.000000e+00
4.608000e+01 0.000000e+00 0.000000e+00
4.609000e+01 0.000000e+00 0.000000e+00
4.610000e+01 0.000000e+00 0.000000e+00
4.611000e+01 0.000000e+00 0.000000e+00
4.612000e+01 0.000000e+00 0.000000e+00
4.613000e+01 0.000000e+00 0.000000e+00
4.614000e+01 0.000000e+00 0.000000e+00
4.615000e+01 0.000000e+00 0.000000e+00
4.616000e+01 0.000000e+00 0.000000e+00
4.617000e+01 0.000000e+00 0.000000e+00
4.618000e+01 0.000000e+00 0.000000e+00
4.619000e+01 0.000000e+00 0.000000e+00
4.620000e+01 0.000000e+00 0.000000e+00
4.621000e+01 0.000000e+00 0.000000e+00
4.622000e+01 0.000000e+00 0.000000e+00
4.623000e+01 0.000000e+00 0.000000e+00
4.624000e+01 0.000000e+00 0.000000e+00
4.625000e+01 0.000000e+00 0.000000e+00
4.626000e+01 0.000000e+00 0.000000e+00
4.627000e+01 0.000000e+00 0.000000e+00
4.628000e+01 0.000000e+00 0.000000e+00
4.629000e+01 0.000000e+00 0.000000e+00
4.630000e+01 0.000000e+00 0.000000e+00
4.631000e+01 0.000000e+00 0.000000e+00
4.632000e+01 0.000000e+00 0.000000e+00
4.633000e+01 0.000000e+00 0.000000e+00
4.634000e+01 0.000000e+00 0.000000e+00
4.635000e+01 0.000000e+00 0.000000e+00
4.636000e+01 0.000000e+00 0.000000e+00
4.637000e+01 0.000000e+00 0.000000e+00
4.638000e+01 0.000000e+00 0.000000e+00
4.639000e+01 0.000000e+00 0.000000e+00
4.640000e+01 0.000000e+00 0.000000e+00
4.641000e+01 0.000000e+00 0.000000e+00
4.642000e+01 0.000000e+00 0.000000e+00
4.643000e+01 0.000000e+00 0.000000e+00
4.644000e+01 0.000000e+00 0.000000e+00
4.645000e+01 0.000000e+00 0.000000e+00
4.646000e+01 0.000000e+00 0.000000e+00
4.647000e+01 0.000000e+00 0.000000e+00
4.648000e+01 0.000000e+00 0.000000e+00
4.649000e+01 0.000000e+00 0.000000e+00
4.650000e+01 0.000000e+00 0.000000e+00
4.651000e+01 0.000000e+00 0.000000e+00
4.652000e+01 0.000000e+00 0.000000e+00
4.653000e+01 0.000000e+00 0.000000e+00
4.654000e+01 0.000000e+00 0.000000e+00
4.655000e+01 0.000000e+00 0.000000e+00
4.656000e+01 0.000000e+00 0.000000e+00
4.657000e+01 0.000000e+00 0.000000e+00
4.658000e+01 0.000000e+00 0.000000e+00
4.659000e+01 0.000000e+00 0.000000e+00
4.660000e+01 0.000000e+00 0.000000e+00
4.661000e+01 0.000000e+00 0.000000e+00
4.662000e+01 0.000000e+00 0.000000e+00
4.663000e+01 0.000000e+00 0.000000e+00
4.664000e+01 0.000000e+00 0.000000e+00
4.665000e+01 0.000000e+00 0.000000e+00
4.666000e+01 0.000000e+00 0.000000e+00
4.667000e+01 0.000000e+00 0.000000e+00
4.668000e+01 0.000000e+00 0.000000e+00
4.669000e+01 0.000000e+00 0.000000e+00
4.670000e+01 0.000000e+00 0.000000e+00
4.671000e+01 0.000000e+00 0.000000e+00
4.672000e+01 0.000000e+00 0.000000e+00
4.673000e+01 0.000000e+00 0.000000e+00
4.674000e+01 0.000000e+00 0.000000e+00
4.675000e+01 0.000000e+00 0.000000e+00
4.676000e+01 0.000000e+00 0.000000e+00
4.677000e+01 0.000000e+00 0.000000e+00
4.678000e+01 0.000000e+00 0.000000e+00
4.679000e+01 0.000000e+00 0.000000e+00
4.680000e+01 0.000000e+00 0.000000e+00
4.681000e+01 0.000000e+00 0.000000e+00
4.682000e+01 0.000000e+00 0.000000e+00
4.683000e+01 0.000000e+00 0.000000e+00
4.684000e+01 0.000000e+00 0.000000e+00
4.685000e+01 0.000000e+00 0.000000e+00
4.686000e+01 0.000000e+00 0.000000e+00
4.687000e+01 0.000000e+00 0.000000e+00
4.688000e+01 0.000000e+00 0.000000e+00
4.689000e+01 0.000000e+00 0.000000e+00
4.690000e+01 0.000000e+00 0.000000e+00
4.691000e+01 0.000000e+00 0.000000e+00
4.692000e+01 0.000000e+00 0.000000e+00
4.693000e+01 0.000000e+00 0.000000e+00
4.694000e+01 0.000000e+00 0.000000e+00
4.695000e+01 0.000000e+00 0.000000e+00
4.696000e+01 0.000000e+00 0.000000e+00
4.697000e+01 0.000000e+00 0.000000e+00
4.698000e+01 0.000000e+00 0.000000e+00
4.699000e+01 0.000000e+00 0.000000e+00
4.700000e+01 0.000000e+00 0.000000e+00
4.701000e+01 0.000000e+00 0.000000e+00
4.702000e+01 0.000000e+00 0.000000e+00
4.703000e+01 0.000000e+00 0.000000e+00
4.704000e+01 0.000000e+00 0.000000e+00
4.705000e+01 0.000000e+00 0.000000e+00
4.706000e+01 0.000000e+00 0.000000e+00
4.707000e+01 0.000000e+00 0.000000e+00
4.708000e+01 0.000000e+00 0.000000e+00
4.709000e+01 0.000000e+00 0.000000e+00
4.710000e+01 0.000000e+00 0.000000e+00
4.711000e+01 0.000000e+00 0.000000e+00
4.712000e+01 0.000000e+00 0.000000e+00
4.713000e+01 0.000000e+00 0.000000e+00
4.714000e+01 0.000000e+00 0.000000e+00
4.715000e+01 0.000000e+00 0.000000e+00
4.716000e+01 0.000000e+00 0.000000e+00
4.717000e+01 0.000000e+00 0.000000e+00
4.718000e+01 0.000000e+00 0.000000e+00
4.719000e+01 0.000000e+00 0.000000e+00
4.720000e+01 0.000000e+00 0.000000e+00
4.721000e+01 0.000000e+00 0.000000e+00
4.722000e+01 0.000000e+00 0.000000e+00
4.723000e+01 0.000000e+00 0.000000e+00
4.724000e+01 0.000000e+00 0.000000e+00
4.725000e+01 0.000000e+00 0.000000e+00
4.726000e+01 0.000000e+00 0.000000e+00
4.727000e+01 0.000000e+00 0.000000e+00
4.728000e+01 0.000000e+00 0.000000e+00
4.729000e+01 0.000000e+00 0.000000e+00
4.730000e+01 0.000000e+00 0.000000e+00
4.731000e+01 0.000000e+00 0.000000e+00
4.732000e+01 0.000000e+00 0.000000e+00
4.733000e+01 0.000000e+00 0.000000e+00
4.734000e+01 0.000000e+00 0.000000e+00
4.735000e+01 0.000000e+00 0.000000e+00
4.736000e+01 0.000000e+00 0.000000e+00
4.737000e+01 0.000000e+00 0.000000e+00
4.738000e+01 0.000000e+00 0.000000e+00
4.739000e+01 0.000000e+00 0.000000e+00
4.740000e+01 0.000000e+00 0.000000e+00
4.741000e+01 0.000000e+00 0.000000e+00
4.742000e+01 0.000000e+00 0.000000e+00
4.743000e+01 0.000000e+00 0.000000e+00
4.744000e+01 0.000000e+00 0.000000e+00
4.745000e+01 0.000000e+00 0.000000e+00
4.746000e+01 0.000000e+00 0.000000e+00
4.747000e+01 0.000000e+00 0.000000e+00
4.748000e+01 0.000000e+00 0.000000e+00
4.749000e+01 0.000000e+00 0.000000e+00
4.750000e+01 0.000000e+00 0.000000e+00
4.751000e+01 0.000000e+00 0.000000e+00
4.752000e+01 0.000000e+00 0.000000e+00
4.753000e+01 0.000000e+00 0.000000e+00
4.754000e+01 0.000000e+00 0.000000e+00
4.755000e+01 0.000000e+00 0.000000e+00
4.756000e+01 0.000000e+00 0.000000e+00
4.757000e+01 0.000000e+00 0.000000e+00
4.758000e+01 0.000000e+00 0.000000e+00
4.759000e+01 0.000000e+00 0.000000e+00
4.760000e+01 0.000000e+00 0.000000e+00
4.761000e+01 0.000000e+00 0.000000e+00
4.762000e+01 0.000000e+00 0.000000e+00
4.763000e+01 0.000000e+00 0.000000e+00
4.764000e+01 0.000000e+00 0.000000e+00
4.765000e+01 0.000000e+00 0.000000e+00
4.766000e+01 0.000000e+00 0.000000e+00
4.767000e+01 0.000000e+00 0.000000e+00
4.768000e+01 0.000000e+00 0.000000e+00
4.769000e+01 0.000000e+00 0.000000e+00
4.770000e+01 0.000000e+00 0.000000e+00
4.771000e+01 0.000000e+00 0.000000e+00
4.772000e+01 0.000000e+00 0.000000e+00
4.773000e+01 0.000000e+00 0.000000e+00
4.774000e+01 0.000000e+00 0.000000e+00
4.775000e+01 0.000000e+00 0.000000e+00
4.776000e+01 0.000000e+00 0.000000e+00
4.777000e+01 0.000000e+00 0.000000e+00
4.778000e+01 0.000000e+00 0.000000e+00
4.779000e+01 0.000000e+00 0.000000e+00
4.780000e+01 0.000000e+00 0.000000e+00
4.781000e+01 0.000000e+00 0.000000e+00
4.782000e+01 0.000000e+00 0.000000e+00
4.783000e+01 0.000000e+00 0.000000e+00
4.784000e+01 0.000000e+00 0.000000e+00
4.785000e+01 0.000000e+00 0.000000e+00
4.786000e+01 0.000000e+00 0.000000e+00
4.787000e+01 0.000000e+00 0.000000e+00
4.788000e+01 0.000000e+00 0.000000e+00
4.789000e+01 0.000000e+00 0.000000e+00
4.790000e+01 0.000000e+00 0.000000e+00
4.791000e+01 0.000000e+00 0.000000e+00
4.792000e+01 0.000000e+00 0.000000e+00
4.793000e+01 0.000000e+00 0.000000e+00
4.794000e+01 0.000000e+00 0.000000e+00
4.795000e+01 0.000000e+00 0.000000e+00
4.796000e+01 0.000000e+00 0.000000e+00
4.797000e+01 0.000000e+00 0.000000e+00
4.798000e+01 0.000000e+00 0.000000e+00
4.799000e+01 0.000000e+00 0.000000e+00
4.800000e+01 0.000000e+00 0.000000e+00
4.801000e+01 0.000000e+00 0.000000e+00
4.802000e+01 0.000000e+00 0.000000e+00
4.803000e+01 0.000000e+00 0.000000e+00
4.804000e+01 0.000000e+00 0.000000e+00
4.805000e+01 0.000000e+00 0.000000e+00
4.806000e+01 0.000000e+00 0.000000e+00
4.807000e+01 0.000000e+00 0.000000e+00
4.808000e+01 0.000000e+00 0.000000e+00
4.809000e+01 0.000000e+00 0.000000e+00
4.810000e+01 0.000000e+00 0.000000e+00
4.811000e+01 0.000000e+00 0.000000e+00
4.812000e+01 0.000000e+00 0.000000e+00
4.813000e+01 0.000000e+00 0.000000e+00
4.814000e+01 0.000000e+00 0.000000e+00
4.815000e+01 0.000000e+00 0.000000e+00
4.816000e+01 0.000000e+00 0.000000e+00
4.817000e+01 0.000000e+00 0.000000e+00
4.818000e+01 0.000000e+00 0.000000e+00
4.819000e+01 0.000000e+00 0.000000e+00
4.820000e+01 0.000000e+00 0.000000e+00
4.821000e+01 0.000000e+00 0.000000e+00
4.822000e+01 0.000000e+00 0.000000e+00
4.823000e+01 0.000000e+00 0.000000e+00
4.824000e+01 0.000000e+00 0.000000e+00
4.825000e+01 0.000000e+00 0.000000e+00
4.826000e+01 0.000000e+00 0.000000e+00
4.827000e+01 0.000000e+00 0.000000e+00
4.828000e+01 0.000000e+00 0.000000e+00
4.829000e+01 0.000000e+00 0.000000e+00
4.830000e+01 0.000000e+00 0.000000e+00
4.831000e+01 0.000000e+00 0.000000e+00
4.832000e+01 0.000000e+00 0.000000e+00
4.833000e+01 0.000000e+00 0.000000e+00
4.834000e+01 0.000000e+00 0.000000e+00
4.835000e+01 0.000000e+00 0.000000e+00
4.836000e+01 0.000000e+00 0.000000e+00
4.837000e+01 0.000000e+00 0.000000e+00
4.838000e+01 0.000000e+00 0.000000e+00
4.839000e+01 0.000000e+00 0.000000e+00
4.840000e+01 0.000000e+00 0.000000e+00
4.841000e+01 0.000000e+00 0.000000e+00
4.842000e+01 0.000000e+00 0.000000e+00
4.843000e+01 0.000000e+00 0.000000e+00
4.844000e+01 0.000000e+00 0.000000e+00
4.845000e+01 0.000000e+00 0.000000e+00
4.846000e+01 0.000000e+00 0.000000e+00
4.847000e+01 0.000000e+00 0.000000e+00
4.848000e+01 0.000000e+00 0.000000e+00
4.849000e+01 0.000000e+00 0.000000e+00
4.850000e+01 0.000000e+00 0.000000e+00
4.851000e+01 0.000000e+00 0.000000e+00
4.852000e+01 0.000000e+00 0.000000e+00
4.853000e+01 0.000000e+00 0.000000e+00
4.854000e+01 0.000000e+00 0.000000e+00
4.855000e+01 0.000000e+00 0.000000e+00
4.856000e+01 0.000000e+00 0.000000e+00
4.857000e+01 0.000000e+00 0.000000e+00
4.858000e+01 0.000000e+00 0.000000e+00
4.859000e+01 0.000000e+00 0.000000e+00
4.860000e+01 0.000000e+00 0.000000e+00
4.861000e+01 0.000000e+00 0.000000e+00
4.862000e+01 0.000000e+00 0.000000e+00
4.863000e+01 0.000000e+00 0.000000e+00
4.864000e+01 0.000000e+00 0.000000e+00
4.865000e+01 0.000000e+00 0.000000e+00
4.866000e+01 0.000000e+00 0.000000e+00
4.867000e+01 0.000000e+00 0.000000e+00
4.868000e+01 0.000000e+00 0.000000e+00
4.869000e+01 0.000000e+00 0.000000e+00
4.870000e+01 0.000000e+00 0.000000e+00
4.871000e+01 0.000000e+00 0.000000e+00
4.872000e+01 0.000000e+00 0.000000e+00
4.873000e+01 0.000000e+00 0.000000e+00
4.874000e+01 0.000000e+00 0.000000e+00
4.875000e+01 0.000000e+00 0.000000e+00
4.876000e+01 0.000000e+00 0.000000e+00
4.877000e+01 0.000000e+00 0.000000e+00
4.878000e+01 0.000000e+00 0.000000e+00
4.879000e+01 0.000000e+00 0.000000e+00
4.880000e+01 0.000000e+00 0.000000e+00
4.881000e+01 0.000000e+00 0.000000e+00
4.882000e+01 0.000000e+00 0.000000e+00
4.883000e+01 0.000000e+00 0.000000e+00
4.884000e+01 0.000000e+00 0.000000e+00
4.885000e+01 0.000000e+00 0.000000e+00
4.886000e+01 0.000000e+00 0.000000e+00
4.887000e+01 0.000000e+00 0.000000e+00
4.888000e+01 0.000000e+00 0.000000e+00
4.889000e+01 0.000000e+00 0.000000e+00
4.890000e+01 0.000000e+00 0.000000e+00
4.891000e+01 0.000000e+00 0.000000e+00
4.892000e+01 0.000000e+00 0.000000e+00
4.893000e+01 0.000000e+00 0.000000e+00
4.894000e+01 0.000000e+00 0.000000e+00
4.895000e+01 0.000000e+00 0.000000e+00
4.896000e+01 0.000000e+00 0.000000e+00
4.897000e+01 0.000000e+00 0.000000e+00
4.898000e+01 0.000000e+00 0.000000e+00
4.899000e+01 0.000000e+00 0.000000e+00
4.900000e+01 0.000000e+00 0.000000e+00
4.901000e+01 0.000000e+00 0.000000e+00
4.902000e+01 0.000000e+00 0.000000e+00
4.903000e+01 0.000000e+00 0.000000e+00
4.904000e+01 0.000000e+00 0.000000e+00
4.905000e+01 0.000000e+00 0.000000e+00
4.906000e+01 0.000000e+00 0.000000e+00
4.907000e+01 0.000000e+00 0.000000e+00
4.908000e+01 0.000000e+00 0.000000e+00
4.909000e+01 0.000000e+00 0.000000e+00
4.910000e+01 0.000000e+00 0.000000e+00
4.911000e+01 0.000000e+00 0.000000e+00
4.912000e+01 0.000000e+00 0.000000e+00
4.913000e+01 0.000000e+00 0.000000e+00
4.914000e+01 0.000000e+00 0.000000e+00
4.915000e+01 0.000000e+00 0.000000e+00
4.916000e+01 0.000000e+00 0.000000e+00
4.917000e+01 0.000000e+00 0.000000e+00
4.918000e+01 0.000000e+00 0.000000e+00
4.919000e+01 0.000000e+00 0.000000e+00
4.920000e+01 0.000000e+00 0.000000e+00
4.921000e+01 0.000000e+00 0.000000e+00
4.922000e+01 0.000000e+00 0.000000e+00
4.923000e+01 0.000000e+00 0.000000e+00
4.924000e+01 0.000000e+00 0.000000e+00
4.925000e+01 0.000000e+00 0.000000e+00
4.926000e+01 0.000000e+00 0.000000e+00
4.927000e+01 0.000000e+00 0.000000e+00
4.928000e+01 0.000000e+00 0.000000e+00
4.929000e+01 0.000000e+00 0.000000e+00
4.930000e+01 0.000000e+00 0.000000e+00
4.931000e+01 0.000000e+00 0.000000e+00
4.932000e+01 0.000000e+00 0.000000e+00
4.933000e+01 0.000000e+00 0.000000e+00
4.934000e+01 0.000000e+00 0.000000e+00
4.935000e+01 0.000000e+00 0.000000e+00
4.936000e+01 0.000000e+00 0.000000e+00
4.937000e+01 0.000000e+00 0.000000e+00
4.938000e+01 0.000000e+00 0.000000e+00
4.939000e+01 0.000000e+00 0.000000e+00
4.940000e+01 0.000000e+00 0.000000e+00
4.941000e+01 0.000000e+00 0.000000e+00
4.942000e+01 0.000000e+00 0.000000e+00
4.943000e+01 0.000000e+00 0.000000e+00
4.944000e+01 0.000000e+00 0.000000e+00
4.945000e+01 0.000000e+00 0.000000e+00
4.946000e+01 0.000000e+00 0.000000e+00
4.947000e+01 0.000000e+00 0.000000e+00
4.948000e+01 0.000000e+00 0.000000e+00
4.949000e+01 0.000000e+00 0.000000e+00
4.950000e+01 0.000000e+00 0.000000e+00
4.951000e+01 0.000000e+00 0.000000e+00
4.952000e+01 0.000000e+00 0.000000e+00
4.953000e+01 0.000000e+00 0.000000e+00
4.954000e+01 0.000000e+00 0.000000e+00
4.955000e+01 0.000000e+00 0.000000e+00
4.956000e+01 0.000000e+00 0.000000e+00
4.957000e+01 0.000000e+00 0.000000e+00
4.958000e+01 0.000000e+00 0.000000e+00
4.959000e+01 0.000000e+00 0.000000e+00
4.960000e+01 0.000000e+00 0.000000e+00
4.961000e+01 0.000000e+00 0.000000e+00
4.962000e+01 0.000000e+00 0.000000e+00
4.963000e+01 0.000000e+00 0.000000e+00
4.964000e+01 0.000000e+00 0.000000e+00
4.965000e+01 0.000000e+00 0.000000e+00
4.966000e+01 0.000000e+00 0.000000e+00
4.967000e+01 0.000000e+00 0.000000e+00
4.968000e+01 0.000000e+00 0.000000e+00
4.969000e+01 0.000000e+00 0.000000e+00
4.970000e+01 0.000000e+00 0.000000e+00
4.971000e+01 0.000000e+00 0.000000e+00
4.972000e+01 0.000000e+00 0.000000e+00
4.973000e+01 0.000000e+00 0.000000e+00
4.974000e+01 0.000000e+00 0.000000e+00
4.975000e+01 0.000000e+00 0.000000e+00
4.976000e+01 0.000000e+00 0.000000e+00
4.977000e+01 0.000000e+00 0.000000e+00
4.978000e+01 0.000000e+00 0.000000e+00
4.979000e+01 0.000000e+00 0.000000e+00
4.980000e+01 0.000000e+00 0.000000e+00
4.981000e+01 0.000000e+00 0.000000e+00
4.982000e+01 0.000000e+00 0.000000e+00
4.983000e+01 0.000000e+00 0.000000e+00
4.984000e+01 0.000000e+00 0.000000e+00
4.985000e+01 0.000000e+00 0.000000e+00
4.986000e+01 0.000000e+00 0.000000e+00
4.987000e+01 0.000000e+00 0.000000e+00
4.988000e+01 0.000000e+00 0.000000e+00
4.989000e+01 0.000000e+00 0.000000e+00
4.990000e+01 0.000000e+00 0.000000e+00
4.991000e+01 0.000000e+00 0.000000e+00
4.992000e+01 0.000000e+00 0.000000e+00
4.993000e+01 0.000000e+00 0.000000e+00
4.994000e+01 0.000000e+00 0.000000e+00
4.995000e+01 0.000000e+00 0.000000e+00
4.996000e+01 0.000000e+00 0.000000e+00
4.997000e+01 0.000000e+00 0.000000e+00
4.998000e+01 0.000000e+00 0.000000e+00
4.999000e+01 0.000000e+00 0.000000e+00
5.000000e+01 0.000000e+00 0.000000e+00
