# Freq(GHz) Re(Z) Im(Z)
0.000000e+00 0.000000e+00 0.000000e+00
1.000000e-02 -2.712277e+05 -2.754322e+05
2.000000e-02 -1.918796e+05 -1.959436e+05
3.000000e-02 -1.572328e+05 -1.612509e+05
4.000000e-02 -1.357334e+05 -1.397272e+05
5.000000e-02 -1.213915e+05 -1.253713e+05
6.000000e-02 -1.111874e+05 -1.151583e+05
7.000000e-02 -1.030801e+05 -1.070445e+05
8.000000e-02 -9.600969e+04 -9.996868e+04
9.000000e-02 -9.091951e+04 -9.487503e+04
1.000000e-01 -8.582982e+04 -8.978185e+04
1.100000e-01 -8.222550e+04 -8.617535e+04
1.200000e-01 -7.862165e+04 -8.256933e+04
1.300000e-01 -7.545005e+04 -7.939589e+04
1.400000e-01 -7.289855e+04 -7.684303e+04
1.500000e-01 -7.034704e+04 -7.429016e+04
1.600000e-01 -6.790810e+04 -7.184993e+04
1.700000e-01 -6.610166e+04 -7.004265e+04
1.800000e-01 -6.429522e+04 -6.823537e+04
1.900000e-01 -6.248878e+04 -6.642808e+04
2.000000e-01 -6.070733e+04 -6.464581e+04
2.100000e-01 -5.942840e+04 -6.336636e+04
2.200000e-01 -5.814947e+04 -6.208690e+04
2.300000e-01 -5.687054e+04 -6.080745e+04
2.400000e-01 -5.559160e+04 -5.952799e+04
2.500000e-01 -5.431267e+04 -5.824854e+04
2.600000e-01 -5.336282e+04 -5.729834e+04
2.700000e-01 -5.245736e+04 -5.639256e+04
2.800000e-01 -5.155190e+04 -5.548679e+04
2.900000e-01 -5.064644e+04 -5.458101e+04
3.000000e-01 -4.974097e+04 -5.367523e+04
3.100000e-01 -4.883551e+04 -5.276945e+04
3.200000e-01 -4.802980e+04 -5.196346e+04
3.300000e-01 -4.738875e+04 -5.132222e+04
3.400000e-01 -4.674770e+04 -5.068098e+04
3.500000e-01 -4.610666e+04 -5.003974e+04
3.600000e-01 -4.546561e+04 -4.939850e+04
3.700000e-01 -4.482456e+04 -4.875726e+04
3.800000e-01 -4.418351e+04 -4.811602e+04
3.900000e-01 -4.354247e+04 -4.747478e+04
4.000000e-01 -4.293686e+04 -4.686899e+04
4.100000e-01 -4.248301e+04 -4.641504e+04
4.200000e-01 -4.202916e+04 -4.596108e+04
4.300000e-01 -4.157532e+04 -4.550712e+04
4.400000e-01 -4.112147e+04 -4.505316e+04
4.500000e-01 -4.066763e+04 -4.459920e+04
4.600000e-01 -4.021378e+04 -4.414524e+04
4.700000e-01 -3.975994e+04 -4.369128e+04
4.800000e-01 -3.930609e+04 -4.323732e+04
4.900000e-01 -3.885225e+04 -4.278336e+04
5.000000e-01 -3.839840e+04 -4.232940e+04
5.100000e-01 -3.806135e+04 -4.199229e+04
5.200000e-01 -3.774004e+04 -4.167091e+04
5.300000e-01 -3.741873e+04 -4.134954e+04
5.400000e-01 -3.709742e+04 -4.102816e+04
5.500000e-01 -3.677611e+04 -4.070679e+04
5.600000e-01 -3.645480e+04 -4.038541e+04
5.700000e-01 -3.613349e+04 -4.006404e+04
5.800000e-01 -3.581218e+04 -3.974266e+04
5.900000e-01 -3.549087e+04 -3.942129e+04
6.000000e-01 -3.516956e+04 -3.909991e+04
6.100000e-01 -3.484825e+04 -3.877854e+04
6.200000e-01 -3.452694e+04 -3.845716e+04
6.300000e-01 -3.420563e+04 -3.813579e+04
6.400000e-01 -3.396917e+04 -3.789929e+04
6.500000e-01 -3.374169e+04 -3.767177e+04
6.600000e-01 -3.351421e+04 -3.744426e+04
6.700000e-01 -3.328673e+04 -3.721675e+04
6.800000e-01 -3.305925e+04 -3.698923e+04
6.900000e-01 -3.283178e+04 -3.676172e+04
7.000000e-01 -3.260430e+04 -3.653421e+04
7.100000e-01 -3.237682e+04 -3.630669e+04
7.200000e-01 -3.214934e+04 -3.607918e+04
7.300000e-01 -3.192186e+04 -3.585167e+04
7.400000e-01 -3.169438e+04 -3.562415e+04
7.500000e-01 -3.146690e+04 -3.539664e+04
7.600000e-01 -3.123943e+04 -3.516913e+04
7.700000e-01 -3.101195e+04 -3.494161e+04
7.800000e-01 -3.078447e+04 -3.471410e+04
7.900000e-01 -3.055699e+04 -3.448659e+04
8.000000e-01 -3.036719e+04 -3.429676e+04
8.100000e-01 -3.020614e+04 -3.413570e+04
8.200000e-01 -3.004510e+04 -3.397463e+04
8.300000e-01 -2.988405e+04 -3.381357e+04
8.400000e-01 -2.972300e+04 -3.365250e+04
8.500000e-01 -2.956195e+04 -3.349144e+04
8.600000e-01 -2.940091e+04 -3.333037e+04
8.700000e-01 -2.923986e+04 -3.316931e+04
8.800000e-01 -2.907881e+04 -3.300824e+04
8.900000e-01 -2.891776e+04 -3.284718e+04
9.000000e-01 -2.875671e+04 -3.268611e+04
9.100000e-01 -2.859567e+04 -3.252505e+04
9.200000e-01 -2.843462e+04 -3.236399e+04
9.300000e-01 -2.827357e+04 -3.220292e+04
9.400000e-01 -2.811252e+04 -3.204186e+04
9.500000e-01 -2.795148e+04 -3.188079e+04
9.600000e-01 -2.779043e+04 -3.171973e+04
9.700000e-01 -2.762938e+04 -3.155866e+04
9.800000e-01 -2.746833e+04 -3.139760e+04
9.900000e-01 -2.730729e+04 -3.123653e+04
1.000000e+00 -2.714629e+04 -3.107553e+04
1.010000e+00 -2.703222e+04 -3.096145e+04
1.020000e+00 -2.691821e+04 -3.084742e+04
1.030000e+00 -2.680419e+04 -3.073340e+04
1.040000e+00 -2.669017e+04 -3.061938e+04
1.050000e+00 -2.657616e+04 -3.050536e+04
1.060000e+00 -2.646214e+04 -3.039133e+04
1.070000e+00 -2.634812e+04 -3.027731e+04
1.080000e+00 -2.623411e+04 -3.016329e+04
1.090000e+00 -2.612009e+04 -3.004927e+04
1.100000e+00 -2.600608e+04 -2.993524e+04
1.110000e+00 -2.589206e+04 -2.982122e+04
1.120000e+00 -2.577804e+04 -2.970720e+04
1.130000e+00 -2.566403e+04 -2.959318e+04
1.140000e+00 -2.555001e+04 -2.947915e+04
1.150000e+00 -2.543599e+04 -2.936513e+04
1.160000e+00 -2.532198e+04 -2.925111e+04
1.170000e+00 -2.520796e+04 -2.913709e+04
1.180000e+00 -2.509395e+04 -2.902306e+04
1.190000e+00 -2.497993e+04 -2.890904e+04
1.200000e+00 -2.486591e+04 -2.879502e+04
1.210000e+00 -2.475190e+04 -2.868100e+04
1.220000e+00 -2.463788e+04 -2.856697e+04
1.230000e+00 -2.452386e+04 -2.845295e+04
1.240000e+00 -2.440985e+04 -2.833893e+04
1.250000e+00 -2.429583e+04 -2.822491e+04
1.260000e+00 -2.418539e+04 -2.811446e+04
1.270000e+00 -2.410467e+04 -2.803374e+04
1.280000e+00 -2.402395e+04 -2.795302e+04
1.290000e+00 -2.394323e+04 -2.787230e+04
1.300000e+00 -2.386252e+04 -2.779158e+04
1.310000e+00 -2.378180e+04 -2.771086e+04
1.320000e+00 -2.370108e+04 -2.763014e+04
1.330000e+00 -2.362036e+04 -2.754942e+04
1.340000e+00 -2.353964e+04 -2.746870e+04
1.350000e+00 -2.345892e+04 -2.738799e+04
1.360000e+00 -2.337820e+04 -2.730727e+04
1.370000e+00 -2.329748e+04 -2.722655e+04
1.380000e+00 -2.321676e+04 -2.714583e+04
1.390000e+00 -2.313604e+04 -2.706511e+04
1.400000e+00 -2.305532e+04 -2.698439e+04
1.410000e+00 -2.297460e+04 -2.690367e+04
1.420000e+00 -2.289388e+04 -2.682295e+04
1.430000e+00 -2.281316e+04 -2.674223e+04
1.440000e+00 -2.273244e+04 -2.666151e+04
1.450000e+00 -2.265172e+04 -2.658079e+04
1.460000e+00 -2.257100e+04 -2.650007e+04
1.470000e+00 -2.249028e+04 -2.641935e+04
1.480000e+00 -2.240957e+04 -2.633863e+04
1.490000e+00 -2.232885e+04 -2.625791e+04
1.500000e+00 -2.224813e+04 -2.617719e+04
1.510000e+00 -2.216741e+04 -2.609647e+04
1.520000e+00 -2.208669e+04 -2.601575e+04
1.530000e+00 -2.200597e+04 -2.593503e+04
1.540000e+00 -2.192525e+04 -2.585431e+04
1.550000e+00 -2.184453e+04 -2.577359e+04
1.560000e+00 -2.176381e+04 -2.569287e+04
1.570000e+00 -2.168309e+04 -2.561215e+04
1.580000e+00 -2.160237e+04 -2.553143e+04
1.590000e+00 -2.153369e+04 -2.546276e+04
1.600000e+00 -2.147654e+04 -2.540561e+04
1.610000e+00 -2.141940e+04 -2.534847e+04
1.620000e+00 -2.136225e+04 -2.529133e+04
1.630000e+00 -2.130511e+04 -2.523418e+04
1.640000e+00 -2.124796e+04 -2.517704e+04
1.650000e+00 -2.119081e+04 -2.511990e+04
1.660000e+00 -2.113367e+04 -2.506275e+04
1.670000e+00 -2.107652e+04 -2.500561e+04
1.680000e+00 -2.101937e+04 -2.494847e+04
1.690000e+00 -2.096223e+04 -2.489133e+04
1.700000e+00 -2.090508e+04 -2.483418e+04
1.710000e+00 -2.084794e+04 -2.477704e+04
1.720000e+00 -2.079079e+04 -2.471990e+04
1.730000e+00 -2.073364e+04 -2.466275e+04
1.740000e+00 -2.067650e+04 -2.460561e+04
1.750000e+00 -2.061935e+04 -2.454847e+04
1.760000e+00 -2.056221e+04 -2.449132e+04
1.770000e+00 -2.050506e+04 -2.443418e+04
1.780000e+00 -2.044791e+04 -2.437704e+04
1.790000e+00 -2.039077e+04 -2.431990e+04
1.800000e+00 -2.033362e+04 -2.426275e+04
1.810000e+00 -2.027647e+04 -2.420561e+04
1.820000e+00 -2.021933e+04 -2.414847e+04
1.830000e+00 -2.016218e+04 -2.409132e+04
1.840000e+00 -2.010504e+04 -2.403418e+04
1.850000e+00 -2.004789e+04 -2.397704e+04
1.860000e+00 -1.999074e+04 -2.391989e+04
1.870000e+00 -1.993360e+04 -2.386275e+04
1.880000e+00 -1.987645e+04 -2.380561e+04
1.890000e+00 -1.981931e+04 -2.374847e+04
1.900000e+00 -1.976216e+04 -2.369132e+04
1.910000e+00 -1.970501e+04 -2.363418e+04
1.920000e+00 -1.964787e+04 -2.357704e+04
1.930000e+00 -1.959072e+04 -2.351989e+04
1.940000e+00 -1.953357e+04 -2.346275e+04
1.950000e+00 -1.947643e+04 -2.340561e+04
1.960000e+00 -1.941928e+04 -2.334846e+04
1.970000e+00 -1.936214e+04 -2.329132e+04
1.980000e+00 -1.930499e+04 -2.323418e+04
1.990000e+00 -1.924784e+04 -2.317704e+04
2.000000e+00 -1.919860e+04 -2.312780e+04
2.010000e+00 -1.915815e+04 -2.308735e+04
2.020000e+00 -1.911769e+04 -2.304690e+04
2.030000e+00 -1.907723e+04 -2.300644e+04
2.040000e+00 -1.903678e+04 -2.296599e+04
2.050000e+00 -1.899632e+04 -2.292554e+04
2.060000e+00 -1.895586e+04 -2.288509e+04
2.070000e+00 -1.891541e+04 -2.284464e+04
2.080000e+00 -1.887495e+04 -2.280418e+04
2.090000e+00 -1.883449e+04 -2.276373e+04
2.100000e+00 -1.879404e+04 -2.272328e+04
2.110000e+00 -1.875358e+04 -2.268283e+04
2.120000e+00 -1.871312e+04 -2.264237e+04
2.130000e+00 -1.867266e+04 -2.260192e+04
2.140000e+00 -1.863221e+04 -2.256147e+04
2.150000e+00 -1.859175e+04 -2.252102e+04
2.160000e+00 -1.855129e+04 -2.248057e+04
2.170000e+00 -1.851084e+04 -2.244011e+04
2.180000e+00 -1.847038e+04 -2.239966e+04
2.190000e+00 -1.842992e+04 -2.235921e+04
2.200000e+00 -1.838947e+04 -2.231876e+04
2.210000e+00 -1.834901e+04 -2.227830e+04
2.220000e+00 -1.830855e+04 -2.223785e+04
2.230000e+00 -1.826809e+04 -2.219740e+04
2.240000e+00 -1.822764e+04 -2.215695e+04
2.250000e+00 -1.818718e+04 -2.211650e+04
2.260000e+00 -1.814672e+04 -2.207604e+04
2.270000e+00 -1.810627e+04 -2.203559e+04
2.280000e+00 -1.806581e+04 -2.199514e+04
2.290000e+00 -1.802535e+04 -2.195469e+04
2.300000e+00 -1.798490e+04 -2.191424e+04
2.310000e+00 -1.794444e+04 -2.187378e+04
2.320000e+00 -1.790398e+04 -2.183333e+04
2.330000e+00 -1.786353e+04 -2.179288e+04
2.340000e+00 -1.782307e+04 -2.175243e+04
2.350000e+00 -1.778261e+04 -2.171197e+04
2.360000e+00 -1.774215e+04 -2.167152e+04
2.370000e+00 -1.770170e+04 -2.163107e+04
2.380000e+00 -1.766124e+04 -2.159062e+04
2.390000e+00 -1.762078e+04 -2.155017e+04
2.400000e+00 -1.758033e+04 -2.150971e+04
2.410000e+00 -1.753987e+04 -2.146926e+04
2.420000e+00 -1.749941e+04 -2.142881e+04
2.430000e+00 -1.745896e+04 -2.138836e+04
2.440000e+00 -1.741850e+04 -2.134790e+04
2.450000e+00 -1.737804e+04 -2.130745e+04
2.460000e+00 -1.733759e+04 -2.126700e+04
2.470000e+00 -1.729713e+04 -2.122655e+04
2.480000e+00 -1.725667e+04 -2.118610e+04
2.490000e+00 -1.721621e+04 -2.114564e+04
2.500000e+00 -1.717576e+04 -2.110519e+04
2.510000e+00 -1.713530e+04 -2.106474e+04
2.520000e+00 -1.710443e+04 -2.103387e+04
2.530000e+00 -1.707579e+04 -2.100524e+04
2.540000e+00 -1.704715e+04 -2.097660e+04
2.550000e+00 -1.701851e+04 -2.094797e+04
2.560000e+00 -1.698986e+04 -2.091933e+04
2.570000e+00 -1.696122e+04 -2.089069e+04
2.580000e+00 -1.693258e+04 -2.086206e+04
2.590000e+00 -1.690394e+04 -2.083342e+04
2.600000e+00 -1.687530e+04 -2.080479e+04
2.610000e+00 -1.684666e+04 -2.077615e+04
2.620000e+00 -1.681802e+04 -2.074751e+04
2.630000e+00 -1.678937e+04 -2.071888e+04
2.640000e+00 -1.676073e+04 -2.069024e+04
2.650000e+00 -1.673209e+04 -2.066161e+04
2.660000e+00 -1.670345e+04 -2.063297e+04
2.670000e+00 -1.667481e+04 -2.060433e+04
2.680000e+00 -1.664617e+04 -2.057570e+04
2.690000e+00 -1.661753e+04 -2.054706e+04
2.700000e+00 -1.658888e+04 -2.051843e+04
2.710000e+00 -1.656024e+04 -2.048979e+04
2.720000e+00 -1.653160e+04 -2.046115e+04
2.730000e+00 -1.650296e+04 -2.043252e+04
2.740000e+00 -1.647432e+04 -2.040388e+04
2.750000e+00 -1.644568e+04 -2.037525e+04
2.760000e+00 -1.641704e+04 -2.034661e+04
2.770000e+00 -1.638839e+04 -2.031797e+04
2.780000e+00 -1.635975e+04 -2.028934e+04
2.790000e+00 -1.633111e+04 -2.026070e+04
2.800000e+00 -1.630247e+04 -2.023207e+04
2.810000e+00 -1.627383e+04 -2.020343e+04
2.820000e+00 -1.624519e+04 -2.017479e+04
2.830000e+00 -1.621655e+04 -2.014616e+04
2.840000e+00 -1.618790e+04 -2.011752e+04
2.850000e+00 -1.615926e+04 -2.008888e+04
2.860000e+00 -1.613062e+04 -2.006025e+04
2.870000e+00 -1.610198e+04 -2.003161e+04
2.880000e+00 -1.607334e+04 -2.000298e+04
2.890000e+00 -1.604470e+04 -1.997434e+04
2.900000e+00 -1.601606e+04 -1.994570e+04
2.910000e+00 -1.598741e+04 -1.991707e+04
2.920000e+00 -1.595877e+04 -1.988843e+04
2.930000e+00 -1.593013e+04 -1.985980e+04
2.940000e+00 -1.590149e+04 -1.983116e+04
2.950000e+00 -1.587285e+04 -1.980252e+04
2.960000e+00 -1.584421e+04 -1.977389e+04
2.970000e+00 -1.581557e+04 -1.974525e+04
2.980000e+00 -1.578693e+04 -1.971662e+04
2.990000e+00 -1.575828e+04 -1.968798e+04
3.000000e+00 -1.572964e+04 -1.965934e+04
3.010000e+00 -1.570100e+04 -1.963071e+04
3.020000e+00 -1.567236e+04 -1.960207e+04
3.030000e+00 -1.564372e+04 -1.957344e+04
3.040000e+00 -1.561508e+04 -1.954480e+04
3.050000e+00 -1.558644e+04 -1.951616e+04
3.060000e+00 -1.555779e+04 -1.948753e+04
3.070000e+00 -1.552915e+04 -1.945889e+04
3.080000e+00 -1.550051e+04 -1.943026e+04
3.090000e+00 -1.547187e+04 -1.940162e+04
3.100000e+00 -1.544323e+04 -1.937298e+04
3.110000e+00 -1.541459e+04 -1.934435e+04
3.120000e+00 -1.538595e+04 -1.931571e+04
3.130000e+00 -1.535730e+04 -1.928708e+04
3.140000e+00 -1.532866e+04 -1.925844e+04
3.150000e+00 -1.530002e+04 -1.922980e+04
3.160000e+00 -1.527138e+04 -1.920117e+04
3.170000e+00 -1.524920e+04 -1.917899e+04
3.180000e+00 -1.522892e+04 -1.915872e+04
3.190000e+00 -1.520865e+04 -1.913845e+04
3.200000e+00 -1.518837e+04 -1.911818e+04
3.210000e+00 -1.516809e+04 -1.909791e+04
3.220000e+00 -1.514782e+04 -1.907764e+04
3.230000e+00 -1.512754e+04 -1.905737e+04
3.240000e+00 -1.510726e+04 -1.903709e+04
3.250000e+00 -1.508699e+04 -1.901682e+04
3.260000e+00 -1.506671e+04 -1.899655e+04
3.270000e+00 -1.504643e+04 -1.897628e+04
3.280000e+00 -1.502616e+04 -1.895601e+04
3.290000e+00 -1.500588e+04 -1.893574e+04
3.300000e+00 -1.498561e+04 -1.891547e+04
3.310000e+00 -1.496533e+04 -1.889520e+04
3.320000e+00 -1.494505e+04 -1.887493e+04
3.330000e+00 -1.492478e+04 -1.885466e+04
3.340000e+00 -1.490450e+04 -1.883439e+04
3.350000e+00 -1.488422e+04 -1.881411e+04
3.360000e+00 -1.486395e+04 -1.879384e+04
3.370000e+00 -1.484367e+04 -1.877357e+04
3.380000e+00 -1.482340e+04 -1.875330e+04
3.390000e+00 -1.480312e+04 -1.873303e+04
3.400000e+00 -1.478284e+04 -1.871276e+04
3.410000e+00 -1.476257e+04 -1.869249e+04
3.420000e+00 -1.474229e+04 -1.867222e+04
3.430000e+00 -1.472201e+04 -1.865195e+04
3.440000e+00 -1.470174e+04 -1.863168e+04
3.450000e+00 -1.468146e+04 -1.861140e+04
3.460000e+00 -1.466119e+04 -1.859113e+04
3.470000e+00 -1.464091e+04 -1.857086e+04
3.480000e+00 -1.462063e+04 -1.855059e+04
3.490000e+00 -1.460036e+04 -1.853032e+04
3.500000e+00 -1.458008e+04 -1.851005e+04
3.510000e+00 -1.455980e+04 -1.848978e+04
3.520000e+00 -1.453953e+04 -1.846951e+04
3.530000e+00 -1.451925e+04 -1.844924e+04
3.540000e+00 -1.449897e+04 -1.842897e+04
3.550000e+00 -1.447870e+04 -1.840870e+04
3.560000e+00 -1.445842e+04 -1.838842e+04
3.570000e+00 -1.443815e+04 -1.836815e+04
3.580000e+00 -1.441787e+04 -1.834788e+04
3.590000e+00 -1.439759e+04 -1.832761e+04
3.600000e+00 -1.437732e+04 -1.830734e+04
3.610000e+00 -1.435704e+04 -1.828707e+04
3.620000e+00 -1.433676e+04 -1.826680e+04
3.630000e+00 -1.431649e+04 -1.824653e+04
3.640000e+00 -1.429621e+04 -1.822626e+04
3.650000e+00 -1.427594e+04 -1.820599e+04
3.660000e+00 -1.425566e+04 -1.818572e+04
3.670000e+00 -1.423538e+04 -1.816544e+04
3.680000e+00 -1.421511e+04 -1.814517e+04
3.690000e+00 -1.419483e+04 -1.812490e+04
3.700000e+00 -1.417455e+04 -1.810463e+04
3.710000e+00 -1.415428e+04 -1.808436e+04
3.720000e+00 -1.413400e+04 -1.806409e+04
3.730000e+00 -1.411373e+04 -1.804382e+04
3.740000e+00 -1.409345e+04 -1.802355e+04
3.750000e+00 -1.407317e+04 -1.800328e+04
3.760000e+00 -1.405290e+04 -1.798301e+04
3.770000e+00 -1.403262e+04 -1.796273e+04
3.780000e+00 -1.401234e+04 -1.794246e+04
3.790000e+00 -1.399207e+04 -1.792219e+04
3.800000e+00 -1.397179e+04 -1.790192e+04
3.810000e+00 -1.395151e+04 -1.788165e+04
3.820000e+00 -1.393124e+04 -1.786138e+04
3.830000e+00 -1.391096e+04 -1.784111e+04
3.840000e+00 -1.389069e+04 -1.782084e+04
3.850000e+00 -1.387041e+04 -1.780057e+04
3.860000e+00 -1.385013e+04 -1.778030e+04
3.870000e+00 -1.382986e+04 -1.776003e+04
3.880000e+00 -1.380958e+04 -1.773975e+04
3.890000e+00 -1.378930e+04 -1.771948e+04
3.900000e+00 -1.376903e+04 -1.769921e+04
3.910000e+00 -1.374875e+04 -1.767894e+04
3.920000e+00 -1.372848e+04 -1.765867e+04
3.930000e+00 -1.370820e+04 -1.763840e+04
3.940000e+00 -1.368792e+04 -1.761813e+04
3.950000e+00 -1.366765e+04 -1.759786e+04
3.960000e+00 -1.364737e+04 -1.757759e+04
3.970000e+00 -1.362709e+04 -1.755732e+04
3.980000e+00 -1.360682e+04 -1.753705e+04
3.990000e+00 -1.359183e+04 -1.752206e+04
4.000000e+00 -1.357747e+04 -1.750771e+04
4.010000e+00 -1.356312e+04 -1.749336e+04
4.020000e+00 -1.354877e+04 -1.747901e+04
4.030000e+00 -1.353441e+04 -1.746467e+04
4.040000e+00 -1.352006e+04 -1.745032e+04
4.050000e+00 -1.350571e+04 -1.743597e+04
4.060000e+00 -1.349135e+04 -1.742162e+04
4.070000e+00 -1.347700e+04 -1.740727e+04
4.080000e+00 -1.346264e+04 -1.739292e+04
4.090000e+00 -1.344829e+04 -1.737857e+04
4.100000e+00 -1.343394e+04 -1.736422e+04
4.110000e+00 -1.341958e+04 -1.734987e+04
4.120000e+00 -1.340523e+04 -1.733553e+04
4.130000e+00 -1.339087e+04 -1.732118e+04
4.140000e+00 -1.337652e+04 -1.730683e+04
4.150000e+00 -1.336217e+04 -1.729248e+04
4.160000e+00 -1.334781e+04 -1.727813e+04
4.170000e+00 -1.333346e+04 -1.726378e+04
4.180000e+00 -1.331910e+04 -1.724943e+04
4.190000e+00 -1.330475e+04 -1.723508e+04
4.200000e+00 -1.329040e+04 -1.722073e+04
4.210000e+00 -1.327604e+04 -1.720639e+04
4.220000e+00 -1.326169e+04 -1.719204e+04
4.230000e+00 -1.324733e+04 -1.717769e+04
4.240000e+00 -1.323298e+04 -1.716334e+04
4.250000e+00 -1.321863e+04 -1.714899e+04
4.260000e+00 -1.320427e+04 -1.713464e+04
4.270000e+00 -1.318992e+04 -1.712029e+04
4.280000e+00 -1.317556e+04 -1.710594e+04
4.290000e+00 -1.316121e+04 -1.709159e+04
4.300000e+00 -1.314686e+04 -1.707725e+04
4.310000e+00 -1.313250e+04 -1.706290e+04
4.320000e+00 -1.311815e+04 -1.704855e+04
4.330000e+00 -1.310379e+04 -1.703420e+04
4.340000e+00 -1.308944e+04 -1.701985e+04
4.350000e+00 -1.307509e+04 -1.700550e+04
4.360000e+00 -1.306073e+04 -1.699115e+04
4.370000e+00 -1.304638e+04 -1.697680e+04
4.380000e+00 -1.303202e+04 -1.696245e+04
4.390000e+00 -1.301767e+04 -1.694810e+04
4.400000e+00 -1.300332e+04 -1.693376e+04
4.410000e+00 -1.298896e+04 -1.691941e+04
4.420000e+00 -1.297461e+04 -1.690506e+04
4.430000e+00 -1.296025e+04 -1.689071e+04
4.440000e+00 -1.294590e+04 -1.687636e+04
4.450000e+00 -1.293155e+04 -1.686201e+04
4.460000e+00 -1.291719e+04 -1.684766e+04
4.470000e+00 -1.290284e+04 -1.683331e+04
4.480000e+00 -1.288848e+04 -1.681896e+04
4.490000e+00 -1.287413e+04 -1.680462e+04
4.500000e+00 -1.285978e+04 -1.679027e+04
4.510000e+00 -1.284542e+04 -1.677592e+04
4.520000e+00 -1.283107e+04 -1.676157e+04
4.530000e+00 -1.281672e+04 -1.674722e+04
4.540000e+00 -1.280236e+04 -1.673287e+04
4.550000e+00 -1.278801e+04 -1.671852e+04
4.560000e+00 -1.277365e+04 -1.670417e+04
4.570000e+00 -1.275930e+04 -1.668982e+04
4.580000e+00 -1.274495e+04 -1.667548e+04
4.590000e+00 -1.273059e+04 -1.666113e+04
4.600000e+00 -1.271624e+04 -1.664678e+04
4.610000e+00 -1.270188e+04 -1.663243e+04
4.620000e+00 -1.268753e+04 -1.661808e+04
4.630000e+00 -1.267318e+04 -1.660373e+04
4.640000e+00 -1.265882e+04 -1.658938e+04
4.650000e+00 -1.264447e+04 -1.657503e+04
4.660000e+00 -1.263011e+04 -1.656068e+04
4.670000e+00 -1.261576e+04 -1.654634e+04
4.680000e+00 -1.260141e+04 -1.653199e+04
4.690000e+00 -1.258705e+04 -1.651764e+04
4.700000e+00 -1.257270e+04 -1.650329e+04
4.710000e+00 -1.255834e+04 -1.648894e+04
4.720000e+00 -1.254399e+04 -1.647459e+04
4.730000e+00 -1.252964e+04 -1.646024e+04
4.740000e+00 -1.251528e+04 -1.644589e+04
4.750000e+00 -1.250093e+04 -1.643154e+04
4.760000e+00 -1.248657e+04 -1.641719e+04
4.770000e+00 -1.247222e+04 -1.640285e+04
4.780000e+00 -1.245787e+04 -1.638850e+04
4.790000e+00 -1.244351e+04 -1.637415e+04
4.800000e+00 -1.242916e+04 -1.635980e+04
4.810000e+00 -1.241480e+04 -1.634545e+04
4.820000e+00 -1.240045e+04 -1.633110e+04
4.830000e+00 -1.238610e+04 -1.631675e+04
4.840000e+00 -1.237174e+04 -1.630240e+04
4.850000e+00 -1.235739e+04 -1.628805e+04
4.860000e+00 -1.234303e+04 -1.627371e+04
4.870000e+00 -1.232868e+04 -1.625936e+04
4.880000e+00 -1.231433e+04 -1.624501e+04
4.890000e+00 -1.229997e+04 -1.623066e+04
4.900000e+00 -1.228562e+04 -1.621631e+04
4.910000e+00 -1.227126e+04 -1.620196e+04
4.920000e+00 -1.225691e+04 -1.618761e+04
4.930000e+00 -1.224256e+04 -1.617326e+04
4.940000e+00 -1.222820e+04 -1.615891e+04
4.950000e+00 -1.221385e+04 -1.614457e+04
4.960000e+00 -1.219949e+04 -1.613022e+04
4.970000e+00 -1.218514e+04 -1.611587e+04
4.980000e+00 -1.217079e+04 -1.610152e+04
4.990000e+00 -1.215643e+04 -1.608717e+04
5.000000e+00 -1.214208e+04 -1.607282e+04
5.010000e+00 -1.212772e+04 -1.605847e+04
5.020000e+00 -1.211678e+04 -1.604753e+04
5.030000e+00 -1.210662e+04 -1.603737e+04
5.040000e+00 -1.209646e+04 -1.602722e+04
5.050000e+00 -1.208630e+04 -1.601706e+04
5.060000e+00 -1.207613e+04 -1.600690e+04
5.070000e+00 -1.206597e+04 -1.599675e+04
5.080000e+00 -1.205581e+04 -1.598659e+04
5.090000e+00 -1.204565e+04 -1.597644e+04
5.100000e+00 -1.203549e+04 -1.596628e+04
5.110000e+00 -1.202533e+04 -1.595612e+04
5.120000e+00 -1.201517e+04 -1.594597e+04
5.130000e+00 -1.200501e+04 -1.593581e+04
5.140000e+00 -1.199485e+04 -1.592565e+04
5.150000e+00 -1.198469e+04 -1.591550e+04
5.160000e+00 -1.197452e+04 -1.590534e+04
5.170000e+00 -1.196436e+04 -1.589518e+04
5.180000e+00 -1.195420e+04 -1.588503e+04
5.190000e+00 -1.194404e+04 -1.587487e+04
5.200000e+00 -1.193388e+04 -1.586471e+04
5.210000e+00 -1.192372e+04 -1.585456e+04
5.220000e+00 -1.191356e+04 -1.584440e+04
5.230000e+00 -1.190340e+04 -1.583425e+04
5.240000e+00 -1.189324e+04 -1.582409e+04
5.250000e+00 -1.188308e+04 -1.581393e+04
5.260000e+00 -1.187291e+04 -1.580378e+04
5.270000e+00 -1.186275e+04 -1.579362e+04
5.280000e+00 -1.185259e+04 -1.578346e+04
5.290000e+00 -1.184243e+04 -1.577331e+04
5.300000e+00 -1.183227e+04 -1.576315e+04
5.310000e+00 -1.182211e+04 -1.575299e+04
5.320000e+00 -1.181195e+04 -1.574284e+04
5.330000e+00 -1.180179e+04 -1.573268e+04
5.340000e+00 -1.179163e+04 -1.572252e+04
5.350000e+00 -1.178147e+04 -1.571237e+04
5.360000e+00 -1.177130e+04 -1.570221e+04
5.370000e+00 -1.176114e+04 -1.569206e+04
5.380000e+00 -1.175098e+04 -1.568190e+04
5.390000e+00 -1.174082e+04 -1.567174e+04
5.400000e+00 -1.173066e+04 -1.566159e+04
5.410000e+00 -1.172050e+04 -1.565143e+04
5.420000e+00 -1.171034e+04 -1.564127e+04
5.430000e+00 -1.170018e+04 -1.563112e+04
5.440000e+00 -1.169002e+04 -1.562096e+04
5.450000e+00 -1.167986e+04 -1.561080e+04
5.460000e+00 -1.166969e+04 -1.560065e+04
5.470000e+00 -1.165953e+04 -1.559049e+04
5.480000e+00 -1.164937e+04 -1.558033e+04
5.490000e+00 -1.163921e+04 -1.557018e+04
5.500000e+00 -1.162905e+04 -1.556002e+04
5.510000e+00 -1.161889e+04 -1.554987e+04
5.520000e+00 -1.160873e+04 -1.553971e+04
5.530000e+00 -1.159857e+04 -1.552955e+04
5.540000e+00 -1.158841e+04 -1.551940e+04
5.550000e+00 -1.157825e+04 -1.550924e+04
5.560000e+00 -1.156808e+04 -1.549908e+04
5.570000e+00 -1.155792e+04 -1.548893e+04
5.580000e+00 -1.154776e+04 -1.547877e+04
5.590000e+00 -1.153760e+04 -1.546861e+04
5.600000e+00 -1.152744e+04 -1.545846e+04
5.610000e+00 -1.151728e+04 -1.544830e+04
5.620000e+00 -1.150712e+04 -1.543814e+04
5.630000e+00 -1.149696e+04 -1.542799e+04
5.640000e+00 -1.148680e+04 -1.541783e+04
5.650000e+00 -1.147664e+04 -1.540768e+04
5.660000e+00 -1.146647e+04 -1.539752e+04
5.670000e+00 -1.145631e+04 -1.538736e+04
5.680000e+00 -1.144615e+04 -1.537721e+04
5.690000e+00 -1.143599e+04 -1.536705e+04
5.700000e+00 -1.142583e+04 -1.535689e+04
5.710000e+00 -1.141567e+04 -1.534674e+04
5.720000e+00 -1.140551e+04 -1.533658e+04
5.730000e+00 -1.139535e+04 -1.532642e+04
5.740000e+00 -1.138519e+04 -1.531627e+04
5.750000e+00 -1.137503e+04 -1.530611e+04
5.760000e+00 -1.136486e+04 -1.529595e+04
5.770000e+00 -1.135470e+04 -1.528580e+04
5.780000e+00 -1.134454e+04 -1.527564e+04
5.790000e+00 -1.133438e+04 -1.526548e+04
5.800000e+00 -1.132422e+04 -1.525533e+04
5.810000e+00 -1.131406e+04 -1.524517e+04
5.820000e+00 -1.130390e+04 -1.523502e+04
5.830000e+00 -1.129374e+04 -1.522486e+04
5.840000e+00 -1.128358e+04 -1.521470e+04
5.850000e+00 -1.127341e+04 -1.520455e+04
5.860000e+00 -1.126325e+04 -1.519439e+04
5.870000e+00 -1.125309e+04 -1.518423e+04
5.880000e+00 -1.124293e+04 -1.517408e+04
5.890000e+00 -1.123277e+04 -1.516392e+04
5.900000e+00 -1.122261e+04 -1.515376e+04
5.910000e+00 -1.121245e+04 -1.514361e+04
5.920000e+00 -1.120229e+04 -1.513345e+04
5.930000e+00 -1.119213e+04 -1.512329e+04
5.940000e+00 -1.118197e+04 -1.511314e+04
5.950000e+00 -1.117180e+04 -1.510298e+04
5.960000e+00 -1.116164e+04 -1.509283e+04
5.970000e+00 -1.115148e+04 -1.508267e+04
5.980000e+00 -1.114132e+04 -1.507251e+04
5.990000e+00 -1.113116e+04 -1.506236e+04
6.000000e+00 -1.112100e+04 -1.505220e+04
6.010000e+00 -1.111084e+04 -1.504204e+04
6.020000e+00 -1.110068e+04 -1.503189e+04
6.030000e+00 -1.109052e+04 -1.502173e+04
6.040000e+00 -1.108036e+04 -1.501157e+04
6.050000e+00 -1.107019e+04 -1.500142e+04
6.060000e+00 -1.106003e+04 -1.499126e+04
6.070000e+00 -1.104987e+04 -1.498110e+04
6.080000e+00 -1.103971e+04 -1.497095e+04
6.090000e+00 -1.102955e+04 -1.496079e+04
6.100000e+00 -1.101939e+04 -1.495064e+04
6.110000e+00 -1.100923e+04 -1.494048e+04
6.120000e+00 -1.099907e+04 -1.493032e+04
6.130000e+00 -1.098891e+04 -1.492017e+04
6.140000e+00 -1.097875e+04 -1.491001e+04
6.150000e+00 -1.096858e+04 -1.489985e+04
6.160000e+00 -1.095842e+04 -1.488970e+04
6.170000e+00 -1.094826e+04 -1.487954e+04
6.180000e+00 -1.093810e+04 -1.486938e+04
6.190000e+00 -1.092794e+04 -1.485923e+04
6.200000e+00 -1.091778e+04 -1.484907e+04
6.210000e+00 -1.090762e+04 -1.483891e+04
6.220000e+00 -1.089746e+04 -1.482876e+04
6.230000e+00 -1.088730e+04 -1.481860e+04
6.240000e+00 -1.087714e+04 -1.480845e+04
6.250000e+00 -1.086697e+04 -1.479829e+04
6.260000e+00 -1.085681e+04 -1.478813e+04
6.270000e+00 -1.084665e+04 -1.477798e+04
6.280000e+00 -1.083649e+04 -1.476782e+04
6.290000e+00 -1.082633e+04 -1.475766e+04
6.300000e+00 -1.081617e+04 -1.474751e+04
6.310000e+00 -1.080617e+04 -1.473751e+04
6.320000e+00 -1.079894e+04 -1.473029e+04
6.330000e+00 -1.079175e+04 -1.472310e+04
6.340000e+00 -1.078456e+04 -1.471591e+04
6.350000e+00 -1.077737e+04 -1.470872e+04
6.360000e+00 -1.077017e+04 -1.470154e+04
6.370000e+00 -1.076298e+04 -1.469435e+04
6.380000e+00 -1.075579e+04 -1.468716e+04
6.390000e+00 -1.074860e+04 -1.467997e+04
6.400000e+00 -1.074140e+04 -1.467278e+04
6.410000e+00 -1.073421e+04 -1.466559e+04
6.420000e+00 -1.072702e+04 -1.465840e+04
6.430000e+00 -1.071983e+04 -1.465122e+04
6.440000e+00 -1.071263e+04 -1.464403e+04
6.450000e+00 -1.070544e+04 -1.463684e+04
6.460000e+00 -1.069825e+04 -1.462965e+04
6.470000e+00 -1.069106e+04 -1.462246e+04
6.480000e+00 -1.068386e+04 -1.461527e+04
6.490000e+00 -1.067667e+04 -1.460809e+04
6.500000e+00 -1.066948e+04 -1.460090e+04
6.510000e+00 -1.066229e+04 -1.459371e+04
6.520000e+00 -1.065509e+04 -1.458652e+04
6.530000e+00 -1.064790e+04 -1.457933e+04
6.540000e+00 -1.064071e+04 -1.457214e+04
6.550000e+00 -1.063352e+04 -1.456496e+04
6.560000e+00 -1.062632e+04 -1.455777e+04
6.570000e+00 -1.061913e+04 -1.455058e+04
6.580000e+00 -1.061194e+04 -1.454339e+04
6.590000e+00 -1.060475e+04 -1.453620e+04
6.600000e+00 -1.059756e+04 -1.452901e+04
6.610000e+00 -1.059036e+04 -1.452183e+04
6.620000e+00 -1.058317e+04 -1.451464e+04
6.630000e+00 -1.057598e+04 -1.450745e+04
6.640000e+00 -1.056879e+04 -1.450026e+04
6.650000e+00 -1.056159e+04 -1.449307e+04
6.660000e+00 -1.055440e+04 -1.448588e+04
6.670000e+00 -1.054721e+04 -1.447870e+04
6.680000e+00 -1.054002e+04 -1.447151e+04
6.690000e+00 -1.053282e+04 -1.446432e+04
6.700000e+00 -1.052563e+04 -1.445713e+04
6.710000e+00 -1.051844e+04 -1.444994e+04
6.720000e+00 -1.051125e+04 -1.444275e+04
6.730000e+00 -1.050405e+04 -1.443557e+04
6.740000e+00 -1.049686e+04 -1.442838e+04
6.750000e+00 -1.048967e+04 -1.442119e+04
6.760000e+00 -1.048248e+04 -1.441400e+04
6.770000e+00 -1.047528e+04 -1.440681e+04
6.780000e+00 -1.046809e+04 -1.439962e+04
6.790000e+00 -1.046090e+04 -1.439244e+04
6.800000e+00 -1.045371e+04 -1.438525e+04
6.810000e+00 -1.044651e+04 -1.437806e+04
6.820000e+00 -1.043932e+04 -1.437087e+04
6.830000e+00 -1.043213e+04 -1.436368e+04
6.840000e+00 -1.042494e+04 -1.435649e+04
6.850000e+00 -1.041775e+04 -1.434931e+04
6.860000e+00 -1.041055e+04 -1.434212e+04
6.870000e+00 -1.040336e+04 -1.433493e+04
6.880000e+00 -1.039617e+04 -1.432774e+04
6.890000e+00 -1.038898e+04 -1.432055e+04
6.900000e+00 -1.038178e+04 -1.431336e+04
6.910000e+00 -1.037459e+04 -1.430618e+04
6.920000e+00 -1.036740e+04 -1.429899e+04
6.930000e+00 -1.036021e+04 -1.429180e+04
6.940000e+00 -1.035301e+04 -1.428461e+04
6.950000e+00 -1.034582e+04 -1.427742e+04
6.960000e+00 -1.033863e+04 -1.427023e+04
6.970000e+00 -1.033144e+04 -1.426305e+04
6.980000e+00 -1.032424e+04 -1.425586e+04
6.990000e+00 -1.031705e+04 -1.424867e+04
7.000000e+00 -1.030986e+04 -1.424148e+04
7.010000e+00 -1.030267e+04 -1.423429e+04
7.020000e+00 -1.029547e+04 -1.422710e+04
7.030000e+00 -1.028828e+04 -1.421992e+04
7.040000e+00 -1.028109e+04 -1.421273e+04
7.050000e+00 -1.027390e+04 -1.420554e+04
7.060000e+00 -1.026670e+04 -1.419835e+04
7.070000e+00 -1.025951e+04 -1.419116e+04
7.080000e+00 -1.025232e+04 -1.418397e+04
7.090000e+00 -1.024513e+04 -1.417679e+04
7.100000e+00 -1.023794e+04 -1.416960e+04
7.110000e+00 -1.023074e+04 -1.416241e+04
7.120000e+00 -1.022355e+04 -1.415522e+04
7.130000e+00 -1.021636e+04 -1.414803e+04
7.140000e+00 -1.020917e+04 -1.414084e+04
7.150000e+00 -1.020197e+04 -1.413366e+04
7.160000e+00 -1.019478e+04 -1.412647e+04
7.170000e+00 -1.018759e+04 -1.411928e+04
7.180000e+00 -1.018040e+04 -1.411209e+04
7.190000e+00 -1.017320e+04 -1.410490e+04
7.200000e+00 -1.016601e+04 -1.409771e+04
7.210000e+00 -1.015882e+04 -1.409053e+04
7.220000e+00 -1.015163e+04 -1.408334e+04
7.230000e+00 -1.014443e+04 -1.407615e+04
7.240000e+00 -1.013724e+04 -1.406896e+04
7.250000e+00 -1.013005e+04 -1.406177e+04
7.260000e+00 -1.012286e+04 -1.405458e+04
7.270000e+00 -1.011566e+04 -1.404739e+04
7.280000e+00 -1.010847e+04 -1.404021e+04
7.290000e+00 -1.010128e+04 -1.403302e+04
7.300000e+00 -1.009409e+04 -1.402583e+04
7.310000e+00 -1.008689e+04 -1.401864e+04
7.320000e+00 -1.007970e+04 -1.401145e+04
7.330000e+00 -1.007251e+04 -1.400426e+04
7.340000e+00 -1.006532e+04 -1.399708e+04
7.350000e+00 -1.005812e+04 -1.398989e+04
7.360000e+00 -1.005093e+04 -1.398270e+04
7.370000e+00 -1.004374e+04 -1.397551e+04
7.380000e+00 -1.003655e+04 -1.396832e+04
7.390000e+00 -1.002936e+04 -1.396113e+04
7.400000e+00 -1.002216e+04 -1.395395e+04
7.410000e+00 -1.001497e+04 -1.394676e+04
7.420000e+00 -1.000778e+04 -1.393957e+04
7.430000e+00 -1.000059e+04 -1.393238e+04
7.440000e+00 -9.993393e+03 -1.392519e+04
7.450000e+00 -9.986201e+03 -1.391800e+04
7.460000e+00 -9.979009e+03 -1.391082e+04
7.470000e+00 -9.971816e+03 -1.390363e+04
7.480000e+00 -9.964624e+03 -1.389644e+04
7.490000e+00 -9.957431e+03 -1.388925e+04
7.500000e+00 -9.950239e+03 -1.388206e+04
7.510000e+00 -9.943047e+03 -1.387487e+04
7.520000e+00 -9.935854e+03 -1.386769e+04
7.530000e+00 -9.928662e+03 -1.386050e+04
7.540000e+00 -9.921469e+03 -1.385331e+04
7.550000e+00 -9.914277e+03 -1.384612e+04
7.560000e+00 -9.907084e+03 -1.383893e+04
7.570000e+00 -9.899892e+03 -1.383174e+04
7.580000e+00 -9.892700e+03 -1.382456e+04
7.590000e+00 -9.885507e+03 -1.381737e+04
7.600000e+00 -9.878315e+03 -1.381018e+04
7.610000e+00 -9.871122e+03 -1.380299e+04
7.620000e+00 -9.863930e+03 -1.379580e+04
7.630000e+00 -9.856738e+03 -1.378861e+04
7.640000e+00 -9.849545e+03 -1.378143e+04
7.650000e+00 -9.842353e+03 -1.377424e+04
7.660000e+00 -9.835160e+03 -1.376705e+04
7.670000e+00 -9.827968e+03 -1.375986e+04
7.680000e+00 -9.820776e+03 -1.375267e+04
7.690000e+00 -9.813583e+03 -1.374548e+04
7.700000e+00 -9.806391e+03 -1.373830e+04
7.710000e+00 -9.799198e+03 -1.373111e+04
7.720000e+00 -9.792006e+03 -1.372392e+04
7.730000e+00 -9.784814e+03 -1.371673e+04
7.740000e+00 -9.777621e+03 -1.370954e+04
7.750000e+00 -9.770429e+03 -1.370235e+04
7.760000e+00 -9.763236e+03 -1.369517e+04
7.770000e+00 -9.756044e+03 -1.368798e+04
7.780000e+00 -9.748852e+03 -1.368079e+04
7.790000e+00 -9.741659e+03 -1.367360e+04
7.800000e+00 -9.734467e+03 -1.366641e+04
7.810000e+00 -9.727274e+03 -1.365922e+04
7.820000e+00 -9.720082e+03 -1.365204e+04
7.830000e+00 -9.712890e+03 -1.364485e+04
7.840000e+00 -9.705697e+03 -1.363766e+04
7.850000e+00 -9.698505e+03 -1.363047e+04
7.860000e+00 -9.691312e+03 -1.362328e+04
7.870000e+00 -9.684120e+03 -1.361609e+04
7.880000e+00 -9.676928e+03 -1.360891e+04
7.890000e+00 -9.669735e+03 -1.360172e+04
7.900000e+00 -9.662543e+03 -1.359453e+04
7.910000e+00 -9.655350e+03 -1.358734e+04
7.920000e+00 -9.648158e+03 -1.358015e+04
7.930000e+00 -9.640966e+03 -1.357296e+04
7.940000e+00 -9.633773e+03 -1.356578e+04
7.950000e+00 -9.627993e+03 -1.356000e+04
7.960000e+00 -9.622902e+03 -1.355491e+04
7.970000e+00 -9.617811e+03 -1.354982e+04
7.980000e+00 -9.612721e+03 -1.354474e+04
7.990000e+00 -9.607630e+03 -1.353965e+04
8.000000e+00 -9.602540e+03 -1.353456e+04
8.010000e+00 -9.597449e+03 -1.352948e+04
8.020000e+00 -9.592359e+03 -1.352439e+04
8.030000e+00 -9.587268e+03 -1.351930e+04
8.040000e+00 -9.582177e+03 -1.351422e+04
8.050000e+00 -9.577087e+03 -1.350913e+04
8.060000e+00 -9.571996e+03 -1.350404e+04
8.070000e+00 -9.566906e+03 -1.349895e+04
8.080000e+00 -9.561815e+03 -1.349387e+04
8.090000e+00 -9.556725e+03 -1.348878e+04
8.100000e+00 -9.551634e+03 -1.348369e+04
8.110000e+00 -9.546543e+03 -1.347861e+04
8.120000e+00 -9.541453e+03 -1.347352e+04
8.130000e+00 -9.536362e+03 -1.346843e+04
8.140000e+00 -9.531272e+03 -1.346334e+04
8.150000e+00 -9.526181e+03 -1.345826e+04
8.160000e+00 -9.521090e+03 -1.345317e+04
8.170000e+00 -9.516000e+03 -1.344808e+04
8.180000e+00 -9.510909e+03 -1.344300e+04
8.190000e+00 -9.505819e+03 -1.343791e+04
8.200000e+00 -9.500728e+03 -1.343282e+04
8.210000e+00 -9.495638e+03 -1.342774e+04
8.220000e+00 -9.490547e+03 -1.342265e+04
8.230000e+00 -9.485456e+03 -1.341756e+04
8.240000e+00 -9.480366e+03 -1.341247e+04
8.250000e+00 -9.475275e+03 -1.340739e+04
8.260000e+00 -9.470185e+03 -1.340230e+04
8.270000e+00 -9.465094e+03 -1.339721e+04
8.280000e+00 -9.460003e+03 -1.339213e+04
8.290000e+00 -9.454913e+03 -1.338704e+04
8.300000e+00 -9.449822e+03 -1.338195e+04
8.310000e+00 -9.444732e+03 -1.337687e+04
8.320000e+00 -9.439641e+03 -1.337178e+04
8.330000e+00 -9.434551e+03 -1.336669e+04
8.340000e+00 -9.429460e+03 -1.336160e+04
8.350000e+00 -9.424369e+03 -1.335652e+04
8.360000e+00 -9.419279e+03 -1.335143e+04
8.370000e+00 -9.414188e+03 -1.334634e+04
8.380000e+00 -9.409098e+03 -1.334126e+04
8.390000e+00 -9.404007e+03 -1.333617e+04
8.400000e+00 -9.398917e+03 -1.333108e+04
8.410000e+00 -9.393826e+03 -1.332599e+04
8.420000e+00 -9.388735e+03 -1.332091e+04
8.430000e+00 -9.383645e+03 -1.331582e+04
8.440000e+00 -9.378554e+03 -1.331073e+04
8.450000e+00 -9.373464e+03 -1.330565e+04
8.460000e+00 -9.368373e+03 -1.330056e+04
8.470000e+00 -9.363282e+03 -1.329547e+04
8.480000e+00 -9.358192e+03 -1.329039e+04
8.490000e+00 -9.353101e+03 -1.328530e+04
8.500000e+00 -9.348011e+03 -1.328021e+04
8.510000e+00 -9.342920e+03 -1.327512e+04
8.520000e+00 -9.337830e+03 -1.327004e+04
8.530000e+00 -9.332739e+03 -1.326495e+04
8.540000e+00 -9.327648e+03 -1.325986e+04
8.550000e+00 -9.322558e+03 -1.325478e+04
8.560000e+00 -9.317467e+03 -1.324969e+04
8.570000e+00 -9.312377e+03 -1.324460e+04
8.580000e+00 -9.307286e+03 -1.323952e+04
8.590000e+00 -9.302195e+03 -1.323443e+04
8.600000e+00 -9.297105e+03 -1.322934e+04
8.610000e+00 -9.292014e+03 -1.322425e+04
8.620000e+00 -9.286924e+03 -1.321917e+04
8.630000e+00 -9.281833e+03 -1.321408e+04
8.640000e+00 -9.276743e+03 -1.320899e+04
8.650000e+00 -9.271652e+03 -1.320391e+04
8.660000e+00 -9.266561e+03 -1.319882e+04
8.670000e+00 -9.261471e+03 -1.319373e+04
8.680000e+00 -9.256380e+03 -1.318864e+04
8.690000e+00 -9.251290e+03 -1.318356e+04
8.700000e+00 -9.246199e+03 -1.317847e+04
8.710000e+00 -9.241109e+03 -1.317338e+04
8.720000e+00 -9.236018e+03 -1.316830e+04
8.730000e+00 -9.230927e+03 -1.316321e+04
8.740000e+00 -9.225837e+03 -1.315812e+04
8.750000e+00 -9.220746e+03 -1.315304e+04
8.760000e+00 -9.215656e+03 -1.314795e+04
8.770000e+00 -9.210565e+03 -1.314286e+04
8.780000e+00 -9.205474e+03 -1.313777e+04
8.790000e+00 -9.200384e+03 -1.313269e+04
8.800000e+00 -9.195293e+03 -1.312760e+04
8.810000e+00 -9.190203e+03 -1.312251e+04
8.820000e+00 -9.185112e+03 -1.311743e+04
8.830000e+00 -9.180022e+03 -1.311234e+04
8.840000e+00 -9.174931e+03 -1.310725e+04
8.850000e+00 -9.169840e+03 -1.310217e+04
8.860000e+00 -9.164750e+03 -1.309708e+04
8.870000e+00 -9.159659e+03 -1.309199e+04
8.880000e+00 -9.154569e+03 -1.308690e+04
8.890000e+00 -9.149478e+03 -1.308182e+04
8.900000e+00 -9.144387e+03 -1.307673e+04
8.910000e+00 -9.139297e+03 -1.307164e+04
8.920000e+00 -9.134206e+03 -1.306656e+04
8.930000e+00 -9.129116e+03 -1.306147e+04
8.940000e+00 -9.124025e+03 -1.305638e+04
8.950000e+00 -9.118935e+03 -1.305129e+04
8.960000e+00 -9.113844e+03 -1.304621e+04
8.970000e+00 -9.108753e+03 -1.304112e+04
8.980000e+00 -9.103663e+03 -1.303603e+04
8.990000e+00 -9.098572e+03 -1.303095e+04
9.000000e+00 -9.093482e+03 -1.302586e+04
9.010000e+00 -9.088391e+03 -1.302077e+04
9.020000e+00 -9.083301e+03 -1.301569e+04
9.030000e+00 -9.078210e+03 -1.301060e+04
9.040000e+00 -9.073119e+03 -1.300551e+04
9.050000e+00 -9.068029e+03 -1.300042e+04
9.060000e+00 -9.062938e+03 -1.299534e+04
9.070000e+00 -9.057848e+03 -1.299025e+04
9.080000e+00 -9.052757e+03 -1.298516e+04
9.090000e+00 -9.047666e+03 -1.298008e+04
9.100000e+00 -9.042576e+03 -1.297499e+04
9.110000e+00 -9.037485e+03 -1.296990e+04
9.120000e+00 -9.032395e+03 -1.296482e+04
9.130000e+00 -9.027304e+03 -1.295973e+04
9.140000e+00 -9.022214e+03 -1.295464e+04
9.150000e+00 -9.017123e+03 -1.294955e+04
9.160000e+00 -9.012032e+03 -1.294447e+04
9.170000e+00 -9.006942e+03 -1.293938e+04
9.180000e+00 -9.001851e+03 -1.293429e+04
9.190000e+00 -8.996761e+03 -1.292921e+04
9.200000e+00 -8.991670e+03 -1.292412e+04
9.210000e+00 -8.986579e+03 -1.291903e+04
9.220000e+00 -8.981489e+03 -1.291394e+04
9.230000e+00 -8.976398e+03 -1.290886e+04
9.240000e+00 -8.971308e+03 -1.290377e+04
9.250000e+00 -8.966217e+03 -1.289868e+04
9.260000e+00 -8.961127e+03 -1.289360e+04
9.270000e+00 -8.956036e+03 -1.288851e+04
9.280000e+00 -8.950945e+03 -1.288342e+04
9.290000e+00 -8.945855e+03 -1.287834e+04
9.300000e+00 -8.940764e+03 -1.287325e+04
9.310000e+00 -8.935674e+03 -1.286816e+04
9.320000e+00 -8.930583e+03 -1.286307e+04
9.330000e+00 -8.925493e+03 -1.285799e+04
9.340000e+00 -8.920402e+03 -1.285290e+04
9.350000e+00 -8.915311e+03 -1.284781e+04
9.360000e+00 -8.910221e+03 -1.284273e+04
9.370000e+00 -8.905130e+03 -1.283764e+04
9.380000e+00 -8.900040e+03 -1.283255e+04
9.390000e+00 -8.894949e+03 -1.282747e+04
9.400000e+00 -8.889858e+03 -1.282238e+04
9.410000e+00 -8.884768e+03 -1.281729e+04
9.420000e+00 -8.879677e+03 -1.281220e+04
9.430000e+00 -8.874587e+03 -1.280712e+04
9.440000e+00 -8.869496e+03 -1.280203e+04
9.450000e+00 -8.864406e+03 -1.279694e+04
9.460000e+00 -8.859315e+03 -1.279186e+04
9.470000e+00 -8.854224e+03 -1.278677e+04
9.480000e+00 -8.849134e+03 -1.278168e+04
9.490000e+00 -8.844043e+03 -1.277659e+04
9.500000e+00 -8.838953e+03 -1.277151e+04
9.510000e+00 -8.833862e+03 -1.276642e+04
9.520000e+00 -8.828772e+03 -1.276133e+04
9.530000e+00 -8.823681e+03 -1.275625e+04
9.540000e+00 -8.818590e+03 -1.275116e+04
9.550000e+00 -8.813500e+03 -1.274607e+04
9.560000e+00 -8.808409e+03 -1.274099e+04
9.570000e+00 -8.803319e+03 -1.273590e+04
9.580000e+00 -8.798228e+03 -1.273081e+04
9.590000e+00 -8.793137e+03 -1.272572e+04
9.600000e+00 -8.788047e+03 -1.272064e+04
9.610000e+00 -8.782956e+03 -1.271555e+04
9.620000e+00 -8.777866e+03 -1.271046e+04
9.630000e+00 -8.772775e+03 -1.270538e+04
9.640000e+00 -8.767685e+03 -1.270029e+04
9.650000e+00 -8.762594e+03 -1.269520e+04
9.660000e+00 -8.757503e+03 -1.269011e+04
9.670000e+00 -8.752413e+03 -1.268503e+04
9.680000e+00 -8.747322e+03 -1.267994e+04
9.690000e+00 -8.742232e+03 -1.267485e+04
9.700000e+00 -8.737141e+03 -1.266977e+04
9.710000e+00 -8.732050e+03 -1.266468e+04
9.720000e+00 -8.726960e+03 -1.265959e+04
9.730000e+00 -8.721869e+03 -1.265451e+04
9.740000e+00 -8.716779e+03 -1.264942e+04
9.750000e+00 -8.711688e+03 -1.264433e+04
9.760000e+00 -8.706598e+03 -1.263924e+04
9.770000e+00 -8.701507e+03 -1.263416e+04
9.780000e+00 -8.696416e+03 -1.262907e+04
9.790000e+00 -8.691326e+03 -1.262398e+04
9.800000e+00 -8.686235e+03 -1.261890e+04
9.810000e+00 -8.681145e+03 -1.261381e+04
9.820000e+00 -8.676054e+03 -1.260872e+04
9.830000e+00 -8.670964e+03 -1.260364e+04
9.840000e+00 -8.665873e+03 -1.259855e+04
9.850000e+00 -8.660782e+03 -1.259346e+04
9.860000e+00 -8.655692e+03 -1.258837e+04
9.870000e+00 -8.650601e+03 -1.258329e+04
9.880000e+00 -8.645511e+03 -1.257820e+04
9.890000e+00 -8.640420e+03 -1.257311e+04
9.900000e+00 -8.635329e+03 -1.256803e+04
9.910000e+00 -8.630239e+03 -1.256294e+04
9.920000e+00 -8.625148e+03 -1.255785e+04
9.930000e+00 -8.620058e+03 -1.255276e+04
9.940000e+00 -8.614967e+03 -1.254768e+04
9.950000e+00 -8.609877e+03 -1.254259e+04
9.960000e+00 -8.604786e+03 -1.253750e+04
9.970000e+00 -8.599695e+03 -1.253242e+04
9.980000e+00 -8.594605e+03 -1.252733e+04
9.990000e+00 -8.589514e+03 -1.252224e+04
1.000000e+01 -8.584441e+03 -1.251717e+04
1.001000e+01 -8.580821e+03 -1.251356e+04
1.002000e+01 -8.577219e+03 -1.250996e+04
1.003000e+01 -8.573616e+03 -1.250636e+04
1.004000e+01 -8.570014e+03 -1.250276e+04
1.005000e+01 -8.566412e+03 -1.249916e+04
1.006000e+01 -8.562809e+03 -1.249556e+04
1.007000e+01 -8.559207e+03 -1.249196e+04
1.008000e+01 -8.555604e+03 -1.248836e+04
1.009000e+01 -8.552002e+03 -1.248476e+04
1.010000e+01 -8.548400e+03 -1.248116e+04
1.011000e+01 -8.544797e+03 -1.247756e+04
1.012000e+01 -8.541195e+03 -1.247396e+04
1.013000e+01 -8.537592e+03 -1.247036e+04
1.014000e+01 -8.533990e+03 -1.246677e+04
1.015000e+01 -8.530388e+03 -1.246317e+04
1.016000e+01 -8.526785e+03 -1.245957e+04
1.017000e+01 -8.523183e+03 -1.245597e+04
1.018000e+01 -8.519580e+03 -1.245237e+04
1.019000e+01 -8.515978e+03 -1.244877e+04
1.020000e+01 -8.512376e+03 -1.244517e+04
1.021000e+01 -8.508773e+03 -1.244157e+04
1.022000e+01 -8.505171e+03 -1.243797e+04
1.023000e+01 -8.501568e+03 -1.243437e+04
1.024000e+01 -8.497966e+03 -1.243077e+04
1.025000e+01 -8.494364e+03 -1.242717e+04
1.026000e+01 -8.490761e+03 -1.242357e+04
1.027000e+01 -8.487159e+03 -1.241997e+04
1.028000e+01 -8.483556e+03 -1.241637e+04
1.029000e+01 -8.479954e+03 -1.241278e+04
1.030000e+01 -8.476352e+03 -1.240918e+04
1.031000e+01 -8.472749e+03 -1.240558e+04
1.032000e+01 -8.469147e+03 -1.240198e+04
1.033000e+01 -8.465544e+03 -1.239838e+04
1.034000e+01 -8.461942e+03 -1.239478e+04
1.035000e+01 -8.458340e+03 -1.239118e+04
1.036000e+01 -8.454737e+03 -1.238758e+04
1.037000e+01 -8.451135e+03 -1.238398e+04
1.038000e+01 -8.447532e+03 -1.238038e+04
1.039000e+01 -8.443930e+03 -1.237678e+04
1.040000e+01 -8.440328e+03 -1.237318e+04
1.041000e+01 -8.436725e+03 -1.236958e+04
1.042000e+01 -8.433123e+03 -1.236598e+04
1.043000e+01 -8.429520e+03 -1.236239e+04
1.044000e+01 -8.425918e+03 -1.235879e+04
1.045000e+01 -8.422316e+03 -1.235519e+04
1.046000e+01 -8.418713e+03 -1.235159e+04
1.047000e+01 -8.415111e+03 -1.234799e+04
1.048000e+01 -8.411508e+03 -1.234439e+04
1.049000e+01 -8.407906e+03 -1.234079e+04
1.050000e+01 -8.404304e+03 -1.233719e+04
1.051000e+01 -8.400701e+03 -1.233359e+04
1.052000e+01 -8.397099e+03 -1.232999e+04
1.053000e+01 -8.393497e+03 -1.232639e+04
1.054000e+01 -8.389894e+03 -1.232279e+04
1.055000e+01 -8.386292e+03 -1.231919e+04
1.056000e+01 -8.382689e+03 -1.231559e+04
1.057000e+01 -8.379087e+03 -1.231199e+04
1.058000e+01 -8.375485e+03 -1.230840e+04
1.059000e+01 -8.371882e+03 -1.230480e+04
1.060000e+01 -8.368280e+03 -1.230120e+04
1.061000e+01 -8.364677e+03 -1.229760e+04
1.062000e+01 -8.361075e+03 -1.229400e+04
1.063000e+01 -8.357473e+03 -1.229040e+04
1.064000e+01 -8.353870e+03 -1.228680e+04
1.065000e+01 -8.350268e+03 -1.228320e+04
1.066000e+01 -8.346665e+03 -1.227960e+04
1.067000e+01 -8.343063e+03 -1.227600e+04
1.068000e+01 -8.339461e+03 -1.227240e+04
1.069000e+01 -8.335858e+03 -1.226880e+04
1.070000e+01 -8.332256e+03 -1.226520e+04
1.071000e+01 -8.328653e+03 -1.226160e+04
1.072000e+01 -8.325051e+03 -1.225801e+04
1.073000e+01 -8.321449e+03 -1.225441e+04
1.074000e+01 -8.317846e+03 -1.225081e+04
1.075000e+01 -8.314244e+03 -1.224721e+04
1.076000e+01 -8.310641e+03 -1.224361e+04
1.077000e+01 -8.307039e+03 -1.224001e+04
1.078000e+01 -8.303437e+03 -1.223641e+04
1.079000e+01 -8.299834e+03 -1.223281e+04
1.080000e+01 -8.296232e+03 -1.222921e+04
1.081000e+01 -8.292629e+03 -1.222561e+04
1.082000e+01 -8.289027e+03 -1.222201e+04
1.083000e+01 -8.285425e+03 -1.221841e+04
1.084000e+01 -8.281822e+03 -1.221481e+04
1.085000e+01 -8.278220e+03 -1.221121e+04
1.086000e+01 -8.274617e+03 -1.220761e+04
1.087000e+01 -8.271015e+03 -1.220402e+04
1.088000e+01 -8.267413e+03 -1.220042e+04
1.089000e+01 -8.263810e+03 -1.219682e+04
1.090000e+01 -8.260208e+03 -1.219322e+04
1.091000e+01 -8.256605e+03 -1.218962e+04
1.092000e+01 -8.253003e+03 -1.218602e+04
1.093000e+01 -8.249401e+03 -1.218242e+04
1.094000e+01 -8.245798e+03 -1.217882e+04
1.095000e+01 -8.242196e+03 -1.217522e+04
1.096000e+01 -8.238593e+03 -1.217162e+04
1.097000e+01 -8.234991e+03 -1.216802e+04
1.098000e+01 -8.231389e+03 -1.216442e+04
1.099000e+01 -8.227786e+03 -1.216082e+04
1.100000e+01 -8.224184e+03 -1.215722e+04
1.101000e+01 -8.220581e+03 -1.215363e+04
1.102000e+01 -8.216979e+03 -1.215003e+04
1.103000e+01 -8.213377e+03 -1.214643e+04
1.104000e+01 -8.209774e+03 -1.214283e+04
1.105000e+01 -8.206172e+03 -1.213923e+04
1.106000e+01 -8.202569e+03 -1.213563e+04
1.107000e+01 -8.198967e+03 -1.213203e+04
1.108000e+01 -8.195365e+03 -1.212843e+04
1.109000e+01 -8.191762e+03 -1.212483e+04
1.110000e+01 -8.188160e+03 -1.212123e+04
1.111000e+01 -8.184557e+03 -1.211763e+04
1.112000e+01 -8.180955e+03 -1.211403e+04
1.113000e+01 -8.177353e+03 -1.211043e+04
1.114000e+01 -8.173750e+03 -1.210683e+04
1.115000e+01 -8.170148e+03 -1.210323e+04
1.116000e+01 -8.166545e+03 -1.209964e+04
1.117000e+01 -8.162943e+03 -1.209604e+04
1.118000e+01 -8.159341e+03 -1.209244e+04
1.119000e+01 -8.155738e+03 -1.208884e+04
1.120000e+01 -8.152136e+03 -1.208524e+04
1.121000e+01 -8.148533e+03 -1.208164e+04
1.122000e+01 -8.144931e+03 -1.207804e+04
1.123000e+01 -8.141329e+03 -1.207444e+04
1.124000e+01 -8.137726e+03 -1.207084e+04
1.125000e+01 -8.134124e+03 -1.206724e+04
1.126000e+01 -8.130521e+03 -1.206364e+04
1.127000e+01 -8.126919e+03 -1.206004e+04
1.128000e+01 -8.123317e+03 -1.205644e+04
1.129000e+01 -8.119714e+03 -1.205284e+04
1.130000e+01 -8.116112e+03 -1.204925e+04
1.131000e+01 -8.112509e+03 -1.204565e+04
1.132000e+01 -8.108907e+03 -1.204205e+04
1.133000e+01 -8.105305e+03 -1.203845e+04
1.134000e+01 -8.101702e+03 -1.203485e+04
1.135000e+01 -8.098100e+03 -1.203125e+04
1.136000e+01 -8.094497e+03 -1.202765e+04
1.137000e+01 -8.090895e+03 -1.202405e+04
1.138000e+01 -8.087293e+03 -1.202045e+04
1.139000e+01 -8.083690e+03 -1.201685e+04
1.140000e+01 -8.080088e+03 -1.201325e+04
1.141000e+01 -8.076485e+03 -1.200965e+04
1.142000e+01 -8.072883e+03 -1.200605e+04
1.143000e+01 -8.069281e+03 -1.200245e+04
1.144000e+01 -8.065678e+03 -1.199885e+04
1.145000e+01 -8.062076e+03 -1.199526e+04
1.146000e+01 -8.058473e+03 -1.199166e+04
1.147000e+01 -8.054871e+03 -1.198806e+04
1.148000e+01 -8.051269e+03 -1.198446e+04
1.149000e+01 -8.047666e+03 -1.198086e+04
1.150000e+01 -8.044064e+03 -1.197726e+04
1.151000e+01 -8.040461e+03 -1.197366e+04
1.152000e+01 -8.036859e+03 -1.197006e+04
1.153000e+01 -8.033257e+03 -1.196646e+04
1.154000e+01 -8.029654e+03 -1.196286e+04
1.155000e+01 -8.026052e+03 -1.195926e+04
1.156000e+01 -8.022449e+03 -1.195566e+04
1.157000e+01 -8.018847e+03 -1.195206e+04
1.158000e+01 -8.015245e+03 -1.194846e+04
1.159000e+01 -8.011642e+03 -1.194487e+04
1.160000e+01 -8.008040e+03 -1.194127e+04
1.161000e+01 -8.004437e+03 -1.193767e+04
1.162000e+01 -8.000835e+03 -1.193407e+04
1.163000e+01 -7.997233e+03 -1.193047e+04
1.164000e+01 -7.993630e+03 -1.192687e+04
1.165000e+01 -7.990028e+03 -1.192327e+04
1.166000e+01 -7.986425e+03 -1.191967e+04
1.167000e+01 -7.982823e+03 -1.191607e+04
1.168000e+01 -7.979221e+03 -1.191247e+04
1.169000e+01 -7.975618e+03 -1.190887e+04
1.170000e+01 -7.972016e+03 -1.190527e+04
1.171000e+01 -7.968413e+03 -1.190167e+04
1.172000e+01 -7.964811e+03 -1.189807e+04
1.173000e+01 -7.961209e+03 -1.189447e+04
1.174000e+01 -7.957606e+03 -1.189088e+04
1.175000e+01 -7.954004e+03 -1.188728e+04
1.176000e+01 -7.950401e+03 -1.188368e+04
1.177000e+01 -7.946799e+03 -1.188008e+04
1.178000e+01 -7.943197e+03 -1.187648e+04
1.179000e+01 -7.939594e+03 -1.187288e+04
1.180000e+01 -7.935992e+03 -1.186928e+04
1.181000e+01 -7.932389e+03 -1.186568e+04
1.182000e+01 -7.928787e+03 -1.186208e+04
1.183000e+01 -7.925185e+03 -1.185848e+04
1.184000e+01 -7.921582e+03 -1.185488e+04
1.185000e+01 -7.917980e+03 -1.185128e+04
1.186000e+01 -7.914377e+03 -1.184768e+04
1.187000e+01 -7.910775e+03 -1.184408e+04
1.188000e+01 -7.907173e+03 -1.184049e+04
1.189000e+01 -7.903570e+03 -1.183689e+04
1.190000e+01 -7.899968e+03 -1.183329e+04
1.191000e+01 -7.896365e+03 -1.182969e+04
1.192000e+01 -7.892763e+03 -1.182609e+04
1.193000e+01 -7.889161e+03 -1.182249e+04
1.194000e+01 -7.885558e+03 -1.181889e+04
1.195000e+01 -7.881956e+03 -1.181529e+04
1.196000e+01 -7.878353e+03 -1.181169e+04
1.197000e+01 -7.874751e+03 -1.180809e+04
1.198000e+01 -7.871149e+03 -1.180449e+04
1.199000e+01 -7.867546e+03 -1.180089e+04
1.200000e+01 -7.863944e+03 -1.179729e+04
1.201000e+01 -7.860341e+03 -1.179369e+04
1.202000e+01 -7.856739e+03 -1.179009e+04
1.203000e+01 -7.853137e+03 -1.178650e+04
1.204000e+01 -7.849534e+03 -1.178290e+04
1.205000e+01 -7.845932e+03 -1.177930e+04
1.206000e+01 -7.842329e+03 -1.177570e+04
1.207000e+01 -7.838727e+03 -1.177210e+04
1.208000e+01 -7.835125e+03 -1.176850e+04
1.209000e+01 -7.831522e+03 -1.176490e+04
1.210000e+01 -7.827920e+03 -1.176130e+04
1.211000e+01 -7.824317e+03 -1.175770e+04
1.212000e+01 -7.820715e+03 -1.175410e+04
1.213000e+01 -7.817113e+03 -1.175050e+04
1.214000e+01 -7.813510e+03 -1.174690e+04
1.215000e+01 -7.809908e+03 -1.174330e+04
1.216000e+01 -7.806305e+03 -1.173970e+04
1.217000e+01 -7.802703e+03 -1.173611e+04
1.218000e+01 -7.799101e+03 -1.173251e+04
1.219000e+01 -7.795498e+03 -1.172891e+04
1.220000e+01 -7.791896e+03 -1.172531e+04
1.221000e+01 -7.788293e+03 -1.172171e+04
1.222000e+01 -7.784691e+03 -1.171811e+04
1.223000e+01 -7.781089e+03 -1.171451e+04
1.224000e+01 -7.777486e+03 -1.171091e+04
1.225000e+01 -7.773884e+03 -1.170731e+04
1.226000e+01 -7.770281e+03 -1.170371e+04
1.227000e+01 -7.766679e+03 -1.170011e+04
1.228000e+01 -7.763077e+03 -1.169651e+04
1.229000e+01 -7.759474e+03 -1.169291e+04
1.230000e+01 -7.755872e+03 -1.168931e+04
1.231000e+01 -7.752270e+03 -1.168571e+04
1.232000e+01 -7.748667e+03 -1.168212e+04
1.233000e+01 -7.745065e+03 -1.167852e+04
1.234000e+01 -7.741462e+03 -1.167492e+04
1.235000e+01 -7.737860e+03 -1.167132e+04
1.236000e+01 -7.734258e+03 -1.166772e+04
1.237000e+01 -7.730655e+03 -1.166412e+04
1.238000e+01 -7.727053e+03 -1.166052e+04
1.239000e+01 -7.723450e+03 -1.165692e+04
1.240000e+01 -7.719848e+03 -1.165332e+04
1.241000e+01 -7.716246e+03 -1.164972e+04
1.242000e+01 -7.712643e+03 -1.164612e+04
1.243000e+01 -7.709041e+03 -1.164252e+04
1.244000e+01 -7.705438e+03 -1.163892e+04
1.245000e+01 -7.701836e+03 -1.163532e+04
1.246000e+01 -7.698234e+03 -1.163173e+04
1.247000e+01 -7.694631e+03 -1.162813e+04
1.248000e+01 -7.691029e+03 -1.162453e+04
1.249000e+01 -7.687426e+03 -1.162093e+04
1.250000e+01 -7.683824e+03 -1.161733e+04
1.251000e+01 -7.680222e+03 -1.161373e+04
1.252000e+01 -7.676619e+03 -1.161013e+04
1.253000e+01 -7.673017e+03 -1.160653e+04
1.254000e+01 -7.669414e+03 -1.160293e+04
1.255000e+01 -7.665812e+03 -1.159933e+04
1.256000e+01 -7.662210e+03 -1.159573e+04
1.257000e+01 -7.658607e+03 -1.159213e+04
1.258000e+01 -7.655005e+03 -1.158853e+04
1.259000e+01 -7.651485e+03 -1.158502e+04
1.260000e+01 -7.648932e+03 -1.158247e+04
1.261000e+01 -7.646384e+03 -1.157992e+04
1.262000e+01 -7.643835e+03 -1.157737e+04
1.263000e+01 -7.641286e+03 -1.157483e+04
1.264000e+01 -7.638738e+03 -1.157228e+04
1.265000e+01 -7.636189e+03 -1.156974e+04
1.266000e+01 -7.633640e+03 -1.156719e+04
1.267000e+01 -7.631092e+03 -1.156465e+04
1.268000e+01 -7.628543e+03 -1.156210e+04
1.269000e+01 -7.625995e+03 -1.155955e+04
1.270000e+01 -7.623446e+03 -1.155701e+04
1.271000e+01 -7.620897e+03 -1.155446e+04
1.272000e+01 -7.618349e+03 -1.155192e+04
1.273000e+01 -7.615800e+03 -1.154937e+04
1.274000e+01 -7.613251e+03 -1.154682e+04
1.275000e+01 -7.610703e+03 -1.154428e+04
1.276000e+01 -7.608154e+03 -1.154173e+04
1.277000e+01 -7.605605e+03 -1.153919e+04
1.278000e+01 -7.603057e+03 -1.153664e+04
1.279000e+01 -7.600508e+03 -1.153409e+04
1.280000e+01 -7.597959e+03 -1.153155e+04
1.281000e+01 -7.595411e+03 -1.152900e+04
1.282000e+01 -7.592862e+03 -1.152646e+04
1.283000e+01 -7.590314e+03 -1.152391e+04
1.284000e+01 -7.587765e+03 -1.152136e+04
1.285000e+01 -7.585216e+03 -1.151882e+04
1.286000e+01 -7.582668e+03 -1.151627e+04
1.287000e+01 -7.580119e+03 -1.151373e+04
1.288000e+01 -7.577570e+03 -1.151118e+04
1.289000e+01 -7.575022e+03 -1.150863e+04
1.290000e+01 -7.572473e+03 -1.150609e+04
1.291000e+01 -7.569924e+03 -1.150354e+04
1.292000e+01 -7.567376e+03 -1.150100e+04
1.293000e+01 -7.564827e+03 -1.149845e+04
1.294000e+01 -7.562278e+03 -1.149591e+04
1.295000e+01 -7.559730e+03 -1.149336e+04
1.296000e+01 -7.557181e+03 -1.149081e+04
1.297000e+01 -7.554633e+03 -1.148827e+04
1.298000e+01 -7.552084e+03 -1.148572e+04
1.299000e+01 -7.549535e+03 -1.148318e+04
1.300000e+01 -7.546987e+03 -1.148063e+04
1.301000e+01 -7.544438e+03 -1.147808e+04
1.302000e+01 -7.541889e+03 -1.147554e+04
1.303000e+01 -7.539341e+03 -1.147299e+04
1.304000e+01 -7.536792e+03 -1.147045e+04
1.305000e+01 -7.534243e+03 -1.146790e+04
1.306000e+01 -7.531695e+03 -1.146535e+04
1.307000e+01 -7.529146e+03 -1.146281e+04
1.308000e+01 -7.526597e+03 -1.146026e+04
1.309000e+01 -7.524049e+03 -1.145772e+04
1.310000e+01 -7.521500e+03 -1.145517e+04
1.311000e+01 -7.518952e+03 -1.145262e+04
1.312000e+01 -7.516403e+03 -1.145008e+04
1.313000e+01 -7.513854e+03 -1.144753e+04
1.314000e+01 -7.511306e+03 -1.144499e+04
1.315000e+01 -7.508757e+03 -1.144244e+04
1.316000e+01 -7.506208e+03 -1.143989e+04
1.317000e+01 -7.503660e+03 -1.143735e+04
1.318000e+01 -7.501111e+03 -1.143480e+04
1.319000e+01 -7.498562e+03 -1.143226e+04
1.320000e+01 -7.496014e+03 -1.142971e+04
1.321000e+01 -7.493465e+03 -1.142717e+04
1.322000e+01 -7.490916e+03 -1.142462e+04
1.323000e+01 -7.488368e+03 -1.142207e+04
1.324000e+01 -7.485819e+03 -1.141953e+04
1.325000e+01 -7.483271e+03 -1.141698e+04
1.326000e+01 -7.480722e+03 -1.141444e+04
1.327000e+01 -7.478173e+03 -1.141189e+04
1.328000e+01 -7.475625e+03 -1.140934e+04
1.329000e+01 -7.473076e+03 -1.140680e+04
1.330000e+01 -7.470527e+03 -1.140425e+04
1.331000e+01 -7.467979e+03 -1.140171e+04
1.332000e+01 -7.465430e+03 -1.139916e+04
1.333000e+01 -7.462881e+03 -1.139661e+04
1.334000e+01 -7.460333e+03 -1.139407e+04
1.335000e+01 -7.457784e+03 -1.139152e+04
1.336000e+01 -7.455235e+03 -1.138898e+04
1.337000e+01 -7.452687e+03 -1.138643e+04
1.338000e+01 -7.450138e+03 -1.138388e+04
1.339000e+01 -7.447590e+03 -1.138134e+04
1.340000e+01 -7.445041e+03 -1.137879e+04
1.341000e+01 -7.442492e+03 -1.137625e+04
1.342000e+01 -7.439944e+03 -1.137370e+04
1.343000e+01 -7.437395e+03 -1.137115e+04
1.344000e+01 -7.434846e+03 -1.136861e+04
1.345000e+01 -7.432298e+03 -1.136606e+04
1.346000e+01 -7.429749e+03 -1.136352e+04
1.347000e+01 -7.427200e+03 -1.136097e+04
1.348000e+01 -7.424652e+03 -1.135843e+04
1.349000e+01 -7.422103e+03 -1.135588e+04
1.350000e+01 -7.419554e+03 -1.135333e+04
1.351000e+01 -7.417006e+03 -1.135079e+04
1.352000e+01 -7.414457e+03 -1.134824e+04
1.353000e+01 -7.411909e+03 -1.134570e+04
1.354000e+01 -7.409360e+03 -1.134315e+04
1.355000e+01 -7.406811e+03 -1.134060e+04
1.356000e+01 -7.404263e+03 -1.133806e+04
1.357000e+01 -7.401714e+03 -1.133551e+04
1.358000e+01 -7.399165e+03 -1.133297e+04
1.359000e+01 -7.396617e+03 -1.133042e+04
1.360000e+01 -7.394068e+03 -1.132787e+04
1.361000e+01 -7.391519e+03 -1.132533e+04
1.362000e+01 -7.388971e+03 -1.132278e+04
1.363000e+01 -7.386422e+03 -1.132024e+04
1.364000e+01 -7.383873e+03 -1.131769e+04
1.365000e+01 -7.381325e+03 -1.131514e+04
1.366000e+01 -7.378776e+03 -1.131260e+04
1.367000e+01 -7.376228e+03 -1.131005e+04
1.368000e+01 -7.373679e+03 -1.130751e+04
1.369000e+01 -7.371130e+03 -1.130496e+04
1.370000e+01 -7.368582e+03 -1.130241e+04
1.371000e+01 -7.366033e+03 -1.129987e+04
1.372000e+01 -7.363484e+03 -1.129732e+04
1.373000e+01 -7.360936e+03 -1.129478e+04
1.374000e+01 -7.358387e+03 -1.129223e+04
1.375000e+01 -7.355838e+03 -1.128969e+04
1.376000e+01 -7.353290e+03 -1.128714e+04
1.377000e+01 -7.350741e+03 -1.128459e+04
1.378000e+01 -7.348192e+03 -1.128205e+04
1.379000e+01 -7.345644e+03 -1.127950e+04
1.380000e+01 -7.343095e+03 -1.127696e+04
1.381000e+01 -7.340547e+03 -1.127441e+04
1.382000e+01 -7.337998e+03 -1.127186e+04
1.383000e+01 -7.335449e+03 -1.126932e+04
1.384000e+01 -7.332901e+03 -1.126677e+04
1.385000e+01 -7.330352e+03 -1.126423e+04
1.386000e+01 -7.327803e+03 -1.126168e+04
1.387000e+01 -7.325255e+03 -1.125913e+04
1.388000e+01 -7.322706e+03 -1.125659e+04
1.389000e+01 -7.320157e+03 -1.125404e+04
1.390000e+01 -7.317609e+03 -1.125150e+04
1.391000e+01 -7.315060e+03 -1.124895e+04
1.392000e+01 -7.312511e+03 -1.124640e+04
1.393000e+01 -7.309963e+03 -1.124386e+04
1.394000e+01 -7.307414e+03 -1.124131e+04
1.395000e+01 -7.304866e+03 -1.123877e+04
1.396000e+01 -7.302317e+03 -1.123622e+04
1.397000e+01 -7.299768e+03 -1.123367e+04
1.398000e+01 -7.297220e+03 -1.123113e+04
1.399000e+01 -7.294671e+03 -1.122858e+04
1.400000e+01 -7.292122e+03 -1.122604e+04
1.401000e+01 -7.289574e+03 -1.122349e+04
1.402000e+01 -7.287025e+03 -1.122095e+04
1.403000e+01 -7.284476e+03 -1.121840e+04
1.404000e+01 -7.281928e+03 -1.121585e+04
1.405000e+01 -7.279379e+03 -1.121331e+04
1.406000e+01 -7.276830e+03 -1.121076e+04
1.407000e+01 -7.274282e+03 -1.120822e+04
1.408000e+01 -7.271733e+03 -1.120567e+04
1.409000e+01 -7.269185e+03 -1.120312e+04
1.410000e+01 -7.266636e+03 -1.120058e+04
1.411000e+01 -7.264087e+03 -1.119803e+04
1.412000e+01 -7.261539e+03 -1.119549e+04
1.413000e+01 -7.258990e+03 -1.119294e+04
1.414000e+01 -7.256441e+03 -1.119039e+04
1.415000e+01 -7.253893e+03 -1.118785e+04
1.416000e+01 -7.251344e+03 -1.118530e+04
1.417000e+01 -7.248795e+03 -1.118276e+04
1.418000e+01 -7.246247e+03 -1.118021e+04
1.419000e+01 -7.243698e+03 -1.117766e+04
1.420000e+01 -7.241149e+03 -1.117512e+04
1.421000e+01 -7.238601e+03 -1.117257e+04
1.422000e+01 -7.236052e+03 -1.117003e+04
1.423000e+01 -7.233504e+03 -1.116748e+04
1.424000e+01 -7.230955e+03 -1.116493e+04
1.425000e+01 -7.228406e+03 -1.116239e+04
1.426000e+01 -7.225858e+03 -1.115984e+04
1.427000e+01 -7.223309e+03 -1.115730e+04
1.428000e+01 -7.220760e+03 -1.115475e+04
1.429000e+01 -7.218212e+03 -1.115221e+04
1.430000e+01 -7.215663e+03 -1.114966e+04
1.431000e+01 -7.213114e+03 -1.114711e+04
1.432000e+01 -7.210566e+03 -1.114457e+04
1.433000e+01 -7.208017e+03 -1.114202e+04
1.434000e+01 -7.205468e+03 -1.113948e+04
1.435000e+01 -7.202920e+03 -1.113693e+04
1.436000e+01 -7.200371e+03 -1.113438e+04
1.437000e+01 -7.197823e+03 -1.113184e+04
1.438000e+01 -7.195274e+03 -1.112929e+04
1.439000e+01 -7.192725e+03 -1.112675e+04
1.440000e+01 -7.190177e+03 -1.112420e+04
1.441000e+01 -7.187628e+03 -1.112165e+04
1.442000e+01 -7.185079e+03 -1.111911e+04
1.443000e+01 -7.182531e+03 -1.111656e+04
1.444000e+01 -7.179982e+03 -1.111402e+04
1.445000e+01 -7.177433e+03 -1.111147e+04
1.446000e+01 -7.174885e+03 -1.110892e+04
1.447000e+01 -7.172336e+03 -1.110638e+04
1.448000e+01 -7.169787e+03 -1.110383e+04
1.449000e+01 -7.167239e+03 -1.110129e+04
1.450000e+01 -7.164690e+03 -1.109874e+04
1.451000e+01 -7.162142e+03 -1.109619e+04
1.452000e+01 -7.159593e+03 -1.109365e+04
1.453000e+01 -7.157044e+03 -1.109110e+04
1.454000e+01 -7.154496e+03 -1.108856e+04
1.455000e+01 -7.151947e+03 -1.108601e+04
1.456000e+01 -7.149398e+03 -1.108346e+04
1.457000e+01 -7.146850e+03 -1.108092e+04
1.458000e+01 -7.144301e+03 -1.107837e+04
1.459000e+01 -7.141752e+03 -1.107583e+04
1.460000e+01 -7.139204e+03 -1.107328e+04
1.461000e+01 -7.136655e+03 -1.107074e+04
1.462000e+01 -7.134106e+03 -1.106819e+04
1.463000e+01 -7.131558e+03 -1.106564e+04
1.464000e+01 -7.129009e+03 -1.106310e+04
1.465000e+01 -7.126461e+03 -1.106055e+04
1.466000e+01 -7.123912e+03 -1.105801e+04
1.467000e+01 -7.121363e+03 -1.105546e+04
1.468000e+01 -7.118815e+03 -1.105291e+04
1.469000e+01 -7.116266e+03 -1.105037e+04
1.470000e+01 -7.113717e+03 -1.104782e+04
1.471000e+01 -7.111169e+03 -1.104528e+04
1.472000e+01 -7.108620e+03 -1.104273e+04
1.473000e+01 -7.106071e+03 -1.104018e+04
1.474000e+01 -7.103523e+03 -1.103764e+04
1.475000e+01 -7.100974e+03 -1.103509e+04
1.476000e+01 -7.098425e+03 -1.103255e+04
1.477000e+01 -7.095877e+03 -1.103000e+04
1.478000e+01 -7.093328e+03 -1.102745e+04
1.479000e+01 -7.090780e+03 -1.102491e+04
1.480000e+01 -7.088231e+03 -1.102236e+04
1.481000e+01 -7.085682e+03 -1.101982e+04
1.482000e+01 -7.083134e+03 -1.101727e+04
1.483000e+01 -7.080585e+03 -1.101472e+04
1.484000e+01 -7.078036e+03 -1.101218e+04
1.485000e+01 -7.075488e+03 -1.100963e+04
1.486000e+01 -7.072939e+03 -1.100709e+04
1.487000e+01 -7.070390e+03 -1.100454e+04
1.488000e+01 -7.067842e+03 -1.100200e+04
1.489000e+01 -7.065293e+03 -1.099945e+04
1.490000e+01 -7.062744e+03 -1.099690e+04
1.491000e+01 -7.060196e+03 -1.099436e+04
1.492000e+01 -7.057647e+03 -1.099181e+04
1.493000e+01 -7.055099e+03 -1.098927e+04
1.494000e+01 -7.052550e+03 -1.098672e+04
1.495000e+01 -7.050001e+03 -1.098417e+04
1.496000e+01 -7.047453e+03 -1.098163e+04
1.497000e+01 -7.044904e+03 -1.097908e+04
1.498000e+01 -7.042355e+03 -1.097654e+04
1.499000e+01 -7.039807e+03 -1.097399e+04
1.500000e+01 -7.037258e+03 -1.097144e+04
1.501000e+01 -7.034709e+03 -1.096890e+04
1.502000e+01 -7.032161e+03 -1.096635e+04
1.503000e+01 -7.029612e+03 -1.096381e+04
1.504000e+01 -7.027063e+03 -1.096126e+04
1.505000e+01 -7.024515e+03 -1.095871e+04
1.506000e+01 -7.021966e+03 -1.095617e+04
1.507000e+01 -7.019418e+03 -1.095362e+04
1.508000e+01 -7.016869e+03 -1.095108e+04
1.509000e+01 -7.014320e+03 -1.094853e+04
1.510000e+01 -7.011772e+03 -1.094598e+04
1.511000e+01 -7.009223e+03 -1.094344e+04
1.512000e+01 -7.006674e+03 -1.094089e+04
1.513000e+01 -7.004126e+03 -1.093835e+04
1.514000e+01 -7.001577e+03 -1.093580e+04
1.515000e+01 -6.999028e+03 -1.093326e+04
1.516000e+01 -6.996480e+03 -1.093071e+04
1.517000e+01 -6.993931e+03 -1.092816e+04
1.518000e+01 -6.991382e+03 -1.092562e+04
1.519000e+01 -6.988834e+03 -1.092307e+04
1.520000e+01 -6.986285e+03 -1.092053e+04
1.521000e+01 -6.983737e+03 -1.091798e+04
1.522000e+01 -6.981188e+03 -1.091543e+04
1.523000e+01 -6.978639e+03 -1.091289e+04
1.524000e+01 -6.976091e+03 -1.091034e+04
1.525000e+01 -6.973542e+03 -1.090780e+04
1.526000e+01 -6.970993e+03 -1.090525e+04
1.527000e+01 -6.968445e+03 -1.090270e+04
1.528000e+01 -6.965896e+03 -1.090016e+04
1.529000e+01 -6.963347e+03 -1.089761e+04
1.530000e+01 -6.960799e+03 -1.089507e+04
1.531000e+01 -6.958250e+03 -1.089252e+04
1.532000e+01 -6.955701e+03 -1.088997e+04
1.533000e+01 -6.953153e+03 -1.088743e+04
1.534000e+01 -6.950604e+03 -1.088488e+04
1.535000e+01 -6.948056e+03 -1.088234e+04
1.536000e+01 -6.945507e+03 -1.087979e+04
1.537000e+01 -6.942958e+03 -1.087724e+04
1.538000e+01 -6.940410e+03 -1.087470e+04
1.539000e+01 -6.937861e+03 -1.087215e+04
1.540000e+01 -6.935312e+03 -1.086961e+04
1.541000e+01 -6.932764e+03 -1.086706e+04
1.542000e+01 -6.930215e+03 -1.086452e+04
1.543000e+01 -6.927666e+03 -1.086197e+04
1.544000e+01 -6.925118e+03 -1.085942e+04
1.545000e+01 -6.922569e+03 -1.085688e+04
1.546000e+01 -6.920020e+03 -1.085433e+04
1.547000e+01 -6.917472e+03 -1.085179e+04
1.548000e+01 -6.914923e+03 -1.084924e+04
1.549000e+01 -6.912375e+03 -1.084669e+04
1.550000e+01 -6.909826e+03 -1.084415e+04
1.551000e+01 -6.907277e+03 -1.084160e+04
1.552000e+01 -6.904729e+03 -1.083906e+04
1.553000e+01 -6.902180e+03 -1.083651e+04
1.554000e+01 -6.899631e+03 -1.083396e+04
1.555000e+01 -6.897083e+03 -1.083142e+04
1.556000e+01 -6.894534e+03 -1.082887e+04
1.557000e+01 -6.891985e+03 -1.082633e+04
1.558000e+01 -6.889437e+03 -1.082378e+04
1.559000e+01 -6.886888e+03 -1.082123e+04
1.560000e+01 -6.884339e+03 -1.081869e+04
1.561000e+01 -6.881791e+03 -1.081614e+04
1.562000e+01 -6.879242e+03 -1.081360e+04
1.563000e+01 -6.876694e+03 -1.081105e+04
1.564000e+01 -6.874145e+03 -1.080850e+04
1.565000e+01 -6.871596e+03 -1.080596e+04
1.566000e+01 -6.869048e+03 -1.080341e+04
1.567000e+01 -6.866499e+03 -1.080087e+04
1.568000e+01 -6.863950e+03 -1.079832e+04
1.569000e+01 -6.861402e+03 -1.079578e+04
1.570000e+01 -6.858853e+03 -1.079323e+04
1.571000e+01 -6.856304e+03 -1.079068e+04
1.572000e+01 -6.853756e+03 -1.078814e+04
1.573000e+01 -6.851207e+03 -1.078559e+04
1.574000e+01 -6.848658e+03 -1.078305e+04
1.575000e+01 -6.846110e+03 -1.078050e+04
1.576000e+01 -6.843561e+03 -1.077795e+04
1.577000e+01 -6.841013e+03 -1.077541e+04
1.578000e+01 -6.838464e+03 -1.077286e+04
1.579000e+01 -6.835915e+03 -1.077032e+04
1.580000e+01 -6.833367e+03 -1.076777e+04
1.581000e+01 -6.830818e+03 -1.076522e+04
1.582000e+01 -6.828269e+03 -1.076268e+04
1.583000e+01 -6.825721e+03 -1.076013e+04
1.584000e+01 -6.823172e+03 -1.075759e+04
1.585000e+01 -6.820743e+03 -1.075516e+04
1.586000e+01 -6.818901e+03 -1.075332e+04
1.587000e+01 -6.817098e+03 -1.075152e+04
1.588000e+01 -6.815296e+03 -1.074972e+04
1.589000e+01 -6.813493e+03 -1.074792e+04
1.590000e+01 -6.811691e+03 -1.074612e+04
1.591000e+01 -6.809889e+03 -1.074432e+04
1.592000e+01 -6.808086e+03 -1.074252e+04
1.593000e+01 -6.806284e+03 -1.074072e+04
1.594000e+01 -6.804481e+03 -1.073892e+04
1.595000e+01 -6.802679e+03 -1.073712e+04
1.596000e+01 -6.800876e+03 -1.073532e+04
1.597000e+01 -6.799074e+03 -1.073352e+04
1.598000e+01 -6.797272e+03 -1.073172e+04
1.599000e+01 -6.795469e+03 -1.072992e+04
1.600000e+01 -6.793667e+03 -1.072812e+04
1.601000e+01 -6.791864e+03 -1.072632e+04
1.602000e+01 -6.790062e+03 -1.072452e+04
1.603000e+01 -6.788259e+03 -1.072272e+04
1.604000e+01 -6.786457e+03 -1.072092e+04
1.605000e+01 -6.784654e+03 -1.071912e+04
1.606000e+01 -6.782852e+03 -1.071732e+04
1.607000e+01 -6.781050e+03 -1.071552e+04
1.608000e+01 -6.779247e+03 -1.071372e+04
1.609000e+01 -6.777445e+03 -1.071192e+04
1.610000e+01 -6.775642e+03 -1.071012e+04
1.611000e+01 -6.773840e+03 -1.070832e+04
1.612000e+01 -6.772037e+03 -1.070652e+04
1.613000e+01 -6.770235e+03 -1.070472e+04
1.614000e+01 -6.768433e+03 -1.070292e+04
1.615000e+01 -6.766630e+03 -1.070112e+04
1.616000e+01 -6.764828e+03 -1.069932e+04
1.617000e+01 -6.763025e+03 -1.069752e+04
1.618000e+01 -6.761223e+03 -1.069572e+04
1.619000e+01 -6.759420e+03 -1.069392e+04
1.620000e+01 -6.757618e+03 -1.069212e+04
1.621000e+01 -6.755816e+03 -1.069032e+04
1.622000e+01 -6.754013e+03 -1.068852e+04
1.623000e+01 -6.752211e+03 -1.068672e+04
1.624000e+01 -6.750408e+03 -1.068492e+04
1.625000e+01 -6.748606e+03 -1.068312e+04
1.626000e+01 -6.746803e+03 -1.068132e+04
1.627000e+01 -6.745001e+03 -1.067952e+04
1.628000e+01 -6.743199e+03 -1.067772e+04
1.629000e+01 -6.741396e+03 -1.067592e+04
1.630000e+01 -6.739594e+03 -1.067412e+04
1.631000e+01 -6.737791e+03 -1.067232e+04
1.632000e+01 -6.735989e+03 -1.067052e+04
1.633000e+01 -6.734186e+03 -1.066872e+04
1.634000e+01 -6.732384e+03 -1.066692e+04
1.635000e+01 -6.730582e+03 -1.066512e+04
1.636000e+01 -6.728779e+03 -1.066332e+04
1.637000e+01 -6.726977e+03 -1.066152e+04
1.638000e+01 -6.725174e+03 -1.065972e+04
1.639000e+01 -6.723372e+03 -1.065792e+04
1.640000e+01 -6.721569e+03 -1.065612e+04
1.641000e+01 -6.719767e+03 -1.065432e+04
1.642000e+01 -6.717965e+03 -1.065252e+04
1.643000e+01 -6.716162e+03 -1.065072e+04
1.644000e+01 -6.714360e+03 -1.064892e+04
1.645000e+01 -6.712557e+03 -1.064712e+04
1.646000e+01 -6.710755e+03 -1.064532e+04
1.647000e+01 -6.708952e+03 -1.064352e+04
1.648000e+01 -6.707150e+03 -1.064172e+04
1.649000e+01 -6.705348e+03 -1.063992e+04
1.650000e+01 -6.703545e+03 -1.063812e+04
1.651000e+01 -6.701743e+03 -1.063632e+04
1.652000e+01 -6.699940e+03 -1.063452e+04
1.653000e+01 -6.698138e+03 -1.063272e+04
1.654000e+01 -6.696335e+03 -1.063092e+04
1.655000e+01 -6.694533e+03 -1.062912e+04
1.656000e+01 -6.692730e+03 -1.062732e+04
1.657000e+01 -6.690928e+03 -1.062552e+04
1.658000e+01 -6.689126e+03 -1.062372e+04
1.659000e+01 -6.687323e+03 -1.062192e+04
1.660000e+01 -6.685521e+03 -1.062012e+04
1.661000e+01 -6.683718e+03 -1.061832e+04
1.662000e+01 -6.681916e+03 -1.061652e+04
1.663000e+01 -6.680113e+03 -1.061472e+04
1.664000e+01 -6.678311e+03 -1.061292e+04
1.665000e+01 -6.676509e+03 -1.061112e+04
1.666000e+01 -6.674706e+03 -1.060932e+04
1.667000e+01 -6.672904e+03 -1.060752e+04
1.668000e+01 -6.671101e+03 -1.060572e+04
1.669000e+01 -6.669299e+03 -1.060392e+04
1.670000e+01 -6.667496e+03 -1.060212e+04
1.671000e+01 -6.665694e+03 -1.060032e+04
1.672000e+01 -6.663892e+03 -1.059852e+04
1.673000e+01 -6.662089e+03 -1.059672e+04
1.674000e+01 -6.660287e+03 -1.059492e+04
1.675000e+01 -6.658484e+03 -1.059312e+04
1.676000e+01 -6.656682e+03 -1.059132e+04
1.677000e+01 -6.654879e+03 -1.058952e+04
1.678000e+01 -6.653077e+03 -1.058772e+04
1.679000e+01 -6.651275e+03 -1.058592e+04
1.680000e+01 -6.649472e+03 -1.058412e+04
1.681000e+01 -6.647670e+03 -1.058232e+04
1.682000e+01 -6.645867e+03 -1.058052e+04
1.683000e+01 -6.644065e+03 -1.057872e+04
1.684000e+01 -6.642262e+03 -1.057692e+04
1.685000e+01 -6.640460e+03 -1.057512e+04
1.686000e+01 -6.638658e+03 -1.057332e+04
1.687000e+01 -6.636855e+03 -1.057152e+04
1.688000e+01 -6.635053e+03 -1.056972e+04
1.689000e+01 -6.633250e+03 -1.056792e+04
1.690000e+01 -6.631448e+03 -1.056612e+04
1.691000e+01 -6.629645e+03 -1.056432e+04
1.692000e+01 -6.627843e+03 -1.056252e+04
1.693000e+01 -6.626041e+03 -1.056072e+04
1.694000e+01 -6.624238e+03 -1.055892e+04
1.695000e+01 -6.622436e+03 -1.055712e+04
1.696000e+01 -6.620633e+03 -1.055532e+04
1.697000e+01 -6.618831e+03 -1.055352e+04
1.698000e+01 -6.617028e+03 -1.055172e+04
1.699000e+01 -6.615226e+03 -1.054992e+04
1.700000e+01 -6.613423e+03 -1.054812e+04
1.701000e+01 -6.611621e+03 -1.054632e+04
1.702000e+01 -6.609819e+03 -1.054452e+04
1.703000e+01 -6.608016e+03 -1.054272e+04
1.704000e+01 -6.606214e+03 -1.054092e+04
1.705000e+01 -6.604411e+03 -1.053912e+04
1.706000e+01 -6.602609e+03 -1.053732e+04
1.707000e+01 -6.600806e+03 -1.053552e+04
1.708000e+01 -6.599004e+03 -1.053372e+04
1.709000e+01 -6.597202e+03 -1.053192e+04
1.710000e+01 -6.595399e+03 -1.053012e+04
1.711000e+01 -6.593597e+03 -1.052832e+04
1.712000e+01 -6.591794e+03 -1.052652e+04
1.713000e+01 -6.589992e+03 -1.052472e+04
1.714000e+01 -6.588189e+03 -1.052292e+04
1.715000e+01 -6.586387e+03 -1.052112e+04
1.716000e+01 -6.584585e+03 -1.051932e+04
1.717000e+01 -6.582782e+03 -1.051752e+04
1.718000e+01 -6.580980e+03 -1.051572e+04
1.719000e+01 -6.579177e+03 -1.051392e+04
1.720000e+01 -6.577375e+03 -1.051212e+04
1.721000e+01 -6.575572e+03 -1.051032e+04
1.722000e+01 -6.573770e+03 -1.050852e+04
1.723000e+01 -6.571968e+03 -1.050672e+04
1.724000e+01 -6.570165e+03 -1.050492e+04
1.725000e+01 -6.568363e+03 -1.050312e+04
1.726000e+01 -6.566560e+03 -1.050132e+04
1.727000e+01 -6.564758e+03 -1.049952e+04
1.728000e+01 -6.562955e+03 -1.049772e+04
1.729000e+01 -6.561153e+03 -1.049592e+04
1.730000e+01 -6.559351e+03 -1.049412e+04
1.731000e+01 -6.557548e+03 -1.049232e+04
1.732000e+01 -6.555746e+03 -1.049052e+04
1.733000e+01 -6.553943e+03 -1.048872e+04
1.734000e+01 -6.552141e+03 -1.048692e+04
1.735000e+01 -6.550338e+03 -1.048512e+04
1.736000e+01 -6.548536e+03 -1.048332e+04
1.737000e+01 -6.546734e+03 -1.048152e+04
1.738000e+01 -6.544931e+03 -1.047972e+04
1.739000e+01 -6.543129e+03 -1.047792e+04
1.740000e+01 -6.541326e+03 -1.047612e+04
1.741000e+01 -6.539524e+03 -1.047432e+04
1.742000e+01 -6.537721e+03 -1.047252e+04
1.743000e+01 -6.535919e+03 -1.047072e+04
1.744000e+01 -6.534117e+03 -1.046892e+04
1.745000e+01 -6.532314e+03 -1.046712e+04
1.746000e+01 -6.530512e+03 -1.046532e+04
1.747000e+01 -6.528709e+03 -1.046352e+04
1.748000e+01 -6.526907e+03 -1.046172e+04
1.749000e+01 -6.525104e+03 -1.045992e+04
1.750000e+01 -6.523302e+03 -1.045812e+04
1.751000e+01 -6.521499e+03 -1.045632e+04
1.752000e+01 -6.519697e+03 -1.045452e+04
1.753000e+01 -6.517895e+03 -1.045272e+04
1.754000e+01 -6.516092e+03 -1.045092e+04
1.755000e+01 -6.514290e+03 -1.044912e+04
1.756000e+01 -6.512487e+03 -1.044732e+04
1.757000e+01 -6.510685e+03 -1.044552e+04
1.758000e+01 -6.508882e+03 -1.044372e+04
1.759000e+01 -6.507080e+03 -1.044192e+04
1.760000e+01 -6.505278e+03 -1.044012e+04
1.761000e+01 -6.503475e+03 -1.043832e+04
1.762000e+01 -6.501673e+03 -1.043652e+04
1.763000e+01 -6.499870e+03 -1.043472e+04
1.764000e+01 -6.498068e+03 -1.043292e+04
1.765000e+01 -6.496265e+03 -1.043112e+04
1.766000e+01 -6.494463e+03 -1.042932e+04
1.767000e+01 -6.492661e+03 -1.042752e+04
1.768000e+01 -6.490858e+03 -1.042572e+04
1.769000e+01 -6.489056e+03 -1.042392e+04
1.770000e+01 -6.487253e+03 -1.042212e+04
1.771000e+01 -6.485451e+03 -1.042032e+04
1.772000e+01 -6.483648e+03 -1.041852e+04
1.773000e+01 -6.481846e+03 -1.041672e+04
1.774000e+01 -6.480044e+03 -1.041492e+04
1.775000e+01 -6.478241e+03 -1.041312e+04
1.776000e+01 -6.476439e+03 -1.041132e+04
1.777000e+01 -6.474636e+03 -1.040952e+04
1.778000e+01 -6.472834e+03 -1.040772e+04
1.779000e+01 -6.471031e+03 -1.040592e+04
1.780000e+01 -6.469229e+03 -1.040412e+04
1.781000e+01 -6.467427e+03 -1.040232e+04
1.782000e+01 -6.465624e+03 -1.040052e+04
1.783000e+01 -6.463822e+03 -1.039872e+04
1.784000e+01 -6.462019e+03 -1.039692e+04
1.785000e+01 -6.460217e+03 -1.039512e+04
1.786000e+01 -6.458414e+03 -1.039332e+04
1.787000e+01 -6.456612e+03 -1.039152e+04
1.788000e+01 -6.454810e+03 -1.038972e+04
1.789000e+01 -6.453007e+03 -1.038792e+04
1.790000e+01 -6.451205e+03 -1.038612e+04
1.791000e+01 -6.449402e+03 -1.038432e+04
1.792000e+01 -6.447600e+03 -1.038252e+04
1.793000e+01 -6.445797e+03 -1.038072e+04
1.794000e+01 -6.443995e+03 -1.037892e+04
1.795000e+01 -6.442192e+03 -1.037712e+04
1.796000e+01 -6.440390e+03 -1.037532e+04
1.797000e+01 -6.438588e+03 -1.037352e+04
1.798000e+01 -6.436785e+03 -1.037172e+04
1.799000e+01 -6.434983e+03 -1.036992e+04
1.800000e+01 -6.433180e+03 -1.036812e+04
1.801000e+01 -6.431378e+03 -1.036632e+04
1.802000e+01 -6.429575e+03 -1.036452e+04
1.803000e+01 -6.427773e+03 -1.036272e+04
1.804000e+01 -6.425971e+03 -1.036092e+04
1.805000e+01 -6.424168e+03 -1.035912e+04
1.806000e+01 -6.422366e+03 -1.035732e+04
1.807000e+01 -6.420563e+03 -1.035552e+04
1.808000e+01 -6.418761e+03 -1.035372e+04
1.809000e+01 -6.416958e+03 -1.035192e+04
1.810000e+01 -6.415156e+03 -1.035012e+04
1.811000e+01 -6.413354e+03 -1.034832e+04
1.812000e+01 -6.411551e+03 -1.034652e+04
1.813000e+01 -6.409749e+03 -1.034472e+04
1.814000e+01 -6.407946e+03 -1.034292e+04
1.815000e+01 -6.406144e+03 -1.034112e+04
1.816000e+01 -6.404341e+03 -1.033932e+04
1.817000e+01 -6.402539e+03 -1.033752e+04
1.818000e+01 -6.400737e+03 -1.033572e+04
1.819000e+01 -6.398934e+03 -1.033392e+04
1.820000e+01 -6.397132e+03 -1.033212e+04
1.821000e+01 -6.395329e+03 -1.033032e+04
1.822000e+01 -6.393527e+03 -1.032852e+04
1.823000e+01 -6.391724e+03 -1.032672e+04
1.824000e+01 -6.389922e+03 -1.032492e+04
1.825000e+01 -6.388120e+03 -1.032312e+04
1.826000e+01 -6.386317e+03 -1.032132e+04
1.827000e+01 -6.384515e+03 -1.031952e+04
1.828000e+01 -6.382712e+03 -1.031772e+04
1.829000e+01 -6.380910e+03 -1.031592e+04
1.830000e+01 -6.379107e+03 -1.031412e+04
1.831000e+01 -6.377305e+03 -1.031232e+04
1.832000e+01 -6.375503e+03 -1.031052e+04
1.833000e+01 -6.373700e+03 -1.030872e+04
1.834000e+01 -6.371898e+03 -1.030692e+04
1.835000e+01 -6.370095e+03 -1.030512e+04
1.836000e+01 -6.368293e+03 -1.030332e+04
1.837000e+01 -6.366490e+03 -1.030152e+04
1.838000e+01 -6.364688e+03 -1.029972e+04
1.839000e+01 -6.362886e+03 -1.029792e+04
1.840000e+01 -6.361083e+03 -1.029612e+04
1.841000e+01 -6.359281e+03 -1.029432e+04
1.842000e+01 -6.357478e+03 -1.029252e+04
1.843000e+01 -6.355676e+03 -1.029072e+04
1.844000e+01 -6.353873e+03 -1.028892e+04
1.845000e+01 -6.352071e+03 -1.028712e+04
1.846000e+01 -6.350268e+03 -1.028532e+04
1.847000e+01 -6.348466e+03 -1.028352e+04
1.848000e+01 -6.346664e+03 -1.028172e+04
1.849000e+01 -6.344861e+03 -1.027992e+04
1.850000e+01 -6.343059e+03 -1.027812e+04
1.851000e+01 -6.341256e+03 -1.027632e+04
1.852000e+01 -6.339454e+03 -1.027452e+04
1.853000e+01 -6.337651e+03 -1.027272e+04
1.854000e+01 -6.335849e+03 -1.027092e+04
1.855000e+01 -6.334047e+03 -1.026912e+04
1.856000e+01 -6.332244e+03 -1.026732e+04
1.857000e+01 -6.330442e+03 -1.026552e+04
1.858000e+01 -6.328639e+03 -1.026372e+04
1.859000e+01 -6.326837e+03 -1.026192e+04
1.860000e+01 -6.325034e+03 -1.026012e+04
1.861000e+01 -6.323232e+03 -1.025832e+04
1.862000e+01 -6.321430e+03 -1.025652e+04
1.863000e+01 -6.319627e+03 -1.025472e+04
1.864000e+01 -6.317825e+03 -1.025292e+04
1.865000e+01 -6.316022e+03 -1.025112e+04
1.866000e+01 -6.314220e+03 -1.024932e+04
1.867000e+01 -6.312417e+03 -1.024752e+04
1.868000e+01 -6.310615e+03 -1.024572e+04
1.869000e+01 -6.308813e+03 -1.024392e+04
1.870000e+01 -6.307010e+03 -1.024212e+04
1.871000e+01 -6.305208e+03 -1.024032e+04
1.872000e+01 -6.303405e+03 -1.023852e+04
1.873000e+01 -6.301603e+03 -1.023672e+04
1.874000e+01 -6.299800e+03 -1.023492e+04
1.875000e+01 -6.297998e+03 -1.023312e+04
1.876000e+01 -6.296196e+03 -1.023132e+04
1.877000e+01 -6.294393e+03 -1.022952e+04
1.878000e+01 -6.292591e+03 -1.022772e+04
1.879000e+01 -6.290788e+03 -1.022592e+04
1.880000e+01 -6.288986e+03 -1.022412e+04
1.881000e+01 -6.287183e+03 -1.022232e+04
1.882000e+01 -6.285381e+03 -1.022052e+04
1.883000e+01 -6.283579e+03 -1.021872e+04
1.884000e+01 -6.281776e+03 -1.021692e+04
1.885000e+01 -6.279974e+03 -1.021512e+04
1.886000e+01 -6.278171e+03 -1.021332e+04
1.887000e+01 -6.276369e+03 -1.021152e+04
1.888000e+01 -6.274566e+03 -1.020972e+04
1.889000e+01 -6.272764e+03 -1.020792e+04
1.890000e+01 -6.270961e+03 -1.020612e+04
1.891000e+01 -6.269159e+03 -1.020432e+04
1.892000e+01 -6.267357e+03 -1.020252e+04
1.893000e+01 -6.265554e+03 -1.020072e+04
1.894000e+01 -6.263752e+03 -1.019892e+04
1.895000e+01 -6.261949e+03 -1.019712e+04
1.896000e+01 -6.260147e+03 -1.019532e+04
1.897000e+01 -6.258344e+03 -1.019352e+04
1.898000e+01 -6.256542e+03 -1.019172e+04
1.899000e+01 -6.254740e+03 -1.018992e+04
1.900000e+01 -6.252937e+03 -1.018812e+04
1.901000e+01 -6.251135e+03 -1.018632e+04
1.902000e+01 -6.249332e+03 -1.018452e+04
1.903000e+01 -6.247530e+03 -1.018272e+04
1.904000e+01 -6.245727e+03 -1.018092e+04
1.905000e+01 -6.243925e+03 -1.017912e+04
1.906000e+01 -6.242123e+03 -1.017732e+04
1.907000e+01 -6.240320e+03 -1.017552e+04
1.908000e+01 -6.238518e+03 -1.017372e+04
1.909000e+01 -6.236715e+03 -1.017192e+04
1.910000e+01 -6.234913e+03 -1.017012e+04
1.911000e+01 -6.233110e+03 -1.016832e+04
1.912000e+01 -6.231308e+03 -1.016652e+04
1.913000e+01 -6.229506e+03 -1.016472e+04
1.914000e+01 -6.227703e+03 -1.016292e+04
1.915000e+01 -6.225901e+03 -1.016112e+04
1.916000e+01 -6.224098e+03 -1.015932e+04
1.917000e+01 -6.222296e+03 -1.015752e+04
1.918000e+01 -6.220493e+03 -1.015572e+04
1.919000e+01 -6.218691e+03 -1.015392e+04
1.920000e+01 -6.216889e+03 -1.015212e+04
1.921000e+01 -6.215086e+03 -1.015032e+04
1.922000e+01 -6.213284e+03 -1.014852e+04
1.923000e+01 -6.211481e+03 -1.014672e+04
1.924000e+01 -6.209679e+03 -1.014492e+04
1.925000e+01 -6.207876e+03 -1.014312e+04
1.926000e+01 -6.206074e+03 -1.014132e+04
1.927000e+01 -6.204272e+03 -1.013952e+04
1.928000e+01 -6.202469e+03 -1.013772e+04
1.929000e+01 -6.200667e+03 -1.013592e+04
1.930000e+01 -6.198864e+03 -1.013412e+04
1.931000e+01 -6.197062e+03 -1.013232e+04
1.932000e+01 -6.195259e+03 -1.013052e+04
1.933000e+01 -6.193457e+03 -1.012872e+04
1.934000e+01 -6.191655e+03 -1.012692e+04
1.935000e+01 -6.189852e+03 -1.012512e+04
1.936000e+01 -6.188050e+03 -1.012332e+04
1.937000e+01 -6.186247e+03 -1.012152e+04
1.938000e+01 -6.184445e+03 -1.011972e+04
1.939000e+01 -6.182642e+03 -1.011792e+04
1.940000e+01 -6.180840e+03 -1.011612e+04
1.941000e+01 -6.179037e+03 -1.011432e+04
1.942000e+01 -6.177235e+03 -1.011252e+04
1.943000e+01 -6.175433e+03 -1.011072e+04
1.944000e+01 -6.173630e+03 -1.010892e+04
1.945000e+01 -6.171828e+03 -1.010712e+04
1.946000e+01 -6.170025e+03 -1.010532e+04
1.947000e+01 -6.168223e+03 -1.010352e+04
1.948000e+01 -6.166420e+03 -1.010172e+04
1.949000e+01 -6.164618e+03 -1.009992e+04
1.950000e+01 -6.162816e+03 -1.009813e+04
1.951000e+01 -6.161013e+03 -1.009633e+04
1.952000e+01 -6.159211e+03 -1.009453e+04
1.953000e+01 -6.157408e+03 -1.009273e+04
1.954000e+01 -6.155606e+03 -1.009093e+04
1.955000e+01 -6.153803e+03 -1.008913e+04
1.956000e+01 -6.152001e+03 -1.008733e+04
1.957000e+01 -6.150199e+03 -1.008553e+04
1.958000e+01 -6.148396e+03 -1.008373e+04
1.959000e+01 -6.146594e+03 -1.008193e+04
1.960000e+01 -6.144791e+03 -1.008013e+04
1.961000e+01 -6.142989e+03 -1.007833e+04
1.962000e+01 -6.141186e+03 -1.007653e+04
1.963000e+01 -6.139384e+03 -1.007473e+04
1.964000e+01 -6.137582e+03 -1.007293e+04
1.965000e+01 -6.135779e+03 -1.007113e+04
1.966000e+01 -6.133977e+03 -1.006933e+04
1.967000e+01 -6.132174e+03 -1.006753e+04
1.968000e+01 -6.130372e+03 -1.006573e+04
1.969000e+01 -6.128569e+03 -1.006393e+04
1.970000e+01 -6.126767e+03 -1.006213e+04
1.971000e+01 -6.124965e+03 -1.006033e+04
1.972000e+01 -6.123162e+03 -1.005853e+04
1.973000e+01 -6.121360e+03 -1.005673e+04
1.974000e+01 -6.119557e+03 -1.005493e+04
1.975000e+01 -6.117755e+03 -1.005313e+04
1.976000e+01 -6.115952e+03 -1.005133e+04
1.977000e+01 -6.114150e+03 -1.004953e+04
1.978000e+01 -6.112348e+03 -1.004773e+04
1.979000e+01 -6.110545e+03 -1.004593e+04
1.980000e+01 -6.108743e+03 -1.004413e+04
1.981000e+01 -6.106940e+03 -1.004233e+04
1.982000e+01 -6.105138e+03 -1.004053e+04
1.983000e+01 -6.103335e+03 -1.003873e+04
1.984000e+01 -6.101533e+03 -1.003693e+04
1.985000e+01 -6.099730e+03 -1.003513e+04
1.986000e+01 -6.097928e+03 -1.003333e+04
1.987000e+01 -6.096126e+03 -1.003153e+04
1.988000e+01 -6.094323e+03 -1.002973e+04
1.989000e+01 -6.092521e+03 -1.002793e+04
1.990000e+01 -6.090718e+03 -1.002613e+04
1.991000e+01 -6.088916e+03 -1.002433e+04
1.992000e+01 -6.087113e+03 -1.002253e+04
1.993000e+01 -6.085311e+03 -1.002073e+04
1.994000e+01 -6.083509e+03 -1.001893e+04
1.995000e+01 -6.081706e+03 -1.001713e+04
1.996000e+01 -6.080294e+03 -1.001572e+04
1.997000e+01 -6.079020e+03 -1.001444e+04
1.998000e+01 -6.077746e+03 -1.001317e+04
1.999000e+01 -6.076472e+03 -1.001190e+04
2.000000e+01 -6.075198e+03 -1.001063e+04
2.001000e+01 -6.073924e+03 -1.000936e+04
2.002000e+01 -6.072650e+03 -1.000809e+04
2.003000e+01 -6.071376e+03 -1.000681e+04
2.004000e+01 -6.070102e+03 -1.000554e+04
2.005000e+01 -6.068828e+03 -1.000427e+04
2.006000e+01 -6.067554e+03 -1.000300e+04
2.007000e+01 -6.066280e+03 -1.000173e+04
2.008000e+01 -6.065006e+03 -1.000046e+04
2.009000e+01 -6.063732e+03 -9.999184e+03
2.010000e+01 -6.062459e+03 -9.997912e+03
2.011000e+01 -6.061185e+03 -9.996641e+03
2.012000e+01 -6.059911e+03 -9.995369e+03
2.013000e+01 -6.058637e+03 -9.994097e+03
2.014000e+01 -6.057363e+03 -9.992826e+03
2.015000e+01 -6.056089e+03 -9.991554e+03
2.016000e+01 -6.054815e+03 -9.990283e+03
2.017000e+01 -6.053541e+03 -9.989011e+03
2.018000e+01 -6.052267e+03 -9.987739e+03
2.019000e+01 -6.050993e+03 -9.986468e+03
2.020000e+01 -6.049719e+03 -9.985196e+03
2.021000e+01 -6.048445e+03 -9.983924e+03
2.022000e+01 -6.047171e+03 -9.982653e+03
2.023000e+01 -6.045897e+03 -9.981381e+03
2.024000e+01 -6.044623e+03 -9.980109e+03
2.025000e+01 -6.043349e+03 -9.978838e+03
2.026000e+01 -6.042076e+03 -9.977566e+03
2.027000e+01 -6.040802e+03 -9.976295e+03
2.028000e+01 -6.039528e+03 -9.975023e+03
2.029000e+01 -6.038254e+03 -9.973751e+03
2.030000e+01 -6.036980e+03 -9.972480e+03
2.031000e+01 -6.035706e+03 -9.971208e+03
2.032000e+01 -6.034432e+03 -9.969936e+03
2.033000e+01 -6.033158e+03 -9.968665e+03
2.034000e+01 -6.031884e+03 -9.967393e+03
2.035000e+01 -6.030610e+03 -9.966121e+03
2.036000e+01 -6.029336e+03 -9.964850e+03
2.037000e+01 -6.028062e+03 -9.963578e+03
2.038000e+01 -6.026788e+03 -9.962306e+03
2.039000e+01 -6.025514e+03 -9.961035e+03
2.040000e+01 -6.024240e+03 -9.959763e+03
2.041000e+01 -6.022966e+03 -9.958492e+03
2.042000e+01 -6.021693e+03 -9.957220e+03
2.043000e+01 -6.020419e+03 -9.955948e+03
2.044000e+01 -6.019145e+03 -9.954677e+03
2.045000e+01 -6.017871e+03 -9.953405e+03
2.046000e+01 -6.016597e+03 -9.952133e+03
2.047000e+01 -6.015323e+03 -9.950862e+03
2.048000e+01 -6.014049e+03 -9.949590e+03
2.049000e+01 -6.012775e+03 -9.948318e+03
2.050000e+01 -6.011501e+03 -9.947047e+03
2.051000e+01 -6.010227e+03 -9.945775e+03
2.052000e+01 -6.008953e+03 -9.944504e+03
2.053000e+01 -6.007679e+03 -9.943232e+03
2.054000e+01 -6.006405e+03 -9.941960e+03
2.055000e+01 -6.005131e+03 -9.940689e+03
2.056000e+01 -6.003857e+03 -9.939417e+03
2.057000e+01 -6.002583e+03 -9.938145e+03
2.058000e+01 -6.001310e+03 -9.936874e+03
2.059000e+01 -6.000036e+03 -9.935602e+03
2.060000e+01 -5.998762e+03 -9.934330e+03
2.061000e+01 -5.997488e+03 -9.933059e+03
2.062000e+01 -5.996214e+03 -9.931787e+03
2.063000e+01 -5.994940e+03 -9.930515e+03
2.064000e+01 -5.993666e+03 -9.929244e+03
2.065000e+01 -5.992392e+03 -9.927972e+03
2.066000e+01 -5.991118e+03 -9.926701e+03
2.067000e+01 -5.989844e+03 -9.925429e+03
2.068000e+01 -5.988570e+03 -9.924157e+03
2.069000e+01 -5.987296e+03 -9.922886e+03
2.070000e+01 -5.986022e+03 -9.921614e+03
2.071000e+01 -5.984748e+03 -9.920342e+03
2.072000e+01 -5.983474e+03 -9.919071e+03
2.073000e+01 -5.982201e+03 -9.917799e+03
2.074000e+01 -5.980927e+03 -9.916527e+03
2.075000e+01 -5.979653e+03 -9.915256e+03
2.076000e+01 -5.978379e+03 -9.913984e+03
2.077000e+01 -5.977105e+03 -9.912713e+03
2.078000e+01 -5.975831e+03 -9.911441e+03
2.079000e+01 -5.974557e+03 -9.910169e+03
2.080000e+01 -5.973283e+03 -9.908898e+03
2.081000e+01 -5.972009e+03 -9.907626e+03
2.082000e+01 -5.970735e+03 -9.906354e+03
2.083000e+01 -5.969461e+03 -9.905083e+03
2.084000e+01 -5.968187e+03 -9.903811e+03
2.085000e+01 -5.966913e+03 -9.902539e+03
2.086000e+01 -5.965639e+03 -9.901268e+03
2.087000e+01 -5.964365e+03 -9.899996e+03
2.088000e+01 -5.963091e+03 -9.898724e+03
2.089000e+01 -5.961818e+03 -9.897453e+03
2.090000e+01 -5.960544e+03 -9.896181e+03
2.091000e+01 -5.959270e+03 -9.894910e+03
2.092000e+01 -5.957996e+03 -9.893638e+03
2.093000e+01 -5.956722e+03 -9.892366e+03
2.094000e+01 -5.955448e+03 -9.891095e+03
2.095000e+01 -5.954174e+03 -9.889823e+03
2.096000e+01 -5.952900e+03 -9.888551e+03
2.097000e+01 -5.951626e+03 -9.887280e+03
2.098000e+01 -5.950352e+03 -9.886008e+03
2.099000e+01 -5.949078e+03 -9.884736e+03
2.100000e+01 -5.947804e+03 -9.883465e+03
2.101000e+01 -5.946530e+03 -9.882193e+03
2.102000e+01 -5.945256e+03 -9.880921e+03
2.103000e+01 -5.943982e+03 -9.879650e+03
2.104000e+01 -5.942708e+03 -9.878378e+03
2.105000e+01 -5.941435e+03 -9.877107e+03
2.106000e+01 -5.940161e+03 -9.875835e+03
2.107000e+01 -5.938887e+03 -9.874563e+03
2.108000e+01 -5.937613e+03 -9.873292e+03
2.109000e+01 -5.936339e+03 -9.872020e+03
2.110000e+01 -5.935065e+03 -9.870748e+03
2.111000e+01 -5.933791e+03 -9.869477e+03
2.112000e+01 -5.932517e+03 -9.868205e+03
2.113000e+01 -5.931243e+03 -9.866933e+03
2.114000e+01 -5.929969e+03 -9.865662e+03
2.115000e+01 -5.928695e+03 -9.864390e+03
2.116000e+01 -5.927421e+03 -9.863119e+03
2.117000e+01 -5.926147e+03 -9.861847e+03
2.118000e+01 -5.924873e+03 -9.860575e+03
2.119000e+01 -5.923599e+03 -9.859304e+03
2.120000e+01 -5.922325e+03 -9.858032e+03
2.121000e+01 -5.921052e+03 -9.856760e+03
2.122000e+01 -5.919778e+03 -9.855489e+03
2.123000e+01 -5.918504e+03 -9.854217e+03
2.124000e+01 -5.917230e+03 -9.852945e+03
2.125000e+01 -5.915956e+03 -9.851674e+03
2.126000e+01 -5.914682e+03 -9.850402e+03
2.127000e+01 -5.913408e+03 -9.849130e+03
2.128000e+01 -5.912134e+03 -9.847859e+03
2.129000e+01 -5.910860e+03 -9.846587e+03
2.130000e+01 -5.909586e+03 -9.845316e+03
2.131000e+01 -5.908312e+03 -9.844044e+03
2.132000e+01 -5.907038e+03 -9.842772e+03
2.133000e+01 -5.905764e+03 -9.841501e+03
2.134000e+01 -5.904490e+03 -9.840229e+03
2.135000e+01 -5.903216e+03 -9.838957e+03
2.136000e+01 -5.901943e+03 -9.837686e+03
2.137000e+01 -5.900669e+03 -9.836414e+03
2.138000e+01 -5.899395e+03 -9.835142e+03
2.139000e+01 -5.898121e+03 -9.833871e+03
2.140000e+01 -5.896847e+03 -9.832599e+03
2.141000e+01 -5.895573e+03 -9.831328e+03
2.142000e+01 -5.894299e+03 -9.830056e+03
2.143000e+01 -5.893025e+03 -9.828784e+03
2.144000e+01 -5.891751e+03 -9.827513e+03
2.145000e+01 -5.890477e+03 -9.826241e+03
2.146000e+01 -5.889203e+03 -9.824969e+03
2.147000e+01 -5.887929e+03 -9.823698e+03
2.148000e+01 -5.886655e+03 -9.822426e+03
2.149000e+01 -5.885381e+03 -9.821154e+03
2.150000e+01 -5.884107e+03 -9.819883e+03
2.151000e+01 -5.882833e+03 -9.818611e+03
2.152000e+01 -5.881560e+03 -9.817339e+03
2.153000e+01 -5.880286e+03 -9.816068e+03
2.154000e+01 -5.879012e+03 -9.814796e+03
2.155000e+01 -5.877738e+03 -9.813525e+03
2.156000e+01 -5.876464e+03 -9.812253e+03
2.157000e+01 -5.875190e+03 -9.810981e+03
2.158000e+01 -5.873916e+03 -9.809710e+03
2.159000e+01 -5.872642e+03 -9.808438e+03
2.160000e+01 -5.871368e+03 -9.807166e+03
2.161000e+01 -5.870094e+03 -9.805895e+03
2.162000e+01 -5.868820e+03 -9.804623e+03
2.163000e+01 -5.867546e+03 -9.803351e+03
2.164000e+01 -5.866272e+03 -9.802080e+03
2.165000e+01 -5.864998e+03 -9.800808e+03
2.166000e+01 -5.863724e+03 -9.799536e+03
2.167000e+01 -5.862450e+03 -9.798265e+03
2.168000e+01 -5.861177e+03 -9.796993e+03
2.169000e+01 -5.859903e+03 -9.795722e+03
2.170000e+01 -5.858629e+03 -9.794450e+03
2.171000e+01 -5.857355e+03 -9.793178e+03
2.172000e+01 -5.856081e+03 -9.791907e+03
2.173000e+01 -5.854807e+03 -9.790635e+03
2.174000e+01 -5.853533e+03 -9.789363e+03
2.175000e+01 -5.852259e+03 -9.788092e+03
2.176000e+01 -5.850985e+03 -9.786820e+03
2.177000e+01 -5.849711e+03 -9.785548e+03
2.178000e+01 -5.848437e+03 -9.784277e+03
2.179000e+01 -5.847163e+03 -9.783005e+03
2.180000e+01 -5.845889e+03 -9.781734e+03
2.181000e+01 -5.844615e+03 -9.780462e+03
2.182000e+01 -5.843341e+03 -9.779190e+03
2.183000e+01 -5.842067e+03 -9.777919e+03
2.184000e+01 -5.840794e+03 -9.776647e+03
2.185000e+01 -5.839520e+03 -9.775375e+03
2.186000e+01 -5.838246e+03 -9.774104e+03
2.187000e+01 -5.836972e+03 -9.772832e+03
2.188000e+01 -5.835698e+03 -9.771560e+03
2.189000e+01 -5.834424e+03 -9.770289e+03
2.190000e+01 -5.833150e+03 -9.769017e+03
2.191000e+01 -5.831876e+03 -9.767745e+03
2.192000e+01 -5.830602e+03 -9.766474e+03
2.193000e+01 -5.829328e+03 -9.765202e+03
2.194000e+01 -5.828054e+03 -9.763931e+03
2.195000e+01 -5.826780e+03 -9.762659e+03
2.196000e+01 -5.825506e+03 -9.761387e+03
2.197000e+01 -5.824232e+03 -9.760116e+03
2.198000e+01 -5.822958e+03 -9.758844e+03
2.199000e+01 -5.821685e+03 -9.757572e+03
2.200000e+01 -5.820411e+03 -9.756301e+03
2.201000e+01 -5.819137e+03 -9.755029e+03
2.202000e+01 -5.817863e+03 -9.753757e+03
2.203000e+01 -5.816589e+03 -9.752486e+03
2.204000e+01 -5.815315e+03 -9.751214e+03
2.205000e+01 -5.814041e+03 -9.749943e+03
2.206000e+01 -5.812767e+03 -9.748671e+03
2.207000e+01 -5.811493e+03 -9.747399e+03
2.208000e+01 -5.810219e+03 -9.746128e+03
2.209000e+01 -5.808945e+03 -9.744856e+03
2.210000e+01 -5.807671e+03 -9.743584e+03
2.211000e+01 -5.806397e+03 -9.742313e+03
2.212000e+01 -5.805123e+03 -9.741041e+03
2.213000e+01 -5.803849e+03 -9.739769e+03
2.214000e+01 -5.802575e+03 -9.738498e+03
2.215000e+01 -5.801302e+03 -9.737226e+03
2.216000e+01 -5.800028e+03 -9.735954e+03
2.217000e+01 -5.798754e+03 -9.734683e+03
2.218000e+01 -5.797480e+03 -9.733411e+03
2.219000e+01 -5.796206e+03 -9.732140e+03
2.220000e+01 -5.794932e+03 -9.730868e+03
2.221000e+01 -5.793658e+03 -9.729596e+03
2.222000e+01 -5.792384e+03 -9.728325e+03
2.223000e+01 -5.791110e+03 -9.727053e+03
2.224000e+01 -5.789836e+03 -9.725781e+03
2.225000e+01 -5.788562e+03 -9.724510e+03
2.226000e+01 -5.787288e+03 -9.723238e+03
2.227000e+01 -5.786014e+03 -9.721966e+03
2.228000e+01 -5.784740e+03 -9.720695e+03
2.229000e+01 -5.783466e+03 -9.719423e+03
2.230000e+01 -5.782192e+03 -9.718151e+03
2.231000e+01 -5.780919e+03 -9.716880e+03
2.232000e+01 -5.779645e+03 -9.715608e+03
2.233000e+01 -5.778371e+03 -9.714337e+03
2.234000e+01 -5.777097e+03 -9.713065e+03
2.235000e+01 -5.775823e+03 -9.711793e+03
2.236000e+01 -5.774549e+03 -9.710522e+03
2.237000e+01 -5.773275e+03 -9.709250e+03
2.238000e+01 -5.772001e+03 -9.707978e+03
2.239000e+01 -5.770727e+03 -9.706707e+03
2.240000e+01 -5.769453e+03 -9.705435e+03
2.241000e+01 -5.768179e+03 -9.704163e+03
2.242000e+01 -5.766905e+03 -9.702892e+03
2.243000e+01 -5.765631e+03 -9.701620e+03
2.244000e+01 -5.764357e+03 -9.700349e+03
2.245000e+01 -5.763083e+03 -9.699077e+03
2.246000e+01 -5.761809e+03 -9.697805e+03
2.247000e+01 -5.760536e+03 -9.696534e+03
2.248000e+01 -5.759262e+03 -9.695262e+03
2.249000e+01 -5.757988e+03 -9.693990e+03
2.250000e+01 -5.756714e+03 -9.692719e+03
2.251000e+01 -5.755440e+03 -9.691447e+03
2.252000e+01 -5.754166e+03 -9.690175e+03
2.253000e+01 -5.752892e+03 -9.688904e+03
2.254000e+01 -5.751618e+03 -9.687632e+03
2.255000e+01 -5.750344e+03 -9.686360e+03
2.256000e+01 -5.749070e+03 -9.685089e+03
2.257000e+01 -5.747796e+03 -9.683817e+03
2.258000e+01 -5.746522e+03 -9.682546e+03
2.259000e+01 -5.745248e+03 -9.681274e+03
2.260000e+01 -5.743974e+03 -9.680002e+03
2.261000e+01 -5.742700e+03 -9.678731e+03
2.262000e+01 -5.741427e+03 -9.677459e+03
2.263000e+01 -5.740153e+03 -9.676187e+03
2.264000e+01 -5.738879e+03 -9.674916e+03
2.265000e+01 -5.737605e+03 -9.673644e+03
2.266000e+01 -5.736331e+03 -9.672372e+03
2.267000e+01 -5.735057e+03 -9.671101e+03
2.268000e+01 -5.733783e+03 -9.669829e+03
2.269000e+01 -5.732509e+03 -9.668558e+03
2.270000e+01 -5.731235e+03 -9.667286e+03
2.271000e+01 -5.729961e+03 -9.666014e+03
2.272000e+01 -5.728687e+03 -9.664743e+03
2.273000e+01 -5.727413e+03 -9.663471e+03
2.274000e+01 -5.726139e+03 -9.662199e+03
2.275000e+01 -5.724865e+03 -9.660928e+03
2.276000e+01 -5.723591e+03 -9.659656e+03
2.277000e+01 -5.722317e+03 -9.658384e+03
2.278000e+01 -5.721044e+03 -9.657113e+03
2.279000e+01 -5.719770e+03 -9.655841e+03
2.280000e+01 -5.718496e+03 -9.654569e+03
2.281000e+01 -5.717222e+03 -9.653298e+03
2.282000e+01 -5.715948e+03 -9.652026e+03
2.283000e+01 -5.714674e+03 -9.650755e+03
2.284000e+01 -5.713400e+03 -9.649483e+03
2.285000e+01 -5.712126e+03 -9.648211e+03
2.286000e+01 -5.710852e+03 -9.646940e+03
2.287000e+01 -5.709578e+03 -9.645668e+03
2.288000e+01 -5.708304e+03 -9.644396e+03
2.289000e+01 -5.707030e+03 -9.643125e+03
2.290000e+01 -5.705756e+03 -9.641853e+03
2.291000e+01 -5.704482e+03 -9.640581e+03
2.292000e+01 -5.703208e+03 -9.639310e+03
2.293000e+01 -5.701934e+03 -9.638038e+03
2.294000e+01 -5.700661e+03 -9.636766e+03
2.295000e+01 -5.699387e+03 -9.635495e+03
2.296000e+01 -5.698113e+03 -9.634223e+03
2.297000e+01 -5.696839e+03 -9.632952e+03
2.298000e+01 -5.695565e+03 -9.631680e+03
2.299000e+01 -5.694291e+03 -9.630408e+03
2.300000e+01 -5.693017e+03 -9.629137e+03
2.301000e+01 -5.691743e+03 -9.627865e+03
2.302000e+01 -5.690469e+03 -9.626593e+03
2.303000e+01 -5.689195e+03 -9.625322e+03
2.304000e+01 -5.687921e+03 -9.624050e+03
2.305000e+01 -5.686647e+03 -9.622778e+03
2.306000e+01 -5.685373e+03 -9.621507e+03
2.307000e+01 -5.684099e+03 -9.620235e+03
2.308000e+01 -5.682825e+03 -9.618964e+03
2.309000e+01 -5.681551e+03 -9.617692e+03
2.310000e+01 -5.680278e+03 -9.616420e+03
2.311000e+01 -5.679004e+03 -9.615149e+03
2.312000e+01 -5.677730e+03 -9.613877e+03
2.313000e+01 -5.676456e+03 -9.612605e+03
2.314000e+01 -5.675182e+03 -9.611334e+03
2.315000e+01 -5.673908e+03 -9.610062e+03
2.316000e+01 -5.672634e+03 -9.608790e+03
2.317000e+01 -5.671360e+03 -9.607519e+03
2.318000e+01 -5.670086e+03 -9.606247e+03
2.319000e+01 -5.668812e+03 -9.604975e+03
2.320000e+01 -5.667538e+03 -9.603704e+03
2.321000e+01 -5.666264e+03 -9.602432e+03
2.322000e+01 -5.664990e+03 -9.601161e+03
2.323000e+01 -5.663716e+03 -9.599889e+03
2.324000e+01 -5.662442e+03 -9.598617e+03
2.325000e+01 -5.661169e+03 -9.597346e+03
2.326000e+01 -5.659895e+03 -9.596074e+03
2.327000e+01 -5.658621e+03 -9.594802e+03
2.328000e+01 -5.657347e+03 -9.593531e+03
2.329000e+01 -5.656073e+03 -9.592259e+03
2.330000e+01 -5.654799e+03 -9.590987e+03
2.331000e+01 -5.653525e+03 -9.589716e+03
2.332000e+01 -5.652251e+03 -9.588444e+03
2.333000e+01 -5.650977e+03 -9.587173e+03
2.334000e+01 -5.649703e+03 -9.585901e+03
2.335000e+01 -5.648429e+03 -9.584629e+03
2.336000e+01 -5.647155e+03 -9.583358e+03
2.337000e+01 -5.645881e+03 -9.582086e+03
2.338000e+01 -5.644607e+03 -9.580814e+03
2.339000e+01 -5.643333e+03 -9.579543e+03
2.340000e+01 -5.642059e+03 -9.578271e+03
2.341000e+01 -5.640786e+03 -9.576999e+03
2.342000e+01 -5.639512e+03 -9.575728e+03
2.343000e+01 -5.638238e+03 -9.574456e+03
2.344000e+01 -5.636964e+03 -9.573184e+03
2.345000e+01 -5.635690e+03 -9.571913e+03
2.346000e+01 -5.634416e+03 -9.570641e+03
2.347000e+01 -5.633142e+03 -9.569370e+03
2.348000e+01 -5.631868e+03 -9.568098e+03
2.349000e+01 -5.630594e+03 -9.566826e+03
2.350000e+01 -5.629320e+03 -9.565555e+03
2.351000e+01 -5.628046e+03 -9.564283e+03
2.352000e+01 -5.626772e+03 -9.563011e+03
2.353000e+01 -5.625498e+03 -9.561740e+03
2.354000e+01 -5.624224e+03 -9.560468e+03
2.355000e+01 -5.622950e+03 -9.559196e+03
2.356000e+01 -5.621676e+03 -9.557925e+03
2.357000e+01 -5.620403e+03 -9.556653e+03
2.358000e+01 -5.619129e+03 -9.555381e+03
2.359000e+01 -5.617855e+03 -9.554110e+03
2.360000e+01 -5.616581e+03 -9.552838e+03
2.361000e+01 -5.615307e+03 -9.551567e+03
2.362000e+01 -5.614033e+03 -9.550295e+03
2.363000e+01 -5.612759e+03 -9.549023e+03
2.364000e+01 -5.611485e+03 -9.547752e+03
2.365000e+01 -5.610211e+03 -9.546480e+03
2.366000e+01 -5.608937e+03 -9.545208e+03
2.367000e+01 -5.607663e+03 -9.543937e+03
2.368000e+01 -5.606389e+03 -9.542665e+03
2.369000e+01 -5.605115e+03 -9.541393e+03
2.370000e+01 -5.603841e+03 -9.540122e+03
2.371000e+01 -5.602567e+03 -9.538850e+03
2.372000e+01 -5.601293e+03 -9.537579e+03
2.373000e+01 -5.600020e+03 -9.536307e+03
2.374000e+01 -5.598746e+03 -9.535035e+03
2.375000e+01 -5.597472e+03 -9.533764e+03
2.376000e+01 -5.596198e+03 -9.532492e+03
2.377000e+01 -5.594924e+03 -9.531220e+03
2.378000e+01 -5.593650e+03 -9.529949e+03
2.379000e+01 -5.592376e+03 -9.528677e+03
2.380000e+01 -5.591102e+03 -9.527405e+03
2.381000e+01 -5.589828e+03 -9.526134e+03
2.382000e+01 -5.588554e+03 -9.524862e+03
2.383000e+01 -5.587280e+03 -9.523590e+03
2.384000e+01 -5.586006e+03 -9.522319e+03
2.385000e+01 -5.584732e+03 -9.521047e+03
2.386000e+01 -5.583458e+03 -9.519776e+03
2.387000e+01 -5.582184e+03 -9.518504e+03
2.388000e+01 -5.580911e+03 -9.517232e+03
2.389000e+01 -5.579637e+03 -9.515961e+03
2.390000e+01 -5.578363e+03 -9.514689e+03
2.391000e+01 -5.577089e+03 -9.513417e+03
2.392000e+01 -5.575815e+03 -9.512146e+03
2.393000e+01 -5.574541e+03 -9.510874e+03
2.394000e+01 -5.573267e+03 -9.509602e+03
2.395000e+01 -5.571993e+03 -9.508331e+03
2.396000e+01 -5.570719e+03 -9.507059e+03
2.397000e+01 -5.569445e+03 -9.505788e+03
2.398000e+01 -5.568171e+03 -9.504516e+03
2.399000e+01 -5.566897e+03 -9.503244e+03
2.400000e+01 -5.565623e+03 -9.501973e+03
2.401000e+01 0.000000e+00 0.000000e+00
2.402000e+01 0.000000e+00 0.000000e+00
2.403000e+01 0.000000e+00 0.000000e+00
2.404000e+01 0.000000e+00 0.000000e+00
2.405000e+01 0.000000e+00 0.000000e+00
2.406000e+01 0.000000e+00 0.000000e+00
2.407000e+01 0.000000e+00 0.000000e+00
2.408000e+01 0.000000e+00 0.000000e+00
2.409000e+01 0.000000e+00 0.000000e+00
2.410000e+01 0.000000e+00 0.000000e+00
2.411000e+01 0.000000e+00 0.000000e+00
2.412000e+01 0.000000e+00 0.000000e+00
2.413000e+01 0.000000e+00 0.000000e+00
2.414000e+01 0.000000e+00 0.000000e+00
2.415000e+01 0.000000e+00 0.000000e+00
2.416000e+01 0.000000e+00 0.000000e+00
2.417000e+01 0.000000e+00 0.000000e+00
2.418000e+01 0.000000e+00 0.000000e+00
2.419000e+01 0.000000e+00 0.000000e+00
2.420000e+01 0.000000e+00 0.000000e+00
2.421000e+01 0.000000e+00 0.000000e+00
2.422000e+01 0.000000e+00 0.000000e+00
2.423000e+01 0.000000e+00 0.000000e+00
2.424000e+01 0.000000e+00 0.000000e+00
2.425000e+01 0.000000e+00 0.000000e+00
2.426000e+01 0.000000e+00 0.000000e+00
2.427000e+01 0.000000e+00 0.000000e+00
2.428000e+01 0.000000e+00 0.000000e+00
2.429000e+01 0.000000e+00 0.000000e+00
2.430000e+01 0.000000e+00 0.000000e+00
2.431000e+01 0.000000e+00 0.000000e+00
2.432000e+01 0.000000e+00 0.000000e+00
2.433000e+01 0.000000e+00 0.000000e+00
2.434000e+01 0.000000e+00 0.000000e+00
2.435000e+01 0.000000e+00 0.000000e+00
2.436000e+01 0.000000e+00 0.000000e+00
2.437000e+01 0.000000e+00 0.000000e+00
2.438000e+01 0.000000e+00 0.000000e+00
2.439000e+01 0.000000e+00 0.000000e+00
2.440000e+01 0.000000e+00 0.000000e+00
2.441000e+01 0.000000e+00 0.000000e+00
2.442000e+01 0.000000e+00 0.000000e+00
2.443000e+01 0.000000e+00 0.000000e+00
2.444000e+01 0.000000e+00 0.000000e+00
2.445000e+01 0.000000e+00 0.000000e+00
2.446000e+01 0.000000e+00 0.000000e+00
2.447000e+01 0.000000e+00 0.000000e+00
2.448000e+01 0.000000e+00 0.000000e+00
2.449000e+01 0.000000e+00 0.000000e+00
2.450000e+01 0.000000e+00 0.000000e+00
2.451000e+01 0.000000e+00 0.000000e+00
2.452000e+01 0.000000e+00 0.000000e+00
2.453000e+01 0.000000e+00 0.000000e+00
2.454000e+01 0.000000e+00 0.000000e+00
2.455000e+01 0.000000e+00 0.000000e+00
2.456000e+01 0.000000e+00 0.000000e+00
2.457000e+01 0.000000e+00 0.000000e+00
2.458000e+01 0.000000e+00 0.000000e+00
2.459000e+01 0.000000e+00 0.000000e+00
2.460000e+01 0.000000e+00 0.000000e+00
2.461000e+01 0.000000e+00 0.000000e+00
2.462000e+01 0.000000e+00 0.000000e+00
2.463000e+01 0.000000e+00 0.000000e+00
2.464000e+01 0.000000e+00 0.000000e+00
2.465000e+01 0.000000e+00 0.000000e+00
2.466000e+01 0.000000e+00 0.000000e+00
2.467000e+01 0.000000e+00 0.000000e+00
2.468000e+01 0.000000e+00 0.000000e+00
2.469000e+01 0.000000e+00 0.000000e+00
2.470000e+01 0.000000e+00 0.000000e+00
2.471000e+01 0.000000e+00 0.000000e+00
2.472000e+01 0.000000e+00 0.000000e+00
2.473000e+01 0.000000e+00 0.000000e+00
2.474000e+01 0.000000e+00 0.000000e+00
2.475000e+01 0.000000e+00 0.000000e+00
2.476000e+01 0.000000e+00 0.000000e+00
2.477000e+01 0.000000e+00 0.000000e+00
2.478000e+01 0.000000e+00 0.000000e+00
2.479000e+01 0.000000e+00 0.000000e+00
2.480000e+01 0.000000e+00 0.000000e+00
2.481000e+01 0.000000e+00 0.000000e+00
2.482000e+01 0.000000e+00 0.000000e+00
2.483000e+01 0.000000e+00 0.000000e+00
2.484000e+01 0.000000e+00 0.000000e+00
2.485000e+01 0.000000e+00 0.000000e+00
2.486000e+01 0.000000e+00 0.000000e+00
2.487000e+01 0.000000e+00 0.000000e+00
2.488000e+01 0.000000e+00 0.000000e+00
2.489000e+01 0.000000e+00 0.000000e+00
2.490000e+01 0.000000e+00 0.000000e+00
2.491000e+01 0.000000e+00 0.000000e+00
2.492000e+01 0.000000e+00 0.000000e+00
2.493000e+01 0.000000e+00 0.000000e+00
2.494000e+01 0.000000e+00 0.000000e+00
2.495000e+01 0.000000e+00 0.000000e+00
2.496000e+01 0.000000e+00 0.000000e+00
2.497000e+01 0.000000e+00 0.000000e+00
2.498000e+01 0.000000e+00 0.000000e+00
2.499000e+01 0.000000e+00 0.000000e+00
2.500000e+01 0.000000e+00 0.000000e+00
2.501000e+01 0.000000e+00 0.000000e+00
2.502000e+01 0.000000e+00 0.000000e+00
2.503000e+01 0.000000e+00 0.000000e+00
2.504000e+01 0.000000e+00 0.000000e+00
2.505000e+01 0.000000e+00 0.000000e+00
2.506000e+01 0.000000e+00 0.000000e+00
2.507000e+01 0.000000e+00 0.000000e+00
2.508000e+01 0.000000e+00 0.000000e+00
2.509000e+01 0.000000e+00 0.000000e+00
2.510000e+01 0.000000e+00 0.000000e+00
2.511000e+01 0.000000e+00 0.000000e+00
2.512000e+01 0.000000e+00 0.000000e+00
2.513000e+01 0.000000e+00 0.000000e+00
2.514000e+01 0.000000e+00 0.000000e+00
2.515000e+01 0.000000e+00 0.000000e+00
2.516000e+01 0.000000e+00 0.000000e+00
2.517000e+01 0.000000e+00 0.000000e+00
2.518000e+01 0.000000e+00 0.000000e+00
2.519000e+01 0.000000e+00 0.000000e+00
2.520000e+01 0.000000e+00 0.000000e+00
2.521000e+01 0.000000e+00 0.000000e+00
2.522000e+01 0.000000e+00 0.000000e+00
2.523000e+01 0.000000e+00 0.000000e+00
2.524000e+01 0.000000e+00 0.000000e+00
2.525000e+01 0.000000e+00 0.000000e+00
2.526000e+01 0.000000e+00 0.000000e+00
2.527000e+01 0.000000e+00 0.000000e+00
2.528000e+01 0.000000e+00 0.000000e+00
2.529000e+01 0.000000e+00 0.000000e+00
2.530000e+01 0.000000e+00 0.000000e+00
2.531000e+01 0.000000e+00 0.000000e+00
2.532000e+01 0.000000e+00 0.000000e+00
2.533000e+01 0.000000e+00 0.000000e+00
2.534000e+01 0.000000e+00 0.000000e+00
2.535000e+01 0.000000e+00 0.000000e+00
2.536000e+01 0.000000e+00 0.000000e+00
2.537000e+01 0.000000e+00 0.000000e+00
2.538000e+01 0.000000e+00 0.000000e+00
2.539000e+01 0.000000e+00 0.000000e+00
2.540000e+01 0.000000e+00 0.000000e+00
2.541000e+01 0.000000e+00 0.000000e+00
2.542000e+01 0.000000e+00 0.000000e+00
2.543000e+01 0.000000e+00 0.000000e+00
2.544000e+01 0.000000e+00 0.000000e+00
2.545000e+01 0.000000e+00 0.000000e+00
2.546000e+01 0.000000e+00 0.000000e+00
2.547000e+01 0.000000e+00 0.000000e+00
2.548000e+01 0.000000e+00 0.000000e+00
2.549000e+01 0.000000e+00 0.000000e+00
2.550000e+01 0.000000e+00 0.000000e+00
2.551000e+01 0.000000e+00 0.000000e+00
2.552000e+01 0.000000e+00 0.000000e+00
2.553000e+01 0.000000e+00 0.000000e+00
2.554000e+01 0.000000e+00 0.000000e+00
2.555000e+01 0.000000e+00 0.000000e+00
2.556000e+01 0.000000e+00 0.000000e+00
2.557000e+01 0.000000e+00 0.000000e+00
2.558000e+01 0.000000e+00 0.000000e+00
2.559000e+01 0.000000e+00 0.000000e+00
2.560000e+01 0.000000e+00 0.000000e+00
2.561000e+01 0.000000e+00 0.000000e+00
2.562000e+01 0.000000e+00 0.000000e+00
2.563000e+01 0.000000e+00 0.000000e+00
2.564000e+01 0.000000e+00 0.000000e+00
2.565000e+01 0.000000e+00 0.000000e+00
2.566000e+01 0.000000e+00 0.000000e+00
2.567000e+01 0.000000e+00 0.000000e+00
2.568000e+01 0.000000e+00 0.000000e+00
2.569000e+01 0.000000e+00 0.000000e+00
2.570000e+01 0.000000e+00 0.000000e+00
2.571000e+01 0.000000e+00 0.000000e+00
2.572000e+01 0.000000e+00 0.000000e+00
2.573000e+01 0.000000e+00 0.000000e+00
2.574000e+01 0.000000e+00 0.000000e+00
2.575000e+01 0.000000e+00 0.000000e+00
2.576000e+01 0.000000e+00 0.000000e+00
2.577000e+01 0.000000e+00 0.000000e+00
2.578000e+01 0.000000e+00 0.000000e+00
2.579000e+01 0.000000e+00 0.000000e+00
2.580000e+01 0.000000e+00 0.000000e+00
2.581000e+01 0.000000e+00 0.000000e+00
2.582000e+01 0.000000e+00 0.000000e+00
2.583000e+01 0.000000e+00 0.000000e+00
2.584000e+01 0.000000e+00 0.000000e+00
2.585000e+01 0.000000e+00 0.000000e+00
2.586000e+01 0.000000e+00 0.000000e+00
2.587000e+01 0.000000e+00 0.000000e+00
2.588000e+01 0.000000e+00 0.000000e+00
2.589000e+01 0.000000e+00 0.000000e+00
2.590000e+01 0.000000e+00 0.000000e+00
2.591000e+01 0.000000e+00 0.000000e+00
2.592000e+01 0.000000e+00 0.000000e+00
2.593000e+01 0.000000e+00 0.000000e+00
2.594000e+01 0.000000e+00 0.000000e+00
2.595000e+01 0.000000e+00 0.000000e+00
2.596000e+01 0.000000e+00 0.000000e+00
2.597000e+01 0.000000e+00 0.000000e+00
2.598000e+01 0.000000e+00 0.000000e+00
2.599000e+01 0.000000e+00 0.000000e+00
2.600000e+01 0.000000e+00 0.000000e+00
2.601000e+01 0.000000e+00 0.000000e+00
2.602000e+01 0.000000e+00 0.000000e+00
2.603000e+01 0.000000e+00 0.000000e+00
2.604000e+01 0.000000e+00 0.000000e+00
2.605000e+01 0.000000e+00 0.000000e+00
2.606000e+01 0.000000e+00 0.000000e+00
2.607000e+01 0.000000e+00 0.000000e+00
2.608000e+01 0.000000e+00 0.000000e+00
2.609000e+01 0.000000e+00 0.000000e+00
2.610000e+01 0.000000e+00 0.000000e+00
2.611000e+01 0.000000e+00 0.000000e+00
2.612000e+01 0.000000e+00 0.000000e+00
2.613000e+01 0.000000e+00 0.000000e+00
2.614000e+01 0.000000e+00 0.000000e+00
2.615000e+01 0.000000e+00 0.000000e+00
2.616000e+01 0.000000e+00 0.000000e+00
2.617000e+01 0.000000e+00 0.000000e+00
2.618000e+01 0.000000e+00 0.000000e+00
2.619000e+01 0.000000e+00 0.000000e+00
2.620000e+01 0.000000e+00 0.000000e+00
2.621000e+01 0.000000e+00 0.000000e+00
2.622000e+01 0.000000e+00 0.000000e+00
2.623000e+01 0.000000e+00 0.000000e+00
2.624000e+01 0.000000e+00 0.000000e+00
2.625000e+01 0.000000e+00 0.000000e+00
2.626000e+01 0.000000e+00 0.000000e+00
2.627000e+01 0.000000e+00 0.000000e+00
2.628000e+01 0.000000e+00 0.000000e+00
2.629000e+01 0.000000e+00 0.000000e+00
2.630000e+01 0.000000e+00 0.000000e+00
2.631000e+01 0.000000e+00 0.000000e+00
2.632000e+01 0.000000e+00 0.000000e+00
2.633000e+01 0.000000e+00 0.000000e+00
2.634000e+01 0.000000e+00 0.000000e+00
2.635000e+01 0.000000e+00 0.000000e+00
2.636000e+01 0.000000e+00 0.000000e+00
2.637000e+01 0.000000e+00 0.000000e+00
2.638000e+01 0.000000e+00 0.000000e+00
2.639000e+01 0.000000e+00 0.000000e+00
2.640000e+01 0.000000e+00 0.000000e+00
2.641000e+01 0.000000e+00 0.000000e+00
2.642000e+01 0.000000e+00 0.000000e+00
2.643000e+01 0.000000e+00 0.000000e+00
2.644000e+01 0.000000e+00 0.000000e+00
2.645000e+01 0.000000e+00 0.000000e+00
2.646000e+01 0.000000e+00 0.000000e+00
2.647000e+01 0.000000e+00 0.000000e+00
2.648000e+01 0.000000e+00 0.000000e+00
2.649000e+01 0.000000e+00 0.000000e+00
2.650000e+01 0.000000e+00 0.000000e+00
2.651000e+01 0.000000e+00 0.000000e+00
2.652000e+01 0.000000e+00 0.000000e+00
2.653000e+01 0.000000e+00 0.000000e+00
2.654000e+01 0.000000e+00 0.000000e+00
2.655000e+01 0.000000e+00 0.000000e+00
2.656000e+01 0.000000e+00 0.000000e+00
2.657000e+01 0.000000e+00 0.000000e+00
2.658000e+01 0.000000e+00 0.000000e+00
2.659000e+01 0.000000e+00 0.000000e+00
2.660000e+01 0.000000e+00 0.000000e+00
2.661000e+01 0.000000e+00 0.000000e+00
2.662000e+01 0.000000e+00 0.000000e+00
2.663000e+01 0.000000e+00 0.000000e+00
2.664000e+01 0.000000e+00 0.000000e+00
2.665000e+01 0.000000e+00 0.000000e+00
2.666000e+01 0.000000e+00 0.000000e+00
2.667000e+01 0.000000e+00 0.000000e+00
2.668000e+01 0.000000e+00 0.000000e+00
2.669000e+01 0.000000e+00 0.000000e+00
2.670000e+01 0.000000e+00 0.000000e+00
2.671000e+01 0.000000e+00 0.000000e+00
2.672000e+01 0.000000e+00 0.000000e+00
2.673000e+01 0.000000e+00 0.000000e+00
2.674000e+01 0.000000e+00 0.000000e+00
2.675000e+01 0.000000e+00 0.000000e+00
2.676000e+01 0.000000e+00 0.000000e+00
2.677000e+01 0.000000e+00 0.000000e+00
2.678000e+01 0.000000e+00 0.000000e+00
2.679000e+01 0.000000e+00 0.000000e+00
2.680000e+01 0.000000e+00 0.000000e+00
2.681000e+01 0.000000e+00 0.000000e+00
2.682000e+01 0.000000e+00 0.000000e+00
2.683000e+01 0.000000e+00 0.000000e+00
2.684000e+01 0.000000e+00 0.000000e+00
2.685000e+01 0.000000e+00 0.000000e+00
2.686000e+01 0.000000e+00 0.000000e+00
2.687000e+01 0.000000e+00 0.000000e+00
2.688000e+01 0.000000e+00 0.000000e+00
2.689000e+01 0.000000e+00 0.000000e+00
2.690000e+01 0.000000e+00 0.000000e+00
2.691000e+01 0.000000e+00 0.000000e+00
2.692000e+01 0.000000e+00 0.000000e+00
2.693000e+01 0.000000e+00 0.000000e+00
2.694000e+01 0.000000e+00 0.000000e+00
2.695000e+01 0.000000e+00 0.000000e+00
2.696000e+01 0.000000e+00 0.000000e+00
2.697000e+01 0.000000e+00 0.000000e+00
2.698000e+01 0.000000e+00 0.000000e+00
2.699000e+01 0.000000e+00 0.000000e+00
2.700000e+01 0.000000e+00 0.000000e+00
2.701000e+01 0.000000e+00 0.000000e+00
2.702000e+01 0.000000e+00 0.000000e+00
2.703000e+01 0.000000e+00 0.000000e+00
2.704000e+01 0.000000e+00 0.000000e+00
2.705000e+01 0.000000e+00 0.000000e+00
2.706000e+01 0.000000e+00 0.000000e+00
2.707000e+01 0.000000e+00 0.000000e+00
2.708000e+01 0.000000e+00 0.000000e+00
2.709000e+01 0.000000e+00 0.000000e+00
2.710000e+01 0.000000e+00 0.000000e+00
2.711000e+01 0.000000e+00 0.000000e+00
2.712000e+01 0.000000e+00 0.000000e+00
2.713000e+01 0.000000e+00 0.000000e+00
2.714000e+01 0.000000e+00 0.000000e+00
2.715000e+01 0.000000e+00 0.000000e+00
2.716000e+01 0.000000e+00 0.000000e+00
2.717000e+01 0.000000e+00 0.000000e+00
2.718000e+01 0.000000e+00 0.000000e+00
2.719000e+01 0.000000e+00 0.000000e+00
2.720000e+01 0.000000e+00 0.000000e+00
2.721000e+01 0.000000e+00 0.000000e+00
2.722000e+01 0.000000e+00 0.000000e+00
2.723000e+01 0.000000e+00 0.000000e+00
2.724000e+01 0.000000e+00 0.000000e+00
2.725000e+01 0.000000e+00 0.000000e+00
2.726000e+01 0.000000e+00 0.000000e+00
2.727000e+01 0.000000e+00 0.000000e+00
2.728000e+01 0.000000e+00 0.000000e+00
2.729000e+01 0.000000e+00 0.000000e+00
2.730000e+01 0.000000e+00 0.000000e+00
2.731000e+01 0.000000e+00 0.000000e+00
2.732000e+01 0.000000e+00 0.000000e+00
2.733000e+01 0.000000e+00 0.000000e+00
2.734000e+01 0.000000e+00 0.000000e+00
2.735000e+01 0.000000e+00 0.000000e+00
2.736000e+01 0.000000e+00 0.000000e+00
2.737000e+01 0.000000e+00 0.000000e+00
2.738000e+01 0.000000e+00 0.000000e+00
2.739000e+01 0.000000e+00 0.000000e+00
2.740000e+01 0.000000e+00 0.000000e+00
2.741000e+01 0.000000e+00 0.000000e+00
2.742000e+01 0.000000e+00 0.000000e+00
2.743000e+01 0.000000e+00 0.000000e+00
2.744000e+01 0.000000e+00 0.000000e+00
2.745000e+01 0.000000e+00 0.000000e+00
2.746000e+01 0.000000e+00 0.000000e+00
2.747000e+01 0.000000e+00 0.000000e+00
2.748000e+01 0.000000e+00 0.000000e+00
2.749000e+01 0.000000e+00 0.000000e+00
2.750000e+01 0.000000e+00 0.000000e+00
2.751000e+01 0.000000e+00 0.000000e+00
2.752000e+01 0.000000e+00 0.000000e+00
2.753000e+01 0.000000e+00 0.000000e+00
2.754000e+01 0.000000e+00 0.000000e+00
2.755000e+01 0.000000e+00 0.000000e+00
2.756000e+01 0.000000e+00 0.000000e+00
2.757000e+01 0.000000e+00 0.000000e+00
2.758000e+01 0.000000e+00 0.000000e+00
2.759000e+01 0.000000e+00 0.000000e+00
2.760000e+01 0.000000e+00 0.000000e+00
2.761000e+01 0.000000e+00 0.000000e+00
2.762000e+01 0.000000e+00 0.000000e+00
2.763000e+01 0.000000e+00 0.000000e+00
2.764000e+01 0.000000e+00 0.000000e+00
2.765000e+01 0.000000e+00 0.000000e+00
2.766000e+01 0.000000e+00 0.000000e+00
2.767000e+01 0.000000e+00 0.000000e+00
2.768000e+01 0.000000e+00 0.000000e+00
2.769000e+01 0.000000e+00 0.000000e+00
2.770000e+01 0.000000e+00 0.000000e+00
2.771000e+01 0.000000e+00 0.000000e+00
2.772000e+01 0.000000e+00 0.000000e+00
2.773000e+01 0.000000e+00 0.000000e+00
2.774000e+01 0.000000e+00 0.000000e+00
2.775000e+01 0.000000e+00 0.000000e+00
2.776000e+01 0.000000e+00 0.000000e+00
2.777000e+01 0.000000e+00 0.000000e+00
2.778000e+01 0.000000e+00 0.000000e+00
2.779000e+01 0.000000e+00 0.000000e+00
2.780000e+01 0.000000e+00 0.000000e+00
2.781000e+01 0.000000e+00 0.000000e+00
2.782000e+01 0.000000e+00 0.000000e+00
2.783000e+01 0.000000e+00 0.000000e+00
2.784000e+01 0.000000e+00 0.000000e+00
2.785000e+01 0.000000e+00 0.000000e+00
2.786000e+01 0.000000e+00 0.000000e+00
2.787000e+01 0.000000e+00 0.000000e+00
2.788000e+01 0.000000e+00 0.000000e+00
2.789000e+01 0.000000e+00 0.000000e+00
2.790000e+01 0.000000e+00 0.000000e+00
2.791000e+01 0.000000e+00 0.000000e+00
2.792000e+01 0.000000e+00 0.000000e+00
2.793000e+01 0.000000e+00 0.000000e+00
2.794000e+01 0.000000e+00 0.000000e+00
2.795000e+01 0.000000e+00 0.000000e+00
2.796000e+01 0.000000e+00 0.000000e+00
2.797000e+01 0.000000e+00 0.000000e+00
2.798000e+01 0.000000e+00 0.000000e+00
2.799000e+01 0.000000e+00 0.000000e+00
2.800000e+01 0.000000e+00 0.000000e+00
2.801000e+01 0.000000e+00 0.000000e+00
2.802000e+01 0.000000e+00 0.000000e+00
2.803000e+01 0.000000e+00 0.000000e+00
2.804000e+01 0.000000e+00 0.000000e+00
2.805000e+01 0.000000e+00 0.000000e+00
2.806000e+01 0.000000e+00 0.000000e+00
2.807000e+01 0.000000e+00 0.000000e+00
2.808000e+01 0.000000e+00 0.000000e+00
2.809000e+01 0.000000e+00 0.000000e+00
2.810000e+01 0.000000e+00 0.000000e+00
2.811000e+01 0.000000e+00 0.000000e+00
2.812000e+01 0.000000e+00 0.000000e+00
2.813000e+01 0.000000e+00 0.000000e+00
2.814000e+01 0.000000e+00 0.000000e+00
2.815000e+01 0.000000e+00 0.000000e+00
2.816000e+01 0.000000e+00 0.000000e+00
2.817000e+01 0.000000e+00 0.000000e+00
2.818000e+01 0.000000e+00 0.000000e+00
2.819000e+01 0.000000e+00 0.000000e+00
2.820000e+01 0.000000e+00 0.000000e+00
2.821000e+01 0.000000e+00 0.000000e+00
2.822000e+01 0.000000e+00 0.000000e+00
2.823000e+01 0.000000e+00 0.000000e+00
2.824000e+01 0.000000e+00 0.000000e+00
2.825000e+01 0.000000e+00 0.000000e+00
2.826000e+01 0.000000e+00 0.000000e+00
2.827000e+01 0.000000e+00 0.000000e+00
2.828000e+01 0.000000e+00 0.000000e+00
2.829000e+01 0.000000e+00 0.000000e+00
2.830000e+01 0.000000e+00 0.000000e+00
2.831000e+01 0.000000e+00 0.000000e+00
2.832000e+01 0.000000e+00 0.000000e+00
2.833000e+01 0.000000e+00 0.000000e+00
2.834000e+01 0.000000e+00 0.000000e+00
2.835000e+01 0.000000e+00 0.000000e+00
2.836000e+01 0.000000e+00 0.000000e+00
2.837000e+01 0.000000e+00 0.000000e+00
2.838000e+01 0.000000e+00 0.000000e+00
2.839000e+01 0.000000e+00 0.000000e+00
2.840000e+01 0.000000e+00 0.000000e+00
2.841000e+01 0.000000e+00 0.000000e+00
2.842000e+01 0.000000e+00 0.000000e+00
2.843000e+01 0.000000e+00 0.000000e+00
2.844000e+01 0.000000e+00 0.000000e+00
2.845000e+01 0.000000e+00 0.000000e+00
2.846000e+01 0.000000e+00 0.000000e+00
2.847000e+01 0.000000e+00 0.000000e+00
2.848000e+01 0.000000e+00 0.000000e+00
2.849000e+01 0.000000e+00 0.000000e+00
2.850000e+01 0.000000e+00 0.000000e+00
2.851000e+01 0.000000e+00 0.000000e+00
2.852000e+01 0.000000e+00 0.000000e+00
2.853000e+01 0.000000e+00 0.000000e+00
2.854000e+01 0.000000e+00 0.000000e+00
2.855000e+01 0.000000e+00 0.000000e+00
2.856000e+01 0.000000e+00 0.000000e+00
2.857000e+01 0.000000e+00 0.000000e+00
2.858000e+01 0.000000e+00 0.000000e+00
2.859000e+01 0.000000e+00 0.000000e+00
2.860000e+01 0.000000e+00 0.000000e+00
2.861000e+01 0.000000e+00 0.000000e+00
2.862000e+01 0.000000e+00 0.000000e+00
2.863000e+01 0.000000e+00 0.000000e+00
2.864000e+01 0.000000e+00 0.000000e+00
2.865000e+01 0.000000e+00 0.000000e+00
2.866000e+01 0.000000e+00 0.000000e+00
2.867000e+01 0.000000e+00 0.000000e+00
2.868000e+01 0.000000e+00 0.000000e+00
2.869000e+01 0.000000e+00 0.000000e+00
2.870000e+01 0.000000e+00 0.000000e+00
2.871000e+01 0.000000e+00 0.000000e+00
2.872000e+01 0.000000e+00 0.000000e+00
2.873000e+01 0.000000e+00 0.000000e+00
2.874000e+01 0.000000e+00 0.000000e+00
2.875000e+01 0.000000e+00 0.000000e+00
2.876000e+01 0.000000e+00 0.000000e+00
2.877000e+01 0.000000e+00 0.000000e+00
2.878000e+01 0.000000e+00 0.000000e+00
2.879000e+01 0.000000e+00 0.000000e+00
2.880000e+01 0.000000e+00 0.000000e+00
2.881000e+01 0.000000e+00 0.000000e+00
2.882000e+01 0.000000e+00 0.000000e+00
2.883000e+01 0.000000e+00 0.000000e+00
2.884000e+01 0.000000e+00 0.000000e+00
2.885000e+01 0.000000e+00 0.000000e+00
2.886000e+01 0.000000e+00 0.000000e+00
2.887000e+01 0.000000e+00 0.000000e+00
2.888000e+01 0.000000e+00 0.000000e+00
2.889000e+01 0.000000e+00 0.000000e+00
2.890000e+01 0.000000e+00 0.000000e+00
2.891000e+01 0.000000e+00 0.000000e+00
2.892000e+01 0.000000e+00 0.000000e+00
2.893000e+01 0.000000e+00 0.000000e+00
2.894000e+01 0.000000e+00 0.000000e+00
2.895000e+01 0.000000e+00 0.000000e+00
2.896000e+01 0.000000e+00 0.000000e+00
2.897000e+01 0.000000e+00 0.000000e+00
2.898000e+01 0.000000e+00 0.000000e+00
2.899000e+01 0.000000e+00 0.000000e+00
2.900000e+01 0.000000e+00 0.000000e+00
2.901000e+01 0.000000e+00 0.000000e+00
2.902000e+01 0.000000e+00 0.000000e+00
2.903000e+01 0.000000e+00 0.000000e+00
2.904000e+01 0.000000e+00 0.000000e+00
2.905000e+01 0.000000e+00 0.000000e+00
2.906000e+01 0.000000e+00 0.000000e+00
2.907000e+01 0.000000e+00 0.000000e+00
2.908000e+01 0.000000e+00 0.000000e+00
2.909000e+01 0.000000e+00 0.000000e+00
2.910000e+01 0.000000e+00 0.000000e+00
2.911000e+01 0.000000e+00 0.000000e+00
2.912000e+01 0.000000e+00 0.000000e+00
2.913000e+01 0.000000e+00 0.000000e+00
2.914000e+01 0.000000e+00 0.000000e+00
2.915000e+01 0.000000e+00 0.000000e+00
2.916000e+01 0.000000e+00 0.000000e+00
2.917000e+01 0.000000e+00 0.000000e+00
2.918000e+01 0.000000e+00 0.000000e+00
2.919000e+01 0.000000e+00 0.000000e+00
2.920000e+01 0.000000e+00 0.000000e+00
2.921000e+01 0.000000e+00 0.000000e+00
2.922000e+01 0.000000e+00 0.000000e+00
2.923000e+01 0.000000e+00 0.000000e+00
2.924000e+01 0.000000e+00 0.000000e+00
2.925000e+01 0.000000e+00 0.000000e+00
2.926000e+01 0.000000e+00 0.000000e+00
2.927000e+01 0.000000e+00 0.000000e+00
2.928000e+01 0.000000e+00 0.000000e+00
2.929000e+01 0.000000e+00 0.000000e+00
2.930000e+01 0.000000e+00 0.000000e+00
2.931000e+01 0.000000e+00 0.000000e+00
2.932000e+01 0.000000e+00 0.000000e+00
2.933000e+01 0.000000e+00 0.000000e+00
2.934000e+01 0.000000e+00 0.000000e+00
2.935000e+01 0.000000e+00 0.000000e+00
2.936000e+01 0.000000e+00 0.000000e+00
2.937000e+01 0.000000e+00 0.000000e+00
2.938000e+01 0.000000e+00 0.000000e+00
2.939000e+01 0.000000e+00 0.000000e+00
2.940000e+01 0.000000e+00 0.000000e+00
2.941000e+01 0.000000e+00 0.000000e+00
2.942000e+01 0.000000e+00 0.000000e+00
2.943000e+01 0.000000e+00 0.000000e+00
2.944000e+01 0.000000e+00 0.000000e+00
2.945000e+01 0.000000e+00 0.000000e+00
2.946000e+01 0.000000e+00 0.000000e+00
2.947000e+01 0.000000e+00 0.000000e+00
2.948000e+01 0.000000e+00 0.000000e+00
2.949000e+01 0.000000e+00 0.000000e+00
2.950000e+01 0.000000e+00 0.000000e+00
2.951000e+01 0.000000e+00 0.000000e+00
2.952000e+01 0.000000e+00 0.000000e+00
2.953000e+01 0.000000e+00 0.000000e+00
2.954000e+01 0.000000e+00 0.000000e+00
2.955000e+01 0.000000e+00 0.000000e+00
2.956000e+01 0.000000e+00 0.000000e+00
2.957000e+01 0.000000e+00 0.000000e+00
2.958000e+01 0.000000e+00 0.000000e+00
2.959000e+01 0.000000e+00 0.000000e+00
2.960000e+01 0.000000e+00 0.000000e+00
2.961000e+01 0.000000e+00 0.000000e+00
2.962000e+01 0.000000e+00 0.000000e+00
2.963000e+01 0.000000e+00 0.000000e+00
2.964000e+01 0.000000e+00 0.000000e+00
2.965000e+01 0.000000e+00 0.000000e+00
2.966000e+01 0.000000e+00 0.000000e+00
2.967000e+01 0.000000e+00 0.000000e+00
2.968000e+01 0.000000e+00 0.000000e+00
2.969000e+01 0.000000e+00 0.000000e+00
2.970000e+01 0.000000e+00 0.000000e+00
2.971000e+01 0.000000e+00 0.000000e+00
2.972000e+01 0.000000e+00 0.000000e+00
2.973000e+01 0.000000e+00 0.000000e+00
2.974000e+01 0.000000e+00 0.000000e+00
2.975000e+01 0.000000e+00 0.000000e+00
2.976000e+01 0.000000e+00 0.000000e+00
2.977000e+01 0.000000e+00 0.000000e+00
2.978000e+01 0.000000e+00 0.000000e+00
2.979000e+01 0.000000e+00 0.000000e+00
2.980000e+01 0.000000e+00 0.000000e+00
2.981000e+01 0.000000e+00 0.000000e+00
2.982000e+01 0.000000e+00 0.000000e+00
2.983000e+01 0.000000e+00 0.000000e+00
2.984000e+01 0.000000e+00 0.000000e+00
2.985000e+01 0.000000e+00 0.000000e+00
2.986000e+01 0.000000e+00 0.000000e+00
2.987000e+01 0.000000e+00 0.000000e+00
2.988000e+01 0.000000e+00 0.000000e+00
2.989000e+01 0.000000e+00 0.000000e+00
2.990000e+01 0.000000e+00 0.000000e+00
2.991000e+01 0.000000e+00 0.000000e+00
2.992000e+01 0.000000e+00 0.000000e+00
2.993000e+01 0.000000e+00 0.000000e+00
2.994000e+01 0.000000e+00 0.000000e+00
2.995000e+01 0.000000e+00 0.000000e+00
2.996000e+01 0.000000e+00 0.000000e+00
2.997000e+01 0.000000e+00 0.000000e+00
2.998000e+01 0.000000e+00 0.000000e+00
2.999000e+01 0.000000e+00 0.000000e+00
3.000000e+01 0.000000e+00 0.000000e+00
3.001000e+01 0.000000e+00 0.000000e+00
3.002000e+01 0.000000e+00 0.000000e+00
3.003000e+01 0.000000e+00 0.000000e+00
3.004000e+01 0.000000e+00 0.000000e+00
3.005000e+01 0.000000e+00 0.000000e+00
3.006000e+01 0.000000e+00 0.000000e+00
3.007000e+01 0.000000e+00 0.000000e+00
3.008000e+01 0.000000e+00 0.000000e+00
3.009000e+01 0.000000e+00 0.000000e+00
3.010000e+01 0.000000e+00 0.000000e+00
3.011000e+01 0.000000e+00 0.000000e+00
3.012000e+01 0.000000e+00 0.000000e+00
3.013000e+01 0.000000e+00 0.000000e+00
3.014000e+01 0.000000e+00 0.000000e+00
3.015000e+01 0.000000e+00 0.000000e+00
3.016000e+01 0.000000e+00 0.000000e+00
3.017000e+01 0.000000e+00 0.000000e+00
3.018000e+01 0.000000e+00 0.000000e+00
3.019000e+01 0.000000e+00 0.000000e+00
3.020000e+01 0.000000e+00 0.000000e+00
3.021000e+01 0.000000e+00 0.000000e+00
3.022000e+01 0.000000e+00 0.000000e+00
3.023000e+01 0.000000e+00 0.000000e+00
3.024000e+01 0.000000e+00 0.000000e+00
3.025000e+01 0.000000e+00 0.000000e+00
3.026000e+01 0.000000e+00 0.000000e+00
3.027000e+01 0.000000e+00 0.000000e+00
3.028000e+01 0.000000e+00 0.000000e+00
3.029000e+01 0.000000e+00 0.000000e+00
3.030000e+01 0.000000e+00 0.000000e+00
3.031000e+01 0.000000e+00 0.000000e+00
3.032000e+01 0.000000e+00 0.000000e+00
3.033000e+01 0.000000e+00 0.000000e+00
3.034000e+01 0.000000e+00 0.000000e+00
3.035000e+01 0.000000e+00 0.000000e+00
3.036000e+01 0.000000e+00 0.000000e+00
3.037000e+01 0.000000e+00 0.000000e+00
3.038000e+01 0.000000e+00 0.000000e+00
3.039000e+01 0.000000e+00 0.000000e+00
3.040000e+01 0.000000e+00 0.000000e+00
3.041000e+01 0.000000e+00 0.000000e+00
3.042000e+01 0.000000e+00 0.000000e+00
3.043000e+01 0.000000e+00 0.000000e+00
3.044000e+01 0.000000e+00 0.000000e+00
3.045000e+01 0.000000e+00 0.000000e+00
3.046000e+01 0.000000e+00 0.000000e+00
3.047000e+01 0.000000e+00 0.000000e+00
3.048000e+01 0.000000e+00 0.000000e+00
3.049000e+01 0.000000e+00 0.000000e+00
3.050000e+01 0.000000e+00 0.000000e+00
3.051000e+01 0.000000e+00 0.000000e+00
3.052000e+01 0.000000e+00 0.000000e+00
3.053000e+01 0.000000e+00 0.000000e+00
3.054000e+01 0.000000e+00 0.000000e+00
3.055000e+01 0.000000e+00 0.000000e+00
3.056000e+01 0.000000e+00 0.000000e+00
3.057000e+01 0.000000e+00 0.000000e+00
3.058000e+01 0.000000e+00 0.000000e+00
3.059000e+01 0.000000e+00 0.000000e+00
3.060000e+01 0.000000e+00 0.000000e+00
3.061000e+01 0.000000e+00 0.000000e+00
3.062000e+01 0.000000e+00 0.000000e+00
3.063000e+01 0.000000e+00 0.000000e+00
3.064000e+01 0.000000e+00 0.000000e+00
3.065000e+01 0.000000e+00 0.000000e+00
3.066000e+01 0.000000e+00 0.000000e+00
3.067000e+01 0.000000e+00 0.000000e+00
3.068000e+01 0.000000e+00 0.000000e+00
3.069000e+01 0.000000e+00 0.000000e+00
3.070000e+01 0.000000e+00 0.000000e+00
3.071000e+01 0.000000e+00 0.000000e+00
3.072000e+01 0.000000e+00 0.000000e+00
3.073000e+01 0.000000e+00 0.000000e+00
3.074000e+01 0.000000e+00 0.000000e+00
3.075000e+01 0.000000e+00 0.000000e+00
3.076000e+01 0.000000e+00 0.000000e+00
3.077000e+01 0.000000e+00 0.000000e+00
3.078000e+01 0.000000e+00 0.000000e+00
3.079000e+01 0.000000e+00 0.000000e+00
3.080000e+01 0.000000e+00 0.000000e+00
3.081000e+01 0.000000e+00 0.000000e+00
3.082000e+01 0.000000e+00 0.000000e+00
3.083000e+01 0.000000e+00 0.000000e+00
3.084000e+01 0.000000e+00 0.000000e+00
3.085000e+01 0.000000e+00 0.000000e+00
3.086000e+01 0.000000e+00 0.000000e+00
3.087000e+01 0.000000e+00 0.000000e+00
3.088000e+01 0.000000e+00 0.000000e+00
3.089000e+01 0.000000e+00 0.000000e+00
3.090000e+01 0.000000e+00 0.000000e+00
3.091000e+01 0.000000e+00 0.000000e+00
3.092000e+01 0.000000e+00 0.000000e+00
3.093000e+01 0.000000e+00 0.000000e+00
3.094000e+01 0.000000e+00 0.000000e+00
3.095000e+01 0.000000e+00 0.000000e+00
3.096000e+01 0.000000e+00 0.000000e+00
3.097000e+01 0.000000e+00 0.000000e+00
3.098000e+01 0.000000e+00 0.000000e+00
3.099000e+01 0.000000e+00 0.000000e+00
3.100000e+01 0.000000e+00 0.000000e+00
3.101000e+01 0.000000e+00 0.000000e+00
3.102000e+01 0.000000e+00 0.000000e+00
3.103000e+01 0.000000e+00 0.000000e+00
3.104000e+01 0.000000e+00 0.000000e+00
3.105000e+01 0.000000e+00 0.000000e+00
3.106000e+01 0.000000e+00 0.000000e+00
3.107000e+01 0.000000e+00 0.000000e+00
3.108000e+01 0.000000e+00 0.000000e+00
3.109000e+01 0.000000e+00 0.000000e+00
3.110000e+01 0.000000e+00 0.000000e+00
3.111000e+01 0.000000e+00 0.000000e+00
3.112000e+01 0.000000e+00 0.000000e+00
3.113000e+01 0.000000e+00 0.000000e+00
3.114000e+01 0.000000e+00 0.000000e+00
3.115000e+01 0.000000e+00 0.000000e+00
3.116000e+01 0.000000e+00 0.000000e+00
3.117000e+01 0.000000e+00 0.000000e+00
3.118000e+01 0.000000e+00 0.000000e+00
3.119000e+01 0.000000e+00 0.000000e+00
3.120000e+01 0.000000e+00 0.000000e+00
3.121000e+01 0.000000e+00 0.000000e+00
3.122000e+01 0.000000e+00 0.000000e+00
3.123000e+01 0.000000e+00 0.000000e+00
3.124000e+01 0.000000e+00 0.000000e+00
3.125000e+01 0.000000e+00 0.000000e+00
3.126000e+01 0.000000e+00 0.000000e+00
3.127000e+01 0.000000e+00 0.000000e+00
3.128000e+01 0.000000e+00 0.000000e+00
3.129000e+01 0.000000e+00 0.000000e+00
3.130000e+01 0.000000e+00 0.000000e+00
3.131000e+01 0.000000e+00 0.000000e+00
3.132000e+01 0.000000e+00 0.000000e+00
3.133000e+01 0.000000e+00 0.000000e+00
3.134000e+01 0.000000e+00 0.000000e+00
3.135000e+01 0.000000e+00 0.000000e+00
3.136000e+01 0.000000e+00 0.000000e+00
3.137000e+01 0.000000e+00 0.000000e+00
3.138000e+01 0.000000e+00 0.000000e+00
3.139000e+01 0.000000e+00 0.000000e+00
3.140000e+01 0.000000e+00 0.000000e+00
3.141000e+01 0.000000e+00 0.000000e+00
3.142000e+01 0.000000e+00 0.000000e+00
3.143000e+01 0.000000e+00 0.000000e+00
3.144000e+01 0.000000e+00 0.000000e+00
3.145000e+01 0.000000e+00 0.000000e+00
3.146000e+01 0.000000e+00 0.000000e+00
3.147000e+01 0.000000e+00 0.000000e+00
3.148000e+01 0.000000e+00 0.000000e+00
3.149000e+01 0.000000e+00 0.000000e+00
3.150000e+01 0.000000e+00 0.000000e+00
3.151000e+01 0.000000e+00 0.000000e+00
3.152000e+01 0.000000e+00 0.000000e+00
3.153000e+01 0.000000e+00 0.000000e+00
3.154000e+01 0.000000e+00 0.000000e+00
3.155000e+01 0.000000e+00 0.000000e+00
3.156000e+01 0.000000e+00 0.000000e+00
3.157000e+01 0.000000e+00 0.000000e+00
3.158000e+01 0.000000e+00 0.000000e+00
3.159000e+01 0.000000e+00 0.000000e+00
3.160000e+01 0.000000e+00 0.000000e+00
3.161000e+01 0.000000e+00 0.000000e+00
3.162000e+01 0.000000e+00 0.000000e+00
3.163000e+01 0.000000e+00 0.000000e+00
3.164000e+01 0.000000e+00 0.000000e+00
3.165000e+01 0.000000e+00 0.000000e+00
3.166000e+01 0.000000e+00 0.000000e+00
3.167000e+01 0.000000e+00 0.000000e+00
3.168000e+01 0.000000e+00 0.000000e+00
3.169000e+01 0.000000e+00 0.000000e+00
3.170000e+01 0.000000e+00 0.000000e+00
3.171000e+01 0.000000e+00 0.000000e+00
3.172000e+01 0.000000e+00 0.000000e+00
3.173000e+01 0.000000e+00 0.000000e+00
3.174000e+01 0.000000e+00 0.000000e+00
3.175000e+01 0.000000e+00 0.000000e+00
3.176000e+01 0.000000e+00 0.000000e+00
3.177000e+01 0.000000e+00 0.000000e+00
3.178000e+01 0.000000e+00 0.000000e+00
3.179000e+01 0.000000e+00 0.000000e+00
3.180000e+01 0.000000e+00 0.000000e+00
3.181000e+01 0.000000e+00 0.000000e+00
3.182000e+01 0.000000e+00 0.000000e+00
3.183000e+01 0.000000e+00 0.000000e+00
3.184000e+01 0.000000e+00 0.000000e+00
3.185000e+01 0.000000e+00 0.000000e+00
3.186000e+01 0.000000e+00 0.000000e+00
3.187000e+01 0.000000e+00 0.000000e+00
3.188000e+01 0.000000e+00 0.000000e+00
3.189000e+01 0.000000e+00 0.000000e+00
3.190000e+01 0.000000e+00 0.000000e+00
3.191000e+01 0.000000e+00 0.000000e+00
3.192000e+01 0.000000e+00 0.000000e+00
3.193000e+01 0.000000e+00 0.000000e+00
3.194000e+01 0.000000e+00 0.000000e+00
3.195000e+01 0.000000e+00 0.000000e+00
3.196000e+01 0.000000e+00 0.000000e+00
3.197000e+01 0.000000e+00 0.000000e+00
3.198000e+01 0.000000e+00 0.000000e+00
3.199000e+01 0.000000e+00 0.000000e+00
3.200000e+01 0.000000e+00 0.000000e+00
3.201000e+01 0.000000e+00 0.000000e+00
3.202000e+01 0.000000e+00 0.000000e+00
3.203000e+01 0.000000e+00 0.000000e+00
3.204000e+01 0.000000e+00 0.000000e+00
3.205000e+01 0.000000e+00 0.000000e+00
3.206000e+01 0.000000e+00 0.000000e+00
3.207000e+01 0.000000e+00 0.000000e+00
3.208000e+01 0.000000e+00 0.000000e+00
3.209000e+01 0.000000e+00 0.000000e+00
3.210000e+01 0.000000e+00 0.000000e+00
3.211000e+01 0.000000e+00 0.000000e+00
3.212000e+01 0.000000e+00 0.000000e+00
3.213000e+01 0.000000e+00 0.000000e+00
3.214000e+01 0.000000e+00 0.000000e+00
3.215000e+01 0.000000e+00 0.000000e+00
3.216000e+01 0.000000e+00 0.000000e+00
3.217000e+01 0.000000e+00 0.000000e+00
3.218000e+01 0.000000e+00 0.000000e+00
3.219000e+01 0.000000e+00 0.000000e+00
3.220000e+01 0.000000e+00 0.000000e+00
3.221000e+01 0.000000e+00 0.000000e+00
3.222000e+01 0.000000e+00 0.000000e+00
3.223000e+01 0.000000e+00 0.000000e+00
3.224000e+01 0.000000e+00 0.000000e+00
3.225000e+01 0.000000e+00 0.000000e+00
3.226000e+01 0.000000e+00 0.000000e+00
3.227000e+01 0.000000e+00 0.000000e+00
3.228000e+01 0.000000e+00 0.000000e+00
3.229000e+01 0.000000e+00 0.000000e+00
3.230000e+01 0.000000e+00 0.000000e+00
3.231000e+01 0.000000e+00 0.000000e+00
3.232000e+01 0.000000e+00 0.000000e+00
3.233000e+01 0.000000e+00 0.000000e+00
3.234000e+01 0.000000e+00 0.000000e+00
3.235000e+01 0.000000e+00 0.000000e+00
3.236000e+01 0.000000e+00 0.000000e+00
3.237000e+01 0.000000e+00 0.000000e+00
3.238000e+01 0.000000e+00 0.000000e+00
3.239000e+01 0.000000e+00 0.000000e+00
3.240000e+01 0.000000e+00 0.000000e+00
3.241000e+01 0.000000e+00 0.000000e+00
3.242000e+01 0.000000e+00 0.000000e+00
3.243000e+01 0.000000e+00 0.000000e+00
3.244000e+01 0.000000e+00 0.000000e+00
3.245000e+01 0.000000e+00 0.000000e+00
3.246000e+01 0.000000e+00 0.000000e+00
3.247000e+01 0.000000e+00 0.000000e+00
3.248000e+01 0.000000e+00 0.000000e+00
3.249000e+01 0.000000e+00 0.000000e+00
3.250000e+01 0.000000e+00 0.000000e+00
3.251000e+01 0.000000e+00 0.000000e+00
3.252000e+01 0.000000e+00 0.000000e+00
3.253000e+01 0.000000e+00 0.000000e+00
3.254000e+01 0.000000e+00 0.000000e+00
3.255000e+01 0.000000e+00 0.000000e+00
3.256000e+01 0.000000e+00 0.000000e+00
3.257000e+01 0.000000e+00 0.000000e+00
3.258000e+01 0.000000e+00 0.000000e+00
3.259000e+01 0.000000e+00 0.000000e+00
3.260000e+01 0.000000e+00 0.000000e+00
3.261000e+01 0.000000e+00 0.000000e+00
3.262000e+01 0.000000e+00 0.000000e+00
3.263000e+01 0.000000e+00 0.000000e+00
3.264000e+01 0.000000e+00 0.000000e+00
3.265000e+01 0.000000e+00 0.000000e+00
3.266000e+01 0.000000e+00 0.000000e+00
3.267000e+01 0.000000e+00 0.000000e+00
3.268000e+01 0.000000e+00 0.000000e+00
3.269000e+01 0.000000e+00 0.000000e+00
3.270000e+01 0.000000e+00 0.000000e+00
3.271000e+01 0.000000e+00 0.000000e+00
3.272000e+01 0.000000e+00 0.000000e+00
3.273000e+01 0.000000e+00 0.000000e+00
3.274000e+01 0.000000e+00 0.000000e+00
3.275000e+01 0.000000e+00 0.000000e+00
3.276000e+01 0.000000e+00 0.000000e+00
3.277000e+01 0.000000e+00 0.000000e+00
3.278000e+01 0.000000e+00 0.000000e+00
3.279000e+01 0.000000e+00 0.000000e+00
3.280000e+01 0.000000e+00 0.000000e+00
3.281000e+01 0.000000e+00 0.000000e+00
3.282000e+01 0.000000e+00 0.000000e+00
3.283000e+01 0.000000e+00 0.000000e+00
3.284000e+01 0.000000e+00 0.000000e+00
3.285000e+01 0.000000e+00 0.000000e+00
3.286000e+01 0.000000e+00 0.000000e+00
3.287000e+01 0.000000e+00 0.000000e+00
3.288000e+01 0.000000e+00 0.000000e+00
3.289000e+01 0.000000e+00 0.000000e+00
3.290000e+01 0.000000e+00 0.000000e+00
3.291000e+01 0.000000e+00 0.000000e+00
3.292000e+01 0.000000e+00 0.000000e+00
3.293000e+01 0.000000e+00 0.000000e+00
3.294000e+01 0.000000e+00 0.000000e+00
3.295000e+01 0.000000e+00 0.000000e+00
3.296000e+01 0.000000e+00 0.000000e+00
3.297000e+01 0.000000e+00 0.000000e+00
3.298000e+01 0.000000e+00 0.000000e+00
3.299000e+01 0.000000e+00 0.000000e+00
3.300000e+01 0.000000e+00 0.000000e+00
3.301000e+01 0.000000e+00 0.000000e+00
3.302000e+01 0.000000e+00 0.000000e+00
3.303000e+01 0.000000e+00 0.000000e+00
3.304000e+01 0.000000e+00 0.000000e+00
3.305000e+01 0.000000e+00 0.000000e+00
3.306000e+01 0.000000e+00 0.000000e+00
3.307000e+01 0.000000e+00 0.000000e+00
3.308000e+01 0.000000e+00 0.000000e+00
3.309000e+01 0.000000e+00 0.000000e+00
3.310000e+01 0.000000e+00 0.000000e+00
3.311000e+01 0.000000e+00 0.000000e+00
3.312000e+01 0.000000e+00 0.000000e+00
3.313000e+01 0.000000e+00 0.000000e+00
3.314000e+01 0.000000e+00 0.000000e+00
3.315000e+01 0.000000e+00 0.000000e+00
3.316000e+01 0.000000e+00 0.000000e+00
3.317000e+01 0.000000e+00 0.000000e+00
3.318000e+01 0.000000e+00 0.000000e+00
3.319000e+01 0.000000e+00 0.000000e+00
3.320000e+01 0.000000e+00 0.000000e+00
3.321000e+01 0.000000e+00 0.000000e+00
3.322000e+01 0.000000e+00 0.000000e+00
3.323000e+01 0.000000e+00 0.000000e+00
3.324000e+01 0.000000e+00 0.000000e+00
3.325000e+01 0.000000e+00 0.000000e+00
3.326000e+01 0.000000e+00 0.000000e+00
3.327000e+01 0.000000e+00 0.000000e+00
3.328000e+01 0.000000e+00 0.000000e+00
3.329000e+01 0.000000e+00 0.000000e+00
3.330000e+01 0.000000e+00 0.000000e+00
3.331000e+01 0.000000e+00 0.000000e+00
3.332000e+01 0.000000e+00 0.000000e+00
3.333000e+01 0.000000e+00 0.000000e+00
3.334000e+01 0.000000e+00 0.000000e+00
3.335000e+01 0.000000e+00 0.000000e+00
3.336000e+01 0.000000e+00 0.000000e+00
3.337000e+01 0.000000e+00 0.000000e+00
3.338000e+01 0.000000e+00 0.000000e+00
3.339000e+01 0.000000e+00 0.000000e+00
3.340000e+01 0.000000e+00 0.000000e+00
3.341000e+01 0.000000e+00 0.000000e+00
3.342000e+01 0.000000e+00 0.000000e+00
3.343000e+01 0.000000e+00 0.000000e+00
3.344000e+01 0.000000e+00 0.000000e+00
3.345000e+01 0.000000e+00 0.000000e+00
3.346000e+01 0.000000e+00 0.000000e+00
3.347000e+01 0.000000e+00 0.000000e+00
3.348000e+01 0.000000e+00 0.000000e+00
3.349000e+01 0.000000e+00 0.000000e+00
3.350000e+01 0.000000e+00 0.000000e+00
3.351000e+01 0.000000e+00 0.000000e+00
3.352000e+01 0.000000e+00 0.000000e+00
3.353000e+01 0.000000e+00 0.000000e+00
3.354000e+01 0.000000e+00 0.000000e+00
3.355000e+01 0.000000e+00 0.000000e+00
3.356000e+01 0.000000e+00 0.000000e+00
3.357000e+01 0.000000e+00 0.000000e+00
3.358000e+01 0.000000e+00 0.000000e+00
3.359000e+01 0.000000e+00 0.000000e+00
3.360000e+01 0.000000e+00 0.000000e+00
3.361000e+01 0.000000e+00 0.000000e+00
3.362000e+01 0.000000e+00 0.000000e+00
3.363000e+01 0.000000e+00 0.000000e+00
3.364000e+01 0.000000e+00 0.000000e+00
3.365000e+01 0.000000e+00 0.000000e+00
3.366000e+01 0.000000e+00 0.000000e+00
3.367000e+01 0.000000e+00 0.000000e+00
3.368000e+01 0.000000e+00 0.000000e+00
3.369000e+01 0.000000e+00 0.000000e+00
3.370000e+01 0.000000e+00 0.000000e+00
3.371000e+01 0.000000e+00 0.000000e+00
3.372000e+01 0.000000e+00 0.000000e+00
3.373000e+01 0.000000e+00 0.000000e+00
3.374000e+01 0.000000e+00 0.000000e+00
3.375000e+01 0.000000e+00 0.000000e+00
3.376000e+01 0.000000e+00 0.000000e+00
3.377000e+01 0.000000e+00 0.000000e+00
3.378000e+01 0.000000e+00 0.000000e+00
3.379000e+01 0.000000e+00 0.000000e+00
3.380000e+01 0.000000e+00 0.000000e+00
3.381000e+01 0.000000e+00 0.000000e+00
3.382000e+01 0.000000e+00 0.000000e+00
3.383000e+01 0.000000e+00 0.000000e+00
3.384000e+01 0.000000e+00 0.000000e+00
3.385000e+01 0.000000e+00 0.000000e+00
3.386000e+01 0.000000e+00 0.000000e+00
3.387000e+01 0.000000e+00 0.000000e+00
3.388000e+01 0.000000e+00 0.000000e+00
3.389000e+01 0.000000e+00 0.000000e+00
3.390000e+01 0.000000e+00 0.000000e+00
3.391000e+01 0.000000e+00 0.000000e+00
3.392000e+01 0.000000e+00 0.000000e+00
3.393000e+01 0.000000e+00 0.000000e+00
3.394000e+01 0.000000e+00 0.000000e+00
3.395000e+01 0.000000e+00 0.000000e+00
3.396000e+01 0.000000e+00 0.000000e+00
3.397000e+01 0.000000e+00 0.000000e+00
3.398000e+01 0.000000e+00 0.000000e+00
3.399000e+01 0.000000e+00 0.000000e+00
3.400000e+01 0.000000e+00 0.000000e+00
3.401000e+01 0.000000e+00 0.000000e+00
3.402000e+01 0.000000e+00 0.000000e+00
3.403000e+01 0.000000e+00 0.000000e+00
3.404000e+01 0.000000e+00 0.000000e+00
3.405000e+01 0.000000e+00 0.000000e+00
3.406000e+01 0.000000e+00 0.000000e+00
3.407000e+01 0.000000e+00 0.000000e+00
3.408000e+01 0.000000e+00 0.000000e+00
3.409000e+01 0.000000e+00 0.000000e+00
3.410000e+01 0.000000e+00 0.000000e+00
3.411000e+01 0.000000e+00 0.000000e+00
3.412000e+01 0.000000e+00 0.000000e+00
3.413000e+01 0.000000e+00 0.000000e+00
3.414000e+01 0.000000e+00 0.000000e+00
3.415000e+01 0.000000e+00 0.000000e+00
3.416000e+01 0.000000e+00 0.000000e+00
3.417000e+01 0.000000e+00 0.000000e+00
3.418000e+01 0.000000e+00 0.000000e+00
3.419000e+01 0.000000e+00 0.000000e+00
3.420000e+01 0.000000e+00 0.000000e+00
3.421000e+01 0.000000e+00 0.000000e+00
3.422000e+01 0.000000e+00 0.000000e+00
3.423000e+01 0.000000e+00 0.000000e+00
3.424000e+01 0.000000e+00 0.000000e+00
3.425000e+01 0.000000e+00 0.000000e+00
3.426000e+01 0.000000e+00 0.000000e+00
3.427000e+01 0.000000e+00 0.000000e+00
3.428000e+01 0.000000e+00 0.000000e+00
3.429000e+01 0.000000e+00 0.000000e+00
3.430000e+01 0.000000e+00 0.000000e+00
3.431000e+01 0.000000e+00 0.000000e+00
3.432000e+01 0.000000e+00 0.000000e+00
3.433000e+01 0.000000e+00 0.000000e+00
3.434000e+01 0.000000e+00 0.000000e+00
3.435000e+01 0.000000e+00 0.000000e+00
3.436000e+01 0.000000e+00 0.000000e+00
3.437000e+01 0.000000e+00 0.000000e+00
3.438000e+01 0.000000e+00 0.000000e+00
3.439000e+01 0.000000e+00 0.000000e+00
3.440000e+01 0.000000e+00 0.000000e+00
3.441000e+01 0.000000e+00 0.000000e+00
3.442000e+01 0.000000e+00 0.000000e+00
3.443000e+01 0.000000e+00 0.000000e+00
3.444000e+01 0.000000e+00 0.000000e+00
3.445000e+01 0.000000e+00 0.000000e+00
3.446000e+01 0.000000e+00 0.000000e+00
3.447000e+01 0.000000e+00 0.000000e+00
3.448000e+01 0.000000e+00 0.000000e+00
3.449000e+01 0.000000e+00 0.000000e+00
3.450000e+01 0.000000e+00 0.000000e+00
3.451000e+01 0.000000e+00 0.000000e+00
3.452000e+01 0.000000e+00 0.000000e+00
3.453000e+01 0.000000e+00 0.000000e+00
3.454000e+01 0.000000e+00 0.000000e+00
3.455000e+01 0.000000e+00 0.000000e+00
3.456000e+01 0.000000e+00 0.000000e+00
3.457000e+01 0.000000e+00 0.000000e+00
3.458000e+01 0.000000e+00 0.000000e+00
3.459000e+01 0.000000e+00 0.000000e+00
3.460000e+01 0.000000e+00 0.000000e+00
3.461000e+01 0.000000e+00 0.000000e+00
3.462000e+01 0.000000e+00 0.000000e+00
3.463000e+01 0.000000e+00 0.000000e+00
3.464000e+01 0.000000e+00 0.000000e+00
3.465000e+01 0.000000e+00 0.000000e+00
3.466000e+01 0.000000e+00 0.000000e+00
3.467000e+01 0.000000e+00 0.000000e+00
3.468000e+01 0.000000e+00 0.000000e+00
3.469000e+01 0.000000e+00 0.000000e+00
3.470000e+01 0.000000e+00 0.000000e+00
3.471000e+01 0.000000e+00 0.000000e+00
3.472000e+01 0.000000e+00 0.000000e+00
3.473000e+01 0.000000e+00 0.000000e+00
3.474000e+01 0.000000e+00 0.000000e+00
3.475000e+01 0.000000e+00 0.000000e+00
3.476000e+01 0.000000e+00 0.000000e+00
3.477000e+01 0.000000e+00 0.000000e+00
3.478000e+01 0.000000e+00 0.000000e+00
3.479000e+01 0.000000e+00 0.000000e+00
3.480000e+01 0.000000e+00 0.000000e+00
3.481000e+01 0.000000e+00 0.000000e+00
3.482000e+01 0.000000e+00 0.000000e+00
3.483000e+01 0.000000e+00 0.000000e+00
3.484000e+01 0.000000e+00 0.000000e+00
3.485000e+01 0.000000e+00 0.000000e+00
3.486000e+01 0.000000e+00 0.000000e+00
3.487000e+01 0.000000e+00 0.000000e+00
3.488000e+01 0.000000e+00 0.000000e+00
3.489000e+01 0.000000e+00 0.000000e+00
3.490000e+01 0.000000e+00 0.000000e+00
3.491000e+01 0.000000e+00 0.000000e+00
3.492000e+01 0.000000e+00 0.000000e+00
3.493000e+01 0.000000e+00 0.000000e+00
3.494000e+01 0.000000e+00 0.000000e+00
3.495000e+01 0.000000e+00 0.000000e+00
3.496000e+01 0.000000e+00 0.000000e+00
3.497000e+01 0.000000e+00 0.000000e+00
3.498000e+01 0.000000e+00 0.000000e+00
3.499000e+01 0.000000e+00 0.000000e+00
3.500000e+01 0.000000e+00 0.000000e+00
3.501000e+01 0.000000e+00 0.000000e+00
3.502000e+01 0.000000e+00 0.000000e+00
3.503000e+01 0.000000e+00 0.000000e+00
3.504000e+01 0.000000e+00 0.000000e+00
3.505000e+01 0.000000e+00 0.000000e+00
3.506000e+01 0.000000e+00 0.000000e+00
3.507000e+01 0.000000e+00 0.000000e+00
3.508000e+01 0.000000e+00 0.000000e+00
3.509000e+01 0.000000e+00 0.000000e+00
3.510000e+01 0.000000e+00 0.000000e+00
3.511000e+01 0.000000e+00 0.000000e+00
3.512000e+01 0.000000e+00 0.000000e+00
3.513000e+01 0.000000e+00 0.000000e+00
3.514000e+01 0.000000e+00 0.000000e+00
3.515000e+01 0.000000e+00 0.000000e+00
3.516000e+01 0.000000e+00 0.000000e+00
3.517000e+01 0.000000e+00 0.000000e+00
3.518000e+01 0.000000e+00 0.000000e+00
3.519000e+01 0.000000e+00 0.000000e+00
3.520000e+01 0.000000e+00 0.000000e+00
3.521000e+01 0.000000e+00 0.000000e+00
3.522000e+01 0.000000e+00 0.000000e+00
3.523000e+01 0.000000e+00 0.000000e+00
3.524000e+01 0.000000e+00 0.000000e+00
3.525000e+01 0.000000e+00 0.000000e+00
3.526000e+01 0.000000e+00 0.000000e+00
3.527000e+01 0.000000e+00 0.000000e+00
3.528000e+01 0.000000e+00 0.000000e+00
3.529000e+01 0.000000e+00 0.000000e+00
3.530000e+01 0.000000e+00 0.000000e+00
3.531000e+01 0.000000e+00 0.000000e+00
3.532000e+01 0.000000e+00 0.000000e+00
3.533000e+01 0.000000e+00 0.000000e+00
3.534000e+01 0.000000e+00 0.000000e+00
3.535000e+01 0.000000e+00 0.000000e+00
3.536000e+01 0.000000e+00 0.000000e+00
3.537000e+01 0.000000e+00 0.000000e+00
3.538000e+01 0.000000e+00 0.000000e+00
3.539000e+01 0.000000e+00 0.000000e+00
3.540000e+01 0.000000e+00 0.000000e+00
3.541000e+01 0.000000e+00 0.000000e+00
3.542000e+01 0.000000e+00 0.000000e+00
3.543000e+01 0.000000e+00 0.000000e+00
3.544000e+01 0.000000e+00 0.000000e+00
3.545000e+01 0.000000e+00 0.000000e+00
3.546000e+01 0.000000e+00 0.000000e+00
3.547000e+01 0.000000e+00 0.000000e+00
3.548000e+01 0.000000e+00 0.000000e+00
3.549000e+01 0.000000e+00 0.000000e+00
3.550000e+01 0.000000e+00 0.000000e+00
3.551000e+01 0.000000e+00 0.000000e+00
3.552000e+01 0.000000e+00 0.000000e+00
3.553000e+01 0.000000e+00 0.000000e+00
3.554000e+01 0.000000e+00 0.000000e+00
3.555000e+01 0.000000e+00 0.000000e+00
3.556000e+01 0.000000e+00 0.000000e+00
3.557000e+01 0.000000e+00 0.000000e+00
3.558000e+01 0.000000e+00 0.000000e+00
3.559000e+01 0.000000e+00 0.000000e+00
3.560000e+01 0.000000e+00 0.000000e+00
3.561000e+01 0.000000e+00 0.000000e+00
3.562000e+01 0.000000e+00 0.000000e+00
3.563000e+01 0.000000e+00 0.000000e+00
3.564000e+01 0.000000e+00 0.000000e+00
3.565000e+01 0.000000e+00 0.000000e+00
3.566000e+01 0.000000e+00 0.000000e+00
3.567000e+01 0.000000e+00 0.000000e+00
3.568000e+01 0.000000e+00 0.000000e+00
3.569000e+01 0.000000e+00 0.000000e+00
3.570000e+01 0.000000e+00 0.000000e+00
3.571000e+01 0.000000e+00 0.000000e+00
3.572000e+01 0.000000e+00 0.000000e+00
3.573000e+01 0.000000e+00 0.000000e+00
3.574000e+01 0.000000e+00 0.000000e+00
3.575000e+01 0.000000e+00 0.000000e+00
3.576000e+01 0.000000e+00 0.000000e+00
3.577000e+01 0.000000e+00 0.000000e+00
3.578000e+01 0.000000e+00 0.000000e+00
3.579000e+01 0.000000e+00 0.000000e+00
3.580000e+01 0.000000e+00 0.000000e+00
3.581000e+01 0.000000e+00 0.000000e+00
3.582000e+01 0.000000e+00 0.000000e+00
3.583000e+01 0.000000e+00 0.000000e+00
3.584000e+01 0.000000e+00 0.000000e+00
3.585000e+01 0.000000e+00 0.000000e+00
3.586000e+01 0.000000e+00 0.000000e+00
3.587000e+01 0.000000e+00 0.000000e+00
3.588000e+01 0.000000e+00 0.000000e+00
3.589000e+01 0.000000e+00 0.000000e+00
3.590000e+01 0.000000e+00 0.000000e+00
3.591000e+01 0.000000e+00 0.000000e+00
3.592000e+01 0.000000e+00 0.000000e+00
3.593000e+01 0.000000e+00 0.000000e+00
3.594000e+01 0.000000e+00 0.000000e+00
3.595000e+01 0.000000e+00 0.000000e+00
3.596000e+01 0.000000e+00 0.000000e+00
3.597000e+01 0.000000e+00 0.000000e+00
3.598000e+01 0.000000e+00 0.000000e+00
3.599000e+01 0.000000e+00 0.000000e+00
3.600000e+01 0.000000e+00 0.000000e+00
3.601000e+01 0.000000e+00 0.000000e+00
3.602000e+01 0.000000e+00 0.000000e+00
3.603000e+01 0.000000e+00 0.000000e+00
3.604000e+01 0.000000e+00 0.000000e+00
3.605000e+01 0.000000e+00 0.000000e+00
3.606000e+01 0.000000e+00 0.000000e+00
3.607000e+01 0.000000e+00 0.000000e+00
3.608000e+01 0.000000e+00 0.000000e+00
3.609000e+01 0.000000e+00 0.000000e+00
3.610000e+01 0.000000e+00 0.000000e+00
3.611000e+01 0.000000e+00 0.000000e+00
3.612000e+01 0.000000e+00 0.000000e+00
3.613000e+01 0.000000e+00 0.000000e+00
3.614000e+01 0.000000e+00 0.000000e+00
3.615000e+01 0.000000e+00 0.000000e+00
3.616000e+01 0.000000e+00 0.000000e+00
3.617000e+01 0.000000e+00 0.000000e+00
3.618000e+01 0.000000e+00 0.000000e+00
3.619000e+01 0.000000e+00 0.000000e+00
3.620000e+01 0.000000e+00 0.000000e+00
3.621000e+01 0.000000e+00 0.000000e+00
3.622000e+01 0.000000e+00 0.000000e+00
3.623000e+01 0.000000e+00 0.000000e+00
3.624000e+01 0.000000e+00 0.000000e+00
3.625000e+01 0.000000e+00 0.000000e+00
3.626000e+01 0.000000e+00 0.000000e+00
3.627000e+01 0.000000e+00 0.000000e+00
3.628000e+01 0.000000e+00 0.000000e+00
3.629000e+01 0.000000e+00 0.000000e+00
3.630000e+01 0.000000e+00 0.000000e+00
3.631000e+01 0.000000e+00 0.000000e+00
3.632000e+01 0.000000e+00 0.000000e+00
3.633000e+01 0.000000e+00 0.000000e+00
3.634000e+01 0.000000e+00 0.000000e+00
3.635000e+01 0.000000e+00 0.000000e+00
3.636000e+01 0.000000e+00 0.000000e+00
3.637000e+01 0.000000e+00 0.000000e+00
3.638000e+01 0.000000e+00 0.000000e+00
3.639000e+01 0.000000e+00 0.000000e+00
3.640000e+01 0.000000e+00 0.000000e+00
3.641000e+01 0.000000e+00 0.000000e+00
3.642000e+01 0.000000e+00 0.000000e+00
3.643000e+01 0.000000e+00 0.000000e+00
3.644000e+01 0.000000e+00 0.000000e+00
3.645000e+01 0.000000e+00 0.000000e+00
3.646000e+01 0.000000e+00 0.000000e+00
3.647000e+01 0.000000e+00 0.000000e+00
3.648000e+01 0.000000e+00 0.000000e+00
3.649000e+01 0.000000e+00 0.000000e+00
3.650000e+01 0.000000e+00 0.000000e+00
3.651000e+01 0.000000e+00 0.000000e+00
3.652000e+01 0.000000e+00 0.000000e+00
3.653000e+01 0.000000e+00 0.000000e+00
3.654000e+01 0.000000e+00 0.000000e+00
3.655000e+01 0.000000e+00 0.000000e+00
3.656000e+01 0.000000e+00 0.000000e+00
3.657000e+01 0.000000e+00 0.000000e+00
3.658000e+01 0.000000e+00 0.000000e+00
3.659000e+01 0.000000e+00 0.000000e+00
3.660000e+01 0.000000e+00 0.000000e+00
3.661000e+01 0.000000e+00 0.000000e+00
3.662000e+01 0.000000e+00 0.000000e+00
3.663000e+01 0.000000e+00 0.000000e+00
3.664000e+01 0.000000e+00 0.000000e+00
3.665000e+01 0.000000e+00 0.000000e+00
3.666000e+01 0.000000e+00 0.000000e+00
3.667000e+01 0.000000e+00 0.000000e+00
3.668000e+01 0.000000e+00 0.000000e+00
3.669000e+01 0.000000e+00 0.000000e+00
3.670000e+01 0.000000e+00 0.000000e+00
3.671000e+01 0.000000e+00 0.000000e+00
3.672000e+01 0.000000e+00 0.000000e+00
3.673000e+01 0.000000e+00 0.000000e+00
3.674000e+01 0.000000e+00 0.000000e+00
3.675000e+01 0.000000e+00 0.000000e+00
3.676000e+01 0.000000e+00 0.000000e+00
3.677000e+01 0.000000e+00 0.000000e+00
3.678000e+01 0.000000e+00 0.000000e+00
3.679000e+01 0.000000e+00 0.000000e+00
3.680000e+01 0.000000e+00 0.000000e+00
3.681000e+01 0.000000e+00 0.000000e+00
3.682000e+01 0.000000e+00 0.000000e+00
3.683000e+01 0.000000e+00 0.000000e+00
3.684000e+01 0.000000e+00 0.000000e+00
3.685000e+01 0.000000e+00 0.000000e+00
3.686000e+01 0.000000e+00 0.000000e+00
3.687000e+01 0.000000e+00 0.000000e+00
3.688000e+01 0.000000e+00 0.000000e+00
3.689000e+01 0.000000e+00 0.000000e+00
3.690000e+01 0.000000e+00 0.000000e+00
3.691000e+01 0.000000e+00 0.000000e+00
3.692000e+01 0.000000e+00 0.000000e+00
3.693000e+01 0.000000e+00 0.000000e+00
3.694000e+01 0.000000e+00 0.000000e+00
3.695000e+01 0.000000e+00 0.000000e+00
3.696000e+01 0.000000e+00 0.000000e+00
3.697000e+01 0.000000e+00 0.000000e+00
3.698000e+01 0.000000e+00 0.000000e+00
3.699000e+01 0.000000e+00 0.000000e+00
3.700000e+01 0.000000e+00 0.000000e+00
3.701000e+01 0.000000e+00 0.000000e+00
3.702000e+01 0.000000e+00 0.000000e+00
3.703000e+01 0.000000e+00 0.000000e+00
3.704000e+01 0.000000e+00 0.000000e+00
3.705000e+01 0.000000e+00 0.000000e+00
3.706000e+01 0.000000e+00 0.000000e+00
3.707000e+01 0.000000e+00 0.000000e+00
3.708000e+01 0.000000e+00 0.000000e+00
3.709000e+01 0.000000e+00 0.000000e+00
3.710000e+01 0.000000e+00 0.000000e+00
3.711000e+01 0.000000e+00 0.000000e+00
3.712000e+01 0.000000e+00 0.000000e+00
3.713000e+01 0.000000e+00 0.000000e+00
3.714000e+01 0.000000e+00 0.000000e+00
3.715000e+01 0.000000e+00 0.000000e+00
3.716000e+01 0.000000e+00 0.000000e+00
3.717000e+01 0.000000e+00 0.000000e+00
3.718000e+01 0.000000e+00 0.000000e+00
3.719000e+01 0.000000e+00 0.000000e+00
3.720000e+01 0.000000e+00 0.000000e+00
3.721000e+01 0.000000e+00 0.000000e+00
3.722000e+01 0.000000e+00 0.000000e+00
3.723000e+01 0.000000e+00 0.000000e+00
3.724000e+01 0.000000e+00 0.000000e+00
3.725000e+01 0.000000e+00 0.000000e+00
3.726000e+01 0.000000e+00 0.000000e+00
3.727000e+01 0.000000e+00 0.000000e+00
3.728000e+01 0.000000e+00 0.000000e+00
3.729000e+01 0.000000e+00 0.000000e+00
3.730000e+01 0.000000e+00 0.000000e+00
3.731000e+01 0.000000e+00 0.000000e+00
3.732000e+01 0.000000e+00 0.000000e+00
3.733000e+01 0.000000e+00 0.000000e+00
3.734000e+01 0.000000e+00 0.000000e+00
3.735000e+01 0.000000e+00 0.000000e+00
3.736000e+01 0.000000e+00 0.000000e+00
3.737000e+01 0.000000e+00 0.000000e+00
3.738000e+01 0.000000e+00 0.000000e+00
3.739000e+01 0.000000e+00 0.000000e+00
3.740000e+01 0.000000e+00 0.000000e+00
3.741000e+01 0.000000e+00 0.000000e+00
3.742000e+01 0.000000e+00 0.000000e+00
3.743000e+01 0.000000e+00 0.000000e+00
3.744000e+01 0.000000e+00 0.000000e+00
3.745000e+01 0.000000e+00 0.000000e+00
3.746000e+01 0.000000e+00 0.000000e+00
3.747000e+01 0.000000e+00 0.000000e+00
3.748000e+01 0.000000e+00 0.000000e+00
3.749000e+01 0.000000e+00 0.000000e+00
3.750000e+01 0.000000e+00 0.000000e+00
3.751000e+01 0.000000e+00 0.000000e+00
3.752000e+01 0.000000e+00 0.000000e+00
3.753000e+01 0.000000e+00 0.000000e+00
3.754000e+01 0.000000e+00 0.000000e+00
3.755000e+01 0.000000e+00 0.000000e+00
3.756000e+01 0.000000e+00 0.000000e+00
3.757000e+01 0.000000e+00 0.000000e+00
3.758000e+01 0.000000e+00 0.000000e+00
3.759000e+01 0.000000e+00 0.000000e+00
3.760000e+01 0.000000e+00 0.000000e+00
3.761000e+01 0.000000e+00 0.000000e+00
3.762000e+01 0.000000e+00 0.000000e+00
3.763000e+01 0.000000e+00 0.000000e+00
3.764000e+01 0.000000e+00 0.000000e+00
3.765000e+01 0.000000e+00 0.000000e+00
3.766000e+01 0.000000e+00 0.000000e+00
3.767000e+01 0.000000e+00 0.000000e+00
3.768000e+01 0.000000e+00 0.000000e+00
3.769000e+01 0.000000e+00 0.000000e+00
3.770000e+01 0.000000e+00 0.000000e+00
3.771000e+01 0.000000e+00 0.000000e+00
3.772000e+01 0.000000e+00 0.000000e+00
3.773000e+01 0.000000e+00 0.000000e+00
3.774000e+01 0.000000e+00 0.000000e+00
3.775000e+01 0.000000e+00 0.000000e+00
3.776000e+01 0.000000e+00 0.000000e+00
3.777000e+01 0.000000e+00 0.000000e+00
3.778000e+01 0.000000e+00 0.000000e+00
3.779000e+01 0.000000e+00 0.000000e+00
3.780000e+01 0.000000e+00 0.000000e+00
3.781000e+01 0.000000e+00 0.000000e+00
3.782000e+01 0.000000e+00 0.000000e+00
3.783000e+01 0.000000e+00 0.000000e+00
3.784000e+01 0.000000e+00 0.000000e+00
3.785000e+01 0.000000e+00 0.000000e+00
3.786000e+01 0.000000e+00 0.000000e+00
3.787000e+01 0.000000e+00 0.000000e+00
3.788000e+01 0.000000e+00 0.000000e+00
3.789000e+01 0.000000e+00 0.000000e+00
3.790000e+01 0.000000e+00 0.000000e+00
3.791000e+01 0.000000e+00 0.000000e+00
3.792000e+01 0.000000e+00 0.000000e+00
3.793000e+01 0.000000e+00 0.000000e+00
3.794000e+01 0.000000e+00 0.000000e+00
3.795000e+01 0.000000e+00 0.000000e+00
3.796000e+01 0.000000e+00 0.000000e+00
3.797000e+01 0.000000e+00 0.000000e+00
3.798000e+01 0.000000e+00 0.000000e+00
3.799000e+01 0.000000e+00 0.000000e+00
3.800000e+01 0.000000e+00 0.000000e+00
3.801000e+01 0.000000e+00 0.000000e+00
3.802000e+01 0.000000e+00 0.000000e+00
3.803000e+01 0.000000e+00 0.000000e+00
3.804000e+01 0.000000e+00 0.000000e+00
3.805000e+01 0.000000e+00 0.000000e+00
3.806000e+01 0.000000e+00 0.000000e+00
3.807000e+01 0.000000e+00 0.000000e+00
3.808000e+01 0.000000e+00 0.000000e+00
3.809000e+01 0.000000e+00 0.000000e+00
3.810000e+01 0.000000e+00 0.000000e+00
3.811000e+01 0.000000e+00 0.000000e+00
3.812000e+01 0.000000e+00 0.000000e+00
3.813000e+01 0.000000e+00 0.000000e+00
3.814000e+01 0.000000e+00 0.000000e+00
3.815000e+01 0.000000e+00 0.000000e+00
3.816000e+01 0.000000e+00 0.000000e+00
3.817000e+01 0.000000e+00 0.000000e+00
3.818000e+01 0.000000e+00 0.000000e+00
3.819000e+01 0.000000e+00 0.000000e+00
3.820000e+01 0.000000e+00 0.000000e+00
3.821000e+01 0.000000e+00 0.000000e+00
3.822000e+01 0.000000e+00 0.000000e+00
3.823000e+01 0.000000e+00 0.000000e+00
3.824000e+01 0.000000e+00 0.000000e+00
3.825000e+01 0.000000e+00 0.000000e+00
3.826000e+01 0.000000e+00 0.000000e+00
3.827000e+01 0.000000e+00 0.000000e+00
3.828000e+01 0.000000e+00 0.000000e+00
3.829000e+01 0.000000e+00 0.000000e+00
3.830000e+01 0.000000e+00 0.000000e+00
3.831000e+01 0.000000e+00 0.000000e+00
3.832000e+01 0.000000e+00 0.000000e+00
3.833000e+01 0.000000e+00 0.000000e+00
3.834000e+01 0.000000e+00 0.000000e+00
3.835000e+01 0.000000e+00 0.000000e+00
3.836000e+01 0.000000e+00 0.000000e+00
3.837000e+01 0.000000e+00 0.000000e+00
3.838000e+01 0.000000e+00 0.000000e+00
3.839000e+01 0.000000e+00 0.000000e+00
3.840000e+01 0.000000e+00 0.000000e+00
3.841000e+01 0.000000e+00 0.000000e+00
3.842000e+01 0.000000e+00 0.000000e+00
3.843000e+01 0.000000e+00 0.000000e+00
3.844000e+01 0.000000e+00 0.000000e+00
3.845000e+01 0.000000e+00 0.000000e+00
3.846000e+01 0.000000e+00 0.000000e+00
3.847000e+01 0.000000e+00 0.000000e+00
3.848000e+01 0.000000e+00 0.000000e+00
3.849000e+01 0.000000e+00 0.000000e+00
3.850000e+01 0.000000e+00 0.000000e+00
3.851000e+01 0.000000e+00 0.000000e+00
3.852000e+01 0.000000e+00 0.000000e+00
3.853000e+01 0.000000e+00 0.000000e+00
3.854000e+01 0.000000e+00 0.000000e+00
3.855000e+01 0.000000e+00 0.000000e+00
3.856000e+01 0.000000e+00 0.000000e+00
3.857000e+01 0.000000e+00 0.000000e+00
3.858000e+01 0.000000e+00 0.000000e+00
3.859000e+01 0.000000e+00 0.000000e+00
3.860000e+01 0.000000e+00 0.000000e+00
3.861000e+01 0.000000e+00 0.000000e+00
3.862000e+01 0.000000e+00 0.000000e+00
3.863000e+01 0.000000e+00 0.000000e+00
3.864000e+01 0.000000e+00 0.000000e+00
3.865000e+01 0.000000e+00 0.000000e+00
3.866000e+01 0.000000e+00 0.000000e+00
3.867000e+01 0.000000e+00 0.000000e+00
3.868000e+01 0.000000e+00 0.000000e+00
3.869000e+01 0.000000e+00 0.000000e+00
3.870000e+01 0.000000e+00 0.000000e+00
3.871000e+01 0.000000e+00 0.000000e+00
3.872000e+01 0.000000e+00 0.000000e+00
3.873000e+01 0.000000e+00 0.000000e+00
3.874000e+01 0.000000e+00 0.000000e+00
3.875000e+01 0.000000e+00 0.000000e+00
3.876000e+01 0.000000e+00 0.000000e+00
3.877000e+01 0.000000e+00 0.000000e+00
3.878000e+01 0.000000e+00 0.000000e+00
3.879000e+01 0.000000e+00 0.000000e+00
3.880000e+01 0.000000e+00 0.000000e+00
3.881000e+01 0.000000e+00 0.000000e+00
3.882000e+01 0.000000e+00 0.000000e+00
3.883000e+01 0.000000e+00 0.000000e+00
3.884000e+01 0.000000e+00 0.000000e+00
3.885000e+01 0.000000e+00 0.000000e+00
3.886000e+01 0.000000e+00 0.000000e+00
3.887000e+01 0.000000e+00 0.000000e+00
3.888000e+01 0.000000e+00 0.000000e+00
3.889000e+01 0.000000e+00 0.000000e+00
3.890000e+01 0.000000e+00 0.000000e+00
3.891000e+01 0.000000e+00 0.000000e+00
3.892000e+01 0.000000e+00 0.000000e+00
3.893000e+01 0.000000e+00 0.000000e+00
3.894000e+01 0.000000e+00 0.000000e+00
3.895000e+01 0.000000e+00 0.000000e+00
3.896000e+01 0.000000e+00 0.000000e+00
3.897000e+01 0.000000e+00 0.000000e+00
3.898000e+01 0.000000e+00 0.000000e+00
3.899000e+01 0.000000e+00 0.000000e+00
3.900000e+01 0.000000e+00 0.000000e+00
3.901000e+01 0.000000e+00 0.000000e+00
3.902000e+01 0.000000e+00 0.000000e+00
3.903000e+01 0.000000e+00 0.000000e+00
3.904000e+01 0.000000e+00 0.000000e+00
3.905000e+01 0.000000e+00 0.000000e+00
3.906000e+01 0.000000e+00 0.000000e+00
3.907000e+01 0.000000e+00 0.000000e+00
3.908000e+01 0.000000e+00 0.000000e+00
3.909000e+01 0.000000e+00 0.000000e+00
3.910000e+01 0.000000e+00 0.000000e+00
3.911000e+01 0.000000e+00 0.000000e+00
3.912000e+01 0.000000e+00 0.000000e+00
3.913000e+01 0.000000e+00 0.000000e+00
3.914000e+01 0.000000e+00 0.000000e+00
3.915000e+01 0.000000e+00 0.000000e+00
3.916000e+01 0.000000e+00 0.000000e+00
3.917000e+01 0.000000e+00 0.000000e+00
3.918000e+01 0.000000e+00 0.000000e+00
3.919000e+01 0.000000e+00 0.000000e+00
3.920000e+01 0.000000e+00 0.000000e+00
3.921000e+01 0.000000e+00 0.000000e+00
3.922000e+01 0.000000e+00 0.000000e+00
3.923000e+01 0.000000e+00 0.000000e+00
3.924000e+01 0.000000e+00 0.000000e+00
3.925000e+01 0.000000e+00 0.000000e+00
3.926000e+01 0.000000e+00 0.000000e+00
3.927000e+01 0.000000e+00 0.000000e+00
3.928000e+01 0.000000e+00 0.000000e+00
3.929000e+01 0.000000e+00 0.000000e+00
3.930000e+01 0.000000e+00 0.000000e+00
3.931000e+01 0.000000e+00 0.000000e+00
3.932000e+01 0.000000e+00 0.000000e+00
3.933000e+01 0.000000e+00 0.000000e+00
3.934000e+01 0.000000e+00 0.000000e+00
3.935000e+01 0.000000e+00 0.000000e+00
3.936000e+01 0.000000e+00 0.000000e+00
3.937000e+01 0.000000e+00 0.000000e+00
3.938000e+01 0.000000e+00 0.000000e+00
3.939000e+01 0.000000e+00 0.000000e+00
3.940000e+01 0.000000e+00 0.000000e+00
3.941000e+01 0.000000e+00 0.000000e+00
3.942000e+01 0.000000e+00 0.000000e+00
3.943000e+01 0.000000e+00 0.000000e+00
3.944000e+01 0.000000e+00 0.000000e+00
3.945000e+01 0.000000e+00 0.000000e+00
3.946000e+01 0.000000e+00 0.000000e+00
3.947000e+01 0.000000e+00 0.000000e+00
3.948000e+01 0.000000e+00 0.000000e+00
3.949000e+01 0.000000e+00 0.000000e+00
3.950000e+01 0.000000e+00 0.000000e+00
3.951000e+01 0.000000e+00 0.000000e+00
3.952000e+01 0.000000e+00 0.000000e+00
3.953000e+01 0.000000e+00 0.000000e+00
3.954000e+01 0.000000e+00 0.000000e+00
3.955000e+01 0.000000e+00 0.000000e+00
3.956000e+01 0.000000e+00 0.000000e+00
3.957000e+01 0.000000e+00 0.000000e+00
3.958000e+01 0.000000e+00 0.000000e+00
3.959000e+01 0.000000e+00 0.000000e+00
3.960000e+01 0.000000e+00 0.000000e+00
3.961000e+01 0.000000e+00 0.000000e+00
3.962000e+01 0.000000e+00 0.000000e+00
3.963000e+01 0.000000e+00 0.000000e+00
3.964000e+01 0.000000e+00 0.000000e+00
3.965000e+01 0.000000e+00 0.000000e+00
3.966000e+01 0.000000e+00 0.000000e+00
3.967000e+01 0.000000e+00 0.000000e+00
3.968000e+01 0.000000e+00 0.000000e+00
3.969000e+01 0.000000e+00 0.000000e+00
3.970000e+01 0.000000e+00 0.000000e+00
3.971000e+01 0.000000e+00 0.000000e+00
3.972000e+01 0.000000e+00 0.000000e+00
3.973000e+01 0.000000e+00 0.000000e+00
3.974000e+01 0.000000e+00 0.000000e+00
3.975000e+01 0.000000e+00 0.000000e+00
3.976000e+01 0.000000e+00 0.000000e+00
3.977000e+01 0.000000e+00 0.000000e+00
3.978000e+01 0.000000e+00 0.000000e+00
3.979000e+01 0.000000e+00 0.000000e+00
3.980000e+01 0.000000e+00 0.000000e+00
3.981000e+01 0.000000e+00 0.000000e+00
3.982000e+01 0.000000e+00 0.000000e+00
3.983000e+01 0.000000e+00 0.000000e+00
3.984000e+01 0.000000e+00 0.000000e+00
3.985000e+01 0.000000e+00 0.000000e+00
3.986000e+01 0.000000e+00 0.000000e+00
3.987000e+01 0.000000e+00 0.000000e+00
3.988000e+01 0.000000e+00 0.000000e+00
3.989000e+01 0.000000e+00 0.000000e+00
3.990000e+01 0.000000e+00 0.000000e+00
3.991000e+01 0.000000e+00 0.000000e+00
3.992000e+01 0.000000e+00 0.000000e+00
3.993000e+01 0.000000e+00 0.000000e+00
3.994000e+01 0.000000e+00 0.000000e+00
3.995000e+01 0.000000e+00 0.000000e+00
3.996000e+01 0.000000e+00 0.000000e+00
3.997000e+01 0.000000e+00 0.000000e+00
3.998000e+01 0.000000e+00 0.000000e+00
3.999000e+01 0.000000e+00 0.000000e+00
4.000000e+01 0.000000e+00 0.000000e+00
4.001000e+01 0.000000e+00 0.000000e+00
4.002000e+01 0.000000e+00 0.000000e+00
4.003000e+01 0.000000e+00 0.000000e+00
4.004000e+01 0.000000e+00 0.000000e+00
4.005000e+01 0.000000e+00 0.000000e+00
4.006000e+01 0.000000e+00 0.000000e+00
4.007000e+01 0.000000e+00 0.000000e+00
4.008000e+01 0.000000e+00 0.000000e+00
4.009000e+01 0.000000e+00 0.000000e+00
4.010000e+01 0.000000e+00 0.000000e+00
4.011000e+01 0.000000e+00 0.000000e+00
4.012000e+01 0.000000e+00 0.000000e+00
4.013000e+01 0.000000e+00 0.000000e+00
4.014000e+01 0.000000e+00 0.000000e+00
4.015000e+01 0.000000e+00 0.000000e+00
4.016000e+01 0.000000e+00 0.000000e+00
4.017000e+01 0.000000e+00 0.000000e+00
4.018000e+01 0.000000e+00 0.000000e+00
4.019000e+01 0.000000e+00 0.000000e+00
4.020000e+01 0.000000e+00 0.000000e+00
4.021000e+01 0.000000e+00 0.000000e+00
4.022000e+01 0.000000e+00 0.000000e+00
4.023000e+01 0.000000e+00 0.000000e+00
4.024000e+01 0.000000e+00 0.000000e+00
4.025000e+01 0.000000e+00 0.000000e+00
4.026000e+01 0.000000e+00 0.000000e+00
4.027000e+01 0.000000e+00 0.000000e+00
4.028000e+01 0.000000e+00 0.000000e+00
4.029000e+01 0.000000e+00 0.000000e+00
4.030000e+01 0.000000e+00 0.000000e+00
4.031000e+01 0.000000e+00 0.000000e+00
4.032000e+01 0.000000e+00 0.000000e+00
4.033000e+01 0.000000e+00 0.000000e+00
4.034000e+01 0.000000e+00 0.000000e+00
4.035000e+01 0.000000e+00 0.000000e+00
4.036000e+01 0.000000e+00 0.000000e+00
4.037000e+01 0.000000e+00 0.000000e+00
4.038000e+01 0.000000e+00 0.000000e+00
4.039000e+01 0.000000e+00 0.000000e+00
4.040000e+01 0.000000e+00 0.000000e+00
4.041000e+01 0.000000e+00 0.000000e+00
4.042000e+01 0.000000e+00 0.000000e+00
4.043000e+01 0.000000e+00 0.000000e+00
4.044000e+01 0.000000e+00 0.000000e+00
4.045000e+01 0.000000e+00 0.000000e+00
4.046000e+01 0.000000e+00 0.000000e+00
4.047000e+01 0.000000e+00 0.000000e+00
4.048000e+01 0.000000e+00 0.000000e+00
4.049000e+01 0.000000e+00 0.000000e+00
4.050000e+01 0.000000e+00 0.000000e+00
4.051000e+01 0.000000e+00 0.000000e+00
4.052000e+01 0.000000e+00 0.000000e+00
4.053000e+01 0.000000e+00 0.000000e+00
4.054000e+01 0.000000e+00 0.000000e+00
4.055000e+01 0.000000e+00 0.000000e+00
4.056000e+01 0.000000e+00 0.000000e+00
4.057000e+01 0.000000e+00 0.000000e+00
4.058000e+01 0.000000e+00 0.000000e+00
4.059000e+01 0.000000e+00 0.000000e+00
4.060000e+01 0.000000e+00 0.000000e+00
4.061000e+01 0.000000e+00 0.000000e+00
4.062000e+01 0.000000e+00 0.000000e+00
4.063000e+01 0.000000e+00 0.000000e+00
4.064000e+01 0.000000e+00 0.000000e+00
4.065000e+01 0.000000e+00 0.000000e+00
4.066000e+01 0.000000e+00 0.000000e+00
4.067000e+01 0.000000e+00 0.000000e+00
4.068000e+01 0.000000e+00 0.000000e+00
4.069000e+01 0.000000e+00 0.000000e+00
4.070000e+01 0.000000e+00 0.000000e+00
4.071000e+01 0.000000e+00 0.000000e+00
4.072000e+01 0.000000e+00 0.000000e+00
4.073000e+01 0.000000e+00 0.000000e+00
4.074000e+01 0.000000e+00 0.000000e+00
4.075000e+01 0.000000e+00 0.000000e+00
4.076000e+01 0.000000e+00 0.000000e+00
4.077000e+01 0.000000e+00 0.000000e+00
4.078000e+01 0.000000e+00 0.000000e+00
4.079000e+01 0.000000e+00 0.000000e+00
4.080000e+01 0.000000e+00 0.000000e+00
4.081000e+01 0.000000e+00 0.000000e+00
4.082000e+01 0.000000e+00 0.000000e+00
4.083000e+01 0.000000e+00 0.000000e+00
4.084000e+01 0.000000e+00 0.000000e+00
4.085000e+01 0.000000e+00 0.000000e+00
4.086000e+01 0.000000e+00 0.000000e+00
4.087000e+01 0.000000e+00 0.000000e+00
4.088000e+01 0.000000e+00 0.000000e+00
4.089000e+01 0.000000e+00 0.000000e+00
4.090000e+01 0.000000e+00 0.000000e+00
4.091000e+01 0.000000e+00 0.000000e+00
4.092000e+01 0.000000e+00 0.000000e+00
4.093000e+01 0.000000e+00 0.000000e+00
4.094000e+01 0.000000e+00 0.000000e+00
4.095000e+01 0.000000e+00 0.000000e+00
4.096000e+01 0.000000e+00 0.000000e+00
4.097000e+01 0.000000e+00 0.000000e+00
4.098000e+01 0.000000e+00 0.000000e+00
4.099000e+01 0.000000e+00 0.000000e+00
4.100000e+01 0.000000e+00 0.000000e+00
4.101000e+01 0.000000e+00 0.000000e+00
4.102000e+01 0.000000e+00 0.000000e+00
4.103000e+01 0.000000e+00 0.000000e+00
4.104000e+01 0.000000e+00 0.000000e+00
4.105000e+01 0.000000e+00 0.000000e+00
4.106000e+01 0.000000e+00 0.000000e+00
4.107000e+01 0.000000e+00 0.000000e+00
4.108000e+01 0.000000e+00 0.000000e+00
4.109000e+01 0.000000e+00 0.000000e+00
4.110000e+01 0.000000e+00 0.000000e+00
4.111000e+01 0.000000e+00 0.000000e+00
4.112000e+01 0.000000e+00 0.000000e+00
4.113000e+01 0.000000e+00 0.000000e+00
4.114000e+01 0.000000e+00 0.000000e+00
4.115000e+01 0.000000e+00 0.000000e+00
4.116000e+01 0.000000e+00 0.000000e+00
4.117000e+01 0.000000e+00 0.000000e+00
4.118000e+01 0.000000e+00 0.000000e+00
4.119000e+01 0.000000e+00 0.000000e+00
4.120000e+01 0.000000e+00 0.000000e+00
4.121000e+01 0.000000e+00 0.000000e+00
4.122000e+01 0.000000e+00 0.000000e+00
4.123000e+01 0.000000e+00 0.000000e+00
4.124000e+01 0.000000e+00 0.000000e+00
4.125000e+01 0.000000e+00 0.000000e+00
4.126000e+01 0.000000e+00 0.000000e+00
4.127000e+01 0.000000e+00 0.000000e+00
4.128000e+01 0.000000e+00 0.000000e+00
4.129000e+01 0.000000e+00 0.000000e+00
4.130000e+01 0.000000e+00 0.000000e+00
4.131000e+01 0.000000e+00 0.000000e+00
4.132000e+01 0.000000e+00 0.000000e+00
4.133000e+01 0.000000e+00 0.000000e+00
4.134000e+01 0.000000e+00 0.000000e+00
4.135000e+01 0.000000e+00 0.000000e+00
4.136000e+01 0.000000e+00 0.000000e+00
4.137000e+01 0.000000e+00 0.000000e+00
4.138000e+01 0.000000e+00 0.000000e+00
4.139000e+01 0.000000e+00 0.000000e+00
4.140000e+01 0.000000e+00 0.000000e+00
4.141000e+01 0.000000e+00 0.000000e+00
4.142000e+01 0.000000e+00 0.000000e+00
4.143000e+01 0.000000e+00 0.000000e+00
4.144000e+01 0.000000e+00 0.000000e+00
4.145000e+01 0.000000e+00 0.000000e+00
4.146000e+01 0.000000e+00 0.000000e+00
4.147000e+01 0.000000e+00 0.000000e+00
4.148000e+01 0.000000e+00 0.000000e+00
4.149000e+01 0.000000e+00 0.000000e+00
4.150000e+01 0.000000e+00 0.000000e+00
4.151000e+01 0.000000e+00 0.000000e+00
4.152000e+01 0.000000e+00 0.000000e+00
4.153000e+01 0.000000e+00 0.000000e+00
4.154000e+01 0.000000e+00 0.000000e+00
4.155000e+01 0.000000e+00 0.000000e+00
4.156000e+01 0.000000e+00 0.000000e+00
4.157000e+01 0.000000e+00 0.000000e+00
4.158000e+01 0.000000e+00 0.000000e+00
4.159000e+01 0.000000e+00 0.000000e+00
4.160000e+01 0.000000e+00 0.000000e+00
4.161000e+01 0.000000e+00 0.000000e+00
4.162000e+01 0.000000e+00 0.000000e+00
4.163000e+01 0.000000e+00 0.000000e+00
4.164000e+01 0.000000e+00 0.000000e+00
4.165000e+01 0.000000e+00 0.000000e+00
4.166000e+01 0.000000e+00 0.000000e+00
4.167000e+01 0.000000e+00 0.000000e+00
4.168000e+01 0.000000e+00 0.000000e+00
4.169000e+01 0.000000e+00 0.000000e+00
4.170000e+01 0.000000e+00 0.000000e+00
4.171000e+01 0.000000e+00 0.000000e+00
4.172000e+01 0.000000e+00 0.000000e+00
4.173000e+01 0.000000e+00 0.000000e+00
4.174000e+01 0.000000e+00 0.000000e+00
4.175000e+01 0.000000e+00 0.000000e+00
4.176000e+01 0.000000e+00 0.000000e+00
4.177000e+01 0.000000e+00 0.000000e+00
4.178000e+01 0.000000e+00 0.000000e+00
4.179000e+01 0.000000e+00 0.000000e+00
4.180000e+01 0.000000e+00 0.000000e+00
4.181000e+01 0.000000e+00 0.000000e+00
4.182000e+01 0.000000e+00 0.000000e+00
4.183000e+01 0.000000e+00 0.000000e+00
4.184000e+01 0.000000e+00 0.000000e+00
4.185000e+01 0.000000e+00 0.000000e+00
4.186000e+01 0.000000e+00 0.000000e+00
4.187000e+01 0.000000e+00 0.000000e+00
4.188000e+01 0.000000e+00 0.000000e+00
4.189000e+01 0.000000e+00 0.000000e+00
4.190000e+01 0.000000e+00 0.000000e+00
4.191000e+01 0.000000e+00 0.000000e+00
4.192000e+01 0.000000e+00 0.000000e+00
4.193000e+01 0.000000e+00 0.000000e+00
4.194000e+01 0.000000e+00 0.000000e+00
4.195000e+01 0.000000e+00 0.000000e+00
4.196000e+01 0.000000e+00 0.000000e+00
4.197000e+01 0.000000e+00 0.000000e+00
4.198000e+01 0.000000e+00 0.000000e+00
4.199000e+01 0.000000e+00 0.000000e+00
4.200000e+01 0.000000e+00 0.000000e+00
4.201000e+01 0.000000e+00 0.000000e+00
4.202000e+01 0.000000e+00 0.000000e+00
4.203000e+01 0.000000e+00 0.000000e+00
4.204000e+01 0.000000e+00 0.000000e+00
4.205000e+01 0.000000e+00 0.000000e+00
4.206000e+01 0.000000e+00 0.000000e+00
4.207000e+01 0.000000e+00 0.000000e+00
4.208000e+01 0.000000e+00 0.000000e+00
4.209000e+01 0.000000e+00 0.000000e+00
4.210000e+01 0.000000e+00 0.000000e+00
4.211000e+01 0.000000e+00 0.000000e+00
4.212000e+01 0.000000e+00 0.000000e+00
4.213000e+01 0.000000e+00 0.000000e+00
4.214000e+01 0.000000e+00 0.000000e+00
4.215000e+01 0.000000e+00 0.000000e+00
4.216000e+01 0.000000e+00 0.000000e+00
4.217000e+01 0.000000e+00 0.000000e+00
4.218000e+01 0.000000e+00 0.000000e+00
4.219000e+01 0.000000e+00 0.000000e+00
4.220000e+01 0.000000e+00 0.000000e+00
4.221000e+01 0.000000e+00 0.000000e+00
4.222000e+01 0.000000e+00 0.000000e+00
4.223000e+01 0.000000e+00 0.000000e+00
4.224000e+01 0.000000e+00 0.000000e+00
4.225000e+01 0.000000e+00 0.000000e+00
4.226000e+01 0.000000e+00 0.000000e+00
4.227000e+01 0.000000e+00 0.000000e+00
4.228000e+01 0.000000e+00 0.000000e+00
4.229000e+01 0.000000e+00 0.000000e+00
4.230000e+01 0.000000e+00 0.000000e+00
4.231000e+01 0.000000e+00 0.000000e+00
4.232000e+01 0.000000e+00 0.000000e+00
4.233000e+01 0.000000e+00 0.000000e+00
4.234000e+01 0.000000e+00 0.000000e+00
4.235000e+01 0.000000e+00 0.000000e+00
4.236000e+01 0.000000e+00 0.000000e+00
4.237000e+01 0.000000e+00 0.000000e+00
4.238000e+01 0.000000e+00 0.000000e+00
4.239000e+01 0.000000e+00 0.000000e+00
4.240000e+01 0.000000e+00 0.000000e+00
4.241000e+01 0.000000e+00 0.000000e+00
4.242000e+01 0.000000e+00 0.000000e+00
4.243000e+01 0.000000e+00 0.000000e+00
4.244000e+01 0.000000e+00 0.000000e+00
4.245000e+01 0.000000e+00 0.000000e+00
4.246000e+01 0.000000e+00 0.000000e+00
4.247000e+01 0.000000e+00 0.000000e+00
4.248000e+01 0.000000e+00 0.000000e+00
4.249000e+01 0.000000e+00 0.000000e+00
4.250000e+01 0.000000e+00 0.000000e+00
4.251000e+01 0.000000e+00 0.000000e+00
4.252000e+01 0.000000e+00 0.000000e+00
4.253000e+01 0.000000e+00 0.000000e+00
4.254000e+01 0.000000e+00 0.000000e+00
4.255000e+01 0.000000e+00 0.000000e+00
4.256000e+01 0.000000e+00 0.000000e+00
4.257000e+01 0.000000e+00 0.000000e+00
4.258000e+01 0.000000e+00 0.000000e+00
4.259000e+01 0.000000e+00 0.000000e+00
4.260000e+01 0.000000e+00 0.000000e+00
4.261000e+01 0.000000e+00 0.000000e+00
4.262000e+01 0.000000e+00 0.000000e+00
4.263000e+01 0.000000e+00 0.000000e+00
4.264000e+01 0.000000e+00 0.000000e+00
4.265000e+01 0.000000e+00 0.000000e+00
4.266000e+01 0.000000e+00 0.000000e+00
4.267000e+01 0.000000e+00 0.000000e+00
4.268000e+01 0.000000e+00 0.000000e+00
4.269000e+01 0.000000e+00 0.000000e+00
4.270000e+01 0.000000e+00 0.000000e+00
4.271000e+01 0.000000e+00 0.000000e+00
4.272000e+01 0.000000e+00 0.000000e+00
4.273000e+01 0.000000e+00 0.000000e+00
4.274000e+01 0.000000e+00 0.000000e+00
4.275000e+01 0.000000e+00 0.000000e+00
4.276000e+01 0.000000e+00 0.000000e+00
4.277000e+01 0.000000e+00 0.000000e+00
4.278000e+01 0.000000e+00 0.000000e+00
4.279000e+01 0.000000e+00 0.000000e+00
4.280000e+01 0.000000e+00 0.000000e+00
4.281000e+01 0.000000e+00 0.000000e+00
4.282000e+01 0.000000e+00 0.000000e+00
4.283000e+01 0.000000e+00 0.000000e+00
4.284000e+01 0.000000e+00 0.000000e+00
4.285000e+01 0.000000e+00 0.000000e+00
4.286000e+01 0.000000e+00 0.000000e+00
4.287000e+01 0.000000e+00 0.000000e+00
4.288000e+01 0.000000e+00 0.000000e+00
4.289000e+01 0.000000e+00 0.000000e+00
4.290000e+01 0.000000e+00 0.000000e+00
4.291000e+01 0.000000e+00 0.000000e+00
4.292000e+01 0.000000e+00 0.000000e+00
4.293000e+01 0.000000e+00 0.000000e+00
4.294000e+01 0.000000e+00 0.000000e+00
4.295000e+01 0.000000e+00 0.000000e+00
4.296000e+01 0.000000e+00 0.000000e+00
4.297000e+01 0.000000e+00 0.000000e+00
4.298000e+01 0.000000e+00 0.000000e+00
4.299000e+01 0.000000e+00 0.000000e+00
4.300000e+01 0.000000e+00 0.000000e+00
4.301000e+01 0.000000e+00 0.000000e+00
4.302000e+01 0.000000e+00 0.000000e+00
4.303000e+01 0.000000e+00 0.000000e+00
4.304000e+01 0.000000e+00 0.000000e+00
4.305000e+01 0.000000e+00 0.000000e+00
4.306000e+01 0.000000e+00 0.000000e+00
4.307000e+01 0.000000e+00 0.000000e+00
4.308000e+01 0.000000e+00 0.000000e+00
4.309000e+01 0.000000e+00 0.000000e+00
4.310000e+01 0.000000e+00 0.000000e+00
4.311000e+01 0.000000e+00 0.000000e+00
4.312000e+01 0.000000e+00 0.000000e+00
4.313000e+01 0.000000e+00 0.000000e+00
4.314000e+01 0.000000e+00 0.000000e+00
4.315000e+01 0.000000e+00 0.000000e+00
4.316000e+01 0.000000e+00 0.000000e+00
4.317000e+01 0.000000e+00 0.000000e+00
4.318000e+01 0.000000e+00 0.000000e+00
4.319000e+01 0.000000e+00 0.000000e+00
4.320000e+01 0.000000e+00 0.000000e+00
4.321000e+01 0.000000e+00 0.000000e+00
4.322000e+01 0.000000e+00 0.000000e+00
4.323000e+01 0.000000e+00 0.000000e+00
4.324000e+01 0.000000e+00 0.000000e+00
4.325000e+01 0.000000e+00 0.000000e+00
4.326000e+01 0.000000e+00 0.000000e+00
4.327000e+01 0.000000e+00 0.000000e+00
4.328000e+01 0.000000e+00 0.000000e+00
4.329000e+01 0.000000e+00 0.000000e+00
4.330000e+01 0.000000e+00 0.000000e+00
4.331000e+01 0.000000e+00 0.000000e+00
4.332000e+01 0.000000e+00 0.000000e+00
4.333000e+01 0.000000e+00 0.000000e+00
4.334000e+01 0.000000e+00 0.000000e+00
4.335000e+01 0.000000e+00 0.000000e+00
4.336000e+01 0.000000e+00 0.000000e+00
4.337000e+01 0.000000e+00 0.000000e+00
4.338000e+01 0.000000e+00 0.000000e+00
4.339000e+01 0.000000e+00 0.000000e+00
4.340000e+01 0.000000e+00 0.000000e+00
4.341000e+01 0.000000e+00 0.000000e+00
4.342000e+01 0.000000e+00 0.000000e+00
4.343000e+01 0.000000e+00 0.000000e+00
4.344000e+01 0.000000e+00 0.000000e+00
4.345000e+01 0.000000e+00 0.000000e+00
4.346000e+01 0.000000e+00 0.000000e+00
4.347000e+01 0.000000e+00 0.000000e+00
4.348000e+01 0.000000e+00 0.000000e+00
4.349000e+01 0.000000e+00 0.000000e+00
4.350000e+01 0.000000e+00 0.000000e+00
4.351000e+01 0.000000e+00 0.000000e+00
4.352000e+01 0.000000e+00 0.000000e+00
4.353000e+01 0.000000e+00 0.000000e+00
4.354000e+01 0.000000e+00 0.000000e+00
4.355000e+01 0.000000e+00 0.000000e+00
4.356000e+01 0.000000e+00 0.000000e+00
4.357000e+01 0.000000e+00 0.000000e+00
4.358000e+01 0.000000e+00 0.000000e+00
4.359000e+01 0.000000e+00 0.000000e+00
4.360000e+01 0.000000e+00 0.000000e+00
4.361000e+01 0.000000e+00 0.000000e+00
4.362000e+01 0.000000e+00 0.000000e+00
4.363000e+01 0.000000e+00 0.000000e+00
4.364000e+01 0.000000e+00 0.000000e+00
4.365000e+01 0.000000e+00 0.000000e+00
4.366000e+01 0.000000e+00 0.000000e+00
4.367000e+01 0.000000e+00 0.000000e+00
4.368000e+01 0.000000e+00 0.000000e+00
4.369000e+01 0.000000e+00 0.000000e+00
4.370000e+01 0.000000e+00 0.000000e+00
4.371000e+01 0.000000e+00 0.000000e+00
4.372000e+01 0.000000e+00 0.000000e+00
4.373000e+01 0.000000e+00 0.000000e+00
4.374000e+01 0.000000e+00 0.000000e+00
4.375000e+01 0.000000e+00 0.000000e+00
4.376000e+01 0.000000e+00 0.000000e+00
4.377000e+01 0.000000e+00 0.000000e+00
4.378000e+01 0.000000e+00 0.000000e+00
4.379000e+01 0.000000e+00 0.000000e+00
4.380000e+01 0.000000e+00 0.000000e+00
4.381000e+01 0.000000e+00 0.000000e+00
4.382000e+01 0.000000e+00 0.000000e+00
4.383000e+01 0.000000e+00 0.000000e+00
4.384000e+01 0.000000e+00 0.000000e+00
4.385000e+01 0.000000e+00 0.000000e+00
4.386000e+01 0.000000e+00 0.000000e+00
4.387000e+01 0.000000e+00 0.000000e+00
4.388000e+01 0.000000e+00 0.000000e+00
4.389000e+01 0.000000e+00 0.000000e+00
4.390000e+01 0.000000e+00 0.000000e+00
4.391000e+01 0.000000e+00 0.000000e+00
4.392000e+01 0.000000e+00 0.000000e+00
4.393000e+01 0.000000e+00 0.000000e+00
4.394000e+01 0.000000e+00 0.000000e+00
4.395000e+01 0.000000e+00 0.000000e+00
4.396000e+01 0.000000e+00 0.000000e+00
4.397000e+01 0.000000e+00 0.000000e+00
4.398000e+01 0.000000e+00 0.000000e+00
4.399000e+01 0.000000e+00 0.000000e+00
4.400000e+01 0.000000e+00 0.000000e+00
4.401000e+01 0.000000e+00 0.000000e+00
4.402000e+01 0.000000e+00 0.000000e+00
4.403000e+01 0.000000e+00 0.000000e+00
4.404000e+01 0.000000e+00 0.000000e+00
4.405000e+01 0.000000e+00 0.000000e+00
4.406000e+01 0.000000e+00 0.000000e+00
4.407000e+01 0.000000e+00 0.000000e+00
4.408000e+01 0.000000e+00 0.000000e+00
4.409000e+01 0.000000e+00 0.000000e+00
4.410000e+01 0.000000e+00 0.000000e+00
4.411000e+01 0.000000e+00 0.000000e+00
4.412000e+01 0.000000e+00 0.000000e+00
4.413000e+01 0.000000e+00 0.000000e+00
4.414000e+01 0.000000e+00 0.000000e+00
4.415000e+01 0.000000e+00 0.000000e+00
4.416000e+01 0.000000e+00 0.000000e+00
4.417000e+01 0.000000e+00 0.000000e+00
4.418000e+01 0.000000e+00 0.000000e+00
4.419000e+01 0.000000e+00 0.000000e+00
4.420000e+01 0.000000e+00 0.000000e+00
4.421000e+01 0.000000e+00 0.000000e+00
4.422000e+01 0.000000e+00 0.000000e+00
4.423000e+01 0.000000e+00 0.000000e+00
4.424000e+01 0.000000e+00 0.000000e+00
4.425000e+01 0.000000e+00 0.000000e+00
4.426000e+01 0.000000e+00 0.000000e+00
4.427000e+01 0.000000e+00 0.000000e+00
4.428000e+01 0.000000e+00 0.000000e+00
4.429000e+01 0.000000e+00 0.000000e+00
4.430000e+01 0.000000e+00 0.000000e+00
4.431000e+01 0.000000e+00 0.000000e+00
4.432000e+01 0.000000e+00 0.000000e+00
4.433000e+01 0.000000e+00 0.000000e+00
4.434000e+01 0.000000e+00 0.000000e+00
4.435000e+01 0.000000e+00 0.000000e+00
4.436000e+01 0.000000e+00 0.000000e+00
4.437000e+01 0.000000e+00 0.000000e+00
4.438000e+01 0.000000e+00 0.000000e+00
4.439000e+01 0.000000e+00 0.000000e+00
4.440000e+01 0.000000e+00 0.000000e+00
4.441000e+01 0.000000e+00 0.000000e+00
4.442000e+01 0.000000e+00 0.000000e+00
4.443000e+01 0.000000e+00 0.000000e+00
4.444000e+01 0.000000e+00 0.000000e+00
4.445000e+01 0.000000e+00 0.000000e+00
4.446000e+01 0.000000e+00 0.000000e+00
4.447000e+01 0.000000e+00 0.000000e+00
4.448000e+01 0.000000e+00 0.000000e+00
4.449000e+01 0.000000e+00 0.000000e+00
4.450000e+01 0.000000e+00 0.000000e+00
4.451000e+01 0.000000e+00 0.000000e+00
4.452000e+01 0.000000e+00 0.000000e+00
4.453000e+01 0.000000e+00 0.000000e+00
4.454000e+01 0.000000e+00 0.000000e+00
4.455000e+01 0.000000e+00 0.000000e+00
4.456000e+01 0.000000e+00 0.000000e+00
4.457000e+01 0.000000e+00 0.000000e+00
4.458000e+01 0.000000e+00 0.000000e+00
4.459000e+01 0.000000e+00 0.000000e+00
4.460000e+01 0.000000e+00 0.000000e+00
4.461000e+01 0.000000e+00 0.000000e+00
4.462000e+01 0.000000e+00 0.000000e+00
4.463000e+01 0.000000e+00 0.000000e+00
4.464000e+01 0.000000e+00 0.000000e+00
4.465000e+01 0.000000e+00 0.000000e+00
4.466000e+01 0.000000e+00 0.000000e+00
4.467000e+01 0.000000e+00 0.000000e+00
4.468000e+01 0.000000e+00 0.000000e+00
4.469000e+01 0.000000e+00 0.000000e+00
4.470000e+01 0.000000e+00 0.000000e+00
4.471000e+01 0.000000e+00 0.000000e+00
4.472000e+01 0.000000e+00 0.000000e+00
4.473000e+01 0.000000e+00 0.000000e+00
4.474000e+01 0.000000e+00 0.000000e+00
4.475000e+01 0.000000e+00 0.000000e+00
4.476000e+01 0.000000e+00 0.000000e+00
4.477000e+01 0.000000e+00 0.000000e+00
4.478000e+01 0.000000e+00 0.000000e+00
4.479000e+01 0.000000e+00 0.000000e+00
4.480000e+01 0.000000e+00 0.000000e+00
4.481000e+01 0.000000e+00 0.000000e+00
4.482000e+01 0.000000e+00 0.000000e+00
4.483000e+01 0.000000e+00 0.000000e+00
4.484000e+01 0.000000e+00 0.000000e+00
4.485000e+01 0.000000e+00 0.000000e+00
4.486000e+01 0.000000e+00 0.000000e+00
4.487000e+01 0.000000e+00 0.000000e+00
4.488000e+01 0.000000e+00 0.000000e+00
4.489000e+01 0.000000e+00 0.000000e+00
4.490000e+01 0.000000e+00 0.000000e+00
4.491000e+01 0.000000e+00 0.000000e+00
4.492000e+01 0.000000e+00 0.000000e+00
4.493000e+01 0.000000e+00 0.000000e+00
4.494000e+01 0.000000e+00 0.000000e+00
4.495000e+01 0.000000e+00 0.000000e+00
4.496000e+01 0.000000e+00 0.000000e+00
4.497000e+01 0.000000e+00 0.000000e+00
4.498000e+01 0.000000e+00 0.000000e+00
4.499000e+01 0.000000e+00 0.000000e+00
4.500000e+01 0.000000e+00 0.000000e+00
4.501000e+01 0.000000e+00 0.000000e+00
4.502000e+01 0.000000e+00 0.000000e+00
4.503000e+01 0.000000e+00 0.000000e+00
4.504000e+01 0.000000e+00 0.000000e+00
4.505000e+01 0.000000e+00 0.000000e+00
4.506000e+01 0.000000e+00 0.000000e+00
4.507000e+01 0.000000e+00 0.000000e+00
4.508000e+01 0.000000e+00 0.000000e+00
4.509000e+01 0.000000e+00 0.000000e+00
4.510000e+01 0.000000e+00 0.000000e+00
4.511000e+01 0.000000e+00 0.000000e+00
4.512000e+01 0.000000e+00 0.000000e+00
4.513000e+01 0.000000e+00 0.000000e+00
4.514000e+01 0.000000e+00 0.000000e+00
4.515000e+01 0.000000e+00 0.000000e+00
4.516000e+01 0.000000e+00 0.000000e+00
4.517000e+01 0.000000e+00 0.000000e+00
4.518000e+01 0.000000e+00 0.000000e+00
4.519000e+01 0.000000e+00 0.000000e+00
4.520000e+01 0.000000e+00 0.000000e+00
4.521000e+01 0.000000e+00 0.000000e+00
4.522000e+01 0.000000e+00 0.000000e+00
4.523000e+01 0.000000e+00 0.000000e+00
4.524000e+01 0.000000e+00 0.000000e+00
4.525000e+01 0.000000e+00 0.000000e+00
4.526000e+01 0.000000e+00 0.000000e+00
4.527000e+01 0.000000e+00 0.000000e+00
4.528000e+01 0.000000e+00 0.000000e+00
4.529000e+01 0.000000e+00 0.000000e+00
4.530000e+01 0.000000e+00 0.000000e+00
4.531000e+01 0.000000e+00 0.000000e+00
4.532000e+01 0.000000e+00 0.000000e+00
4.533000e+01 0.000000e+00 0.000000e+00
4.534000e+01 0.000000e+00 0.000000e+00
4.535000e+01 0.000000e+00 0.000000e+00
4.536000e+01 0.000000e+00 0.000000e+00
4.537000e+01 0.000000e+00 0.000000e+00
4.538000e+01 0.000000e+00 0.000000e+00
4.539000e+01 0.000000e+00 0.000000e+00
4.540000e+01 0.000000e+00 0.000000e+00
4.541000e+01 0.000000e+00 0.000000e+00
4.542000e+01 0.000000e+00 0.000000e+00
4.543000e+01 0.000000e+00 0.000000e+00
4.544000e+01 0.000000e+00 0.000000e+00
4.545000e+01 0.000000e+00 0.000000e+00
4.546000e+01 0.000000e+00 0.000000e+00
4.547000e+01 0.000000e+00 0.000000e+00
4.548000e+01 0.000000e+00 0.000000e+00
4.549000e+01 0.000000e+00 0.000000e+00
4.550000e+01 0.000000e+00 0.000000e+00
4.551000e+01 0.000000e+00 0.000000e+00
4.552000e+01 0.000000e+00 0.000000e+00
4.553000e+01 0.000000e+00 0.000000e+00
4.554000e+01 0.000000e+00 0.000000e+00
4.555000e+01 0.000000e+00 0.000000e+00
4.556000e+01 0.000000e+00 0.000000e+00
4.557000e+01 0.000000e+00 0.000000e+00
4.558000e+01 0.000000e+00 0.000000e+00
4.559000e+01 0.000000e+00 0.000000e+00
4.560000e+01 0.000000e+00 0.000000e+00
4.561000e+01 0.000000e+00 0.000000e+00
4.562000e+01 0.000000e+00 0.000000e+00
4.563000e+01 0.000000e+00 0.000000e+00
4.564000e+01 0.000000e+00 0.000000e+00
4.565000e+01 0.000000e+00 0.000000e+00
4.566000e+01 0.000000e+00 0.000000e+00
4.567000e+01 0.000000e+00 0.000000e+00
4.568000e+01 0.000000e+00 0.000000e+00
4.569000e+01 0.000000e+00 0.000000e+00
4.570000e+01 0.000000e+00 0.000000e+00
4.571000e+01 0.000000e+00 0.000000e+00
4.572000e+01 0.000000e+00 0.000000e+00
4.573000e+01 0.000000e+00 0.000000e+00
4.574000e+01 0.000000e+00 0.000000e+00
4.575000e+01 0.000000e+00 0.000000e+00
4.576000e+01 0.000000e+00 0.000000e+00
4.577000e+01 0.000000e+00 0.000000e+00
4.578000e+01 0.000000e+00 0.000000e+00
4.579000e+01 0.000000e+00 0.000000e+00
4.580000e+01 0.000000e+00 0.000000e+00
4.581000e+01 0.000000e+00 0.000000e+00
4.582000e+01 0.000000e+00 0.000000e+00
4.583000e+01 0.000000e+00 0.000000e+00
4.584000e+01 0.000000e+00 0.000000e+00
4.585000e+01 0.000000e+00 0.000000e+00
4.586000e+01 0.000000e+00 0.000000e+00
4.587000e+01 0.000000e+00 0.000000e+00
4.588000e+01 0.000000e+00 0.000000e+00
4.589000e+01 0.000000e+00 0.000000e+00
4.590000e+01 0.000000e+00 0.000000e+00
4.591000e+01 0.000000e+00 0.000000e+00
4.592000e+01 0.000000e+00 0.000000e+00
4.593000e+01 0.000000e+00 0.000000e+00
4.594000e+01 0.000000e+00 0.000000e+00
4.595000e+01 0.000000e+00 0.000000e+00
4.596000e+01 0.000000e+00 0.000000e+00
4.597000e+01 0.000000e+00 0.000000e+00
4.598000e+01 0.000000e+00 0.000000e+00
4.599000e+01 0.000000e+00 0.000000e+00
4.600000e+01 0.000000e+00 0.000000e+00
4.601000e+01 0.000000e+00 0.000000e+00
4.602000e+01 0.000000e+00 0.000000e+00
4.603000e+01 0.000000e+00 0.000000e+00
4.604000e+01 0.000000e+00 0.000000e+00
4.605000e+01 0.000000e+00 0.000000e+00
4.606000e+01 0.000000e+00 0.000000e+00
4.607000e+01 0.000000e+00 0.000000e+00
4.608000e+01 0.000000e+00 0.000000e+00
4.609000e+01 0.000000e+00 0.000000e+00
4.610000e+01 0.000000e+00 0.000000e+00
4.611000e+01 0.000000e+00 0.000000e+00
4.612000e+01 0.000000e+00 0.000000e+00
4.613000e+01 0.000000e+00 0.000000e+00
4.614000e+01 0.000000e+00 0.000000e+00
4.615000e+01 0.000000e+00 0.000000e+00
4.616000e+01 0.000000e+00 0.000000e+00
4.617000e+01 0.000000e+00 0.000000e+00
4.618000e+01 0.000000e+00 0.000000e+00
4.619000e+01 0.000000e+00 0.000000e+00
4.620000e+01 0.000000e+00 0.000000e+00
4.621000e+01 0.000000e+00 0.000000e+00
4.622000e+01 0.000000e+00 0.000000e+00
4.623000e+01 0.000000e+00 0.000000e+00
4.624000e+01 0.000000e+00 0.000000e+00
4.625000e+01 0.000000e+00 0.000000e+00
4.626000e+01 0.000000e+00 0.000000e+00
4.627000e+01 0.000000e+00 0.000000e+00
4.628000e+01 0.000000e+00 0.000000e+00
4.629000e+01 0.000000e+00 0.000000e+00
4.630000e+01 0.000000e+00 0.000000e+00
4.631000e+01 0.000000e+00 0.000000e+00
4.632000e+01 0.000000e+00 0.000000e+00
4.633000e+01 0.000000e+00 0.000000e+00
4.634000e+01 0.000000e+00 0.000000e+00
4.635000e+01 0.000000e+00 0.000000e+00
4.636000e+01 0.000000e+00 0.000000e+00
4.637000e+01 0.000000e+00 0.000000e+00
4.638000e+01 0.000000e+00 0.000000e+00
4.639000e+01 0.000000e+00 0.000000e+00
4.640000e+01 0.000000e+00 0.000000e+00
4.641000e+01 0.000000e+00 0.000000e+00
4.642000e+01 0.000000e+00 0.000000e+00
4.643000e+01 0.000000e+00 0.000000e+00
4.644000e+01 0.000000e+00 0.000000e+00
4.645000e+01 0.000000e+00 0.000000e+00
4.646000e+01 0.000000e+00 0.000000e+00
4.647000e+01 0.000000e+00 0.000000e+00
4.648000e+01 0.000000e+00 0.000000e+00
4.649000e+01 0.000000e+00 0.000000e+00
4.650000e+01 0.000000e+00 0.000000e+00
4.651000e+01 0.000000e+00 0.000000e+00
4.652000e+01 0.000000e+00 0.000000e+00
4.653000e+01 0.000000e+00 0.000000e+00
4.654000e+01 0.000000e+00 0.000000e+00
4.655000e+01 0.000000e+00 0.000000e+00
4.656000e+01 0.000000e+00 0.000000e+00
4.657000e+01 0.000000e+00 0.000000e+00
4.658000e+01 0.000000e+00 0.000000e+00
4.659000e+01 0.000000e+00 0.000000e+00
4.660000e+01 0.000000e+00 0.000000e+00
4.661000e+01 0.000000e+00 0.000000e+00
4.662000e+01 0.000000e+00 0.000000e+00
4.663000e+01 0.000000e+00 0.000000e+00
4.664000e+01 0.000000e+00 0.000000e+00
4.665000e+01 0.000000e+00 0.000000e+00
4.666000e+01 0.000000e+00 0.000000e+00
4.667000e+01 0.000000e+00 0.000000e+00
4.668000e+01 0.000000e+00 0.000000e+00
4.669000e+01 0.000000e+00 0.000000e+00
4.670000e+01 0.000000e+00 0.000000e+00
4.671000e+01 0.000000e+00 0.000000e+00
4.672000e+01 0.000000e+00 0.000000e+00
4.673000e+01 0.000000e+00 0.000000e+00
4.674000e+01 0.000000e+00 0.000000e+00
4.675000e+01 0.000000e+00 0.000000e+00
4.676000e+01 0.000000e+00 0.000000e+00
4.677000e+01 0.000000e+00 0.000000e+00
4.678000e+01 0.000000e+00 0.000000e+00
4.679000e+01 0.000000e+00 0.000000e+00
4.680000e+01 0.000000e+00 0.000000e+00
4.681000e+01 0.000000e+00 0.000000e+00
4.682000e+01 0.000000e+00 0.000000e+00
4.683000e+01 0.000000e+00 0.000000e+00
4.684000e+01 0.000000e+00 0.000000e+00
4.685000e+01 0.000000e+00 0.000000e+00
4.686000e+01 0.000000e+00 0.000000e+00
4.687000e+01 0.000000e+00 0.000000e+00
4.688000e+01 0.000000e+00 0.000000e+00
4.689000e+01 0.000000e+00 0.000000e+00
4.690000e+01 0.000000e+00 0.000000e+00
4.691000e+01 0.000000e+00 0.000000e+00
4.692000e+01 0.000000e+00 0.000000e+00
4.693000e+01 0.000000e+00 0.000000e+00
4.694000e+01 0.000000e+00 0.000000e+00
4.695000e+01 0.000000e+00 0.000000e+00
4.696000e+01 0.000000e+00 0.000000e+00
4.697000e+01 0.000000e+00 0.000000e+00
4.698000e+01 0.000000e+00 0.000000e+00
4.699000e+01 0.000000e+00 0.000000e+00
4.700000e+01 0.000000e+00 0.000000e+00
4.701000e+01 0.000000e+00 0.000000e+00
4.702000e+01 0.000000e+00 0.000000e+00
4.703000e+01 0.000000e+00 0.000000e+00
4.704000e+01 0.000000e+00 0.000000e+00
4.705000e+01 0.000000e+00 0.000000e+00
4.706000e+01 0.000000e+00 0.000000e+00
4.707000e+01 0.000000e+00 0.000000e+00
4.708000e+01 0.000000e+00 0.000000e+00
4.709000e+01 0.000000e+00 0.000000e+00
4.710000e+01 0.000000e+00 0.000000e+00
4.711000e+01 0.000000e+00 0.000000e+00
4.712000e+01 0.000000e+00 0.000000e+00
4.713000e+01 0.000000e+00 0.000000e+00
4.714000e+01 0.000000e+00 0.000000e+00
4.715000e+01 0.000000e+00 0.000000e+00
4.716000e+01 0.000000e+00 0.000000e+00
4.717000e+01 0.000000e+00 0.000000e+00
4.718000e+01 0.000000e+00 0.000000e+00
4.719000e+01 0.000000e+00 0.000000e+00
4.720000e+01 0.000000e+00 0.000000e+00
4.721000e+01 0.000000e+00 0.000000e+00
4.722000e+01 0.000000e+00 0.000000e+00
4.723000e+01 0.000000e+00 0.000000e+00
4.724000e+01 0.000000e+00 0.000000e+00
4.725000e+01 0.000000e+00 0.000000e+00
4.726000e+01 0.000000e+00 0.000000e+00
4.727000e+01 0.000000e+00 0.000000e+00
4.728000e+01 0.000000e+00 0.000000e+00
4.729000e+01 0.000000e+00 0.000000e+00
4.730000e+01 0.000000e+00 0.000000e+00
4.731000e+01 0.000000e+00 0.000000e+00
4.732000e+01 0.000000e+00 0.000000e+00
4.733000e+01 0.000000e+00 0.000000e+00
4.734000e+01 0.000000e+00 0.000000e+00
4.735000e+01 0.000000e+00 0.000000e+00
4.736000e+01 0.000000e+00 0.000000e+00
4.737000e+01 0.000000e+00 0.000000e+00
4.738000e+01 0.000000e+00 0.000000e+00
4.739000e+01 0.000000e+00 0.000000e+00
4.740000e+01 0.000000e+00 0.000000e+00
4.741000e+01 0.000000e+00 0.000000e+00
4.742000e+01 0.000000e+00 0.000000e+00
4.743000e+01 0.000000e+00 0.000000e+00
4.744000e+01 0.000000e+00 0.000000e+00
4.745000e+01 0.000000e+00 0.000000e+00
4.746000e+01 0.000000e+00 0.000000e+00
4.747000e+01 0.000000e+00 0.000000e+00
4.748000e+01 0.000000e+00 0.000000e+00
4.749000e+01 0.000000e+00 0.000000e+00
4.750000e+01 0.000000e+00 0.000000e+00
4.751000e+01 0.000000e+00 0.000000e+00
4.752000e+01 0.000000e+00 0.000000e+00
4.753000e+01 0.000000e+00 0.000000e+00
4.754000e+01 0.000000e+00 0.000000e+00
4.755000e+01 0.000000e+00 0.000000e+00
4.756000e+01 0.000000e+00 0.000000e+00
4.757000e+01 0.000000e+00 0.000000e+00
4.758000e+01 0.000000e+00 0.000000e+00
4.759000e+01 0.000000e+00 0.000000e+00
4.760000e+01 0.000000e+00 0.000000e+00
4.761000e+01 0.000000e+00 0.000000e+00
4.762000e+01 0.000000e+00 0.000000e+00
4.763000e+01 0.000000e+00 0.000000e+00
4.764000e+01 0.000000e+00 0.000000e+00
4.765000e+01 0.000000e+00 0.000000e+00
4.766000e+01 0.000000e+00 0.000000e+00
4.767000e+01 0.000000e+00 0.000000e+00
4.768000e+01 0.000000e+00 0.000000e+00
4.769000e+01 0.000000e+00 0.000000e+00
4.770000e+01 0.000000e+00 0.000000e+00
4.771000e+01 0.000000e+00 0.000000e+00
4.772000e+01 0.000000e+00 0.000000e+00
4.773000e+01 0.000000e+00 0.000000e+00
4.774000e+01 0.000000e+00 0.000000e+00
4.775000e+01 0.000000e+00 0.000000e+00
4.776000e+01 0.000000e+00 0.000000e+00
4.777000e+01 0.000000e+00 0.000000e+00
4.778000e+01 0.000000e+00 0.000000e+00
4.779000e+01 0.000000e+00 0.000000e+00
4.780000e+01 0.000000e+00 0.000000e+00
4.781000e+01 0.000000e+00 0.000000e+00
4.782000e+01 0.000000e+00 0.000000e+00
4.783000e+01 0.000000e+00 0.000000e+00
4.784000e+01 0.000000e+00 0.000000e+00
4.785000e+01 0.000000e+00 0.000000e+00
4.786000e+01 0.000000e+00 0.000000e+00
4.787000e+01 0.000000e+00 0.000000e+00
4.788000e+01 0.000000e+00 0.000000e+00
4.789000e+01 0.000000e+00 0.000000e+00
4.790000e+01 0.000000e+00 0.000000e+00
4.791000e+01 0.000000e+00 0.000000e+00
4.792000e+01 0.000000e+00 0.000000e+00
4.793000e+01 0.000000e+00 0.000000e+00
4.794000e+01 0.000000e+00 0.000000e+00
4.795000e+01 0.000000e+00 0.000000e+00
4.796000e+01 0.000000e+00 0.000000e+00
4.797000e+01 0.000000e+00 0.000000e+00
4.798000e+01 0.000000e+00 0.000000e+00
4.799000e+01 0.000000e+00 0.000000e+00
4.800000e+01 0.000000e+00 0.000000e+00
4.801000e+01 0.000000e+00 0.000000e+00
4.802000e+01 0.000000e+00 0.000000e+00
4.803000e+01 0.000000e+00 0.000000e+00
4.804000e+01 0.000000e+00 0.000000e+00
4.805000e+01 0.000000e+00 0.000000e+00
4.806000e+01 0.000000e+00 0.000000e+00
4.807000e+01 0.000000e+00 0.000000e+00
4.808000e+01 0.000000e+00 0.000000e+00
4.809000e+01 0.000000e+00 0.000000e+00
4.810000e+01 0.000000e+00 0.000000e+00
4.811000e+01 0.000000e+00 0.000000e+00
4.812000e+01 0.000000e+00 0.000000e+00
4.813000e+01 0.000000e+00 0.000000e+00
4.814000e+01 0.000000e+00 0.000000e+00
4.815000e+01 0.000000e+00 0.000000e+00
4.816000e+01 0.000000e+00 0.000000e+00
4.817000e+01 0.000000e+00 0.000000e+00
4.818000e+01 0.000000e+00 0.000000e+00
4.819000e+01 0.000000e+00 0.000000e+00
4.820000e+01 0.000000e+00 0.000000e+00
4.821000e+01 0.000000e+00 0.000000e+00
4.822000e+01 0.000000e+00 0.000000e+00
4.823000e+01 0.000000e+00 0.000000e+00
4.824000e+01 0.000000e+00 0.000000e+00
4.825000e+01 0.000000e+00 0.000000e+00
4.826000e+01 0.000000e+00 0.000000e+00
4.827000e+01 0.000000e+00 0.000000e+00
4.828000e+01 0.000000e+00 0.000000e+00
4.829000e+01 0.000000e+00 0.000000e+00
4.830000e+01 0.000000e+00 0.000000e+00
4.831000e+01 0.000000e+00 0.000000e+00
4.832000e+01 0.000000e+00 0.000000e+00
4.833000e+01 0.000000e+00 0.000000e+00
4.834000e+01 0.000000e+00 0.000000e+00
4.835000e+01 0.000000e+00 0.000000e+00
4.836000e+01 0.000000e+00 0.000000e+00
4.837000e+01 0.000000e+00 0.000000e+00
4.838000e+01 0.000000e+00 0.000000e+00
4.839000e+01 0.000000e+00 0.000000e+00
4.840000e+01 0.000000e+00 0.000000e+00
4.841000e+01 0.000000e+00 0.000000e+00
4.842000e+01 0.000000e+00 0.000000e+00
4.843000e+01 0.000000e+00 0.000000e+00
4.844000e+01 0.000000e+00 0.000000e+00
4.845000e+01 0.000000e+00 0.000000e+00
4.846000e+01 0.000000e+00 0.000000e+00
4.847000e+01 0.000000e+00 0.000000e+00
4.848000e+01 0.000000e+00 0.000000e+00
4.849000e+01 0.000000e+00 0.000000e+00
4.850000e+01 0.000000e+00 0.000000e+00
4.851000e+01 0.000000e+00 0.000000e+00
4.852000e+01 0.000000e+00 0.000000e+00
4.853000e+01 0.000000e+00 0.000000e+00
4.854000e+01 0.000000e+00 0.000000e+00
4.855000e+01 0.000000e+00 0.000000e+00
4.856000e+01 0.000000e+00 0.000000e+00
4.857000e+01 0.000000e+00 0.000000e+00
4.858000e+01 0.000000e+00 0.000000e+00
4.859000e+01 0.000000e+00 0.000000e+00
4.860000e+01 0.000000e+00 0.000000e+00
4.861000e+01 0.000000e+00 0.000000e+00
4.862000e+01 0.000000e+00 0.000000e+00
4.863000e+01 0.000000e+00 0.000000e+00
4.864000e+01 0.000000e+00 0.000000e+00
4.865000e+01 0.000000e+00 0.000000e+00
4.866000e+01 0.000000e+00 0.000000e+00
4.867000e+01 0.000000e+00 0.000000e+00
4.868000e+01 0.000000e+00 0.000000e+00
4.869000e+01 0.000000e+00 0.000000e+00
4.870000e+01 0.000000e+00 0.000000e+00
4.871000e+01 0.000000e+00 0.000000e+00
4.872000e+01 0.000000e+00 0.000000e+00
4.873000e+01 0.000000e+00 0.000000e+00
4.874000e+01 0.000000e+00 0.000000e+00
4.875000e+01 0.000000e+00 0.000000e+00
4.876000e+01 0.000000e+00 0.000000e+00
4.877000e+01 0.000000e+00 0.000000e+00
4.878000e+01 0.000000e+00 0.000000e+00
4.879000e+01 0.000000e+00 0.000000e+00
4.880000e+01 0.000000e+00 0.000000e+00
4.881000e+01 0.000000e+00 0.000000e+00
4.882000e+01 0.000000e+00 0.000000e+00
4.883000e+01 0.000000e+00 0.000000e+00
4.884000e+01 0.000000e+00 0.000000e+00
4.885000e+01 0.000000e+00 0.000000e+00
4.886000e+01 0.000000e+00 0.000000e+00
4.887000e+01 0.000000e+00 0.000000e+00
4.888000e+01 0.000000e+00 0.000000e+00
4.889000e+01 0.000000e+00 0.000000e+00
4.890000e+01 0.000000e+00 0.000000e+00
4.891000e+01 0.000000e+00 0.000000e+00
4.892000e+01 0.000000e+00 0.000000e+00
4.893000e+01 0.000000e+00 0.000000e+00
4.894000e+01 0.000000e+00 0.000000e+00
4.895000e+01 0.000000e+00 0.000000e+00
4.896000e+01 0.000000e+00 0.000000e+00
4.897000e+01 0.000000e+00 0.000000e+00
4.898000e+01 0.000000e+00 0.000000e+00
4.899000e+01 0.000000e+00 0.000000e+00
4.900000e+01 0.000000e+00 0.000000e+00
4.901000e+01 0.000000e+00 0.000000e+00
4.902000e+01 0.000000e+00 0.000000e+00
4.903000e+01 0.000000e+00 0.000000e+00
4.904000e+01 0.000000e+00 0.000000e+00
4.905000e+01 0.000000e+00 0.000000e+00
4.906000e+01 0.000000e+00 0.000000e+00
4.907000e+01 0.000000e+00 0.000000e+00
4.908000e+01 0.000000e+00 0.000000e+00
4.909000e+01 0.000000e+00 0.000000e+00
4.910000e+01 0.000000e+00 0.000000e+00
4.911000e+01 0.000000e+00 0.000000e+00
4.912000e+01 0.000000e+00 0.000000e+00
4.913000e+01 0.000000e+00 0.000000e+00
4.914000e+01 0.000000e+00 0.000000e+00
4.915000e+01 0.000000e+00 0.000000e+00
4.916000e+01 0.000000e+00 0.000000e+00
4.917000e+01 0.000000e+00 0.000000e+00
4.918000e+01 0.000000e+00 0.000000e+00
4.919000e+01 0.000000e+00 0.000000e+00
4.920000e+01 0.000000e+00 0.000000e+00
4.921000e+01 0.000000e+00 0.000000e+00
4.922000e+01 0.000000e+00 0.000000e+00
4.923000e+01 0.000000e+00 0.000000e+00
4.924000e+01 0.000000e+00 0.000000e+00
4.925000e+01 0.000000e+00 0.000000e+00
4.926000e+01 0.000000e+00 0.000000e+00
4.927000e+01 0.000000e+00 0.000000e+00
4.928000e+01 0.000000e+00 0.000000e+00
4.929000e+01 0.000000e+00 0.000000e+00
4.930000e+01 0.000000e+00 0.000000e+00
4.931000e+01 0.000000e+00 0.000000e+00
4.932000e+01 0.000000e+00 0.000000e+00
4.933000e+01 0.000000e+00 0.000000e+00
4.934000e+01 0.000000e+00 0.000000e+00
4.935000e+01 0.000000e+00 0.000000e+00
4.936000e+01 0.000000e+00 0.000000e+00
4.937000e+01 0.000000e+00 0.000000e+00
4.938000e+01 0.000000e+00 0.000000e+00
4.939000e+01 0.000000e+00 0.000000e+00
4.940000e+01 0.000000e+00 0.000000e+00
4.941000e+01 0.000000e+00 0.000000e+00
4.942000e+01 0.000000e+00 0.000000e+00
4.943000e+01 0.000000e+00 0.000000e+00
4.944000e+01 0.000000e+00 0.000000e+00
4.945000e+01 0.000000e+00 0.000000e+00
4.946000e+01 0.000000e+00 0.000000e+00
4.947000e+01 0.000000e+00 0.000000e+00
4.948000e+01 0.000000e+00 0.000000e+00
4.949000e+01 0.000000e+00 0.000000e+00
4.950000e+01 0.000000e+00 0.000000e+00
4.951000e+01 0.000000e+00 0.000000e+00
4.952000e+01 0.000000e+00 0.000000e+00
4.953000e+01 0.000000e+00 0.000000e+00
4.954000e+01 0.000000e+00 0.000000e+00
4.955000e+01 0.000000e+00 0.000000e+00
4.956000e+01 0.000000e+00 0.000000e+00
4.957000e+01 0.000000e+00 0.000000e+00
4.958000e+01 0.000000e+00 0.000000e+00
4.959000e+01 0.000000e+00 0.000000e+00
4.960000e+01 0.000000e+00 0.000000e+00
4.961000e+01 0.000000e+00 0.000000e+00
4.962000e+01 0.000000e+00 0.000000e+00
4.963000e+01 0.000000e+00 0.000000e+00
4.964000e+01 0.000000e+00 0.000000e+00
4.965000e+01 0.000000e+00 0.000000e+00
4.966000e+01 0.000000e+00 0.000000e+00
4.967000e+01 0.000000e+00 0.000000e+00
4.968000e+01 0.000000e+00 0.000000e+00
4.969000e+01 0.000000e+00 0.000000e+00
4.970000e+01 0.000000e+00 0.000000e+00
4.971000e+01 0.000000e+00 0.000000e+00
4.972000e+01 0.000000e+00 0.000000e+00
4.973000e+01 0.000000e+00 0.000000e+00
4.974000e+01 0.000000e+00 0.000000e+00
4.975000e+01 0.000000e+00 0.000000e+00
4.976000e+01 0.000000e+00 0.000000e+00
4.977000e+01 0.000000e+00 0.000000e+00
4.978000e+01 0.000000e+00 0.000000e+00
4.979000e+01 0.000000e+00 0.000000e+00
4.980000e+01 0.000000e+00 0.000000e+00
4.981000e+01 0.000000e+00 0.000000e+00
4.982000e+01 0.000000e+00 0.000000e+00
4.983000e+01 0.000000e+00 0.000000e+00
4.984000e+01 0.000000e+00 0.000000e+00
4.985000e+01 0.000000e+00 0.000000e+00
4.986000e+01 0.000000e+00 0.000000e+00
4.987000e+01 0.000000e+00 0.000000e+00
4.988000e+01 0.000000e+00 0.000000e+00
4.989000e+01 0.000000e+00 0.000000e+00
4.990000e+01 0.000000e+00 0.000000e+00
4.991000e+01 0.000000e+00 0.000000e+00
4.992000e+01 0.000000e+00 0.000000e+00
4.993000e+01 0.000000e+00 0.000000e+00
4.994000e+01 0.000000e+00 0.000000e+00
4.995000e+01 0.000000e+00 0.000000e+00
4.996000e+01 0.000000e+00 0.000000e+00
4.997000e+01 0.000000e+00 0.000000e+00
4.998000e+01 0.000000e+00 0.000000e+00
4.999000e+01 0.000000e+00 0.000000e+00
5.000000e+01 0.000000e+00 0.000000e+00
